canonical_record,match_key,source,source_record_id,source_url,source_document,publication_date,effective_date,first_seen,last_seen,current,source_hash,evidence
Al Qa'ida/Islamic Army,alqa'ida/islamicarmy,経済産業省 外国ユーザーリスト,c632d657f9c13b1250d688394eb7c99956a994527cb56f4a77c86ed61ff1dbda:1,https://www.meti.go.jp/policy/anpo/20250929_3.pdf,data/raw/meti_manual/20260905T201914Z__c632d657f9c1__20250929_3.pdf,2025-09-29,2025-10-09,2026-09-05T20:19:14Z,2026-09-05T20:19:14Z,1,c632d657f9c13b1250d688394eb7c99956a994527cb56f4a77c86ed61ff1dbda,"{""record_no"":1,""country"":""アフガニスタン Islamic Republic of Afghanistan"",""aliases"":[""Al Qaeda"",""Islamic Salvation Foundation"",""The Base"",""The Group for the Preservation of the Holy Sites"",""The Islamic Army for the Liberation of Holy Places"",""The World Islamic Front for Jihad against Jews and Crusaders"",""Usama Bin Laden Network"",""Usama Bin Laden Organisation""],""wmd"":""生物、化学、ミサイル、核 B,C,M,N"",""conventional_weapons"":""通常兵器 CW""}"
Ummah Tameer E-Nau (UTN),ummahtameere-nau(utn),経済産業省 外国ユーザーリスト,c632d657f9c13b1250d688394eb7c99956a994527cb56f4a77c86ed61ff1dbda:2,https://www.meti.go.jp/policy/anpo/20250929_3.pdf,data/raw/meti_manual/20260905T201914Z__c632d657f9c1__20250929_3.pdf,2025-09-29,2025-10-09,2026-09-05T20:19:14Z,2026-09-05T20:19:14Z,1,c632d657f9c13b1250d688394eb7c99956a994527cb56f4a77c86ed61ff1dbda,"{""record_no"":2,""country"":""アフガニスタン Islamic Republic of Afghanistan"",""aliases"":[""FOUNDATION FOR CONSTRUCTION"",""NATION BUILDING"",""RECONSTRUCTION FOUNDATION"",""RECONSTRUCTION OF THE ISLAMIC COMMUNITY"",""RECONSTRUCTION OF THE MUSLIM UMMAH"",""UMMAH TAMEER I-NAU"",""UMMAH TAMIR E-NAU"",""UMMAH TAMIR I-NAU"",""UMMAT TAMIR E-NAU"",""UMMAT TAMIR-I-PAU""],""wmd"":""生物、化学、核 B,C,N"",""conventional_weapons"":""""}"
Al-Bairaq for international land transport,al-bairaqforinternationallandtransport,経済産業省 外国ユーザーリスト,c632d657f9c13b1250d688394eb7c99956a994527cb56f4a77c86ed61ff1dbda:3,https://www.meti.go.jp/policy/anpo/20250929_3.pdf,data/raw/meti_manual/20260905T201914Z__c632d657f9c1__20250929_3.pdf,2025-09-29,2025-10-09,2026-09-05T20:19:14Z,2026-09-05T20:19:14Z,1,c632d657f9c13b1250d688394eb7c99956a994527cb56f4a77c86ed61ff1dbda,"{""record_no"":3,""country"":""アラブ首長国連邦 United Arab Emirates"",""aliases"":[],""wmd"":""ミサイル M"",""conventional_weapons"":""""}"
Candid General Trading LLC,candidgeneraltradingllc,経済産業省 外国ユーザーリスト,c632d657f9c13b1250d688394eb7c99956a994527cb56f4a77c86ed61ff1dbda:4,https://www.meti.go.jp/policy/anpo/20250929_3.pdf,data/raw/meti_manual/20260905T201914Z__c632d657f9c1__20250929_3.pdf,2025-09-29,2025-10-09,2026-09-05T20:19:14Z,2026-09-05T20:19:14Z,1,c632d657f9c13b1250d688394eb7c99956a994527cb56f4a77c86ed61ff1dbda,"{""record_no"":4,""country"":""アラブ首長国連邦 United Arab Emirates"",""aliases"":[""Candid Trading LLC""],""wmd"":""ミサイル M"",""conventional_weapons"":""""}"
Delta Engineering Concern FZE （DEC）,deltaengineeringconcernfze(dec),経済産業省 外国ユーザーリスト,c632d657f9c13b1250d688394eb7c99956a994527cb56f4a77c86ed61ff1dbda:5,https://www.meti.go.jp/policy/anpo/20250929_3.pdf,data/raw/meti_manual/20260905T201914Z__c632d657f9c1__20250929_3.pdf,2025-09-29,2025-10-09,2026-09-05T20:19:14Z,2026-09-05T20:19:14Z,1,c632d657f9c13b1250d688394eb7c99956a994527cb56f4a77c86ed61ff1dbda,"{""record_no"":5,""country"":""アラブ首長国連邦 United Arab Emirates"",""aliases"":[],""wmd"":""核 N"",""conventional_weapons"":""""}"
"DES INTERNATIONAL CO., LTD.","desinternationalco.,ltd.",経済産業省 外国ユーザーリスト,c632d657f9c13b1250d688394eb7c99956a994527cb56f4a77c86ed61ff1dbda:6,https://www.meti.go.jp/policy/anpo/20250929_3.pdf,data/raw/meti_manual/20260905T201914Z__c632d657f9c1__20250929_3.pdf,2025-09-29,2025-10-09,2026-09-05T20:19:14Z,2026-09-05T20:19:14Z,1,c632d657f9c13b1250d688394eb7c99956a994527cb56f4a77c86ed61ff1dbda,"{""record_no"":6,""country"":""アラブ首長国連邦 United Arab Emirates"",""aliases"":[""D.E.S. INTERNATIONAL"",""D.E.S. INTERNATIONAL CO. LTD"",""DES INTERNATIONAL"",""DES INTERNATIONAL CO."",""DES INTERNATIONAL COMPANY"",""DES INTERNATIONAL COMPANY LIMITED""],""wmd"":""ミサイル M"",""conventional_weapons"":""""}"
DIAMOND CASTLE ELECTRONICS TRADING LLC,diamondcastleelectronicstradingllc,経済産業省 外国ユーザーリスト,c632d657f9c13b1250d688394eb7c99956a994527cb56f4a77c86ed61ff1dbda:7,https://www.meti.go.jp/policy/anpo/20250929_3.pdf,data/raw/meti_manual/20260905T201914Z__c632d657f9c1__20250929_3.pdf,2025-09-29,2025-10-09,2026-09-05T20:19:14Z,2026-09-05T20:19:14Z,1,c632d657f9c13b1250d688394eb7c99956a994527cb56f4a77c86ed61ff1dbda,"{""record_no"":7,""country"":""アラブ首長国連邦 United Arab Emirates"",""aliases"":[],""wmd"":""ミサイル M"",""conventional_weapons"":""""}"
E and I Systems FZE,eandisystemsfze,経済産業省 外国ユーザーリスト,c632d657f9c13b1250d688394eb7c99956a994527cb56f4a77c86ed61ff1dbda:8,https://www.meti.go.jp/policy/anpo/20250929_3.pdf,data/raw/meti_manual/20260905T201914Z__c632d657f9c1__20250929_3.pdf,2025-09-29,2025-10-09,2026-09-05T20:19:14Z,2026-09-05T20:19:14Z,1,c632d657f9c13b1250d688394eb7c99956a994527cb56f4a77c86ed61ff1dbda,"{""record_no"":8,""country"":""アラブ首長国連邦 United Arab Emirates"",""aliases"":[],""wmd"":""核 N"",""conventional_weapons"":""""}"
Energy Global International FZE,energyglobalinternationalfze,経済産業省 外国ユーザーリスト,c632d657f9c13b1250d688394eb7c99956a994527cb56f4a77c86ed61ff1dbda:9,https://www.meti.go.jp/policy/anpo/20250929_3.pdf,data/raw/meti_manual/20260905T201914Z__c632d657f9c1__20250929_3.pdf,2025-09-29,2025-10-09,2026-09-05T20:19:14Z,2026-09-05T20:19:14Z,1,c632d657f9c13b1250d688394eb7c99956a994527cb56f4a77c86ed61ff1dbda,"{""record_no"":9,""country"":""アラブ首長国連邦 United Arab Emirates"",""aliases"":[],""wmd"":""生物、化学、ミサイル、核 B,C,M,N"",""conventional_weapons"":""""}"
Emirates Alloys LLC,emiratesalloysllc,経済産業省 外国ユーザーリスト,c632d657f9c13b1250d688394eb7c99956a994527cb56f4a77c86ed61ff1dbda:10,https://www.meti.go.jp/policy/anpo/20250929_3.pdf,data/raw/meti_manual/20260905T201914Z__c632d657f9c1__20250929_3.pdf,2025-09-29,2025-10-09,2026-09-05T20:19:14Z,2026-09-05T20:19:14Z,1,c632d657f9c13b1250d688394eb7c99956a994527cb56f4a77c86ed61ff1dbda,"{""record_no"":10,""country"":""アラブ首長国連邦 United Arab Emirates"",""aliases"":[""Emirates Alloys"",""Emirates Alloys General Trading LLC"",""Emirates Aero""],""wmd"":""核 N"",""conventional_weapons"":""""}"
Euromoto Middle East FZE,euromotomiddleeastfze,経済産業省 外国ユーザーリスト,c632d657f9c13b1250d688394eb7c99956a994527cb56f4a77c86ed61ff1dbda:11,https://www.meti.go.jp/policy/anpo/20250929_3.pdf,data/raw/meti_manual/20260905T201914Z__c632d657f9c1__20250929_3.pdf,2025-09-29,2025-10-09,2026-09-05T20:19:14Z,2026-09-05T20:19:14Z,1,c632d657f9c13b1250d688394eb7c99956a994527cb56f4a77c86ed61ff1dbda,"{""record_no"":11,""country"":""アラブ首長国連邦 United Arab Emirates"",""aliases"":[],""wmd"":""ミサイル M"",""conventional_weapons"":""""}"
FARHAD GHAEDI WHOLESALERS LLC,farhadghaediwholesalersllc,経済産業省 外国ユーザーリスト,c632d657f9c13b1250d688394eb7c99956a994527cb56f4a77c86ed61ff1dbda:12,https://www.meti.go.jp/policy/anpo/20250929_3.pdf,data/raw/meti_manual/20260905T201914Z__c632d657f9c1__20250929_3.pdf,2025-09-29,2025-10-09,2026-09-05T20:19:14Z,2026-09-05T20:19:14Z,1,c632d657f9c13b1250d688394eb7c99956a994527cb56f4a77c86ed61ff1dbda,"{""record_no"":12,""country"":""アラブ首長国連邦 United Arab Emirates"",""aliases"":[],""wmd"":""ミサイル M"",""conventional_weapons"":""""}"
FUTURE TRENDS GOODS WHOLESALERS LLC,futuretrendsgoodswholesalersllc,経済産業省 外国ユーザーリスト,c632d657f9c13b1250d688394eb7c99956a994527cb56f4a77c86ed61ff1dbda:13,https://www.meti.go.jp/policy/anpo/20250929_3.pdf,data/raw/meti_manual/20260905T201914Z__c632d657f9c1__20250929_3.pdf,2025-09-29,2025-10-09,2026-09-05T20:19:14Z,2026-09-05T20:19:14Z,1,c632d657f9c13b1250d688394eb7c99956a994527cb56f4a77c86ed61ff1dbda,"{""record_no"":13,""country"":""アラブ首長国連邦 United Arab Emirates"",""aliases"":[],""wmd"":""ミサイル M"",""conventional_weapons"":""""}"
"Future Trends International, FZE LLC",fzellcfuturetrendsinternational,経済産業省 外国ユーザーリスト,c632d657f9c13b1250d688394eb7c99956a994527cb56f4a77c86ed61ff1dbda:14,https://www.meti.go.jp/policy/anpo/20250929_3.pdf,data/raw/meti_manual/20260905T201914Z__c632d657f9c1__20250929_3.pdf,2025-09-29,2025-10-09,2026-09-05T20:19:14Z,2026-09-05T20:19:14Z,1,c632d657f9c13b1250d688394eb7c99956a994527cb56f4a77c86ed61ff1dbda,"{""record_no"":14,""country"":""アラブ首長国連邦 United Arab Emirates"",""aliases"":[""Future Trends"",""Future Trends Intl FZE LLC""],""wmd"":""核 N"",""conventional_weapons"":""""}"
INFRACOM COMMUNICATION NETWORKS FZE,infracomcommunicationnetworksfze,経済産業省 外国ユーザーリスト,c632d657f9c13b1250d688394eb7c99956a994527cb56f4a77c86ed61ff1dbda:15,https://www.meti.go.jp/policy/anpo/20250929_3.pdf,data/raw/meti_manual/20260905T201914Z__c632d657f9c1__20250929_3.pdf,2025-09-29,2025-10-09,2026-09-05T20:19:14Z,2026-09-05T20:19:14Z,1,c632d657f9c13b1250d688394eb7c99956a994527cb56f4a77c86ed61ff1dbda,"{""record_no"":15,""country"":""アラブ首長国連邦 United Arab Emirates"",""aliases"":[],""wmd"":""ミサイル M"",""conventional_weapons"":""""}"
International General Resourcing FZE,internationalgeneralresourcingfze,経済産業省 外国ユーザーリスト,c632d657f9c13b1250d688394eb7c99956a994527cb56f4a77c86ed61ff1dbda:16,https://www.meti.go.jp/policy/anpo/20250929_3.pdf,data/raw/meti_manual/20260905T201914Z__c632d657f9c1__20250929_3.pdf,2025-09-29,2025-10-09,2026-09-05T20:19:14Z,2026-09-05T20:19:14Z,1,c632d657f9c13b1250d688394eb7c99956a994527cb56f4a77c86ed61ff1dbda,"{""record_no"":16,""country"":""アラブ首長国連邦 United Arab Emirates"",""aliases"":[],""wmd"":""ミサイル M"",""conventional_weapons"":""""}"
Mabrooka Trading Co L.L.C.,mabrookatradingcol.l.c.,経済産業省 外国ユーザーリスト,c632d657f9c13b1250d688394eb7c99956a994527cb56f4a77c86ed61ff1dbda:17,https://www.meti.go.jp/policy/anpo/20250929_3.pdf,data/raw/meti_manual/20260905T201914Z__c632d657f9c1__20250929_3.pdf,2025-09-29,2025-10-09,2026-09-05T20:19:14Z,2026-09-05T20:19:14Z,1,c632d657f9c13b1250d688394eb7c99956a994527cb56f4a77c86ed61ff1dbda,"{""record_no"":17,""country"":""アラブ首長国連邦 United Arab Emirates"",""aliases"":[""Mabrooka Trading Company""],""wmd"":""ミサイル M"",""conventional_weapons"":""""}"
Mahrous Trading FZE,mahroustradingfze,経済産業省 外国ユーザーリスト,c632d657f9c13b1250d688394eb7c99956a994527cb56f4a77c86ed61ff1dbda:18,https://www.meti.go.jp/policy/anpo/20250929_3.pdf,data/raw/meti_manual/20260905T201914Z__c632d657f9c1__20250929_3.pdf,2025-09-29,2025-10-09,2026-09-05T20:19:14Z,2026-09-05T20:19:14Z,1,c632d657f9c13b1250d688394eb7c99956a994527cb56f4a77c86ed61ff1dbda,"{""record_no"":18,""country"":""アラブ首長国連邦 United Arab Emirates"",""aliases"":[""Mahrus Trading FZE""],""wmd"":""生物、化学、ミサイル B,C,M"",""conventional_weapons"":""""}"
Modern Technologies FZC (MTFZC),moderntechnologiesfzc(mtfzc),経済産業省 外国ユーザーリスト,c632d657f9c13b1250d688394eb7c99956a994527cb56f4a77c86ed61ff1dbda:19,https://www.meti.go.jp/policy/anpo/20250929_3.pdf,data/raw/meti_manual/20260905T201914Z__c632d657f9c1__20250929_3.pdf,2025-09-29,2025-10-09,2026-09-05T20:19:14Z,2026-09-05T20:19:14Z,1,c632d657f9c13b1250d688394eb7c99956a994527cb56f4a77c86ed61ff1dbda,"{""record_no"":19,""country"":""アラブ首長国連邦 United Arab Emirates"",""aliases"":[],""wmd"":""核 N"",""conventional_weapons"":""""}"
Odyssey General Trading FZC,odysseygeneraltradingfzc,経済産業省 外国ユーザーリスト,c632d657f9c13b1250d688394eb7c99956a994527cb56f4a77c86ed61ff1dbda:20,https://www.meti.go.jp/policy/anpo/20250929_3.pdf,data/raw/meti_manual/20260905T201914Z__c632d657f9c1__20250929_3.pdf,2025-09-29,2025-10-09,2026-09-05T20:19:14Z,2026-09-05T20:19:14Z,1,c632d657f9c13b1250d688394eb7c99956a994527cb56f4a77c86ed61ff1dbda,"{""record_no"":20,""country"":""アラブ首長国連邦 United Arab Emirates"",""aliases"":[],""wmd"":""核 N"",""conventional_weapons"":""""}"
Parts Deep Trading,partsdeeptrading,経済産業省 外国ユーザーリスト,c632d657f9c13b1250d688394eb7c99956a994527cb56f4a77c86ed61ff1dbda:21,https://www.meti.go.jp/policy/anpo/20250929_3.pdf,data/raw/meti_manual/20260905T201914Z__c632d657f9c1__20250929_3.pdf,2025-09-29,2025-10-09,2026-09-05T20:19:14Z,2026-09-05T20:19:14Z,1,c632d657f9c13b1250d688394eb7c99956a994527cb56f4a77c86ed61ff1dbda,"{""record_no"":21,""country"":""アラブ首長国連邦 United Arab Emirates"",""aliases"":[],""wmd"":""ミサイル M"",""conventional_weapons"":""""}"
Pegasus General Trading FZE,pegasusgeneraltradingfze,経済産業省 外国ユーザーリスト,c632d657f9c13b1250d688394eb7c99956a994527cb56f4a77c86ed61ff1dbda:22,https://www.meti.go.jp/policy/anpo/20250929_3.pdf,data/raw/meti_manual/20260905T201914Z__c632d657f9c1__20250929_3.pdf,2025-09-29,2025-10-09,2026-09-05T20:19:14Z,2026-09-05T20:19:14Z,1,c632d657f9c13b1250d688394eb7c99956a994527cb56f4a77c86ed61ff1dbda,"{""record_no"":22,""country"":""アラブ首長国連邦 United Arab Emirates"",""aliases"":[""Pegasus General Trading FZE"",""Pegasus General Trading Company"",""Pegasus General Trading LLC"",""Pegasus General"",""Pegasus Trading"",""Pegasus""],""wmd"":""ミサイル、核 M,N"",""conventional_weapons"":""""}"
PHENOMENA INTERNATIONAL GENERAL TRADING LLC,phenomenainternationalgeneraltradingllc,経済産業省 外国ユーザーリスト,c632d657f9c13b1250d688394eb7c99956a994527cb56f4a77c86ed61ff1dbda:23,https://www.meti.go.jp/policy/anpo/20250929_3.pdf,data/raw/meti_manual/20260905T201914Z__c632d657f9c1__20250929_3.pdf,2025-09-29,2025-10-09,2026-09-05T20:19:14Z,2026-09-05T20:19:14Z,1,c632d657f9c13b1250d688394eb7c99956a994527cb56f4a77c86ed61ff1dbda,"{""record_no"":23,""country"":""アラブ首長国連邦 United Arab Emirates"",""aliases"":[],""wmd"":""ミサイル M"",""conventional_weapons"":""""}"
Royal Pearl General T.R.D.,royalpearlgeneralt.r.d.,経済産業省 外国ユーザーリスト,c632d657f9c13b1250d688394eb7c99956a994527cb56f4a77c86ed61ff1dbda:24,https://www.meti.go.jp/policy/anpo/20250929_3.pdf,data/raw/meti_manual/20260905T201914Z__c632d657f9c1__20250929_3.pdf,2025-09-29,2025-10-09,2026-09-05T20:19:14Z,2026-09-05T20:19:14Z,1,c632d657f9c13b1250d688394eb7c99956a994527cb56f4a77c86ed61ff1dbda,"{""record_no"":24,""country"":""アラブ首長国連邦 United Arab Emirates"",""aliases"":[""Royal Pearl Chemical"",""Royal Pearls"",""Royal Pearls General Trading""],""wmd"":""ミサイル M"",""conventional_weapons"":""""}"
Rigsol Well Drilling Equipment Trading,rigsolwelldrillingequipmenttrading,経済産業省 外国ユーザーリスト,c632d657f9c13b1250d688394eb7c99956a994527cb56f4a77c86ed61ff1dbda:25,https://www.meti.go.jp/policy/anpo/20250929_3.pdf,data/raw/meti_manual/20260905T201914Z__c632d657f9c1__20250929_3.pdf,2025-09-29,2025-10-09,2026-09-05T20:19:14Z,2026-09-05T20:19:14Z,1,c632d657f9c13b1250d688394eb7c99956a994527cb56f4a77c86ed61ff1dbda,"{""record_no"":25,""country"":""アラブ首長国連邦 United Arab Emirates"",""aliases"":[],""wmd"":""核 N"",""conventional_weapons"":""""}"
S&D INDUSTRY LTD,s&dindustryltd,経済産業省 外国ユーザーリスト,c632d657f9c13b1250d688394eb7c99956a994527cb56f4a77c86ed61ff1dbda:26,https://www.meti.go.jp/policy/anpo/20250929_3.pdf,data/raw/meti_manual/20260905T201914Z__c632d657f9c1__20250929_3.pdf,2025-09-29,2025-10-09,2026-09-05T20:19:14Z,2026-09-05T20:19:14Z,1,c632d657f9c13b1250d688394eb7c99956a994527cb56f4a77c86ed61ff1dbda,"{""record_no"":26,""country"":""アラブ首長国連邦 United Arab Emirates"",""aliases"":[],""wmd"":""核 N"",""conventional_weapons"":""""}"
Safe Technical Supply,safetechnicalsupply,経済産業省 外国ユーザーリスト,c632d657f9c13b1250d688394eb7c99956a994527cb56f4a77c86ed61ff1dbda:27,https://www.meti.go.jp/policy/anpo/20250929_3.pdf,data/raw/meti_manual/20260905T201914Z__c632d657f9c1__20250929_3.pdf,2025-09-29,2025-10-09,2026-09-05T20:19:14Z,2026-09-05T20:19:14Z,1,c632d657f9c13b1250d688394eb7c99956a994527cb56f4a77c86ed61ff1dbda,"{""record_no"":27,""country"":""アラブ首長国連邦 United Arab Emirates"",""aliases"":[""Safe Technical Supply Co., LLC"",""Safe Technical Equipment Services LLC"",""Safe Technical"",""SafeTech""],""wmd"":""核 N"",""conventional_weapons"":""""}"
SANCO MIDDLE EAST FZC,sancomiddleeastfzc,経済産業省 外国ユーザーリスト,c632d657f9c13b1250d688394eb7c99956a994527cb56f4a77c86ed61ff1dbda:28,https://www.meti.go.jp/policy/anpo/20250929_3.pdf,data/raw/meti_manual/20260905T201914Z__c632d657f9c1__20250929_3.pdf,2025-09-29,2025-10-09,2026-09-05T20:19:14Z,2026-09-05T20:19:14Z,1,c632d657f9c13b1250d688394eb7c99956a994527cb56f4a77c86ed61ff1dbda,"{""record_no"":28,""country"":""アラブ首長国連邦 United Arab Emirates"",""aliases"":[""SANCO ME FZC""],""wmd"":""核 N"",""conventional_weapons"":""""}"
"Sci Box Scientific and Laboratory Equipment Trading, LLC","sciboxscientificandlaboratoryequipmenttrading,llc",経済産業省 外国ユーザーリスト,c632d657f9c13b1250d688394eb7c99956a994527cb56f4a77c86ed61ff1dbda:29,https://www.meti.go.jp/policy/anpo/20250929_3.pdf,data/raw/meti_manual/20260905T201914Z__c632d657f9c1__20250929_3.pdf,2025-09-29,2025-10-09,2026-09-05T20:19:14Z,2026-09-05T20:19:14Z,1,c632d657f9c13b1250d688394eb7c99956a994527cb56f4a77c86ed61ff1dbda,"{""record_no"":29,""country"":""アラブ首長国連邦 United Arab Emirates"",""aliases"":[],""wmd"":""核 N"",""conventional_weapons"":""""}"
Techcare Services FZ LLC,techcareservicesfzllc,経済産業省 外国ユーザーリスト,c632d657f9c13b1250d688394eb7c99956a994527cb56f4a77c86ed61ff1dbda:30,https://www.meti.go.jp/policy/anpo/20250929_3.pdf,data/raw/meti_manual/20260905T201914Z__c632d657f9c1__20250929_3.pdf,2025-09-29,2025-10-09,2026-09-05T20:19:14Z,2026-09-05T20:19:14Z,1,c632d657f9c13b1250d688394eb7c99956a994527cb56f4a77c86ed61ff1dbda,"{""record_no"":30,""country"":""アラブ首長国連邦 United Arab Emirates"",""aliases"":[],""wmd"":""核 N"",""conventional_weapons"":""""}"
TEM International FZC（TEM）,teminternationalfzc(tem),経済産業省 外国ユーザーリスト,c632d657f9c13b1250d688394eb7c99956a994527cb56f4a77c86ed61ff1dbda:31,https://www.meti.go.jp/policy/anpo/20250929_3.pdf,data/raw/meti_manual/20260905T201914Z__c632d657f9c1__20250929_3.pdf,2025-09-29,2025-10-09,2026-09-05T20:19:14Z,2026-09-05T20:19:14Z,1,c632d657f9c13b1250d688394eb7c99956a994527cb56f4a77c86ed61ff1dbda,"{""record_no"":31,""country"":""アラブ首長国連邦 United Arab Emirates"",""aliases"":[],""wmd"":""核 N"",""conventional_weapons"":""""}"
Al-Swari Trading and Import Co,al-swaritradingandimportco,経済産業省 外国ユーザーリスト,c632d657f9c13b1250d688394eb7c99956a994527cb56f4a77c86ed61ff1dbda:32,https://www.meti.go.jp/policy/anpo/20250929_3.pdf,data/raw/meti_manual/20260905T201914Z__c632d657f9c1__20250929_3.pdf,2025-09-29,2025-10-09,2026-09-05T20:19:14Z,2026-09-05T20:19:14Z,1,c632d657f9c13b1250d688394eb7c99956a994527cb56f4a77c86ed61ff1dbda,"{""record_no"":32,""country"":""イエメン Republic of Yemen"",""aliases"":[""Alswari Trading & Import Co"",""Al-Swari Group for Rubber Manufacturing"",""Hashem Brothers for International Trading""],""wmd"":""ミサイル M"",""conventional_weapons"":""""}"
Houthi,houthi,経済産業省 外国ユーザーリスト,c632d657f9c13b1250d688394eb7c99956a994527cb56f4a77c86ed61ff1dbda:33,https://www.meti.go.jp/policy/anpo/20250929_3.pdf,data/raw/meti_manual/20260905T201914Z__c632d657f9c1__20250929_3.pdf,2025-09-29,2025-10-09,2026-09-05T20:19:14Z,2026-09-05T20:19:14Z,1,c632d657f9c13b1250d688394eb7c99956a994527cb56f4a77c86ed61ff1dbda,"{""record_no"":33,""country"":""イエメン Republic of Yemen"",""aliases"":[],""wmd"":""ミサイル M"",""conventional_weapons"":""""}"
Nuclear Research Center Negev (NRCN),nuclearresearchcenternegev(nrcn),経済産業省 外国ユーザーリスト,c632d657f9c13b1250d688394eb7c99956a994527cb56f4a77c86ed61ff1dbda:34,https://www.meti.go.jp/policy/anpo/20250929_3.pdf,data/raw/meti_manual/20260905T201914Z__c632d657f9c1__20250929_3.pdf,2025-09-29,2025-10-09,2026-09-05T20:19:14Z,2026-09-05T20:19:14Z,1,c632d657f9c13b1250d688394eb7c99956a994527cb56f4a77c86ed61ff1dbda,"{""record_no"":34,""country"":""イスラエル State of Israel"",""aliases"":[],""wmd"":""核 N"",""conventional_weapons"":""""}"
7th of Tir,7thoftir,経済産業省 外国ユーザーリスト,c632d657f9c13b1250d688394eb7c99956a994527cb56f4a77c86ed61ff1dbda:35,https://www.meti.go.jp/policy/anpo/20250929_3.pdf,data/raw/meti_manual/20260905T201914Z__c632d657f9c1__20250929_3.pdf,2025-09-29,2025-10-09,2026-09-05T20:19:14Z,2026-09-05T20:19:14Z,1,c632d657f9c13b1250d688394eb7c99956a994527cb56f4a77c86ed61ff1dbda,"{""record_no"":35,""country"":""イラン Islamic Republic of Iran"",""aliases"":[""7th of Tir Complex"",""7th of Tir Industrial Complex"",""7th of Tir Industries"",""7th of Tir Industries of Isfahan/Esfahan"",""Mojtamae Sanate Haftome Tir"",""Sanaye Haftome Tir"",""Seventh of Tir""],""wmd"":""核 N"",""conventional_weapons"":""""}"
ABU REIHAN GROUP,abureihangroup,経済産業省 外国ユーザーリスト,c632d657f9c13b1250d688394eb7c99956a994527cb56f4a77c86ed61ff1dbda:36,https://www.meti.go.jp/policy/anpo/20250929_3.pdf,data/raw/meti_manual/20260905T201914Z__c632d657f9c1__20250929_3.pdf,2025-09-29,2025-10-09,2026-09-05T20:19:14Z,2026-09-05T20:19:14Z,1,c632d657f9c13b1250d688394eb7c99956a994527cb56f4a77c86ed61ff1dbda,"{""record_no"":36,""country"":""イラン Islamic Republic of Iran"",""aliases"":[],""wmd"":""ミサイル M"",""conventional_weapons"":""""}"
Abzar Boresh Kaveh Co.,abzarboreshkavehco.,経済産業省 外国ユーザーリスト,c632d657f9c13b1250d688394eb7c99956a994527cb56f4a77c86ed61ff1dbda:37,https://www.meti.go.jp/policy/anpo/20250929_3.pdf,data/raw/meti_manual/20260905T201914Z__c632d657f9c1__20250929_3.pdf,2025-09-29,2025-10-09,2026-09-05T20:19:14Z,2026-09-05T20:19:14Z,1,c632d657f9c13b1250d688394eb7c99956a994527cb56f4a77c86ed61ff1dbda,"{""record_no"":37,""country"":""イラン Islamic Republic of Iran"",""aliases"":[""BK Co.""],""wmd"":""核 N"",""conventional_weapons"":""""}"
Advanced Information and Communication Technology Center (AICTC),advancedinformationandcommunicationtechnologycenter(aictc),経済産業省 外国ユーザーリスト,c632d657f9c13b1250d688394eb7c99956a994527cb56f4a77c86ed61ff1dbda:38,https://www.meti.go.jp/policy/anpo/20250929_3.pdf,data/raw/meti_manual/20260905T201914Z__c632d657f9c1__20250929_3.pdf,2025-09-29,2025-10-09,2026-09-05T20:19:14Z,2026-09-05T20:19:14Z,1,c632d657f9c13b1250d688394eb7c99956a994527cb56f4a77c86ed61ff1dbda,"{""record_no"":38,""country"":""イラン Islamic Republic of Iran"",""aliases"":[],""wmd"":""ミサイル、核 M,N"",""conventional_weapons"":""""}"
ADVANCED TECHNOLOGIES COMPANY OF IRAN,advancedtechnologiescompanyofiran,経済産業省 外国ユーザーリスト,c632d657f9c13b1250d688394eb7c99956a994527cb56f4a77c86ed61ff1dbda:39,https://www.meti.go.jp/policy/anpo/20250929_3.pdf,data/raw/meti_manual/20260905T201914Z__c632d657f9c1__20250929_3.pdf,2025-09-29,2025-10-09,2026-09-05T20:19:14Z,2026-09-05T20:19:14Z,1,c632d657f9c13b1250d688394eb7c99956a994527cb56f4a77c86ed61ff1dbda,"{""record_no"":39,""country"":""イラン Islamic Republic of Iran"",""aliases"":[""ADVANCED TECHNOLOGIES"",""ADVANCED TECHNOLOGIES COMPANY"",""ADVANCED TECHNOLOGIES HOLDING COMPANY"",""GHANI SAZI ENRICHMENT"",""GHANI SAZI URANIUM COMPANY"",""IATC"",""IRANIAN ENRICHMENT COMPANY"",""IRAN ADVANCED TECHNOLOGIES COMPANY"",""IRAN URANIUM ENRICHMENT COMPANY""],""wmd"":""核 N"",""conventional_weapons"":""""}"
Aerospace Industries Organization（AIO）,aerospaceindustriesorganization(aio),経済産業省 外国ユーザーリスト,c632d657f9c13b1250d688394eb7c99956a994527cb56f4a77c86ed61ff1dbda:40,https://www.meti.go.jp/policy/anpo/20250929_3.pdf,data/raw/meti_manual/20260905T201914Z__c632d657f9c1__20250929_3.pdf,2025-09-29,2025-10-09,2026-09-05T20:19:14Z,2026-09-05T20:19:14Z,1,c632d657f9c13b1250d688394eb7c99956a994527cb56f4a77c86ed61ff1dbda,"{""record_no"":40,""country"":""イラン Islamic Republic of Iran"",""aliases"":[""Sazemane Sanaye Hava Faza""],""wmd"":""ミサイル M"",""conventional_weapons"":""通常兵器 CW""}"
ALBORZ ORGANIC MATERIAL ENGINEERING COMPANY,alborzorganicmaterialengineeringcompany,経済産業省 外国ユーザーリスト,c632d657f9c13b1250d688394eb7c99956a994527cb56f4a77c86ed61ff1dbda:41,https://www.meti.go.jp/policy/anpo/20250929_3.pdf,data/raw/meti_manual/20260905T201914Z__c632d657f9c1__20250929_3.pdf,2025-09-29,2025-10-09,2026-09-05T20:19:14Z,2026-09-05T20:19:14Z,1,c632d657f9c13b1250d688394eb7c99956a994527cb56f4a77c86ed61ff1dbda,"{""record_no"":41,""country"":""イラン Islamic Republic of Iran"",""aliases"":[],""wmd"":""核 N"",""conventional_weapons"":""""}"
Aluminat,aluminat,経済産業省 外国ユーザーリスト,c632d657f9c13b1250d688394eb7c99956a994527cb56f4a77c86ed61ff1dbda:42,https://www.meti.go.jp/policy/anpo/20250929_3.pdf,data/raw/meti_manual/20260905T201914Z__c632d657f9c1__20250929_3.pdf,2025-09-29,2025-10-09,2026-09-05T20:19:14Z,2026-09-05T20:19:14Z,1,c632d657f9c13b1250d688394eb7c99956a994527cb56f4a77c86ed61ff1dbda,"{""record_no"":42,""country"":""イラン Islamic Republic of Iran"",""aliases"":[""Aluminat Production and Industrial Company""],""wmd"":""核 N"",""conventional_weapons"":""""}"
Amin Industrial Complex,aminindustrialcomplex,経済産業省 外国ユーザーリスト,c632d657f9c13b1250d688394eb7c99956a994527cb56f4a77c86ed61ff1dbda:43,https://www.meti.go.jp/policy/anpo/20250929_3.pdf,data/raw/meti_manual/20260905T201914Z__c632d657f9c1__20250929_3.pdf,2025-09-29,2025-10-09,2026-09-05T20:19:14Z,2026-09-05T20:19:14Z,1,c632d657f9c13b1250d688394eb7c99956a994527cb56f4a77c86ed61ff1dbda,"{""record_no"":43,""country"":""イラン Islamic Republic of Iran"",""aliases"":[""Amin Industrial Company"",""Amin Industrial Compound""],""wmd"":""生物、化学、ミサイル、核 B,C,M,N"",""conventional_weapons"":""""}"
Amir Al Mo'menin Industries,amiralmo'meninindustries,経済産業省 外国ユーザーリスト,c632d657f9c13b1250d688394eb7c99956a994527cb56f4a77c86ed61ff1dbda:44,https://www.meti.go.jp/policy/anpo/20250929_3.pdf,data/raw/meti_manual/20260905T201914Z__c632d657f9c1__20250929_3.pdf,2025-09-29,2025-10-09,2026-09-05T20:19:14Z,2026-09-05T20:19:14Z,1,c632d657f9c13b1250d688394eb7c99956a994527cb56f4a77c86ed61ff1dbda,"{""record_no"":44,""country"":""イラン Islamic Republic of Iran"",""aliases"":[""Amirolmomenin Factories"",""Amirolmomenin Industries"",""Amir-Al-Mo'menin Complex""],""wmd"":""ミサイル M"",""conventional_weapons"":""""}"
Amir Kabir University of Technology,amirkabiruniversityoftechnology,経済産業省 外国ユーザーリスト,c632d657f9c13b1250d688394eb7c99956a994527cb56f4a77c86ed61ff1dbda:45,https://www.meti.go.jp/policy/anpo/20250929_3.pdf,data/raw/meti_manual/20260905T201914Z__c632d657f9c1__20250929_3.pdf,2025-09-29,2025-10-09,2026-09-05T20:19:14Z,2026-09-05T20:19:14Z,1,c632d657f9c13b1250d688394eb7c99956a994527cb56f4a77c86ed61ff1dbda,"{""record_no"":45,""country"":""イラン Islamic Republic of Iran"",""aliases"":[""Amirkabir University of Technology""],""wmd"":""生物、化学、ミサイル、核 B,C,M,N"",""conventional_weapons"":""""}"
Ammunition and Metallurgy Industries Group (AMIG),ammunitionandmetallurgyindustriesgroup(amig),経済産業省 外国ユーザーリスト,c632d657f9c13b1250d688394eb7c99956a994527cb56f4a77c86ed61ff1dbda:46,https://www.meti.go.jp/policy/anpo/20250929_3.pdf,data/raw/meti_manual/20260905T201914Z__c632d657f9c1__20250929_3.pdf,2025-09-29,2025-10-09,2026-09-05T20:19:14Z,2026-09-05T20:19:14Z,1,c632d657f9c13b1250d688394eb7c99956a994527cb56f4a77c86ed61ff1dbda,"{""record_no"":46,""country"":""イラン Islamic Republic of Iran"",""aliases"":[""Ammunition and Metallurgy Industry Group"",""Ammunition Industries Group"",""Sanaye Mohematsazi""],""wmd"":""核 N"",""conventional_weapons"":""""}"
AMVAJ NILGOUN BUSHEHR CO.,amvajnilgounbushehrco.,経済産業省 外国ユーザーリスト,c632d657f9c13b1250d688394eb7c99956a994527cb56f4a77c86ed61ff1dbda:47,https://www.meti.go.jp/policy/anpo/20250929_3.pdf,data/raw/meti_manual/20260905T201914Z__c632d657f9c1__20250929_3.pdf,2025-09-29,2025-10-09,2026-09-05T20:19:14Z,2026-09-05T20:19:14Z,1,c632d657f9c13b1250d688394eb7c99956a994527cb56f4a77c86ed61ff1dbda,"{""record_no"":47,""country"":""イラン Islamic Republic of Iran"",""aliases"":[],""wmd"":""ミサイル M"",""conventional_weapons"":""通常兵器 CW""}"
Andisheh Zolal Co.,andishehzolalco.,経済産業省 外国ユーザーリスト,c632d657f9c13b1250d688394eb7c99956a994527cb56f4a77c86ed61ff1dbda:48,https://www.meti.go.jp/policy/anpo/20250929_3.pdf,data/raw/meti_manual/20260905T201914Z__c632d657f9c1__20250929_3.pdf,2025-09-29,2025-10-09,2026-09-05T20:19:14Z,2026-09-05T20:19:14Z,1,c632d657f9c13b1250d688394eb7c99956a994527cb56f4a77c86ed61ff1dbda,"{""record_no"":48,""country"":""イラン Islamic Republic of Iran"",""aliases"":[],""wmd"":""生物、化学、核 B,C,N"",""conventional_weapons"":""""}"
Aras Farayande,arasfarayande,経済産業省 外国ユーザーリスト,c632d657f9c13b1250d688394eb7c99956a994527cb56f4a77c86ed61ff1dbda:49,https://www.meti.go.jp/policy/anpo/20250929_3.pdf,data/raw/meti_manual/20260905T201914Z__c632d657f9c1__20250929_3.pdf,2025-09-29,2025-10-09,2026-09-05T20:19:14Z,2026-09-05T20:19:14Z,1,c632d657f9c13b1250d688394eb7c99956a994527cb56f4a77c86ed61ff1dbda,"{""record_no"":49,""country"":""イラン Islamic Republic of Iran"",""aliases"":[],""wmd"":""核 N"",""conventional_weapons"":""""}"
Arfa Paint Company,arfapaintcompany,経済産業省 外国ユーザーリスト,c632d657f9c13b1250d688394eb7c99956a994527cb56f4a77c86ed61ff1dbda:50,https://www.meti.go.jp/policy/anpo/20250929_3.pdf,data/raw/meti_manual/20260905T201914Z__c632d657f9c1__20250929_3.pdf,2025-09-29,2025-10-09,2026-09-05T20:19:14Z,2026-09-05T20:19:14Z,1,c632d657f9c13b1250d688394eb7c99956a994527cb56f4a77c86ed61ff1dbda,"{""record_no"":50,""country"":""イラン Islamic Republic of Iran"",""aliases"":[],""wmd"":""ミサイル、核 M,N"",""conventional_weapons"":""""}"
Arfeh Company,arfehcompany,経済産業省 外国ユーザーリスト,c632d657f9c13b1250d688394eb7c99956a994527cb56f4a77c86ed61ff1dbda:51,https://www.meti.go.jp/policy/anpo/20250929_3.pdf,data/raw/meti_manual/20260905T201914Z__c632d657f9c1__20250929_3.pdf,2025-09-29,2025-10-09,2026-09-05T20:19:14Z,2026-09-05T20:19:14Z,1,c632d657f9c13b1250d688394eb7c99956a994527cb56f4a77c86ed61ff1dbda,"{""record_no"":51,""country"":""イラン Islamic Republic of Iran"",""aliases"":[],""wmd"":""ミサイル、核 M,N"",""conventional_weapons"":""""}"
Aria Nikan,arianikan,経済産業省 外国ユーザーリスト,c632d657f9c13b1250d688394eb7c99956a994527cb56f4a77c86ed61ff1dbda:52,https://www.meti.go.jp/policy/anpo/20250929_3.pdf,data/raw/meti_manual/20260905T201914Z__c632d657f9c1__20250929_3.pdf,2025-09-29,2025-10-09,2026-09-05T20:19:14Z,2026-09-05T20:19:14Z,1,c632d657f9c13b1250d688394eb7c99956a994527cb56f4a77c86ed61ff1dbda,"{""record_no"":52,""country"":""イラン Islamic Republic of Iran"",""aliases"":[""Aria Nikan Tehran"",""Pergas Aria Movalled Ltd.""],""wmd"":""核 N"",""conventional_weapons"":""""}"
Armament Industries Group (AIG),armamentindustriesgroup(aig),経済産業省 外国ユーザーリスト,c632d657f9c13b1250d688394eb7c99956a994527cb56f4a77c86ed61ff1dbda:53,https://www.meti.go.jp/policy/anpo/20250929_3.pdf,data/raw/meti_manual/20260905T201914Z__c632d657f9c1__20250929_3.pdf,2025-09-29,2025-10-09,2026-09-05T20:19:14Z,2026-09-05T20:19:14Z,1,c632d657f9c13b1250d688394eb7c99956a994527cb56f4a77c86ed61ff1dbda,"{""record_no"":53,""country"":""イラン Islamic Republic of Iran"",""aliases"":[""AIG-Armament Industries Group"",""Armament Industries""],""wmd"":""ミサイル、核 M,N"",""conventional_weapons"":""通常兵器 CW""}"
Armed Forces Geographical Organisation,armedforcesgeographicalorganisation,経済産業省 外国ユーザーリスト,c632d657f9c13b1250d688394eb7c99956a994527cb56f4a77c86ed61ff1dbda:54,https://www.meti.go.jp/policy/anpo/20250929_3.pdf,data/raw/meti_manual/20260905T201914Z__c632d657f9c1__20250929_3.pdf,2025-09-29,2025-10-09,2026-09-05T20:19:14Z,2026-09-05T20:19:14Z,1,c632d657f9c13b1250d688394eb7c99956a994527cb56f4a77c86ed61ff1dbda,"{""record_no"":54,""country"":""イラン Islamic Republic of Iran"",""aliases"":[""Organizacija Armed Forces Geographical Organisation"",""National Geographic Organization"",""Asevoimien maantieteellinen organisaatio""],""wmd"":""ミサイル M"",""conventional_weapons"":""""}"
ARTIN SANA'AT TABAAN COMPANY,artinsana'attabaancompany,経済産業省 外国ユーザーリスト,c632d657f9c13b1250d688394eb7c99956a994527cb56f4a77c86ed61ff1dbda:55,https://www.meti.go.jp/policy/anpo/20250929_3.pdf,data/raw/meti_manual/20260905T201914Z__c632d657f9c1__20250929_3.pdf,2025-09-29,2025-10-09,2026-09-05T20:19:14Z,2026-09-05T20:19:14Z,1,c632d657f9c13b1250d688394eb7c99956a994527cb56f4a77c86ed61ff1dbda,"{""record_no"":55,""country"":""イラン Islamic Republic of Iran"",""aliases"":[""ARTIN SANAT TABAN"",""ARTIN SANAT TABAN CO"",""SOLMATE""],""wmd"":""ミサイル M"",""conventional_weapons"":""通常兵器 CW""}"
Arvin Fan Avar Vira Company,arvinfanavarviracompany,経済産業省 外国ユーザーリスト,c632d657f9c13b1250d688394eb7c99956a994527cb56f4a77c86ed61ff1dbda:56,https://www.meti.go.jp/policy/anpo/20250929_3.pdf,data/raw/meti_manual/20260905T201914Z__c632d657f9c1__20250929_3.pdf,2025-09-29,2025-10-09,2026-09-05T20:19:14Z,2026-09-05T20:19:14Z,1,c632d657f9c13b1250d688394eb7c99956a994527cb56f4a77c86ed61ff1dbda,"{""record_no"":56,""country"":""イラン Islamic Republic of Iran"",""aliases"":[""Arvin Fanavar Vira Company""],""wmd"":"""",""conventional_weapons"":""通常兵器 CW""}"
Arya Niroo Nik,aryaniroonik,経済産業省 外国ユーザーリスト,c632d657f9c13b1250d688394eb7c99956a994527cb56f4a77c86ed61ff1dbda:57,https://www.meti.go.jp/policy/anpo/20250929_3.pdf,data/raw/meti_manual/20260905T201914Z__c632d657f9c1__20250929_3.pdf,2025-09-29,2025-10-09,2026-09-05T20:19:14Z,2026-09-05T20:19:14Z,1,c632d657f9c13b1250d688394eb7c99956a994527cb56f4a77c86ed61ff1dbda,"{""record_no"":57,""country"":""イラン Islamic Republic of Iran"",""aliases"":[],""wmd"":""核 N"",""conventional_weapons"":""""}"
Ashtian Tablo,ashtiantablo,経済産業省 外国ユーザーリスト,c632d657f9c13b1250d688394eb7c99956a994527cb56f4a77c86ed61ff1dbda:58,https://www.meti.go.jp/policy/anpo/20250929_3.pdf,data/raw/meti_manual/20260905T201914Z__c632d657f9c1__20250929_3.pdf,2025-09-29,2025-10-09,2026-09-05T20:19:14Z,2026-09-05T20:19:14Z,1,c632d657f9c13b1250d688394eb7c99956a994527cb56f4a77c86ed61ff1dbda,"{""record_no"":58,""country"":""イラン Islamic Republic of Iran"",""aliases"":[],""wmd"":""核 N"",""conventional_weapons"":""""}"
ASRE SANAT ESHRAGH COMPANY,asresanateshraghcompany,経済産業省 外国ユーザーリスト,c632d657f9c13b1250d688394eb7c99956a994527cb56f4a77c86ed61ff1dbda:59,https://www.meti.go.jp/policy/anpo/20250929_3.pdf,data/raw/meti_manual/20260905T201914Z__c632d657f9c1__20250929_3.pdf,2025-09-29,2025-10-09,2026-09-05T20:19:14Z,2026-09-05T20:19:14Z,1,c632d657f9c13b1250d688394eb7c99956a994527cb56f4a77c86ed61ff1dbda,"{""record_no"":59,""country"":""イラン Islamic Republic of Iran"",""aliases"":[""ASR-E SANAT ESHRAGH"",""ASRE SANAT ESHRAGH CO."",""ASRE SANATE ESHRAGH CO."",""ASR-E-SAN'AT ESHRAGH ENGINEERING COMPANY"",""ASR-E-SAN'AT ESHRAGH ENGINEERING COMPANY LTD.""],""wmd"":""ミサイル、核 M,N"",""conventional_weapons"":""""}"
ATBIN ISTA TECHNICAL AND ENGINEERING COMPANY,atbinistatechnicalandengineeringcompany,経済産業省 外国ユーザーリスト,c632d657f9c13b1250d688394eb7c99956a994527cb56f4a77c86ed61ff1dbda:60,https://www.meti.go.jp/policy/anpo/20250929_3.pdf,data/raw/meti_manual/20260905T201914Z__c632d657f9c1__20250929_3.pdf,2025-09-29,2025-10-09,2026-09-05T20:19:14Z,2026-09-05T20:19:14Z,1,c632d657f9c13b1250d688394eb7c99956a994527cb56f4a77c86ed61ff1dbda,"{""record_no"":60,""country"":""イラン Islamic Republic of Iran"",""aliases"":[""ATBIN ISTA TECHNICAL COMPANY""],""wmd"":""核 N"",""conventional_weapons"":""""}"
AZMOON PAJOHAN HESGAR LIMITED LIABILITY COMPANY,azmoonpajohanhesgarlimitedliabilitycompany,経済産業省 外国ユーザーリスト,c632d657f9c13b1250d688394eb7c99956a994527cb56f4a77c86ed61ff1dbda:61,https://www.meti.go.jp/policy/anpo/20250929_3.pdf,data/raw/meti_manual/20260905T201914Z__c632d657f9c1__20250929_3.pdf,2025-09-29,2025-10-09,2026-09-05T20:19:14Z,2026-09-05T20:19:14Z,1,c632d657f9c13b1250d688394eb7c99956a994527cb56f4a77c86ed61ff1dbda,"{""record_no"":61,""country"":""イラン Islamic Republic of Iran"",""aliases"":[""AZMOUN PAZOHAN HESGAR"",""AZMUN PEZHUHAN HESGAR CO""],""wmd"":""ミサイル M"",""conventional_weapons"":""通常兵器 CW""}"
AZARAB INDUSTRIES CO.,azarabindustriesco.,経済産業省 外国ユーザーリスト,c632d657f9c13b1250d688394eb7c99956a994527cb56f4a77c86ed61ff1dbda:62,https://www.meti.go.jp/policy/anpo/20250929_3.pdf,data/raw/meti_manual/20260905T201914Z__c632d657f9c1__20250929_3.pdf,2025-09-29,2025-10-09,2026-09-05T20:19:14Z,2026-09-05T20:19:14Z,1,c632d657f9c13b1250d688394eb7c99956a994527cb56f4a77c86ed61ff1dbda,"{""record_no"":62,""country"":""イラン Islamic Republic of Iran"",""aliases"":[""AZARAB INDUSTRIES COMPANY"",""AZARAB INDUSTRIES LLP""],""wmd"":""核 N"",""conventional_weapons"":""""}"
Baghyatollah Medical Sciences University (BMSU),baghyatollahmedicalsciencesuniversity(bmsu),経済産業省 外国ユーザーリスト,c632d657f9c13b1250d688394eb7c99956a994527cb56f4a77c86ed61ff1dbda:63,https://www.meti.go.jp/policy/anpo/20250929_3.pdf,data/raw/meti_manual/20260905T201914Z__c632d657f9c1__20250929_3.pdf,2025-09-29,2025-10-09,2026-09-05T20:19:14Z,2026-09-05T20:19:14Z,1,c632d657f9c13b1250d688394eb7c99956a994527cb56f4a77c86ed61ff1dbda,"{""record_no"":63,""country"":""イラン Islamic Republic of Iran"",""aliases"":[""Baghiatollah Medical Sciences University"",""Bagiatollah Medical Sciences University"",""Baqiatollah Medical Sciences University"",""Baqiyatallah Medical Sciences University"",""Baqiyatallah University of Medical Sciences"",""Baqyatollah Medical Sciences University""],""wmd"":""ミサイル、核 M,N"",""conventional_weapons"":""""}"
BAHARESTAN KISH COMPANY,baharestankishcompany,経済産業省 外国ユーザーリスト,c632d657f9c13b1250d688394eb7c99956a994527cb56f4a77c86ed61ff1dbda:64,https://www.meti.go.jp/policy/anpo/20250929_3.pdf,data/raw/meti_manual/20260905T201914Z__c632d657f9c1__20250929_3.pdf,2025-09-29,2025-10-09,2026-09-05T20:19:14Z,2026-09-05T20:19:14Z,1,c632d657f9c13b1250d688394eb7c99956a994527cb56f4a77c86ed61ff1dbda,"{""record_no"":64,""country"":""イラン Islamic Republic of Iran"",""aliases"":[],""wmd"":""ミサイル M"",""conventional_weapons"":""通常兵器 CW""}"
BAKHTAR RAAD SEPAHAN COMPANY,bakhtarraadsepahancompany,経済産業省 外国ユーザーリスト,c632d657f9c13b1250d688394eb7c99956a994527cb56f4a77c86ed61ff1dbda:65,https://www.meti.go.jp/policy/anpo/20250929_3.pdf,data/raw/meti_manual/20260905T201914Z__c632d657f9c1__20250929_3.pdf,2025-09-29,2025-10-09,2026-09-05T20:19:14Z,2026-09-05T20:19:14Z,1,c632d657f9c13b1250d688394eb7c99956a994527cb56f4a77c86ed61ff1dbda,"{""record_no"":65,""country"":""イラン Islamic Republic of Iran"",""aliases"":[""BAKHTAR RAAD ENGINEERING COMPANY"",""BAKHTAR RAAD SEPAHAN CO."",""RADSEPAHAN""],""wmd"":""核 N"",""conventional_weapons"":""""}"
Bargh Azaraksh,barghazaraksh,経済産業省 外国ユーザーリスト,c632d657f9c13b1250d688394eb7c99956a994527cb56f4a77c86ed61ff1dbda:66,https://www.meti.go.jp/policy/anpo/20250929_3.pdf,data/raw/meti_manual/20260905T201914Z__c632d657f9c1__20250929_3.pdf,2025-09-29,2025-10-09,2026-09-05T20:19:14Z,2026-09-05T20:19:14Z,1,c632d657f9c13b1250d688394eb7c99956a994527cb56f4a77c86ed61ff1dbda,"{""record_no"":66,""country"":""イラン Islamic Republic of Iran"",""aliases"":[""Barghe Azerakhsh Sakht""],""wmd"":""核 N"",""conventional_weapons"":""""}"
BASAMAD ELECTRONIC POUYA ENGINEERING LIMITED LIABILITY COMPANY,basamadelectronicpouyaengineeringlimitedliabilitycompany,経済産業省 外国ユーザーリスト,c632d657f9c13b1250d688394eb7c99956a994527cb56f4a77c86ed61ff1dbda:67,https://www.meti.go.jp/policy/anpo/20250929_3.pdf,data/raw/meti_manual/20260905T201914Z__c632d657f9c1__20250929_3.pdf,2025-09-29,2025-10-09,2026-09-05T20:19:14Z,2026-09-05T20:19:14Z,1,c632d657f9c13b1250d688394eb7c99956a994527cb56f4a77c86ed61ff1dbda,"{""record_no"":67,""country"":""イラン Islamic Republic of Iran"",""aliases"":[""DYNAMIC ELECTRONIC FREQUENCY ENGINEERING LIMITED LIABILITY COMPANY""],""wmd"":""ミサイル M"",""conventional_weapons"":""通常兵器 CW""}"
Behineh Trading Co.,behinehtradingco.,経済産業省 外国ユーザーリスト,c632d657f9c13b1250d688394eb7c99956a994527cb56f4a77c86ed61ff1dbda:68,https://www.meti.go.jp/policy/anpo/20250929_3.pdf,data/raw/meti_manual/20260905T201914Z__c632d657f9c1__20250929_3.pdf,2025-09-29,2025-10-09,2026-09-05T20:19:14Z,2026-09-05T20:19:14Z,1,c632d657f9c13b1250d688394eb7c99956a994527cb56f4a77c86ed61ff1dbda,"{""record_no"":68,""country"":""イラン Islamic Republic of Iran"",""aliases"":[],""wmd"":""ミサイル、核 M,N"",""conventional_weapons"":""""}"
Behnam Sahriyari Trading Company,behnamsahriyaritradingcompany,経済産業省 外国ユーザーリスト,c632d657f9c13b1250d688394eb7c99956a994527cb56f4a77c86ed61ff1dbda:69,https://www.meti.go.jp/policy/anpo/20250929_3.pdf,data/raw/meti_manual/20260905T201914Z__c632d657f9c1__20250929_3.pdf,2025-09-29,2025-10-09,2026-09-05T20:19:14Z,2026-09-05T20:19:14Z,1,c632d657f9c13b1250d688394eb7c99956a994527cb56f4a77c86ed61ff1dbda,"{""record_no"":69,""country"":""イラン Islamic Republic of Iran"",""aliases"":[],""wmd"":""ミサイル、核 M,N"",""conventional_weapons"":""""}"
BLUE CALM MARINE SERVICES COMPANY,bluecalmmarineservicescompany,経済産業省 外国ユーザーリスト,c632d657f9c13b1250d688394eb7c99956a994527cb56f4a77c86ed61ff1dbda:70,https://www.meti.go.jp/policy/anpo/20250929_3.pdf,data/raw/meti_manual/20260905T201914Z__c632d657f9c1__20250929_3.pdf,2025-09-29,2025-10-09,2026-09-05T20:19:14Z,2026-09-05T20:19:14Z,1,c632d657f9c13b1250d688394eb7c99956a994527cb56f4a77c86ed61ff1dbda,"{""record_no"":70,""country"":""イラン Islamic Republic of Iran"",""aliases"":[""BLUE CALM MARINE SERVICES""],""wmd"":""ミサイル M"",""conventional_weapons"":""通常兵器 CW""}"
BUY BEST ELECTRONIC PARS COMPANY,buybestelectronicparscompany,経済産業省 外国ユーザーリスト,c632d657f9c13b1250d688394eb7c99956a994527cb56f4a77c86ed61ff1dbda:71,https://www.meti.go.jp/policy/anpo/20250929_3.pdf,data/raw/meti_manual/20260905T201914Z__c632d657f9c1__20250929_3.pdf,2025-09-29,2025-10-09,2026-09-05T20:19:14Z,2026-09-05T20:19:14Z,1,c632d657f9c13b1250d688394eb7c99956a994527cb56f4a77c86ed61ff1dbda,"{""record_no"":71,""country"":""イラン Islamic Republic of Iran"",""aliases"":[""KHARID-E BARTAR ELECTRONIC PARS"",""BUY BEST ELECTRONIC""],""wmd"":""ミサイル M"",""conventional_weapons"":""通常兵器 CW""}"
Carvana Company,carvanacompany,経済産業省 外国ユーザーリスト,c632d657f9c13b1250d688394eb7c99956a994527cb56f4a77c86ed61ff1dbda:72,https://www.meti.go.jp/policy/anpo/20250929_3.pdf,data/raw/meti_manual/20260905T201914Z__c632d657f9c1__20250929_3.pdf,2025-09-29,2025-10-09,2026-09-05T20:19:14Z,2026-09-05T20:19:14Z,1,c632d657f9c13b1250d688394eb7c99956a994527cb56f4a77c86ed61ff1dbda,"{""record_no"":72,""country"":""イラン Islamic Republic of Iran"",""aliases"":[""CARVANA Co.""],""wmd"":""ミサイル M"",""conventional_weapons"":""""}"
Center for Innovation and Technology Cooperation (CITC),centerforinnovationandtechnologycooperation(citc),経済産業省 外国ユーザーリスト,c632d657f9c13b1250d688394eb7c99956a994527cb56f4a77c86ed61ff1dbda:73,https://www.meti.go.jp/policy/anpo/20250929_3.pdf,data/raw/meti_manual/20260905T201914Z__c632d657f9c1__20250929_3.pdf,2025-09-29,2025-10-09,2026-09-05T20:19:14Z,2026-09-05T20:19:14Z,1,c632d657f9c13b1250d688394eb7c99956a994527cb56f4a77c86ed61ff1dbda,"{""record_no"":73,""country"":""イラン Islamic Republic of Iran"",""aliases"":[""Iranian Presidential Center for Innovation and Technology Cooperation (CITC)"",""Office of Scientific and Technical Cooperation"",""Office of Scientific and Industrial Studies (OSIS)"",""Presidency Office of Scientific and Industrial Studies (POSIS)"",""Technology Cooperation Office (TCO)"",""Technology Cooperation Office of the Iranian President's Office"",""Technology Cooperation Office of the Presidency"",""TCO of the Islamic Republic of Iran""],""wmd"":""ミサイル、核 M,N"",""conventional_weapons"":""""}"
Chemical Industries & Development of Materials Group (CIDMG),chemicalindustries&developmentofmaterialsgroup(cidmg),経済産業省 外国ユーザーリスト,c632d657f9c13b1250d688394eb7c99956a994527cb56f4a77c86ed61ff1dbda:74,https://www.meti.go.jp/policy/anpo/20250929_3.pdf,data/raw/meti_manual/20260905T201914Z__c632d657f9c1__20250929_3.pdf,2025-09-29,2025-10-09,2026-09-05T20:19:14Z,2026-09-05T20:19:14Z,1,c632d657f9c13b1250d688394eb7c99956a994527cb56f4a77c86ed61ff1dbda,"{""record_no"":74,""country"":""イラン Islamic Republic of Iran"",""aliases"":[],""wmd"":""化学、ミサイル C,M"",""conventional_weapons"":""""}"
Cruise Missile Industry Group,cruisemissileindustrygroup,経済産業省 外国ユーザーリスト,c632d657f9c13b1250d688394eb7c99956a994527cb56f4a77c86ed61ff1dbda:75,https://www.meti.go.jp/policy/anpo/20250929_3.pdf,data/raw/meti_manual/20260905T201914Z__c632d657f9c1__20250929_3.pdf,2025-09-29,2025-10-09,2026-09-05T20:19:14Z,2026-09-05T20:19:14Z,1,c632d657f9c13b1250d688394eb7c99956a994527cb56f4a77c86ed61ff1dbda,"{""record_no"":75,""country"":""イラン Islamic Republic of Iran"",""aliases"":[""8th Imam Industries Group"",""Cruise Systems Industry Group"",""Naval Defence Missile Industry Group"",""Samen Al-A'emmeh Industries Group""],""wmd"":""ミサイル M"",""conventional_weapons"":""通常兵器 CW""}"
Deep Offshore Technology PJS,deepoffshoretechnologypjs,経済産業省 外国ユーザーリスト,c632d657f9c13b1250d688394eb7c99956a994527cb56f4a77c86ed61ff1dbda:76,https://www.meti.go.jp/policy/anpo/20250929_3.pdf,data/raw/meti_manual/20260905T201914Z__c632d657f9c1__20250929_3.pdf,2025-09-29,2025-10-09,2026-09-05T20:19:14Z,2026-09-05T20:19:14Z,1,c632d657f9c13b1250d688394eb7c99956a994527cb56f4a77c86ed61ff1dbda,"{""record_no"":76,""country"":""イラン Islamic Republic of Iran"",""aliases"":[""Deep Offshore Technology Company PJS""],""wmd"":""ミサイル M"",""conventional_weapons"":""""}"
Defence Industrieal Organisation,defenceindustriealorganisation,経済産業省 外国ユーザーリスト,c632d657f9c13b1250d688394eb7c99956a994527cb56f4a77c86ed61ff1dbda:77,https://www.meti.go.jp/policy/anpo/20250929_3.pdf,data/raw/meti_manual/20260905T201914Z__c632d657f9c1__20250929_3.pdf,2025-09-29,2025-10-09,2026-09-05T20:19:14Z,2026-09-05T20:19:14Z,1,c632d657f9c13b1250d688394eb7c99956a994527cb56f4a77c86ed61ff1dbda,"{""record_no"":77,""country"":""イラン Islamic Republic of Iran"",""aliases"":[""Defense Industries Organization"",""SASADJA"",""Saseman Sanaje Defa"",""Sazemane Sanaye Defa""],""wmd"":""生物、化学、ミサイル、核 B,C,M,N"",""conventional_weapons"":""通常兵器 CW""}"
Defense Technology and Science Research Center (DTSRC),defensetechnologyandscienceresearchcenter(dtsrc),経済産業省 外国ユーザーリスト,c632d657f9c13b1250d688394eb7c99956a994527cb56f4a77c86ed61ff1dbda:78,https://www.meti.go.jp/policy/anpo/20250929_3.pdf,data/raw/meti_manual/20260905T201914Z__c632d657f9c1__20250929_3.pdf,2025-09-29,2025-10-09,2026-09-05T20:19:14Z,2026-09-05T20:19:14Z,1,c632d657f9c13b1250d688394eb7c99956a994527cb56f4a77c86ed61ff1dbda,"{""record_no"":78,""country"":""イラン Islamic Republic of Iran"",""aliases"":[""Educational Research Institute (ERI)"",""MAVT Co."",""Moassese Amozeh Va Tahgiaghati""],""wmd"":""ミサイル、核 M,N"",""conventional_weapons"":""通常兵器 CW""}"
Design and Manufacturing of Aero-Engine Company,designandmanufacturingofaero-enginecompany,経済産業省 外国ユーザーリスト,c632d657f9c13b1250d688394eb7c99956a994527cb56f4a77c86ed61ff1dbda:79,https://www.meti.go.jp/policy/anpo/20250929_3.pdf,data/raw/meti_manual/20260905T201914Z__c632d657f9c1__20250929_3.pdf,2025-09-29,2025-10-09,2026-09-05T20:19:14Z,2026-09-05T20:19:14Z,1,c632d657f9c13b1250d688394eb7c99956a994527cb56f4a77c86ed61ff1dbda,"{""record_no"":79,""country"":""イラン Islamic Republic of Iran"",""aliases"":[""DESIGN AND MANUFACTURE OF AIRCRAFT ENGINES"",""IRANIAN TURBINE MANUFACTURING INDUSTRIES"",""T.E.M. Co."",""Turbine Engineering Manufacturing Industries""],""wmd"":""ミサイル、核 M,N"",""conventional_weapons"":""通常兵器 CW""}"
Design and Manufacturing of Aircraft Engines (DAMA),designandmanufacturingofaircraftengines(dama),経済産業省 外国ユーザーリスト,c632d657f9c13b1250d688394eb7c99956a994527cb56f4a77c86ed61ff1dbda:80,https://www.meti.go.jp/policy/anpo/20250929_3.pdf,data/raw/meti_manual/20260905T201914Z__c632d657f9c1__20250929_3.pdf,2025-09-29,2025-10-09,2026-09-05T20:19:14Z,2026-09-05T20:19:14Z,1,c632d657f9c13b1250d688394eb7c99956a994527cb56f4a77c86ed61ff1dbda,"{""record_no"":80,""country"":""イラン Islamic Republic of Iran"",""aliases"":[],""wmd"":""ミサイル M"",""conventional_weapons"":""通常兵器 CW""}"
Digi Ghate,digighate,経済産業省 外国ユーザーリスト,c632d657f9c13b1250d688394eb7c99956a994527cb56f4a77c86ed61ff1dbda:81,https://www.meti.go.jp/policy/anpo/20250929_3.pdf,data/raw/meti_manual/20260905T201914Z__c632d657f9c1__20250929_3.pdf,2025-09-29,2025-10-09,2026-09-05T20:19:14Z,2026-09-05T20:19:14Z,1,c632d657f9c13b1250d688394eb7c99956a994527cb56f4a77c86ed61ff1dbda,"{""record_no"":81,""country"":""イラン Islamic Republic of Iran"",""aliases"":[],""wmd"":"""",""conventional_weapons"":""通常兵器 CW""}"
Digital Media Lab (DML),digitalmedialab(dml),経済産業省 外国ユーザーリスト,c632d657f9c13b1250d688394eb7c99956a994527cb56f4a77c86ed61ff1dbda:82,https://www.meti.go.jp/policy/anpo/20250929_3.pdf,data/raw/meti_manual/20260905T201914Z__c632d657f9c1__20250929_3.pdf,2025-09-29,2025-10-09,2026-09-05T20:19:14Z,2026-09-05T20:19:14Z,1,c632d657f9c13b1250d688394eb7c99956a994527cb56f4a77c86ed61ff1dbda,"{""record_no"":82,""country"":""イラン Islamic Republic of Iran"",""aliases"":[],""wmd"":""ミサイル、核 M,N"",""conventional_weapons"":""""}"
Doostan International Company (DICO),doostaninternationalcompany(dico),経済産業省 外国ユーザーリスト,c632d657f9c13b1250d688394eb7c99956a994527cb56f4a77c86ed61ff1dbda:83,https://www.meti.go.jp/policy/anpo/20250929_3.pdf,data/raw/meti_manual/20260905T201914Z__c632d657f9c1__20250929_3.pdf,2025-09-29,2025-10-09,2026-09-05T20:19:14Z,2026-09-05T20:19:14Z,1,c632d657f9c13b1250d688394eb7c99956a994527cb56f4a77c86ed61ff1dbda,"{""record_no"":83,""country"":""イラン Islamic Republic of Iran"",""aliases"":[],""wmd"":""ミサイル M"",""conventional_weapons"":""""}"
East Star Company,eaststarcompany,経済産業省 外国ユーザーリスト,c632d657f9c13b1250d688394eb7c99956a994527cb56f4a77c86ed61ff1dbda:84,https://www.meti.go.jp/policy/anpo/20250929_3.pdf,data/raw/meti_manual/20260905T201914Z__c632d657f9c1__20250929_3.pdf,2025-09-29,2025-10-09,2026-09-05T20:19:14Z,2026-09-05T20:19:14Z,1,c632d657f9c13b1250d688394eb7c99956a994527cb56f4a77c86ed61ff1dbda,"{""record_no"":84,""country"":""イラン Islamic Republic of Iran"",""aliases"":[""Satereh Shargh Mobin Co."",""Satereh Shargh Samin Co., Ltd."",""Setareh Shargh Co.""],""wmd"":""ミサイル M"",""conventional_weapons"":""""}"
EBTEKAR SANAT ILYA LLC,ebtekarsanatilyallc,経済産業省 外国ユーザーリスト,c632d657f9c13b1250d688394eb7c99956a994527cb56f4a77c86ed61ff1dbda:85,https://www.meti.go.jp/policy/anpo/20250929_3.pdf,data/raw/meti_manual/20260905T201914Z__c632d657f9c1__20250929_3.pdf,2025-09-29,2025-10-09,2026-09-05T20:19:14Z,2026-09-05T20:19:14Z,1,c632d657f9c13b1250d688394eb7c99956a994527cb56f4a77c86ed61ff1dbda,"{""record_no"":85,""country"":""イラン Islamic Republic of Iran"",""aliases"":[""EBTEKAR SANAT ELYA"",""EBTEKAR SANAT ILIA"",""EBTEKAR SANAT ILIYA"",""EBTEKAR SANAT ILIYA COMPANY"",""EBTEKAR SANAT ILYA CO. LTD""],""wmd"":""ミサイル M"",""conventional_weapons"":""""}"
Electronic Components Industries (ECI),electroniccomponentsindustries(eci),経済産業省 外国ユーザーリスト,c632d657f9c13b1250d688394eb7c99956a994527cb56f4a77c86ed61ff1dbda:86,https://www.meti.go.jp/policy/anpo/20250929_3.pdf,data/raw/meti_manual/20260905T201914Z__c632d657f9c1__20250929_3.pdf,2025-09-29,2025-10-09,2026-09-05T20:19:14Z,2026-09-05T20:19:14Z,1,c632d657f9c13b1250d688394eb7c99956a994527cb56f4a77c86ed61ff1dbda,"{""record_no"":86,""country"":""イラン Islamic Republic of Iran"",""aliases"":[],""wmd"":""ミサイル、核 M,N"",""conventional_weapons"":""通常兵器 CW""}"
Electro Sanam Company,electrosanamcompany,経済産業省 外国ユーザーリスト,c632d657f9c13b1250d688394eb7c99956a994527cb56f4a77c86ed61ff1dbda:87,https://www.meti.go.jp/policy/anpo/20250929_3.pdf,data/raw/meti_manual/20260905T201914Z__c632d657f9c1__20250929_3.pdf,2025-09-29,2025-10-09,2026-09-05T20:19:14Z,2026-09-05T20:19:14Z,1,c632d657f9c13b1250d688394eb7c99956a994527cb56f4a77c86ed61ff1dbda,"{""record_no"":87,""country"":""イラン Islamic Republic of Iran"",""aliases"":[""E.S. Co."",""E.X. Co."",""ES Co."",""EX Co.""],""wmd"":""ミサイル M"",""conventional_weapons"":""""}"
Ertebat Gostar Novin,ertebatgostarnovin,経済産業省 外国ユーザーリスト,c632d657f9c13b1250d688394eb7c99956a994527cb56f4a77c86ed61ff1dbda:88,https://www.meti.go.jp/policy/anpo/20250929_3.pdf,data/raw/meti_manual/20260905T201914Z__c632d657f9c1__20250929_3.pdf,2025-09-29,2025-10-09,2026-09-05T20:19:14Z,2026-09-05T20:19:14Z,1,c632d657f9c13b1250d688394eb7c99956a994527cb56f4a77c86ed61ff1dbda,"{""record_no"":88,""country"":""イラン Islamic Republic of Iran"",""aliases"":[""Eterbat Gostar Novin""],""wmd"":""生物、化学、核 B,C,N"",""conventional_weapons"":""""}"
Ervin Danesh Aryan Company,ervindanesharyancompany,経済産業省 外国ユーザーリスト,c632d657f9c13b1250d688394eb7c99956a994527cb56f4a77c86ed61ff1dbda:89,https://www.meti.go.jp/policy/anpo/20250929_3.pdf,data/raw/meti_manual/20260905T201914Z__c632d657f9c1__20250929_3.pdf,2025-09-29,2025-10-09,2026-09-05T20:19:14Z,2026-09-05T20:19:14Z,1,c632d657f9c13b1250d688394eb7c99956a994527cb56f4a77c86ed61ff1dbda,"{""record_no"":89,""country"":""イラン Islamic Republic of Iran"",""aliases"":[""Ervin Danesh""],""wmd"":""ミサイル M"",""conventional_weapons"":""""}"
ESNICO (Equipment Supplier for Nuclear Industries Corporation),esnico(equipmentsupplierfornuclearindustriescorporation),経済産業省 外国ユーザーリスト,c632d657f9c13b1250d688394eb7c99956a994527cb56f4a77c86ed61ff1dbda:90,https://www.meti.go.jp/policy/anpo/20250929_3.pdf,data/raw/meti_manual/20260905T201914Z__c632d657f9c1__20250929_3.pdf,2025-09-29,2025-10-09,2026-09-05T20:19:14Z,2026-09-05T20:19:14Z,1,c632d657f9c13b1250d688394eb7c99956a994527cb56f4a77c86ed61ff1dbda,"{""record_no"":90,""country"":""イラン Islamic Republic of Iran"",""aliases"":[],""wmd"":""核 N"",""conventional_weapons"":""""}"
Ettehad Technical Group,ettehadtechnicalgroup,経済産業省 外国ユーザーリスト,c632d657f9c13b1250d688394eb7c99956a994527cb56f4a77c86ed61ff1dbda:91,https://www.meti.go.jp/policy/anpo/20250929_3.pdf,data/raw/meti_manual/20260905T201914Z__c632d657f9c1__20250929_3.pdf,2025-09-29,2025-10-09,2026-09-05T20:19:14Z,2026-09-05T20:19:14Z,1,c632d657f9c13b1250d688394eb7c99956a994527cb56f4a77c86ed61ff1dbda,"{""record_no"":91,""country"":""イラン Islamic Republic of Iran"",""aliases"":[],""wmd"":""ミサイル M"",""conventional_weapons"":""""}"
Eyvaz Technic,eyvaztechnic,経済産業省 外国ユーザーリスト,c632d657f9c13b1250d688394eb7c99956a994527cb56f4a77c86ed61ff1dbda:92,https://www.meti.go.jp/policy/anpo/20250929_3.pdf,data/raw/meti_manual/20260905T201914Z__c632d657f9c1__20250929_3.pdf,2025-09-29,2025-10-09,2026-09-05T20:19:14Z,2026-09-05T20:19:14Z,1,c632d657f9c13b1250d688394eb7c99956a994527cb56f4a77c86ed61ff1dbda,"{""record_no"":92,""country"":""イラン Islamic Republic of Iran"",""aliases"":[""Eyvaz Technic Industrial Company Ltd."",""Eyvaz Technic Manufacturing Company"",""Eyvaz Technik""],""wmd"":""核 N"",""conventional_weapons"":""""}"
Fajr Aviation Composite Industries,fajraviationcompositeindustries,経済産業省 外国ユーザーリスト,c632d657f9c13b1250d688394eb7c99956a994527cb56f4a77c86ed61ff1dbda:93,https://www.meti.go.jp/policy/anpo/20250929_3.pdf,data/raw/meti_manual/20260905T201914Z__c632d657f9c1__20250929_3.pdf,2025-09-29,2025-10-09,2026-09-05T20:19:14Z,2026-09-05T20:19:14Z,1,c632d657f9c13b1250d688394eb7c99956a994527cb56f4a77c86ed61ff1dbda,"{""record_no"":93,""country"":""イラン Islamic Republic of Iran"",""aliases"":[],""wmd"":""ミサイル、核 M,N"",""conventional_weapons"":""""}"
Fajr Industrial Group,fajrindustrialgroup,経済産業省 外国ユーザーリスト,c632d657f9c13b1250d688394eb7c99956a994527cb56f4a77c86ed61ff1dbda:94,https://www.meti.go.jp/policy/anpo/20250929_3.pdf,data/raw/meti_manual/20260905T201914Z__c632d657f9c1__20250929_3.pdf,2025-09-29,2025-10-09,2026-09-05T20:19:14Z,2026-09-05T20:19:14Z,1,c632d657f9c13b1250d688394eb7c99956a994527cb56f4a77c86ed61ff1dbda,"{""record_no"":94,""country"":""イラン Islamic Republic of Iran"",""aliases"":[""Fadjr Industries Group (FIG)"",""Industrial Factories of Precision-Machinery"",""Instrumentation Factories of Precision Machinery"",""Instrumentation Factories Plant (IFP)"",""Mojtame Santy Ajzae Daghigh"",""Nasr Industries Group""],""wmd"":""ミサイル、核 M,N"",""conventional_weapons"":""""}"
Fanamoj,fanamoj,経済産業省 外国ユーザーリスト,c632d657f9c13b1250d688394eb7c99956a994527cb56f4a77c86ed61ff1dbda:95,https://www.meti.go.jp/policy/anpo/20250929_3.pdf,data/raw/meti_manual/20260905T201914Z__c632d657f9c1__20250929_3.pdf,2025-09-29,2025-10-09,2026-09-05T20:19:14Z,2026-09-05T20:19:14Z,1,c632d657f9c13b1250d688394eb7c99956a994527cb56f4a77c86ed61ff1dbda,"{""record_no"":95,""country"":""イラン Islamic Republic of Iran"",""aliases"":[""Fana Moj"",""Fana Mowj"",""Fanamoj Company"",""Fanavari Modj Khavar"",""Fanavari Moj Khavar Co."",""Fanavari Moudj Khavar Group"",""Fanavari Mowj Khavar""],""wmd"":""ミサイル M"",""conventional_weapons"":""""}"
FANAVARAN SANAT ERTEBATAT COMPANY,fanavaransanatertebatatcompany,経済産業省 外国ユーザーリスト,c632d657f9c13b1250d688394eb7c99956a994527cb56f4a77c86ed61ff1dbda:96,https://www.meti.go.jp/policy/anpo/20250929_3.pdf,data/raw/meti_manual/20260905T201914Z__c632d657f9c1__20250929_3.pdf,2025-09-29,2025-10-09,2026-09-05T20:19:14Z,2026-09-05T20:19:14Z,1,c632d657f9c13b1250d688394eb7c99956a994527cb56f4a77c86ed61ff1dbda,"{""record_no"":96,""country"":""イラン Islamic Republic of Iran"",""aliases"":[""FANAVARAN COMMUNICATION INDUSTRY COMPANY"",""COMMUNICATION INDUSTRY TECHNOLOGISTS""],""wmd"":""ミサイル M"",""conventional_weapons"":""通常兵器 CW""}"
Fan Pardazan,fanpardazan,経済産業省 外国ユーザーリスト,c632d657f9c13b1250d688394eb7c99956a994527cb56f4a77c86ed61ff1dbda:97,https://www.meti.go.jp/policy/anpo/20250929_3.pdf,data/raw/meti_manual/20260905T201914Z__c632d657f9c1__20250929_3.pdf,2025-09-29,2025-10-09,2026-09-05T20:19:14Z,2026-09-05T20:19:14Z,1,c632d657f9c13b1250d688394eb7c99956a994527cb56f4a77c86ed61ff1dbda,"{""record_no"":97,""country"":""イラン Islamic Republic of Iran"",""aliases"":[""Fan Pardazan Co""],""wmd"":""生物、化学、ミサイル、核 B,C,M,N"",""conventional_weapons"":""""}"
Farasakht Industries,farasakhtindustries,経済産業省 外国ユーザーリスト,c632d657f9c13b1250d688394eb7c99956a994527cb56f4a77c86ed61ff1dbda:98,https://www.meti.go.jp/policy/anpo/20250929_3.pdf,data/raw/meti_manual/20260905T201914Z__c632d657f9c1__20250929_3.pdf,2025-09-29,2025-10-09,2026-09-05T20:19:14Z,2026-09-05T20:19:14Z,1,c632d657f9c13b1250d688394eb7c99956a994527cb56f4a77c86ed61ff1dbda,"{""record_no"":98,""country"":""イラン Islamic Republic of Iran"",""aliases"":[],""wmd"":""ミサイル、核 M,N"",""conventional_weapons"":""通常兵器 CW""}"
Farasepehr Engineering Company,farasepehrengineeringcompany,経済産業省 外国ユーザーリスト,c632d657f9c13b1250d688394eb7c99956a994527cb56f4a77c86ed61ff1dbda:99,https://www.meti.go.jp/policy/anpo/20250929_3.pdf,data/raw/meti_manual/20260905T201914Z__c632d657f9c1__20250929_3.pdf,2025-09-29,2025-10-09,2026-09-05T20:19:14Z,2026-09-05T20:19:14Z,1,c632d657f9c13b1250d688394eb7c99956a994527cb56f4a77c86ed61ff1dbda,"{""record_no"":99,""country"":""イラン Islamic Republic of Iran"",""aliases"":[],""wmd"":""ミサイル、核 M,N"",""conventional_weapons"":""""}"
Faratech,faratech,経済産業省 外国ユーザーリスト,c632d657f9c13b1250d688394eb7c99956a994527cb56f4a77c86ed61ff1dbda:100,https://www.meti.go.jp/policy/anpo/20250929_3.pdf,data/raw/meti_manual/20260905T201914Z__c632d657f9c1__20250929_3.pdf,2025-09-29,2025-10-09,2026-09-05T20:19:14Z,2026-09-05T20:19:14Z,1,c632d657f9c13b1250d688394eb7c99956a994527cb56f4a77c86ed61ff1dbda,"{""record_no"":100,""country"":""イラン Islamic Republic of Iran"",""aliases"":[""Faratech Company""],""wmd"":""生物、化学、核 B,C,N"",""conventional_weapons"":""""}"
Farayand Technique,farayandtechnique,経済産業省 外国ユーザーリスト,c632d657f9c13b1250d688394eb7c99956a994527cb56f4a77c86ed61ff1dbda:101,https://www.meti.go.jp/policy/anpo/20250929_3.pdf,data/raw/meti_manual/20260905T201914Z__c632d657f9c1__20250929_3.pdf,2025-09-29,2025-10-09,2026-09-05T20:19:14Z,2026-09-05T20:19:14Z,1,c632d657f9c13b1250d688394eb7c99956a994527cb56f4a77c86ed61ff1dbda,"{""record_no"":101,""country"":""イラン Islamic Republic of Iran"",""aliases"":[""Farayand Technic""],""wmd"":""核 N"",""conventional_weapons"":""""}"
"FARAZAN INDUSTRIAL ENGINEERING, INC.","farazanindustrialengineering,inc.",経済産業省 外国ユーザーリスト,c632d657f9c13b1250d688394eb7c99956a994527cb56f4a77c86ed61ff1dbda:102,https://www.meti.go.jp/policy/anpo/20250929_3.pdf,data/raw/meti_manual/20260905T201914Z__c632d657f9c1__20250929_3.pdf,2025-09-29,2025-10-09,2026-09-05T20:19:14Z,2026-09-05T20:19:14Z,1,c632d657f9c13b1250d688394eb7c99956a994527cb56f4a77c86ed61ff1dbda,"{""record_no"":102,""country"":""イラン Islamic Republic of Iran"",""aliases"":[""FARAZAN CO., LTD."",""FARAZAN COMPANY""],""wmd"":""ミサイルM"",""conventional_weapons"":""""}"
Fater Institute,faterinstitute,経済産業省 外国ユーザーリスト,c632d657f9c13b1250d688394eb7c99956a994527cb56f4a77c86ed61ff1dbda:103,https://www.meti.go.jp/policy/anpo/20250929_3.pdf,data/raw/meti_manual/20260905T201914Z__c632d657f9c1__20250929_3.pdf,2025-09-29,2025-10-09,2026-09-05T20:19:14Z,2026-09-05T20:19:14Z,1,c632d657f9c13b1250d688394eb7c99956a994527cb56f4a77c86ed61ff1dbda,"{""record_no"":103,""country"":""イラン Islamic Republic of Iran"",""aliases"":[""Faater Institute"",""Fater Engineering Company"",""Fater Engineering Institute"",""Gharargah Ghaem Faater Institute""],""wmd"":""生物、化学、ミサイル、核 B,C,M,N"",""conventional_weapons"":""""}"
Fidar System Pooyan,fidarsystempooyan,経済産業省 外国ユーザーリスト,c632d657f9c13b1250d688394eb7c99956a994527cb56f4a77c86ed61ff1dbda:104,https://www.meti.go.jp/policy/anpo/20250929_3.pdf,data/raw/meti_manual/20260905T201914Z__c632d657f9c1__20250929_3.pdf,2025-09-29,2025-10-09,2026-09-05T20:19:14Z,2026-09-05T20:19:14Z,1,c632d657f9c13b1250d688394eb7c99956a994527cb56f4a77c86ed61ff1dbda,"{""record_no"":104,""country"":""イラン Islamic Republic of Iran"",""aliases"":[""Fidar System Pouyan""],""wmd"":"""",""conventional_weapons"":""通常兵器 CW""}"
Fulmen,fulmen,経済産業省 外国ユーザーリスト,c632d657f9c13b1250d688394eb7c99956a994527cb56f4a77c86ed61ff1dbda:105,https://www.meti.go.jp/policy/anpo/20250929_3.pdf,data/raw/meti_manual/20260905T201914Z__c632d657f9c1__20250929_3.pdf,2025-09-29,2025-10-09,2026-09-05T20:19:14Z,2026-09-05T20:19:14Z,1,c632d657f9c13b1250d688394eb7c99956a994527cb56f4a77c86ed61ff1dbda,"{""record_no"":105,""country"":""イラン Islamic Republic of Iran"",""aliases"":[""Fulmen Company"",""Fulmen Group""],""wmd"":""核 N"",""conventional_weapons"":""""}"
General Electronic,generalelectronic,経済産業省 外国ユーザーリスト,c632d657f9c13b1250d688394eb7c99956a994527cb56f4a77c86ed61ff1dbda:106,https://www.meti.go.jp/policy/anpo/20250929_3.pdf,data/raw/meti_manual/20260905T201914Z__c632d657f9c1__20250929_3.pdf,2025-09-29,2025-10-09,2026-09-05T20:19:14Z,2026-09-05T20:19:14Z,1,c632d657f9c13b1250d688394eb7c99956a994527cb56f4a77c86ed61ff1dbda,"{""record_no"":106,""country"":""イラン Islamic Republic of Iran"",""aliases"":[""Digital Electronics EngineeringGroup"",""Delta Electronic"",""Keyhan Electronic""],""wmd"":"""",""conventional_weapons"":""通常兵器 CW""}"
Gharagahe Sazandegi Ghaem,gharagahesazandegighaem,経済産業省 外国ユーザーリスト,c632d657f9c13b1250d688394eb7c99956a994527cb56f4a77c86ed61ff1dbda:107,https://www.meti.go.jp/policy/anpo/20250929_3.pdf,data/raw/meti_manual/20260905T201914Z__c632d657f9c1__20250929_3.pdf,2025-09-29,2025-10-09,2026-09-05T20:19:14Z,2026-09-05T20:19:14Z,1,c632d657f9c13b1250d688394eb7c99956a994527cb56f4a77c86ed61ff1dbda,"{""record_no"":107,""country"":""イラン Islamic Republic of Iran"",""aliases"":[""Gharargah Ghaem"",""Gharargahe Sazandegi Ghaem""],""wmd"":""生物、化学、ミサイル、核 B,C,M,N"",""conventional_weapons"":""""}"
Ghorb Karbala,ghorbkarbala,経済産業省 外国ユーザーリスト,c632d657f9c13b1250d688394eb7c99956a994527cb56f4a77c86ed61ff1dbda:108,https://www.meti.go.jp/policy/anpo/20250929_3.pdf,data/raw/meti_manual/20260905T201914Z__c632d657f9c1__20250929_3.pdf,2025-09-29,2025-10-09,2026-09-05T20:19:14Z,2026-09-05T20:19:14Z,1,c632d657f9c13b1250d688394eb7c99956a994527cb56f4a77c86ed61ff1dbda,"{""record_no"":108,""country"":""イラン Islamic Republic of Iran"",""aliases"":[""Gharargah Karbala"",""Gharargah Sazandegi Karbala-Moasseseh Taha""],""wmd"":""生物、化学、ミサイル、核 B,C,M,N"",""conventional_weapons"":""""}"
Ghorb Nooh,ghorbnooh,経済産業省 外国ユーザーリスト,c632d657f9c13b1250d688394eb7c99956a994527cb56f4a77c86ed61ff1dbda:109,https://www.meti.go.jp/policy/anpo/20250929_3.pdf,data/raw/meti_manual/20260905T201914Z__c632d657f9c1__20250929_3.pdf,2025-09-29,2025-10-09,2026-09-05T20:19:14Z,2026-09-05T20:19:14Z,1,c632d657f9c13b1250d688394eb7c99956a994527cb56f4a77c86ed61ff1dbda,"{""record_no"":109,""country"":""イラン Islamic Republic of Iran"",""aliases"":[],""wmd"":""生物、化学、ミサイル、核 B,C,M,N"",""conventional_weapons"":""""}"
Hara Company,haracompany,経済産業省 外国ユーザーリスト,c632d657f9c13b1250d688394eb7c99956a994527cb56f4a77c86ed61ff1dbda:110,https://www.meti.go.jp/policy/anpo/20250929_3.pdf,data/raw/meti_manual/20260905T201914Z__c632d657f9c1__20250929_3.pdf,2025-09-29,2025-10-09,2026-09-05T20:19:14Z,2026-09-05T20:19:14Z,1,c632d657f9c13b1250d688394eb7c99956a994527cb56f4a77c86ed61ff1dbda,"{""record_no"":110,""country"":""イラン Islamic Republic of Iran"",""aliases"":[""Hara Institute""],""wmd"":""生物、化学、ミサイル、核 B,C,M,N"",""conventional_weapons"":""""}"
Hirbod Co,hirbodco,経済産業省 外国ユーザーリスト,c632d657f9c13b1250d688394eb7c99956a994527cb56f4a77c86ed61ff1dbda:111,https://www.meti.go.jp/policy/anpo/20250929_3.pdf,data/raw/meti_manual/20260905T201914Z__c632d657f9c1__20250929_3.pdf,2025-09-29,2025-10-09,2026-09-05T20:19:14Z,2026-09-05T20:19:14Z,1,c632d657f9c13b1250d688394eb7c99956a994527cb56f4a77c86ed61ff1dbda,"{""record_no"":111,""country"":""イラン Islamic Republic of Iran"",""aliases"":[],""wmd"":""生物、化学、ミサイル、核 B,C,M,N"",""conventional_weapons"":""""}"
HODA TRADING,hodatrading,経済産業省 外国ユーザーリスト,c632d657f9c13b1250d688394eb7c99956a994527cb56f4a77c86ed61ff1dbda:112,https://www.meti.go.jp/policy/anpo/20250929_3.pdf,data/raw/meti_manual/20260905T201914Z__c632d657f9c1__20250929_3.pdf,2025-09-29,2025-10-09,2026-09-05T20:19:14Z,2026-09-05T20:19:14Z,1,c632d657f9c13b1250d688394eb7c99956a994527cb56f4a77c86ed61ff1dbda,"{""record_no"":112,""country"":""イラン Islamic Republic of Iran"",""aliases"":[""HODA TRADING CO."",""HODA TRADING COMPANY"",""SUSTAINABLE ELECTRONIC DEVELOPMENT"",""SUSTAINABLE ELECTRONICS DEVELOPMENT""],""wmd"":""ミサイル M"",""conventional_weapons"":""通常兵器 CW""}"
Hong Kong Electronics,hongkongelectronics,経済産業省 外国ユーザーリスト,c632d657f9c13b1250d688394eb7c99956a994527cb56f4a77c86ed61ff1dbda:113,https://www.meti.go.jp/policy/anpo/20250929_3.pdf,data/raw/meti_manual/20260905T201914Z__c632d657f9c1__20250929_3.pdf,2025-09-29,2025-10-09,2026-09-05T20:19:14Z,2026-09-05T20:19:14Z,1,c632d657f9c13b1250d688394eb7c99956a994527cb56f4a77c86ed61ff1dbda,"{""record_no"":113,""country"":""イラン Islamic Republic of Iran"",""aliases"":[""Hong Kong Electronics Kish Co.""],""wmd"":""生物、化学、ミサイル、核 B,C,M,N"",""conventional_weapons"":""""}"
Hosseini Nejad Trading Company,hosseininejadtradingcompany,経済産業省 外国ユーザーリスト,c632d657f9c13b1250d688394eb7c99956a994527cb56f4a77c86ed61ff1dbda:114,https://www.meti.go.jp/policy/anpo/20250929_3.pdf,data/raw/meti_manual/20260905T201914Z__c632d657f9c1__20250929_3.pdf,2025-09-29,2025-10-09,2026-09-05T20:19:14Z,2026-09-05T20:19:14Z,1,c632d657f9c13b1250d688394eb7c99956a994527cb56f4a77c86ed61ff1dbda,"{""record_no"":114,""country"":""イラン Islamic Republic of Iran"",""aliases"":[""Hosseini Nejad Trading Co.""],""wmd"":""ミサイル、核 M,N"",""conventional_weapons"":""""}"
IC Kala,ickala,経済産業省 外国ユーザーリスト,c632d657f9c13b1250d688394eb7c99956a994527cb56f4a77c86ed61ff1dbda:115,https://www.meti.go.jp/policy/anpo/20250929_3.pdf,data/raw/meti_manual/20260905T201914Z__c632d657f9c1__20250929_3.pdf,2025-09-29,2025-10-09,2026-09-05T20:19:14Z,2026-09-05T20:19:14Z,1,c632d657f9c13b1250d688394eb7c99956a994527cb56f4a77c86ed61ff1dbda,"{""record_no"":115,""country"":""イラン Islamic Republic of Iran"",""aliases"":[""Ickala""],""wmd"":"""",""conventional_weapons"":""通常兵器 CW""}"
Imam Hossein University (IHU),imamhosseinuniversity(ihu),経済産業省 外国ユーザーリスト,c632d657f9c13b1250d688394eb7c99956a994527cb56f4a77c86ed61ff1dbda:116,https://www.meti.go.jp/policy/anpo/20250929_3.pdf,data/raw/meti_manual/20260905T201914Z__c632d657f9c1__20250929_3.pdf,2025-09-29,2025-10-09,2026-09-05T20:19:14Z,2026-09-05T20:19:14Z,1,c632d657f9c13b1250d688394eb7c99956a994527cb56f4a77c86ed61ff1dbda,"{""record_no"":116,""country"":""イラン Islamic Republic of Iran"",""aliases"":[""Emam Hoseyn Comprehensive University"",""Imaam Hossein University"",""Imam Hoseyn University"",""Imam Hossein University Complex"",""Imam Hussein University"",""University of Imam Hoseyn""],""wmd"":""生物、化学、ミサイル、核 B,C,M,N"",""conventional_weapons"":""""}"
Imensazan Consultant Engineers Institute (ICEI),imensazanconsultantengineersinstitute(icei),経済産業省 外国ユーザーリスト,c632d657f9c13b1250d688394eb7c99956a994527cb56f4a77c86ed61ff1dbda:117,https://www.meti.go.jp/policy/anpo/20250929_3.pdf,data/raw/meti_manual/20260905T201914Z__c632d657f9c1__20250929_3.pdf,2025-09-29,2025-10-09,2026-09-05T20:19:14Z,2026-09-05T20:19:14Z,1,c632d657f9c13b1250d688394eb7c99956a994527cb56f4a77c86ed61ff1dbda,"{""record_no"":117,""country"":""イラン Islamic Republic of Iran"",""aliases"":[""Imen Sazan Consultant Engineers"",""Imensazen Consultant Engineers Institute""],""wmd"":""生物、化学、ミサイル、核 B,C,M,N"",""conventional_weapons"":""""}"
Information Systems Iran (ISIRAN),informationsystemsiran(isiran),経済産業省 外国ユーザーリスト,c632d657f9c13b1250d688394eb7c99956a994527cb56f4a77c86ed61ff1dbda:118,https://www.meti.go.jp/policy/anpo/20250929_3.pdf,data/raw/meti_manual/20260905T201914Z__c632d657f9c1__20250929_3.pdf,2025-09-29,2025-10-09,2026-09-05T20:19:14Z,2026-09-05T20:19:14Z,1,c632d657f9c13b1250d688394eb7c99956a994527cb56f4a77c86ed61ff1dbda,"{""record_no"":118,""country"":""イラン Islamic Republic of Iran"",""aliases"":[],""wmd"":""ミサイル、核 M,N"",""conventional_weapons"":""""}"
Iran Aircraft Industries (IACI),iranaircraftindustries(iaci),経済産業省 外国ユーザーリスト,c632d657f9c13b1250d688394eb7c99956a994527cb56f4a77c86ed61ff1dbda:119,https://www.meti.go.jp/policy/anpo/20250929_3.pdf,data/raw/meti_manual/20260905T201914Z__c632d657f9c1__20250929_3.pdf,2025-09-29,2025-10-09,2026-09-05T20:19:14Z,2026-09-05T20:19:14Z,1,c632d657f9c13b1250d688394eb7c99956a994527cb56f4a77c86ed61ff1dbda,"{""record_no"":119,""country"":""イラン Islamic Republic of Iran"",""aliases"":[""SAHA""],""wmd"":""ミサイル、核 M,N"",""conventional_weapons"":""""}"
Iran Aircraft Manufacturing Company (IAMCO),iranaircraftmanufacturingcompany(iamco),経済産業省 外国ユーザーリスト,c632d657f9c13b1250d688394eb7c99956a994527cb56f4a77c86ed61ff1dbda:120,https://www.meti.go.jp/policy/anpo/20250929_3.pdf,data/raw/meti_manual/20260905T201914Z__c632d657f9c1__20250929_3.pdf,2025-09-29,2025-10-09,2026-09-05T20:19:14Z,2026-09-05T20:19:14Z,1,c632d657f9c13b1250d688394eb7c99956a994527cb56f4a77c86ed61ff1dbda,"{""record_no"":120,""country"":""イラン Islamic Republic of Iran"",""aliases"":[""Hava Peyma Sazi-e Iran"",""Havapeyma Sazi Iran"",""Havapeyma Sazhran"",""HESA"",""HESA Trade Center"",""Hevapeimasazi"",""HTC"",""IAMI"",""Iran Aircraft Manufacturing Industrial Company"",""Iran Aircraft Manufacturing Industries"",""Karkhanejate Sanaye Havapaymaie Iran""],""wmd"":""ミサイル、核 M,N"",""conventional_weapons"":""""}"
Iran Aircraft Manufacturing Industries Corporation (HESA),iranaircraftmanufacturingindustriescorporation(hesa),経済産業省 外国ユーザーリスト,c632d657f9c13b1250d688394eb7c99956a994527cb56f4a77c86ed61ff1dbda:121,https://www.meti.go.jp/policy/anpo/20250929_3.pdf,data/raw/meti_manual/20260905T201914Z__c632d657f9c1__20250929_3.pdf,2025-09-29,2025-10-09,2026-09-05T20:19:14Z,2026-09-05T20:19:14Z,1,c632d657f9c13b1250d688394eb7c99956a994527cb56f4a77c86ed61ff1dbda,"{""record_no"":121,""country"":""イラン Islamic Republic of Iran"",""aliases"":[],""wmd"":""ミサイル M"",""conventional_weapons"":""通常兵器 CW""}"
Iran Centrifuge Technology Company,irancentrifugetechnologycompany,経済産業省 外国ユーザーリスト,c632d657f9c13b1250d688394eb7c99956a994527cb56f4a77c86ed61ff1dbda:122,https://www.meti.go.jp/policy/anpo/20250929_3.pdf,data/raw/meti_manual/20260905T201914Z__c632d657f9c1__20250929_3.pdf,2025-09-29,2025-10-09,2026-09-05T20:19:14Z,2026-09-05T20:19:14Z,1,c632d657f9c13b1250d688394eb7c99956a994527cb56f4a77c86ed61ff1dbda,"{""record_no"":122,""country"":""イラン Islamic Republic of Iran"",""aliases"":[""TESA"",""The Iran Centrifuge Technology Company"",""TSA""],""wmd"":""核 N"",""conventional_weapons"":""""}"
Iran Communications Industries (ICI),irancommunicationsindustries(ici),経済産業省 外国ユーザーリスト,c632d657f9c13b1250d688394eb7c99956a994527cb56f4a77c86ed61ff1dbda:123,https://www.meti.go.jp/policy/anpo/20250929_3.pdf,data/raw/meti_manual/20260905T201914Z__c632d657f9c1__20250929_3.pdf,2025-09-29,2025-10-09,2026-09-05T20:19:14Z,2026-09-05T20:19:14Z,1,c632d657f9c13b1250d688394eb7c99956a994527cb56f4a77c86ed61ff1dbda,"{""record_no"":123,""country"":""イラン Islamic Republic of Iran"",""aliases"":[""I.C.I."",""Iran Communication Industries"",""Iran Communications Industries Group"",""Sanaye Mokhaberat Iran""],""wmd"":""ミサイル M"",""conventional_weapons"":""通常兵器 CW""}"
Iran Compo Co.,irancompoco.,経済産業省 外国ユーザーリスト,c632d657f9c13b1250d688394eb7c99956a994527cb56f4a77c86ed61ff1dbda:124,https://www.meti.go.jp/policy/anpo/20250929_3.pdf,data/raw/meti_manual/20260905T201914Z__c632d657f9c1__20250929_3.pdf,2025-09-29,2025-10-09,2026-09-05T20:19:14Z,2026-09-05T20:19:14Z,1,c632d657f9c13b1250d688394eb7c99956a994527cb56f4a77c86ed61ff1dbda,"{""record_no"":124,""country"":""イラン Islamic Republic of Iran"",""aliases"":[""Irancompo.""],""wmd"":"""",""conventional_weapons"":""通常兵器 CW""}"
Iran Composites Institute,irancompositesinstitute,経済産業省 外国ユーザーリスト,c632d657f9c13b1250d688394eb7c99956a994527cb56f4a77c86ed61ff1dbda:125,https://www.meti.go.jp/policy/anpo/20250929_3.pdf,data/raw/meti_manual/20260905T201914Z__c632d657f9c1__20250929_3.pdf,2025-09-29,2025-10-09,2026-09-05T20:19:14Z,2026-09-05T20:19:14Z,1,c632d657f9c13b1250d688394eb7c99956a994527cb56f4a77c86ed61ff1dbda,"{""record_no"":125,""country"":""イラン Islamic Republic of Iran"",""aliases"":[""Composite Institute of Iran"",""Iranian Composites Institute (ICI)""],""wmd"":""核 N"",""conventional_weapons"":""""}"
Iran Electronics Industries (IEI),iranelectronicsindustries(iei),経済産業省 外国ユーザーリスト,c632d657f9c13b1250d688394eb7c99956a994527cb56f4a77c86ed61ff1dbda:126,https://www.meti.go.jp/policy/anpo/20250929_3.pdf,data/raw/meti_manual/20260905T201914Z__c632d657f9c1__20250929_3.pdf,2025-09-29,2025-10-09,2026-09-05T20:19:14Z,2026-09-05T20:19:14Z,1,c632d657f9c13b1250d688394eb7c99956a994527cb56f4a77c86ed61ff1dbda,"{""record_no"":126,""country"":""イラン Islamic Republic of Iran"",""aliases"":[""Sanaye Electronic Iran"",""Sasad Iran Electronics Industries"",""Sherkat Sanayeh Electronics Iran""],""wmd"":""ミサイル、核 M,N"",""conventional_weapons"":""""}"
IRAN HELICOPTER SUPPORT AND RENEWAL COMPANY,iranhelicoptersupportandrenewalcompany,経済産業省 外国ユーザーリスト,c632d657f9c13b1250d688394eb7c99956a994527cb56f4a77c86ed61ff1dbda:127,https://www.meti.go.jp/policy/anpo/20250929_3.pdf,data/raw/meti_manual/20260905T201914Z__c632d657f9c1__20250929_3.pdf,2025-09-29,2025-10-09,2026-09-05T20:19:14Z,2026-09-05T20:19:14Z,1,c632d657f9c13b1250d688394eb7c99956a994527cb56f4a77c86ed61ff1dbda,"{""record_no"":127,""country"":""イラン Islamic Republic of Iran"",""aliases"":[""IHSRC"",""IRANIAN HELICOPTERS' MAINTENANCE AND REPAIRS COMPANY"",""IRAN'S HELICOPTER RENOVATION AND LOGISTICS COMPANY"",""PANHA""],""wmd"":""ミサイル、核 M,N"",""conventional_weapons"":""通常兵器 CW""}"
Iranian Aviation Industries Organization (IAIO),iranianaviationindustriesorganization(iaio),経済産業省 外国ユーザーリスト,c632d657f9c13b1250d688394eb7c99956a994527cb56f4a77c86ed61ff1dbda:128,https://www.meti.go.jp/policy/anpo/20250929_3.pdf,data/raw/meti_manual/20260905T201914Z__c632d657f9c1__20250929_3.pdf,2025-09-29,2025-10-09,2026-09-05T20:19:14Z,2026-09-05T20:19:14Z,1,c632d657f9c13b1250d688394eb7c99956a994527cb56f4a77c86ed61ff1dbda,"{""record_no"":128,""country"":""イラン Islamic Republic of Iran"",""aliases"":[""Iran Aviation Industries Organization"",""Sazmane Sanaye Havai""],""wmd"":""ミサイル、核 M,N"",""conventional_weapons"":""通常兵器 CW""}"
Iran Marine Industrial Company (SADRA),iranmarineindustrialcompany(sadra),経済産業省 外国ユーザーリスト,c632d657f9c13b1250d688394eb7c99956a994527cb56f4a77c86ed61ff1dbda:129,https://www.meti.go.jp/policy/anpo/20250929_3.pdf,data/raw/meti_manual/20260905T201914Z__c632d657f9c1__20250929_3.pdf,2025-09-29,2025-10-09,2026-09-05T20:19:14Z,2026-09-05T20:19:14Z,1,c632d657f9c13b1250d688394eb7c99956a994527cb56f4a77c86ed61ff1dbda,"{""record_no"":129,""country"":""イラン Islamic Republic of Iran"",""aliases"":[""Iran Marine Industrial Company"",""Iran Marine Industrial Company SSA"",""Iran SADRA"",""Iran Ship Building Co."",""Sherkate Sanati Daryai Iran""],""wmd"":""生物、化学、ミサイル、核 B,C,M,N"",""conventional_weapons"":""""}"
Iran Pooya,iranpooya,経済産業省 外国ユーザーリスト,c632d657f9c13b1250d688394eb7c99956a994527cb56f4a77c86ed61ff1dbda:130,https://www.meti.go.jp/policy/anpo/20250929_3.pdf,data/raw/meti_manual/20260905T201914Z__c632d657f9c1__20250929_3.pdf,2025-09-29,2025-10-09,2026-09-05T20:19:14Z,2026-09-05T20:19:14Z,1,c632d657f9c13b1250d688394eb7c99956a994527cb56f4a77c86ed61ff1dbda,"{""record_no"":130,""country"":""イラン Islamic Republic of Iran"",""aliases"":[""Iran Pouya"",""Iran Puya""],""wmd"":""核 N"",""conventional_weapons"":""""}"
Iran Saffron Company,iransaffroncompany,経済産業省 外国ユーザーリスト,c632d657f9c13b1250d688394eb7c99956a994527cb56f4a77c86ed61ff1dbda:131,https://www.meti.go.jp/policy/anpo/20250929_3.pdf,data/raw/meti_manual/20260905T201914Z__c632d657f9c1__20250929_3.pdf,2025-09-29,2025-10-09,2026-09-05T20:19:14Z,2026-09-05T20:19:14Z,1,c632d657f9c13b1250d688394eb7c99956a994527cb56f4a77c86ed61ff1dbda,"{""record_no"":131,""country"":""イラン Islamic Republic of Iran"",""aliases"":[""Iransaffron Co.""],""wmd"":""ミサイル、核 M,N"",""conventional_weapons"":""""}"
Iran University of Science and Technology (IUST),iranuniversityofscienceandtechnology(iust),経済産業省 外国ユーザーリスト,c632d657f9c13b1250d688394eb7c99956a994527cb56f4a77c86ed61ff1dbda:132,https://www.meti.go.jp/policy/anpo/20250929_3.pdf,data/raw/meti_manual/20260905T201914Z__c632d657f9c1__20250929_3.pdf,2025-09-29,2025-10-09,2026-09-05T20:19:14Z,2026-09-05T20:19:14Z,1,c632d657f9c13b1250d688394eb7c99956a994527cb56f4a77c86ed61ff1dbda,"{""record_no"":132,""country"":""イラン Islamic Republic of Iran"",""aliases"":[""Iran University of Science & Technology (IUST)"",""University of Elm-o-Sanat""],""wmd"":""ミサイル、核 M,N"",""conventional_weapons"":""""}"
IRGC Air Force,irgcairforce,経済産業省 外国ユーザーリスト,c632d657f9c13b1250d688394eb7c99956a994527cb56f4a77c86ed61ff1dbda:133,https://www.meti.go.jp/policy/anpo/20250929_3.pdf,data/raw/meti_manual/20260905T201914Z__c632d657f9c1__20250929_3.pdf,2025-09-29,2025-10-09,2026-09-05T20:19:14Z,2026-09-05T20:19:14Z,1,c632d657f9c13b1250d688394eb7c99956a994527cb56f4a77c86ed61ff1dbda,"{""record_no"":133,""country"":""イラン Islamic Republic of Iran"",""aliases"":[""Islamic Revolutionary Guard Corps Air Force"",""Sepah Pasdaran Air Force"",""IRGC Aerospace Force"",""ＩＲＧＣＡＳＦ""],""wmd"":""ミサイル M"",""conventional_weapons"":""通常兵器 CW""}"
IRGC-Air Force Al-Ghadir Missile Command,irgc-airforceal-ghadirmissilecommand,経済産業省 外国ユーザーリスト,c632d657f9c13b1250d688394eb7c99956a994527cb56f4a77c86ed61ff1dbda:134,https://www.meti.go.jp/policy/anpo/20250929_3.pdf,data/raw/meti_manual/20260905T201914Z__c632d657f9c1__20250929_3.pdf,2025-09-29,2025-10-09,2026-09-05T20:19:14Z,2026-09-05T20:19:14Z,1,c632d657f9c13b1250d688394eb7c99956a994527cb56f4a77c86ed61ff1dbda,"{""record_no"":134,""country"":""イラン Islamic Republic of Iran"",""aliases"":[""IRGC Missile Command"",""Islamic Revolutionary Guard Corps Missile Command""],""wmd"":""ミサイル M"",""conventional_weapons"":""通常兵器 CW""}"
IRGC Qods Force,irgcqodsforce,経済産業省 外国ユーザーリスト,c632d657f9c13b1250d688394eb7c99956a994527cb56f4a77c86ed61ff1dbda:135,https://www.meti.go.jp/policy/anpo/20250929_3.pdf,data/raw/meti_manual/20260905T201914Z__c632d657f9c1__20250929_3.pdf,2025-09-29,2025-10-09,2026-09-05T20:19:14Z,2026-09-05T20:19:14Z,1,c632d657f9c13b1250d688394eb7c99956a994527cb56f4a77c86ed61ff1dbda,"{""record_no"":135,""country"":""イラン Islamic Republic of Iran"",""aliases"":[""IRGC QF"",""Pasdaran-e Enghelab-e Islami"",""Sepah-e Qods""],""wmd"":""ミサイル M"",""conventional_weapons"":""通常兵器 CW""}"
Isfahan Optics,isfahanoptics,経済産業省 外国ユーザーリスト,c632d657f9c13b1250d688394eb7c99956a994527cb56f4a77c86ed61ff1dbda:136,https://www.meti.go.jp/policy/anpo/20250929_3.pdf,data/raw/meti_manual/20260905T201914Z__c632d657f9c1__20250929_3.pdf,2025-09-29,2025-10-09,2026-09-05T20:19:14Z,2026-09-05T20:19:14Z,1,c632d657f9c13b1250d688394eb7c99956a994527cb56f4a77c86ed61ff1dbda,"{""record_no"":136,""country"":""イラン Islamic Republic of Iran"",""aliases"":[""I.O.I."",""ELECTRO OPTIC SAIRAN INDUSTRIES CO."",""ESFAHAN OPTIC INDUSTRY"",""ESFAHAN OPTICS INDUSTRY"",""ISFAHAN OPTIC INDUSTRIES COMPANY"",""ISFAHAN OPTICAL INDUSTRY"",""ISFAHAN OPTICS INDUSTRIES"",""ISFAHAN OPTICS INDUSTRY"",""ISHAHAN OPTICS INDUSTRIES CO."",""SANAYE-E OPTIKE ESFAHAN"",""SANOYE ELEKTRONIK SAIRAN"",""ISFAHAN OPTICS"",""SAPA""],""wmd"":""ミサイル、核 M,N"",""conventional_weapons"":""通常兵器 CW""}"
Islamic Azad University (IAU),islamicazaduniversity(iau),経済産業省 外国ユーザーリスト,c632d657f9c13b1250d688394eb7c99956a994527cb56f4a77c86ed61ff1dbda:137,https://www.meti.go.jp/policy/anpo/20250929_3.pdf,data/raw/meti_manual/20260905T201914Z__c632d657f9c1__20250929_3.pdf,2025-09-29,2025-10-09,2026-09-05T20:19:14Z,2026-09-05T20:19:14Z,1,c632d657f9c13b1250d688394eb7c99956a994527cb56f4a77c86ed61ff1dbda,"{""record_no"":137,""country"":""イラン Islamic Republic of Iran"",""aliases"":[],""wmd"":""ミサイル M"",""conventional_weapons"":""""}"
Islamic Revolutionary Guard Corps (IRGC),islamicrevolutionaryguardcorps(irgc),経済産業省 外国ユーザーリスト,c632d657f9c13b1250d688394eb7c99956a994527cb56f4a77c86ed61ff1dbda:138,https://www.meti.go.jp/policy/anpo/20250929_3.pdf,data/raw/meti_manual/20260905T201914Z__c632d657f9c1__20250929_3.pdf,2025-09-29,2025-10-09,2026-09-05T20:19:14Z,2026-09-05T20:19:14Z,1,c632d657f9c13b1250d688394eb7c99956a994527cb56f4a77c86ed61ff1dbda,"{""record_no"":138,""country"":""イラン Islamic Republic of Iran"",""aliases"":[""AGIR"",""Iranian Revolutionary Guard Corps"",""IRG"",""Islamic Revolutionary Corps"",""Pasdaran"",""Pasdaran-e Enghelab-e Islami"",""Pasdaran-e Inqilab"",""Revolutionary Guard"",""Revolutionary Guards"",""Sepah"",""Sepah Pasdaran"",""Sepah-e Pasdaran-e Enqelab-e Eslami"",""The Army of the Guardians of the Islamic Revolution"",""The Iranian Revolutionary Guards""],""wmd"":""ミサイル、核 M,N"",""conventional_weapons"":""通常兵器 CW""}"
Islamic Revolutionary Guard Corps Aerospace Force,islamicrevolutionaryguardcorpsaerospaceforce,経済産業省 外国ユーザーリスト,c632d657f9c13b1250d688394eb7c99956a994527cb56f4a77c86ed61ff1dbda:139,https://www.meti.go.jp/policy/anpo/20250929_3.pdf,data/raw/meti_manual/20260905T201914Z__c632d657f9c1__20250929_3.pdf,2025-09-29,2025-10-09,2026-09-05T20:19:14Z,2026-09-05T20:19:14Z,1,c632d657f9c13b1250d688394eb7c99956a994527cb56f4a77c86ed61ff1dbda,"{""record_no"":139,""country"":""イラン Islamic Republic of Iran"",""aliases"":[],""wmd"":""ミサイル M"",""conventional_weapons"":""通常兵器 CW""}"
ISLAMIC REVOLUTIONARY GUARD CORPS AEROSPACE FORCE SELF SUFFICIENCY JIHAD ORGANIZATION,islamicrevolutionaryguardcorpsaerospaceforceselfsufficiencyjihadorganization,経済産業省 外国ユーザーリスト,c632d657f9c13b1250d688394eb7c99956a994527cb56f4a77c86ed61ff1dbda:140,https://www.meti.go.jp/policy/anpo/20250929_3.pdf,data/raw/meti_manual/20260905T201914Z__c632d657f9c1__20250929_3.pdf,2025-09-29,2025-10-09,2026-09-05T20:19:14Z,2026-09-05T20:19:14Z,1,c632d657f9c13b1250d688394eb7c99956a994527cb56f4a77c86ed61ff1dbda,"{""record_no"":140,""country"":""イラン Islamic Republic of Iran"",""aliases"":[""ISLAMIC REVOLUTIONARY GUARD CORPS AEROSPACE FORCE RESEARCH AND SELF SUFFICIENCY JEHAD ORGANIZATION"",""ISLAMIC REVOLUTIONARY GUARD CORPS AEROSPACE FORCE SELF-SUFFICIENCY JEHAD ORGANIZATION""],""wmd"":""ミサイル M"",""conventional_weapons"":""通常兵器 CW""}"
ISLAMIC REVOLUTIONARY GUARD CORPS RESEARCH AND SELF-SUFFICIENCY JEHAD ORGANIZATION,islamicrevolutionaryguardcorpsresearchandself-sufficiencyjehadorganization,経済産業省 外国ユーザーリスト,c632d657f9c13b1250d688394eb7c99956a994527cb56f4a77c86ed61ff1dbda:141,https://www.meti.go.jp/policy/anpo/20250929_3.pdf,data/raw/meti_manual/20260905T201914Z__c632d657f9c1__20250929_3.pdf,2025-09-29,2025-10-09,2026-09-05T20:19:14Z,2026-09-05T20:19:14Z,1,c632d657f9c13b1250d688394eb7c99956a994527cb56f4a77c86ed61ff1dbda,"{""record_no"":141,""country"":""イラン Islamic Republic of Iran"",""aliases"":[""ISLAMIC REVOLUTIONARY GUARD CORPS RESEARCH AND SELF-SUFFICIENCY JIHAD ORGANIZATION"",""ISLAMIC REVOLUTIONARY GUARD CORPS SELF- SUFFICIENCY JEHAD ORGANIZATION""],""wmd"":""ミサイル M"",""conventional_weapons"":""通常兵器 CW""}"
Jahan Tech Rooyan Pars,jahantechrooyanpars,経済産業省 外国ユーザーリスト,c632d657f9c13b1250d688394eb7c99956a994527cb56f4a77c86ed61ff1dbda:142,https://www.meti.go.jp/policy/anpo/20250929_3.pdf,data/raw/meti_manual/20260905T201914Z__c632d657f9c1__20250929_3.pdf,2025-09-29,2025-10-09,2026-09-05T20:19:14Z,2026-09-05T20:19:14Z,1,c632d657f9c13b1250d688394eb7c99956a994527cb56f4a77c86ed61ff1dbda,"{""record_no"":142,""country"":""イラン Islamic Republic of Iran"",""aliases"":[""Jahan Tech"",""Jahan Tech Rooyan Pars Company""],""wmd"":""ミサイル、核 M,N"",""conventional_weapons"":""""}"
Javan Electronic Company,javanelectroniccompany,経済産業省 外国ユーザーリスト,c632d657f9c13b1250d688394eb7c99956a994527cb56f4a77c86ed61ff1dbda:143,https://www.meti.go.jp/policy/anpo/20250929_3.pdf,data/raw/meti_manual/20260905T201914Z__c632d657f9c1__20250929_3.pdf,2025-09-29,2025-10-09,2026-09-05T20:19:14Z,2026-09-05T20:19:14Z,1,c632d657f9c13b1250d688394eb7c99956a994527cb56f4a77c86ed61ff1dbda,"{""record_no"":143,""country"":""イラン Islamic Republic of Iran"",""aliases"":[],""wmd"":"""",""conventional_weapons"":""通常兵器 CW""}"
Javedan Mehr Toos,javedanmehrtoos,経済産業省 外国ユーザーリスト,c632d657f9c13b1250d688394eb7c99956a994527cb56f4a77c86ed61ff1dbda:144,https://www.meti.go.jp/policy/anpo/20250929_3.pdf,data/raw/meti_manual/20260905T201914Z__c632d657f9c1__20250929_3.pdf,2025-09-29,2025-10-09,2026-09-05T20:19:14Z,2026-09-05T20:19:14Z,1,c632d657f9c13b1250d688394eb7c99956a994527cb56f4a77c86ed61ff1dbda,"{""record_no"":144,""country"":""イラン Islamic Republic of Iran"",""aliases"":[],""wmd"":""ミサイル、核 M,N"",""conventional_weapons"":""""}"
Jelvesazan Company,jelvesazancompany,経済産業省 外国ユーザーリスト,c632d657f9c13b1250d688394eb7c99956a994527cb56f4a77c86ed61ff1dbda:145,https://www.meti.go.jp/policy/anpo/20250929_3.pdf,data/raw/meti_manual/20260905T201914Z__c632d657f9c1__20250929_3.pdf,2025-09-29,2025-10-09,2026-09-05T20:19:14Z,2026-09-05T20:19:14Z,1,c632d657f9c13b1250d688394eb7c99956a994527cb56f4a77c86ed61ff1dbda,"{""record_no"":145,""country"":""イラン Islamic Republic of Iran"",""aliases"":[],""wmd"":""核 N"",""conventional_weapons"":""""}"
Joza Industrial Co.,jozaindustrialco.,経済産業省 外国ユーザーリスト,c632d657f9c13b1250d688394eb7c99956a994527cb56f4a77c86ed61ff1dbda:146,https://www.meti.go.jp/policy/anpo/20250929_3.pdf,data/raw/meti_manual/20260905T201914Z__c632d657f9c1__20250929_3.pdf,2025-09-29,2025-10-09,2026-09-05T20:19:14Z,2026-09-05T20:19:14Z,1,c632d657f9c13b1250d688394eb7c99956a994527cb56f4a77c86ed61ff1dbda,"{""record_no"":146,""country"":""イラン Islamic Republic of Iran"",""aliases"":[""Joza Industries Company""],""wmd"":""ミサイル M"",""conventional_weapons"":""""}"
Kalaye Electric Company,kalayeelectriccompany,経済産業省 外国ユーザーリスト,c632d657f9c13b1250d688394eb7c99956a994527cb56f4a77c86ed61ff1dbda:147,https://www.meti.go.jp/policy/anpo/20250929_3.pdf,data/raw/meti_manual/20260905T201914Z__c632d657f9c1__20250929_3.pdf,2025-09-29,2025-10-09,2026-09-05T20:19:14Z,2026-09-05T20:19:14Z,1,c632d657f9c13b1250d688394eb7c99956a994527cb56f4a77c86ed61ff1dbda,"{""record_no"":147,""country"":""イラン Islamic Republic of Iran"",""aliases"":[""Kala Electric Company"",""Kala-Electric"",""Kalaye Electric"",""Kalaye Electric Co."",""Kalia"",""Kola Electric Company""],""wmd"":""核 N"",""conventional_weapons"":""""}"
Karanir,karanir,経済産業省 外国ユーザーリスト,c632d657f9c13b1250d688394eb7c99956a994527cb56f4a77c86ed61ff1dbda:148,https://www.meti.go.jp/policy/anpo/20250929_3.pdf,data/raw/meti_manual/20260905T201914Z__c632d657f9c1__20250929_3.pdf,2025-09-29,2025-10-09,2026-09-05T20:19:14Z,2026-09-05T20:19:14Z,1,c632d657f9c13b1250d688394eb7c99956a994527cb56f4a77c86ed61ff1dbda,"{""record_no"":148,""country"":""イラン Islamic Republic of Iran"",""aliases"":[""Moaser"",""Tajhiz Sanat""],""wmd"":""核 N"",""conventional_weapons"":""""}"
KAVAN ELECTRONICS BEHRAD LIMITED LIABILITY COMPANY,kavanelectronicsbehradlimitedliabilitycompany,経済産業省 外国ユーザーリスト,c632d657f9c13b1250d688394eb7c99956a994527cb56f4a77c86ed61ff1dbda:149,https://www.meti.go.jp/policy/anpo/20250929_3.pdf,data/raw/meti_manual/20260905T201914Z__c632d657f9c1__20250929_3.pdf,2025-09-29,2025-10-09,2026-09-05T20:19:14Z,2026-09-05T20:19:14Z,1,c632d657f9c13b1250d688394eb7c99956a994527cb56f4a77c86ed61ff1dbda,"{""record_no"":149,""country"":""イラン Islamic Republic of Iran"",""aliases"":[""KAVAN ELECTRONIC CO., LTD"",""KAVAN ELECTRONIC COMPANY"",""KAVAN ELECTRONIC SADR ARIA ENGINEERING LIMITED LIABILITY COMPANY""],""wmd"":""ミサイル M"",""conventional_weapons"":""通常兵器 CW""}"
Kaveh Cutting Tools Company,kavehcuttingtoolscompany,経済産業省 外国ユーザーリスト,c632d657f9c13b1250d688394eb7c99956a994527cb56f4a77c86ed61ff1dbda:150,https://www.meti.go.jp/policy/anpo/20250929_3.pdf,data/raw/meti_manual/20260905T201914Z__c632d657f9c1__20250929_3.pdf,2025-09-29,2025-10-09,2026-09-05T20:19:14Z,2026-09-05T20:19:14Z,1,c632d657f9c13b1250d688394eb7c99956a994527cb56f4a77c86ed61ff1dbda,"{""record_no"":150,""country"":""イラン Islamic Republic of Iran"",""aliases"":[""Kaveh Cutting Tools"",""Kaveh Cutting Tools Complex"",""Kaveh Cutting Tools Factories""],""wmd"":""生物、化学、ミサイル、核 B,C,M,N"",""conventional_weapons"":""""}"
Khajeh Nassir-Al-Deen Toosi (K. N. Toosi) University of Technology,khajehnassir-al-deentoosi(k.n.toosi)universityoftechnology,経済産業省 外国ユーザーリスト,c632d657f9c13b1250d688394eb7c99956a994527cb56f4a77c86ed61ff1dbda:151,https://www.meti.go.jp/policy/anpo/20250929_3.pdf,data/raw/meti_manual/20260905T201914Z__c632d657f9c1__20250929_3.pdf,2025-09-29,2025-10-09,2026-09-05T20:19:14Z,2026-09-05T20:19:14Z,1,c632d657f9c13b1250d688394eb7c99956a994527cb56f4a77c86ed61ff1dbda,"{""record_no"":151,""country"":""イラン Islamic Republic of Iran"",""aliases"":[""K N Toosi (Khaje Nassir-Al-Deen Toosi) University"",""Khaje Nassir-Al-Deen Toosi (K N Toosi) University"",""Khaje Nassir-Al-DeenToosi University""],""wmd"":""生物、化学、ミサイル、核 B,C,M,N"",""conventional_weapons"":""""}"
Khala Afarin Pars,khalaafarinpars,経済産業省 外国ユーザーリスト,c632d657f9c13b1250d688394eb7c99956a994527cb56f4a77c86ed61ff1dbda:152,https://www.meti.go.jp/policy/anpo/20250929_3.pdf,data/raw/meti_manual/20260905T201914Z__c632d657f9c1__20250929_3.pdf,2025-09-29,2025-10-09,2026-09-05T20:19:14Z,2026-09-05T20:19:14Z,1,c632d657f9c13b1250d688394eb7c99956a994527cb56f4a77c86ed61ff1dbda,"{""record_no"":152,""country"":""イラン Islamic Republic of Iran"",""aliases"":[],""wmd"":""核 N"",""conventional_weapons"":""""}"
Khatam al-Anbiya Construction Headquarters (KAA),khatamal-anbiyaconstructionheadquarters(kaa),経済産業省 外国ユーザーリスト,c632d657f9c13b1250d688394eb7c99956a994527cb56f4a77c86ed61ff1dbda:153,https://www.meti.go.jp/policy/anpo/20250929_3.pdf,data/raw/meti_manual/20260905T201914Z__c632d657f9c1__20250929_3.pdf,2025-09-29,2025-10-09,2026-09-05T20:19:14Z,2026-09-05T20:19:14Z,1,c632d657f9c13b1250d688394eb7c99956a994527cb56f4a77c86ed61ff1dbda,"{""record_no"":153,""country"":""イラン Islamic Republic of Iran"",""aliases"":[""Ghorb Khatam"",""Khatam al-Anbya"",""Khatam ol Anbia"",""Khatam ol Anbia Gharargah Sazandegi Nooh"",""Khatem-ol Anbiya Construction Organisation""],""wmd"":""生物、化学、ミサイル、核 B,C,M,N"",""conventional_weapons"":""""}"
Khorasan Metallurgy Industries,khorasanmetallurgyindustries,経済産業省 外国ユーザーリスト,c632d657f9c13b1250d688394eb7c99956a994527cb56f4a77c86ed61ff1dbda:154,https://www.meti.go.jp/policy/anpo/20250929_3.pdf,data/raw/meti_manual/20260905T201914Z__c632d657f9c1__20250929_3.pdf,2025-09-29,2025-10-09,2026-09-05T20:19:14Z,2026-09-05T20:19:14Z,1,c632d657f9c13b1250d688394eb7c99956a994527cb56f4a77c86ed61ff1dbda,"{""record_no"":154,""country"":""イラン Islamic Republic of Iran"",""aliases"":[""Khorasan Ammunition and Metallurgy Industries"",""Khorasan Metalogy Industries"",""Samen Industries"",""Sanaye Metologie Iran"",""The Metallurgy Industries of Khorasan""],""wmd"":""核 N"",""conventional_weapons"":""""}"
KIMIA PART SIVAN COMPANY LLC （KIPAS）,kimiapartsivancompanyllc(kipas),経済産業省 外国ユーザーリスト,c632d657f9c13b1250d688394eb7c99956a994527cb56f4a77c86ed61ff1dbda:155,https://www.meti.go.jp/policy/anpo/20250929_3.pdf,data/raw/meti_manual/20260905T201914Z__c632d657f9c1__20250929_3.pdf,2025-09-29,2025-10-09,2026-09-05T20:19:14Z,2026-09-05T20:19:14Z,1,c632d657f9c13b1250d688394eb7c99956a994527cb56f4a77c86ed61ff1dbda,"{""record_no"":155,""country"":""イラン Islamic Republic of Iran"",""aliases"":[""KIMIA PART SIVAN"",""KIMIA PARTS SIBON"",""KIMIYA PARS SEBON""],""wmd"":""ミサイル M"",""conventional_weapons"":""通常兵器 CW""}"
Kimiya Pakhsh Shargh Co Ltd,kimiyapakhshsharghcoltd,経済産業省 外国ユーザーリスト,c632d657f9c13b1250d688394eb7c99956a994527cb56f4a77c86ed61ff1dbda:156,https://www.meti.go.jp/policy/anpo/20250929_3.pdf,data/raw/meti_manual/20260905T201914Z__c632d657f9c1__20250929_3.pdf,2025-09-29,2025-10-09,2026-09-05T20:19:14Z,2026-09-05T20:19:14Z,1,c632d657f9c13b1250d688394eb7c99956a994527cb56f4a77c86ed61ff1dbda,"{""record_no"":156,""country"":""イラン Islamic Republic of Iran"",""aliases"":[""KPS"",""KIMIA PAKHSH SHARGH"",""KIMIYA PAKHSH SHARGH CO. LTD"",""KIMIYA PAKHSH SHARGH GROUP"",""\""KIMIA\"""",""\""KIMIA CO., LTD.\""""],""wmd"":""生物、化学、ミサイル、核 B,C,M,N"",""conventional_weapons"":""""}"
M. Babaie Industries,m.babaieindustries,経済産業省 外国ユーザーリスト,c632d657f9c13b1250d688394eb7c99956a994527cb56f4a77c86ed61ff1dbda:157,https://www.meti.go.jp/policy/anpo/20250929_3.pdf,data/raw/meti_manual/20260905T201914Z__c632d657f9c1__20250929_3.pdf,2025-09-29,2025-10-09,2026-09-05T20:19:14Z,2026-09-05T20:19:14Z,1,c632d657f9c13b1250d688394eb7c99956a994527cb56f4a77c86ed61ff1dbda,"{""record_no"":157,""country"":""イラン Islamic Republic of Iran"",""aliases"":[""Shahid Babaie Industries"",""Shahid Babaie Industries Complex"",""Shahid Babaii Industries Co.""],""wmd"":""ミサイル M"",""conventional_weapons"":""通常兵器 CW""}"
Machine Pardazan Co.,machinepardazanco.,経済産業省 外国ユーザーリスト,c632d657f9c13b1250d688394eb7c99956a994527cb56f4a77c86ed61ff1dbda:158,https://www.meti.go.jp/policy/anpo/20250929_3.pdf,data/raw/meti_manual/20260905T201914Z__c632d657f9c1__20250929_3.pdf,2025-09-29,2025-10-09,2026-09-05T20:19:14Z,2026-09-05T20:19:14Z,1,c632d657f9c13b1250d688394eb7c99956a994527cb56f4a77c86ed61ff1dbda,"{""record_no"":158,""country"":""イラン Islamic Republic of Iran"",""aliases"":[""Machine Pardazan Co. Ltd."",""Machine Pardazan Ltd.""],""wmd"":""ミサイル M"",""conventional_weapons"":""""}"
Makin,makin,経済産業省 外国ユーザーリスト,c632d657f9c13b1250d688394eb7c99956a994527cb56f4a77c86ed61ff1dbda:159,https://www.meti.go.jp/policy/anpo/20250929_3.pdf,data/raw/meti_manual/20260905T201914Z__c632d657f9c1__20250929_3.pdf,2025-09-29,2025-10-09,2026-09-05T20:19:14Z,2026-09-05T20:19:14Z,1,c632d657f9c13b1250d688394eb7c99956a994527cb56f4a77c86ed61ff1dbda,"{""record_no"":159,""country"":""イラン Islamic Republic of Iran"",""aliases"":[""Makin Company"",""Makin Institute""],""wmd"":""生物、化学、ミサイル、核 B,C,M,N"",""conventional_weapons"":""""}"
Malek Ashtar University,malekashtaruniversity,経済産業省 外国ユーザーリスト,c632d657f9c13b1250d688394eb7c99956a994527cb56f4a77c86ed61ff1dbda:160,https://www.meti.go.jp/policy/anpo/20250929_3.pdf,data/raw/meti_manual/20260905T201914Z__c632d657f9c1__20250929_3.pdf,2025-09-29,2025-10-09,2026-09-05T20:19:14Z,2026-09-05T20:19:14Z,1,c632d657f9c13b1250d688394eb7c99956a994527cb56f4a77c86ed61ff1dbda,"{""record_no"":160,""country"":""イラン Islamic Republic of Iran"",""aliases"":[""Daneshgah-E Sana'Ti-Ye Malek-E Ashtar"",""Malek Ashtar Aviation Universtiy Complex"",""Malek Ashtar Industrial University"",""Malek Ashtar University of Defense Technology"",""Malek ashtar University of Technology"",""Malek-E Ashtar Technical University"",""Malek-E Ashtar University""],""wmd"":""ミサイル、核 M,N"",""conventional_weapons"":""通常兵器 CW""}"
Mandegar Baspar Kimiya Company,mandegarbasparkimiyacompany,経済産業省 外国ユーザーリスト,c632d657f9c13b1250d688394eb7c99956a994527cb56f4a77c86ed61ff1dbda:161,https://www.meti.go.jp/policy/anpo/20250929_3.pdf,data/raw/meti_manual/20260905T201914Z__c632d657f9c1__20250929_3.pdf,2025-09-29,2025-10-09,2026-09-05T20:19:14Z,2026-09-05T20:19:14Z,1,c632d657f9c13b1250d688394eb7c99956a994527cb56f4a77c86ed61ff1dbda,"{""record_no"":161,""country"":""イラン Islamic Republic of Iran"",""aliases"":[""Bardiya Tejarat Javid"",""Mandegar Baspar Fajr Asia""],""wmd"":""ミサイル、核 M,N"",""conventional_weapons"":""""}"
Marine Industries,marineindustries,経済産業省 外国ユーザーリスト,c632d657f9c13b1250d688394eb7c99956a994527cb56f4a77c86ed61ff1dbda:162,https://www.meti.go.jp/policy/anpo/20250929_3.pdf,data/raw/meti_manual/20260905T201914Z__c632d657f9c1__20250929_3.pdf,2025-09-29,2025-10-09,2026-09-05T20:19:14Z,2026-09-05T20:19:14Z,1,c632d657f9c13b1250d688394eb7c99956a994527cb56f4a77c86ed61ff1dbda,"{""record_no"":162,""country"":""イラン Islamic Republic of Iran"",""aliases"":[""Marine Industries Organization (MIO)""],""wmd"":""ミサイル、核 M,N"",""conventional_weapons"":""""}"
Marou Sanat,marousanat,経済産業省 外国ユーザーリスト,c632d657f9c13b1250d688394eb7c99956a994527cb56f4a77c86ed61ff1dbda:163,https://www.meti.go.jp/policy/anpo/20250929_3.pdf,data/raw/meti_manual/20260905T201914Z__c632d657f9c1__20250929_3.pdf,2025-09-29,2025-10-09,2026-09-05T20:19:14Z,2026-09-05T20:19:14Z,1,c632d657f9c13b1250d688394eb7c99956a994527cb56f4a77c86ed61ff1dbda,"{""record_no"":163,""country"":""イラン Islamic Republic of Iran"",""aliases"":[""Maro Sanat Company"",""Maro Sanat Development and Design Engineering Company"",""Maro Sanat Engineering"",""Marou Sanat Engineering Company""],""wmd"":""核 N"",""conventional_weapons"":""""}"
Matin Sanat Nik Andishan,matinsanatnikandishan,経済産業省 外国ユーザーリスト,c632d657f9c13b1250d688394eb7c99956a994527cb56f4a77c86ed61ff1dbda:164,https://www.meti.go.jp/policy/anpo/20250929_3.pdf,data/raw/meti_manual/20260905T201914Z__c632d657f9c1__20250929_3.pdf,2025-09-29,2025-10-09,2026-09-05T20:19:14Z,2026-09-05T20:19:14Z,1,c632d657f9c13b1250d688394eb7c99956a994527cb56f4a77c86ed61ff1dbda,"{""record_no"":164,""country"":""イラン Islamic Republic of Iran"",""aliases"":[""Iranian Novin Systems Management"",""MASNA"",""MSNA""],""wmd"":""ミサイル M"",""conventional_weapons"":""""}"
MATSA (Mohandesi Toseh Sokht Atomi Company),matsa(mohandesitosehsokhtatomicompany),経済産業省 外国ユーザーリスト,c632d657f9c13b1250d688394eb7c99956a994527cb56f4a77c86ed61ff1dbda:165,https://www.meti.go.jp/policy/anpo/20250929_3.pdf,data/raw/meti_manual/20260905T201914Z__c632d657f9c1__20250929_3.pdf,2025-09-29,2025-10-09,2026-09-05T20:19:14Z,2026-09-05T20:19:14Z,1,c632d657f9c13b1250d688394eb7c99956a994527cb56f4a77c86ed61ff1dbda,"{""record_no"":165,""country"":""イラン Islamic Republic of Iran"",""aliases"":[],""wmd"":""核 N"",""conventional_weapons"":""""}"
Mechanic Industries Group,mechanicindustriesgroup,経済産業省 外国ユーザーリスト,c632d657f9c13b1250d688394eb7c99956a994527cb56f4a77c86ed61ff1dbda:166,https://www.meti.go.jp/policy/anpo/20250929_3.pdf,data/raw/meti_manual/20260905T201914Z__c632d657f9c1__20250929_3.pdf,2025-09-29,2025-10-09,2026-09-05T20:19:14Z,2026-09-05T20:19:14Z,1,c632d657f9c13b1250d688394eb7c99956a994527cb56f4a77c86ed61ff1dbda,"{""record_no"":166,""country"":""イラン Islamic Republic of Iran"",""aliases"":[],""wmd"":""ミサイル M"",""conventional_weapons"":""""}"
Ministry of Defense and Armed Forces Logistics (MODAFL),ministryofdefenseandarmedforceslogistics(modafl),経済産業省 外国ユーザーリスト,c632d657f9c13b1250d688394eb7c99956a994527cb56f4a77c86ed61ff1dbda:167,https://www.meti.go.jp/policy/anpo/20250929_3.pdf,data/raw/meti_manual/20260905T201914Z__c632d657f9c1__20250929_3.pdf,2025-09-29,2025-10-09,2026-09-05T20:19:14Z,2026-09-05T20:19:14Z,1,c632d657f9c13b1250d688394eb7c99956a994527cb56f4a77c86ed61ff1dbda,"{""record_no"":167,""country"":""イラン Islamic Republic of Iran"",""aliases"":[""MINISTRY OF DEFENCE & ARMED FORCES LOGISTICS"",""MINISTRY OF DEFENSE AND SUPPORT FOR ARMED FORCES LOGISTICS"",""MINISTRY OF DEFENSE ARMED FORCES LOGISTICS"",""MINISTRY OF DEFENSE FOR ARMED FORCES LOGISTICS"",""MODAFL"",""MODSAF"",""VEZARATE DEFA"",""VEZARAT-E DEFA VA POSHTYBANI-E NIRU-HAYE MOSALLAH""],""wmd"":""ミサイル、核 M,N"",""conventional_weapons"":""通常兵器 CW""}"
Ministry of Defense Logistics Export (MODLEX),ministryofdefenselogisticsexport(modlex),経済産業省 外国ユーザーリスト,c632d657f9c13b1250d688394eb7c99956a994527cb56f4a77c86ed61ff1dbda:168,https://www.meti.go.jp/policy/anpo/20250929_3.pdf,data/raw/meti_manual/20260905T201914Z__c632d657f9c1__20250929_3.pdf,2025-09-29,2025-10-09,2026-09-05T20:19:14Z,2026-09-05T20:19:14Z,1,c632d657f9c13b1250d688394eb7c99956a994527cb56f4a77c86ed61ff1dbda,"{""record_no"":168,""country"":""イラン Islamic Republic of Iran"",""aliases"":[""Ministry of Defense Legion Export""],""wmd"":""ミサイル、核 M,N"",""conventional_weapons"":""""}"
Mizan Machinery Manufacturing (3M),mizanmachinerymanufacturing(3m),経済産業省 外国ユーザーリスト,c632d657f9c13b1250d688394eb7c99956a994527cb56f4a77c86ed61ff1dbda:169,https://www.meti.go.jp/policy/anpo/20250929_3.pdf,data/raw/meti_manual/20260905T201914Z__c632d657f9c1__20250929_3.pdf,2025-09-29,2025-10-09,2026-09-05T20:19:14Z,2026-09-05T20:19:14Z,1,c632d657f9c13b1250d688394eb7c99956a994527cb56f4a77c86ed61ff1dbda,"{""record_no"":169,""country"":""イラン Islamic Republic of Iran"",""aliases"":[""3MG"",""Mizan Machine Manufacturing Group""],""wmd"":""ミサイル、核 M,N"",""conventional_weapons"":""""}"
MKS International Co. Ltd.,mksinternationalco.ltd.,経済産業省 外国ユーザーリスト,c632d657f9c13b1250d688394eb7c99956a994527cb56f4a77c86ed61ff1dbda:170,https://www.meti.go.jp/policy/anpo/20250929_3.pdf,data/raw/meti_manual/20260905T201914Z__c632d657f9c1__20250929_3.pdf,2025-09-29,2025-10-09,2026-09-05T20:19:14Z,2026-09-05T20:19:14Z,1,c632d657f9c13b1250d688394eb7c99956a994527cb56f4a77c86ed61ff1dbda,"{""record_no"":170,""country"":""イラン Islamic Republic of Iran"",""aliases"":[""MKS International"",""MKS International Group""],""wmd"":""ミサイル M"",""conventional_weapons"":""""}"
Mobarakeh Steel Company,mobarakehsteelcompany,経済産業省 外国ユーザーリスト,c632d657f9c13b1250d688394eb7c99956a994527cb56f4a77c86ed61ff1dbda:171,https://www.meti.go.jp/policy/anpo/20250929_3.pdf,data/raw/meti_manual/20260905T201914Z__c632d657f9c1__20250929_3.pdf,2025-09-29,2025-10-09,2026-09-05T20:19:14Z,2026-09-05T20:19:14Z,1,c632d657f9c13b1250d688394eb7c99956a994527cb56f4a77c86ed61ff1dbda,"{""record_no"":171,""country"":""イラン Islamic Republic of Iran"",""aliases"":[""Mobarakeh Steel Complex"",""Esfahan's Mobarakeh Steel Company"",""Mobarakeh Steel"",""Esfahan Mobarakeh Steel Complex"",""MSC"",""Mobarakeh Steel Mill"",""Mobarakeh Esfahan Steel Company""],""wmd"":""生物、化学、ミサイル、核 B,C,M,N"",""conventional_weapons"":""""}"
Mobin Sanjesh,mobinsanjesh,経済産業省 外国ユーザーリスト,c632d657f9c13b1250d688394eb7c99956a994527cb56f4a77c86ed61ff1dbda:172,https://www.meti.go.jp/policy/anpo/20250929_3.pdf,data/raw/meti_manual/20260905T201914Z__c632d657f9c1__20250929_3.pdf,2025-09-29,2025-10-09,2026-09-05T20:19:14Z,2026-09-05T20:19:14Z,1,c632d657f9c13b1250d688394eb7c99956a994527cb56f4a77c86ed61ff1dbda,"{""record_no"":172,""country"":""イラン Islamic Republic of Iran"",""aliases"":[""FITCO""],""wmd"":""核 N"",""conventional_weapons"":""""}"
Multimat Ic Ve Dis Ticaret Pazarlama Limited Sirketi,multimaticvedisticaretpazarlamalimitedsirketi,経済産業省 外国ユーザーリスト,c632d657f9c13b1250d688394eb7c99956a994527cb56f4a77c86ed61ff1dbda:173,https://www.meti.go.jp/policy/anpo/20250929_3.pdf,data/raw/meti_manual/20260905T201914Z__c632d657f9c1__20250929_3.pdf,2025-09-29,2025-10-09,2026-09-05T20:19:14Z,2026-09-05T20:19:14Z,1,c632d657f9c13b1250d688394eb7c99956a994527cb56f4a77c86ed61ff1dbda,"{""record_no"":173,""country"":""イラン Islamic Republic of Iran"",""aliases"":[""Multimat Domestic and Foreign Trade Marketing Ltd."",""Multimat Tehran""],""wmd"":""ミサイル M"",""conventional_weapons"":""""}"
NARIN SEPEHR MOBIN ISATIS,narinsepehrmobinisatis,経済産業省 外国ユーザーリスト,c632d657f9c13b1250d688394eb7c99956a994527cb56f4a77c86ed61ff1dbda:174,https://www.meti.go.jp/policy/anpo/20250929_3.pdf,data/raw/meti_manual/20260905T201914Z__c632d657f9c1__20250929_3.pdf,2025-09-29,2025-10-09,2026-09-05T20:19:14Z,2026-09-05T20:19:14Z,1,c632d657f9c13b1250d688394eb7c99956a994527cb56f4a77c86ed61ff1dbda,"{""record_no"":174,""country"":""イラン Islamic Republic of Iran"",""aliases"":[""NAARIN SEPEHR MOBIN ISATIS"",""PISHTAZAN SANAT PARVAZ SADRA CO. LLC""],""wmd"":""ミサイルM"",""conventional_weapons"":""""}"
Naserin Vahid,naserinvahid,経済産業省 外国ユーザーリスト,c632d657f9c13b1250d688394eb7c99956a994527cb56f4a77c86ed61ff1dbda:175,https://www.meti.go.jp/policy/anpo/20250929_3.pdf,data/raw/meti_manual/20260905T201914Z__c632d657f9c1__20250929_3.pdf,2025-09-29,2025-10-09,2026-09-05T20:19:14Z,2026-09-05T20:19:14Z,1,c632d657f9c13b1250d688394eb7c99956a994527cb56f4a77c86ed61ff1dbda,"{""record_no"":175,""country"":""イラン Islamic Republic of Iran"",""aliases"":[],""wmd"":""ミサイル、核 M,N"",""conventional_weapons"":""""}"
Navid Composite Material Company,navidcompositematerialcompany,経済産業省 外国ユーザーリスト,c632d657f9c13b1250d688394eb7c99956a994527cb56f4a77c86ed61ff1dbda:176,https://www.meti.go.jp/policy/anpo/20250929_3.pdf,data/raw/meti_manual/20260905T201914Z__c632d657f9c1__20250929_3.pdf,2025-09-29,2025-10-09,2026-09-05T20:19:14Z,2026-09-05T20:19:14Z,1,c632d657f9c13b1250d688394eb7c99956a994527cb56f4a77c86ed61ff1dbda,"{""record_no"":176,""country"":""イラン Islamic Republic of Iran"",""aliases"":[""Navid Composite""],""wmd"":""ミサイル、核 M,N"",""conventional_weapons"":""""}"
Neda Industrial Group,nedaindustrialgroup,経済産業省 外国ユーザーリスト,c632d657f9c13b1250d688394eb7c99956a994527cb56f4a77c86ed61ff1dbda:177,https://www.meti.go.jp/policy/anpo/20250929_3.pdf,data/raw/meti_manual/20260905T201914Z__c632d657f9c1__20250929_3.pdf,2025-09-29,2025-10-09,2026-09-05T20:19:14Z,2026-09-05T20:19:14Z,1,c632d657f9c13b1250d688394eb7c99956a994527cb56f4a77c86ed61ff1dbda,"{""record_no"":177,""country"":""イラン Islamic Republic of Iran"",""aliases"":[],""wmd"":""核 N"",""conventional_weapons"":""""}"
Negin Parto Khavar,neginpartokhavar,経済産業省 外国ユーザーリスト,c632d657f9c13b1250d688394eb7c99956a994527cb56f4a77c86ed61ff1dbda:178,https://www.meti.go.jp/policy/anpo/20250929_3.pdf,data/raw/meti_manual/20260905T201914Z__c632d657f9c1__20250929_3.pdf,2025-09-29,2025-10-09,2026-09-05T20:19:14Z,2026-09-05T20:19:14Z,1,c632d657f9c13b1250d688394eb7c99956a994527cb56f4a77c86ed61ff1dbda,"{""record_no"":178,""country"":""イラン Islamic Republic of Iran"",""aliases"":[""Ertebate Eghtessade Monir"",""Negin Parto"",""Negin Parto Khavar Co. Ltd."",""Payan Avaran Omran""],""wmd"":""ミサイル、核 M,N"",""conventional_weapons"":""""}"
Neka Novin,nekanovin,経済産業省 外国ユーザーリスト,c632d657f9c13b1250d688394eb7c99956a994527cb56f4a77c86ed61ff1dbda:179,https://www.meti.go.jp/policy/anpo/20250929_3.pdf,data/raw/meti_manual/20260905T201914Z__c632d657f9c1__20250929_3.pdf,2025-09-29,2025-10-09,2026-09-05T20:19:14Z,2026-09-05T20:19:14Z,1,c632d657f9c13b1250d688394eb7c99956a994527cb56f4a77c86ed61ff1dbda,"{""record_no"":179,""country"":""イラン Islamic Republic of Iran"",""aliases"":[],""wmd"":""核 N"",""conventional_weapons"":""""}"
Niru Battery Manufacturing Company,nirubatterymanufacturingcompany,経済産業省 外国ユーザーリスト,c632d657f9c13b1250d688394eb7c99956a994527cb56f4a77c86ed61ff1dbda:180,https://www.meti.go.jp/policy/anpo/20250929_3.pdf,data/raw/meti_manual/20260905T201914Z__c632d657f9c1__20250929_3.pdf,2025-09-29,2025-10-09,2026-09-05T20:19:14Z,2026-09-05T20:19:14Z,1,c632d657f9c13b1250d688394eb7c99956a994527cb56f4a77c86ed61ff1dbda,"{""record_no"":180,""country"":""イラン Islamic Republic of Iran"",""aliases"":[""Nirou Battery Manufacturing Saba Battery Company"",""Niru Battery Mfg. Co."",""Niru Co. Ltd."",""Sherkat Battery Sazi Niru Sahami Khass"",""The Niru Battery Company""],""wmd"":""ミサイル M"",""conventional_weapons"":""""}"
Ofog Sabze Darya Company,ofogsabzedaryacompany,経済産業省 外国ユーザーリスト,c632d657f9c13b1250d688394eb7c99956a994527cb56f4a77c86ed61ff1dbda:181,https://www.meti.go.jp/policy/anpo/20250929_3.pdf,data/raw/meti_manual/20260905T201914Z__c632d657f9c1__20250929_3.pdf,2025-09-29,2025-10-09,2026-09-05T20:19:14Z,2026-09-05T20:19:14Z,1,c632d657f9c13b1250d688394eb7c99956a994527cb56f4a77c86ed61ff1dbda,"{""record_no"":181,""country"":""イラン Islamic Republic of Iran"",""aliases"":[],""wmd"":""ミサイル M"",""conventional_weapons"":""""}"
OJE PARVAZ MADO NAFAR COMPANY,ojeparvazmadonafarcompany,経済産業省 外国ユーザーリスト,c632d657f9c13b1250d688394eb7c99956a994527cb56f4a77c86ed61ff1dbda:182,https://www.meti.go.jp/policy/anpo/20250929_3.pdf,data/raw/meti_manual/20260905T201914Z__c632d657f9c1__20250929_3.pdf,2025-09-29,2025-10-09,2026-09-05T20:19:14Z,2026-09-05T20:19:14Z,1,c632d657f9c13b1250d688394eb7c99956a994527cb56f4a77c86ed61ff1dbda,"{""record_no"":182,""country"":""イラン Islamic Republic of Iran"",""aliases"":[""OWJ PARVAZ MADO NAFAR COMPANY LLC""],""wmd"":""ミサイル M"",""conventional_weapons"":""通常兵器 CW""}"
Omran Sahel,omransahel,経済産業省 外国ユーザーリスト,c632d657f9c13b1250d688394eb7c99956a994527cb56f4a77c86ed61ff1dbda:183,https://www.meti.go.jp/policy/anpo/20250929_3.pdf,data/raw/meti_manual/20260905T201914Z__c632d657f9c1__20250929_3.pdf,2025-09-29,2025-10-09,2026-09-05T20:19:14Z,2026-09-05T20:19:14Z,1,c632d657f9c13b1250d688394eb7c99956a994527cb56f4a77c86ed61ff1dbda,"{""record_no"":183,""country"":""イラン Islamic Republic of Iran"",""aliases"":[],""wmd"":""生物、化学、ミサイル、核 B,C,M,N"",""conventional_weapons"":""""}"
Organisation of Defensive Innovation and Research,organisationofdefensiveinnovationandresearch,経済産業省 外国ユーザーリスト,c632d657f9c13b1250d688394eb7c99956a994527cb56f4a77c86ed61ff1dbda:184,https://www.meti.go.jp/policy/anpo/20250929_3.pdf,data/raw/meti_manual/20260905T201914Z__c632d657f9c1__20250929_3.pdf,2025-09-29,2025-10-09,2026-09-05T20:19:14Z,2026-09-05T20:19:14Z,1,c632d657f9c13b1250d688394eb7c99956a994527cb56f4a77c86ed61ff1dbda,"{""record_no"":184,""country"":""イラン Islamic Republic of Iran"",""aliases"":[""SPND""],""wmd"":""核 N"",""conventional_weapons"":""""}"
Oriental Oil Kish,orientaloilkish,経済産業省 外国ユーザーリスト,c632d657f9c13b1250d688394eb7c99956a994527cb56f4a77c86ed61ff1dbda:185,https://www.meti.go.jp/policy/anpo/20250929_3.pdf,data/raw/meti_manual/20260905T201914Z__c632d657f9c1__20250929_3.pdf,2025-09-29,2025-10-09,2026-09-05T20:19:14Z,2026-09-05T20:19:14Z,1,c632d657f9c13b1250d688394eb7c99956a994527cb56f4a77c86ed61ff1dbda,"{""record_no"":185,""country"":""イラン Islamic Republic of Iran"",""aliases"":[],""wmd"":""生物、化学、ミサイル、核 B,C,M,N"",""conventional_weapons"":""""}"
Paradise Medical Pioneers Company,paradisemedicalpioneerscompany,経済産業省 外国ユーザーリスト,c632d657f9c13b1250d688394eb7c99956a994527cb56f4a77c86ed61ff1dbda:186,https://www.meti.go.jp/policy/anpo/20250929_3.pdf,data/raw/meti_manual/20260905T201914Z__c632d657f9c1__20250929_3.pdf,2025-09-29,2025-10-09,2026-09-05T20:19:14Z,2026-09-05T20:19:14Z,1,c632d657f9c13b1250d688394eb7c99956a994527cb56f4a77c86ed61ff1dbda,"{""record_no"":186,""country"":""イラン Islamic Republic of Iran"",""aliases"":[""PMP""],""wmd"":""ミサイル、核 M,N"",""conventional_weapons"":""""}"
PARAVAR PARS COMPANY,paravarparscompany,経済産業省 外国ユーザーリスト,c632d657f9c13b1250d688394eb7c99956a994527cb56f4a77c86ed61ff1dbda:187,https://www.meti.go.jp/policy/anpo/20250929_3.pdf,data/raw/meti_manual/20260905T201914Z__c632d657f9c1__20250929_3.pdf,2025-09-29,2025-10-09,2026-09-05T20:19:14Z,2026-09-05T20:19:14Z,1,c632d657f9c13b1250d688394eb7c99956a994527cb56f4a77c86ed61ff1dbda,"{""record_no"":187,""country"":""イラン Islamic Republic of Iran"",""aliases"":[],""wmd"":""ミサイル M"",""conventional_weapons"":""通常兵器 CW""}"
Parchin Chemical Industries (PCI),parchinchemicalindustries(pci),経済産業省 外国ユーザーリスト,c632d657f9c13b1250d688394eb7c99956a994527cb56f4a77c86ed61ff1dbda:188,https://www.meti.go.jp/policy/anpo/20250929_3.pdf,data/raw/meti_manual/20260905T201914Z__c632d657f9c1__20250929_3.pdf,2025-09-29,2025-10-09,2026-09-05T20:19:14Z,2026-09-05T20:19:14Z,1,c632d657f9c13b1250d688394eb7c99956a994527cb56f4a77c86ed61ff1dbda,"{""record_no"":188,""country"":""イラン Islamic Republic of Iran"",""aliases"":[""Para Chemical Industries"",""Parchin Chemical Factories (PCF)"",""Parchin Chemical Industries Group""],""wmd"":""化学、ミサイル C,M"",""conventional_weapons"":""""}"
PARDAZAN SYSTEM NAMAD ARMAN,pardazansystemnamadarman,経済産業省 外国ユーザーリスト,c632d657f9c13b1250d688394eb7c99956a994527cb56f4a77c86ed61ff1dbda:189,https://www.meti.go.jp/policy/anpo/20250929_3.pdf,data/raw/meti_manual/20260905T201914Z__c632d657f9c1__20250929_3.pdf,2025-09-29,2025-10-09,2026-09-05T20:19:14Z,2026-09-05T20:19:14Z,1,c632d657f9c13b1250d688394eb7c99956a994527cb56f4a77c86ed61ff1dbda,"{""record_no"":189,""country"":""イラン Islamic Republic of Iran"",""aliases"":[""FARAZ TEGARAT ERTEBAT COMPANY"",""PARDAZAN SYSTEM HOUSES ARMAN"",""PASNA"",""PASNA INDUSTRY CO."",""PASNA INTERNATION TRADING CO."",""POUYAN ELECTRONIC CO."",""SINO TRADER COMPANY""],""wmd"":""ミサイル、核 M,N"",""conventional_weapons"":""通常兵器 CW""}"
Pars Amayesh Sanaat Kish,parsamayeshsanaatkish,経済産業省 外国ユーザーリスト,c632d657f9c13b1250d688394eb7c99956a994527cb56f4a77c86ed61ff1dbda:190,https://www.meti.go.jp/policy/anpo/20250929_3.pdf,data/raw/meti_manual/20260905T201914Z__c632d657f9c1__20250929_3.pdf,2025-09-29,2025-10-09,2026-09-05T20:19:14Z,2026-09-05T20:19:14Z,1,c632d657f9c13b1250d688394eb7c99956a994527cb56f4a77c86ed61ff1dbda,"{""record_no"":190,""country"":""イラン Islamic Republic of Iran"",""aliases"":[""PASK"",""Vacuum Karan"",""Vacuum Karan Co."",""Vacuumkaran""],""wmd"":""生物、化学、ミサイル、核 B,C,M,N"",""conventional_weapons"":""""}"
Pars Aviation Services Company,parsaviationservicescompany,経済産業省 外国ユーザーリスト,c632d657f9c13b1250d688394eb7c99956a994527cb56f4a77c86ed61ff1dbda:191,https://www.meti.go.jp/policy/anpo/20250929_3.pdf,data/raw/meti_manual/20260905T201914Z__c632d657f9c1__20250929_3.pdf,2025-09-29,2025-10-09,2026-09-05T20:19:14Z,2026-09-05T20:19:14Z,1,c632d657f9c13b1250d688394eb7c99956a994527cb56f4a77c86ed61ff1dbda,"{""record_no"":191,""country"":""イラン Islamic Republic of Iran"",""aliases"":[],""wmd"":""ミサイル、核 M,N"",""conventional_weapons"":""""}"
PARS REACTORS CONSTRUCTION AND DEVELOPMENT COMPANY,parsreactorsconstructionanddevelopmentcompany,経済産業省 外国ユーザーリスト,c632d657f9c13b1250d688394eb7c99956a994527cb56f4a77c86ed61ff1dbda:192,https://www.meti.go.jp/policy/anpo/20250929_3.pdf,data/raw/meti_manual/20260905T201914Z__c632d657f9c1__20250929_3.pdf,2025-09-29,2025-10-09,2026-09-05T20:19:14Z,2026-09-05T20:19:14Z,1,c632d657f9c13b1250d688394eb7c99956a994527cb56f4a77c86ed61ff1dbda,"{""record_no"":192,""country"":""イラン Islamic Republic of Iran"",""aliases"":[""SATRA PARS COMPANY""],""wmd"":""核 N"",""conventional_weapons"":""""}"
Parto Sanat Company,partosanatcompany,経済産業省 外国ユーザーリスト,c632d657f9c13b1250d688394eb7c99956a994527cb56f4a77c86ed61ff1dbda:193,https://www.meti.go.jp/policy/anpo/20250929_3.pdf,data/raw/meti_manual/20260905T201914Z__c632d657f9c1__20250929_3.pdf,2025-09-29,2025-10-09,2026-09-05T20:19:14Z,2026-09-05T20:19:14Z,1,c632d657f9c13b1250d688394eb7c99956a994527cb56f4a77c86ed61ff1dbda,"{""record_no"":193,""country"":""イラン Islamic Republic of Iran"",""aliases"":[""Parto Sanat Co.""],""wmd"":""核 N"",""conventional_weapons"":""""}"
Passive Defense Organization,passivedefenseorganization,経済産業省 外国ユーザーリスト,c632d657f9c13b1250d688394eb7c99956a994527cb56f4a77c86ed61ff1dbda:194,https://www.meti.go.jp/policy/anpo/20250929_3.pdf,data/raw/meti_manual/20260905T201914Z__c632d657f9c1__20250929_3.pdf,2025-09-29,2025-10-09,2026-09-05T20:19:14Z,2026-09-05T20:19:14Z,1,c632d657f9c13b1250d688394eb7c99956a994527cb56f4a77c86ed61ff1dbda,"{""record_no"":194,""country"":""イラン Islamic Republic of Iran"",""aliases"":[],""wmd"":""核 N"",""conventional_weapons"":""""}"
Paya Parto,payaparto,経済産業省 外国ユーザーリスト,c632d657f9c13b1250d688394eb7c99956a994527cb56f4a77c86ed61ff1dbda:195,https://www.meti.go.jp/policy/anpo/20250929_3.pdf,data/raw/meti_manual/20260905T201914Z__c632d657f9c1__20250929_3.pdf,2025-09-29,2025-10-09,2026-09-05T20:19:14Z,2026-09-05T20:19:14Z,1,c632d657f9c13b1250d688394eb7c99956a994527cb56f4a77c86ed61ff1dbda,"{""record_no"":195,""country"":""イラン Islamic Republic of Iran"",""aliases"":[""Paya Partov"",""Paya Partov Co.""],""wmd"":""核 N"",""conventional_weapons"":""""}"
PEGAH ALUMINUM ARAK COMPANY,pegahaluminumarakcompany,経済産業省 外国ユーザーリスト,c632d657f9c13b1250d688394eb7c99956a994527cb56f4a77c86ed61ff1dbda:196,https://www.meti.go.jp/policy/anpo/20250929_3.pdf,data/raw/meti_manual/20260905T201914Z__c632d657f9c1__20250929_3.pdf,2025-09-29,2025-10-09,2026-09-05T20:19:14Z,2026-09-05T20:19:14Z,1,c632d657f9c13b1250d688394eb7c99956a994527cb56f4a77c86ed61ff1dbda,"{""record_no"":196,""country"":""イラン Islamic Republic of Iran"",""aliases"":[""ALUMINUM PEGAH ARAK"",""PEGAH ALUMINUM COMPANY""],""wmd"":""核 N"",""conventional_weapons"":""""}"
Pentane Chemistry Industries (PCI),pentanechemistryindustries(pci),経済産業省 外国ユーザーリスト,c632d657f9c13b1250d688394eb7c99956a994527cb56f4a77c86ed61ff1dbda:197,https://www.meti.go.jp/policy/anpo/20250929_3.pdf,data/raw/meti_manual/20260905T201914Z__c632d657f9c1__20250929_3.pdf,2025-09-29,2025-10-09,2026-09-05T20:19:14Z,2026-09-05T20:19:14Z,1,c632d657f9c13b1250d688394eb7c99956a994527cb56f4a77c86ed61ff1dbda,"{""record_no"":197,""country"":""イラン Islamic Republic of Iran"",""aliases"":[""Pentane Chemistry"",""Pentane Chemistry Industries Company"",""Pentane Chemistry Industry Company""],""wmd"":""核 N"",""conventional_weapons"":""""}"
PISHGAM ELECTRONIC SAFEH COMPANY,pishgamelectronicsafehcompany,経済産業省 外国ユーザーリスト,c632d657f9c13b1250d688394eb7c99956a994527cb56f4a77c86ed61ff1dbda:198,https://www.meti.go.jp/policy/anpo/20250929_3.pdf,data/raw/meti_manual/20260905T201914Z__c632d657f9c1__20250929_3.pdf,2025-09-29,2025-10-09,2026-09-05T20:19:14Z,2026-09-05T20:19:14Z,1,c632d657f9c13b1250d688394eb7c99956a994527cb56f4a77c86ed61ff1dbda,"{""record_no"":198,""country"":""イラン Islamic Republic of Iran"",""aliases"":[""PISHGAM ELECTRONIC SOFEH COMPANY""],""wmd"":""ミサイル M"",""conventional_weapons"":""通常兵器 CW""}"
PISHRO MOBTAKER PEYVAND,pishromobtakerpeyvand,経済産業省 外国ユーザーリスト,c632d657f9c13b1250d688394eb7c99956a994527cb56f4a77c86ed61ff1dbda:199,https://www.meti.go.jp/policy/anpo/20250929_3.pdf,data/raw/meti_manual/20260905T201914Z__c632d657f9c1__20250929_3.pdf,2025-09-29,2025-10-09,2026-09-05T20:19:14Z,2026-09-05T20:19:14Z,1,c632d657f9c13b1250d688394eb7c99956a994527cb56f4a77c86ed61ff1dbda,"{""record_no"":199,""country"":""イラン Islamic Republic of Iran"",""aliases"":[""PISHRA MOBTAKER PEYVAND COMPANY"",""PISHRO MOBTAKER PEIVAND"",""LEADING INNOVATOR LINK""],""wmd"":""核 N"",""conventional_weapons"":""""}"
Pishro Systems Research Company,pishrosystemsresearchcompany,経済産業省 外国ユーザーリスト,c632d657f9c13b1250d688394eb7c99956a994527cb56f4a77c86ed61ff1dbda:200,https://www.meti.go.jp/policy/anpo/20250929_3.pdf,data/raw/meti_manual/20260905T201914Z__c632d657f9c1__20250929_3.pdf,2025-09-29,2025-10-09,2026-09-05T20:19:14Z,2026-09-05T20:19:14Z,1,c632d657f9c13b1250d688394eb7c99956a994527cb56f4a77c86ed61ff1dbda,"{""record_no"":200,""country"":""イラン Islamic Republic of Iran"",""aliases"":[""Advanced Systems Research Company"",""ASRC"",""Center for Advanced Systems Research"",""CRAS"",""Pishro Company""],""wmd"":""核 N"",""conventional_weapons"":""""}"
"PISHTAZAN KAVOSH GOSTAR BOSHRA, LLC","pishtazankavoshgostarboshra,llc",経済産業省 外国ユーザーリスト,c632d657f9c13b1250d688394eb7c99956a994527cb56f4a77c86ed61ff1dbda:201,https://www.meti.go.jp/policy/anpo/20250929_3.pdf,data/raw/meti_manual/20260905T201914Z__c632d657f9c1__20250929_3.pdf,2025-09-29,2025-10-09,2026-09-05T20:19:14Z,2026-09-05T20:19:14Z,1,c632d657f9c13b1250d688394eb7c99956a994527cb56f4a77c86ed61ff1dbda,"{""record_no"":201,""country"":""イラン Islamic Republic of Iran"",""aliases"":[""KAVOSH GOSTAR BOSHRA LLC"",""PISHTAZAN KAVOSH GOSTAR BASHARA LLC"",""PISHTAZAN KAVOSH GOSTAR BUSHRA COMPANY, LLC"",""PISHTAZAN KAVOSH GOSTAR BUSHRA LLC""],""wmd"":""ミサイル M"",""conventional_weapons"":""""}"
Pouya Air,pouyaair,経済産業省 外国ユーザーリスト,c632d657f9c13b1250d688394eb7c99956a994527cb56f4a77c86ed61ff1dbda:202,https://www.meti.go.jp/policy/anpo/20250929_3.pdf,data/raw/meti_manual/20260905T201914Z__c632d657f9c1__20250929_3.pdf,2025-09-29,2025-10-09,2026-09-05T20:19:14Z,2026-09-05T20:19:14Z,1,c632d657f9c13b1250d688394eb7c99956a994527cb56f4a77c86ed61ff1dbda,"{""record_no"":202,""country"":""イラン Islamic Republic of Iran"",""aliases"":[""Pouya Airlines"",""Yas Air"",""Yas Air Cargo Airline"",""Yas Air Kish""],""wmd"":""ミサイル、核 M,N"",""conventional_weapons"":""通常兵器 CW""}"
Pouya Control,pouyacontrol,経済産業省 外国ユーザーリスト,c632d657f9c13b1250d688394eb7c99956a994527cb56f4a77c86ed61ff1dbda:203,https://www.meti.go.jp/policy/anpo/20250929_3.pdf,data/raw/meti_manual/20260905T201914Z__c632d657f9c1__20250929_3.pdf,2025-09-29,2025-10-09,2026-09-05T20:19:14Z,2026-09-05T20:19:14Z,1,c632d657f9c13b1250d688394eb7c99956a994527cb56f4a77c86ed61ff1dbda,"{""record_no"":203,""country"":""イラン Islamic Republic of Iran"",""aliases"":[""Nam-Avaran-E Pouya Control"",""Tejerat Gostar Nikan Iranian Company""],""wmd"":""核 N"",""conventional_weapons"":""""}"
PUYA ELECTRO SAMAN NIRU,puyaelectrosamanniru,経済産業省 外国ユーザーリスト,c632d657f9c13b1250d688394eb7c99956a994527cb56f4a77c86ed61ff1dbda:204,https://www.meti.go.jp/policy/anpo/20250929_3.pdf,data/raw/meti_manual/20260905T201914Z__c632d657f9c1__20250929_3.pdf,2025-09-29,2025-10-09,2026-09-05T20:19:14Z,2026-09-05T20:19:14Z,1,c632d657f9c13b1250d688394eb7c99956a994527cb56f4a77c86ed61ff1dbda,"{""record_no"":204,""country"":""イラン Islamic Republic of Iran"",""aliases"":[""PULSE NIRU"",""PULSE NIRU CO"",""PULSE NIRU INDUSTRIES"",""PULSENIRU INC.""],""wmd"":""ミサイル、核 M,N"",""conventional_weapons"":""""}"
Qeshm Madkandaloo Shipbuilding Cooperative Co,qeshmmadkandalooshipbuildingcooperativeco,経済産業省 外国ユーザーリスト,c632d657f9c13b1250d688394eb7c99956a994527cb56f4a77c86ed61ff1dbda:205,https://www.meti.go.jp/policy/anpo/20250929_3.pdf,data/raw/meti_manual/20260905T201914Z__c632d657f9c1__20250929_3.pdf,2025-09-29,2025-10-09,2026-09-05T20:19:14Z,2026-09-05T20:19:14Z,1,c632d657f9c13b1250d688394eb7c99956a994527cb56f4a77c86ed61ff1dbda,"{""record_no"":205,""country"":""イラン Islamic Republic of Iran"",""aliases"":[""Mad Kandalu Company"",""Mad Kandalu Shipbuilding Cooperative"",""Mad Kandalu Shipbuilding Cooperative qeshm"",""Madkandalou Company""],""wmd"":""ミサイル M"",""conventional_weapons"":""通常兵器 CW""}"
Qods Aeronautics Industries,qodsaeronauticsindustries,経済産業省 外国ユーザーリスト,c632d657f9c13b1250d688394eb7c99956a994527cb56f4a77c86ed61ff1dbda:206,https://www.meti.go.jp/policy/anpo/20250929_3.pdf,data/raw/meti_manual/20260905T201914Z__c632d657f9c1__20250929_3.pdf,2025-09-29,2025-10-09,2026-09-05T20:19:14Z,2026-09-05T20:19:14Z,1,c632d657f9c13b1250d688394eb7c99956a994527cb56f4a77c86ed61ff1dbda,"{""record_no"":206,""country"":""イラン Islamic Republic of Iran"",""aliases"":[""Qods Aviation Industries"",""Qods Research Center""],""wmd"":""生物、化学、ミサイル、核 B,C,M,N"",""conventional_weapons"":""通常兵器 CW""}"
Raad Iran,raadiran,経済産業省 外国ユーザーリスト,c632d657f9c13b1250d688394eb7c99956a994527cb56f4a77c86ed61ff1dbda:207,https://www.meti.go.jp/policy/anpo/20250929_3.pdf,data/raw/meti_manual/20260905T201914Z__c632d657f9c1__20250929_3.pdf,2025-09-29,2025-10-09,2026-09-05T20:19:14Z,2026-09-05T20:19:14Z,1,c632d657f9c13b1250d688394eb7c99956a994527cb56f4a77c86ed61ff1dbda,"{""record_no"":207,""country"":""イラン Islamic Republic of Iran"",""aliases"":[""Raad Automation Company""],""wmd"":""核 N"",""conventional_weapons"":""""}"
Rahab Engineering Institute,rahabengineeringinstitute,経済産業省 外国ユーザーリスト,c632d657f9c13b1250d688394eb7c99956a994527cb56f4a77c86ed61ff1dbda:208,https://www.meti.go.jp/policy/anpo/20250929_3.pdf,data/raw/meti_manual/20260905T201914Z__c632d657f9c1__20250929_3.pdf,2025-09-29,2025-10-09,2026-09-05T20:19:14Z,2026-09-05T20:19:14Z,1,c632d657f9c13b1250d688394eb7c99956a994527cb56f4a77c86ed61ff1dbda,"{""record_no"":208,""country"":""イラン Islamic Republic of Iran"",""aliases"":[""Rahab Institute"",""Rahsaz Institute""],""wmd"":""生物、化学、ミサイル、核 B,C,M,N"",""conventional_weapons"":""""}"
RAH ROSHD INTERNATIONAL TRADE EXCHANGES DEVELOPMENT,rahroshdinternationaltradeexchangesdevelopment,経済産業省 外国ユーザーリスト,c632d657f9c13b1250d688394eb7c99956a994527cb56f4a77c86ed61ff1dbda:209,https://www.meti.go.jp/policy/anpo/20250929_3.pdf,data/raw/meti_manual/20260905T201914Z__c632d657f9c1__20250929_3.pdf,2025-09-29,2025-10-09,2026-09-05T20:19:14Z,2026-09-05T20:19:14Z,1,c632d657f9c13b1250d688394eb7c99956a994527cb56f4a77c86ed61ff1dbda,"{""record_no"":209,""country"":""イラン Islamic Republic of Iran"",""aliases"":[""RAH ROSHD COMPANY"",""RAH ROSHD ENGINEERING CO"",""RAH ROSHD INTERNATIONAL TRADE DEVELOPMENT COMPANY"",""TOSE'E MOBADLAT BAZARGANI BEYN OLMELALI RAH ROSHD"",""RAH ROSHD""],""wmd"":""ミサイル M"",""conventional_weapons"":""通常兵器 CW""}"
Rah Sahel,rahsahel,経済産業省 外国ユーザーリスト,c632d657f9c13b1250d688394eb7c99956a994527cb56f4a77c86ed61ff1dbda:210,https://www.meti.go.jp/policy/anpo/20250929_3.pdf,data/raw/meti_manual/20260905T201914Z__c632d657f9c1__20250929_3.pdf,2025-09-29,2025-10-09,2026-09-05T20:19:14Z,2026-09-05T20:19:14Z,1,c632d657f9c13b1250d688394eb7c99956a994527cb56f4a77c86ed61ff1dbda,"{""record_no"":210,""country"":""イラン Islamic Republic of Iran"",""aliases"":[""Rah Sahel Institute""],""wmd"":""生物、化学、ミサイル、核 B,C,M,N"",""conventional_weapons"":""""}"
Raka,raka,経済産業省 外国ユーザーリスト,c632d657f9c13b1250d688394eb7c99956a994527cb56f4a77c86ed61ff1dbda:211,https://www.meti.go.jp/policy/anpo/20250929_3.pdf,data/raw/meti_manual/20260905T201914Z__c632d657f9c1__20250929_3.pdf,2025-09-29,2025-10-09,2026-09-05T20:19:14Z,2026-09-05T20:19:14Z,1,c632d657f9c13b1250d688394eb7c99956a994527cb56f4a77c86ed61ff1dbda,"{""record_no"":211,""country"":""イラン Islamic Republic of Iran"",""aliases"":[],""wmd"":""核 N"",""conventional_weapons"":""""}"
Rastafann Ertebat Engineering Company,rastafannertebatengineeringcompany,経済産業省 外国ユーザーリスト,c632d657f9c13b1250d688394eb7c99956a994527cb56f4a77c86ed61ff1dbda:212,https://www.meti.go.jp/policy/anpo/20250929_3.pdf,data/raw/meti_manual/20260905T201914Z__c632d657f9c1__20250929_3.pdf,2025-09-29,2025-10-09,2026-09-05T20:19:14Z,2026-09-05T20:19:14Z,1,c632d657f9c13b1250d688394eb7c99956a994527cb56f4a77c86ed61ff1dbda,"{""record_no"":212,""country"":""イラン Islamic Republic of Iran"",""aliases"":[""Rasstafann Co"",""Rastafan"",""Rastafann""],""wmd"":""ミサイル M"",""conventional_weapons"":""通常兵器 CW""}"
Rayan Roshd Afzar Company,rayanroshdafzarcompany,経済産業省 外国ユーザーリスト,c632d657f9c13b1250d688394eb7c99956a994527cb56f4a77c86ed61ff1dbda:213,https://www.meti.go.jp/policy/anpo/20250929_3.pdf,data/raw/meti_manual/20260905T201914Z__c632d657f9c1__20250929_3.pdf,2025-09-29,2025-10-09,2026-09-05T20:19:14Z,2026-09-05T20:19:14Z,1,c632d657f9c13b1250d688394eb7c99956a994527cb56f4a77c86ed61ff1dbda,"{""record_no"":213,""country"":""イラン Islamic Republic of Iran"",""aliases"":[""Rayan Roshd Company"",""Rayan Roshd""],""wmd"":""ミサイル M"",""conventional_weapons"":""通常兵器 CW""}"
Research Centre for Explosion and Impact,researchcentreforexplosionandimpact,経済産業省 外国ユーザーリスト,c632d657f9c13b1250d688394eb7c99956a994527cb56f4a77c86ed61ff1dbda:214,https://www.meti.go.jp/policy/anpo/20250929_3.pdf,data/raw/meti_manual/20260905T201914Z__c632d657f9c1__20250929_3.pdf,2025-09-29,2025-10-09,2026-09-05T20:19:14Z,2026-09-05T20:19:14Z,1,c632d657f9c13b1250d688394eb7c99956a994527cb56f4a77c86ed61ff1dbda,"{""record_no"":214,""country"":""イラン Islamic Republic of Iran"",""aliases"":[""METFAZ""],""wmd"":""核 N"",""conventional_weapons"":""""}"
Rosmachin,rosmachin,経済産業省 外国ユーザーリスト,c632d657f9c13b1250d688394eb7c99956a994527cb56f4a77c86ed61ff1dbda:215,https://www.meti.go.jp/policy/anpo/20250929_3.pdf,data/raw/meti_manual/20260905T201914Z__c632d657f9c1__20250929_3.pdf,2025-09-29,2025-10-09,2026-09-05T20:19:14Z,2026-09-05T20:19:14Z,1,c632d657f9c13b1250d688394eb7c99956a994527cb56f4a77c86ed61ff1dbda,"{""record_no"":215,""country"":""イラン Islamic Republic of Iran"",""aliases"":[],""wmd"":""ミサイル、核 M,N"",""conventional_weapons"":""""}"
Saad Sazeh Faraz Sharif,saadsazehfarazsharif,経済産業省 外国ユーザーリスト,c632d657f9c13b1250d688394eb7c99956a994527cb56f4a77c86ed61ff1dbda:216,https://www.meti.go.jp/policy/anpo/20250929_3.pdf,data/raw/meti_manual/20260905T201914Z__c632d657f9c1__20250929_3.pdf,2025-09-29,2025-10-09,2026-09-05T20:19:14Z,2026-09-05T20:19:14Z,1,c632d657f9c13b1250d688394eb7c99956a994527cb56f4a77c86ed61ff1dbda,"{""record_no"":216,""country"":""イラン Islamic Republic of Iran"",""aliases"":[""Daria Fanavar Borhan Sharif"",""Sadid Sazeh Parvaz Sharif""],""wmd"":""ミサイル M"",""conventional_weapons"":""通常兵器 CW""}"
SABERIN KISH COMPANY,saberinkishcompany,経済産業省 外国ユーザーリスト,c632d657f9c13b1250d688394eb7c99956a994527cb56f4a77c86ed61ff1dbda:217,https://www.meti.go.jp/policy/anpo/20250929_3.pdf,data/raw/meti_manual/20260905T201914Z__c632d657f9c1__20250929_3.pdf,2025-09-29,2025-10-09,2026-09-05T20:19:14Z,2026-09-05T20:19:14Z,1,c632d657f9c13b1250d688394eb7c99956a994527cb56f4a77c86ed61ff1dbda,"{""record_no"":217,""country"":""イラン Islamic Republic of Iran"",""aliases"":[""SABERIN KISH CO."",""TEJARAT PAYDAR OFOGH""],""wmd"":""ミサイル M"",""conventional_weapons"":""通常兵器 CW""}"
Sad Export Import Company,sadexportimportcompany,経済産業省 外国ユーザーリスト,c632d657f9c13b1250d688394eb7c99956a994527cb56f4a77c86ed61ff1dbda:218,https://www.meti.go.jp/policy/anpo/20250929_3.pdf,data/raw/meti_manual/20260905T201914Z__c632d657f9c1__20250929_3.pdf,2025-09-29,2025-10-09,2026-09-05T20:19:14Z,2026-09-05T20:19:14Z,1,c632d657f9c13b1250d688394eb7c99956a994527cb56f4a77c86ed61ff1dbda,"{""record_no"":218,""country"":""イラン Islamic Republic of Iran"",""aliases"":[""SAD Import & Export Company""],""wmd"":""ミサイル、核 M,N"",""conventional_weapons"":""""}"
Sadid Caran Saba Engineering Company,sadidcaransabaengineeringcompany,経済産業省 外国ユーザーリスト,c632d657f9c13b1250d688394eb7c99956a994527cb56f4a77c86ed61ff1dbda:219,https://www.meti.go.jp/policy/anpo/20250929_3.pdf,data/raw/meti_manual/20260905T201914Z__c632d657f9c1__20250929_3.pdf,2025-09-29,2025-10-09,2026-09-05T20:19:14Z,2026-09-05T20:19:14Z,1,c632d657f9c13b1250d688394eb7c99956a994527cb56f4a77c86ed61ff1dbda,"{""record_no"":219,""country"":""イラン Islamic Republic of Iran"",""aliases"":[""S.C. SABA ENG CO."",""SABA CRANE"",""Sadid Caran Saba Company"",""Sadid Caran Saba Eng. Co.""],""wmd"":""ミサイル M"",""conventional_weapons"":""""}"
Safety Equipment Procurement (SEP),safetyequipmentprocurement(sep),経済産業省 外国ユーザーリスト,c632d657f9c13b1250d688394eb7c99956a994527cb56f4a77c86ed61ff1dbda:220,https://www.meti.go.jp/policy/anpo/20250929_3.pdf,data/raw/meti_manual/20260905T201914Z__c632d657f9c1__20250929_3.pdf,2025-09-29,2025-10-09,2026-09-05T20:19:14Z,2026-09-05T20:19:14Z,1,c632d657f9c13b1250d688394eb7c99956a994527cb56f4a77c86ed61ff1dbda,"{""record_no"":220,""country"":""イラン Islamic Republic of Iran"",""aliases"":[""Safety Equipment Procurement Company"",""SEP Co.""],""wmd"":""生物、化学、ミサイル、核 B,C,M,N"",""conventional_weapons"":""""}"
Sahel Consultant Engineers,sahelconsultantengineers,経済産業省 外国ユーザーリスト,c632d657f9c13b1250d688394eb7c99956a994527cb56f4a77c86ed61ff1dbda:221,https://www.meti.go.jp/policy/anpo/20250929_3.pdf,data/raw/meti_manual/20260905T201914Z__c632d657f9c1__20250929_3.pdf,2025-09-29,2025-10-09,2026-09-05T20:19:14Z,2026-09-05T20:19:14Z,1,c632d657f9c13b1250d688394eb7c99956a994527cb56f4a77c86ed61ff1dbda,"{""record_no"":221,""country"":""イラン Islamic Republic of Iran"",""aliases"":[],""wmd"":""生物、化学、ミサイル、核 B,C,M,N"",""conventional_weapons"":""""}"
SAMAN INDUSTRIAL GROUP,samanindustrialgroup,経済産業省 外国ユーザーリスト,c632d657f9c13b1250d688394eb7c99956a994527cb56f4a77c86ed61ff1dbda:222,https://www.meti.go.jp/policy/anpo/20250929_3.pdf,data/raw/meti_manual/20260905T201914Z__c632d657f9c1__20250929_3.pdf,2025-09-29,2025-10-09,2026-09-05T20:19:14Z,2026-09-05T20:19:14Z,1,c632d657f9c13b1250d688394eb7c99956a994527cb56f4a77c86ed61ff1dbda,"{""record_no"":222,""country"":""イラン Islamic Republic of Iran"",""aliases"":[],""wmd"":""ミサイル M"",""conventional_weapons"":""通常兵器 CW""}"
Saman Nasb Zayendeh Rood,samannasbzayendehrood,経済産業省 外国ユーザーリスト,c632d657f9c13b1250d688394eb7c99956a994527cb56f4a77c86ed61ff1dbda:223,https://www.meti.go.jp/policy/anpo/20250929_3.pdf,data/raw/meti_manual/20260905T201914Z__c632d657f9c1__20250929_3.pdf,2025-09-29,2025-10-09,2026-09-05T20:19:14Z,2026-09-05T20:19:14Z,1,c632d657f9c13b1250d688394eb7c99956a994527cb56f4a77c86ed61ff1dbda,"{""record_no"":223,""country"":""イラン Islamic Republic of Iran"",""aliases"":[""Saman Nasbzainde Rood""],""wmd"":""核 N"",""conventional_weapons"":""""}"
SAMAN TEJARAT BARMAN TRADINGCOMPANY,samantejaratbarmantradingcompany,経済産業省 外国ユーザーリスト,c632d657f9c13b1250d688394eb7c99956a994527cb56f4a77c86ed61ff1dbda:224,https://www.meti.go.jp/policy/anpo/20250929_3.pdf,data/raw/meti_manual/20260905T201914Z__c632d657f9c1__20250929_3.pdf,2025-09-29,2025-10-09,2026-09-05T20:19:14Z,2026-09-05T20:19:14Z,1,c632d657f9c13b1250d688394eb7c99956a994527cb56f4a77c86ed61ff1dbda,"{""record_no"":224,""country"":""イラン Islamic Republic of Iran"",""aliases"":[],""wmd"":""化学 C"",""conventional_weapons"":""""}"
Sanam Industrial Group,sanamindustrialgroup,経済産業省 外国ユーザーリスト,c632d657f9c13b1250d688394eb7c99956a994527cb56f4a77c86ed61ff1dbda:225,https://www.meti.go.jp/policy/anpo/20250929_3.pdf,data/raw/meti_manual/20260905T201914Z__c632d657f9c1__20250929_3.pdf,2025-09-29,2025-10-09,2026-09-05T20:19:14Z,2026-09-05T20:19:14Z,1,c632d657f9c13b1250d688394eb7c99956a994527cb56f4a77c86ed61ff1dbda,"{""record_no"":225,""country"":""イラン Islamic Republic of Iran"",""aliases"":[""Sanam Industries Group""],""wmd"":""ミサイル、核 M,N"",""conventional_weapons"":""""}"
Sarmad Electronic Sepahan Company,sarmadelectronicsepahancompany,経済産業省 外国ユーザーリスト,c632d657f9c13b1250d688394eb7c99956a994527cb56f4a77c86ed61ff1dbda:226,https://www.meti.go.jp/policy/anpo/20250929_3.pdf,data/raw/meti_manual/20260905T201914Z__c632d657f9c1__20250929_3.pdf,2025-09-29,2025-10-09,2026-09-05T20:19:14Z,2026-09-05T20:19:14Z,1,c632d657f9c13b1250d688394eb7c99956a994527cb56f4a77c86ed61ff1dbda,"{""record_no"":226,""country"":""イラン Islamic Republic of Iran"",""aliases"":[""Sarmad Electronic Sepahan"",""Sarmad Electronics Co.""],""wmd"":""ミサイル M"",""conventional_weapons"":""通常兵器 CW""}"
Sazeh Morakab Co. Ltd,sazehmorakabco.ltd,経済産業省 外国ユーザーリスト,c632d657f9c13b1250d688394eb7c99956a994527cb56f4a77c86ed61ff1dbda:227,https://www.meti.go.jp/policy/anpo/20250929_3.pdf,data/raw/meti_manual/20260905T201914Z__c632d657f9c1__20250929_3.pdf,2025-09-29,2025-10-09,2026-09-05T20:19:14Z,2026-09-05T20:19:14Z,1,c632d657f9c13b1250d688394eb7c99956a994527cb56f4a77c86ed61ff1dbda,"{""record_no"":227,""country"":""イラン Islamic Republic of Iran"",""aliases"":[],""wmd"":""ミサイル M"",""conventional_weapons"":""通常兵器 CW""}"
Schiller Novin,schillernovin,経済産業省 外国ユーザーリスト,c632d657f9c13b1250d688394eb7c99956a994527cb56f4a77c86ed61ff1dbda:228,https://www.meti.go.jp/policy/anpo/20250929_3.pdf,data/raw/meti_manual/20260905T201914Z__c632d657f9c1__20250929_3.pdf,2025-09-29,2025-10-09,2026-09-05T20:19:14Z,2026-09-05T20:19:14Z,1,c632d657f9c13b1250d688394eb7c99956a994527cb56f4a77c86ed61ff1dbda,"{""record_no"":228,""country"":""イラン Islamic Republic of Iran"",""aliases"":[],""wmd"":""ミサイル、核 M,N"",""conventional_weapons"":""""}"
SELIN TECHNIC CO,selintechnicco,経済産業省 外国ユーザーリスト,c632d657f9c13b1250d688394eb7c99956a994527cb56f4a77c86ed61ff1dbda:229,https://www.meti.go.jp/policy/anpo/20250929_3.pdf,data/raw/meti_manual/20260905T201914Z__c632d657f9c1__20250929_3.pdf,2025-09-29,2025-10-09,2026-09-05T20:19:14Z,2026-09-05T20:19:14Z,1,c632d657f9c13b1250d688394eb7c99956a994527cb56f4a77c86ed61ff1dbda,"{""record_no"":229,""country"":""イラン Islamic Republic of Iran"",""aliases"":[""SELIN TECHNIC KISH COMPANY""],""wmd"":""ミサイル M"",""conventional_weapons"":""通常兵器 CW""}"
Sepanir,sepanir,経済産業省 外国ユーザーリスト,c632d657f9c13b1250d688394eb7c99956a994527cb56f4a77c86ed61ff1dbda:230,https://www.meti.go.jp/policy/anpo/20250929_3.pdf,data/raw/meti_manual/20260905T201914Z__c632d657f9c1__20250929_3.pdf,2025-09-29,2025-10-09,2026-09-05T20:19:14Z,2026-09-05T20:19:14Z,1,c632d657f9c13b1250d688394eb7c99956a994527cb56f4a77c86ed61ff1dbda,"{""record_no"":230,""country"":""イラン Islamic Republic of Iran"",""aliases"":[""Sepah Nir"",""Sepanir Establishment"",""Sepanir Oil and Gas Energy Engineering Company""],""wmd"":""生物、化学、ミサイル、核 B,C,M,N"",""conventional_weapons"":""""}"
Sepasad Engineering Company,sepasadengineeringcompany,経済産業省 外国ユーザーリスト,c632d657f9c13b1250d688394eb7c99956a994527cb56f4a77c86ed61ff1dbda:231,https://www.meti.go.jp/policy/anpo/20250929_3.pdf,data/raw/meti_manual/20260905T201914Z__c632d657f9c1__20250929_3.pdf,2025-09-29,2025-10-09,2026-09-05T20:19:14Z,2026-09-05T20:19:14Z,1,c632d657f9c13b1250d688394eb7c99956a994527cb56f4a77c86ed61ff1dbda,"{""record_no"":231,""country"":""イラン Islamic Republic of Iran"",""aliases"":[],""wmd"":""生物、化学、ミサイル、核 B,C,M,N"",""conventional_weapons"":""""}"
SHAFAGH SENOBAR YAZD COMPANY LIMITED,shafaghsenobaryazdcompanylimited,経済産業省 外国ユーザーリスト,c632d657f9c13b1250d688394eb7c99956a994527cb56f4a77c86ed61ff1dbda:232,https://www.meti.go.jp/policy/anpo/20250929_3.pdf,data/raw/meti_manual/20260905T201914Z__c632d657f9c1__20250929_3.pdf,2025-09-29,2025-10-09,2026-09-05T20:19:14Z,2026-09-05T20:19:14Z,1,c632d657f9c13b1250d688394eb7c99956a994527cb56f4a77c86ed61ff1dbda,"{""record_no"":232,""country"":""イラン Islamic Republic of Iran"",""aliases"":[""SHAFAGH SANUBAR YAZD COMPANY"",""SHAFAGH SENOBAR COMPANY"",""SHAFAGH SENOBAR YAZD CO. LTD"",""SHAFAGH SENOWBAR YAZD CO.""],""wmd"":""ミサイル M"",""conventional_weapons"":""""}"
SHAHED AVIATION RESEARCH INDUSTRIES CENTER,shahedaviationresearchindustriescenter,経済産業省 外国ユーザーリスト,c632d657f9c13b1250d688394eb7c99956a994527cb56f4a77c86ed61ff1dbda:233,https://www.meti.go.jp/policy/anpo/20250929_3.pdf,data/raw/meti_manual/20260905T201914Z__c632d657f9c1__20250929_3.pdf,2025-09-29,2025-10-09,2026-09-05T20:19:14Z,2026-09-05T20:19:14Z,1,c632d657f9c13b1250d688394eb7c99956a994527cb56f4a77c86ed61ff1dbda,"{""record_no"":233,""country"":""イラン Islamic Republic of Iran"",""aliases"":[""SAIRC"",""Shahed Aviation"",""Shahed Aviation Industries"",""Shahed Aviation Industries Research"",""Shahed Aviation Industries Research Center"",""Shahed Aviation Industries Research Centre""],""wmd"":""ミサイル M"",""conventional_weapons"":""通常兵器 CW""}"
Shahid Ahmad Kazemi Industrial Group (SAKIG),shahidahmadkazemiindustrialgroup(sakig),経済産業省 外国ユーザーリスト,c632d657f9c13b1250d688394eb7c99956a994527cb56f4a77c86ed61ff1dbda:234,https://www.meti.go.jp/policy/anpo/20250929_3.pdf,data/raw/meti_manual/20260905T201914Z__c632d657f9c1__20250929_3.pdf,2025-09-29,2025-10-09,2026-09-05T20:19:14Z,2026-09-05T20:19:14Z,1,c632d657f9c13b1250d688394eb7c99956a994527cb56f4a77c86ed61ff1dbda,"{""record_no"":234,""country"":""イラン Islamic Republic of Iran"",""aliases"":[],""wmd"":""ミサイル M"",""conventional_weapons"":""""}"
Shahid Alamolhoda Industries,shahidalamolhodaindustries,経済産業省 外国ユーザーリスト,c632d657f9c13b1250d688394eb7c99956a994527cb56f4a77c86ed61ff1dbda:235,https://www.meti.go.jp/policy/anpo/20250929_3.pdf,data/raw/meti_manual/20260905T201914Z__c632d657f9c1__20250929_3.pdf,2025-09-29,2025-10-09,2026-09-05T20:19:14Z,2026-09-05T20:19:14Z,1,c632d657f9c13b1250d688394eb7c99956a994527cb56f4a77c86ed61ff1dbda,"{""record_no"":235,""country"":""イラン Islamic Republic of Iran"",""aliases"":[""SAI"",""Shahid Alamolhoda"",""Shahid Alamolhoda Industry""],""wmd"":""ミサイル M"",""conventional_weapons"":""""}"
Shahid Bagheri Industrial Group (SBIG),shahidbagheriindustrialgroup(sbig),経済産業省 外国ユーザーリスト,c632d657f9c13b1250d688394eb7c99956a994527cb56f4a77c86ed61ff1dbda:236,https://www.meti.go.jp/policy/anpo/20250929_3.pdf,data/raw/meti_manual/20260905T201914Z__c632d657f9c1__20250929_3.pdf,2025-09-29,2025-10-09,2026-09-05T20:19:14Z,2026-09-05T20:19:14Z,1,c632d657f9c13b1250d688394eb7c99956a994527cb56f4a77c86ed61ff1dbda,"{""record_no"":236,""country"":""イラン Islamic Republic of Iran"",""aliases"":[""Mahtab Technical Engineering Co."",""Shahid Bagheri Industries Group"",""Shahid Bakeri Industrial Group"",""Shahid Hassan Bagheri Industrial Factories Group""],""wmd"":""ミサイル M"",""conventional_weapons"":""通常兵器 CW""}"
Shahid Beheshti University,shahidbeheshtiuniversity,経済産業省 外国ユーザーリスト,c632d657f9c13b1250d688394eb7c99956a994527cb56f4a77c86ed61ff1dbda:237,https://www.meti.go.jp/policy/anpo/20250929_3.pdf,data/raw/meti_manual/20260905T201914Z__c632d657f9c1__20250929_3.pdf,2025-09-29,2025-10-09,2026-09-05T20:19:14Z,2026-09-05T20:19:14Z,1,c632d657f9c13b1250d688394eb7c99956a994527cb56f4a77c86ed61ff1dbda,"{""record_no"":237,""country"":""イラン Islamic Republic of Iran"",""aliases"":[],""wmd"":""ミサイル、核 M,N"",""conventional_weapons"":""通常兵器 CW""}"
Shahid Cheraghi Industries,shahidcheraghiindustries,経済産業省 外国ユーザーリスト,c632d657f9c13b1250d688394eb7c99956a994527cb56f4a77c86ed61ff1dbda:238,https://www.meti.go.jp/policy/anpo/20250929_3.pdf,data/raw/meti_manual/20260905T201914Z__c632d657f9c1__20250929_3.pdf,2025-09-29,2025-10-09,2026-09-05T20:19:14Z,2026-09-05T20:19:14Z,1,c632d657f9c13b1250d688394eb7c99956a994527cb56f4a77c86ed61ff1dbda,"{""record_no"":238,""country"":""イラン Islamic Republic of Iran"",""aliases"":[],""wmd"":""ミサイル M"",""conventional_weapons"":""通常兵器 CW""}"
Shahid Eslami Research Center,shahideslamiresearchcenter,経済産業省 外国ユーザーリスト,c632d657f9c13b1250d688394eb7c99956a994527cb56f4a77c86ed61ff1dbda:239,https://www.meti.go.jp/policy/anpo/20250929_3.pdf,data/raw/meti_manual/20260905T201914Z__c632d657f9c1__20250929_3.pdf,2025-09-29,2025-10-09,2026-09-05T20:19:14Z,2026-09-05T20:19:14Z,1,c632d657f9c13b1250d688394eb7c99956a994527cb56f4a77c86ed61ff1dbda,"{""record_no"":239,""country"":""イラン Islamic Republic of Iran"",""aliases"":[],""wmd"":""ミサイル M"",""conventional_weapons"":""""}"
Shahid Hemmat Industrial Group (SHIG),shahidhemmatindustrialgroup(shig),経済産業省 外国ユーザーリスト,c632d657f9c13b1250d688394eb7c99956a994527cb56f4a77c86ed61ff1dbda:240,https://www.meti.go.jp/policy/anpo/20250929_3.pdf,data/raw/meti_manual/20260905T201914Z__c632d657f9c1__20250929_3.pdf,2025-09-29,2025-10-09,2026-09-05T20:19:14Z,2026-09-05T20:19:14Z,1,c632d657f9c13b1250d688394eb7c99956a994527cb56f4a77c86ed61ff1dbda,"{""record_no"":240,""country"":""イラン Islamic Republic of Iran"",""aliases"":[""Ardalan Machineries Company (ARMACO)"",""Sabalan Company"",""Sahand Aluminum Parts Industrial Company (SAPICO)"",""Tiz Pars""],""wmd"":""ミサイル M"",""conventional_weapons"":""通常兵器 CW""}"
Shahid Kalhor Industries,shahidkalhorindustries,経済産業省 外国ユーザーリスト,c632d657f9c13b1250d688394eb7c99956a994527cb56f4a77c86ed61ff1dbda:241,https://www.meti.go.jp/policy/anpo/20250929_3.pdf,data/raw/meti_manual/20260905T201914Z__c632d657f9c1__20250929_3.pdf,2025-09-29,2025-10-09,2026-09-05T20:19:14Z,2026-09-05T20:19:14Z,1,c632d657f9c13b1250d688394eb7c99956a994527cb56f4a77c86ed61ff1dbda,"{""record_no"":241,""country"":""イラン Islamic Republic of Iran"",""aliases"":[],""wmd"":""ミサイル M"",""conventional_weapons"":""""}"
SHAHID KARIMI GROUP,shahidkarimigroup,経済産業省 外国ユーザーリスト,c632d657f9c13b1250d688394eb7c99956a994527cb56f4a77c86ed61ff1dbda:242,https://www.meti.go.jp/policy/anpo/20250929_3.pdf,data/raw/meti_manual/20260905T201914Z__c632d657f9c1__20250929_3.pdf,2025-09-29,2025-10-09,2026-09-05T20:19:14Z,2026-09-05T20:19:14Z,1,c632d657f9c13b1250d688394eb7c99956a994527cb56f4a77c86ed61ff1dbda,"{""record_no"":242,""country"":""イラン Islamic Republic of Iran"",""aliases"":[],""wmd"":""ミサイル M"",""conventional_weapons"":""""}"
Shahid Karimi Industries,shahidkarimiindustries,経済産業省 外国ユーザーリスト,c632d657f9c13b1250d688394eb7c99956a994527cb56f4a77c86ed61ff1dbda:243,https://www.meti.go.jp/policy/anpo/20250929_3.pdf,data/raw/meti_manual/20260905T201914Z__c632d657f9c1__20250929_3.pdf,2025-09-29,2025-10-09,2026-09-05T20:19:14Z,2026-09-05T20:19:14Z,1,c632d657f9c13b1250d688394eb7c99956a994527cb56f4a77c86ed61ff1dbda,"{""record_no"":243,""country"":""イラン Islamic Republic of Iran"",""aliases"":[],""wmd"":""ミサイル M"",""conventional_weapons"":""""}"
Shahid Kharrazi Industries,shahidkharraziindustries,経済産業省 外国ユーザーリスト,c632d657f9c13b1250d688394eb7c99956a994527cb56f4a77c86ed61ff1dbda:244,https://www.meti.go.jp/policy/anpo/20250929_3.pdf,data/raw/meti_manual/20260905T201914Z__c632d657f9c1__20250929_3.pdf,2025-09-29,2025-10-09,2026-09-05T20:19:14Z,2026-09-05T20:19:14Z,1,c632d657f9c13b1250d688394eb7c99956a994527cb56f4a77c86ed61ff1dbda,"{""record_no"":244,""country"":""イラン Islamic Republic of Iran"",""aliases"":[""Shahid Karrazi Industries""],""wmd"":""ミサイル M"",""conventional_weapons"":""通常兵器 CW""}"
Shahid Meisami Group,shahidmeisamigroup,経済産業省 外国ユーザーリスト,c632d657f9c13b1250d688394eb7c99956a994527cb56f4a77c86ed61ff1dbda:245,https://www.meti.go.jp/policy/anpo/20250929_3.pdf,data/raw/meti_manual/20260905T201914Z__c632d657f9c1__20250929_3.pdf,2025-09-29,2025-10-09,2026-09-05T20:19:14Z,2026-09-05T20:19:14Z,1,c632d657f9c13b1250d688394eb7c99956a994527cb56f4a77c86ed61ff1dbda,"{""record_no"":245,""country"":""イラン Islamic Republic of Iran"",""aliases"":[""SHAHID MEISAMI RESEARCH COMPLEX"",""SHAHID MOYASAMI COMPLEX"",""S.M.G.""],""wmd"":""生物、化学、核 B,C,N"",""conventional_weapons"":""""}"
Shahid Moghaddam Industries,shahidmoghaddamindustries,経済産業省 外国ユーザーリスト,c632d657f9c13b1250d688394eb7c99956a994527cb56f4a77c86ed61ff1dbda:246,https://www.meti.go.jp/policy/anpo/20250929_3.pdf,data/raw/meti_manual/20260905T201914Z__c632d657f9c1__20250929_3.pdf,2025-09-29,2025-10-09,2026-09-05T20:19:14Z,2026-09-05T20:19:14Z,1,c632d657f9c13b1250d688394eb7c99956a994527cb56f4a77c86ed61ff1dbda,"{""record_no"":246,""country"":""イラン Islamic Republic of Iran"",""aliases"":[],""wmd"":""ミサイル M"",""conventional_weapons"":""通常兵器 CW""}"
SHAHID MOVAHHED DANESH GROUP,shahidmovahheddaneshgroup,経済産業省 外国ユーザーリスト,c632d657f9c13b1250d688394eb7c99956a994527cb56f4a77c86ed61ff1dbda:247,https://www.meti.go.jp/policy/anpo/20250929_3.pdf,data/raw/meti_manual/20260905T201914Z__c632d657f9c1__20250929_3.pdf,2025-09-29,2025-10-09,2026-09-05T20:19:14Z,2026-09-05T20:19:14Z,1,c632d657f9c13b1250d688394eb7c99956a994527cb56f4a77c86ed61ff1dbda,"{""record_no"":247,""country"":""イラン Islamic Republic of Iran"",""aliases"":[],""wmd"":""ミサイル、核 M,N"",""conventional_weapons"":""""}"
Shahid Movahed Industries,shahidmovahedindustries,経済産業省 外国ユーザーリスト,c632d657f9c13b1250d688394eb7c99956a994527cb56f4a77c86ed61ff1dbda:248,https://www.meti.go.jp/policy/anpo/20250929_3.pdf,data/raw/meti_manual/20260905T201914Z__c632d657f9c1__20250929_3.pdf,2025-09-29,2025-10-09,2026-09-05T20:19:14Z,2026-09-05T20:19:14Z,1,c632d657f9c13b1250d688394eb7c99956a994527cb56f4a77c86ed61ff1dbda,"{""record_no"":248,""country"":""イラン Islamic Republic of Iran"",""aliases"":[""SHAHID HAJ ALI MOVAHED RESEARCH CENTER"",""SHAHID MOVAHED INDUSTRY"",""SHIG DEPARTMENT 7500""],""wmd"":""ミサイル M"",""conventional_weapons"":""通常兵器 CW""}"
Shahid Nuri Industries,shahidnuriindustries,経済産業省 外国ユーザーリスト,c632d657f9c13b1250d688394eb7c99956a994527cb56f4a77c86ed61ff1dbda:249,https://www.meti.go.jp/policy/anpo/20250929_3.pdf,data/raw/meti_manual/20260905T201914Z__c632d657f9c1__20250929_3.pdf,2025-09-29,2025-10-09,2026-09-05T20:19:14Z,2026-09-05T20:19:14Z,1,c632d657f9c13b1250d688394eb7c99956a994527cb56f4a77c86ed61ff1dbda,"{""record_no"":249,""country"":""イラン Islamic Republic of Iran"",""aliases"":[""Shahid Nuri Industry""],""wmd"":""ミサイル M"",""conventional_weapons"":""通常兵器 CW""}"
Shahid Rastegar Industries,shahidrastegarindustries,経済産業省 外国ユーザーリスト,c632d657f9c13b1250d688394eb7c99956a994527cb56f4a77c86ed61ff1dbda:250,https://www.meti.go.jp/policy/anpo/20250929_3.pdf,data/raw/meti_manual/20260905T201914Z__c632d657f9c1__20250929_3.pdf,2025-09-29,2025-10-09,2026-09-05T20:19:14Z,2026-09-05T20:19:14Z,1,c632d657f9c13b1250d688394eb7c99956a994527cb56f4a77c86ed61ff1dbda,"{""record_no"":250,""country"":""イラン Islamic Republic of Iran"",""aliases"":[],""wmd"":""ミサイル M"",""conventional_weapons"":""""}"
Shahid Sanikhani Industries,shahidsanikhaniindustries,経済産業省 外国ユーザーリスト,c632d657f9c13b1250d688394eb7c99956a994527cb56f4a77c86ed61ff1dbda:251,https://www.meti.go.jp/policy/anpo/20250929_3.pdf,data/raw/meti_manual/20260905T201914Z__c632d657f9c1__20250929_3.pdf,2025-09-29,2025-10-09,2026-09-05T20:19:14Z,2026-09-05T20:19:14Z,1,c632d657f9c13b1250d688394eb7c99956a994527cb56f4a77c86ed61ff1dbda,"{""record_no"":251,""country"":""イラン Islamic Republic of Iran"",""aliases"":[],""wmd"":""ミサイル M"",""conventional_weapons"":""通常兵器 CW""}"
Shahid Sattari Industries,shahidsattariindustries,経済産業省 外国ユーザーリスト,c632d657f9c13b1250d688394eb7c99956a994527cb56f4a77c86ed61ff1dbda:252,https://www.meti.go.jp/policy/anpo/20250929_3.pdf,data/raw/meti_manual/20260905T201914Z__c632d657f9c1__20250929_3.pdf,2025-09-29,2025-10-09,2026-09-05T20:19:14Z,2026-09-05T20:19:14Z,1,c632d657f9c13b1250d688394eb7c99956a994527cb56f4a77c86ed61ff1dbda,"{""record_no"":252,""country"":""イラン Islamic Republic of Iran"",""aliases"":[""Shahid Sattari Group Equipment Industries""],""wmd"":""ミサイル M"",""conventional_weapons"":""通常兵器 CW""}"
Shahid Sayyade Shirazi Industries (SSSI),shahidsayyadeshiraziindustries(sssi),経済産業省 外国ユーザーリスト,c632d657f9c13b1250d688394eb7c99956a994527cb56f4a77c86ed61ff1dbda:253,https://www.meti.go.jp/policy/anpo/20250929_3.pdf,data/raw/meti_manual/20260905T201914Z__c632d657f9c1__20250929_3.pdf,2025-09-29,2025-10-09,2026-09-05T20:19:14Z,2026-09-05T20:19:14Z,1,c632d657f9c13b1250d688394eb7c99956a994527cb56f4a77c86ed61ff1dbda,"{""record_no"":253,""country"":""イラン Islamic Republic of Iran"",""aliases"":[""Shahid Sayyed Shirazi Ind."",""Shahid Sayyad Shirazi Industries""],""wmd"":""生物、化学、ミサイル、核 B,C,M,N"",""conventional_weapons"":""通常兵器 CW""}"
Shahid Shustari Industries,shahidshustariindustries,経済産業省 外国ユーザーリスト,c632d657f9c13b1250d688394eb7c99956a994527cb56f4a77c86ed61ff1dbda:254,https://www.meti.go.jp/policy/anpo/20250929_3.pdf,data/raw/meti_manual/20260905T201914Z__c632d657f9c1__20250929_3.pdf,2025-09-29,2025-10-09,2026-09-05T20:19:14Z,2026-09-05T20:19:14Z,1,c632d657f9c13b1250d688394eb7c99956a994527cb56f4a77c86ed61ff1dbda,"{""record_no"":254,""country"":""イラン Islamic Republic of Iran"",""aliases"":[""Shahid Shoshtari Industries"",""Shahid Shoushtari"",""Shahid Shushtari Industries""],""wmd"":""ミサイル M"",""conventional_weapons"":""通常兵器 CW""}"
Shahid Varamini Industries,shahidvaraminiindustries,経済産業省 外国ユーザーリスト,c632d657f9c13b1250d688394eb7c99956a994527cb56f4a77c86ed61ff1dbda:255,https://www.meti.go.jp/policy/anpo/20250929_3.pdf,data/raw/meti_manual/20260905T201914Z__c632d657f9c1__20250929_3.pdf,2025-09-29,2025-10-09,2026-09-05T20:19:14Z,2026-09-05T20:19:14Z,1,c632d657f9c13b1250d688394eb7c99956a994527cb56f4a77c86ed61ff1dbda,"{""record_no"":255,""country"":""イラン Islamic Republic of Iran"",""aliases"":[],""wmd"":""ミサイル M"",""conventional_weapons"":""通常兵器 CW""}"
SHAHID ZEINODDIN GROUP,shahidzeinoddingroup,経済産業省 外国ユーザーリスト,c632d657f9c13b1250d688394eb7c99956a994527cb56f4a77c86ed61ff1dbda:256,https://www.meti.go.jp/policy/anpo/20250929_3.pdf,data/raw/meti_manual/20260905T201914Z__c632d657f9c1__20250929_3.pdf,2025-09-29,2025-10-09,2026-09-05T20:19:14Z,2026-09-05T20:19:14Z,1,c632d657f9c13b1250d688394eb7c99956a994527cb56f4a77c86ed61ff1dbda,"{""record_no"":256,""country"":""イラン Islamic Republic of Iran"",""aliases"":[],""wmd"":""生物、ミサイル、核 B,M,N"",""conventional_weapons"":""""}"
Shakad Sanat Asmari,shakadsanatasmari,経済産業省 外国ユーザーリスト,c632d657f9c13b1250d688394eb7c99956a994527cb56f4a77c86ed61ff1dbda:257,https://www.meti.go.jp/policy/anpo/20250929_3.pdf,data/raw/meti_manual/20260905T201914Z__c632d657f9c1__20250929_3.pdf,2025-09-29,2025-10-09,2026-09-05T20:19:14Z,2026-09-05T20:19:14Z,1,c632d657f9c13b1250d688394eb7c99956a994527cb56f4a77c86ed61ff1dbda,"{""record_no"":257,""country"":""イラン Islamic Republic of Iran"",""aliases"":[""Chekad Sanat Faraz Asia""],""wmd"":""ミサイル M"",""conventional_weapons"":""通常兵器 CW""}"
Shakhese Behbud Sanat,shakhesebehbudsanat,経済産業省 外国ユーザーリスト,c632d657f9c13b1250d688394eb7c99956a994527cb56f4a77c86ed61ff1dbda:258,https://www.meti.go.jp/policy/anpo/20250929_3.pdf,data/raw/meti_manual/20260905T201914Z__c632d657f9c1__20250929_3.pdf,2025-09-29,2025-10-09,2026-09-05T20:19:14Z,2026-09-05T20:19:14Z,1,c632d657f9c13b1250d688394eb7c99956a994527cb56f4a77c86ed61ff1dbda,"{""record_no"":258,""country"":""イラン Islamic Republic of Iran"",""aliases"":[],""wmd"":""核 N"",""conventional_weapons"":""""}"
Sharif University of Technology (SHFT),sharifuniversityoftechnology(shft),経済産業省 外国ユーザーリスト,c632d657f9c13b1250d688394eb7c99956a994527cb56f4a77c86ed61ff1dbda:259,https://www.meti.go.jp/policy/anpo/20250929_3.pdf,data/raw/meti_manual/20260905T201914Z__c632d657f9c1__20250929_3.pdf,2025-09-29,2025-10-09,2026-09-05T20:19:14Z,2026-09-05T20:19:14Z,1,c632d657f9c13b1250d688394eb7c99956a994527cb56f4a77c86ed61ff1dbda,"{""record_no"":259,""country"":""イラン Islamic Republic of Iran"",""aliases"":[""Sharif Technical University"",""SUT""],""wmd"":""ミサイル、核 M,N"",""conventional_weapons"":""通常兵器 CW""}"
Shetab G.,shetabg.,経済産業省 外国ユーザーリスト,c632d657f9c13b1250d688394eb7c99956a994527cb56f4a77c86ed61ff1dbda:260,https://www.meti.go.jp/policy/anpo/20250929_3.pdf,data/raw/meti_manual/20260905T201914Z__c632d657f9c1__20250929_3.pdf,2025-09-29,2025-10-09,2026-09-05T20:19:14Z,2026-09-05T20:19:14Z,1,c632d657f9c13b1250d688394eb7c99956a994527cb56f4a77c86ed61ff1dbda,"{""record_no"":260,""country"":""イラン Islamic Republic of Iran"",""aliases"":[],""wmd"":""ミサイル、核 M,N"",""conventional_weapons"":""""}"
Shetab Gaman,shetabgaman,経済産業省 外国ユーザーリスト,c632d657f9c13b1250d688394eb7c99956a994527cb56f4a77c86ed61ff1dbda:261,https://www.meti.go.jp/policy/anpo/20250929_3.pdf,data/raw/meti_manual/20260905T201914Z__c632d657f9c1__20250929_3.pdf,2025-09-29,2025-10-09,2026-09-05T20:19:14Z,2026-09-05T20:19:14Z,1,c632d657f9c13b1250d688394eb7c99956a994527cb56f4a77c86ed61ff1dbda,"{""record_no"":261,""country"":""イラン Islamic Republic of Iran"",""aliases"":[],""wmd"":""ミサイル、核 M,N"",""conventional_weapons"":""""}"
Shetab Trading,shetabtrading,経済産業省 外国ユーザーリスト,c632d657f9c13b1250d688394eb7c99956a994527cb56f4a77c86ed61ff1dbda:262,https://www.meti.go.jp/policy/anpo/20250929_3.pdf,data/raw/meti_manual/20260905T201914Z__c632d657f9c1__20250929_3.pdf,2025-09-29,2025-10-09,2026-09-05T20:19:14Z,2026-09-05T20:19:14Z,1,c632d657f9c13b1250d688394eb7c99956a994527cb56f4a77c86ed61ff1dbda,"{""record_no"":262,""country"":""イラン Islamic Republic of Iran"",""aliases"":[],""wmd"":""ミサイル、核 M,N"",""conventional_weapons"":""""}"
Shiraz Electronics Industries (SEI),shirazelectronicsindustries(sei),経済産業省 外国ユーザーリスト,c632d657f9c13b1250d688394eb7c99956a994527cb56f4a77c86ed61ff1dbda:263,https://www.meti.go.jp/policy/anpo/20250929_3.pdf,data/raw/meti_manual/20260905T201914Z__c632d657f9c1__20250929_3.pdf,2025-09-29,2025-10-09,2026-09-05T20:19:14Z,2026-09-05T20:19:14Z,1,c632d657f9c13b1250d688394eb7c99956a994527cb56f4a77c86ed61ff1dbda,"{""record_no"":263,""country"":""イラン Islamic Republic of Iran"",""aliases"":[""Shiraz Electronic Industries""],""wmd"":""ミサイル M"",""conventional_weapons"":""通常兵器 CW""}"
Simatic Development Co.,simaticdevelopmentco.,経済産業省 外国ユーザーリスト,c632d657f9c13b1250d688394eb7c99956a994527cb56f4a77c86ed61ff1dbda:264,https://www.meti.go.jp/policy/anpo/20250929_3.pdf,data/raw/meti_manual/20260905T201914Z__c632d657f9c1__20250929_3.pdf,2025-09-29,2025-10-09,2026-09-05T20:19:14Z,2026-09-05T20:19:14Z,1,c632d657f9c13b1250d688394eb7c99956a994527cb56f4a77c86ed61ff1dbda,"{""record_no"":264,""country"":""イラン Islamic Republic of Iran"",""aliases"":[""Simatec Development Company""],""wmd"":""核 N"",""conventional_weapons"":""""}"
SkyTech Electronic,skytechelectronic,経済産業省 外国ユーザーリスト,c632d657f9c13b1250d688394eb7c99956a994527cb56f4a77c86ed61ff1dbda:265,https://www.meti.go.jp/policy/anpo/20250929_3.pdf,data/raw/meti_manual/20260905T201914Z__c632d657f9c1__20250929_3.pdf,2025-09-29,2025-10-09,2026-09-05T20:19:14Z,2026-09-05T20:19:14Z,1,c632d657f9c13b1250d688394eb7c99956a994527cb56f4a77c86ed61ff1dbda,"{""record_no"":265,""country"":""イラン Islamic Republic of Iran"",""aliases"":[""Sepehr Tejarat Trading Group.""],""wmd"":"""",""conventional_weapons"":""通常兵器 CW""}"
State Purchasing Organisation (SPO),statepurchasingorganisation(spo),経済産業省 外国ユーザーリスト,c632d657f9c13b1250d688394eb7c99956a994527cb56f4a77c86ed61ff1dbda:266,https://www.meti.go.jp/policy/anpo/20250929_3.pdf,data/raw/meti_manual/20260905T201914Z__c632d657f9c1__20250929_3.pdf,2025-09-29,2025-10-09,2026-09-05T20:19:14Z,2026-09-05T20:19:14Z,1,c632d657f9c13b1250d688394eb7c99956a994527cb56f4a77c86ed61ff1dbda,"{""record_no"":266,""country"":""イラン Islamic Republic of Iran"",""aliases"":[],""wmd"":""ミサイル、核 M,N"",""conventional_weapons"":""""}"
TOWLID ABZAR BORESHI IRAN,towlidabzarboreshiiran,経済産業省 外国ユーザーリスト,c632d657f9c13b1250d688394eb7c99956a994527cb56f4a77c86ed61ff1dbda:267,https://www.meti.go.jp/policy/anpo/20250929_3.pdf,data/raw/meti_manual/20260905T201914Z__c632d657f9c1__20250929_3.pdf,2025-09-29,2025-10-09,2026-09-05T20:19:14Z,2026-09-05T20:19:14Z,1,c632d657f9c13b1250d688394eb7c99956a994527cb56f4a77c86ed61ff1dbda,"{""record_no"":267,""country"":""イラン Islamic Republic of Iran"",""aliases"":[""IRAN CUTTING TOOLS COMPANY"",""TABA"",""TABA COMPANY""],""wmd"":""核 N"",""conventional_weapons"":""""}"
Taghtiran Kashan Company,taghtirankashancompany,経済産業省 外国ユーザーリスト,c632d657f9c13b1250d688394eb7c99956a994527cb56f4a77c86ed61ff1dbda:268,https://www.meti.go.jp/policy/anpo/20250929_3.pdf,data/raw/meti_manual/20260905T201914Z__c632d657f9c1__20250929_3.pdf,2025-09-29,2025-10-09,2026-09-05T20:19:14Z,2026-09-05T20:19:14Z,1,c632d657f9c13b1250d688394eb7c99956a994527cb56f4a77c86ed61ff1dbda,"{""record_no"":268,""country"":""イラン Islamic Republic of Iran"",""aliases"":[""Taghtiran Kashan Co"",""Taghtiran P.J.S""],""wmd"":""核 N"",""conventional_weapons"":""""}"
Tajhiz Sanat Shayan (TSS),tajhizsanatshayan(tss),経済産業省 外国ユーザーリスト,c632d657f9c13b1250d688394eb7c99956a994527cb56f4a77c86ed61ff1dbda:269,https://www.meti.go.jp/policy/anpo/20250929_3.pdf,data/raw/meti_manual/20260905T201914Z__c632d657f9c1__20250929_3.pdf,2025-09-29,2025-10-09,2026-09-05T20:19:14Z,2026-09-05T20:19:14Z,1,c632d657f9c13b1250d688394eb7c99956a994527cb56f4a77c86ed61ff1dbda,"{""record_no"":269,""country"":""イラン Islamic Republic of Iran"",""aliases"":[],""wmd"":""核 N"",""conventional_weapons"":""""}"
TAMIN KALAYE SABZ ARAS COMPANY,taminkalayesabzarascompany,経済産業省 外国ユーザーリスト,c632d657f9c13b1250d688394eb7c99956a994527cb56f4a77c86ed61ff1dbda:270,https://www.meti.go.jp/policy/anpo/20250929_3.pdf,data/raw/meti_manual/20260905T201914Z__c632d657f9c1__20250929_3.pdf,2025-09-29,2025-10-09,2026-09-05T20:19:14Z,2026-09-05T20:19:14Z,1,c632d657f9c13b1250d688394eb7c99956a994527cb56f4a77c86ed61ff1dbda,"{""record_no"":270,""country"":""イラン Islamic Republic of Iran"",""aliases"":[""KALAYE SABZ ORZ COMPANY"",""TAMIN KALAYE SABZ"",""TAMIN KALAYE SABZ COMPANY"",""KSO COMPANY"",""TS CO."",""TS COMPANY""],""wmd"":""核 N"",""conventional_weapons"":""""}"
Tarbiat Modares University,tarbiatmodaresuniversity,経済産業省 外国ユーザーリスト,c632d657f9c13b1250d688394eb7c99956a994527cb56f4a77c86ed61ff1dbda:271,https://www.meti.go.jp/policy/anpo/20250929_3.pdf,data/raw/meti_manual/20260905T201914Z__c632d657f9c1__20250929_3.pdf,2025-09-29,2025-10-09,2026-09-05T20:19:14Z,2026-09-05T20:19:14Z,1,c632d657f9c13b1250d688394eb7c99956a994527cb56f4a77c86ed61ff1dbda,"{""record_no"":271,""country"":""イラン Islamic Republic of Iran"",""aliases"":[],""wmd"":""生物、化学、ミサイル、核 B,C,M,N"",""conventional_weapons"":""""}"
Tarh O Palayesh,tarhopalayesh,経済産業省 外国ユーザーリスト,c632d657f9c13b1250d688394eb7c99956a994527cb56f4a77c86ed61ff1dbda:272,https://www.meti.go.jp/policy/anpo/20250929_3.pdf,data/raw/meti_manual/20260905T201914Z__c632d657f9c1__20250929_3.pdf,2025-09-29,2025-10-09,2026-09-05T20:19:14Z,2026-09-05T20:19:14Z,1,c632d657f9c13b1250d688394eb7c99956a994527cb56f4a77c86ed61ff1dbda,"{""record_no"":272,""country"":""イラン Islamic Republic of Iran"",""aliases"":[],""wmd"":""核 N"",""conventional_weapons"":""""}"
Tehran Gostaresh,tehrangostaresh,経済産業省 外国ユーザーリスト,c632d657f9c13b1250d688394eb7c99956a994527cb56f4a77c86ed61ff1dbda:273,https://www.meti.go.jp/policy/anpo/20250929_3.pdf,data/raw/meti_manual/20260905T201914Z__c632d657f9c1__20250929_3.pdf,2025-09-29,2025-10-09,2026-09-05T20:19:14Z,2026-09-05T20:19:14Z,1,c632d657f9c13b1250d688394eb7c99956a994527cb56f4a77c86ed61ff1dbda,"{""record_no"":273,""country"":""イラン Islamic Republic of Iran"",""aliases"":[""Tehran Gostaresh Co. PJS""],""wmd"":""ミサイル、核 M,N"",""conventional_weapons"":""""}"
Tehran Pishro Trading Co.,tehranpishrotradingco.,経済産業省 外国ユーザーリスト,c632d657f9c13b1250d688394eb7c99956a994527cb56f4a77c86ed61ff1dbda:274,https://www.meti.go.jp/policy/anpo/20250929_3.pdf,data/raw/meti_manual/20260905T201914Z__c632d657f9c1__20250929_3.pdf,2025-09-29,2025-10-09,2026-09-05T20:19:14Z,2026-09-05T20:19:14Z,1,c632d657f9c13b1250d688394eb7c99956a994527cb56f4a77c86ed61ff1dbda,"{""record_no"":274,""country"":""イラン Islamic Republic of Iran"",""aliases"":[],""wmd"":"""",""conventional_weapons"":""通常兵器 CW""}"
Test Tafsir,testtafsir,経済産業省 外国ユーザーリスト,c632d657f9c13b1250d688394eb7c99956a994527cb56f4a77c86ed61ff1dbda:275,https://www.meti.go.jp/policy/anpo/20250929_3.pdf,data/raw/meti_manual/20260905T201914Z__c632d657f9c1__20250929_3.pdf,2025-09-29,2025-10-09,2026-09-05T20:19:14Z,2026-09-05T20:19:14Z,1,c632d657f9c13b1250d688394eb7c99956a994527cb56f4a77c86ed61ff1dbda,"{""record_no"":275,""country"":""イラン Islamic Republic of Iran"",""aliases"":[],""wmd"":""核 N"",""conventional_weapons"":""""}"
TEYF TADBIR ARYA ENGINEERING COMPANY,teyftadbiraryaengineeringcompany,経済産業省 外国ユーザーリスト,c632d657f9c13b1250d688394eb7c99956a994527cb56f4a77c86ed61ff1dbda:276,https://www.meti.go.jp/policy/anpo/20250929_3.pdf,data/raw/meti_manual/20260905T201914Z__c632d657f9c1__20250929_3.pdf,2025-09-29,2025-10-09,2026-09-05T20:19:14Z,2026-09-05T20:19:14Z,1,c632d657f9c13b1250d688394eb7c99956a994527cb56f4a77c86ed61ff1dbda,"{""record_no"":276,""country"":""イラン Islamic Republic of Iran"",""aliases"":[""TEIF TADBIR ARYA"",""TEYF TADBIR ARIA""],""wmd"":""ミサイルM"",""conventional_weapons"":""通常兵器 CW""}"
Tidewater Middle East Co.,tidewatermiddleeastco.,経済産業省 外国ユーザーリスト,c632d657f9c13b1250d688394eb7c99956a994527cb56f4a77c86ed61ff1dbda:277,https://www.meti.go.jp/policy/anpo/20250929_3.pdf,data/raw/meti_manual/20260905T201914Z__c632d657f9c1__20250929_3.pdf,2025-09-29,2025-10-09,2026-09-05T20:19:14Z,2026-09-05T20:19:14Z,1,c632d657f9c13b1250d688394eb7c99956a994527cb56f4a77c86ed61ff1dbda,"{""record_no"":277,""country"":""イラン Islamic Republic of Iran"",""aliases"":[""Tide Water Company"",""Tide water middle east marine service"",""Tidewater"",""Tidewater Co. (Middle east marine services)""],""wmd"":""ミサイル、核 M,N"",""conventional_weapons"":""""}"
Tiva Darya,tivadarya,経済産業省 外国ユーザーリスト,c632d657f9c13b1250d688394eb7c99956a994527cb56f4a77c86ed61ff1dbda:278,https://www.meti.go.jp/policy/anpo/20250929_3.pdf,data/raw/meti_manual/20260905T201914Z__c632d657f9c1__20250929_3.pdf,2025-09-29,2025-10-09,2026-09-05T20:19:14Z,2026-09-05T20:19:14Z,1,c632d657f9c13b1250d688394eb7c99956a994527cb56f4a77c86ed61ff1dbda,"{""record_no"":278,""country"":""イラン Islamic Republic of Iran"",""aliases"":[],""wmd"":""ミサイル M"",""conventional_weapons"":""""}"
Tiva Kara Co. Ltd.,tivakaraco.ltd.,経済産業省 外国ユーザーリスト,c632d657f9c13b1250d688394eb7c99956a994527cb56f4a77c86ed61ff1dbda:279,https://www.meti.go.jp/policy/anpo/20250929_3.pdf,data/raw/meti_manual/20260905T201914Z__c632d657f9c1__20250929_3.pdf,2025-09-29,2025-10-09,2026-09-05T20:19:14Z,2026-09-05T20:19:14Z,1,c632d657f9c13b1250d688394eb7c99956a994527cb56f4a77c86ed61ff1dbda,"{""record_no"":279,""country"":""イラン Islamic Republic of Iran"",""aliases"":[""Tiva Kara Group""],""wmd"":""ミサイル M"",""conventional_weapons"":""""}"
Tiva Polymer Co.,tivapolymerco.,経済産業省 外国ユーザーリスト,c632d657f9c13b1250d688394eb7c99956a994527cb56f4a77c86ed61ff1dbda:280,https://www.meti.go.jp/policy/anpo/20250929_3.pdf,data/raw/meti_manual/20260905T201914Z__c632d657f9c1__20250929_3.pdf,2025-09-29,2025-10-09,2026-09-05T20:19:14Z,2026-09-05T20:19:14Z,1,c632d657f9c13b1250d688394eb7c99956a994527cb56f4a77c86ed61ff1dbda,"{""record_no"":280,""country"":""イラン Islamic Republic of Iran"",""aliases"":[],""wmd"":""ミサイル M"",""conventional_weapons"":""""}"
Tiva Sanat Group,tivasanatgroup,経済産業省 外国ユーザーリスト,c632d657f9c13b1250d688394eb7c99956a994527cb56f4a77c86ed61ff1dbda:281,https://www.meti.go.jp/policy/anpo/20250929_3.pdf,data/raw/meti_manual/20260905T201914Z__c632d657f9c1__20250929_3.pdf,2025-09-29,2025-10-09,2026-09-05T20:19:14Z,2026-09-05T20:19:14Z,1,c632d657f9c13b1250d688394eb7c99956a994527cb56f4a77c86ed61ff1dbda,"{""record_no"":281,""country"":""イラン Islamic Republic of Iran"",""aliases"":[""Tiva Group"",""Tiva Group Industries"",""Tiva Sanat Shipbuilding Company""],""wmd"":""ミサイル M"",""conventional_weapons"":""""}"
University of Tehran,universityoftehran,経済産業省 外国ユーザーリスト,c632d657f9c13b1250d688394eb7c99956a994527cb56f4a77c86ed61ff1dbda:282,https://www.meti.go.jp/policy/anpo/20250929_3.pdf,data/raw/meti_manual/20260905T201914Z__c632d657f9c1__20250929_3.pdf,2025-09-29,2025-10-09,2026-09-05T20:19:14Z,2026-09-05T20:19:14Z,1,c632d657f9c13b1250d688394eb7c99956a994527cb56f4a77c86ed61ff1dbda,"{""record_no"":282,""country"":""イラン Islamic Republic of Iran"",""aliases"":[""Tehran University""],""wmd"":""生物、化学、ミサイル、核 B,C,M,N"",""conventional_weapons"":""""}"
Value-Added Services Laboratory (VASL),value-addedserviceslaboratory(vasl),経済産業省 外国ユーザーリスト,c632d657f9c13b1250d688394eb7c99956a994527cb56f4a77c86ed61ff1dbda:283,https://www.meti.go.jp/policy/anpo/20250929_3.pdf,data/raw/meti_manual/20260905T201914Z__c632d657f9c1__20250929_3.pdf,2025-09-29,2025-10-09,2026-09-05T20:19:14Z,2026-09-05T20:19:14Z,1,c632d657f9c13b1250d688394eb7c99956a994527cb56f4a77c86ed61ff1dbda,"{""record_no"":283,""country"":""イラン Islamic Republic of Iran"",""aliases"":[""MOBILE Value-Added Services Laboratory""],""wmd"":""ミサイル、核 M,N"",""conventional_weapons"":""""}"
Y.A.S. Company Limited,y.a.s.companylimited,経済産業省 外国ユーザーリスト,c632d657f9c13b1250d688394eb7c99956a994527cb56f4a77c86ed61ff1dbda:284,https://www.meti.go.jp/policy/anpo/20250929_3.pdf,data/raw/meti_manual/20260905T201914Z__c632d657f9c1__20250929_3.pdf,2025-09-29,2025-10-09,2026-09-05T20:19:14Z,2026-09-05T20:19:14Z,1,c632d657f9c13b1250d688394eb7c99956a994527cb56f4a77c86ed61ff1dbda,"{""record_no"":284,""country"":""イラン Islamic Republic of Iran"",""aliases"":[""Y.A.S. Co. Ltd."",""YAS Co. Ltd.""],""wmd"":""ミサイル、核 M,N"",""conventional_weapons"":""""}"
Yarsanat,yarsanat,経済産業省 外国ユーザーリスト,c632d657f9c13b1250d688394eb7c99956a994527cb56f4a77c86ed61ff1dbda:285,https://www.meti.go.jp/policy/anpo/20250929_3.pdf,data/raw/meti_manual/20260905T201914Z__c632d657f9c1__20250929_3.pdf,2025-09-29,2025-10-09,2026-09-05T20:19:14Z,2026-09-05T20:19:14Z,1,c632d657f9c13b1250d688394eb7c99956a994527cb56f4a77c86ed61ff1dbda,"{""record_no"":285,""country"":""イラン Islamic Republic of Iran"",""aliases"":[""Yar Sanat"",""Yarestan Vacuumi"",""Yarsanat Co. Ltd.""],""wmd"":""核 N"",""conventional_weapons"":""""}"
Ya Mahdi Industries Group,yamahdiindustriesgroup,経済産業省 外国ユーザーリスト,c632d657f9c13b1250d688394eb7c99956a994527cb56f4a77c86ed61ff1dbda:286,https://www.meti.go.jp/policy/anpo/20250929_3.pdf,data/raw/meti_manual/20260905T201914Z__c632d657f9c1__20250929_3.pdf,2025-09-29,2025-10-09,2026-09-05T20:19:14Z,2026-09-05T20:19:14Z,1,c632d657f9c13b1250d688394eb7c99956a994527cb56f4a77c86ed61ff1dbda,"{""record_no"":286,""country"":""イラン Islamic Republic of Iran"",""aliases"":[""Ya Mahdi Industrial Complex"",""Ya Mahdi Industrial Research Complex"",""YMA""],""wmd"":""ミサイル M"",""conventional_weapons"":""通常兵器 CW""}"
Yasa Part,yasapart,経済産業省 外国ユーザーリスト,c632d657f9c13b1250d688394eb7c99956a994527cb56f4a77c86ed61ff1dbda:287,https://www.meti.go.jp/policy/anpo/20250929_3.pdf,data/raw/meti_manual/20260905T201914Z__c632d657f9c1__20250929_3.pdf,2025-09-29,2025-10-09,2026-09-05T20:19:14Z,2026-09-05T20:19:14Z,1,c632d657f9c13b1250d688394eb7c99956a994527cb56f4a77c86ed61ff1dbda,"{""record_no"":287,""country"":""イラン Islamic Republic of Iran"",""aliases"":[],""wmd"":""ミサイル、核 M,N"",""conventional_weapons"":""""}"
Yazd Metallurgy Industries (YMI),yazdmetallurgyindustries(ymi),経済産業省 外国ユーザーリスト,c632d657f9c13b1250d688394eb7c99956a994527cb56f4a77c86ed61ff1dbda:288,https://www.meti.go.jp/policy/anpo/20250929_3.pdf,data/raw/meti_manual/20260905T201914Z__c632d657f9c1__20250929_3.pdf,2025-09-29,2025-10-09,2026-09-05T20:19:14Z,2026-09-05T20:19:14Z,1,c632d657f9c13b1250d688394eb7c99956a994527cb56f4a77c86ed61ff1dbda,"{""record_no"":288,""country"":""イラン Islamic Republic of Iran"",""aliases"":[""Directorate of Yazd Ammunition and Metallurgy Industries"",""Yazd Ammunition Manufacturing and Metallurgy Industries""],""wmd"":""生物、化学、ミサイル、核 B,C,M,N"",""conventional_weapons"":""""}"
Zagros Electronic,zagroselectronic,経済産業省 外国ユーザーリスト,c632d657f9c13b1250d688394eb7c99956a994527cb56f4a77c86ed61ff1dbda:289,https://www.meti.go.jp/policy/anpo/20250929_3.pdf,data/raw/meti_manual/20260905T201914Z__c632d657f9c1__20250929_3.pdf,2025-09-29,2025-10-09,2026-09-05T20:19:14Z,2026-09-05T20:19:14Z,1,c632d657f9c13b1250d688394eb7c99956a994527cb56f4a77c86ed61ff1dbda,"{""record_no"":289,""country"":""イラン Islamic Republic of Iran"",""aliases"":[""Tesla Hooshmand Sazan Company""],""wmd"":"""",""conventional_weapons"":""通常兵器 CW""}"
Zist Tajhiz Pooyesh Company,zisttajhizpooyeshcompany,経済産業省 外国ユーザーリスト,c632d657f9c13b1250d688394eb7c99956a994527cb56f4a77c86ed61ff1dbda:290,https://www.meti.go.jp/policy/anpo/20250929_3.pdf,data/raw/meti_manual/20260905T201914Z__c632d657f9c1__20250929_3.pdf,2025-09-29,2025-10-09,2026-09-05T20:19:14Z,2026-09-05T20:19:14Z,1,c632d657f9c13b1250d688394eb7c99956a994527cb56f4a77c86ed61ff1dbda,"{""record_no"":290,""country"":""イラン Islamic Republic of Iran"",""aliases"":[""Pooyesh Environmental Instruments"",""Ziest Tajhiez Pooyesh""],""wmd"":""ミサイル M"",""conventional_weapons"":""通常兵器 CW""}"
Zolal Iran Company,zolalirancompany,経済産業省 外国ユーザーリスト,c632d657f9c13b1250d688394eb7c99956a994527cb56f4a77c86ed61ff1dbda:291,https://www.meti.go.jp/policy/anpo/20250929_3.pdf,data/raw/meti_manual/20260905T201914Z__c632d657f9c1__20250929_3.pdf,2025-09-29,2025-10-09,2026-09-05T20:19:14Z,2026-09-05T20:19:14Z,1,c632d657f9c13b1250d688394eb7c99956a994527cb56f4a77c86ed61ff1dbda,"{""record_no"":291,""country"":""イラン Islamic Republic of Iran"",""aliases"":[""Zolal Iran Co.""],""wmd"":""生物、化学、核 B,C,N"",""conventional_weapons"":""""}"
"Bhabha Atomic Research Centre (BARC), Department of Atomic Energy (DAE)",departmentofatomicenergy(dae)bhabhaatomicresearchcentre(barc),経済産業省 外国ユーザーリスト,c632d657f9c13b1250d688394eb7c99956a994527cb56f4a77c86ed61ff1dbda:292,https://www.meti.go.jp/policy/anpo/20250929_3.pdf,data/raw/meti_manual/20260905T201914Z__c632d657f9c1__20250929_3.pdf,2025-09-29,2025-10-09,2026-09-05T20:19:14Z,2026-09-05T20:19:14Z,1,c632d657f9c13b1250d688394eb7c99956a994527cb56f4a77c86ed61ff1dbda,"{""record_no"":292,""country"":""インド India"",""aliases"":[],""wmd"":""核 N"",""conventional_weapons"":""""}"
"Indira Gandhi Centre for Atomic Research (IGCAR), DAE",daeindiragandhicentreforatomicresearch(igcar),経済産業省 外国ユーザーリスト,c632d657f9c13b1250d688394eb7c99956a994527cb56f4a77c86ed61ff1dbda:293,https://www.meti.go.jp/policy/anpo/20250929_3.pdf,data/raw/meti_manual/20260905T201914Z__c632d657f9c1__20250929_3.pdf,2025-09-29,2025-10-09,2026-09-05T20:19:14Z,2026-09-05T20:19:14Z,1,c632d657f9c13b1250d688394eb7c99956a994527cb56f4a77c86ed61ff1dbda,"{""record_no"":293,""country"":""インド India"",""aliases"":[],""wmd"":""核 N"",""conventional_weapons"":""""}"
Abu Zaabal Company for Speciality Chemicals （AZC）,abuzaabalcompanyforspecialitychemicals(azc),経済産業省 外国ユーザーリスト,c632d657f9c13b1250d688394eb7c99956a994527cb56f4a77c86ed61ff1dbda:294,https://www.meti.go.jp/policy/anpo/20250929_3.pdf,data/raw/meti_manual/20260905T201914Z__c632d657f9c1__20250929_3.pdf,2025-09-29,2025-10-09,2026-09-05T20:19:14Z,2026-09-05T20:19:14Z,1,c632d657f9c13b1250d688394eb7c99956a994527cb56f4a77c86ed61ff1dbda,"{""record_no"":294,""country"":""エジプト Arab Republic of Egypt"",""aliases"":[],""wmd"":""生物、化学、ミサイル B,C,M"",""conventional_weapons"":""""}"
EKO Development and Investment Company,ekodevelopmentandinvestmentcompany,経済産業省 外国ユーザーリスト,c632d657f9c13b1250d688394eb7c99956a994527cb56f4a77c86ed61ff1dbda:295,https://www.meti.go.jp/policy/anpo/20250929_3.pdf,data/raw/meti_manual/20260905T201914Z__c632d657f9c1__20250929_3.pdf,2025-09-29,2025-10-09,2026-09-05T20:19:14Z,2026-09-05T20:19:14Z,1,c632d657f9c13b1250d688394eb7c99956a994527cb56f4a77c86ed61ff1dbda,"{""record_no"":295,""country"":""エジプト Arab Republic of Egypt"",""aliases"":[""EKO Development & Investment Food Company"",""EKO Import and Export Company""],""wmd"":""生物、化学、ミサイル、核 B,C,M,N"",""conventional_weapons"":""""}"
Sakr Factory for Developed Industries,sakrfactoryfordevelopedindustries,経済産業省 外国ユーザーリスト,c632d657f9c13b1250d688394eb7c99956a994527cb56f4a77c86ed61ff1dbda:296,https://www.meti.go.jp/policy/anpo/20250929_3.pdf,data/raw/meti_manual/20260905T201914Z__c632d657f9c1__20250929_3.pdf,2025-09-29,2025-10-09,2026-09-05T20:19:14Z,2026-09-05T20:19:14Z,1,c632d657f9c13b1250d688394eb7c99956a994527cb56f4a77c86ed61ff1dbda,"{""record_no"":296,""country"":""エジプト Arab Republic of Egypt"",""aliases"":[],""wmd"":""ミサイル M"",""conventional_weapons"":""""}"
4.27 Co. Pyongyang Branch (4.27貿易会社平壌支社),4.27co.pyongyangbranch(4.27貿易会社平壌支社),経済産業省 外国ユーザーリスト,c632d657f9c13b1250d688394eb7c99956a994527cb56f4a77c86ed61ff1dbda:297,https://www.meti.go.jp/policy/anpo/20250929_3.pdf,data/raw/meti_manual/20260905T201914Z__c632d657f9c1__20250929_3.pdf,2025-09-29,2025-10-09,2026-09-05T20:19:14Z,2026-09-05T20:19:14Z,1,c632d657f9c13b1250d688394eb7c99956a994527cb56f4a77c86ed61ff1dbda,"{""record_no"":297,""country"":""北朝鮮 North Korea"",""aliases"":[""4.27 Corporation""],""wmd"":""生物、化学、ミサイル、核 B,C,M,N"",""conventional_weapons"":""""}"
Academy of Health and Food Science (保健食品科学院),academyofhealthandfoodscience(保健食品科学院),経済産業省 外国ユーザーリスト,c632d657f9c13b1250d688394eb7c99956a994527cb56f4a77c86ed61ff1dbda:298,https://www.meti.go.jp/policy/anpo/20250929_3.pdf,data/raw/meti_manual/20260905T201914Z__c632d657f9c1__20250929_3.pdf,2025-09-29,2025-10-09,2026-09-05T20:19:14Z,2026-09-05T20:19:14Z,1,c632d657f9c13b1250d688394eb7c99956a994527cb56f4a77c86ed61ff1dbda,"{""record_no"":298,""country"":""北朝鮮 North Korea"",""aliases"":[""Institute of Health and Food""],""wmd"":""生物、化学 B,C"",""conventional_weapons"":""""}"
Academy of National Defense Science (国防科学院),academyofnationaldefensescience(国防科学院),経済産業省 外国ユーザーリスト,c632d657f9c13b1250d688394eb7c99956a994527cb56f4a77c86ed61ff1dbda:299,https://www.meti.go.jp/policy/anpo/20250929_3.pdf,data/raw/meti_manual/20260905T201914Z__c632d657f9c1__20250929_3.pdf,2025-09-29,2025-10-09,2026-09-05T20:19:14Z,2026-09-05T20:19:14Z,1,c632d657f9c13b1250d688394eb7c99956a994527cb56f4a77c86ed61ff1dbda,"{""record_no"":299,""country"":""北朝鮮 North Korea"",""aliases"":[],""wmd"":""生物、化学、ミサイル、核 B,C,M,N"",""conventional_weapons"":""通常兵器 CW""}"
Air Koryo (高麗航空),airkoryo(高麗航空),経済産業省 外国ユーザーリスト,c632d657f9c13b1250d688394eb7c99956a994527cb56f4a77c86ed61ff1dbda:300,https://www.meti.go.jp/policy/anpo/20250929_3.pdf,data/raw/meti_manual/20260905T201914Z__c632d657f9c1__20250929_3.pdf,2025-09-29,2025-10-09,2026-09-05T20:19:14Z,2026-09-05T20:19:14Z,1,c632d657f9c13b1250d688394eb7c99956a994527cb56f4a77c86ed61ff1dbda,"{""record_no"":300,""country"":""北朝鮮 North Korea"",""aliases"":[""Airkoryo""],""wmd"":""生物、化学、ミサイル、核 B,C,M,N"",""conventional_weapons"":""""}"
Amroggang Development Banking Corporation,amroggangdevelopmentbankingcorporation,経済産業省 外国ユーザーリスト,c632d657f9c13b1250d688394eb7c99956a994527cb56f4a77c86ed61ff1dbda:301,https://www.meti.go.jp/policy/anpo/20250929_3.pdf,data/raw/meti_manual/20260905T201914Z__c632d657f9c1__20250929_3.pdf,2025-09-29,2025-10-09,2026-09-05T20:19:14Z,2026-09-05T20:19:14Z,1,c632d657f9c13b1250d688394eb7c99956a994527cb56f4a77c86ed61ff1dbda,"{""record_no"":301,""country"":""北朝鮮 North Korea"",""aliases"":[""Amnokkang Development Bank"",""Amroggang Development Bank (鴨緑江開発銀行)"",""Amrokkang Development Bank""],""wmd"":""生物、化学、ミサイル、核 B,C,M,N"",""conventional_weapons"":""""}"
Bank of East Land,bankofeastland,経済産業省 外国ユーザーリスト,c632d657f9c13b1250d688394eb7c99956a994527cb56f4a77c86ed61ff1dbda:302,https://www.meti.go.jp/policy/anpo/20250929_3.pdf,data/raw/meti_manual/20260905T201914Z__c632d657f9c1__20250929_3.pdf,2025-09-29,2025-10-09,2026-09-05T20:19:14Z,2026-09-05T20:19:14Z,1,c632d657f9c13b1250d688394eb7c99956a994527cb56f4a77c86ed61ff1dbda,"{""record_no"":302,""country"":""北朝鮮 North Korea"",""aliases"":[""Dongbang Bank"",""Tongbang Bank"",""Tongbang U'Nhaeng""],""wmd"":""生物、化学、ミサイル、核 B,C,M,N"",""conventional_weapons"":""""}"
"Chong Unsan-5 Co., Ltd. (青雲山5会社)","chongunsan-5co.,ltd.(青雲山5会社)",経済産業省 外国ユーザーリスト,c632d657f9c13b1250d688394eb7c99956a994527cb56f4a77c86ed61ff1dbda:303,https://www.meti.go.jp/policy/anpo/20250929_3.pdf,data/raw/meti_manual/20260905T201914Z__c632d657f9c1__20250929_3.pdf,2025-09-29,2025-10-09,2026-09-05T20:19:14Z,2026-09-05T20:19:14Z,1,c632d657f9c13b1250d688394eb7c99956a994527cb56f4a77c86ed61ff1dbda,"{""record_no"":303,""country"":""北朝鮮 North Korea"",""aliases"":[""Chongunsan-5 Co., Ltd.""],""wmd"":""生物、化学、ミサイル、核 B,C,M,N"",""conventional_weapons"":""""}"
Chongbong Shipping Co Ltd,chongbongshippingcoltd,経済産業省 外国ユーザーリスト,c632d657f9c13b1250d688394eb7c99956a994527cb56f4a77c86ed61ff1dbda:304,https://www.meti.go.jp/policy/anpo/20250929_3.pdf,data/raw/meti_manual/20260905T201914Z__c632d657f9c1__20250929_3.pdf,2025-09-29,2025-10-09,2026-09-05T20:19:14Z,2026-09-05T20:19:14Z,1,c632d657f9c13b1250d688394eb7c99956a994527cb56f4a77c86ed61ff1dbda,"{""record_no"":304,""country"":""北朝鮮 North Korea"",""aliases"":[],""wmd"":""生物、化学、ミサイル、核 B,C,M,N"",""conventional_weapons"":""""}"
Chongchongang Shipping Company (清川江号),chongchongangshippingcompany(清川江号),経済産業省 外国ユーザーリスト,c632d657f9c13b1250d688394eb7c99956a994527cb56f4a77c86ed61ff1dbda:305,https://www.meti.go.jp/policy/anpo/20250929_3.pdf,data/raw/meti_manual/20260905T201914Z__c632d657f9c1__20250929_3.pdf,2025-09-29,2025-10-09,2026-09-05T20:19:14Z,2026-09-05T20:19:14Z,1,c632d657f9c13b1250d688394eb7c99956a994527cb56f4a77c86ed61ff1dbda,"{""record_no"":305,""country"":""北朝鮮 North Korea"",""aliases"":[""Chong Chon Gang Shipping Co. Ltd."",""Chongchongang Shipping Co Ltd."",""Tonghungsan Shipping Company Limited""],""wmd"":""生物、化学、ミサイル、核 B,C,M,N"",""conventional_weapons"":""""}"
Choson Central Bank (朝鮮中央銀行),chosoncentralbank(朝鮮中央銀行),経済産業省 外国ユーザーリスト,c632d657f9c13b1250d688394eb7c99956a994527cb56f4a77c86ed61ff1dbda:306,https://www.meti.go.jp/policy/anpo/20250929_3.pdf,data/raw/meti_manual/20260905T201914Z__c632d657f9c1__20250929_3.pdf,2025-09-29,2025-10-09,2026-09-05T20:19:14Z,2026-09-05T20:19:14Z,1,c632d657f9c13b1250d688394eb7c99956a994527cb56f4a77c86ed61ff1dbda,"{""record_no"":306,""country"":""北朝鮮 North Korea"",""aliases"":[""Central Bank of DPRK""],""wmd"":""生物、化学、ミサイル、核 B,C,M,N"",""conventional_weapons"":""""}"
"Construction Department, Samsu Power Plant, Ryanggangdo (両江道三水発電所建設部)","constructiondepartment,samsupowerplant,ryanggangdo(両江道三水発電所建設部)",経済産業省 外国ユーザーリスト,c632d657f9c13b1250d688394eb7c99956a994527cb56f4a77c86ed61ff1dbda:307,https://www.meti.go.jp/policy/anpo/20250929_3.pdf,data/raw/meti_manual/20260905T201914Z__c632d657f9c1__20250929_3.pdf,2025-09-29,2025-10-09,2026-09-05T20:19:14Z,2026-09-05T20:19:14Z,1,c632d657f9c13b1250d688394eb7c99956a994527cb56f4a77c86ed61ff1dbda,"{""record_no"":307,""country"":""北朝鮮 North Korea"",""aliases"":[],""wmd"":""生物、化学、ミサイル、核 B,C,M,N"",""conventional_weapons"":""""}"
Daedong Credit Bank,daedongcreditbank,経済産業省 外国ユーザーリスト,c632d657f9c13b1250d688394eb7c99956a994527cb56f4a77c86ed61ff1dbda:308,https://www.meti.go.jp/policy/anpo/20250929_3.pdf,data/raw/meti_manual/20260905T201914Z__c632d657f9c1__20250929_3.pdf,2025-09-29,2025-10-09,2026-09-05T20:19:14Z,2026-09-05T20:19:14Z,1,c632d657f9c13b1250d688394eb7c99956a994527cb56f4a77c86ed61ff1dbda,"{""record_no"":308,""country"":""北朝鮮 North Korea"",""aliases"":[""Dae-Dong Credit Bank"",""DCB"",""Taedong Credit Bank""],""wmd"":""生物、化学、ミサイル、核 B,C,M,N"",""conventional_weapons"":""""}"
Daehung Oil & Vehicle Trading Co. (大興運輸貿易会社),daehungoil&vehicletradingco.(大興運輸貿易会社),経済産業省 外国ユーザーリスト,c632d657f9c13b1250d688394eb7c99956a994527cb56f4a77c86ed61ff1dbda:309,https://www.meti.go.jp/policy/anpo/20250929_3.pdf,data/raw/meti_manual/20260905T201914Z__c632d657f9c1__20250929_3.pdf,2025-09-29,2025-10-09,2026-09-05T20:19:14Z,2026-09-05T20:19:14Z,1,c632d657f9c13b1250d688394eb7c99956a994527cb56f4a77c86ed61ff1dbda,"{""record_no"":309,""country"":""北朝鮮 North Korea"",""aliases"":[""Taehung Oil & Vehicle Trading Co. (太興運輸貿易会社)""],""wmd"":""生物、化学、ミサイル、核 B,C,M,N"",""conventional_weapons"":""""}"
Daiheung Chengyen (大興青年鉱山),daiheungchengyen(大興青年鉱山),経済産業省 外国ユーザーリスト,c632d657f9c13b1250d688394eb7c99956a994527cb56f4a77c86ed61ff1dbda:310,https://www.meti.go.jp/policy/anpo/20250929_3.pdf,data/raw/meti_manual/20260905T201914Z__c632d657f9c1__20250929_3.pdf,2025-09-29,2025-10-09,2026-09-05T20:19:14Z,2026-09-05T20:19:14Z,1,c632d657f9c13b1250d688394eb7c99956a994527cb56f4a77c86ed61ff1dbda,"{""record_no"":310,""country"":""北朝鮮 North Korea"",""aliases"":[""Daehung Chengyen Mine""],""wmd"":""生物、化学、ミサイル、核 B,C,M,N"",""conventional_weapons"":""""}"
Dandong Co. (丹東会社),dandongco.(丹東会社),経済産業省 外国ユーザーリスト,c632d657f9c13b1250d688394eb7c99956a994527cb56f4a77c86ed61ff1dbda:311,https://www.meti.go.jp/policy/anpo/20250929_3.pdf,data/raw/meti_manual/20260905T201914Z__c632d657f9c1__20250929_3.pdf,2025-09-29,2025-10-09,2026-09-05T20:19:14Z,2026-09-05T20:19:14Z,1,c632d657f9c13b1250d688394eb7c99956a994527cb56f4a77c86ed61ff1dbda,"{""record_no"":311,""country"":""北朝鮮 North Korea"",""aliases"":[],""wmd"":""生物、化学、ミサイル、核 B,C,M,N"",""conventional_weapons"":""""}"
DEPARTMENT 53 OF THE MINISTRY OF THE PEOPLE'S ARMED FORCES,department53oftheministryofthepeople'sarmedforces,経済産業省 外国ユーザーリスト,c632d657f9c13b1250d688394eb7c99956a994527cb56f4a77c86ed61ff1dbda:312,https://www.meti.go.jp/policy/anpo/20250929_3.pdf,data/raw/meti_manual/20260905T201914Z__c632d657f9c1__20250929_3.pdf,2025-09-29,2025-10-09,2026-09-05T20:19:14Z,2026-09-05T20:19:14Z,1,c632d657f9c13b1250d688394eb7c99956a994527cb56f4a77c86ed61ff1dbda,"{""record_no"":312,""country"":""北朝鮮 North Korea"",""aliases"":[""KOREA PONGNAESAN TRADING CORPORATION"",""BUREAU 53"",""DEPARTMENT 53""],""wmd"":"""",""conventional_weapons"":""通常兵器 CW""}"
EFCO Corporation,efcocorporation,経済産業省 外国ユーザーリスト,c632d657f9c13b1250d688394eb7c99956a994527cb56f4a77c86ed61ff1dbda:313,https://www.meti.go.jp/policy/anpo/20250929_3.pdf,data/raw/meti_manual/20260905T201914Z__c632d657f9c1__20250929_3.pdf,2025-09-29,2025-10-09,2026-09-05T20:19:14Z,2026-09-05T20:19:14Z,1,c632d657f9c13b1250d688394eb7c99956a994527cb56f4a77c86ed61ff1dbda,"{""record_no"":313,""country"":""北朝鮮 North Korea"",""aliases"":[""EFCO Corp. Pyongyang Branch (EFCO平壌支社)""],""wmd"":""生物、化学、ミサイル、核 B,C,M,N"",""conventional_weapons"":""""}"
EXTERNAL CONSTRUCTION BUREAU,externalconstructionbureau,経済産業省 外国ユーザーリスト,c632d657f9c13b1250d688394eb7c99956a994527cb56f4a77c86ed61ff1dbda:314,https://www.meti.go.jp/policy/anpo/20250929_3.pdf,data/raw/meti_manual/20260905T201914Z__c632d657f9c1__20250929_3.pdf,2025-09-29,2025-10-09,2026-09-05T20:19:14Z,2026-09-05T20:19:14Z,1,c632d657f9c13b1250d688394eb7c99956a994527cb56f4a77c86ed61ff1dbda,"{""record_no"":314,""country"":""北朝鮮 North Korea"",""aliases"":[""EXTERNAL CONSTRUCTION GENERAL COMPANY"",""EXTERNAL CONSTRUCTION GUIDANCE BUREAU""],""wmd"":""生物、化学、ミサイル、核 B,C,M,N"",""conventional_weapons"":""""}"
Fhangin Co. Ltd.,fhanginco.ltd.,経済産業省 外国ユーザーリスト,c632d657f9c13b1250d688394eb7c99956a994527cb56f4a77c86ed61ff1dbda:315,https://www.meti.go.jp/policy/anpo/20250929_3.pdf,data/raw/meti_manual/20260905T201914Z__c632d657f9c1__20250929_3.pdf,2025-09-29,2025-10-09,2026-09-05T20:19:14Z,2026-09-05T20:19:14Z,1,c632d657f9c13b1250d688394eb7c99956a994527cb56f4a77c86ed61ff1dbda,"{""record_no"":315,""country"":""北朝鮮 North Korea"",""aliases"":[],""wmd"":""生物、化学、ミサイル、核 B,C,M,N"",""conventional_weapons"":""""}"
First Trust Finance Co. Ltd. (第一信託会社),firsttrustfinanceco.ltd.(第一信託会社),経済産業省 外国ユーザーリスト,c632d657f9c13b1250d688394eb7c99956a994527cb56f4a77c86ed61ff1dbda:316,https://www.meti.go.jp/policy/anpo/20250929_3.pdf,data/raw/meti_manual/20260905T201914Z__c632d657f9c1__20250929_3.pdf,2025-09-29,2025-10-09,2026-09-05T20:19:14Z,2026-09-05T20:19:14Z,1,c632d657f9c13b1250d688394eb7c99956a994527cb56f4a77c86ed61ff1dbda,"{""record_no"":316,""country"":""北朝鮮 North Korea"",""aliases"":[],""wmd"":""生物、化学、ミサイル、核 B,C,M,N"",""conventional_weapons"":""""}"
Foreign Trade Bank of the Democratic People's Republic of Korea (貿易銀行),foreigntradebankofthedemocraticpeople'srepublicofkorea(貿易銀行),経済産業省 外国ユーザーリスト,c632d657f9c13b1250d688394eb7c99956a994527cb56f4a77c86ed61ff1dbda:317,https://www.meti.go.jp/policy/anpo/20250929_3.pdf,data/raw/meti_manual/20260905T201914Z__c632d657f9c1__20250929_3.pdf,2025-09-29,2025-10-09,2026-09-05T20:19:14Z,2026-09-05T20:19:14Z,1,c632d657f9c13b1250d688394eb7c99956a994527cb56f4a77c86ed61ff1dbda,"{""record_no"":317,""country"":""北朝鮮 North Korea"",""aliases"":[""FTB"",""Mooyukeunhaeng"",""North Korea's Foreign Trade Bank""],""wmd"":""生物、化学、ミサイル、核 B,C,M,N"",""conventional_weapons"":""""}"
Green Pine Associated Corporation （青松連合）,greenpineassociatedcorporation(青松連合),経済産業省 外国ユーザーリスト,c632d657f9c13b1250d688394eb7c99956a994527cb56f4a77c86ed61ff1dbda:318,https://www.meti.go.jp/policy/anpo/20250929_3.pdf,data/raw/meti_manual/20260905T201914Z__c632d657f9c1__20250929_3.pdf,2025-09-29,2025-10-09,2026-09-05T20:19:14Z,2026-09-05T20:19:14Z,1,c632d657f9c13b1250d688394eb7c99956a994527cb56f4a77c86ed61ff1dbda,"{""record_no"":318,""country"":""北朝鮮 North Korea"",""aliases"":[""Ch'o'ngsong Yo'nhap"",""Cho'ngsong United Trading Company"",""Chongsong Yonhap"",""Chosun Chawo'n Kaebal T'uja Hoesa"",""Jihyang Associated Corporation"",""Jihyang Technology Trade Company"",""Jihyang Trading Corporation"",""Jindallae"",""Ku'mhaeryong Company Ltd"",""Natural Resources Development and Investment Corporation"",""Paeksan Associated Corporation"",""Saeng Pil Trading Corporation (SPTC)"",""Saeingp'il Company"",""Taedonggang Technical Associated Corporation"",""総合貴金属連合体""],""wmd"":""生物、化学、ミサイル、核 B,C,M,N"",""conventional_weapons"":""通常兵器 CW""}"
Haejin Ship Management Company Limited,haejinshipmanagementcompanylimited,経済産業省 外国ユーザーリスト,c632d657f9c13b1250d688394eb7c99956a994527cb56f4a77c86ed61ff1dbda:319,https://www.meti.go.jp/policy/anpo/20250929_3.pdf,data/raw/meti_manual/20260905T201914Z__c632d657f9c1__20250929_3.pdf,2025-09-29,2025-10-09,2026-09-05T20:19:14Z,2026-09-05T20:19:14Z,1,c632d657f9c13b1250d688394eb7c99956a994527cb56f4a77c86ed61ff1dbda,"{""record_no"":319,""country"":""北朝鮮 North Korea"",""aliases"":[],""wmd"":""生物、化学、ミサイル、核 B,C,M,N"",""conventional_weapons"":""""}"
Hapjanggang Trading Corporation,hapjanggangtradingcorporation,経済産業省 外国ユーザーリスト,c632d657f9c13b1250d688394eb7c99956a994527cb56f4a77c86ed61ff1dbda:320,https://www.meti.go.jp/policy/anpo/20250929_3.pdf,data/raw/meti_manual/20260905T201914Z__c632d657f9c1__20250929_3.pdf,2025-09-29,2025-10-09,2026-09-05T20:19:14Z,2026-09-05T20:19:14Z,1,c632d657f9c13b1250d688394eb7c99956a994527cb56f4a77c86ed61ff1dbda,"{""record_no"":320,""country"":""北朝鮮 North Korea"",""aliases"":[],""wmd"":""ミサイル M"",""conventional_weapons"":""通常兵器 CW""}"
Hesong Trading Corporation (彗星貿易会社),hesongtradingcorporation(彗星貿易会社),経済産業省 外国ユーザーリスト,c632d657f9c13b1250d688394eb7c99956a994527cb56f4a77c86ed61ff1dbda:321,https://www.meti.go.jp/policy/anpo/20250929_3.pdf,data/raw/meti_manual/20260905T201914Z__c632d657f9c1__20250929_3.pdf,2025-09-29,2025-10-09,2026-09-05T20:19:14Z,2026-09-05T20:19:14Z,1,c632d657f9c13b1250d688394eb7c99956a994527cb56f4a77c86ed61ff1dbda,"{""record_no"":321,""country"":""北朝鮮 North Korea"",""aliases"":[""Hesong Trading Company"",""Rason Hyesong Trade Company (羅先彗星貿易会社)""],""wmd"":""生物、化学、ミサイル、核 B,C,M,N"",""conventional_weapons"":""通常兵器 CW""}"
Hoeryong Shipping Co Ltd,hoeryongshippingcoltd,経済産業省 外国ユーザーリスト,c632d657f9c13b1250d688394eb7c99956a994527cb56f4a77c86ed61ff1dbda:322,https://www.meti.go.jp/policy/anpo/20250929_3.pdf,data/raw/meti_manual/20260905T201914Z__c632d657f9c1__20250929_3.pdf,2025-09-29,2025-10-09,2026-09-05T20:19:14Z,2026-09-05T20:19:14Z,1,c632d657f9c13b1250d688394eb7c99956a994527cb56f4a77c86ed61ff1dbda,"{""record_no"":322,""country"":""北朝鮮 North Korea"",""aliases"":[],""wmd"":""生物、化学、ミサイル、核 B,C,M,N"",""conventional_weapons"":""""}"
"Hwanghai Steel Union Co., Ltd. (黄海製鉄連合企業所)","hwanghaisteelunionco.,ltd.(黄海製鉄連合企業所)",経済産業省 外国ユーザーリスト,c632d657f9c13b1250d688394eb7c99956a994527cb56f4a77c86ed61ff1dbda:323,https://www.meti.go.jp/policy/anpo/20250929_3.pdf,data/raw/meti_manual/20260905T201914Z__c632d657f9c1__20250929_3.pdf,2025-09-29,2025-10-09,2026-09-05T20:19:14Z,2026-09-05T20:19:14Z,1,c632d657f9c13b1250d688394eb7c99956a994527cb56f4a77c86ed61ff1dbda,"{""record_no"":323,""country"":""北朝鮮 North Korea"",""aliases"":[""Hwanghai Iron Works""],""wmd"":""生物、化学、ミサイル、核 B,C,M,N"",""conventional_weapons"":""""}"
Ilsim International Bank,ilsiminternationalbank,経済産業省 外国ユーザーリスト,c632d657f9c13b1250d688394eb7c99956a994527cb56f4a77c86ed61ff1dbda:324,https://www.meti.go.jp/policy/anpo/20250929_3.pdf,data/raw/meti_manual/20260905T201914Z__c632d657f9c1__20250929_3.pdf,2025-09-29,2025-10-09,2026-09-05T20:19:14Z,2026-09-05T20:19:14Z,1,c632d657f9c13b1250d688394eb7c99956a994527cb56f4a77c86ed61ff1dbda,"{""record_no"":324,""country"":""北朝鮮 North Korea"",""aliases"":[],""wmd"":""生物、化学、ミサイル、核 B,C,M,N"",""conventional_weapons"":""""}"
KANGBONG TRADING CORPORATION,kangbongtradingcorporation,経済産業省 外国ユーザーリスト,c632d657f9c13b1250d688394eb7c99956a994527cb56f4a77c86ed61ff1dbda:325,https://www.meti.go.jp/policy/anpo/20250929_3.pdf,data/raw/meti_manual/20260905T201914Z__c632d657f9c1__20250929_3.pdf,2025-09-29,2025-10-09,2026-09-05T20:19:14Z,2026-09-05T20:19:14Z,1,c632d657f9c13b1250d688394eb7c99956a994527cb56f4a77c86ed61ff1dbda,"{""record_no"":325,""country"":""北朝鮮 North Korea"",""aliases"":[],""wmd"":""ミサイル M"",""conventional_weapons"":""""}"
K.N. Technology Development Co.,k.n.technologydevelopmentco.,経済産業省 外国ユーザーリスト,c632d657f9c13b1250d688394eb7c99956a994527cb56f4a77c86ed61ff1dbda:326,https://www.meti.go.jp/policy/anpo/20250929_3.pdf,data/raw/meti_manual/20260905T201914Z__c632d657f9c1__20250929_3.pdf,2025-09-29,2025-10-09,2026-09-05T20:19:14Z,2026-09-05T20:19:14Z,1,c632d657f9c13b1250d688394eb7c99956a994527cb56f4a77c86ed61ff1dbda,"{""record_no"":326,""country"":""北朝鮮 North Korea"",""aliases"":[],""wmd"":""生物、化学、ミサイル、核 B,C,M,N"",""conventional_weapons"":""""}"
Kim Chaek Iron Works (金策製鉄所),kimchaekironworks(金策製鉄所),経済産業省 外国ユーザーリスト,c632d657f9c13b1250d688394eb7c99956a994527cb56f4a77c86ed61ff1dbda:327,https://www.meti.go.jp/policy/anpo/20250929_3.pdf,data/raw/meti_manual/20260905T201914Z__c632d657f9c1__20250929_3.pdf,2025-09-29,2025-10-09,2026-09-05T20:19:14Z,2026-09-05T20:19:14Z,1,c632d657f9c13b1250d688394eb7c99956a994527cb56f4a77c86ed61ff1dbda,"{""record_no"":327,""country"":""北朝鮮 North Korea"",""aliases"":[""Kim Chaek Iron and Steel Complex"",""Kim Chaek Steel Union Corp. (金策製鉄連合企業所)""],""wmd"":""生物、化学、ミサイル、核 B,C,M,N"",""conventional_weapons"":""""}"
Kim Chaek University of Technology (金策工業総合大学),kimchaekuniversityoftechnology(金策工業総合大学),経済産業省 外国ユーザーリスト,c632d657f9c13b1250d688394eb7c99956a994527cb56f4a77c86ed61ff1dbda:328,https://www.meti.go.jp/policy/anpo/20250929_3.pdf,data/raw/meti_manual/20260905T201914Z__c632d657f9c1__20250929_3.pdf,2025-09-29,2025-10-09,2026-09-05T20:19:14Z,2026-09-05T20:19:14Z,1,c632d657f9c13b1250d688394eb7c99956a994527cb56f4a77c86ed61ff1dbda,"{""record_no"":328,""country"":""北朝鮮 North Korea"",""aliases"":[],""wmd"":""生物、化学、ミサイル、核 B,C,M,N"",""conventional_weapons"":""""}"
Kim Il Sung University (金日成総合大学),kimilsunguniversity(金日成総合大学),経済産業省 外国ユーザーリスト,c632d657f9c13b1250d688394eb7c99956a994527cb56f4a77c86ed61ff1dbda:329,https://www.meti.go.jp/policy/anpo/20250929_3.pdf,data/raw/meti_manual/20260905T201914Z__c632d657f9c1__20250929_3.pdf,2025-09-29,2025-10-09,2026-09-05T20:19:14Z,2026-09-05T20:19:14Z,1,c632d657f9c13b1250d688394eb7c99956a994527cb56f4a77c86ed61ff1dbda,"{""record_no"":329,""country"":""北朝鮮 North Korea"",""aliases"":[],""wmd"":""生物、化学、ミサイル、核 B,C,M,N"",""conventional_weapons"":""""}"
Korea 56 Trading Corp.,korea56tradingcorp.,経済産業省 外国ユーザーリスト,c632d657f9c13b1250d688394eb7c99956a994527cb56f4a77c86ed61ff1dbda:330,https://www.meti.go.jp/policy/anpo/20250929_3.pdf,data/raw/meti_manual/20260905T201914Z__c632d657f9c1__20250929_3.pdf,2025-09-29,2025-10-09,2026-09-05T20:19:14Z,2026-09-05T20:19:14Z,1,c632d657f9c13b1250d688394eb7c99956a994527cb56f4a77c86ed61ff1dbda,"{""record_no"":330,""country"":""北朝鮮 North Korea"",""aliases"":[""Korea 56 Trading (朝鮮56貿易)""],""wmd"":""生物、化学、ミサイル、核 B,C,M,N"",""conventional_weapons"":""""}"
Korea Choei Syouji,koreachoeisyouji,経済産業省 外国ユーザーリスト,c632d657f9c13b1250d688394eb7c99956a994527cb56f4a77c86ed61ff1dbda:331,https://www.meti.go.jp/policy/anpo/20250929_3.pdf,data/raw/meti_manual/20260905T201914Z__c632d657f9c1__20250929_3.pdf,2025-09-29,2025-10-09,2026-09-05T20:19:14Z,2026-09-05T20:19:14Z,1,c632d657f9c13b1250d688394eb7c99956a994527cb56f4a77c86ed61ff1dbda,"{""record_no"":331,""country"":""北朝鮮 North Korea"",""aliases"":[],""wmd"":""生物、化学、ミサイル、核 B,C,M,N"",""conventional_weapons"":""""}"
Korea Complex Equipment Import Corporation (朝鮮総合設備輸出入会社),koreacomplexequipmentimportcorporation(朝鮮総合設備輸出入会社),経済産業省 外国ユーザーリスト,c632d657f9c13b1250d688394eb7c99956a994527cb56f4a77c86ed61ff1dbda:332,https://www.meti.go.jp/policy/anpo/20250929_3.pdf,data/raw/meti_manual/20260905T201914Z__c632d657f9c1__20250929_3.pdf,2025-09-29,2025-10-09,2026-09-05T20:19:14Z,2026-09-05T20:19:14Z,1,c632d657f9c13b1250d688394eb7c99956a994527cb56f4a77c86ed61ff1dbda,"{""record_no"":332,""country"":""北朝鮮 North Korea"",""aliases"":[""Korea Equipment & Plant Corporation (KEP)""],""wmd"":""生物、化学、ミサイル、核 B,C,M,N"",""conventional_weapons"":""通常兵器 CW""}"
Korea Computer Center,koreacomputercenter,経済産業省 外国ユーザーリスト,c632d657f9c13b1250d688394eb7c99956a994527cb56f4a77c86ed61ff1dbda:333,https://www.meti.go.jp/policy/anpo/20250929_3.pdf,data/raw/meti_manual/20260905T201914Z__c632d657f9c1__20250929_3.pdf,2025-09-29,2025-10-09,2026-09-05T20:19:14Z,2026-09-05T20:19:14Z,1,c632d657f9c13b1250d688394eb7c99956a994527cb56f4a77c86ed61ff1dbda,"{""record_no"":333,""country"":""北朝鮮 North Korea"",""aliases"":[""Choson Computer Center"",""Chung Sun Computer Center"",""Korea Computer Company""],""wmd"":""生物、化学、ミサイル、核 B,C,M,N"",""conventional_weapons"":""""}"
Korea Daesong Bank,koreadaesongbank,経済産業省 外国ユーザーリスト,c632d657f9c13b1250d688394eb7c99956a994527cb56f4a77c86ed61ff1dbda:334,https://www.meti.go.jp/policy/anpo/20250929_3.pdf,data/raw/meti_manual/20260905T201914Z__c632d657f9c1__20250929_3.pdf,2025-09-29,2025-10-09,2026-09-05T20:19:14Z,2026-09-05T20:19:14Z,1,c632d657f9c13b1250d688394eb7c99956a994527cb56f4a77c86ed61ff1dbda,"{""record_no"":334,""country"":""北朝鮮 North Korea"",""aliases"":[""Choson Taesong Unhaeng"",""Taesong Bank""],""wmd"":""生物、化学、ミサイル、核 B,C,M,N"",""conventional_weapons"":""""}"
Korea Daesong General Trading Corporation,koreadaesonggeneraltradingcorporation,経済産業省 外国ユーザーリスト,c632d657f9c13b1250d688394eb7c99956a994527cb56f4a77c86ed61ff1dbda:335,https://www.meti.go.jp/policy/anpo/20250929_3.pdf,data/raw/meti_manual/20260905T201914Z__c632d657f9c1__20250929_3.pdf,2025-09-29,2025-10-09,2026-09-05T20:19:14Z,2026-09-05T20:19:14Z,1,c632d657f9c13b1250d688394eb7c99956a994527cb56f4a77c86ed61ff1dbda,"{""record_no"":335,""country"":""北朝鮮 North Korea"",""aliases"":[""Daesong-K6"",""Daesong-T3 Trading Corporation"",""Daesong Trading"",""Daesong Trading Company"",""Korea Daesong Jechil Trading Corporation"",""Korea Daesong Jegu Trading Corporation"",""Korea Daesong Jei Trading Corporation"",""Korea Daesong Jeil Trading Corporation"",""Korea Daesong Jeo Trading Corporation"",""Korea Daesong Jepal Trading Corporation"",""Korea Daesong Jeryuk Trading Corporation"",""Korea Daesong Jesam Trading Corporation"",""Korea Daesong Seil Trading Corporation"",""Korea Daesong Trading Company"",""Korea Daesong Trading Corporation (朝鮮大成貿易会社)"",""Korea Daesong Transportation Company"",""Korea Daesong-8 Trading Corporation""],""wmd"":""生物、化学、ミサイル、核 B,C,M,N"",""conventional_weapons"":""""}"
Korea Dongsong Technical Corporation (朝鮮東城技術貿易会社),koreadongsongtechnicalcorporation(朝鮮東城技術貿易会社),経済産業省 外国ユーザーリスト,c632d657f9c13b1250d688394eb7c99956a994527cb56f4a77c86ed61ff1dbda:336,https://www.meti.go.jp/policy/anpo/20250929_3.pdf,data/raw/meti_manual/20260905T201914Z__c632d657f9c1__20250929_3.pdf,2025-09-29,2025-10-09,2026-09-05T20:19:14Z,2026-09-05T20:19:14Z,1,c632d657f9c13b1250d688394eb7c99956a994527cb56f4a77c86ed61ff1dbda,"{""record_no"":336,""country"":""北朝鮮 North Korea"",""aliases"":[""Korea Dongsong Technology Corp.""],""wmd"":""生物、化学、ミサイル、核 B,C,M,N"",""conventional_weapons"":""""}"
Korea Dongyang Trading Corp. (朝鮮東洋貿易会社),koreadongyangtradingcorp.(朝鮮東洋貿易会社),経済産業省 外国ユーザーリスト,c632d657f9c13b1250d688394eb7c99956a994527cb56f4a77c86ed61ff1dbda:337,https://www.meti.go.jp/policy/anpo/20250929_3.pdf,data/raw/meti_manual/20260905T201914Z__c632d657f9c1__20250929_3.pdf,2025-09-29,2025-10-09,2026-09-05T20:19:14Z,2026-09-05T20:19:14Z,1,c632d657f9c13b1250d688394eb7c99956a994527cb56f4a77c86ed61ff1dbda,"{""record_no"":337,""country"":""北朝鮮 North Korea"",""aliases"":[""Korea Tongyang Trading Corp."",""朝鮮東陽貿易会社""],""wmd"":""生物、化学、ミサイル、核 B,C,M,N"",""conventional_weapons"":""""}"
Korea Economic Co-operation Committee (朝鮮経済協力委員会),koreaeconomicco-operationcommittee(朝鮮経済協力委員会),経済産業省 外国ユーザーリスト,c632d657f9c13b1250d688394eb7c99956a994527cb56f4a77c86ed61ff1dbda:338,https://www.meti.go.jp/policy/anpo/20250929_3.pdf,data/raw/meti_manual/20260905T201914Z__c632d657f9c1__20250929_3.pdf,2025-09-29,2025-10-09,2026-09-05T20:19:14Z,2026-09-05T20:19:14Z,1,c632d657f9c13b1250d688394eb7c99956a994527cb56f4a77c86ed61ff1dbda,"{""record_no"":338,""country"":""北朝鮮 North Korea"",""aliases"":[],""wmd"":""生物、化学、ミサイル、核 B,C,M,N"",""conventional_weapons"":""""}"
Korea Foreign Technical Trade Center (対外技術貿易センター),koreaforeigntechnicaltradecenter(対外技術貿易センタ-),経済産業省 外国ユーザーリスト,c632d657f9c13b1250d688394eb7c99956a994527cb56f4a77c86ed61ff1dbda:339,https://www.meti.go.jp/policy/anpo/20250929_3.pdf,data/raw/meti_manual/20260905T201914Z__c632d657f9c1__20250929_3.pdf,2025-09-29,2025-10-09,2026-09-05T20:19:14Z,2026-09-05T20:19:14Z,1,c632d657f9c13b1250d688394eb7c99956a994527cb56f4a77c86ed61ff1dbda,"{""record_no"":339,""country"":""北朝鮮 North Korea"",""aliases"":[""朝鮮対外技術貿易会社"",""対外技術貿易会社""],""wmd"":""生物、化学、ミサイル、核 B,C,M,N"",""conventional_weapons"":""""}"
Korea General Trading Corporation,koreageneraltradingcorporation,経済産業省 外国ユーザーリスト,c632d657f9c13b1250d688394eb7c99956a994527cb56f4a77c86ed61ff1dbda:340,https://www.meti.go.jp/policy/anpo/20250929_3.pdf,data/raw/meti_manual/20260905T201914Z__c632d657f9c1__20250929_3.pdf,2025-09-29,2025-10-09,2026-09-05T20:19:14Z,2026-09-05T20:19:14Z,1,c632d657f9c13b1250d688394eb7c99956a994527cb56f4a77c86ed61ff1dbda,"{""record_no"":340,""country"":""北朝鮮 North Korea"",""aliases"":[],""wmd"":""生物、化学、ミサイル、核 B,C,M,N"",""conventional_weapons"":""""}"
Korea Heungjin Trading Company,koreaheungjintradingcompany,経済産業省 外国ユーザーリスト,c632d657f9c13b1250d688394eb7c99956a994527cb56f4a77c86ed61ff1dbda:341,https://www.meti.go.jp/policy/anpo/20250929_3.pdf,data/raw/meti_manual/20260905T201914Z__c632d657f9c1__20250929_3.pdf,2025-09-29,2025-10-09,2026-09-05T20:19:14Z,2026-09-05T20:19:14Z,1,c632d657f9c13b1250d688394eb7c99956a994527cb56f4a77c86ed61ff1dbda,"{""record_no"":341,""country"":""北朝鮮 North Korea"",""aliases"":[""Hunjin Trading Co. (興進貿易会社)"",""Korea Hengjin Trading Company"",""Korea Henjin Trading Co.""],""wmd"":""生物、化学、ミサイル、核 B,C,M,N"",""conventional_weapons"":""通常兵器 CW""}"
Korea Hyoksin Trading Corporation (朝鮮革新貿易会社),koreahyoksintradingcorporation(朝鮮革新貿易会社),経済産業省 外国ユーザーリスト,c632d657f9c13b1250d688394eb7c99956a994527cb56f4a77c86ed61ff1dbda:342,https://www.meti.go.jp/policy/anpo/20250929_3.pdf,data/raw/meti_manual/20260905T201914Z__c632d657f9c1__20250929_3.pdf,2025-09-29,2025-10-09,2026-09-05T20:19:14Z,2026-09-05T20:19:14Z,1,c632d657f9c13b1250d688394eb7c99956a994527cb56f4a77c86ed61ff1dbda,"{""record_no"":342,""country"":""北朝鮮 North Korea"",""aliases"":[""Korea Hyoksin Export and Import Corporation""],""wmd"":""生物、化学、ミサイル、核 B,C,M,N"",""conventional_weapons"":""""}"
Korea International Chemical Joint Venture Company (朝鮮国際化学合営会社),koreainternationalchemicaljointventurecompany(朝鮮国際化学合営会社),経済産業省 外国ユーザーリスト,c632d657f9c13b1250d688394eb7c99956a994527cb56f4a77c86ed61ff1dbda:343,https://www.meti.go.jp/policy/anpo/20250929_3.pdf,data/raw/meti_manual/20260905T201914Z__c632d657f9c1__20250929_3.pdf,2025-09-29,2025-10-09,2026-09-05T20:19:14Z,2026-09-05T20:19:14Z,1,c632d657f9c13b1250d688394eb7c99956a994527cb56f4a77c86ed61ff1dbda,"{""record_no"":343,""country"":""北朝鮮 North Korea"",""aliases"":[""Choson International Chemicals Joint Operation Company"",""Chosun International Chemicals Joint Operation Company"",""International Chemical Joint Venture Corporation""],""wmd"":""生物、化学、ミサイル、核 B,C,M,N"",""conventional_weapons"":""通常兵器 CW""}"
Korea Jangsu Trading Corporation (長水貿易会社),koreajangsutradingcorporation(長水貿易会社),経済産業省 外国ユーザーリスト,c632d657f9c13b1250d688394eb7c99956a994527cb56f4a77c86ed61ff1dbda:344,https://www.meti.go.jp/policy/anpo/20250929_3.pdf,data/raw/meti_manual/20260905T201914Z__c632d657f9c1__20250929_3.pdf,2025-09-29,2025-10-09,2026-09-05T20:19:14Z,2026-09-05T20:19:14Z,1,c632d657f9c13b1250d688394eb7c99956a994527cb56f4a77c86ed61ff1dbda,"{""record_no"":344,""country"":""北朝鮮 North Korea"",""aliases"":[""Jangsu 100 (長水100)""],""wmd"":""生物、化学、ミサイル、核 B,C,M,N"",""conventional_weapons"":""""}"
Korea Kangsong Trading Corp. (朝鮮強盛貿易会社),koreakangsongtradingcorp.(朝鮮強盛貿易会社),経済産業省 外国ユーザーリスト,c632d657f9c13b1250d688394eb7c99956a994527cb56f4a77c86ed61ff1dbda:345,https://www.meti.go.jp/policy/anpo/20250929_3.pdf,data/raw/meti_manual/20260905T201914Z__c632d657f9c1__20250929_3.pdf,2025-09-29,2025-10-09,2026-09-05T20:19:14Z,2026-09-05T20:19:14Z,1,c632d657f9c13b1250d688394eb7c99956a994527cb56f4a77c86ed61ff1dbda,"{""record_no"":345,""country"":""北朝鮮 North Korea"",""aliases"":[],""wmd"":""生物、化学、ミサイル、核 B,C,M,N"",""conventional_weapons"":""""}"
Korea KukSabong Joint Venture Company (朝鮮国師峰合営会社),koreakuksabongjointventurecompany(朝鮮国師峰合営会社),経済産業省 外国ユーザーリスト,c632d657f9c13b1250d688394eb7c99956a994527cb56f4a77c86ed61ff1dbda:346,https://www.meti.go.jp/policy/anpo/20250929_3.pdf,data/raw/meti_manual/20260905T201914Z__c632d657f9c1__20250929_3.pdf,2025-09-29,2025-10-09,2026-09-05T20:19:14Z,2026-09-05T20:19:14Z,1,c632d657f9c13b1250d688394eb7c99956a994527cb56f4a77c86ed61ff1dbda,"{""record_no"":346,""country"":""北朝鮮 North Korea"",""aliases"":[""Korea Kuksabong Joint Venture Corp.""],""wmd"":""生物、化学、ミサイル、核 B,C,M,N"",""conventional_weapons"":""""}"
Korea Kumsan Trading Corporation,koreakumsantradingcorporation,経済産業省 外国ユーザーリスト,c632d657f9c13b1250d688394eb7c99956a994527cb56f4a77c86ed61ff1dbda:347,https://www.meti.go.jp/policy/anpo/20250929_3.pdf,data/raw/meti_manual/20260905T201914Z__c632d657f9c1__20250929_3.pdf,2025-09-29,2025-10-09,2026-09-05T20:19:14Z,2026-09-05T20:19:14Z,1,c632d657f9c13b1250d688394eb7c99956a994527cb56f4a77c86ed61ff1dbda,"{""record_no"":347,""country"":""北朝鮮 North Korea"",""aliases"":[],""wmd"":""生物、化学、ミサイル、核 B,C,M,N"",""conventional_weapons"":""""}"
Korea Kuwolsan Trading Co. (朝鮮九月山貿易会社),koreakuwolsantradingco.(朝鮮九月山貿易会社),経済産業省 外国ユーザーリスト,c632d657f9c13b1250d688394eb7c99956a994527cb56f4a77c86ed61ff1dbda:348,https://www.meti.go.jp/policy/anpo/20250929_3.pdf,data/raw/meti_manual/20260905T201914Z__c632d657f9c1__20250929_3.pdf,2025-09-29,2025-10-09,2026-09-05T20:19:14Z,2026-09-05T20:19:14Z,1,c632d657f9c13b1250d688394eb7c99956a994527cb56f4a77c86ed61ff1dbda,"{""record_no"":348,""country"":""北朝鮮 North Korea"",""aliases"":[],""wmd"":""生物、化学、ミサイル、核 B,C,M,N"",""conventional_weapons"":""""}"
Korea Kwangson Banking Corporation (KKBC) (朝鮮光鮮金融会社),koreakwangsonbankingcorporation(kkbc)(朝鮮光鮮金融会社),経済産業省 外国ユーザーリスト,c632d657f9c13b1250d688394eb7c99956a994527cb56f4a77c86ed61ff1dbda:349,https://www.meti.go.jp/policy/anpo/20250929_3.pdf,data/raw/meti_manual/20260905T201914Z__c632d657f9c1__20250929_3.pdf,2025-09-29,2025-10-09,2026-09-05T20:19:14Z,2026-09-05T20:19:14Z,1,c632d657f9c13b1250d688394eb7c99956a994527cb56f4a77c86ed61ff1dbda,"{""record_no"":349,""country"":""北朝鮮 North Korea"",""aliases"":[],""wmd"":""生物、化学、ミサイル、核 B,C,M,N"",""conventional_weapons"":""""}"
Korea Kwangsong Trading Corporation (朝鮮光星貿易会社),koreakwangsongtradingcorporation(朝鮮光星貿易会社),経済産業省 外国ユーザーリスト,c632d657f9c13b1250d688394eb7c99956a994527cb56f4a77c86ed61ff1dbda:350,https://www.meti.go.jp/policy/anpo/20250929_3.pdf,data/raw/meti_manual/20260905T201914Z__c632d657f9c1__20250929_3.pdf,2025-09-29,2025-10-09,2026-09-05T20:19:14Z,2026-09-05T20:19:14Z,1,c632d657f9c13b1250d688394eb7c99956a994527cb56f4a77c86ed61ff1dbda,"{""record_no"":350,""country"":""北朝鮮 North Korea"",""aliases"":[],""wmd"":""生物、化学、ミサイル、核 B,C,M,N"",""conventional_weapons"":""通常兵器 CW""}"
Korea Mangyong Trading Corporation (朝鮮萬景貿易会社),koreamangyongtradingcorporation(朝鮮萬景貿易会社),経済産業省 外国ユーザーリスト,c632d657f9c13b1250d688394eb7c99956a994527cb56f4a77c86ed61ff1dbda:351,https://www.meti.go.jp/policy/anpo/20250929_3.pdf,data/raw/meti_manual/20260905T201914Z__c632d657f9c1__20250929_3.pdf,2025-09-29,2025-10-09,2026-09-05T20:19:14Z,2026-09-05T20:19:14Z,1,c632d657f9c13b1250d688394eb7c99956a994527cb56f4a77c86ed61ff1dbda,"{""record_no"":351,""country"":""北朝鮮 North Korea"",""aliases"":[""Mangyong Trading Corporation""],""wmd"":""生物、化学、ミサイル、核 B,C,M,N"",""conventional_weapons"":""""}"
Korea Mining Development Trading Corporation (KOMID) (朝鮮鉱業開発貿易会社),koreaminingdevelopmenttradingcorporation(komid)(朝鮮鉱業開発貿易会社),経済産業省 外国ユーザーリスト,c632d657f9c13b1250d688394eb7c99956a994527cb56f4a77c86ed61ff1dbda:352,https://www.meti.go.jp/policy/anpo/20250929_3.pdf,data/raw/meti_manual/20260905T201914Z__c632d657f9c1__20250929_3.pdf,2025-09-29,2025-10-09,2026-09-05T20:19:14Z,2026-09-05T20:19:14Z,1,c632d657f9c13b1250d688394eb7c99956a994527cb56f4a77c86ed61ff1dbda,"{""record_no"":352,""country"":""北朝鮮 North Korea"",""aliases"":[""Changgwang Sinyong Corporation (蒼光信用会社)"",""Changgwang Trading Corp."",""DPRKN Mining Development Trading Corporation"",""External Technology General Corporation"",""Korea Kumryong Trading Corporation"",""North Korean Mining Development Trading Corporation"",""221 General Bureau"",""Mining Development Guidance Bureau""],""wmd"":""生物、化学、ミサイル、核 B,C,M,N"",""conventional_weapons"":""通常兵器 CW""}"
Korea Ocean Shipping Agency,koreaoceanshippingagency,経済産業省 外国ユーザーリスト,c632d657f9c13b1250d688394eb7c99956a994527cb56f4a77c86ed61ff1dbda:353,https://www.meti.go.jp/policy/anpo/20250929_3.pdf,data/raw/meti_manual/20260905T201914Z__c632d657f9c1__20250929_3.pdf,2025-09-29,2025-10-09,2026-09-05T20:19:14Z,2026-09-05T20:19:14Z,1,c632d657f9c13b1250d688394eb7c99956a994527cb56f4a77c86ed61ff1dbda,"{""record_no"":353,""country"":""北朝鮮 North Korea"",""aliases"":[],""wmd"":""生物、化学、ミサイル、核 B,C,M,N"",""conventional_weapons"":""""}"
Korea Paekho 7 Trading (朝鮮白虎7貿易会社),koreapaekho7trading(朝鮮白虎7貿易会社),経済産業省 外国ユーザーリスト,c632d657f9c13b1250d688394eb7c99956a994527cb56f4a77c86ed61ff1dbda:354,https://www.meti.go.jp/policy/anpo/20250929_3.pdf,data/raw/meti_manual/20260905T201914Z__c632d657f9c1__20250929_3.pdf,2025-09-29,2025-10-09,2026-09-05T20:19:14Z,2026-09-05T20:19:14Z,1,c632d657f9c13b1250d688394eb7c99956a994527cb56f4a77c86ed61ff1dbda,"{""record_no"":354,""country"":""北朝鮮 North Korea"",""aliases"":[],""wmd"":""生物、化学、ミサイル、核 B,C,M,N"",""conventional_weapons"":""""}"
Korea Pugang Mining and Machinery Corporation Ltd.,koreapugangminingandmachinerycorporationltd.,経済産業省 外国ユーザーリスト,c632d657f9c13b1250d688394eb7c99956a994527cb56f4a77c86ed61ff1dbda:355,https://www.meti.go.jp/policy/anpo/20250929_3.pdf,data/raw/meti_manual/20260905T201914Z__c632d657f9c1__20250929_3.pdf,2025-09-29,2025-10-09,2026-09-05T20:19:14Z,2026-09-05T20:19:14Z,1,c632d657f9c13b1250d688394eb7c99956a994527cb56f4a77c86ed61ff1dbda,"{""record_no"":355,""country"":""北朝鮮 North Korea"",""aliases"":[],""wmd"":""生物、化学、ミサイル、核 B,C,M,N"",""conventional_weapons"":""""}"
Korea Pugang Trading Corporation (朝鮮富強貿易会社),koreapugangtradingcorporation(朝鮮富強貿易会社),経済産業省 外国ユーザーリスト,c632d657f9c13b1250d688394eb7c99956a994527cb56f4a77c86ed61ff1dbda:356,https://www.meti.go.jp/policy/anpo/20250929_3.pdf,data/raw/meti_manual/20260905T201914Z__c632d657f9c1__20250929_3.pdf,2025-09-29,2025-10-09,2026-09-05T20:19:14Z,2026-09-05T20:19:14Z,1,c632d657f9c13b1250d688394eb7c99956a994527cb56f4a77c86ed61ff1dbda,"{""record_no"":356,""country"":""北朝鮮 North Korea"",""aliases"":[],""wmd"":""生物、化学、ミサイル、核 B,C,M,N"",""conventional_weapons"":""""}"
Korea Puhung Trading Corporation (朝鮮富興貿易会社),koreapuhungtradingcorporation(朝鮮富興貿易会社),経済産業省 外国ユーザーリスト,c632d657f9c13b1250d688394eb7c99956a994527cb56f4a77c86ed61ff1dbda:357,https://www.meti.go.jp/policy/anpo/20250929_3.pdf,data/raw/meti_manual/20260905T201914Z__c632d657f9c1__20250929_3.pdf,2025-09-29,2025-10-09,2026-09-05T20:19:14Z,2026-09-05T20:19:14Z,1,c632d657f9c13b1250d688394eb7c99956a994527cb56f4a77c86ed61ff1dbda,"{""record_no"":357,""country"":""北朝鮮 North Korea"",""aliases"":[],""wmd"":""生物、化学、ミサイル、核 B,C,M,N"",""conventional_weapons"":""""}"
Korea Pyong-yang Roksan Trading Corporation (平壌緑山貿易会社),koreapyong-yangroksantradingcorporation(平壌緑山貿易会社),経済産業省 外国ユーザーリスト,c632d657f9c13b1250d688394eb7c99956a994527cb56f4a77c86ed61ff1dbda:358,https://www.meti.go.jp/policy/anpo/20250929_3.pdf,data/raw/meti_manual/20260905T201914Z__c632d657f9c1__20250929_3.pdf,2025-09-29,2025-10-09,2026-09-05T20:19:14Z,2026-09-05T20:19:14Z,1,c632d657f9c13b1250d688394eb7c99956a994527cb56f4a77c86ed61ff1dbda,"{""record_no"":358,""country"":""北朝鮮 North Korea"",""aliases"":[""Korea Pyongyang Roksan Trading Corporation"",""Roksan General Trading Corp (緑山貿易総会社)""],""wmd"":""生物、化学、ミサイル、核 B,C,M,N"",""conventional_weapons"":""""}"
Korea Pyongwong Trading Co.,koreapyongwongtradingco.,経済産業省 外国ユーザーリスト,c632d657f9c13b1250d688394eb7c99956a994527cb56f4a77c86ed61ff1dbda:359,https://www.meti.go.jp/policy/anpo/20250929_3.pdf,data/raw/meti_manual/20260905T201914Z__c632d657f9c1__20250929_3.pdf,2025-09-29,2025-10-09,2026-09-05T20:19:14Z,2026-09-05T20:19:14Z,1,c632d657f9c13b1250d688394eb7c99956a994527cb56f4a77c86ed61ff1dbda,"{""record_no"":359,""country"":""北朝鮮 North Korea"",""aliases"":[""朝鮮平原貿易会社"",""Korea Pyongwon Trading Co.""],""wmd"":""生物、化学、ミサイル、核 B,C,M,N"",""conventional_weapons"":""""}"
Korea Ragwon Department (朝鮮楽園百貨店),korearagwondepartment(朝鮮楽園百貨店),経済産業省 外国ユーザーリスト,c632d657f9c13b1250d688394eb7c99956a994527cb56f4a77c86ed61ff1dbda:360,https://www.meti.go.jp/policy/anpo/20250929_3.pdf,data/raw/meti_manual/20260905T201914Z__c632d657f9c1__20250929_3.pdf,2025-09-29,2025-10-09,2026-09-05T20:19:14Z,2026-09-05T20:19:14Z,1,c632d657f9c13b1250d688394eb7c99956a994527cb56f4a77c86ed61ff1dbda,"{""record_no"":360,""country"":""北朝鮮 North Korea"",""aliases"":[""Korea Rakwon Department""],""wmd"":""生物、化学、ミサイル、核 B,C,M,N"",""conventional_weapons"":""""}"
Korea Ragwon Trading Corp. (朝鮮楽園貿易会社),korearagwontradingcorp.(朝鮮楽園貿易会社),経済産業省 外国ユーザーリスト,c632d657f9c13b1250d688394eb7c99956a994527cb56f4a77c86ed61ff1dbda:361,https://www.meti.go.jp/policy/anpo/20250929_3.pdf,data/raw/meti_manual/20260905T201914Z__c632d657f9c1__20250929_3.pdf,2025-09-29,2025-10-09,2026-09-05T20:19:14Z,2026-09-05T20:19:14Z,1,c632d657f9c13b1250d688394eb7c99956a994527cb56f4a77c86ed61ff1dbda,"{""record_no"":361,""country"":""北朝鮮 North Korea"",""aliases"":[""Korea Rakwon Trading Corp.""],""wmd"":""生物、化学、ミサイル、核 B,C,M,N"",""conventional_weapons"":""""}"
Korea Rason Moran Company (朝鮮羅先牡丹会社),korearasonmorancompany(朝鮮羅先牡丹会社),経済産業省 外国ユーザーリスト,c632d657f9c13b1250d688394eb7c99956a994527cb56f4a77c86ed61ff1dbda:362,https://www.meti.go.jp/policy/anpo/20250929_3.pdf,data/raw/meti_manual/20260905T201914Z__c632d657f9c1__20250929_3.pdf,2025-09-29,2025-10-09,2026-09-05T20:19:14Z,2026-09-05T20:19:14Z,1,c632d657f9c13b1250d688394eb7c99956a994527cb56f4a77c86ed61ff1dbda,"{""record_no"":362,""country"":""北朝鮮 North Korea"",""aliases"":[],""wmd"":""生物、化学、ミサイル、核 B,C,M,N"",""conventional_weapons"":""""}"
Korea Red Cross Hospital (朝鮮赤十字病院),korearedcrosshospital(朝鮮赤十字病院),経済産業省 外国ユーザーリスト,c632d657f9c13b1250d688394eb7c99956a994527cb56f4a77c86ed61ff1dbda:363,https://www.meti.go.jp/policy/anpo/20250929_3.pdf,data/raw/meti_manual/20260905T201914Z__c632d657f9c1__20250929_3.pdf,2025-09-29,2025-10-09,2026-09-05T20:19:14Z,2026-09-05T20:19:14Z,1,c632d657f9c13b1250d688394eb7c99956a994527cb56f4a77c86ed61ff1dbda,"{""record_no"":363,""country"":""北朝鮮 North Korea"",""aliases"":[],""wmd"":""生物、化学、ミサイル、核 B,C,M,N"",""conventional_weapons"":""""}"
KOREA ROUNSAN TRADING CORPORATION,korearounsantradingcorporation,経済産業省 外国ユーザーリスト,c632d657f9c13b1250d688394eb7c99956a994527cb56f4a77c86ed61ff1dbda:364,https://www.meti.go.jp/policy/anpo/20250929_3.pdf,data/raw/meti_manual/20260905T201914Z__c632d657f9c1__20250929_3.pdf,2025-09-29,2025-10-09,2026-09-05T20:19:14Z,2026-09-05T20:19:14Z,1,c632d657f9c13b1250d688394eb7c99956a994527cb56f4a77c86ed61ff1dbda,"{""record_no"":364,""country"":""北朝鮮 North Korea"",""aliases"":[],""wmd"":""ミサイル M"",""conventional_weapons"":""通常兵器 CW""}"
Korea Rungra-888 Trading Corporation (朝鮮綾羅888貿易会社),korearungra-888tradingcorporation(朝鮮綾羅888貿易会社),経済産業省 外国ユーザーリスト,c632d657f9c13b1250d688394eb7c99956a994527cb56f4a77c86ed61ff1dbda:365,https://www.meti.go.jp/policy/anpo/20250929_3.pdf,data/raw/meti_manual/20260905T201914Z__c632d657f9c1__20250929_3.pdf,2025-09-29,2025-10-09,2026-09-05T20:19:14Z,2026-09-05T20:19:14Z,1,c632d657f9c13b1250d688394eb7c99956a994527cb56f4a77c86ed61ff1dbda,"{""record_no"":365,""country"":""北朝鮮 North Korea"",""aliases"":[""Korea Rungra 888 Trading Co."",""Korea Rungra-888 Muyeg Hisa"",""Rungra 888 General Trading Corp (綾羅888貿易総会社)""],""wmd"":""生物、化学、ミサイル、核 B,C,M,N"",""conventional_weapons"":""""}"
Korea Rungrado (General) Trading Co. (朝鮮綾羅島貿易(総)会社),korearungrado(general)tradingco.(朝鮮綾羅島貿易(総)会社),経済産業省 外国ユーザーリスト,c632d657f9c13b1250d688394eb7c99956a994527cb56f4a77c86ed61ff1dbda:366,https://www.meti.go.jp/policy/anpo/20250929_3.pdf,data/raw/meti_manual/20260905T201914Z__c632d657f9c1__20250929_3.pdf,2025-09-29,2025-10-09,2026-09-05T20:19:14Z,2026-09-05T20:19:14Z,1,c632d657f9c13b1250d688394eb7c99956a994527cb56f4a77c86ed61ff1dbda,"{""record_no"":366,""country"":""北朝鮮 North Korea"",""aliases"":[""Korea Rungrado Jonsong Trading Co. (朝鮮綾羅島全盛貿易会社)"",""Rungrado Trade Company""],""wmd"":""生物、化学、ミサイル、核 B,C,M,N"",""conventional_weapons"":""通常兵器 CW""}"
Korea Ryonbong General Corporation (KRGC) (朝鮮連峰総会社),korearyonbonggeneralcorporation(krgc)(朝鮮連峰総会社),経済産業省 外国ユーザーリスト,c632d657f9c13b1250d688394eb7c99956a994527cb56f4a77c86ed61ff1dbda:367,https://www.meti.go.jp/policy/anpo/20250929_3.pdf,data/raw/meti_manual/20260905T201914Z__c632d657f9c1__20250929_3.pdf,2025-09-29,2025-10-09,2026-09-05T20:19:14Z,2026-09-05T20:19:14Z,1,c632d657f9c13b1250d688394eb7c99956a994527cb56f4a77c86ed61ff1dbda,"{""record_no"":367,""country"":""北朝鮮 North Korea"",""aliases"":[""Korea Yonbong General Corporation"",""朝鮮嶺峰貿易会社"",""Lyongaksan General Trading Corporation""],""wmd"":""生物、化学、ミサイル、核 B,C,M,N"",""conventional_weapons"":""通常兵器 CW""}"
Korea Ryongwang Trading Corporation (朝鮮連光貿易会社),korearyongwangtradingcorporation(朝鮮連光貿易会社),経済産業省 外国ユーザーリスト,c632d657f9c13b1250d688394eb7c99956a994527cb56f4a77c86ed61ff1dbda:368,https://www.meti.go.jp/policy/anpo/20250929_3.pdf,data/raw/meti_manual/20260905T201914Z__c632d657f9c1__20250929_3.pdf,2025-09-29,2025-10-09,2026-09-05T20:19:14Z,2026-09-05T20:19:14Z,1,c632d657f9c13b1250d688394eb7c99956a994527cb56f4a77c86ed61ff1dbda,"{""record_no"":368,""country"":""北朝鮮 North Korea"",""aliases"":[""Korea Ryengwang Trading Corporation"",""Korean Ryengwang Trading Corporation""],""wmd"":""生物、化学、ミサイル、核 B,C,M,N"",""conventional_weapons"":""通常兵器 CW""}"
Korea Ryonha Machinery Joint Venture Corporation (朝鮮蓮河機械合営会社),korearyonhamachineryjointventurecorporation(朝鮮蓮河機械合営会社),経済産業省 外国ユーザーリスト,c632d657f9c13b1250d688394eb7c99956a994527cb56f4a77c86ed61ff1dbda:369,https://www.meti.go.jp/policy/anpo/20250929_3.pdf,data/raw/meti_manual/20260905T201914Z__c632d657f9c1__20250929_3.pdf,2025-09-29,2025-10-09,2026-09-05T20:19:14Z,2026-09-05T20:19:14Z,1,c632d657f9c13b1250d688394eb7c99956a994527cb56f4a77c86ed61ff1dbda,"{""record_no"":369,""country"":""北朝鮮 North Korea"",""aliases"":[""Chosun Yunha Machinery J.V. Corporation"",""Chosun Yunha Machinery Joint Operation Company"",""Huichon Machine Tool"",""Huichon Ryonha Machinery General Plant"",""Korea Ryenha Machinery J.V. Corporation"",""Millim Technology Company"",""Ryonha Machine Tool"",""Ryonha Machine Tool Corporation"",""Ryonha Machinery Corp"",""Ryonha Machinery Corporation"",""Ryonha Machinery Joint Venture Corporation"",""Ryonhwa Machinery Joint Venture Corporation"",""Ryonhwa Machinery JV"",""Unsan"",""Unsan Solid Tools""],""wmd"":""生物、化学、ミサイル、核 B,C,M,N"",""conventional_weapons"":""""}"
KOREA RYONHAP TRADING CORPORATION （朝鮮連合貿易会社）,korearyonhaptradingcorporation(朝鮮連合貿易会社),経済産業省 外国ユーザーリスト,c632d657f9c13b1250d688394eb7c99956a994527cb56f4a77c86ed61ff1dbda:370,https://www.meti.go.jp/policy/anpo/20250929_3.pdf,data/raw/meti_manual/20260905T201914Z__c632d657f9c1__20250929_3.pdf,2025-09-29,2025-10-09,2026-09-05T20:19:14Z,2026-09-05T20:19:14Z,1,c632d657f9c13b1250d688394eb7c99956a994527cb56f4a77c86ed61ff1dbda,"{""record_no"":370,""country"":""北朝鮮 North Korea"",""aliases"":[],""wmd"":""生物、化学、ミサイル、核 B,C,M,N"",""conventional_weapons"":""通常兵器 CW""}"
Korea Ryonhap-2 Trading Corporation (朝鮮連合2貿易会社),korearyonhap-2tradingcorporation(朝鮮連合2貿易会社),経済産業省 外国ユーザーリスト,c632d657f9c13b1250d688394eb7c99956a994527cb56f4a77c86ed61ff1dbda:371,https://www.meti.go.jp/policy/anpo/20250929_3.pdf,data/raw/meti_manual/20260905T201914Z__c632d657f9c1__20250929_3.pdf,2025-09-29,2025-10-09,2026-09-05T20:19:14Z,2026-09-05T20:19:14Z,1,c632d657f9c13b1250d688394eb7c99956a994527cb56f4a77c86ed61ff1dbda,"{""record_no"":371,""country"":""北朝鮮 North Korea"",""aliases"":[""Ryoehap-2"",""Ryoehap-2 Trading Co.""],""wmd"":""生物、化学、ミサイル、核 B,C,M,N"",""conventional_weapons"":""通常兵器 CW""}"
"Korea Ryusong Co., Ltd. (朝鮮柳城商社)","korearyusongco.,ltd.(朝鮮柳城商社)",経済産業省 外国ユーザーリスト,c632d657f9c13b1250d688394eb7c99956a994527cb56f4a77c86ed61ff1dbda:372,https://www.meti.go.jp/policy/anpo/20250929_3.pdf,data/raw/meti_manual/20260905T201914Z__c632d657f9c1__20250929_3.pdf,2025-09-29,2025-10-09,2026-09-05T20:19:14Z,2026-09-05T20:19:14Z,1,c632d657f9c13b1250d688394eb7c99956a994527cb56f4a77c86ed61ff1dbda,"{""record_no"":372,""country"":""北朝鮮 North Korea"",""aliases"":[],""wmd"":""生物、化学、ミサイル、核 B,C,M,N"",""conventional_weapons"":""""}"
Korea Samilpo Shipping Co,koreasamilposhippingco,経済産業省 外国ユーザーリスト,c632d657f9c13b1250d688394eb7c99956a994527cb56f4a77c86ed61ff1dbda:373,https://www.meti.go.jp/policy/anpo/20250929_3.pdf,data/raw/meti_manual/20260905T201914Z__c632d657f9c1__20250929_3.pdf,2025-09-29,2025-10-09,2026-09-05T20:19:14Z,2026-09-05T20:19:14Z,1,c632d657f9c13b1250d688394eb7c99956a994527cb56f4a77c86ed61ff1dbda,"{""record_no"":373,""country"":""北朝鮮 North Korea"",""aliases"":[],""wmd"":""生物、化学、ミサイル、核 B,C,M,N"",""conventional_weapons"":""""}"
Korea Suho Trading Company （朝鮮守護貿易会社）,koreasuhotradingcompany(朝鮮守護貿易会社),経済産業省 外国ユーザーリスト,c632d657f9c13b1250d688394eb7c99956a994527cb56f4a77c86ed61ff1dbda:374,https://www.meti.go.jp/policy/anpo/20250929_3.pdf,data/raw/meti_manual/20260905T201914Z__c632d657f9c1__20250929_3.pdf,2025-09-29,2025-10-09,2026-09-05T20:19:14Z,2026-09-05T20:19:14Z,1,c632d657f9c13b1250d688394eb7c99956a994527cb56f4a77c86ed61ff1dbda,"{""record_no"":374,""country"":""北朝鮮 North Korea"",""aliases"":[],""wmd"":""生物、化学、ミサイル、核 B,C,M,N"",""conventional_weapons"":""""}"
Korea Sungri Trading Corporation (朝鮮勝利貿易会社),koreasungritradingcorporation(朝鮮勝利貿易会社),経済産業省 外国ユーザーリスト,c632d657f9c13b1250d688394eb7c99956a994527cb56f4a77c86ed61ff1dbda:375,https://www.meti.go.jp/policy/anpo/20250929_3.pdf,data/raw/meti_manual/20260905T201914Z__c632d657f9c1__20250929_3.pdf,2025-09-29,2025-10-09,2026-09-05T20:19:14Z,2026-09-05T20:19:14Z,1,c632d657f9c13b1250d688394eb7c99956a994527cb56f4a77c86ed61ff1dbda,"{""record_no"":375,""country"":""北朝鮮 North Korea"",""aliases"":[],""wmd"":""生物、化学、ミサイル、核 B,C,M,N"",""conventional_weapons"":""""}"
Korea Taesong Trading Company,koreataesongtradingcompany,経済産業省 外国ユーザーリスト,c632d657f9c13b1250d688394eb7c99956a994527cb56f4a77c86ed61ff1dbda:376,https://www.meti.go.jp/policy/anpo/20250929_3.pdf,data/raw/meti_manual/20260905T201914Z__c632d657f9c1__20250929_3.pdf,2025-09-29,2025-10-09,2026-09-05T20:19:14Z,2026-09-05T20:19:14Z,1,c632d657f9c13b1250d688394eb7c99956a994527cb56f4a77c86ed61ff1dbda,"{""record_no"":376,""country"":""北朝鮮 North Korea"",""aliases"":[],""wmd"":""生物、化学、ミサイル、核 B,C,M,N"",""conventional_weapons"":""通常兵器 CW""}"
Korea Tonghae Shipping Company (朝鮮東海海運会社),koreatonghaeshippingcompany(朝鮮東海海運会社),経済産業省 外国ユーザーリスト,c632d657f9c13b1250d688394eb7c99956a994527cb56f4a77c86ed61ff1dbda:377,https://www.meti.go.jp/policy/anpo/20250929_3.pdf,data/raw/meti_manual/20260905T201914Z__c632d657f9c1__20250929_3.pdf,2025-09-29,2025-10-09,2026-09-05T20:19:14Z,2026-09-05T20:19:14Z,1,c632d657f9c13b1250d688394eb7c99956a994527cb56f4a77c86ed61ff1dbda,"{""record_no"":377,""country"":""北朝鮮 North Korea"",""aliases"":[],""wmd"":""生物、化学、ミサイル、核 B,C,M,N"",""conventional_weapons"":""""}"
Korea Undok Trading Corporation (朝鮮恩徳貿易会社),koreaundoktradingcorporation(朝鮮恩徳貿易会社),経済産業省 外国ユーザーリスト,c632d657f9c13b1250d688394eb7c99956a994527cb56f4a77c86ed61ff1dbda:378,https://www.meti.go.jp/policy/anpo/20250929_3.pdf,data/raw/meti_manual/20260905T201914Z__c632d657f9c1__20250929_3.pdf,2025-09-29,2025-10-09,2026-09-05T20:19:14Z,2026-09-05T20:19:14Z,1,c632d657f9c13b1250d688394eb7c99956a994527cb56f4a77c86ed61ff1dbda,"{""record_no"":378,""country"":""北朝鮮 North Korea"",""aliases"":[],""wmd"":""生物、化学、ミサイル、核 B,C,M,N"",""conventional_weapons"":""""}"
Korea United Development Bank,koreauniteddevelopmentbank,経済産業省 外国ユーザーリスト,c632d657f9c13b1250d688394eb7c99956a994527cb56f4a77c86ed61ff1dbda:379,https://www.meti.go.jp/policy/anpo/20250929_3.pdf,data/raw/meti_manual/20260905T201914Z__c632d657f9c1__20250929_3.pdf,2025-09-29,2025-10-09,2026-09-05T20:19:14Z,2026-09-05T20:19:14Z,1,c632d657f9c13b1250d688394eb7c99956a994527cb56f4a77c86ed61ff1dbda,"{""record_no"":379,""country"":""北朝鮮 North Korea"",""aliases"":[],""wmd"":""生物、化学、ミサイル、核 B,C,M,N"",""conventional_weapons"":""""}"
Korea Wonbong Trading Corp. (朝鮮元峰貿易会社),koreawonbongtradingcorp.(朝鮮元峰貿易会社),経済産業省 外国ユーザーリスト,c632d657f9c13b1250d688394eb7c99956a994527cb56f4a77c86ed61ff1dbda:380,https://www.meti.go.jp/policy/anpo/20250929_3.pdf,data/raw/meti_manual/20260905T201914Z__c632d657f9c1__20250929_3.pdf,2025-09-29,2025-10-09,2026-09-05T20:19:14Z,2026-09-05T20:19:14Z,1,c632d657f9c13b1250d688394eb7c99956a994527cb56f4a77c86ed61ff1dbda,"{""record_no"":380,""country"":""北朝鮮 North Korea"",""aliases"":[""Korea Wonbong Co., Ltd. (朝鮮元峰会社)""],""wmd"":""生物、化学、ミサイル、核 B,C,M,N"",""conventional_weapons"":""""}"
Korea Zinc Industrial Group (朝鮮亜鉛工業総会社),koreazincindustrialgroup(朝鮮亜鉛工業総会社),経済産業省 外国ユーザーリスト,c632d657f9c13b1250d688394eb7c99956a994527cb56f4a77c86ed61ff1dbda:381,https://www.meti.go.jp/policy/anpo/20250929_3.pdf,data/raw/meti_manual/20260905T201914Z__c632d657f9c1__20250929_3.pdf,2025-09-29,2025-10-09,2026-09-05T20:19:14Z,2026-09-05T20:19:14Z,1,c632d657f9c13b1250d688394eb7c99956a994527cb56f4a77c86ed61ff1dbda,"{""record_no"":381,""country"":""北朝鮮 North Korea"",""aliases"":[""Korea Zinc Industry General Corporation"",""Korea Zinc Industry Group"",""North Korean Zinc Industry Group""],""wmd"":""ミサイル M"",""conventional_weapons"":""""}"
Korea Zuzagbong Maritime Ltd,koreazuzagbongmaritimeltd,経済産業省 外国ユーザーリスト,c632d657f9c13b1250d688394eb7c99956a994527cb56f4a77c86ed61ff1dbda:382,https://www.meti.go.jp/policy/anpo/20250929_3.pdf,data/raw/meti_manual/20260905T201914Z__c632d657f9c1__20250929_3.pdf,2025-09-29,2025-10-09,2026-09-05T20:19:14Z,2026-09-05T20:19:14Z,1,c632d657f9c13b1250d688394eb7c99956a994527cb56f4a77c86ed61ff1dbda,"{""record_no"":382,""country"":""北朝鮮 North Korea"",""aliases"":[],""wmd"":""生物、化学、ミサイル、核 B,C,M,N"",""conventional_weapons"":""""}"
Korean Buyon Shipping Co. Ltd.,koreanbuyonshippingco.ltd.,経済産業省 外国ユーザーリスト,c632d657f9c13b1250d688394eb7c99956a994527cb56f4a77c86ed61ff1dbda:383,https://www.meti.go.jp/policy/anpo/20250929_3.pdf,data/raw/meti_manual/20260905T201914Z__c632d657f9c1__20250929_3.pdf,2025-09-29,2025-10-09,2026-09-05T20:19:14Z,2026-09-05T20:19:14Z,1,c632d657f9c13b1250d688394eb7c99956a994527cb56f4a77c86ed61ff1dbda,"{""record_no"":383,""country"":""北朝鮮 North Korea"",""aliases"":[""Korea Buyon Shipping Co"",""Korean Buyon Shipping Company Limited""],""wmd"":""生物、化学、ミサイル、核 B,C,M,N"",""conventional_weapons"":""""}"
Korean Committee for Space Technology (朝鮮宇宙空間技術委員会),koreancommitteeforspacetechnology(朝鮮宇宙空間技術委員会),経済産業省 外国ユーザーリスト,c632d657f9c13b1250d688394eb7c99956a994527cb56f4a77c86ed61ff1dbda:384,https://www.meti.go.jp/policy/anpo/20250929_3.pdf,data/raw/meti_manual/20260905T201914Z__c632d657f9c1__20250929_3.pdf,2025-09-29,2025-10-09,2026-09-05T20:19:14Z,2026-09-05T20:19:14Z,1,c632d657f9c13b1250d688394eb7c99956a994527cb56f4a77c86ed61ff1dbda,"{""record_no"":384,""country"":""北朝鮮 North Korea"",""aliases"":[""Committee for Space Technology"",""Department of Space Technology of the DPRK"",""DPRK Committee for Space Technology"",""KCST""],""wmd"":""生物、化学、ミサイル、核 B,C,M,N"",""conventional_weapons"":""通常兵器 CW""}"
Korean Polish Shpg Co Ltd,koreanpolishshpgcoltd,経済産業省 外国ユーザーリスト,c632d657f9c13b1250d688394eb7c99956a994527cb56f4a77c86ed61ff1dbda:385,https://www.meti.go.jp/policy/anpo/20250929_3.pdf,data/raw/meti_manual/20260905T201914Z__c632d657f9c1__20250929_3.pdf,2025-09-29,2025-10-09,2026-09-05T20:19:14Z,2026-09-05T20:19:14Z,1,c632d657f9c13b1250d688394eb7c99956a994527cb56f4a77c86ed61ff1dbda,"{""record_no"":385,""country"":""北朝鮮 North Korea"",""aliases"":[],""wmd"":""生物、化学、ミサイル、核 B,C,M,N"",""conventional_weapons"":""""}"
Korean Tangun Trading Corporation (朝鮮檀君貿易会社),koreantanguntradingcorporation(朝鮮檀君貿易会社),経済産業省 外国ユーザーリスト,c632d657f9c13b1250d688394eb7c99956a994527cb56f4a77c86ed61ff1dbda:386,https://www.meti.go.jp/policy/anpo/20250929_3.pdf,data/raw/meti_manual/20260905T201914Z__c632d657f9c1__20250929_3.pdf,2025-09-29,2025-10-09,2026-09-05T20:19:14Z,2026-09-05T20:19:14Z,1,c632d657f9c13b1250d688394eb7c99956a994527cb56f4a77c86ed61ff1dbda,"{""record_no"":386,""country"":""北朝鮮 North Korea"",""aliases"":[""Korea Dangun Trading Corporation"",""Korea Kuryonggang Trading Corporation"",""Korea Tangun Trading Corporation"",""Ryung Seng Trading Corporation"",""Ryungseng Trading Corporation"",""Ryungsong Trading Corporation"",""Tangun Trading""],""wmd"":""生物、化学、ミサイル、核 B,C,M,N"",""conventional_weapons"":""通常兵器 CW""}"
Kumgang Engine J.V. Co. (金剛原動機合営会社),kumgangenginej.v.co.(金剛原動機合営会社),経済産業省 外国ユーザーリスト,c632d657f9c13b1250d688394eb7c99956a994527cb56f4a77c86ed61ff1dbda:387,https://www.meti.go.jp/policy/anpo/20250929_3.pdf,data/raw/meti_manual/20260905T201914Z__c632d657f9c1__20250929_3.pdf,2025-09-29,2025-10-09,2026-09-05T20:19:14Z,2026-09-05T20:19:14Z,1,c632d657f9c13b1250d688394eb7c99956a994527cb56f4a77c86ed61ff1dbda,"{""record_no"":387,""country"":""北朝鮮 North Korea"",""aliases"":[],""wmd"":""生物、化学、ミサイル、核 B,C,M,N"",""conventional_weapons"":""""}"
Kumsan JVC Pty Ltd. (金山合営会社),kumsanjvcptyltd.(金山合営会社),経済産業省 外国ユーザーリスト,c632d657f9c13b1250d688394eb7c99956a994527cb56f4a77c86ed61ff1dbda:388,https://www.meti.go.jp/policy/anpo/20250929_3.pdf,data/raw/meti_manual/20260905T201914Z__c632d657f9c1__20250929_3.pdf,2025-09-29,2025-10-09,2026-09-05T20:19:14Z,2026-09-05T20:19:14Z,1,c632d657f9c13b1250d688394eb7c99956a994527cb56f4a77c86ed61ff1dbda,"{""record_no"":388,""country"":""北朝鮮 North Korea"",""aliases"":[""Kumsan Joint Venture Pty Co. Ltd.""],""wmd"":""生物、化学 B,C"",""conventional_weapons"":""""}"
Machinery Exp. and Imp. Corp.,machineryexp.andimp.corp.,経済産業省 外国ユーザーリスト,c632d657f9c13b1250d688394eb7c99956a994527cb56f4a77c86ed61ff1dbda:389,https://www.meti.go.jp/policy/anpo/20250929_3.pdf,data/raw/meti_manual/20260905T201914Z__c632d657f9c1__20250929_3.pdf,2025-09-29,2025-10-09,2026-09-05T20:19:14Z,2026-09-05T20:19:14Z,1,c632d657f9c13b1250d688394eb7c99956a994527cb56f4a77c86ed61ff1dbda,"{""record_no"":389,""country"":""北朝鮮 North Korea"",""aliases"":[],""wmd"":""生物、化学、ミサイル、核 B,C,M,N"",""conventional_weapons"":""""}"
Ministry of Atomic Energy Industry (MAEI) (原子力工業省),ministryofatomicenergyindustry(maei)(原子力工業省),経済産業省 外国ユーザーリスト,c632d657f9c13b1250d688394eb7c99956a994527cb56f4a77c86ed61ff1dbda:390,https://www.meti.go.jp/policy/anpo/20250929_3.pdf,data/raw/meti_manual/20260905T201914Z__c632d657f9c1__20250929_3.pdf,2025-09-29,2025-10-09,2026-09-05T20:19:14Z,2026-09-05T20:19:14Z,1,c632d657f9c13b1250d688394eb7c99956a994527cb56f4a77c86ed61ff1dbda,"{""record_no"":390,""country"":""北朝鮮 North Korea"",""aliases"":[""General Bureau of Atomic Energy (GBAE) (原子力総局)"",""General Department of Atomic Energy (GDAE)""],""wmd"":""核 N"",""conventional_weapons"":""""}"
MINISTRY OF ROCKET INDUSTRY （ロケット産業省）,ministryofrocketindustry(ロケット産業省),経済産業省 外国ユーザーリスト,c632d657f9c13b1250d688394eb7c99956a994527cb56f4a77c86ed61ff1dbda:391,https://www.meti.go.jp/policy/anpo/20250929_3.pdf,data/raw/meti_manual/20260905T201914Z__c632d657f9c1__20250929_3.pdf,2025-09-29,2025-10-09,2026-09-05T20:19:14Z,2026-09-05T20:19:14Z,1,c632d657f9c13b1250d688394eb7c99956a994527cb56f4a77c86ed61ff1dbda,"{""record_no"":391,""country"":""北朝鮮 North Korea"",""aliases"":[""ROCKET INDUSTRY DEPARTMENT""],""wmd"":""ミサイル M"",""conventional_weapons"":""通常兵器 CW""}"
Mirim Shipping Co Ltd,mirimshippingcoltd,経済産業省 外国ユーザーリスト,c632d657f9c13b1250d688394eb7c99956a994527cb56f4a77c86ed61ff1dbda:392,https://www.meti.go.jp/policy/anpo/20250929_3.pdf,data/raw/meti_manual/20260905T201914Z__c632d657f9c1__20250929_3.pdf,2025-09-29,2025-10-09,2026-09-05T20:19:14Z,2026-09-05T20:19:14Z,1,c632d657f9c13b1250d688394eb7c99956a994527cb56f4a77c86ed61ff1dbda,"{""record_no"":392,""country"":""北朝鮮 North Korea"",""aliases"":[],""wmd"":""生物、化学、ミサイル、核 B,C,M,N"",""conventional_weapons"":""""}"
Munitions Industry Department (軍需工業部),munitionsindustrydepartment(軍需工業部),経済産業省 外国ユーザーリスト,c632d657f9c13b1250d688394eb7c99956a994527cb56f4a77c86ed61ff1dbda:393,https://www.meti.go.jp/policy/anpo/20250929_3.pdf,data/raw/meti_manual/20260905T201914Z__c632d657f9c1__20250929_3.pdf,2025-09-29,2025-10-09,2026-09-05T20:19:14Z,2026-09-05T20:19:14Z,1,c632d657f9c13b1250d688394eb7c99956a994527cb56f4a77c86ed61ff1dbda,"{""record_no"":393,""country"":""北朝鮮 North Korea"",""aliases"":[""Military Supplies Industry Department""],""wmd"":""生物、化学、ミサイル、核 B,C,M,N"",""conventional_weapons"":""通常兵器 CW""}"
Namchongang Trading Corporation (南川江貿易会社),namchongangtradingcorporation(南川江貿易会社),経済産業省 外国ユーザーリスト,c632d657f9c13b1250d688394eb7c99956a994527cb56f4a77c86ed61ff1dbda:394,https://www.meti.go.jp/policy/anpo/20250929_3.pdf,data/raw/meti_manual/20260905T201914Z__c632d657f9c1__20250929_3.pdf,2025-09-29,2025-10-09,2026-09-05T20:19:14Z,2026-09-05T20:19:14Z,1,c632d657f9c13b1250d688394eb7c99956a994527cb56f4a77c86ed61ff1dbda,"{""record_no"":394,""country"":""北朝鮮 North Korea"",""aliases"":[""Korea Daeryonggang Trading Corporation (朝鮮大玲江貿会社)"",""Korea Namhung Trading Company"",""Korea Taeryonggang Trading Corporation"",""Nam Chon Gang Corporation"",""Nam Chong Gan Trading Corporation"",""Namchongang Trading"",""Namhung Trading Corporation"",""NCG"",""Nomchongang Trading Co.""],""wmd"":""核 N"",""conventional_weapons"":""""}"
Namhung Chemical Plant (南興化学工場),namhungchemicalplant(南興化学工場),経済産業省 外国ユーザーリスト,c632d657f9c13b1250d688394eb7c99956a994527cb56f4a77c86ed61ff1dbda:395,https://www.meti.go.jp/policy/anpo/20250929_3.pdf,data/raw/meti_manual/20260905T201914Z__c632d657f9c1__20250929_3.pdf,2025-09-29,2025-10-09,2026-09-05T20:19:14Z,2026-09-05T20:19:14Z,1,c632d657f9c13b1250d688394eb7c99956a994527cb56f4a77c86ed61ff1dbda,"{""record_no"":395,""country"":""北朝鮮 North Korea"",""aliases"":[""Namhung Chemical Union Complex (南興化学連合企業所)""],""wmd"":""ミサイル M"",""conventional_weapons"":""""}"
Namhung Youth Chemical Complex,namhungyouthchemicalcomplex,経済産業省 外国ユーザーリスト,c632d657f9c13b1250d688394eb7c99956a994527cb56f4a77c86ed61ff1dbda:396,https://www.meti.go.jp/policy/anpo/20250929_3.pdf,data/raw/meti_manual/20260905T201914Z__c632d657f9c1__20250929_3.pdf,2025-09-29,2025-10-09,2026-09-05T20:19:14Z,2026-09-05T20:19:14Z,1,c632d657f9c13b1250d688394eb7c99956a994527cb56f4a77c86ed61ff1dbda,"{""record_no"":396,""country"":""北朝鮮 North Korea"",""aliases"":[""Namheung Youth Chemical Fertilizer Factory""],""wmd"":""ミサイル、核 M,N"",""conventional_weapons"":""""}"
Namsan 2 Company (南山2会社),namsan2company(南山2会社),経済産業省 外国ユーザーリスト,c632d657f9c13b1250d688394eb7c99956a994527cb56f4a77c86ed61ff1dbda:397,https://www.meti.go.jp/policy/anpo/20250929_3.pdf,data/raw/meti_manual/20260905T201914Z__c632d657f9c1__20250929_3.pdf,2025-09-29,2025-10-09,2026-09-05T20:19:14Z,2026-09-05T20:19:14Z,1,c632d657f9c13b1250d688394eb7c99956a994527cb56f4a77c86ed61ff1dbda,"{""record_no"":397,""country"":""北朝鮮 North Korea"",""aliases"":[""Namsan 2 Trading Corp. (南山2貿易会社)""],""wmd"":""生物、化学、ミサイル、核 B,C,M,N"",""conventional_weapons"":""""}"
National Aerospace Development Administration (NADA) (国家宇宙開発局),nationalaerospacedevelopmentadministration(nada)(国家宇宙開発局),経済産業省 外国ユーザーリスト,c632d657f9c13b1250d688394eb7c99956a994527cb56f4a77c86ed61ff1dbda:398,https://www.meti.go.jp/policy/anpo/20250929_3.pdf,data/raw/meti_manual/20260905T201914Z__c632d657f9c1__20250929_3.pdf,2025-09-29,2025-10-09,2026-09-05T20:19:14Z,2026-09-05T20:19:14Z,1,c632d657f9c13b1250d688394eb7c99956a994527cb56f4a77c86ed61ff1dbda,"{""record_no"":398,""country"":""北朝鮮 North Korea"",""aliases"":[],""wmd"":""ミサイル M"",""conventional_weapons"":""通常兵器 CW""}"
National Defense College (国防大学),nationaldefensecollege(国防大学),経済産業省 外国ユーザーリスト,c632d657f9c13b1250d688394eb7c99956a994527cb56f4a77c86ed61ff1dbda:399,https://www.meti.go.jp/policy/anpo/20250929_3.pdf,data/raw/meti_manual/20260905T201914Z__c632d657f9c1__20250929_3.pdf,2025-09-29,2025-10-09,2026-09-05T20:19:14Z,2026-09-05T20:19:14Z,1,c632d657f9c13b1250d688394eb7c99956a994527cb56f4a77c86ed61ff1dbda,"{""record_no"":399,""country"":""北朝鮮 North Korea"",""aliases"":[""Kanggye Defense College (江界国防大学)""],""wmd"":""生物、化学、ミサイル、核 B,C,M,N"",""conventional_weapons"":""""}"
"New East International Trading Ltd., Pyongyang Office (東新国際貿易有限公司平壌事務所)",pyongyangoffice(東新国際貿易有限公司平壌事務所)neweastinternationaltradingltd.,経済産業省 外国ユーザーリスト,c632d657f9c13b1250d688394eb7c99956a994527cb56f4a77c86ed61ff1dbda:400,https://www.meti.go.jp/policy/anpo/20250929_3.pdf,data/raw/meti_manual/20260905T201914Z__c632d657f9c1__20250929_3.pdf,2025-09-29,2025-10-09,2026-09-05T20:19:14Z,2026-09-05T20:19:14Z,1,c632d657f9c13b1250d688394eb7c99956a994527cb56f4a77c86ed61ff1dbda,"{""record_no"":400,""country"":""北朝鮮 North Korea"",""aliases"":[],""wmd"":""生物、化学、ミサイル、核 B,C,M,N"",""conventional_weapons"":""""}"
Ocean Bunkering JV Co,oceanbunkeringjvco,経済産業省 外国ユーザーリスト,c632d657f9c13b1250d688394eb7c99956a994527cb56f4a77c86ed61ff1dbda:401,https://www.meti.go.jp/policy/anpo/20250929_3.pdf,data/raw/meti_manual/20260905T201914Z__c632d657f9c1__20250929_3.pdf,2025-09-29,2025-10-09,2026-09-05T20:19:14Z,2026-09-05T20:19:14Z,1,c632d657f9c13b1250d688394eb7c99956a994527cb56f4a77c86ed61ff1dbda,"{""record_no"":401,""country"":""北朝鮮 North Korea"",""aliases"":[],""wmd"":""生物、化学、ミサイル、核 B,C,M,N"",""conventional_weapons"":""""}"
"Ocean Maritime Management Company, Limited",limitedoceanmaritimemanagementcompany,経済産業省 外国ユーザーリスト,c632d657f9c13b1250d688394eb7c99956a994527cb56f4a77c86ed61ff1dbda:402,https://www.meti.go.jp/policy/anpo/20250929_3.pdf,data/raw/meti_manual/20260905T201914Z__c632d657f9c1__20250929_3.pdf,2025-09-29,2025-10-09,2026-09-05T20:19:14Z,2026-09-05T20:19:14Z,1,c632d657f9c13b1250d688394eb7c99956a994527cb56f4a77c86ed61ff1dbda,"{""record_no"":402,""country"":""北朝鮮 North Korea"",""aliases"":[""OMM""],""wmd"":""生物、化学、ミサイル、核 B,C,M,N"",""conventional_weapons"":""""}"
Office 39,office39,経済産業省 外国ユーザーリスト,c632d657f9c13b1250d688394eb7c99956a994527cb56f4a77c86ed61ff1dbda:403,https://www.meti.go.jp/policy/anpo/20250929_3.pdf,data/raw/meti_manual/20260905T201914Z__c632d657f9c1__20250929_3.pdf,2025-09-29,2025-10-09,2026-09-05T20:19:14Z,2026-09-05T20:19:14Z,1,c632d657f9c13b1250d688394eb7c99956a994527cb56f4a77c86ed61ff1dbda,"{""record_no"":403,""country"":""北朝鮮 North Korea"",""aliases"":[""Bureau 39"",""Central Committee Bureau 39"",""Division 39"",""Office #39"",""Office No. 39"",""Third Floor""],""wmd"":""生物、化学、ミサイル、核 B,C,M,N"",""conventional_weapons"":""""}"
Pan Systems Pte. Ltd. (Pyongyang branch),pansystemspte.ltd.(pyongyangbranch),経済産業省 外国ユーザーリスト,c632d657f9c13b1250d688394eb7c99956a994527cb56f4a77c86ed61ff1dbda:404,https://www.meti.go.jp/policy/anpo/20250929_3.pdf,data/raw/meti_manual/20260905T201914Z__c632d657f9c1__20250929_3.pdf,2025-09-29,2025-10-09,2026-09-05T20:19:14Z,2026-09-05T20:19:14Z,1,c632d657f9c13b1250d688394eb7c99956a994527cb56f4a77c86ed61ff1dbda,"{""record_no"":404,""country"":""北朝鮮 North Korea"",""aliases"":[""Wonbang Trading Co.""],""wmd"":""生物、化学、ミサイル、核 B,C,M,N"",""conventional_weapons"":""通常兵器 CW""}"
Peace Motors Corporation (平和自動車会社),peacemotorscorporation(平和自動車会社),経済産業省 外国ユーザーリスト,c632d657f9c13b1250d688394eb7c99956a994527cb56f4a77c86ed61ff1dbda:405,https://www.meti.go.jp/policy/anpo/20250929_3.pdf,data/raw/meti_manual/20260905T201914Z__c632d657f9c1__20250929_3.pdf,2025-09-29,2025-10-09,2026-09-05T20:19:14Z,2026-09-05T20:19:14Z,1,c632d657f9c13b1250d688394eb7c99956a994527cb56f4a77c86ed61ff1dbda,"{""record_no"":405,""country"":""北朝鮮 North Korea"",""aliases"":[""Pyonghwa General Motor Company (平和自動車総会社)""],""wmd"":""生物、化学、ミサイル、核 B,C,M,N"",""conventional_weapons"":""""}"
Ponghwa General Trading Corporation,ponghwageneraltradingcorporation,経済産業省 外国ユーザーリスト,c632d657f9c13b1250d688394eb7c99956a994527cb56f4a77c86ed61ff1dbda:406,https://www.meti.go.jp/policy/anpo/20250929_3.pdf,data/raw/meti_manual/20260905T201914Z__c632d657f9c1__20250929_3.pdf,2025-09-29,2025-10-09,2026-09-05T20:19:14Z,2026-09-05T20:19:14Z,1,c632d657f9c13b1250d688394eb7c99956a994527cb56f4a77c86ed61ff1dbda,"{""record_no"":406,""country"":""北朝鮮 North Korea"",""aliases"":[""Ponghwa General Corp (烽火総会社)""],""wmd"":""核 N"",""conventional_weapons"":""""}"
Ponghwa Hospital (烽火診療所),ponghwahospital(烽火診療所),経済産業省 外国ユーザーリスト,c632d657f9c13b1250d688394eb7c99956a994527cb56f4a77c86ed61ff1dbda:407,https://www.meti.go.jp/policy/anpo/20250929_3.pdf,data/raw/meti_manual/20260905T201914Z__c632d657f9c1__20250929_3.pdf,2025-09-29,2025-10-09,2026-09-05T20:19:14Z,2026-09-05T20:19:14Z,1,c632d657f9c13b1250d688394eb7c99956a994527cb56f4a77c86ed61ff1dbda,"{""record_no"":407,""country"":""北朝鮮 North Korea"",""aliases"":[""Bonghwa Hospital (烽火病院)""],""wmd"":""生物、化学、ミサイル、核 B,C,M,N"",""conventional_weapons"":""""}"
Potonggang Cooperative of Optical Glass Production (普通江眼鏡生産共同組合),potonggangcooperativeofopticalglassproduction(普通江眼鏡生産共同組合),経済産業省 外国ユーザーリスト,c632d657f9c13b1250d688394eb7c99956a994527cb56f4a77c86ed61ff1dbda:408,https://www.meti.go.jp/policy/anpo/20250929_3.pdf,data/raw/meti_manual/20260905T201914Z__c632d657f9c1__20250929_3.pdf,2025-09-29,2025-10-09,2026-09-05T20:19:14Z,2026-09-05T20:19:14Z,1,c632d657f9c13b1250d688394eb7c99956a994527cb56f4a77c86ed61ff1dbda,"{""record_no"":408,""country"":""北朝鮮 North Korea"",""aliases"":[],""wmd"":""核 N"",""conventional_weapons"":""""}"
Pyongjin Ship Management Company Limited,pyongjinshipmanagementcompanylimited,経済産業省 外国ユーザーリスト,c632d657f9c13b1250d688394eb7c99956a994527cb56f4a77c86ed61ff1dbda:409,https://www.meti.go.jp/policy/anpo/20250929_3.pdf,data/raw/meti_manual/20260905T201914Z__c632d657f9c1__20250929_3.pdf,2025-09-29,2025-10-09,2026-09-05T20:19:14Z,2026-09-05T20:19:14Z,1,c632d657f9c13b1250d688394eb7c99956a994527cb56f4a77c86ed61ff1dbda,"{""record_no"":409,""country"":""北朝鮮 North Korea"",""aliases"":[],""wmd"":""生物、化学、ミサイル、核 B,C,M,N"",""conventional_weapons"":""""}"
Pyongyang City Construction Bureau (平壌市都市建設総局),pyongyangcityconstructionbureau(平壌市都市建設総局),経済産業省 外国ユーザーリスト,c632d657f9c13b1250d688394eb7c99956a994527cb56f4a77c86ed61ff1dbda:410,https://www.meti.go.jp/policy/anpo/20250929_3.pdf,data/raw/meti_manual/20260905T201914Z__c632d657f9c1__20250929_3.pdf,2025-09-29,2025-10-09,2026-09-05T20:19:14Z,2026-09-05T20:19:14Z,1,c632d657f9c13b1250d688394eb7c99956a994527cb56f4a77c86ed61ff1dbda,"{""record_no"":410,""country"":""北朝鮮 North Korea"",""aliases"":[],""wmd"":""生物、化学、ミサイル、核 B,C,M,N"",""conventional_weapons"":""""}"
Pyongyang Gomu Gongjang (平壌ゴム工場),pyongyanggomugongjang(平壌ゴム工場),経済産業省 外国ユーザーリスト,c632d657f9c13b1250d688394eb7c99956a994527cb56f4a77c86ed61ff1dbda:411,https://www.meti.go.jp/policy/anpo/20250929_3.pdf,data/raw/meti_manual/20260905T201914Z__c632d657f9c1__20250929_3.pdf,2025-09-29,2025-10-09,2026-09-05T20:19:14Z,2026-09-05T20:19:14Z,1,c632d657f9c13b1250d688394eb7c99956a994527cb56f4a77c86ed61ff1dbda,"{""record_no"":411,""country"":""北朝鮮 North Korea"",""aliases"":[""Pyongyang Rubber Factory""],""wmd"":""生物、化学、ミサイル、核 B,C,M,N"",""conventional_weapons"":""""}"
Pyongyang Informatics Centre (平壌情報センター),pyongyanginformaticscentre(平壌情報センタ-),経済産業省 外国ユーザーリスト,c632d657f9c13b1250d688394eb7c99956a994527cb56f4a77c86ed61ff1dbda:412,https://www.meti.go.jp/policy/anpo/20250929_3.pdf,data/raw/meti_manual/20260905T201914Z__c632d657f9c1__20250929_3.pdf,2025-09-29,2025-10-09,2026-09-05T20:19:14Z,2026-09-05T20:19:14Z,1,c632d657f9c13b1250d688394eb7c99956a994527cb56f4a77c86ed61ff1dbda,"{""record_no"":412,""country"":""北朝鮮 North Korea"",""aliases"":[""Pyongyang Information Center""],""wmd"":""生物、化学、ミサイル、核 B,C,M,N"",""conventional_weapons"":""""}"
Pyongyang Maternity Hospital (平壌産院),pyongyangmaternityhospital(平壌産院),経済産業省 外国ユーザーリスト,c632d657f9c13b1250d688394eb7c99956a994527cb56f4a77c86ed61ff1dbda:413,https://www.meti.go.jp/policy/anpo/20250929_3.pdf,data/raw/meti_manual/20260905T201914Z__c632d657f9c1__20250929_3.pdf,2025-09-29,2025-10-09,2026-09-05T20:19:14Z,2026-09-05T20:19:14Z,1,c632d657f9c13b1250d688394eb7c99956a994527cb56f4a77c86ed61ff1dbda,"{""record_no"":413,""country"":""北朝鮮 North Korea"",""aliases"":[],""wmd"":""生物、化学、ミサイル、核 B,C,M,N"",""conventional_weapons"":""""}"
Pyongyang Public Library (平壌市図書館),pyongyangpubliclibrary(平壌市図書館),経済産業省 外国ユーザーリスト,c632d657f9c13b1250d688394eb7c99956a994527cb56f4a77c86ed61ff1dbda:414,https://www.meti.go.jp/policy/anpo/20250929_3.pdf,data/raw/meti_manual/20260905T201914Z__c632d657f9c1__20250929_3.pdf,2025-09-29,2025-10-09,2026-09-05T20:19:14Z,2026-09-05T20:19:14Z,1,c632d657f9c13b1250d688394eb7c99956a994527cb56f4a77c86ed61ff1dbda,"{""record_no"":414,""country"":""北朝鮮 North Korea"",""aliases"":[],""wmd"":""生物、化学、ミサイル、核 B,C,M,N"",""conventional_weapons"":""""}"
Pyongyang Road Construction Office (平壌市道路建設事務所),pyongyangroadconstructionoffice(平壌市道路建設事務所),経済産業省 外国ユーザーリスト,c632d657f9c13b1250d688394eb7c99956a994527cb56f4a77c86ed61ff1dbda:415,https://www.meti.go.jp/policy/anpo/20250929_3.pdf,data/raw/meti_manual/20260905T201914Z__c632d657f9c1__20250929_3.pdf,2025-09-29,2025-10-09,2026-09-05T20:19:14Z,2026-09-05T20:19:14Z,1,c632d657f9c13b1250d688394eb7c99956a994527cb56f4a77c86ed61ff1dbda,"{""record_no"":415,""country"":""北朝鮮 North Korea"",""aliases"":[],""wmd"":""生物、化学、ミサイル、核 B,C,M,N"",""conventional_weapons"":""""}"
Pyongyang Technical University (平壌技術大学),pyongyangtechnicaluniversity(平壌技術大学),経済産業省 外国ユーザーリスト,c632d657f9c13b1250d688394eb7c99956a994527cb56f4a77c86ed61ff1dbda:416,https://www.meti.go.jp/policy/anpo/20250929_3.pdf,data/raw/meti_manual/20260905T201914Z__c632d657f9c1__20250929_3.pdf,2025-09-29,2025-10-09,2026-09-05T20:19:14Z,2026-09-05T20:19:14Z,1,c632d657f9c13b1250d688394eb7c99956a994527cb56f4a77c86ed61ff1dbda,"{""record_no"":416,""country"":""北朝鮮 North Korea"",""aliases"":[],""wmd"":""核 N"",""conventional_weapons"":""""}"
Pyongyang Telephone Exchange (平壌電話交換局),pyongyangtelephoneexchange(平壌電話交換局),経済産業省 外国ユーザーリスト,c632d657f9c13b1250d688394eb7c99956a994527cb56f4a77c86ed61ff1dbda:417,https://www.meti.go.jp/policy/anpo/20250929_3.pdf,data/raw/meti_manual/20260905T201914Z__c632d657f9c1__20250929_3.pdf,2025-09-29,2025-10-09,2026-09-05T20:19:14Z,2026-09-05T20:19:14Z,1,c632d657f9c13b1250d688394eb7c99956a994527cb56f4a77c86ed61ff1dbda,"{""record_no"":417,""country"":""北朝鮮 North Korea"",""aliases"":[],""wmd"":""生物、化学、ミサイル、核 B,C,M,N"",""conventional_weapons"":""""}"
Pyongyang Trading Company (平壌貿易会社),pyongyangtradingcompany(平壌貿易会社),経済産業省 外国ユーザーリスト,c632d657f9c13b1250d688394eb7c99956a994527cb56f4a77c86ed61ff1dbda:418,https://www.meti.go.jp/policy/anpo/20250929_3.pdf,data/raw/meti_manual/20260905T201914Z__c632d657f9c1__20250929_3.pdf,2025-09-29,2025-10-09,2026-09-05T20:19:14Z,2026-09-05T20:19:14Z,1,c632d657f9c13b1250d688394eb7c99956a994527cb56f4a77c86ed61ff1dbda,"{""record_no"":418,""country"":""北朝鮮 North Korea"",""aliases"":[""Pyongyang Central Zoo""],""wmd"":""生物、化学、ミサイル、核 B,C,M,N"",""conventional_weapons"":""通常兵器 CW""}"
"RA-HAE Trading Co., Ltd. (羅海貿易会社)","ra-haetradingco.,ltd.(羅海貿易会社)",経済産業省 外国ユーザーリスト,c632d657f9c13b1250d688394eb7c99956a994527cb56f4a77c86ed61ff1dbda:419,https://www.meti.go.jp/policy/anpo/20250929_3.pdf,data/raw/meti_manual/20260905T201914Z__c632d657f9c1__20250929_3.pdf,2025-09-29,2025-10-09,2026-09-05T20:19:14Z,2026-09-05T20:19:14Z,1,c632d657f9c13b1250d688394eb7c99956a994527cb56f4a77c86ed61ff1dbda,"{""record_no"":419,""country"":""北朝鮮 North Korea"",""aliases"":[],""wmd"":""生物、化学、ミサイル、核 B,C,M,N"",""conventional_weapons"":""""}"
Rakwon 929 Import Corporation (楽園929輸入会社),rakwon929importcorporation(楽園929輸入会社),経済産業省 外国ユーザーリスト,c632d657f9c13b1250d688394eb7c99956a994527cb56f4a77c86ed61ff1dbda:420,https://www.meti.go.jp/policy/anpo/20250929_3.pdf,data/raw/meti_manual/20260905T201914Z__c632d657f9c1__20250929_3.pdf,2025-09-29,2025-10-09,2026-09-05T20:19:14Z,2026-09-05T20:19:14Z,1,c632d657f9c13b1250d688394eb7c99956a994527cb56f4a77c86ed61ff1dbda,"{""record_no"":420,""country"":""北朝鮮 North Korea"",""aliases"":[""Ragwon 929 Import Corporation""],""wmd"":""生物、化学、ミサイル、核 B,C,M,N"",""conventional_weapons"":""""}"
Reconnaissance General Bureau (RGB) (偵察総局),reconnaissancegeneralbureau(rgb)(偵察総局),経済産業省 外国ユーザーリスト,c632d657f9c13b1250d688394eb7c99956a994527cb56f4a77c86ed61ff1dbda:421,https://www.meti.go.jp/policy/anpo/20250929_3.pdf,data/raw/meti_manual/20260905T201914Z__c632d657f9c1__20250929_3.pdf,2025-09-29,2025-10-09,2026-09-05T20:19:14Z,2026-09-05T20:19:14Z,1,c632d657f9c13b1250d688394eb7c99956a994527cb56f4a77c86ed61ff1dbda,"{""record_no"":421,""country"":""北朝鮮 North Korea"",""aliases"":[""Chongch'al Ch'ongguk"",""General Bureau of Reconnaissance"",""General Bureau of Surveillance"",""General Reconnaissance Bureau"",""KPA Unit 586""],""wmd"":""生物、化学、ミサイル、核 B,C,M,N"",""conventional_weapons"":""通常兵器 CW""}"
Rimyongsu Trading Corporation (鯉明水貿易会社),rimyongsutradingcorporation(鯉明水貿易会社),経済産業省 外国ユーザーリスト,c632d657f9c13b1250d688394eb7c99956a994527cb56f4a77c86ed61ff1dbda:422,https://www.meti.go.jp/policy/anpo/20250929_3.pdf,data/raw/meti_manual/20260905T201914Z__c632d657f9c1__20250929_3.pdf,2025-09-29,2025-10-09,2026-09-05T20:19:14Z,2026-09-05T20:19:14Z,1,c632d657f9c13b1250d688394eb7c99956a994527cb56f4a77c86ed61ff1dbda,"{""record_no"":422,""country"":""北朝鮮 North Korea"",""aliases"":[""Haegu'mgang Trading Company"",""Korea Haegumgang Trading Corporation"",""Naegu'ngang Trading Company""],""wmd"":""生物、化学、ミサイル、核 B,C,M,N"",""conventional_weapons"":""""}"
Samhung Corporation (三興会社),samhungcorporation(三興会社),経済産業省 外国ユーザーリスト,c632d657f9c13b1250d688394eb7c99956a994527cb56f4a77c86ed61ff1dbda:423,https://www.meti.go.jp/policy/anpo/20250929_3.pdf,data/raw/meti_manual/20260905T201914Z__c632d657f9c1__20250929_3.pdf,2025-09-29,2025-10-09,2026-09-05T20:19:14Z,2026-09-05T20:19:14Z,1,c632d657f9c13b1250d688394eb7c99956a994527cb56f4a77c86ed61ff1dbda,"{""record_no"":423,""country"":""北朝鮮 North Korea"",""aliases"":[""Korea Samhung Trading Corp. (朝鮮三興貿易会社)""],""wmd"":""生物、化学、ミサイル、核 B,C,M,N"",""conventional_weapons"":""""}"
San Yong Co. Ltd.,sanyongco.ltd.,経済産業省 外国ユーザーリスト,c632d657f9c13b1250d688394eb7c99956a994527cb56f4a77c86ed61ff1dbda:424,https://www.meti.go.jp/policy/anpo/20250929_3.pdf,data/raw/meti_manual/20260905T201914Z__c632d657f9c1__20250929_3.pdf,2025-09-29,2025-10-09,2026-09-05T20:19:14Z,2026-09-05T20:19:14Z,1,c632d657f9c13b1250d688394eb7c99956a994527cb56f4a77c86ed61ff1dbda,"{""record_no"":424,""country"":""北朝鮮 North Korea"",""aliases"":[""Sanyong Co. Ltd."",""Sanyong Joint Venture Co."",""山栄合営会社""],""wmd"":""生物、化学、ミサイル、核 B,C,M,N"",""conventional_weapons"":""""}"
Second Academy of Natural Sciences (第二自然科学院),secondacademyofnaturalsciences(第二自然科学院),経済産業省 外国ユーザーリスト,c632d657f9c13b1250d688394eb7c99956a994527cb56f4a77c86ed61ff1dbda:425,https://www.meti.go.jp/policy/anpo/20250929_3.pdf,data/raw/meti_manual/20260905T201914Z__c632d657f9c1__20250929_3.pdf,2025-09-29,2025-10-09,2026-09-05T20:19:14Z,2026-09-05T20:19:14Z,1,c632d657f9c13b1250d688394eb7c99956a994527cb56f4a77c86ed61ff1dbda,"{""record_no"":425,""country"":""北朝鮮 North Korea"",""aliases"":[""2nd Academy of Natural Sciences"",""Academy of Natural Sciences"",""Chayon Kwahak-Won"",""Che 2 Chayon Kwahak-Won"",""Kukpang Kwahak-Won"",""National Defense Academy"",""SANSRI"",""Second Academy of Natural Sciences Research Institute""],""wmd"":""生物、化学、ミサイル、核 B,C,M,N"",""conventional_weapons"":""通常兵器 CW""}"
Second Economic Committee (第二経済委員会),secondeconomiccommittee(第二経済委員会),経済産業省 外国ユーザーリスト,c632d657f9c13b1250d688394eb7c99956a994527cb56f4a77c86ed61ff1dbda:426,https://www.meti.go.jp/policy/anpo/20250929_3.pdf,data/raw/meti_manual/20260905T201914Z__c632d657f9c1__20250929_3.pdf,2025-09-29,2025-10-09,2026-09-05T20:19:14Z,2026-09-05T20:19:14Z,1,c632d657f9c13b1250d688394eb7c99956a994527cb56f4a77c86ed61ff1dbda,"{""record_no"":426,""country"":""北朝鮮 North Korea"",""aliases"":[],""wmd"":""ミサイル、核 M,N"",""conventional_weapons"":""通常兵器 CW""}"
Seibu Co. Ltd.,seibuco.ltd.,経済産業省 外国ユーザーリスト,c632d657f9c13b1250d688394eb7c99956a994527cb56f4a77c86ed61ff1dbda:427,https://www.meti.go.jp/policy/anpo/20250929_3.pdf,data/raw/meti_manual/20260905T201914Z__c632d657f9c1__20250929_3.pdf,2025-09-29,2025-10-09,2026-09-05T20:19:14Z,2026-09-05T20:19:14Z,1,c632d657f9c13b1250d688394eb7c99956a994527cb56f4a77c86ed61ff1dbda,"{""record_no"":427,""country"":""北朝鮮 North Korea"",""aliases"":[],""wmd"":""生物、化学、ミサイル、核 B,C,M,N"",""conventional_weapons"":""""}"
Shinhung Trading (新興貿易会社),shinhungtrading(新興貿易会社),経済産業省 外国ユーザーリスト,c632d657f9c13b1250d688394eb7c99956a994527cb56f4a77c86ed61ff1dbda:428,https://www.meti.go.jp/policy/anpo/20250929_3.pdf,data/raw/meti_manual/20260905T201914Z__c632d657f9c1__20250929_3.pdf,2025-09-29,2025-10-09,2026-09-05T20:19:14Z,2026-09-05T20:19:14Z,1,c632d657f9c13b1250d688394eb7c99956a994527cb56f4a77c86ed61ff1dbda,"{""record_no"":428,""country"":""北朝鮮 North Korea"",""aliases"":[""Shinfung Trading"",""Sinhung Trading General Co (新興貿易総会社)""],""wmd"":""生物、化学、ミサイル、核 B,C,M,N"",""conventional_weapons"":""""}"
Singwang Economics and Trading General Corporation,singwangeconomicsandtradinggeneralcorporation,経済産業省 外国ユーザーリスト,c632d657f9c13b1250d688394eb7c99956a994527cb56f4a77c86ed61ff1dbda:429,https://www.meti.go.jp/policy/anpo/20250929_3.pdf,data/raw/meti_manual/20260905T201914Z__c632d657f9c1__20250929_3.pdf,2025-09-29,2025-10-09,2026-09-05T20:19:14Z,2026-09-05T20:19:14Z,1,c632d657f9c13b1250d688394eb7c99956a994527cb56f4a77c86ed61ff1dbda,"{""record_no"":429,""country"":""北朝鮮 North Korea"",""aliases"":[],""wmd"":""生物、化学、ミサイル、核 B,C,M,N"",""conventional_weapons"":""""}"
Sobaeku United Corp. (小白水連合貿易会社),sobaekuunitedcorp.(小白水連合貿易会社),経済産業省 外国ユーザーリスト,c632d657f9c13b1250d688394eb7c99956a994527cb56f4a77c86ed61ff1dbda:430,https://www.meti.go.jp/policy/anpo/20250929_3.pdf,data/raw/meti_manual/20260905T201914Z__c632d657f9c1__20250929_3.pdf,2025-09-29,2025-10-09,2026-09-05T20:19:14Z,2026-09-05T20:19:14Z,1,c632d657f9c13b1250d688394eb7c99956a994527cb56f4a77c86ed61ff1dbda,"{""record_no"":430,""country"":""北朝鮮 North Korea"",""aliases"":[""Korea Sobaeksu Trading Corporation"",""Sobaeksu United Corp."",""Korea Sobaeksu United Co. (朝鮮小白水貿易会社)""],""wmd"":""生物、化学、ミサイル、核 B,C,M,N"",""conventional_weapons"":""通常兵器 CW""}"
Sosong Food Factory (西城食品工場),sosongfoodfactory(西城食品工場),経済産業省 外国ユーザーリスト,c632d657f9c13b1250d688394eb7c99956a994527cb56f4a77c86ed61ff1dbda:431,https://www.meti.go.jp/policy/anpo/20250929_3.pdf,data/raw/meti_manual/20260905T201914Z__c632d657f9c1__20250929_3.pdf,2025-09-29,2025-10-09,2026-09-05T20:19:14Z,2026-09-05T20:19:14Z,1,c632d657f9c13b1250d688394eb7c99956a994527cb56f4a77c86ed61ff1dbda,"{""record_no"":431,""country"":""北朝鮮 North Korea"",""aliases"":[],""wmd"":""生物、化学、ミサイル、核 B,C,M,N"",""conventional_weapons"":""通常兵器 CW""}"
State Academy of Science of the DPRK Institute of Automation,stateacademyofscienceofthedprkinstituteofautomation,経済産業省 外国ユーザーリスト,c632d657f9c13b1250d688394eb7c99956a994527cb56f4a77c86ed61ff1dbda:432,https://www.meti.go.jp/policy/anpo/20250929_3.pdf,data/raw/meti_manual/20260905T201914Z__c632d657f9c1__20250929_3.pdf,2025-09-29,2025-10-09,2026-09-05T20:19:14Z,2026-09-05T20:19:14Z,1,c632d657f9c13b1250d688394eb7c99956a994527cb56f4a77c86ed61ff1dbda,"{""record_no"":432,""country"":""北朝鮮 North Korea"",""aliases"":[],""wmd"":""ミサイル M"",""conventional_weapons"":""""}"
Sun Hwa Gang Co. Ltd. (順和江会社),sunhwagangco.ltd.(順和江会社),経済産業省 外国ユーザーリスト,c632d657f9c13b1250d688394eb7c99956a994527cb56f4a77c86ed61ff1dbda:433,https://www.meti.go.jp/policy/anpo/20250929_3.pdf,data/raw/meti_manual/20260905T201914Z__c632d657f9c1__20250929_3.pdf,2025-09-29,2025-10-09,2026-09-05T20:19:14Z,2026-09-05T20:19:14Z,1,c632d657f9c13b1250d688394eb7c99956a994527cb56f4a77c86ed61ff1dbda,"{""record_no"":433,""country"":""北朝鮮 North Korea"",""aliases"":[""(Korea) Sunhwagang Trading Co. ((朝鮮)順和江貿易会社)""],""wmd"":""生物、化学、ミサイル、核 B,C,M,N"",""conventional_weapons"":""""}"
Sunchon Cement Factory (順川セメント工場),sunchoncementfactory(順川セメント工場),経済産業省 外国ユーザーリスト,c632d657f9c13b1250d688394eb7c99956a994527cb56f4a77c86ed61ff1dbda:434,https://www.meti.go.jp/policy/anpo/20250929_3.pdf,data/raw/meti_manual/20260905T201914Z__c632d657f9c1__20250929_3.pdf,2025-09-29,2025-10-09,2026-09-05T20:19:14Z,2026-09-05T20:19:14Z,1,c632d657f9c13b1250d688394eb7c99956a994527cb56f4a77c86ed61ff1dbda,"{""record_no"":434,""country"":""北朝鮮 North Korea"",""aliases"":[],""wmd"":""生物、化学、ミサイル、核 B,C,M,N"",""conventional_weapons"":""""}"
SUNGNISAN TRADING CORPORATION,sungnisantradingcorporation,経済産業省 外国ユーザーリスト,c632d657f9c13b1250d688394eb7c99956a994527cb56f4a77c86ed61ff1dbda:435,https://www.meti.go.jp/policy/anpo/20250929_3.pdf,data/raw/meti_manual/20260905T201914Z__c632d657f9c1__20250929_3.pdf,2025-09-29,2025-10-09,2026-09-05T20:19:14Z,2026-09-05T20:19:14Z,1,c632d657f9c13b1250d688394eb7c99956a994527cb56f4a77c86ed61ff1dbda,"{""record_no"":435,""country"":""北朝鮮 North Korea"",""aliases"":[""KOREA SUNGRISAN TRADING CORPORATION""],""wmd"":""ミサイル M"",""conventional_weapons"":""通常兵器 CW""}"
Taean Electric Factory (大安電機工場),taeanelectricfactory(大安電機工場),経済産業省 外国ユーザーリスト,c632d657f9c13b1250d688394eb7c99956a994527cb56f4a77c86ed61ff1dbda:436,https://www.meti.go.jp/policy/anpo/20250929_3.pdf,data/raw/meti_manual/20260905T201914Z__c632d657f9c1__20250929_3.pdf,2025-09-29,2025-10-09,2026-09-05T20:19:14Z,2026-09-05T20:19:14Z,1,c632d657f9c13b1250d688394eb7c99956a994527cb56f4a77c86ed61ff1dbda,"{""record_no"":436,""country"":""北朝鮮 North Korea"",""aliases"":[""Daean Electric Factory""],""wmd"":""生物、化学、ミサイル、核 B,C,M,N"",""conventional_weapons"":""通常兵器 CW""}"
"Taean Friendship Glass Factory, Pyongan Namdo (大安親善ガラス工場(平安南道))",pyongannamdo(大安親善ガラス工場(平安南道))taeanfriendshipglassfactory,経済産業省 外国ユーザーリスト,c632d657f9c13b1250d688394eb7c99956a994527cb56f4a77c86ed61ff1dbda:437,https://www.meti.go.jp/policy/anpo/20250929_3.pdf,data/raw/meti_manual/20260905T201914Z__c632d657f9c1__20250929_3.pdf,2025-09-29,2025-10-09,2026-09-05T20:19:14Z,2026-09-05T20:19:14Z,1,c632d657f9c13b1250d688394eb7c99956a994527cb56f4a77c86ed61ff1dbda,"{""record_no"":437,""country"":""北朝鮮 North Korea"",""aliases"":[""Daean Friendship Glass Factory (大安親善琉璃工場)""],""wmd"":""生物、化学、ミサイル、核 B,C,M,N"",""conventional_weapons"":""""}"
Taean Heavy Machinery Complex (大安重機械連合企業所),taeanheavymachinerycomplex(大安重機械連合企業所),経済産業省 外国ユーザーリスト,c632d657f9c13b1250d688394eb7c99956a994527cb56f4a77c86ed61ff1dbda:438,https://www.meti.go.jp/policy/anpo/20250929_3.pdf,data/raw/meti_manual/20260905T201914Z__c632d657f9c1__20250929_3.pdf,2025-09-29,2025-10-09,2026-09-05T20:19:14Z,2026-09-05T20:19:14Z,1,c632d657f9c13b1250d688394eb7c99956a994527cb56f4a77c86ed61ff1dbda,"{""record_no"":438,""country"":""北朝鮮 North Korea"",""aliases"":[""Daean Heavy Machinery Complex (大安重機械工場)"",""Daean Machinery Factory"",""Taean Machinery Factory (大安機械工場)""],""wmd"":""核 N"",""conventional_weapons"":""""}"
Tanchon Commercial Bank (端川商業銀行),tanchoncommercialbank(端川商業銀行),経済産業省 外国ユーザーリスト,c632d657f9c13b1250d688394eb7c99956a994527cb56f4a77c86ed61ff1dbda:439,https://www.meti.go.jp/policy/anpo/20250929_3.pdf,data/raw/meti_manual/20260905T201914Z__c632d657f9c1__20250929_3.pdf,2025-09-29,2025-10-09,2026-09-05T20:19:14Z,2026-09-05T20:19:14Z,1,c632d657f9c13b1250d688394eb7c99956a994527cb56f4a77c86ed61ff1dbda,"{""record_no"":439,""country"":""北朝鮮 North Korea"",""aliases"":[""Changgwang Credit Bank"",""Danchon Commercial Bank"",""Korea Changgwang Credit Bank""],""wmd"":""生物、化学、ミサイル、核 B,C,M,N"",""conventional_weapons"":""""}"
Thaephyongsan Shipping Co Ltd,thaephyongsanshippingcoltd,経済産業省 外国ユーザーリスト,c632d657f9c13b1250d688394eb7c99956a994527cb56f4a77c86ed61ff1dbda:440,https://www.meti.go.jp/policy/anpo/20250929_3.pdf,data/raw/meti_manual/20260905T201914Z__c632d657f9c1__20250929_3.pdf,2025-09-29,2025-10-09,2026-09-05T20:19:14Z,2026-09-05T20:19:14Z,1,c632d657f9c13b1250d688394eb7c99956a994527cb56f4a77c86ed61ff1dbda,"{""record_no"":440,""country"":""北朝鮮 North Korea"",""aliases"":[],""wmd"":""生物、化学、ミサイル、核 B,C,M,N"",""conventional_weapons"":""""}"
Tosong Technology Trading Corporation (土星技術貿易会社),tosongtechnologytradingcorporation(土星技術貿易会社),経済産業省 外国ユーザーリスト,c632d657f9c13b1250d688394eb7c99956a994527cb56f4a77c86ed61ff1dbda:441,https://www.meti.go.jp/policy/anpo/20250929_3.pdf,data/raw/meti_manual/20260905T201914Z__c632d657f9c1__20250929_3.pdf,2025-09-29,2025-10-09,2026-09-05T20:19:14Z,2026-09-05T20:19:14Z,1,c632d657f9c13b1250d688394eb7c99956a994527cb56f4a77c86ed61ff1dbda,"{""record_no"":441,""country"":""北朝鮮 North Korea"",""aliases"":[],""wmd"":""生物、化学、ミサイル、核 B,C,M,N"",""conventional_weapons"":""通常兵器 CW""}"
UNCHON TRADING CORPORATION,unchontradingcorporation,経済産業省 外国ユーザーリスト,c632d657f9c13b1250d688394eb7c99956a994527cb56f4a77c86ed61ff1dbda:442,https://www.meti.go.jp/policy/anpo/20250929_3.pdf,data/raw/meti_manual/20260905T201914Z__c632d657f9c1__20250929_3.pdf,2025-09-29,2025-10-09,2026-09-05T20:19:14Z,2026-09-05T20:19:14Z,1,c632d657f9c13b1250d688394eb7c99956a994527cb56f4a77c86ed61ff1dbda,"{""record_no"":442,""country"":""北朝鮮 North Korea"",""aliases"":[""UNCHEN TRADING CORP."",""UNCHON TRADING CORP.""],""wmd"":""ミサイル M"",""conventional_weapons"":""通常兵器 CW""}"
Undok Chemical Factory (恩徳化学工場),undokchemicalfactory(恩徳化学工場),経済産業省 外国ユーザーリスト,c632d657f9c13b1250d688394eb7c99956a994527cb56f4a77c86ed61ff1dbda:443,https://www.meti.go.jp/policy/anpo/20250929_3.pdf,data/raw/meti_manual/20260905T201914Z__c632d657f9c1__20250929_3.pdf,2025-09-29,2025-10-09,2026-09-05T20:19:14Z,2026-09-05T20:19:14Z,1,c632d657f9c13b1250d688394eb7c99956a994527cb56f4a77c86ed61ff1dbda,"{""record_no"":443,""country"":""北朝鮮 North Korea"",""aliases"":[],""wmd"":""化学 C"",""conventional_weapons"":""""}"
University of Chemical Industry (化学工業大学),universityofchemicalindustry(化学工業大学),経済産業省 外国ユーザーリスト,c632d657f9c13b1250d688394eb7c99956a994527cb56f4a77c86ed61ff1dbda:444,https://www.meti.go.jp/policy/anpo/20250929_3.pdf,data/raw/meti_manual/20260905T201914Z__c632d657f9c1__20250929_3.pdf,2025-09-29,2025-10-09,2026-09-05T20:19:14Z,2026-09-05T20:19:14Z,1,c632d657f9c13b1250d688394eb7c99956a994527cb56f4a77c86ed61ff1dbda,"{""record_no"":444,""country"":""北朝鮮 North Korea"",""aliases"":[""咸興化学工業大学"",""Hamhung University of Chemical Industry""],""wmd"":""化学、核 C,N"",""conventional_weapons"":""""}"
Yongbyon Nuclear Research Centre,yongbyonnuclearresearchcentre,経済産業省 外国ユーザーリスト,c632d657f9c13b1250d688394eb7c99956a994527cb56f4a77c86ed61ff1dbda:445,https://www.meti.go.jp/policy/anpo/20250929_3.pdf,data/raw/meti_manual/20260905T201914Z__c632d657f9c1__20250929_3.pdf,2025-09-29,2025-10-09,2026-09-05T20:19:14Z,2026-09-05T20:19:14Z,1,c632d657f9c13b1250d688394eb7c99956a994527cb56f4a77c86ed61ff1dbda,"{""record_no"":445,""country"":""北朝鮮 North Korea"",""aliases"":[],""wmd"":""核 N"",""conventional_weapons"":""""}"
Yongjin Ship Management Company Limited,yongjinshipmanagementcompanylimited,経済産業省 外国ユーザーリスト,c632d657f9c13b1250d688394eb7c99956a994527cb56f4a77c86ed61ff1dbda:446,https://www.meti.go.jp/policy/anpo/20250929_3.pdf,data/raw/meti_manual/20260905T201914Z__c632d657f9c1__20250929_3.pdf,2025-09-29,2025-10-09,2026-09-05T20:19:14Z,2026-09-05T20:19:14Z,1,c632d657f9c13b1250d688394eb7c99956a994527cb56f4a77c86ed61ff1dbda,"{""record_no"":446,""country"":""北朝鮮 North Korea"",""aliases"":[],""wmd"":""生物、化学、ミサイル、核 B,C,M,N"",""conventional_weapons"":""""}"
セソン技術貿易,セソン技術貿易,経済産業省 外国ユーザーリスト,c632d657f9c13b1250d688394eb7c99956a994527cb56f4a77c86ed61ff1dbda:447,https://www.meti.go.jp/policy/anpo/20250929_3.pdf,data/raw/meti_manual/20260905T201914Z__c632d657f9c1__20250929_3.pdf,2025-09-29,2025-10-09,2026-09-05T20:19:14Z,2026-09-05T20:19:14Z,1,c632d657f9c13b1250d688394eb7c99956a994527cb56f4a77c86ed61ff1dbda,"{""record_no"":447,""country"":""北朝鮮 North Korea"",""aliases"":[],""wmd"":""生物、化学、ミサイル、核 B,C,M,N"",""conventional_weapons"":""""}"
朝鮮綾羅科学技術交流社,朝鮮綾羅科学技術交流社,経済産業省 外国ユーザーリスト,c632d657f9c13b1250d688394eb7c99956a994527cb56f4a77c86ed61ff1dbda:448,https://www.meti.go.jp/policy/anpo/20250929_3.pdf,data/raw/meti_manual/20260905T201914Z__c632d657f9c1__20250929_3.pdf,2025-09-29,2025-10-09,2026-09-05T20:19:14Z,2026-09-05T20:19:14Z,1,c632d657f9c13b1250d688394eb7c99956a994527cb56f4a77c86ed61ff1dbda,"{""record_no"":448,""country"":""北朝鮮 North Korea"",""aliases"":[],""wmd"":""生物、化学、ミサイル、核 B,C,M,N"",""conventional_weapons"":""""}"
マンウォル貿易,マンウォル貿易,経済産業省 外国ユーザーリスト,c632d657f9c13b1250d688394eb7c99956a994527cb56f4a77c86ed61ff1dbda:449,https://www.meti.go.jp/policy/anpo/20250929_3.pdf,data/raw/meti_manual/20260905T201914Z__c632d657f9c1__20250929_3.pdf,2025-09-29,2025-10-09,2026-09-05T20:19:14Z,2026-09-05T20:19:14Z,1,c632d657f9c13b1250d688394eb7c99956a994527cb56f4a77c86ed61ff1dbda,"{""record_no"":449,""country"":""北朝鮮 North Korea"",""aliases"":[],""wmd"":""生物、化学、ミサイル、核 B,C,M,N"",""conventional_weapons"":""""}"
民族経済協力連合会,民族経済協力連合会,経済産業省 外国ユーザーリスト,c632d657f9c13b1250d688394eb7c99956a994527cb56f4a77c86ed61ff1dbda:450,https://www.meti.go.jp/policy/anpo/20250929_3.pdf,data/raw/meti_manual/20260905T201914Z__c632d657f9c1__20250929_3.pdf,2025-09-29,2025-10-09,2026-09-05T20:19:14Z,2026-09-05T20:19:14Z,1,c632d657f9c13b1250d688394eb7c99956a994527cb56f4a77c86ed61ff1dbda,"{""record_no"":450,""country"":""北朝鮮 North Korea"",""aliases"":[""朝鮮民族経済協力連合会"",""民経連""],""wmd"":""生物、化学、ミサイル、核 B,C,M,N"",""conventional_weapons"":""""}"
Army Supply Bureau,armysupplybureau,経済産業省 外国ユーザーリスト,c632d657f9c13b1250d688394eb7c99956a994527cb56f4a77c86ed61ff1dbda:451,https://www.meti.go.jp/policy/anpo/20250929_3.pdf,data/raw/meti_manual/20260905T201914Z__c632d657f9c1__20250929_3.pdf,2025-09-29,2025-10-09,2026-09-05T20:19:14Z,2026-09-05T20:19:14Z,1,c632d657f9c13b1250d688394eb7c99956a994527cb56f4a77c86ed61ff1dbda,"{""record_no"":451,""country"":""シリア Syrian Arab Republic"",""aliases"":[],""wmd"":""ミサイル M"",""conventional_weapons"":""""}"
Business Lab,businesslab,経済産業省 外国ユーザーリスト,c632d657f9c13b1250d688394eb7c99956a994527cb56f4a77c86ed61ff1dbda:452,https://www.meti.go.jp/policy/anpo/20250929_3.pdf,data/raw/meti_manual/20260905T201914Z__c632d657f9c1__20250929_3.pdf,2025-09-29,2025-10-09,2026-09-05T20:19:14Z,2026-09-05T20:19:14Z,1,c632d657f9c13b1250d688394eb7c99956a994527cb56f4a77c86ed61ff1dbda,"{""record_no"":452,""country"":""シリア Syrian Arab Republic"",""aliases"":[],""wmd"":""生物、化学、ミサイル、核 B,C,M,N"",""conventional_weapons"":""""}"
Electronics Institute,electronicsinstitute,経済産業省 外国ユーザーリスト,c632d657f9c13b1250d688394eb7c99956a994527cb56f4a77c86ed61ff1dbda:453,https://www.meti.go.jp/policy/anpo/20250929_3.pdf,data/raw/meti_manual/20260905T201914Z__c632d657f9c1__20250929_3.pdf,2025-09-29,2025-10-09,2026-09-05T20:19:14Z,2026-09-05T20:19:14Z,1,c632d657f9c13b1250d688394eb7c99956a994527cb56f4a77c86ed61ff1dbda,"{""record_no"":453,""country"":""シリア Syrian Arab Republic"",""aliases"":[],""wmd"":""ミサイル M"",""conventional_weapons"":""""}"
Expert Partners,expertpartners,経済産業省 外国ユーザーリスト,c632d657f9c13b1250d688394eb7c99956a994527cb56f4a77c86ed61ff1dbda:454,https://www.meti.go.jp/policy/anpo/20250929_3.pdf,data/raw/meti_manual/20260905T201914Z__c632d657f9c1__20250929_3.pdf,2025-09-29,2025-10-09,2026-09-05T20:19:14Z,2026-09-05T20:19:14Z,1,c632d657f9c13b1250d688394eb7c99956a994527cb56f4a77c86ed61ff1dbda,"{""record_no"":454,""country"":""シリア Syrian Arab Republic"",""aliases"":[""Experts Partners""],""wmd"":""ミサイル、核 M,N"",""conventional_weapons"":""""}"
GOLDEN STAR CO,goldenstarco,経済産業省 外国ユーザーリスト,c632d657f9c13b1250d688394eb7c99956a994527cb56f4a77c86ed61ff1dbda:455,https://www.meti.go.jp/policy/anpo/20250929_3.pdf,data/raw/meti_manual/20260905T201914Z__c632d657f9c1__20250929_3.pdf,2025-09-29,2025-10-09,2026-09-05T20:19:14Z,2026-09-05T20:19:14Z,1,c632d657f9c13b1250d688394eb7c99956a994527cb56f4a77c86ed61ff1dbda,"{""record_no"":455,""country"":""シリア Syrian Arab Republic"",""aliases"":[""GOLDEN STAR INTERNATIONAL FREIGHT LIMITED"",""GOLDEN STAR TRADING & INTERNATIONAL FREIGHT"",""GOLDEN STAR TRADING AND INTERNATIONAL FREIGHT"",""GOLDEN STAR TRADING INTERNATIONAL FREIGHT"",""KASSOUMA FZC"",""SHAREKAT GOLDEN STAR"",""SMART LOGISTICS F.S.S.A.L"",""SMART LOGISTICS OFFSHORE"",""SMART LOGISTICS TRADING & INTERNATIONAL FREIGHT"",""SMART LOGISTICS TRADING AND INTERNATIONAL FREIGHT""],""wmd"":""生物、化学、ミサイル B,C,M"",""conventional_weapons"":""""}"
Handasieh,handasieh,経済産業省 外国ユーザーリスト,c632d657f9c13b1250d688394eb7c99956a994527cb56f4a77c86ed61ff1dbda:456,https://www.meti.go.jp/policy/anpo/20250929_3.pdf,data/raw/meti_manual/20260905T201914Z__c632d657f9c1__20250929_3.pdf,2025-09-29,2025-10-09,2026-09-05T20:19:14Z,2026-09-05T20:19:14Z,1,c632d657f9c13b1250d688394eb7c99956a994527cb56f4a77c86ed61ff1dbda,"{""record_no"":456,""country"":""シリア Syrian Arab Republic"",""aliases"":[""General Organization for Engineering Industries""],""wmd"":""ミサイル M"",""conventional_weapons"":""""}"
Higher Institute of Applied Science and Technology (HIAST),higherinstituteofappliedscienceandtechnology(hiast),経済産業省 外国ユーザーリスト,c632d657f9c13b1250d688394eb7c99956a994527cb56f4a77c86ed61ff1dbda:457,https://www.meti.go.jp/policy/anpo/20250929_3.pdf,data/raw/meti_manual/20260905T201914Z__c632d657f9c1__20250929_3.pdf,2025-09-29,2025-10-09,2026-09-05T20:19:14Z,2026-09-05T20:19:14Z,1,c632d657f9c13b1250d688394eb7c99956a994527cb56f4a77c86ed61ff1dbda,"{""record_no"":457,""country"":""シリア Syrian Arab Republic"",""aliases"":[""Institut des Sciences Appliquees et de Technologie (ISAT)"",""Institut Superieur des Sciences Appliquees et de Technologie (ISSAT)""],""wmd"":""生物、ミサイル、核 B,M,N"",""conventional_weapons"":""""}"
Industrial Establishment of Defense (IED),industrialestablishmentofdefense(ied),経済産業省 外国ユーザーリスト,c632d657f9c13b1250d688394eb7c99956a994527cb56f4a77c86ed61ff1dbda:458,https://www.meti.go.jp/policy/anpo/20250929_3.pdf,data/raw/meti_manual/20260905T201914Z__c632d657f9c1__20250929_3.pdf,2025-09-29,2025-10-09,2026-09-05T20:19:14Z,2026-09-05T20:19:14Z,1,c632d657f9c13b1250d688394eb7c99956a994527cb56f4a77c86ed61ff1dbda,"{""record_no"":458,""country"":""シリア Syrian Arab Republic"",""aliases"":[""Industrial Establishment of Defence (IED)"",""Etablissement Industrial de la Defence (ETINDE)"",""Établissements Industriels de la Défense (EID)""],""wmd"":""ミサイル M"",""conventional_weapons"":""""}"
Industrial Solutions,industrialsolutions,経済産業省 外国ユーザーリスト,c632d657f9c13b1250d688394eb7c99956a994527cb56f4a77c86ed61ff1dbda:459,https://www.meti.go.jp/policy/anpo/20250929_3.pdf,data/raw/meti_manual/20260905T201914Z__c632d657f9c1__20250929_3.pdf,2025-09-29,2025-10-09,2026-09-05T20:19:14Z,2026-09-05T20:19:14Z,1,c632d657f9c13b1250d688394eb7c99956a994527cb56f4a77c86ed61ff1dbda,"{""record_no"":459,""country"":""シリア Syrian Arab Republic"",""aliases"":[],""wmd"":""ミサイル M"",""conventional_weapons"":""""}"
Mahrous Group,mahrousgroup,経済産業省 外国ユーザーリスト,c632d657f9c13b1250d688394eb7c99956a994527cb56f4a77c86ed61ff1dbda:460,https://www.meti.go.jp/policy/anpo/20250929_3.pdf,data/raw/meti_manual/20260905T201914Z__c632d657f9c1__20250929_3.pdf,2025-09-29,2025-10-09,2026-09-05T20:19:14Z,2026-09-05T20:19:14Z,1,c632d657f9c13b1250d688394eb7c99956a994527cb56f4a77c86ed61ff1dbda,"{""record_no"":460,""country"":""シリア Syrian Arab Republic"",""aliases"":[""Al Mahrus Group Trading Company"",""Mahrous Trading Establishment"",""Mahrous Trading Institute"",""Mahrus Group"",""Mahrus Trading Establishment""],""wmd"":""生物、化学、ミサイル B,C,M"",""conventional_weapons"":""""}"
Mechanical Construction Factory (MCF),mechanicalconstructionfactory(mcf),経済産業省 外国ユーザーリスト,c632d657f9c13b1250d688394eb7c99956a994527cb56f4a77c86ed61ff1dbda:461,https://www.meti.go.jp/policy/anpo/20250929_3.pdf,data/raw/meti_manual/20260905T201914Z__c632d657f9c1__20250929_3.pdf,2025-09-29,2025-10-09,2026-09-05T20:19:14Z,2026-09-05T20:19:14Z,1,c632d657f9c13b1250d688394eb7c99956a994527cb56f4a77c86ed61ff1dbda,"{""record_no"":461,""country"":""シリア Syrian Arab Republic"",""aliases"":[],""wmd"":""ミサイル、核 M,N"",""conventional_weapons"":""""}"
Megatrade,megatrade,経済産業省 外国ユーザーリスト,c632d657f9c13b1250d688394eb7c99956a994527cb56f4a77c86ed61ff1dbda:462,https://www.meti.go.jp/policy/anpo/20250929_3.pdf,data/raw/meti_manual/20260905T201914Z__c632d657f9c1__20250929_3.pdf,2025-09-29,2025-10-09,2026-09-05T20:19:14Z,2026-09-05T20:19:14Z,1,c632d657f9c13b1250d688394eb7c99956a994527cb56f4a77c86ed61ff1dbda,"{""record_no"":462,""country"":""シリア Syrian Arab Republic"",""aliases"":[],""wmd"":""ミサイル、核 M,N"",""conventional_weapons"":""""}"
Metallic Manufacturing Factory,metallicmanufacturingfactory,経済産業省 外国ユーザーリスト,c632d657f9c13b1250d688394eb7c99956a994527cb56f4a77c86ed61ff1dbda:463,https://www.meti.go.jp/policy/anpo/20250929_3.pdf,data/raw/meti_manual/20260905T201914Z__c632d657f9c1__20250929_3.pdf,2025-09-29,2025-10-09,2026-09-05T20:19:14Z,2026-09-05T20:19:14Z,1,c632d657f9c13b1250d688394eb7c99956a994527cb56f4a77c86ed61ff1dbda,"{""record_no"":463,""country"":""シリア Syrian Arab Republic"",""aliases"":[],""wmd"":""生物、化学、ミサイル B,C,M"",""conventional_weapons"":""""}"
National Standards and Calibration Laboratory (NSCL),nationalstandardsandcalibrationlaboratory(nscl),経済産業省 外国ユーザーリスト,c632d657f9c13b1250d688394eb7c99956a994527cb56f4a77c86ed61ff1dbda:464,https://www.meti.go.jp/policy/anpo/20250929_3.pdf,data/raw/meti_manual/20260905T201914Z__c632d657f9c1__20250929_3.pdf,2025-09-29,2025-10-09,2026-09-05T20:19:14Z,2026-09-05T20:19:14Z,1,c632d657f9c13b1250d688394eb7c99956a994527cb56f4a77c86ed61ff1dbda,"{""record_no"":464,""country"":""シリア Syrian Arab Republic"",""aliases"":[""Institut National Calibration Centre"",""National Calibration Centre"",""Scientific Studies and Research Center (SSRC)-NSCL""],""wmd"":""ミサイル M"",""conventional_weapons"":""""}"
Organisation for Technological Industries (OTI）,organisationfortechnologicalindustries(oti),経済産業省 外国ユーザーリスト,c632d657f9c13b1250d688394eb7c99956a994527cb56f4a77c86ed61ff1dbda:465,https://www.meti.go.jp/policy/anpo/20250929_3.pdf,data/raw/meti_manual/20260905T201914Z__c632d657f9c1__20250929_3.pdf,2025-09-29,2025-10-09,2026-09-05T20:19:14Z,2026-09-05T20:19:14Z,1,c632d657f9c13b1250d688394eb7c99956a994527cb56f4a77c86ed61ff1dbda,"{""record_no"":465,""country"":""シリア Syrian Arab Republic"",""aliases"":[""Organization for Technical Industries"",""Organization of Technological Industries""],""wmd"":""化学 C"",""conventional_weapons"":""""}"
Scientific Studies and Research Center (SSRC),scientificstudiesandresearchcenter(ssrc),経済産業省 外国ユーザーリスト,c632d657f9c13b1250d688394eb7c99956a994527cb56f4a77c86ed61ff1dbda:466,https://www.meti.go.jp/policy/anpo/20250929_3.pdf,data/raw/meti_manual/20260905T201914Z__c632d657f9c1__20250929_3.pdf,2025-09-29,2025-10-09,2026-09-05T20:19:14Z,2026-09-05T20:19:14Z,1,c632d657f9c13b1250d688394eb7c99956a994527cb56f4a77c86ed61ff1dbda,"{""record_no"":466,""country"":""シリア Syrian Arab Republic"",""aliases"":[""Center for Scientific Studies and Research (SSRC)"",""Center for Study and Research (CERS)"",""Centre de Recherche de Kaboun"",""Centre d'Etude et de Recherche Scientifique (CERS)"",""Centre d'Etudes et de Recherches Scientifiques (CERS)"",""Centre d'études et de recherches syrien (CERS)"",""Scientific Research Council (SRC)"",""Scientific Studies and Research Council"",""Scientific Studies Research Centre (SSRC)"",""Syrian Scientific Research Council""],""wmd"":""生物、化学、ミサイル B,C,M"",""conventional_weapons"":""""}"
Sigma Tech,sigmatech,経済産業省 外国ユーザーリスト,c632d657f9c13b1250d688394eb7c99956a994527cb56f4a77c86ed61ff1dbda:467,https://www.meti.go.jp/policy/anpo/20250929_3.pdf,data/raw/meti_manual/20260905T201914Z__c632d657f9c1__20250929_3.pdf,2025-09-29,2025-10-09,2026-09-05T20:19:14Z,2026-09-05T20:19:14Z,1,c632d657f9c13b1250d688394eb7c99956a994527cb56f4a77c86ed61ff1dbda,"{""record_no"":467,""country"":""シリア Syrian Arab Republic"",""aliases"":[],""wmd"":""生物、化学、ミサイル B,C,M"",""conventional_weapons"":""""}"
Syrian Arab Company for Electronic Industries,syrianarabcompanyforelectronicindustries,経済産業省 外国ユーザーリスト,c632d657f9c13b1250d688394eb7c99956a994527cb56f4a77c86ed61ff1dbda:468,https://www.meti.go.jp/policy/anpo/20250929_3.pdf,data/raw/meti_manual/20260905T201914Z__c632d657f9c1__20250929_3.pdf,2025-09-29,2025-10-09,2026-09-05T20:19:14Z,2026-09-05T20:19:14Z,1,c632d657f9c13b1250d688394eb7c99956a994527cb56f4a77c86ed61ff1dbda,"{""record_no"":468,""country"":""シリア Syrian Arab Republic"",""aliases"":[""SYRONICS""],""wmd"":""ミサイル M"",""conventional_weapons"":""""}"
Syrian Company for Information Technology (SCIT),syriancompanyforinformationtechnology(scit),経済産業省 外国ユーザーリスト,c632d657f9c13b1250d688394eb7c99956a994527cb56f4a77c86ed61ff1dbda:469,https://www.meti.go.jp/policy/anpo/20250929_3.pdf,data/raw/meti_manual/20260905T201914Z__c632d657f9c1__20250929_3.pdf,2025-09-29,2025-10-09,2026-09-05T20:19:14Z,2026-09-05T20:19:14Z,1,c632d657f9c13b1250d688394eb7c99956a994527cb56f4a77c86ed61ff1dbda,"{""record_no"":469,""country"":""シリア Syrian Arab Republic"",""aliases"":[],""wmd"":""化学 C"",""conventional_weapons"":""""}"
Bentech Computer Corp.,bentechcomputercorp.,経済産業省 外国ユーザーリスト,c632d657f9c13b1250d688394eb7c99956a994527cb56f4a77c86ed61ff1dbda:470,https://www.meti.go.jp/policy/anpo/20250929_3.pdf,data/raw/meti_manual/20260905T201914Z__c632d657f9c1__20250929_3.pdf,2025-09-29,2025-10-09,2026-09-05T20:19:14Z,2026-09-05T20:19:14Z,1,c632d657f9c13b1250d688394eb7c99956a994527cb56f4a77c86ed61ff1dbda,"{""record_no"":470,""country"":""台湾 Taiwan"",""aliases"":[""利安科技股份有限公司""],""wmd"":""ミサイル M"",""conventional_weapons"":""""}"
"Royal Team Corporation International Trading Co., Ltd.","royalteamcorporationinternationaltradingco.,ltd.",経済産業省 外国ユーザーリスト,c632d657f9c13b1250d688394eb7c99956a994527cb56f4a77c86ed61ff1dbda:471,https://www.meti.go.jp/policy/anpo/20250929_3.pdf,data/raw/meti_manual/20260905T201914Z__c632d657f9c1__20250929_3.pdf,2025-09-29,2025-10-09,2026-09-05T20:19:14Z,2026-09-05T20:19:14Z,1,c632d657f9c13b1250d688394eb7c99956a994527cb56f4a77c86ed61ff1dbda,"{""record_no"":471,""country"":""台湾 Taiwan"",""aliases"":[""Hua Yue International Trading Co., Ltd."",""Royal Team Corporation"",""華悦國際企業股份有限公司""],""wmd"":""生物、化学、ミサイル、核 B,C,M,N"",""conventional_weapons"":""""}"
Semiconductor Equipment Manufacturing Incorporated,semiconductorequipmentmanufacturingincorporated,経済産業省 外国ユーザーリスト,c632d657f9c13b1250d688394eb7c99956a994527cb56f4a77c86ed61ff1dbda:472,https://www.meti.go.jp/policy/anpo/20250929_3.pdf,data/raw/meti_manual/20260905T201914Z__c632d657f9c1__20250929_3.pdf,2025-09-29,2025-10-09,2026-09-05T20:19:14Z,2026-09-05T20:19:14Z,1,c632d657f9c13b1250d688394eb7c99956a994527cb56f4a77c86ed61ff1dbda,"{""record_no"":472,""country"":""台湾 Taiwan"",""aliases"":[""欣憶電子股份有限公司""],""wmd"":""ミサイル M"",""conventional_weapons"":""""}"
Sharp Edge Engineering (SEE),sharpedgeengineering(see),経済産業省 外国ユーザーリスト,c632d657f9c13b1250d688394eb7c99956a994527cb56f4a77c86ed61ff1dbda:473,https://www.meti.go.jp/policy/anpo/20250929_3.pdf,data/raw/meti_manual/20260905T201914Z__c632d657f9c1__20250929_3.pdf,2025-09-29,2025-10-09,2026-09-05T20:19:14Z,2026-09-05T20:19:14Z,1,c632d657f9c13b1250d688394eb7c99956a994527cb56f4a77c86ed61ff1dbda,"{""record_no"":473,""country"":""台湾 Taiwan"",""aliases"":[""Ruiyuan Keji Youxian Gongsi"",""銳元科技有限公司""],""wmd"":""核 N"",""conventional_weapons"":""""}"
"NAZ TECHNOLOGY CO., LTD.","naztechnologyco.,ltd.",経済産業省 外国ユーザーリスト,c632d657f9c13b1250d688394eb7c99956a994527cb56f4a77c86ed61ff1dbda:474,https://www.meti.go.jp/policy/anpo/20250929_3.pdf,data/raw/meti_manual/20260905T201914Z__c632d657f9c1__20250929_3.pdf,2025-09-29,2025-10-09,2026-09-05T20:19:14Z,2026-09-05T20:19:14Z,1,c632d657f9c13b1250d688394eb7c99956a994527cb56f4a77c86ed61ff1dbda,"{""record_no"":474,""country"":""台湾 Taiwan"",""aliases"":[""Naz"",""N.A.Z. TECHNOLOGY"",""Naz Technology Corporation Ltd"",""Naishixin Electronics (Shenzhen) Co., Ltd."",""鼐实鑫电子(深圳)有限公司""],""wmd"":""ミサイル M"",""conventional_weapons"":""""}"
10th Research Institute of China Electronic Technology Group Corporation (CETC) (中国電子科技集団公司第十研究所),10thresearchinstituteofchinaelectronictechnologygroupcorporation(cetc)(中国電子科技集団公司第十研究所),経済産業省 外国ユーザーリスト,c632d657f9c13b1250d688394eb7c99956a994527cb56f4a77c86ed61ff1dbda:475,https://www.meti.go.jp/policy/anpo/20250929_3.pdf,data/raw/meti_manual/20260905T201914Z__c632d657f9c1__20250929_3.pdf,2025-09-29,2025-10-09,2026-09-05T20:19:14Z,2026-09-05T20:19:14Z,1,c632d657f9c13b1250d688394eb7c99956a994527cb56f4a77c86ed61ff1dbda,"{""record_no"":475,""country"":""中国 People's Republic of China"",""aliases"":[""CETC 10th Research Institute"",""Southwest Institute of Electronic Technology (SWIET)"",""Southwest Research Institute of Electronic Technology (SWIET)"",""Southwest Research Institute of Electronics Technology (中国西南電子技術研究所)""],""wmd"":""ミサイル M"",""conventional_weapons"":""通常兵器 CW""}"
"13th Research Institute, 9th Academy, China Aerospace Science and Technology Corporation (CASC) (中国航天科技集団公司第九研究院第十三研究所)","13thresearchinstitute,9thacademy,chinaaerospacescienceandtechnologycorporation(casc)(中国航天科技集団公司第九研究院第十三研究所)",経済産業省 外国ユーザーリスト,c632d657f9c13b1250d688394eb7c99956a994527cb56f4a77c86ed61ff1dbda:476,https://www.meti.go.jp/policy/anpo/20250929_3.pdf,data/raw/meti_manual/20260905T201914Z__c632d657f9c1__20250929_3.pdf,2025-09-29,2025-10-09,2026-09-05T20:19:14Z,2026-09-05T20:19:14Z,1,c632d657f9c13b1250d688394eb7c99956a994527cb56f4a77c86ed61ff1dbda,"{""record_no"":476,""country"":""中国 People's Republic of China"",""aliases"":[""13th Institute"",""Beijing Institute of Aerospace Control Devices (BIACD)"",""230 Factory"",""Beijing Aerospace Times Optical-Electronic Technology Co., Ltd.""],""wmd"":""ミサイル M"",""conventional_weapons"":""通常兵器 CW""}"
20th Research Institute of China Electronic Technology Group Corporation (CETC) (中国電子科技集団公司第二十研究所),20thresearchinstituteofchinaelectronictechnologygroupcorporation(cetc)(中国電子科技集団公司第二十研究所),経済産業省 外国ユーザーリスト,c632d657f9c13b1250d688394eb7c99956a994527cb56f4a77c86ed61ff1dbda:477,https://www.meti.go.jp/policy/anpo/20250929_3.pdf,data/raw/meti_manual/20260905T201914Z__c632d657f9c1__20250929_3.pdf,2025-09-29,2025-10-09,2026-09-05T20:19:14Z,2026-09-05T20:19:14Z,1,c632d657f9c13b1250d688394eb7c99956a994527cb56f4a77c86ed61ff1dbda,"{""record_no"":477,""country"":""中国 People's Republic of China"",""aliases"":[""CETC 20th Research Institute"",""Xian Research Institute of Navigation Technology (西安導航技術研究所)""],""wmd"":""ミサイル M"",""conventional_weapons"":""通常兵器 CW""}"
23rd Research Institute,23rdresearchinstitute,経済産業省 外国ユーザーリスト,c632d657f9c13b1250d688394eb7c99956a994527cb56f4a77c86ed61ff1dbda:478,https://www.meti.go.jp/policy/anpo/20250929_3.pdf,data/raw/meti_manual/20260905T201914Z__c632d657f9c1__20250929_3.pdf,2025-09-29,2025-10-09,2026-09-05T20:19:14Z,2026-09-05T20:19:14Z,1,c632d657f9c13b1250d688394eb7c99956a994527cb56f4a77c86ed61ff1dbda,"{""record_no"":478,""country"":""中国 People's Republic of China"",""aliases"":[""Beijing Institute of Radio Measurement"",""BIRM"",""China Aerospace Science and Industry Corporation(CASIC) Second Academy 23rd Research Institute 中国航天科学技術工業集団有限公司第二研究院第二十 三研究所""],""wmd"":""ミサイル M"",""conventional_weapons"":""通常兵器 CW""}"
Abascience Tech Co. Ltd,abasciencetechco.ltd,経済産業省 外国ユーザーリスト,c632d657f9c13b1250d688394eb7c99956a994527cb56f4a77c86ed61ff1dbda:479,https://www.meti.go.jp/policy/anpo/20250929_3.pdf,data/raw/meti_manual/20260905T201914Z__c632d657f9c1__20250929_3.pdf,2025-09-29,2025-10-09,2026-09-05T20:19:14Z,2026-09-05T20:19:14Z,1,c632d657f9c13b1250d688394eb7c99956a994527cb56f4a77c86ed61ff1dbda,"{""record_no"":479,""country"":""中国 People's Republic of China"",""aliases"":[],""wmd"":""ミサイル M"",""conventional_weapons"":""""}"
Academy of Aerospace Solid Propulsion Technology （航天动力技术研究院）,academyofaerospacesolidpropulsiontechnology(航天动力技术研究院),経済産業省 外国ユーザーリスト,c632d657f9c13b1250d688394eb7c99956a994527cb56f4a77c86ed61ff1dbda:480,https://www.meti.go.jp/policy/anpo/20250929_3.pdf,data/raw/meti_manual/20260905T201914Z__c632d657f9c1__20250929_3.pdf,2025-09-29,2025-10-09,2026-09-05T20:19:14Z,2026-09-05T20:19:14Z,1,c632d657f9c13b1250d688394eb7c99956a994527cb56f4a77c86ed61ff1dbda,"{""record_no"":480,""country"":""中国 People's Republic of China"",""aliases"":[""AASPT"",""中国航天科技集団有限公司第四研究院""],""wmd"":""ミサイル M"",""conventional_weapons"":""通常兵器 CW""}"
AECC Beijing Institute of Aeronautical Materials (中国航発北京航空材料研究院),aeccbeijinginstituteofaeronauticalmaterials(中国航発北京航空材料研究院),経済産業省 外国ユーザーリスト,c632d657f9c13b1250d688394eb7c99956a994527cb56f4a77c86ed61ff1dbda:481,https://www.meti.go.jp/policy/anpo/20250929_3.pdf,data/raw/meti_manual/20260905T201914Z__c632d657f9c1__20250929_3.pdf,2025-09-29,2025-10-09,2026-09-05T20:19:14Z,2026-09-05T20:19:14Z,1,c632d657f9c13b1250d688394eb7c99956a994527cb56f4a77c86ed61ff1dbda,"{""record_no"":481,""country"":""中国 People's Republic of China"",""aliases"":[""AECC BIAM""],""wmd"":""ミサイル M"",""conventional_weapons"":""通常兵器 CW""}"
AECC South Industry Company Limited （中国航发南方工业有限公司）,aeccsouthindustrycompanylimited(中国航发南方工业有限公司),経済産業省 外国ユーザーリスト,c632d657f9c13b1250d688394eb7c99956a994527cb56f4a77c86ed61ff1dbda:482,https://www.meti.go.jp/policy/anpo/20250929_3.pdf,data/raw/meti_manual/20260905T201914Z__c632d657f9c1__20250929_3.pdf,2025-09-29,2025-10-09,2026-09-05T20:19:14Z,2026-09-05T20:19:14Z,1,c632d657f9c13b1250d688394eb7c99956a994527cb56f4a77c86ed61ff1dbda,"{""record_no"":482,""country"":""中国 People's Republic of China"",""aliases"":[],""wmd"":""ミサイル M"",""conventional_weapons"":""通常兵器 CW""}"
AVIC Leihua Electronic Technology Research Institute （中国航空工业集团公司雷华电子技术研究所）,avicleihuaelectronictechnologyresearchinstitute(中国航空工业集团公司雷华电子技术研究所),経済産業省 外国ユーザーリスト,c632d657f9c13b1250d688394eb7c99956a994527cb56f4a77c86ed61ff1dbda:483,https://www.meti.go.jp/policy/anpo/20250929_3.pdf,data/raw/meti_manual/20260905T201914Z__c632d657f9c1__20250929_3.pdf,2025-09-29,2025-10-09,2026-09-05T20:19:14Z,2026-09-05T20:19:14Z,1,c632d657f9c13b1250d688394eb7c99956a994527cb56f4a77c86ed61ff1dbda,"{""record_no"":483,""country"":""中国 People's Republic of China"",""aliases"":[""LETRI""],""wmd"":""ミサイル M"",""conventional_weapons"":""通常兵器 CW""}"
AVIC Research Institute for Special Structures of Aeronautical Composites （中国航空工業集団公司済南特種結構研究所）,avicresearchinstituteforspecialstructuresofaeronauticalcomposites(中国航空工業集団公司済南特種結構研究所),経済産業省 外国ユーザーリスト,c632d657f9c13b1250d688394eb7c99956a994527cb56f4a77c86ed61ff1dbda:484,https://www.meti.go.jp/policy/anpo/20250929_3.pdf,data/raw/meti_manual/20260905T201914Z__c632d657f9c1__20250929_3.pdf,2025-09-29,2025-10-09,2026-09-05T20:19:14Z,2026-09-05T20:19:14Z,1,c632d657f9c13b1250d688394eb7c99956a994527cb56f4a77c86ed61ff1dbda,"{""record_no"":484,""country"":""中国 People's Republic of China"",""aliases"":[""AVIC RISAC"",""AVIC 637th Research Institute""],""wmd"":""ミサイル M"",""conventional_weapons"":""通常兵器 CW""}"
"Baimtec Material Co., Ltd. （北京航空材料研究院股份有限公司）","baimtecmaterialco.,ltd.(北京航空材料研究院股份有限公司)",経済産業省 外国ユーザーリスト,c632d657f9c13b1250d688394eb7c99956a994527cb56f4a77c86ed61ff1dbda:485,https://www.meti.go.jp/policy/anpo/20250929_3.pdf,data/raw/meti_manual/20260905T201914Z__c632d657f9c1__20250929_3.pdf,2025-09-29,2025-10-09,2026-09-05T20:19:14Z,2026-09-05T20:19:14Z,1,c632d657f9c13b1250d688394eb7c99956a994527cb56f4a77c86ed61ff1dbda,"{""record_no"":485,""country"":""中国 People's Republic of China"",""aliases"":[],""wmd"":""ミサイル、核 M,N"",""conventional_weapons"":""通常兵器 CW""}"
Baotou Guanghua Chemical Industrial Corporation,baotouguanghuachemicalindustrialcorporation,経済産業省 外国ユーザーリスト,c632d657f9c13b1250d688394eb7c99956a994527cb56f4a77c86ed61ff1dbda:486,https://www.meti.go.jp/policy/anpo/20250929_3.pdf,data/raw/meti_manual/20260905T201914Z__c632d657f9c1__20250929_3.pdf,2025-09-29,2025-10-09,2026-09-05T20:19:14Z,2026-09-05T20:19:14Z,1,c632d657f9c13b1250d688394eb7c99956a994527cb56f4a77c86ed61ff1dbda,"{""record_no"":486,""country"":""中国 People's Republic of China"",""aliases"":[""202 Plant, Baotou Nuclear Energy Facility"",""Baotou Guanghua Chemical Industry Company"",""Baotou Nuclear Fuel Element Plant"",""China Nuclear Baotou Guanghua Chemical Industry Company""],""wmd"":""核 N"",""conventional_weapons"":""""}"
Beijing Aeronautical Manufacturing Technology Research Institute (BAMTRI) (北京航空製造工程研究所),beijingaeronauticalmanufacturingtechnologyresearchinstitute(bamtri)(北京航空製造工程研究所),経済産業省 外国ユーザーリスト,c632d657f9c13b1250d688394eb7c99956a994527cb56f4a77c86ed61ff1dbda:487,https://www.meti.go.jp/policy/anpo/20250929_3.pdf,data/raw/meti_manual/20260905T201914Z__c632d657f9c1__20250929_3.pdf,2025-09-29,2025-10-09,2026-09-05T20:19:14Z,2026-09-05T20:19:14Z,1,c632d657f9c13b1250d688394eb7c99956a994527cb56f4a77c86ed61ff1dbda,"{""record_no"":487,""country"":""中国 People's Republic of China"",""aliases"":[""Aviation Industry Corporation of China's (AVIC) Institute 625 (中国航空工業集団公司第六二五研究所)"",""AVIC Beijing Aeronautical Manufacturing Technology Research Institute (中国航空工業集団公司北京航空製造工程研究所)""],""wmd"":""ミサイル M"",""conventional_weapons"":""通常兵器 CW""}"
Beijing Aerospace Automatic Control Institute (BICD) (北京航天自動控制研究所),beijingaerospaceautomaticcontrolinstitute(bicd)(北京航天自動控制研究所),経済産業省 外国ユーザーリスト,c632d657f9c13b1250d688394eb7c99956a994527cb56f4a77c86ed61ff1dbda:488,https://www.meti.go.jp/policy/anpo/20250929_3.pdf,data/raw/meti_manual/20260905T201914Z__c632d657f9c1__20250929_3.pdf,2025-09-29,2025-10-09,2026-09-05T20:19:14Z,2026-09-05T20:19:14Z,1,c632d657f9c13b1250d688394eb7c99956a994527cb56f4a77c86ed61ff1dbda,"{""record_no"":488,""country"":""中国 People's Republic of China"",""aliases"":[""12th Research Institute China Academy of Launch Vehicle Technology (CALT)"",""Beijing Institute of Space Automatic Control"",""Beijing Spaceflight Autocontrol Research Institute"",""China Aerospace Science and Technology Corporation First Academy 12th Research Institute (中国航天科技集団公司第一研究院第十二研究所)""],""wmd"":""ミサイル M"",""conventional_weapons"":""通常兵器 CW""}"
"Beijing Alite Technologies Co., Ltd. (ALCO) (北京海立連合科技有限公司)","beijingalitetechnologiesco.,ltd.(alco)(北京海立連合科技有限公司)",経済産業省 外国ユーザーリスト,c632d657f9c13b1250d688394eb7c99956a994527cb56f4a77c86ed61ff1dbda:489,https://www.meti.go.jp/policy/anpo/20250929_3.pdf,data/raw/meti_manual/20260905T201914Z__c632d657f9c1__20250929_3.pdf,2025-09-29,2025-10-09,2026-09-05T20:19:14Z,2026-09-05T20:19:14Z,1,c632d657f9c13b1250d688394eb7c99956a994527cb56f4a77c86ed61ff1dbda,"{""record_no"":489,""country"":""中国 People's Republic of China"",""aliases"":[""Beijing Haili Lianhe Keji Youxian Gongsi"",""Beijing Hileed Solutions Co., Ltd.""],""wmd"":""ミサイル M"",""conventional_weapons"":""""}"
Beijing Automation Control Equipment Institute (BACEI) (北京自動化控制設備研究所),beijingautomationcontrolequipmentinstitute(bacei)(北京自動化控制設備研究所),経済産業省 外国ユーザーリスト,c632d657f9c13b1250d688394eb7c99956a994527cb56f4a77c86ed61ff1dbda:490,https://www.meti.go.jp/policy/anpo/20250929_3.pdf,data/raw/meti_manual/20260905T201914Z__c632d657f9c1__20250929_3.pdf,2025-09-29,2025-10-09,2026-09-05T20:19:14Z,2026-09-05T20:19:14Z,1,c632d657f9c13b1250d688394eb7c99956a994527cb56f4a77c86ed61ff1dbda,"{""record_no"":490,""country"":""中国 People's Republic of China"",""aliases"":[""33 Institute"",""Beijing Institute of Automatic Control Equipment, China Haiying Electromechanical Technology Academy"",""No. 33 Research Institute of the Third Academy of China Aerospace Science and Industry Corporation (CASIC) (中国航天科工集団第三研究院三十三研究所)""],""wmd"":""ミサイル M"",""conventional_weapons"":""通常兵器 CW""}"
"Beijing China Tank Industry Co., Ltd. （北京科泰克科技有限責任公司）","beijingchinatankindustryco.,ltd.(北京科泰克科技有限責任公司)",経済産業省 外国ユーザーリスト,c632d657f9c13b1250d688394eb7c99956a994527cb56f4a77c86ed61ff1dbda:491,https://www.meti.go.jp/policy/anpo/20250929_3.pdf,data/raw/meti_manual/20260905T201914Z__c632d657f9c1__20250929_3.pdf,2025-09-29,2025-10-09,2026-09-05T20:19:14Z,2026-09-05T20:19:14Z,1,c632d657f9c13b1250d688394eb7c99956a994527cb56f4a77c86ed61ff1dbda,"{""record_no"":491,""country"":""中国 People's Republic of China"",""aliases"":[],""wmd"":""ミサイル M"",""conventional_weapons"":""""}"
Beijing Chengxing Trading Co. Ltd. (北京成興貿易有限公司),beijingchengxingtradingco.ltd.(北京成興貿易有限公司),経済産業省 外国ユーザーリスト,c632d657f9c13b1250d688394eb7c99956a994527cb56f4a77c86ed61ff1dbda:492,https://www.meti.go.jp/policy/anpo/20250929_3.pdf,data/raw/meti_manual/20260905T201914Z__c632d657f9c1__20250929_3.pdf,2025-09-29,2025-10-09,2026-09-05T20:19:14Z,2026-09-05T20:19:14Z,1,c632d657f9c13b1250d688394eb7c99956a994527cb56f4a77c86ed61ff1dbda,"{""record_no"":492,""country"":""中国 People's Republic of China"",""aliases"":[],""wmd"":""ミサイル、核 M,N"",""conventional_weapons"":""通常兵器 CW""}"
Beijing Institute of Structure and Environmental Engineering (BISE) (北京強度環境研究所),beijinginstituteofstructureandenvironmentalengineering(bise)(北京強度環境研究所),経済産業省 外国ユーザーリスト,c632d657f9c13b1250d688394eb7c99956a994527cb56f4a77c86ed61ff1dbda:493,https://www.meti.go.jp/policy/anpo/20250929_3.pdf,data/raw/meti_manual/20260905T201914Z__c632d657f9c1__20250929_3.pdf,2025-09-29,2025-10-09,2026-09-05T20:19:14Z,2026-09-05T20:19:14Z,1,c632d657f9c13b1250d688394eb7c99956a994527cb56f4a77c86ed61ff1dbda,"{""record_no"":493,""country"":""中国 People's Republic of China"",""aliases"":[""702nd Research Institute, China Academy of Launch Vehicle Technology (CALT) (中国航天科技集団公司第一研究院第七○ニ研究所)"",""Beijing Institute of Strength and Environmental Engineering""],""wmd"":""ミサイル M"",""conventional_weapons"":""通常兵器 CW""}"
Beijing Institute of Technology （北京理工大学）,beijinginstituteoftechnology(北京理工大学),経済産業省 外国ユーザーリスト,c632d657f9c13b1250d688394eb7c99956a994527cb56f4a77c86ed61ff1dbda:494,https://www.meti.go.jp/policy/anpo/20250929_3.pdf,data/raw/meti_manual/20260905T201914Z__c632d657f9c1__20250929_3.pdf,2025-09-29,2025-10-09,2026-09-05T20:19:14Z,2026-09-05T20:19:14Z,1,c632d657f9c13b1250d688394eb7c99956a994527cb56f4a77c86ed61ff1dbda,"{""record_no"":494,""country"":""中国 People's Republic of China"",""aliases"":[],""wmd"":""ミサイル M"",""conventional_weapons"":""通常兵器 CW""}"
Beijing Lion Heart International Trading Company,beijinglionheartinternationaltradingcompany,経済産業省 外国ユーザーリスト,c632d657f9c13b1250d688394eb7c99956a994527cb56f4a77c86ed61ff1dbda:495,https://www.meti.go.jp/policy/anpo/20250929_3.pdf,data/raw/meti_manual/20260905T201914Z__c632d657f9c1__20250929_3.pdf,2025-09-29,2025-10-09,2026-09-05T20:19:14Z,2026-09-05T20:19:14Z,1,c632d657f9c13b1250d688394eb7c99956a994527cb56f4a77c86ed61ff1dbda,"{""record_no"":495,""country"":""中国 People's Republic of China"",""aliases"":[""Wei Lai Xi Tong Ltd.""],""wmd"":""ミサイル M"",""conventional_weapons"":""""}"
"Beijing Luo Luo Technology Development Co., Limited. （北京罗罗科技发展有限公司）",limited.(北京罗罗科技发展有限公司)beijingluoluotechnologydevelopmentco.,経済産業省 外国ユーザーリスト,c632d657f9c13b1250d688394eb7c99956a994527cb56f4a77c86ed61ff1dbda:496,https://www.meti.go.jp/policy/anpo/20250929_3.pdf,data/raw/meti_manual/20260905T201914Z__c632d657f9c1__20250929_3.pdf,2025-09-29,2025-10-09,2026-09-05T20:19:14Z,2026-09-05T20:19:14Z,1,c632d657f9c13b1250d688394eb7c99956a994527cb56f4a77c86ed61ff1dbda,"{""record_no"":496,""country"":""中国 People's Republic of China"",""aliases"":[],""wmd"":""ミサイル M"",""conventional_weapons"":""""}"
"BEIJING SHINY NIGHTS TECHNOLOGY DEVELOPMENT CO., LTD. （北京闪亮之夜科技发展有限公司）","beijingshinynightstechnologydevelopmentco.,ltd.(北京闪亮之夜科技发展有限公司)",経済産業省 外国ユーザーリスト,c632d657f9c13b1250d688394eb7c99956a994527cb56f4a77c86ed61ff1dbda:497,https://www.meti.go.jp/policy/anpo/20250929_3.pdf,data/raw/meti_manual/20260905T201914Z__c632d657f9c1__20250929_3.pdf,2025-09-29,2025-10-09,2026-09-05T20:19:14Z,2026-09-05T20:19:14Z,1,c632d657f9c13b1250d688394eb7c99956a994527cb56f4a77c86ed61ff1dbda,"{""record_no"":497,""country"":""中国 People's Republic of China"",""aliases"":[],""wmd"":""ミサイル、核 M、N"",""conventional_weapons"":""""}"
"Beijing Tianhai Industry Co., Ltd. （北京天海工业有限公司）","beijingtianhaiindustryco.,ltd.(北京天海工业有限公司)",経済産業省 外国ユーザーリスト,c632d657f9c13b1250d688394eb7c99956a994527cb56f4a77c86ed61ff1dbda:498,https://www.meti.go.jp/policy/anpo/20250929_3.pdf,data/raw/meti_manual/20260905T201914Z__c632d657f9c1__20250929_3.pdf,2025-09-29,2025-10-09,2026-09-05T20:19:14Z,2026-09-05T20:19:14Z,1,c632d657f9c13b1250d688394eb7c99956a994527cb56f4a77c86ed61ff1dbda,"{""record_no"":498,""country"":""中国 People's Republic of China"",""aliases"":[""北京天海工業有限公司""],""wmd"":""ミサイル M"",""conventional_weapons"":""""}"
Beijing Power Machinery Institute (北京動力機械研究所),beijingpowermachineryinstitute(北京動力機械研究所),経済産業省 外国ユーザーリスト,c632d657f9c13b1250d688394eb7c99956a994527cb56f4a77c86ed61ff1dbda:499,https://www.meti.go.jp/policy/anpo/20250929_3.pdf,data/raw/meti_manual/20260905T201914Z__c632d657f9c1__20250929_3.pdf,2025-09-29,2025-10-09,2026-09-05T20:19:14Z,2026-09-05T20:19:14Z,1,c632d657f9c13b1250d688394eb7c99956a994527cb56f4a77c86ed61ff1dbda,"{""record_no"":499,""country"":""中国 People's Republic of China"",""aliases"":[""31st Research Institute of China Aerospace Science and Industry Corporation (CASIC) (中国航天科工集団第三研究院三十一研究所)"",""Beijing Power Generating Machinery Institute"",""Beijing Power Machinery Research Laboratory"",""China Haiying Electromechanical Technology Academy"",""China Haiying Science & Technology Corporation"",""China Aerospace Science and Industry Corporation (CASIC) 3rd Academy, 31 Research Institute""],""wmd"":""ミサイル M"",""conventional_weapons"":""通常兵器 CW""}"
"Beijing UniStrong Science & Technology Co., Ltd. （北京合衆思壯科技股份有限公司）","beijingunistrongscience&technologyco.,ltd.(北京合衆思壯科技股份有限公司)",経済産業省 外国ユーザーリスト,c632d657f9c13b1250d688394eb7c99956a994527cb56f4a77c86ed61ff1dbda:500,https://www.meti.go.jp/policy/anpo/20250929_3.pdf,data/raw/meti_manual/20260905T201914Z__c632d657f9c1__20250929_3.pdf,2025-09-29,2025-10-09,2026-09-05T20:19:14Z,2026-09-05T20:19:14Z,1,c632d657f9c13b1250d688394eb7c99956a994527cb56f4a77c86ed61ff1dbda,"{""record_no"":500,""country"":""中国 People's Republic of China"",""aliases"":[],""wmd"":""ミサイル M"",""conventional_weapons"":""""}"
Beijing University of Aeronautics and Astronautics (BUAA) (北京航空航天大学),beijinguniversityofaeronauticsandastronautics(buaa)(北京航空航天大学),経済産業省 外国ユーザーリスト,c632d657f9c13b1250d688394eb7c99956a994527cb56f4a77c86ed61ff1dbda:501,https://www.meti.go.jp/policy/anpo/20250929_3.pdf,data/raw/meti_manual/20260905T201914Z__c632d657f9c1__20250929_3.pdf,2025-09-29,2025-10-09,2026-09-05T20:19:14Z,2026-09-05T20:19:14Z,1,c632d657f9c13b1250d688394eb7c99956a994527cb56f4a77c86ed61ff1dbda,"{""record_no"":501,""country"":""中国 People's Republic of China"",""aliases"":[""Beihang University""],""wmd"":""ミサイル M"",""conventional_weapons"":""通常兵器 CW""}"
BVI Electronics,bvielectronics,経済産業省 外国ユーザーリスト,c632d657f9c13b1250d688394eb7c99956a994527cb56f4a77c86ed61ff1dbda:502,https://www.meti.go.jp/policy/anpo/20250929_3.pdf,data/raw/meti_manual/20260905T201914Z__c632d657f9c1__20250929_3.pdf,2025-09-29,2025-10-09,2026-09-05T20:19:14Z,2026-09-05T20:19:14Z,1,c632d657f9c13b1250d688394eb7c99956a994527cb56f4a77c86ed61ff1dbda,"{""record_no"":502,""country"":""中国 People's Republic of China"",""aliases"":[],""wmd"":""生物、化学、ミサイル B,C,M"",""conventional_weapons"":""""}"
"CETC Chip Technology Co., Ltd （中电科芯片技术股份有限公司）","cetcchiptechnologyco.,ltd(中电科芯片技术股份有限公司)",経済産業省 外国ユーザーリスト,c632d657f9c13b1250d688394eb7c99956a994527cb56f4a77c86ed61ff1dbda:503,https://www.meti.go.jp/policy/anpo/20250929_3.pdf,data/raw/meti_manual/20260905T201914Z__c632d657f9c1__20250929_3.pdf,2025-09-29,2025-10-09,2026-09-05T20:19:14Z,2026-09-05T20:19:14Z,1,c632d657f9c13b1250d688394eb7c99956a994527cb56f4a77c86ed61ff1dbda,"{""record_no"":503,""country"":""中国 People's Republic of China"",""aliases"":[""CETC 24"",""CETC 26"",""CETC 44"",""CETC Chongqing Sound and Optoelectronics Co., Ltd."",""Chongqing Optoelectronics Technology Research Institute"",""Dianke Chip Group""],""wmd"":"""",""conventional_weapons"":""通常兵器 CW""}"
"Changzhou Utek Composite Co., Limited.（CUC） （常州联拓复合材料有限公司）",limited.(cuc)(常州联拓复合材料有限公司)changzhouutekcompositeco.,経済産業省 外国ユーザーリスト,c632d657f9c13b1250d688394eb7c99956a994527cb56f4a77c86ed61ff1dbda:504,https://www.meti.go.jp/policy/anpo/20250929_3.pdf,data/raw/meti_manual/20260905T201914Z__c632d657f9c1__20250929_3.pdf,2025-09-29,2025-10-09,2026-09-05T20:19:14Z,2026-09-05T20:19:14Z,1,c632d657f9c13b1250d688394eb7c99956a994527cb56f4a77c86ed61ff1dbda,"{""record_no"":504,""country"":""中国 People's Republic of China"",""aliases"":[],""wmd"":""ミサイル M"",""conventional_weapons"":""""}"
Chengdu Jingxin Technology Co. Ltd （成都景昕科技有限公司）,chengdujingxintechnologyco.ltd(成都景昕科技有限公司),経済産業省 外国ユーザーリスト,c632d657f9c13b1250d688394eb7c99956a994527cb56f4a77c86ed61ff1dbda:505,https://www.meti.go.jp/policy/anpo/20250929_3.pdf,data/raw/meti_manual/20260905T201914Z__c632d657f9c1__20250929_3.pdf,2025-09-29,2025-10-09,2026-09-05T20:19:14Z,2026-09-05T20:19:14Z,1,c632d657f9c13b1250d688394eb7c99956a994527cb56f4a77c86ed61ff1dbda,"{""record_no"":505,""country"":""中国 People's Republic of China"",""aliases"":[""CHENGDU JINGXIN MICROWAVE TECHNOLOGY CO LTD"",""CHENGDU JINGXIN TECK INC""],""wmd"":"""",""conventional_weapons"":""通常兵器 CW""}"
Chengdu Latest Electronics Technology Company,chengdulatestelectronicstechnologycompany,経済産業省 外国ユーザーリスト,c632d657f9c13b1250d688394eb7c99956a994527cb56f4a77c86ed61ff1dbda:506,https://www.meti.go.jp/policy/anpo/20250929_3.pdf,data/raw/meti_manual/20260905T201914Z__c632d657f9c1__20250929_3.pdf,2025-09-29,2025-10-09,2026-09-05T20:19:14Z,2026-09-05T20:19:14Z,1,c632d657f9c13b1250d688394eb7c99956a994527cb56f4a77c86ed61ff1dbda,"{""record_no"":506,""country"":""中国 People's Republic of China"",""aliases"":[],""wmd"":""ミサイル M"",""conventional_weapons"":""""}"
"Chengdu RML Technology Co., Ltd.（成都雷电微力科技 股份有限公司）","chengdurmltechnologyco.,ltd.(成都雷电微力科技股份有限公司)",経済産業省 外国ユーザーリスト,c632d657f9c13b1250d688394eb7c99956a994527cb56f4a77c86ed61ff1dbda:507,https://www.meti.go.jp/policy/anpo/20250929_3.pdf,data/raw/meti_manual/20260905T201914Z__c632d657f9c1__20250929_3.pdf,2025-09-29,2025-10-09,2026-09-05T20:19:14Z,2026-09-05T20:19:14Z,1,c632d657f9c13b1250d688394eb7c99956a994527cb56f4a77c86ed61ff1dbda,"{""record_no"":507,""country"":""中国 People's Republic of China"",""aliases"":[""Chengdu Thunderbolt Micro Power Technology Co., Ltd."",""RML Technology""],""wmd"":""ミサイルM"",""conventional_weapons"":""通常兵器 CW""}"
China Academy of Launch Vehicle Technology (CALT) (中国運載火箭技術研究院),chinaacademyoflaunchvehicletechnology(calt)(中国運載火箭技術研究院),経済産業省 外国ユーザーリスト,c632d657f9c13b1250d688394eb7c99956a994527cb56f4a77c86ed61ff1dbda:508,https://www.meti.go.jp/policy/anpo/20250929_3.pdf,data/raw/meti_manual/20260905T201914Z__c632d657f9c1__20250929_3.pdf,2025-09-29,2025-10-09,2026-09-05T20:19:14Z,2026-09-05T20:19:14Z,1,c632d657f9c13b1250d688394eb7c99956a994527cb56f4a77c86ed61ff1dbda,"{""record_no"":508,""country"":""中国 People's Republic of China"",""aliases"":[""China Carrier Rocket Technology Research Institute"",""First Academy of the China Aerospace Science Technology Corporation (中国航天科技集団公司第一研究院)"",""Wanyuan Company""],""wmd"":""ミサイル M"",""conventional_weapons"":""通常兵器 CW""}"
China Academy of Space Technology (CAST) (中国空間技術研究院),chinaacademyofspacetechnology(cast)(中国空間技術研究院),経済産業省 外国ユーザーリスト,c632d657f9c13b1250d688394eb7c99956a994527cb56f4a77c86ed61ff1dbda:509,https://www.meti.go.jp/policy/anpo/20250929_3.pdf,data/raw/meti_manual/20260905T201914Z__c632d657f9c1__20250929_3.pdf,2025-09-29,2025-10-09,2026-09-05T20:19:14Z,2026-09-05T20:19:14Z,1,c632d657f9c13b1250d688394eb7c99956a994527cb56f4a77c86ed61ff1dbda,"{""record_no"":509,""country"":""中国 People's Republic of China"",""aliases"":[""5th Academy of China Aerospace Science and Technology Corporation (中国航天科技集団公司第五研究院)""],""wmd"":""ミサイル M"",""conventional_weapons"":""通常兵器 CW""}"
China Aerodynamics Research and Development Center (CARDC) (中国空気動力研究与発展中心),chinaaerodynamicsresearchanddevelopmentcenter(cardc)(中国空気動力研究与発展中心),経済産業省 外国ユーザーリスト,c632d657f9c13b1250d688394eb7c99956a994527cb56f4a77c86ed61ff1dbda:510,https://www.meti.go.jp/policy/anpo/20250929_3.pdf,data/raw/meti_manual/20260905T201914Z__c632d657f9c1__20250929_3.pdf,2025-09-29,2025-10-09,2026-09-05T20:19:14Z,2026-09-05T20:19:14Z,1,c632d657f9c13b1250d688394eb7c99956a994527cb56f4a77c86ed61ff1dbda,"{""record_no"":510,""country"":""中国 People's Republic of China"",""aliases"":[],""wmd"":""ミサイル M"",""conventional_weapons"":""通常兵器 CW""}"
China Aerospace Science and Industry Corporation Second Academy（中国航天科工集団第二研究院）,chinaaerospacescienceandindustrycorporationsecondacademy(中国航天科工集団第二研究院),経済産業省 外国ユーザーリスト,c632d657f9c13b1250d688394eb7c99956a994527cb56f4a77c86ed61ff1dbda:511,https://www.meti.go.jp/policy/anpo/20250929_3.pdf,data/raw/meti_manual/20260905T201914Z__c632d657f9c1__20250929_3.pdf,2025-09-29,2025-10-09,2026-09-05T20:19:14Z,2026-09-05T20:19:14Z,1,c632d657f9c13b1250d688394eb7c99956a994527cb56f4a77c86ed61ff1dbda,"{""record_no"":511,""country"":""中国 People's Republic of China"",""aliases"":[""China Changfeng Mechanics and Electronics Technology Academy"",""China Chang Feng Mechano-Electronic Engineering Academy"",""CASIC Second Academy"",""China Chang Feng Mechano-Electronic Engineering Company"",""CASIC Academy of Defense Technology"",""Second Research Academy of CASIC"",""Changfeng Electromechanical Technology Design Institute"",""China Chang Feng Mechanics and Electronics Technology Academy"",""中国航天科工防御技術研究院"",""航天科工二院""],""wmd"":"""",""conventional_weapons"":""通常兵器 CW""}"
China Aerospace Science and Technology Corporation (CASC) 9th Academy 771 Research Institute （中国航天科技集団有限公司第九研究院第771研究 所）,chinaaerospacescienceandtechnologycorporation(casc)9thacademy771researchinstitute(中国航天科技集団有限公司第九研究院第771研究所),経済産業省 外国ユーザーリスト,c632d657f9c13b1250d688394eb7c99956a994527cb56f4a77c86ed61ff1dbda:512,https://www.meti.go.jp/policy/anpo/20250929_3.pdf,data/raw/meti_manual/20260905T201914Z__c632d657f9c1__20250929_3.pdf,2025-09-29,2025-10-09,2026-09-05T20:19:14Z,2026-09-05T20:19:14Z,1,c632d657f9c13b1250d688394eb7c99956a994527cb56f4a77c86ed61ff1dbda,"{""record_no"":512,""country"":""中国 People's Republic of China"",""aliases"":[""771 Research Institute"",""China Aerospace Science and Technology Corporation （CASC）Ninth Academy 771 Institute"",""Lishan Microelectronics Company"",""Xi'an Institute of Microelectronics"",""Xi'an Microelectronics Technology Institute"",""XMTI""],""wmd"":""ミサイル M"",""conventional_weapons"":""通常兵器 CW""}"
China Electronics Technology Group Corporation 14th Research Institute (CETC 14) （中国電子科技集団公司 第十四研究所）,chinaelectronicstechnologygroupcorporation14thresearchinstitute(cetc14)(中国電子科技集団公司第十四研究所),経済産業省 外国ユーザーリスト,c632d657f9c13b1250d688394eb7c99956a994527cb56f4a77c86ed61ff1dbda:513,https://www.meti.go.jp/policy/anpo/20250929_3.pdf,data/raw/meti_manual/20260905T201914Z__c632d657f9c1__20250929_3.pdf,2025-09-29,2025-10-09,2026-09-05T20:19:14Z,2026-09-05T20:19:14Z,1,c632d657f9c13b1250d688394eb7c99956a994527cb56f4a77c86ed61ff1dbda,"{""record_no"":513,""country"":""中国 People's Republic of China"",""aliases"":[""Nanjing Research Institute of Electronics Technology"",""NRIET"",""Nanjing Electronics Technology Institute"",""Ministry of Information Industry Electronics"",""No 14 Research Institute"",""Research Institute 14"",""CETC Research Institute 14"",""南京電子技術研究所""],""wmd"":"""",""conventional_weapons"":""通常兵器 CW""}"
China Electronics Technology Group Corporation 28th Research Institute (CETC 28)（中国電子科技集団公司 第二十八研究所）,chinaelectronicstechnologygroupcorporation28thresearchinstitute(cetc28)(中国電子科技集団公司第二十八研究所),経済産業省 外国ユーザーリスト,c632d657f9c13b1250d688394eb7c99956a994527cb56f4a77c86ed61ff1dbda:514,https://www.meti.go.jp/policy/anpo/20250929_3.pdf,data/raw/meti_manual/20260905T201914Z__c632d657f9c1__20250929_3.pdf,2025-09-29,2025-10-09,2026-09-05T20:19:14Z,2026-09-05T20:19:14Z,1,c632d657f9c13b1250d688394eb7c99956a994527cb56f4a77c86ed61ff1dbda,"{""record_no"":514,""country"":""中国 People's Republic of China"",""aliases"":[""The 28th Research Institute of China Electronics Technology Group Corporation"",""China Electronics Technology Group Corporation No. 28 Institute"",""CETC 28"",""The 28th Institute"",""Nanjing Institute of Electronic Engineering"",""NRIEE"",""NIEE""],""wmd"":"""",""conventional_weapons"":""通常兵器 CW""}"
China Electronics Technology Group Corporation (CETC) 54th Research Institute (中国電子科技集団公司第五十四研究所),chinaelectronicstechnologygroupcorporation(cetc)54thresearchinstitute(中国電子科技集団公司第五十四研究所),経済産業省 外国ユーザーリスト,c632d657f9c13b1250d688394eb7c99956a994527cb56f4a77c86ed61ff1dbda:515,https://www.meti.go.jp/policy/anpo/20250929_3.pdf,data/raw/meti_manual/20260905T201914Z__c632d657f9c1__20250929_3.pdf,2025-09-29,2025-10-09,2026-09-05T20:19:14Z,2026-09-05T20:19:14Z,1,c632d657f9c13b1250d688394eb7c99956a994527cb56f4a77c86ed61ff1dbda,"{""record_no"":515,""country"":""中国 People's Republic of China"",""aliases"":[""54th Research Institute of China Electronics Technology Group Corporation (CETC54)"",""Communication, Telemetry and Telecontrol Research Institute (CTI)"",""Shijiazhuang Communication Observation and Control Technology Institute (石家庄通信測控技術研究所)""],""wmd"":""ミサイル M"",""conventional_weapons"":""通常兵器 CW""}"
China General Nuclear Power Corporation (CGNPC) （中国広核集団）,chinageneralnuclearpowercorporation(cgnpc)(中国広核集団),経済産業省 外国ユーザーリスト,c632d657f9c13b1250d688394eb7c99956a994527cb56f4a77c86ed61ff1dbda:516,https://www.meti.go.jp/policy/anpo/20250929_3.pdf,data/raw/meti_manual/20260905T201914Z__c632d657f9c1__20250929_3.pdf,2025-09-29,2025-10-09,2026-09-05T20:19:14Z,2026-09-05T20:19:14Z,1,c632d657f9c13b1250d688394eb7c99956a994527cb56f4a77c86ed61ff1dbda,"{""record_no"":516,""country"":""中国 People's Republic of China"",""aliases"":[""China Guangdong Nuclear Power Corporation"",""China General Nuclear Power Group""],""wmd"":""核 N"",""conventional_weapons"":""""}"
China National Precision Machinery Import and Export Corporation (CPMIEC) (中国精密機械進出口有限公司),chinanationalprecisionmachineryimportandexportcorporation(cpmiec)(中国精密機械進出口有限公司),経済産業省 外国ユーザーリスト,c632d657f9c13b1250d688394eb7c99956a994527cb56f4a77c86ed61ff1dbda:517,https://www.meti.go.jp/policy/anpo/20250929_3.pdf,data/raw/meti_manual/20260905T201914Z__c632d657f9c1__20250929_3.pdf,2025-09-29,2025-10-09,2026-09-05T20:19:14Z,2026-09-05T20:19:14Z,1,c632d657f9c13b1250d688394eb7c99956a994527cb56f4a77c86ed61ff1dbda,"{""record_no"":517,""country"":""中国 People's Republic of China"",""aliases"":[""China National Precision Machinery I/E Corp."",""China Precision Machinery Import/Export Corporation"",""ZHONGGUO JINGMI JIXIE JINCHUKOU ZONGGONGSI""],""wmd"":""ミサイル M"",""conventional_weapons"":""""}"
China North Industries Group Corporation Limited (中国兵器工業集団有限公司),chinanorthindustriesgroupcorporationlimited(中国兵器工業集団有限公司),経済産業省 外国ユーザーリスト,c632d657f9c13b1250d688394eb7c99956a994527cb56f4a77c86ed61ff1dbda:518,https://www.meti.go.jp/policy/anpo/20250929_3.pdf,data/raw/meti_manual/20260905T201914Z__c632d657f9c1__20250929_3.pdf,2025-09-29,2025-10-09,2026-09-05T20:19:14Z,2026-09-05T20:19:14Z,1,c632d657f9c13b1250d688394eb7c99956a994527cb56f4a77c86ed61ff1dbda,"{""record_no"":518,""country"":""中国 People's Republic of China"",""aliases"":[""China North Industries Corporation (NORINCO) (中国北方工業公司)""],""wmd"":""化学、ミサイル C,M"",""conventional_weapons"":""通常兵器 CW""}"
Chinese Academy of Engineering Physics （中国工程物理研究院）,chineseacademyofengineeringphysics(中国工程物理研究院),経済産業省 外国ユーザーリスト,c632d657f9c13b1250d688394eb7c99956a994527cb56f4a77c86ed61ff1dbda:519,https://www.meti.go.jp/policy/anpo/20250929_3.pdf,data/raw/meti_manual/20260905T201914Z__c632d657f9c1__20250929_3.pdf,2025-09-29,2025-10-09,2026-09-05T20:19:14Z,2026-09-05T20:19:14Z,1,c632d657f9c13b1250d688394eb7c99956a994527cb56f4a77c86ed61ff1dbda,"{""record_no"":519,""country"":""中国 People's Republic of China"",""aliases"":[""Ninth Academy"",""Southwest Computing Center"",""Southwest Institute of Applied Electronics"",""Southwest Institute of Chemical Materials"",""Southwest Institute of Electronic Engineering"",""Southwest Institute of Environmental Testing"",""Southwest Institute of Explosives and Chemical Engineering"",""Southwest Institute of Fluid Physics"",""Southwest Institute of General Designing and Assembly"",""Southwest Institute of Machining Technology"",""Southwest Institute of Materials"",""Southwest Institute of Nuclear Physics and Chemistry"",""China Academy of Engineering Physics (CAEP)'s 902 Institute"",""Southwest Institute of Research and Applications of Special Materials Factory"",""Southwest Institute of Structural Mechanics"",""The High Power Laser Laboratory, Shanghai"",""The Institute of Applied Physics and Computational Mathematics, Beijing""],""wmd"":""核 N"",""conventional_weapons"":""""}"
"Chinese Academy of Sciences Changchun Institute of Optics, Fine Mechanics, and Physics（中国科学院長春 光学精密機械与物理研究所）","chineseacademyofscienceschangchuninstituteofoptics,finemechanics,andphysics(中国科学院長春光学精密機械与物理研究所)",経済産業省 外国ユーザーリスト,c632d657f9c13b1250d688394eb7c99956a994527cb56f4a77c86ed61ff1dbda:520,https://www.meti.go.jp/policy/anpo/20250929_3.pdf,data/raw/meti_manual/20260905T201914Z__c632d657f9c1__20250929_3.pdf,2025-09-29,2025-10-09,2026-09-05T20:19:14Z,2026-09-05T20:19:14Z,1,c632d657f9c13b1250d688394eb7c99956a994527cb56f4a77c86ed61ff1dbda,"{""record_no"":520,""country"":""中国 People's Republic of China"",""aliases"":[""Changchun Institute of Optics, Fine Mechanics, and Physics, CAS"",""CAS Institute of Optics, Fine Mechanics, and Physics"",""CIOMP""],""wmd"":""ミサイルM"",""conventional_weapons"":""通常兵器 CW""}"
"Chongyi Hengyi Ceramic Composites Co., Ltd. （崇義恒毅陶瓷複合材料有限公司）","chongyihengyiceramiccompositesco.,ltd.(崇義恒毅陶瓷複合材料有限公司)",経済産業省 外国ユーザーリスト,c632d657f9c13b1250d688394eb7c99956a994527cb56f4a77c86ed61ff1dbda:521,https://www.meti.go.jp/policy/anpo/20250929_3.pdf,data/raw/meti_manual/20260905T201914Z__c632d657f9c1__20250929_3.pdf,2025-09-29,2025-10-09,2026-09-05T20:19:14Z,2026-09-05T20:19:14Z,1,c632d657f9c13b1250d688394eb7c99956a994527cb56f4a77c86ed61ff1dbda,"{""record_no"":521,""country"":""中国 People's Republic of China"",""aliases"":[],""wmd"":""ミサイル M"",""conventional_weapons"":""通常兵器 CW""}"
Cosailing Business Trading Company Limited （青島航帆貿易有限公司）,cosailingbusinesstradingcompanylimited(青島航帆貿易有限公司),経済産業省 外国ユーザーリスト,c632d657f9c13b1250d688394eb7c99956a994527cb56f4a77c86ed61ff1dbda:522,https://www.meti.go.jp/policy/anpo/20250929_3.pdf,data/raw/meti_manual/20260905T201914Z__c632d657f9c1__20250929_3.pdf,2025-09-29,2025-10-09,2026-09-05T20:19:14Z,2026-09-05T20:19:14Z,1,c632d657f9c13b1250d688394eb7c99956a994527cb56f4a77c86ed61ff1dbda,"{""record_no"":522,""country"":""中国 People's Republic of China"",""aliases"":[],""wmd"":""ミサイル M"",""conventional_weapons"":""通常兵器 CW""}"
Dalian Ligong Safety Equipment Company Limited,dalianligongsafetyequipmentcompanylimited,経済産業省 外国ユーザーリスト,c632d657f9c13b1250d688394eb7c99956a994527cb56f4a77c86ed61ff1dbda:523,https://www.meti.go.jp/policy/anpo/20250929_3.pdf,data/raw/meti_manual/20260905T201914Z__c632d657f9c1__20250929_3.pdf,2025-09-29,2025-10-09,2026-09-05T20:19:14Z,2026-09-05T20:19:14Z,1,c632d657f9c13b1250d688394eb7c99956a994527cb56f4a77c86ed61ff1dbda,"{""record_no"":523,""country"":""中国 People's Republic of China"",""aliases"":[],""wmd"":""ミサイル M"",""conventional_weapons"":""""}"
Dalian Zhenghua Maoyi Youxian Gongsi,dalianzhenghuamaoyiyouxiangongsi,経済産業省 外国ユーザーリスト,c632d657f9c13b1250d688394eb7c99956a994527cb56f4a77c86ed61ff1dbda:524,https://www.meti.go.jp/policy/anpo/20250929_3.pdf,data/raw/meti_manual/20260905T201914Z__c632d657f9c1__20250929_3.pdf,2025-09-29,2025-10-09,2026-09-05T20:19:14Z,2026-09-05T20:19:14Z,1,c632d657f9c13b1250d688394eb7c99956a994527cb56f4a77c86ed61ff1dbda,"{""record_no"":524,""country"":""中国 People's Republic of China"",""aliases"":[""Dalian Zenghua Trading Co., Ltd.""],""wmd"":""ミサイル M"",""conventional_weapons"":""""}"
"Dalian Zhongchuang Char-White Co., Ltd.","dalianzhongchuangchar-whiteco.,ltd.",経済産業省 外国ユーザーリスト,c632d657f9c13b1250d688394eb7c99956a994527cb56f4a77c86ed61ff1dbda:525,https://www.meti.go.jp/policy/anpo/20250929_3.pdf,data/raw/meti_manual/20260905T201914Z__c632d657f9c1__20250929_3.pdf,2025-09-29,2025-10-09,2026-09-05T20:19:14Z,2026-09-05T20:19:14Z,1,c632d657f9c13b1250d688394eb7c99956a994527cb56f4a77c86ed61ff1dbda,"{""record_no"":525,""country"":""中国 People's Republic of China"",""aliases"":[],""wmd"":""ミサイル M"",""conventional_weapons"":""""}"
"Dandong Dongyuan Industrial Co., Ltd.","dandongdongyuanindustrialco.,ltd.",経済産業省 外国ユーザーリスト,c632d657f9c13b1250d688394eb7c99956a994527cb56f4a77c86ed61ff1dbda:526,https://www.meti.go.jp/policy/anpo/20250929_3.pdf,data/raw/meti_manual/20260905T201914Z__c632d657f9c1__20250929_3.pdf,2025-09-29,2025-10-09,2026-09-05T20:19:14Z,2026-09-05T20:19:14Z,1,c632d657f9c13b1250d688394eb7c99956a994527cb56f4a77c86ed61ff1dbda,"{""record_no"":526,""country"":""中国 People's Republic of China"",""aliases"":[""Dandong Dongyuan Industrial Co."",""Dandong Dongyuan Industry Co., Ltd.""],""wmd"":""ミサイル、核 M,N"",""conventional_weapons"":""通常兵器 CW""}"
Dandong Haotong Commercial Trade Co. Ltd. （丹東浩通商貿有限公司）,dandonghaotongcommercialtradeco.ltd.(丹東浩通商貿有限公司),経済産業省 外国ユーザーリスト,c632d657f9c13b1250d688394eb7c99956a994527cb56f4a77c86ed61ff1dbda:527,https://www.meti.go.jp/policy/anpo/20250929_3.pdf,data/raw/meti_manual/20260905T201914Z__c632d657f9c1__20250929_3.pdf,2025-09-29,2025-10-09,2026-09-05T20:19:14Z,2026-09-05T20:19:14Z,1,c632d657f9c13b1250d688394eb7c99956a994527cb56f4a77c86ed61ff1dbda,"{""record_no"":527,""country"":""中国 People's Republic of China"",""aliases"":[],""wmd"":""生物、化学、ミサイル、核 B,C,M,N"",""conventional_weapons"":""通常兵器 CW""}"
Dandong Hongxiang Industrial Development Co Ltd,dandonghongxiangindustrialdevelopmentcoltd,経済産業省 外国ユーザーリスト,c632d657f9c13b1250d688394eb7c99956a994527cb56f4a77c86ed61ff1dbda:528,https://www.meti.go.jp/policy/anpo/20250929_3.pdf,data/raw/meti_manual/20260905T201914Z__c632d657f9c1__20250929_3.pdf,2025-09-29,2025-10-09,2026-09-05T20:19:14Z,2026-09-05T20:19:14Z,1,c632d657f9c13b1250d688394eb7c99956a994527cb56f4a77c86ed61ff1dbda,"{""record_no"":528,""country"":""中国 People's Republic of China"",""aliases"":[],""wmd"":""生物、化学、ミサイル、核 B,C,M,N"",""conventional_weapons"":""通常兵器 CW""}"
"Dandong Jinxiang Trade Co., Ltd.","dandongjinxiangtradeco.,ltd.",経済産業省 外国ユーザーリスト,c632d657f9c13b1250d688394eb7c99956a994527cb56f4a77c86ed61ff1dbda:529,https://www.meti.go.jp/policy/anpo/20250929_3.pdf,data/raw/meti_manual/20260905T201914Z__c632d657f9c1__20250929_3.pdf,2025-09-29,2025-10-09,2026-09-05T20:19:14Z,2026-09-05T20:19:14Z,1,c632d657f9c13b1250d688394eb7c99956a994527cb56f4a77c86ed61ff1dbda,"{""record_no"":529,""country"":""中国 People's Republic of China"",""aliases"":[""China Dandong Kumsang Trade Company, Limited"",""Dandong Metal Company"",""Jinxiang Trading Company""],""wmd"":""ミサイル、核 M,N"",""conventional_weapons"":""通常兵器 CW""}"
"DANDONG RICH EARTH TRADING CO., LTD. （丹东富地贸易有限公司）","dandongrichearthtradingco.,ltd.(丹东富地贸易有限公司)",経済産業省 外国ユーザーリスト,c632d657f9c13b1250d688394eb7c99956a994527cb56f4a77c86ed61ff1dbda:530,https://www.meti.go.jp/policy/anpo/20250929_3.pdf,data/raw/meti_manual/20260905T201914Z__c632d657f9c1__20250929_3.pdf,2025-09-29,2025-10-09,2026-09-05T20:19:14Z,2026-09-05T20:19:14Z,1,c632d657f9c13b1250d688394eb7c99956a994527cb56f4a77c86ed61ff1dbda,"{""record_no"":530,""country"":""中国 People's Republic of China"",""aliases"":[],""wmd"":""ミサイル、核 M,N"",""conventional_weapons"":""通常兵器 CW""}"
DANDONG ZHONGSHENG INDUSTRY & TRADE CO.， LTD. (丹东中盛工贸有限公司),"dandongzhongshengindustry&tradeco.,ltd.(丹东中盛工贸有限公司)",経済産業省 外国ユーザーリスト,c632d657f9c13b1250d688394eb7c99956a994527cb56f4a77c86ed61ff1dbda:531,https://www.meti.go.jp/policy/anpo/20250929_3.pdf,data/raw/meti_manual/20260905T201914Z__c632d657f9c1__20250929_3.pdf,2025-09-29,2025-10-09,2026-09-05T20:19:14Z,2026-09-05T20:19:14Z,1,c632d657f9c13b1250d688394eb7c99956a994527cb56f4a77c86ed61ff1dbda,"{""record_no"":531,""country"":""中国 People's Republic of China"",""aliases"":[""DANDONG ZHONGSENG INDUSTRY & TRADE"",""DANDONG ZHONGSENG INDUSTRY AND TRADE"",""DANDONG ZHONGSHENG INDUSTRY AND TRADE CO.， LTD."",""DANDONG ZHONGSHONG INDUSTRY & TRADE"",""DANDONG ZHONGSHONG INDUSTRY & TRADE CORPORATION LTD."",""DANDONG ZHONGSHONG INDUSTRY AND TRADE"",""DANDONG ZHONGSHONG INDUSTRY AND TRADE CORPORATION LTD.""],""wmd"":""生物、化学、ミサイル、核 B,C,M,N"",""conventional_weapons"":""""}"
DCB Finance Limited,dcbfinancelimited,経済産業省 外国ユーザーリスト,c632d657f9c13b1250d688394eb7c99956a994527cb56f4a77c86ed61ff1dbda:532,https://www.meti.go.jp/policy/anpo/20250929_3.pdf,data/raw/meti_manual/20260905T201914Z__c632d657f9c1__20250929_3.pdf,2025-09-29,2025-10-09,2026-09-05T20:19:14Z,2026-09-05T20:19:14Z,1,c632d657f9c13b1250d688394eb7c99956a994527cb56f4a77c86ed61ff1dbda,"{""record_no"":532,""country"":""中国 People's Republic of China"",""aliases"":[],""wmd"":""生物、化学、ミサイル、核 B,C,M,N"",""conventional_weapons"":""""}"
EKT SMART TECHNOLOGY (黎巴嫩卡氏有限公司广州代表处),ektsmarttechnology(黎巴嫩卡氏有限公司广州代表处),経済産業省 外国ユーザーリスト,c632d657f9c13b1250d688394eb7c99956a994527cb56f4a77c86ed61ff1dbda:533,https://www.meti.go.jp/policy/anpo/20250929_3.pdf,data/raw/meti_manual/20260905T201914Z__c632d657f9c1__20250929_3.pdf,2025-09-29,2025-10-09,2026-09-05T20:19:14Z,2026-09-05T20:19:14Z,1,c632d657f9c13b1250d688394eb7c99956a994527cb56f4a77c86ed61ff1dbda,"{""record_no"":533,""country"":""中国 People's Republic of China"",""aliases"":[],""wmd"":""生物、化学、ミサイル B,C,M"",""conventional_weapons"":""""}"
"Fushun Jinly Petrochemical Carbon Co., Ltd.","fushunjinlypetrochemicalcarbonco.,ltd.",経済産業省 外国ユーザーリスト,c632d657f9c13b1250d688394eb7c99956a994527cb56f4a77c86ed61ff1dbda:534,https://www.meti.go.jp/policy/anpo/20250929_3.pdf,data/raw/meti_manual/20260905T201914Z__c632d657f9c1__20250929_3.pdf,2025-09-29,2025-10-09,2026-09-05T20:19:14Z,2026-09-05T20:19:14Z,1,c632d657f9c13b1250d688394eb7c99956a994527cb56f4a77c86ed61ff1dbda,"{""record_no"":534,""country"":""中国 People's Republic of China"",""aliases"":[],""wmd"":""ミサイル M"",""conventional_weapons"":""""}"
"Grun Group Co., Limited",limitedgrungroupco.,経済産業省 外国ユーザーリスト,c632d657f9c13b1250d688394eb7c99956a994527cb56f4a77c86ed61ff1dbda:535,https://www.meti.go.jp/policy/anpo/20250929_3.pdf,data/raw/meti_manual/20260905T201914Z__c632d657f9c1__20250929_3.pdf,2025-09-29,2025-10-09,2026-09-05T20:19:14Z,2026-09-05T20:19:14Z,1,c632d657f9c13b1250d688394eb7c99956a994527cb56f4a77c86ed61ff1dbda,"{""record_no"":535,""country"":""中国 People's Republic of China"",""aliases"":[""Grun Group Co., Ltd""],""wmd"":"""",""conventional_weapons"":""通常兵器 CW""}"
"GuangZhou Ausay Technology Co., Ltd. （广州欧赛科技有限公司）","guangzhouausaytechnologyco.,ltd.(广州欧赛科技有限公司)",経済産業省 外国ユーザーリスト,c632d657f9c13b1250d688394eb7c99956a994527cb56f4a77c86ed61ff1dbda:536,https://www.meti.go.jp/policy/anpo/20250929_3.pdf,data/raw/meti_manual/20260905T201914Z__c632d657f9c1__20250929_3.pdf,2025-09-29,2025-10-09,2026-09-05T20:19:14Z,2026-09-05T20:19:14Z,1,c632d657f9c13b1250d688394eb7c99956a994527cb56f4a77c86ed61ff1dbda,"{""record_no"":536,""country"":""中国 People's Republic of China"",""aliases"":[""Guangzhou Ausay Technology Co., Ltd."",""Guangzhou Ausay Technology Co., Limited""],""wmd"":""ミサイルM"",""conventional_weapons"":""通常兵器 CW""}"
Guangzhou Ca.Ben Composites Company Limited (広州卡本複合材料有限公司),guangzhouca.bencompositescompanylimited(広州卡本複合材料有限公司),経済産業省 外国ユーザーリスト,c632d657f9c13b1250d688394eb7c99956a994527cb56f4a77c86ed61ff1dbda:537,https://www.meti.go.jp/policy/anpo/20250929_3.pdf,data/raw/meti_manual/20260905T201914Z__c632d657f9c1__20250929_3.pdf,2025-09-29,2025-10-09,2026-09-05T20:19:14Z,2026-09-05T20:19:14Z,1,c632d657f9c13b1250d688394eb7c99956a994527cb56f4a77c86ed61ff1dbda,"{""record_no"":537,""country"":""中国 People's Republic of China"",""aliases"":[],""wmd"":""ミサイル、核 M,N"",""conventional_weapons"":""""}"
"Guangzhou Tian-Hai-Xiang Aviation Technology Co., Ltd. （広州天海翔航空科技有限公司）","guangzhoutian-hai-xiangaviationtechnologyco.,ltd.(広州天海翔航空科技有限公司)",経済産業省 外国ユーザーリスト,c632d657f9c13b1250d688394eb7c99956a994527cb56f4a77c86ed61ff1dbda:538,https://www.meti.go.jp/policy/anpo/20250929_3.pdf,data/raw/meti_manual/20260905T201914Z__c632d657f9c1__20250929_3.pdf,2025-09-29,2025-10-09,2026-09-05T20:19:14Z,2026-09-05T20:19:14Z,1,c632d657f9c13b1250d688394eb7c99956a994527cb56f4a77c86ed61ff1dbda,"{""record_no"":538,""country"":""中国 People's Republic of China"",""aliases"":[""Guangzhou Tianhaixiang Aviation Technology Co., Ltd."",""THX Aviation""],""wmd"":""ミサイル M"",""conventional_weapons"":""通常兵器 CW""}"
"GUILIN ALPHA RUBBER & PLASTICS TECHNOLOGY CO., LTD (桂林阿尔法橡塑科技有限公司)","guilinalpharubber&plasticstechnologyco.,ltd(桂林阿尔法橡塑科技有限公司)",経済産業省 外国ユーザーリスト,c632d657f9c13b1250d688394eb7c99956a994527cb56f4a77c86ed61ff1dbda:539,https://www.meti.go.jp/policy/anpo/20250929_3.pdf,data/raw/meti_manual/20260905T201914Z__c632d657f9c1__20250929_3.pdf,2025-09-29,2025-10-09,2026-09-05T20:19:14Z,2026-09-05T20:19:14Z,1,c632d657f9c13b1250d688394eb7c99956a994527cb56f4a77c86ed61ff1dbda,"{""record_no"":539,""country"":""中国 People's Republic of China"",""aliases"":[""GUILIN ALPHA RUBBER & PLASTICS TECHNOLOGY COMPANY"",""GUILIN ALPHA RUBBER AND PLASTICS TECHNOLOGY CO.， LTD"",""GUILIN ALPHA RUBBER AND PLASTICS TECHNOLOGY COMPANY""],""wmd"":""ミサイル、核 M、N"",""conventional_weapons"":""""}"
Harbin Engineering University (哈爾浜工程大学),harbinengineeringuniversity(哈爾浜工程大学),経済産業省 外国ユーザーリスト,c632d657f9c13b1250d688394eb7c99956a994527cb56f4a77c86ed61ff1dbda:540,https://www.meti.go.jp/policy/anpo/20250929_3.pdf,data/raw/meti_manual/20260905T201914Z__c632d657f9c1__20250929_3.pdf,2025-09-29,2025-10-09,2026-09-05T20:19:14Z,2026-09-05T20:19:14Z,1,c632d657f9c13b1250d688394eb7c99956a994527cb56f4a77c86ed61ff1dbda,"{""record_no"":540,""country"":""中国 People's Republic of China"",""aliases"":[],""wmd"":""ミサイル、核 M,N"",""conventional_weapons"":""通常兵器 CW""}"
Harbin Institute of Technology (HIT) (哈爾浜工業大学),harbininstituteoftechnology(hit)(哈爾浜工業大学),経済産業省 外国ユーザーリスト,c632d657f9c13b1250d688394eb7c99956a994527cb56f4a77c86ed61ff1dbda:541,https://www.meti.go.jp/policy/anpo/20250929_3.pdf,data/raw/meti_manual/20260905T201914Z__c632d657f9c1__20250929_3.pdf,2025-09-29,2025-10-09,2026-09-05T20:19:14Z,2026-09-05T20:19:14Z,1,c632d657f9c13b1250d688394eb7c99956a994527cb56f4a77c86ed61ff1dbda,"{""record_no"":541,""country"":""中国 People's Republic of China"",""aliases"":[],""wmd"":""ミサイル M"",""conventional_weapons"":""通常兵器 CW""}"
"HANGZHOU FUYANG KOTO MACHINERY CO., LTD （杭州富阳科拓机械有限公司）","hangzhoufuyangkotomachineryco.,ltd(杭州富阳科拓机械有限公司)",経済産業省 外国ユーザーリスト,c632d657f9c13b1250d688394eb7c99956a994527cb56f4a77c86ed61ff1dbda:542,https://www.meti.go.jp/policy/anpo/20250929_3.pdf,data/raw/meti_manual/20260905T201914Z__c632d657f9c1__20250929_3.pdf,2025-09-29,2025-10-09,2026-09-05T20:19:14Z,2026-09-05T20:19:14Z,1,c632d657f9c13b1250d688394eb7c99956a994527cb56f4a77c86ed61ff1dbda,"{""record_no"":542,""country"":""中国 People's Republic of China"",""aliases"":[""HANGZHOU FUYANG KOTO MACHINERY"",""HANGZHOU FUYANG KOTO MACHINERY CO."",""KOTO MACHINERY CO., LTD"",""KOTO MACHINRY CO., LTD""],""wmd"":""ミサイル、核 M,N"",""conventional_weapons"":""""}"
Hebei Sinopack Electronics (河北中瓷電子科技股份有限公司),hebeisinopackelectronics(河北中瓷電子科技股份有限公司),経済産業省 外国ユーザーリスト,c632d657f9c13b1250d688394eb7c99956a994527cb56f4a77c86ed61ff1dbda:543,https://www.meti.go.jp/policy/anpo/20250929_3.pdf,data/raw/meti_manual/20260905T201914Z__c632d657f9c1__20250929_3.pdf,2025-09-29,2025-10-09,2026-09-05T20:19:14Z,2026-09-05T20:19:14Z,1,c632d657f9c13b1250d688394eb7c99956a994527cb56f4a77c86ed61ff1dbda,"{""record_no"":543,""country"":""中国 People's Republic of China"",""aliases"":[""Hebei Sinapack Elec"",""Hebei Sinopack Electronic Technology Co., Ltd.""],""wmd"":""ミサイル M"",""conventional_weapons"":""通常兵器 CW""}"
"HENAN JIAYUAN ALUMINIUM INDUSTRY CO., LTD. （河南嘉源铝业有限公司）","henanjiayuanaluminiumindustryco.,ltd.(河南嘉源铝业有限公司)",経済産業省 外国ユーザーリスト,c632d657f9c13b1250d688394eb7c99956a994527cb56f4a77c86ed61ff1dbda:544,https://www.meti.go.jp/policy/anpo/20250929_3.pdf,data/raw/meti_manual/20260905T201914Z__c632d657f9c1__20250929_3.pdf,2025-09-29,2025-10-09,2026-09-05T20:19:14Z,2026-09-05T20:19:14Z,1,c632d657f9c13b1250d688394eb7c99956a994527cb56f4a77c86ed61ff1dbda,"{""record_no"":544,""country"":""中国 People's Republic of China"",""aliases"":[""HENAN JIAYUAN ALUMINUM INDUSTRY COMPANY, LIMITED""],""wmd"":""核 N"",""conventional_weapons"":""""}"
"Hubei Sanjiang Aerospace Wanshan Special Vehicle Co., Ltd. （湖北三江航天万山特种车辆有限公司）","hubeisanjiangaerospacewanshanspecialvehicleco.,ltd.(湖北三江航天万山特种车辆有限公司)",経済産業省 外国ユーザーリスト,c632d657f9c13b1250d688394eb7c99956a994527cb56f4a77c86ed61ff1dbda:545,https://www.meti.go.jp/policy/anpo/20250929_3.pdf,data/raw/meti_manual/20260905T201914Z__c632d657f9c1__20250929_3.pdf,2025-09-29,2025-10-09,2026-09-05T20:19:14Z,2026-09-05T20:19:14Z,1,c632d657f9c13b1250d688394eb7c99956a994527cb56f4a77c86ed61ff1dbda,"{""record_no"":545,""country"":""中国 People's Republic of China"",""aliases"":[""湖北三江航天万山特種車輛有限公司""],""wmd"":""ミサイル M"",""conventional_weapons"":""通常兵器 CW""}"
"Karat Industry Co., Ltd.","karatindustryco.,ltd.",経済産業省 外国ユーザーリスト,c632d657f9c13b1250d688394eb7c99956a994527cb56f4a77c86ed61ff1dbda:546,https://www.meti.go.jp/policy/anpo/20250929_3.pdf,data/raw/meti_manual/20260905T201914Z__c632d657f9c1__20250929_3.pdf,2025-09-29,2025-10-09,2026-09-05T20:19:14Z,2026-09-05T20:19:14Z,1,c632d657f9c13b1250d688394eb7c99956a994527cb56f4a77c86ed61ff1dbda,"{""record_no"":546,""country"":""中国 People's Republic of China"",""aliases"":[],""wmd"":""ミサイル M"",""conventional_weapons"":""""}"
"Kinglead Electronics Co., Ltd.","kingleadelectronicsco.,ltd.",経済産業省 外国ユーザーリスト,c632d657f9c13b1250d688394eb7c99956a994527cb56f4a77c86ed61ff1dbda:547,https://www.meti.go.jp/policy/anpo/20250929_3.pdf,data/raw/meti_manual/20260905T201914Z__c632d657f9c1__20250929_3.pdf,2025-09-29,2025-10-09,2026-09-05T20:19:14Z,2026-09-05T20:19:14Z,1,c632d657f9c13b1250d688394eb7c99956a994527cb56f4a77c86ed61ff1dbda,"{""record_no"":547,""country"":""中国 People's Republic of China"",""aliases"":[""Kinglead International Trading"",""Kinglead International Trading Limited"",""Kinglead Trading"",""Phonide Electronics Limited""],""wmd"":""生物、化学、ミサイル B,C,M"",""conventional_weapons"":""""}"
Landa Ariya Electronic Co,landaariyaelectronicco,経済産業省 外国ユーザーリスト,c632d657f9c13b1250d688394eb7c99956a994527cb56f4a77c86ed61ff1dbda:548,https://www.meti.go.jp/policy/anpo/20250929_3.pdf,data/raw/meti_manual/20260905T201914Z__c632d657f9c1__20250929_3.pdf,2025-09-29,2025-10-09,2026-09-05T20:19:14Z,2026-09-05T20:19:14Z,1,c632d657f9c13b1250d688394eb7c99956a994527cb56f4a77c86ed61ff1dbda,"{""record_no"":548,""country"":""中国 People's Republic of China"",""aliases"":[""Landa Ariya Electronic Co. Ltd."",""Landa Electronic"",""Landa Electronics.""],""wmd"":""ミサイル M"",""conventional_weapons"":""""}"
"Liaoyang Carbon Co., Ltd.","liaoyangcarbonco.,ltd.",経済産業省 外国ユーザーリスト,c632d657f9c13b1250d688394eb7c99956a994527cb56f4a77c86ed61ff1dbda:549,https://www.meti.go.jp/policy/anpo/20250929_3.pdf,data/raw/meti_manual/20260905T201914Z__c632d657f9c1__20250929_3.pdf,2025-09-29,2025-10-09,2026-09-05T20:19:14Z,2026-09-05T20:19:14Z,1,c632d657f9c13b1250d688394eb7c99956a994527cb56f4a77c86ed61ff1dbda,"{""record_no"":549,""country"":""中国 People's Republic of China"",""aliases"":[],""wmd"":""ミサイル M"",""conventional_weapons"":""""}"
LIMMT Economic and Trade Company (LIMMT経貿公司),limmteconomicandtradecompany(limmt経貿公司),経済産業省 外国ユーザーリスト,c632d657f9c13b1250d688394eb7c99956a994527cb56f4a77c86ed61ff1dbda:550,https://www.meti.go.jp/policy/anpo/20250929_3.pdf,data/raw/meti_manual/20260905T201914Z__c632d657f9c1__20250929_3.pdf,2025-09-29,2025-10-09,2026-09-05T20:19:14Z,2026-09-05T20:19:14Z,1,c632d657f9c13b1250d688394eb7c99956a994527cb56f4a77c86ed61ff1dbda,"{""record_no"":550,""country"":""中国 People's Republic of China"",""aliases"":[""Ansi Metallurgy Industry Co. Ltd."",""Blue Sky Industry Corporation"",""Dalian Carbon Co. Ltd."",""Dalian Sunny Industries"",""Dalian Sunny Industry & Trade Co., Ltd."",""Liaoning Industry & Trade Co., Ltd."",""LIMMT (Dalian) Economic and Trade Organization"",""LIMMT (Dalian) Metallurgy and Minerals Co."",""LIMMT (Dalian) Metallurgy and Minerals Co., Ltd."",""LIMMT (Dalian FTZ) Metallurgy and Minerals Co., Ltd."",""LIMMT (Dalian FTZ) Minmetals and Metallurgy Co., Ltd."",""SC (Dalian) Industry & Trade Co., Ltd."",""Sino Metallurgy & Minmetals Industry Co., Ltd."",""Wealthy Ocean Enterprises Ltd.""],""wmd"":""ミサイル M"",""conventional_weapons"":""""}"
MINGZHENG INTERNATIONAL TRADING LIMITED （明正国际贸易有限公司）,mingzhenginternationaltradinglimited(明正国际贸易有限公司),経済産業省 外国ユーザーリスト,c632d657f9c13b1250d688394eb7c99956a994527cb56f4a77c86ed61ff1dbda:551,https://www.meti.go.jp/policy/anpo/20250929_3.pdf,data/raw/meti_manual/20260905T201914Z__c632d657f9c1__20250929_3.pdf,2025-09-29,2025-10-09,2026-09-05T20:19:14Z,2026-09-05T20:19:14Z,1,c632d657f9c13b1250d688394eb7c99956a994527cb56f4a77c86ed61ff1dbda,"{""record_no"":551,""country"":""中国 People's Republic of China"",""aliases"":[],""wmd"":""生物、化学、ミサイル、核 B,C,M,N"",""conventional_weapons"":""通常兵器 CW""}"
MTTO Industry and Trade Limited,mttoindustryandtradelimited,経済産業省 外国ユーザーリスト,c632d657f9c13b1250d688394eb7c99956a994527cb56f4a77c86ed61ff1dbda:552,https://www.meti.go.jp/policy/anpo/20250929_3.pdf,data/raw/meti_manual/20260905T201914Z__c632d657f9c1__20250929_3.pdf,2025-09-29,2025-10-09,2026-09-05T20:19:14Z,2026-09-05T20:19:14Z,1,c632d657f9c13b1250d688394eb7c99956a994527cb56f4a77c86ed61ff1dbda,"{""record_no"":552,""country"":""中国 People's Republic of China"",""aliases"":[],""wmd"":""ミサイル M"",""conventional_weapons"":""""}"
National University of Defense Technology (NUDT) (国防科学技術大学),nationaluniversityofdefensetechnology(nudt)(国防科学技術大学),経済産業省 外国ユーザーリスト,c632d657f9c13b1250d688394eb7c99956a994527cb56f4a77c86ed61ff1dbda:553,https://www.meti.go.jp/policy/anpo/20250929_3.pdf,data/raw/meti_manual/20260905T201914Z__c632d657f9c1__20250929_3.pdf,2025-09-29,2025-10-09,2026-09-05T20:19:14Z,2026-09-05T20:19:14Z,1,c632d657f9c13b1250d688394eb7c99956a994527cb56f4a77c86ed61ff1dbda,"{""record_no"":553,""country"":""中国 People's Republic of China"",""aliases"":[],""wmd"":""ミサイル、核 M,N"",""conventional_weapons"":""通常兵器 CW""}"
Nanjing Fiberglass Research and Design Institute （南京玻璃繊維研究設計院有限公司）,nanjingfiberglassresearchanddesigninstitute(南京玻璃繊維研究設計院有限公司),経済産業省 外国ユーザーリスト,c632d657f9c13b1250d688394eb7c99956a994527cb56f4a77c86ed61ff1dbda:554,https://www.meti.go.jp/policy/anpo/20250929_3.pdf,data/raw/meti_manual/20260905T201914Z__c632d657f9c1__20250929_3.pdf,2025-09-29,2025-10-09,2026-09-05T20:19:14Z,2026-09-05T20:19:14Z,1,c632d657f9c13b1250d688394eb7c99956a994527cb56f4a77c86ed61ff1dbda,"{""record_no"":554,""country"":""中国 People's Republic of China"",""aliases"":[""NRDI"",""Nanjing Fiberglass Research""],""wmd"":"""",""conventional_weapons"":""通常兵器 CW""}"
Nanjing University of Aeronautics and Astronautics (NUAA) （南京航空航天大学）,nanjinguniversityofaeronauticsandastronautics(nuaa)(南京航空航天大学),経済産業省 外国ユーザーリスト,c632d657f9c13b1250d688394eb7c99956a994527cb56f4a77c86ed61ff1dbda:555,https://www.meti.go.jp/policy/anpo/20250929_3.pdf,data/raw/meti_manual/20260905T201914Z__c632d657f9c1__20250929_3.pdf,2025-09-29,2025-10-09,2026-09-05T20:19:14Z,2026-09-05T20:19:14Z,1,c632d657f9c13b1250d688394eb7c99956a994527cb56f4a77c86ed61ff1dbda,"{""record_no"":555,""country"":""中国 People's Republic of China"",""aliases"":[],""wmd"":""ミサイル、核 M、N"",""conventional_weapons"":""通常兵器 CW""}"
Nanjing University of Science and Technology（NUST） （南京理工大学）,nanjinguniversityofscienceandtechnology(nust)(南京理工大学),経済産業省 外国ユーザーリスト,c632d657f9c13b1250d688394eb7c99956a994527cb56f4a77c86ed61ff1dbda:556,https://www.meti.go.jp/policy/anpo/20250929_3.pdf,data/raw/meti_manual/20260905T201914Z__c632d657f9c1__20250929_3.pdf,2025-09-29,2025-10-09,2026-09-05T20:19:14Z,2026-09-05T20:19:14Z,1,c632d657f9c13b1250d688394eb7c99956a994527cb56f4a77c86ed61ff1dbda,"{""record_no"":556,""country"":""中国 People's Republic of China"",""aliases"":[],""wmd"":"""",""conventional_weapons"":""通常兵器 CW""}"
"Ningbo New Century Import and Export Company, Ltd. (寧波新世紀進出口有限公司)","ningbonewcenturyimportandexportcompany,ltd.(寧波新世紀進出口有限公司)",経済産業省 外国ユーザーリスト,c632d657f9c13b1250d688394eb7c99956a994527cb56f4a77c86ed61ff1dbda:557,https://www.meti.go.jp/policy/anpo/20250929_3.pdf,data/raw/meti_manual/20260905T201914Z__c632d657f9c1__20250929_3.pdf,2025-09-29,2025-10-09,2026-09-05T20:19:14Z,2026-09-05T20:19:14Z,1,c632d657f9c13b1250d688394eb7c99956a994527cb56f4a77c86ed61ff1dbda,"{""record_no"":557,""country"":""中国 People's Republic of China"",""aliases"":[""New Century Import and Export Co. Ltd""],""wmd"":""ミサイル M"",""conventional_weapons"":""""}"
No. 35 Research Institute of the Third Academy of China Aerospace Science and Industry Corporation (CASIC),no.35researchinstituteofthethirdacademyofchinaaerospacescienceandindustrycorporation(casic),経済産業省 外国ユーザーリスト,c632d657f9c13b1250d688394eb7c99956a994527cb56f4a77c86ed61ff1dbda:558,https://www.meti.go.jp/policy/anpo/20250929_3.pdf,data/raw/meti_manual/20260905T201914Z__c632d657f9c1__20250929_3.pdf,2025-09-29,2025-10-09,2026-09-05T20:19:14Z,2026-09-05T20:19:14Z,1,c632d657f9c13b1250d688394eb7c99956a994527cb56f4a77c86ed61ff1dbda,"{""record_no"":558,""country"":""中国 People's Republic of China"",""aliases"":[""35 Institute"",""Huahang Institute of Radio Measurement""],""wmd"":""ミサイル M"",""conventional_weapons"":""通常兵器 CW""}"
Northwestern Polytechnical University（NPU） (西北工業大学),northwesternpolytechnicaluniversity(npu)(西北工業大学),経済産業省 外国ユーザーリスト,c632d657f9c13b1250d688394eb7c99956a994527cb56f4a77c86ed61ff1dbda:559,https://www.meti.go.jp/policy/anpo/20250929_3.pdf,data/raw/meti_manual/20260905T201914Z__c632d657f9c1__20250929_3.pdf,2025-09-29,2025-10-09,2026-09-05T20:19:14Z,2026-09-05T20:19:14Z,1,c632d657f9c13b1250d688394eb7c99956a994527cb56f4a77c86ed61ff1dbda,"{""record_no"":559,""country"":""中国 People's Republic of China"",""aliases"":[""Northwest Polytechnic University"",""Northwest Polytechnical University"",""Northwestern Polytechnic University""],""wmd"":""ミサイル M"",""conventional_weapons"":""通常兵器 CW""}"
Nuclear Power Institute of China (NPIC) （中国核動力研究設計院）,nuclearpowerinstituteofchina(npic)(中国核動力研究設計院),経済産業省 外国ユーザーリスト,c632d657f9c13b1250d688394eb7c99956a994527cb56f4a77c86ed61ff1dbda:560,https://www.meti.go.jp/policy/anpo/20250929_3.pdf,data/raw/meti_manual/20260905T201914Z__c632d657f9c1__20250929_3.pdf,2025-09-29,2025-10-09,2026-09-05T20:19:14Z,2026-09-05T20:19:14Z,1,c632d657f9c13b1250d688394eb7c99956a994527cb56f4a77c86ed61ff1dbda,"{""record_no"":560,""country"":""中国 People's Republic of China"",""aliases"":[""China Nuclear Power Research Institute""],""wmd"":""核 N"",""conventional_weapons"":""通常兵器 CW""}"
Oriental Logistics Group LTD,orientallogisticsgroupltd,経済産業省 外国ユーザーリスト,c632d657f9c13b1250d688394eb7c99956a994527cb56f4a77c86ed61ff1dbda:561,https://www.meti.go.jp/policy/anpo/20250929_3.pdf,data/raw/meti_manual/20260905T201914Z__c632d657f9c1__20250929_3.pdf,2025-09-29,2025-10-09,2026-09-05T20:19:14Z,2026-09-05T20:19:14Z,1,c632d657f9c13b1250d688394eb7c99956a994527cb56f4a77c86ed61ff1dbda,"{""record_no"":561,""country"":""中国 People's Republic of China"",""aliases"":[""Oriental Air Transport Service Ltd""],""wmd"":""ミサイル M"",""conventional_weapons"":""""}"
Poly Asia Pacific Ltd.(PAPL),polyasiapacificltd.(papl),経済産業省 外国ユーザーリスト,c632d657f9c13b1250d688394eb7c99956a994527cb56f4a77c86ed61ff1dbda:562,https://www.meti.go.jp/policy/anpo/20250929_3.pdf,data/raw/meti_manual/20260905T201914Z__c632d657f9c1__20250929_3.pdf,2025-09-29,2025-10-09,2026-09-05T20:19:14Z,2026-09-05T20:19:14Z,1,c632d657f9c13b1250d688394eb7c99956a994527cb56f4a77c86ed61ff1dbda,"{""record_no"":562,""country"":""中国 People's Republic of China"",""aliases"":[""Beijing Oriental Vision Petroleum Technology Company Limited (OVTEK-P)""],""wmd"":""核 N"",""conventional_weapons"":""""}"
"Qianpu Technology Co., Ltd.","qianputechnologyco.,ltd.",経済産業省 外国ユーザーリスト,c632d657f9c13b1250d688394eb7c99956a994527cb56f4a77c86ed61ff1dbda:563,https://www.meti.go.jp/policy/anpo/20250929_3.pdf,data/raw/meti_manual/20260905T201914Z__c632d657f9c1__20250929_3.pdf,2025-09-29,2025-10-09,2026-09-05T20:19:14Z,2026-09-05T20:19:14Z,1,c632d657f9c13b1250d688394eb7c99956a994527cb56f4a77c86ed61ff1dbda,"{""record_no"":563,""country"":""中国 People's Republic of China"",""aliases"":[""Beijing JDK Electrical Equipment Business Center"",""Speedy Enterprise Ltd"",""Step Forward Group Ltd""],""wmd"":""ミサイル、核 M、N"",""conventional_weapons"":""""}"
"QINGDAO ZHONGRONGTONG TRADE DEVELOPMENT CO., LTD. （青岛中融通贸易发展有限公司）","qingdaozhongrongtongtradedevelopmentco.,ltd.(青岛中融通贸易发展有限公司)",経済産業省 外国ユーザーリスト,c632d657f9c13b1250d688394eb7c99956a994527cb56f4a77c86ed61ff1dbda:564,https://www.meti.go.jp/policy/anpo/20250929_3.pdf,data/raw/meti_manual/20260905T201914Z__c632d657f9c1__20250929_3.pdf,2025-09-29,2025-10-09,2026-09-05T20:19:14Z,2026-09-05T20:19:14Z,1,c632d657f9c13b1250d688394eb7c99956a994527cb56f4a77c86ed61ff1dbda,"{""record_no"":564,""country"":""中国 People's Republic of China"",""aliases"":[""QINGDAO ZHONGRONGTONG TRADING DEVELOPMENT CO., LTD.""],""wmd"":""ミサイル M"",""conventional_weapons"":""""}"
Raybeam Optronics Co. Ltd. （三河市戎邦光电设备股份有限公司）,raybeamoptronicsco.ltd.(三河市戎邦光电设备股份有限公司),経済産業省 外国ユーザーリスト,c632d657f9c13b1250d688394eb7c99956a994527cb56f4a77c86ed61ff1dbda:565,https://www.meti.go.jp/policy/anpo/20250929_3.pdf,data/raw/meti_manual/20260905T201914Z__c632d657f9c1__20250929_3.pdf,2025-09-29,2025-10-09,2026-09-05T20:19:14Z,2026-09-05T20:19:14Z,1,c632d657f9c13b1250d688394eb7c99956a994527cb56f4a77c86ed61ff1dbda,"{""record_no"":565,""country"":""中国 People's Republic of China"",""aliases"":[],""wmd"":""ミサイル M"",""conventional_weapons"":""""}"
"Raytronic Corporation, Limited",limitedraytroniccorporation,経済産業省 外国ユーザーリスト,c632d657f9c13b1250d688394eb7c99956a994527cb56f4a77c86ed61ff1dbda:566,https://www.meti.go.jp/policy/anpo/20250929_3.pdf,data/raw/meti_manual/20260905T201914Z__c632d657f9c1__20250929_3.pdf,2025-09-29,2025-10-09,2026-09-05T20:19:14Z,2026-09-05T20:19:14Z,1,c632d657f9c13b1250d688394eb7c99956a994527cb56f4a77c86ed61ff1dbda,"{""record_no"":566,""country"":""中国 People's Republic of China"",""aliases"":[],""wmd"":""ミサイル M"",""conventional_weapons"":""""}"
"SANMING SINO-EURO IMPORT AND EXPORT CO., LTD (三明市中伊欧进出⼝有限公司)","sanmingsino-euroimportandexportco.,ltd(三明市中伊欧进出口有限公司)",経済産業省 外国ユーザーリスト,c632d657f9c13b1250d688394eb7c99956a994527cb56f4a77c86ed61ff1dbda:567,https://www.meti.go.jp/policy/anpo/20250929_3.pdf,data/raw/meti_manual/20260905T201914Z__c632d657f9c1__20250929_3.pdf,2025-09-29,2025-10-09,2026-09-05T20:19:14Z,2026-09-05T20:19:14Z,1,c632d657f9c13b1250d688394eb7c99956a994527cb56f4a77c86ed61ff1dbda,"{""record_no"":567,""country"":""中国 People's Republic of China"",""aliases"":[],""wmd"":""核 N"",""conventional_weapons"":""""}"
"Shaanxi Heavy Duty Automobile Co., Ltd （陝西重型汽車有限公司）","shaanxiheavydutyautomobileco.,ltd(陝西重型汽車有限公司)",経済産業省 外国ユーザーリスト,c632d657f9c13b1250d688394eb7c99956a994527cb56f4a77c86ed61ff1dbda:568,https://www.meti.go.jp/policy/anpo/20250929_3.pdf,data/raw/meti_manual/20260905T201914Z__c632d657f9c1__20250929_3.pdf,2025-09-29,2025-10-09,2026-09-05T20:19:14Z,2026-09-05T20:19:14Z,1,c632d657f9c13b1250d688394eb7c99956a994527cb56f4a77c86ed61ff1dbda,"{""record_no"":568,""country"":""中国 People's Republic of China"",""aliases"":[],""wmd"":""ミサイル M"",""conventional_weapons"":""通常兵器 CW""}"
Shanghai Academy of Spaceflight Technology (SAST) (上海航天技術研究院),shanghaiacademyofspaceflighttechnology(sast)(上海航天技術研究院),経済産業省 外国ユーザーリスト,c632d657f9c13b1250d688394eb7c99956a994527cb56f4a77c86ed61ff1dbda:569,https://www.meti.go.jp/policy/anpo/20250929_3.pdf,data/raw/meti_manual/20260905T201914Z__c632d657f9c1__20250929_3.pdf,2025-09-29,2025-10-09,2026-09-05T20:19:14Z,2026-09-05T20:19:14Z,1,c632d657f9c13b1250d688394eb7c99956a994527cb56f4a77c86ed61ff1dbda,"{""record_no"":569,""country"":""中国 People's Republic of China"",""aliases"":[""8th Research Academy of China Aerospace Science and Technology Corporation (中国航天科技集団公司第八研究院)"",""Shanghai Astronautics Industry Bureau"",""Shanghai Bureau of Astronautics (SHBOA)"",""Shanghai Bureau of Space"",""上海新躍儀表厰""],""wmd"":""ミサイル M"",""conventional_weapons"":""通常兵器 CW""}"
Shanghai Aircraft Manufacturing Company (上海飛機製造有限公司),shanghaiaircraftmanufacturingcompany(上海飛機製造有限公司),経済産業省 外国ユーザーリスト,c632d657f9c13b1250d688394eb7c99956a994527cb56f4a77c86ed61ff1dbda:570,https://www.meti.go.jp/policy/anpo/20250929_3.pdf,data/raw/meti_manual/20260905T201914Z__c632d657f9c1__20250929_3.pdf,2025-09-29,2025-10-09,2026-09-05T20:19:14Z,2026-09-05T20:19:14Z,1,c632d657f9c13b1250d688394eb7c99956a994527cb56f4a77c86ed61ff1dbda,"{""record_no"":570,""country"":""中国 People's Republic of China"",""aliases"":[""SAMC"",""Shanghai Aircraft Manufacturing Co. Ltd.""],""wmd"":""ミサイル M"",""conventional_weapons"":""通常兵器 CW""}"
Shanghai Gang Quan Trade Co. (上海港泉商貿有限公司),shanghaigangquantradeco.(上海港泉商貿有限公司),経済産業省 外国ユーザーリスト,c632d657f9c13b1250d688394eb7c99956a994527cb56f4a77c86ed61ff1dbda:571,https://www.meti.go.jp/policy/anpo/20250929_3.pdf,data/raw/meti_manual/20260905T201914Z__c632d657f9c1__20250929_3.pdf,2025-09-29,2025-10-09,2026-09-05T20:19:14Z,2026-09-05T20:19:14Z,1,c632d657f9c13b1250d688394eb7c99956a994527cb56f4a77c86ed61ff1dbda,"{""record_no"":571,""country"":""中国 People's Republic of China"",""aliases"":[],""wmd"":""ミサイル M"",""conventional_weapons"":""""}"
Shanghai Institute of Space Power Sources (上海空間電源研究所),shanghaiinstituteofspacepowersources(上海空間電源研究所),経済産業省 外国ユーザーリスト,c632d657f9c13b1250d688394eb7c99956a994527cb56f4a77c86ed61ff1dbda:572,https://www.meti.go.jp/policy/anpo/20250929_3.pdf,data/raw/meti_manual/20260905T201914Z__c632d657f9c1__20250929_3.pdf,2025-09-29,2025-10-09,2026-09-05T20:19:14Z,2026-09-05T20:19:14Z,1,c632d657f9c13b1250d688394eb7c99956a994527cb56f4a77c86ed61ff1dbda,"{""record_no"":572,""country"":""中国 People's Republic of China"",""aliases"":[""811th Research Institute, 8th Academy, China Aerospace Science and Technology Corporation (CASC) (中国航天科技集団公司第八研究院第八一一研究所)"",""Shanghai Space Energy Research Institute"",""Shanghai Space Power Supply Research Institute""],""wmd"":""ミサイル M"",""conventional_weapons"":""通常兵器 CW""}"
Shanghai North Begins International (上海丙至国際貿易有限公司),shanghainorthbeginsinternational(上海丙至国際貿易有限公司),経済産業省 外国ユーザーリスト,c632d657f9c13b1250d688394eb7c99956a994527cb56f4a77c86ed61ff1dbda:573,https://www.meti.go.jp/policy/anpo/20250929_3.pdf,data/raw/meti_manual/20260905T201914Z__c632d657f9c1__20250929_3.pdf,2025-09-29,2025-10-09,2026-09-05T20:19:14Z,2026-09-05T20:19:14Z,1,c632d657f9c13b1250d688394eb7c99956a994527cb56f4a77c86ed61ff1dbda,"{""record_no"":573,""country"":""中国 People's Republic of China"",""aliases"":[""Shanghai Bingzhi Guoji Maoyi Youxian Gongsi""],""wmd"":""ミサイル M"",""conventional_weapons"":""""}"
Shanghai North Transway International Trading Co.,shanghainorthtranswayinternationaltradingco.,経済産業省 外国ユーザーリスト,c632d657f9c13b1250d688394eb7c99956a994527cb56f4a77c86ed61ff1dbda:574,https://www.meti.go.jp/policy/anpo/20250929_3.pdf,data/raw/meti_manual/20260905T201914Z__c632d657f9c1__20250929_3.pdf,2025-09-29,2025-10-09,2026-09-05T20:19:14Z,2026-09-05T20:19:14Z,1,c632d657f9c13b1250d688394eb7c99956a994527cb56f4a77c86ed61ff1dbda,"{""record_no"":574,""country"":""中国 People's Republic of China"",""aliases"":[],""wmd"":""ミサイル M"",""conventional_weapons"":""""}"
"Shanghai Tianhai Composite Cylinders Co., Ltd. （上海天海复合气瓶有限公司）","shanghaitianhaicompositecylindersco.,ltd.(上海天海复合气瓶有限公司)",経済産業省 外国ユーザーリスト,c632d657f9c13b1250d688394eb7c99956a994527cb56f4a77c86ed61ff1dbda:575,https://www.meti.go.jp/policy/anpo/20250929_3.pdf,data/raw/meti_manual/20260905T201914Z__c632d657f9c1__20250929_3.pdf,2025-09-29,2025-10-09,2026-09-05T20:19:14Z,2026-09-05T20:19:14Z,1,c632d657f9c13b1250d688394eb7c99956a994527cb56f4a77c86ed61ff1dbda,"{""record_no"":575,""country"":""中国 People's Republic of China"",""aliases"":[""上海天海複合気瓶有限公司""],""wmd"":""ミサイル M"",""conventional_weapons"":""""}"
"SHANGHAI PEOPLE'S INNOVATION INDUSTRIAL CO., LTD. （上海人创实业有限公司）","shanghaipeople'sinnovationindustrialco.,ltd.(上海人创实业有限公司)",経済産業省 外国ユーザーリスト,c632d657f9c13b1250d688394eb7c99956a994527cb56f4a77c86ed61ff1dbda:576,https://www.meti.go.jp/policy/anpo/20250929_3.pdf,data/raw/meti_manual/20260905T201914Z__c632d657f9c1__20250929_3.pdf,2025-09-29,2025-10-09,2026-09-05T20:19:14Z,2026-09-05T20:19:14Z,1,c632d657f9c13b1250d688394eb7c99956a994527cb56f4a77c86ed61ff1dbda,"{""record_no"":576,""country"":""中国 People's Republic of China"",""aliases"":[""上海人創実業有限公司""],""wmd"":""ミサイル M"",""conventional_weapons"":""""}"
"Shanghai Xinli Machine Factory Co., Ltd （上海新力機器廠有限公司）","shanghaixinlimachinefactoryco.,ltd(上海新力機器廠有限公司)",経済産業省 外国ユーザーリスト,c632d657f9c13b1250d688394eb7c99956a994527cb56f4a77c86ed61ff1dbda:577,https://www.meti.go.jp/policy/anpo/20250929_3.pdf,data/raw/meti_manual/20260905T201914Z__c632d657f9c1__20250929_3.pdf,2025-09-29,2025-10-09,2026-09-05T20:19:14Z,2026-09-05T20:19:14Z,1,c632d657f9c13b1250d688394eb7c99956a994527cb56f4a77c86ed61ff1dbda,"{""record_no"":577,""country"":""中国 People's Republic of China"",""aliases"":[""上海新力机器厂有限公司""],""wmd"":""ミサイル M"",""conventional_weapons"":""通常兵器 CW""}"
SHENZHEN CASPRO TECHNOLOGY CO.， LTD,"shenzhencasprotechnologyco.,ltd",経済産業省 外国ユーザーリスト,c632d657f9c13b1250d688394eb7c99956a994527cb56f4a77c86ed61ff1dbda:578,https://www.meti.go.jp/policy/anpo/20250929_3.pdf,data/raw/meti_manual/20260905T201914Z__c632d657f9c1__20250929_3.pdf,2025-09-29,2025-10-09,2026-09-05T20:19:14Z,2026-09-05T20:19:14Z,1,c632d657f9c13b1250d688394eb7c99956a994527cb56f4a77c86ed61ff1dbda,"{""record_no"":578,""country"":""中国 People's Republic of China"",""aliases"":[""CASPRO TECHNOLOGY CO., LIMITED"",""CASPRO TECHNOLOGY CO., LTD"",""CASPRO TECHNOLOGY LTD"",""SHENZHEN CASPRO TECHNOLOGY LTD.""],""wmd"":""ミサイル、核 M、N"",""conventional_weapons"":""""}"
"Shenzhen Iprogift Technology Co., Ltd","shenzheniprogifttechnologyco.,ltd",経済産業省 外国ユーザーリスト,c632d657f9c13b1250d688394eb7c99956a994527cb56f4a77c86ed61ff1dbda:579,https://www.meti.go.jp/policy/anpo/20250929_3.pdf,data/raw/meti_manual/20260905T201914Z__c632d657f9c1__20250929_3.pdf,2025-09-29,2025-10-09,2026-09-05T20:19:14Z,2026-09-05T20:19:14Z,1,c632d657f9c13b1250d688394eb7c99956a994527cb56f4a77c86ed61ff1dbda,"{""record_no"":579,""country"":""中国 People's Republic of China"",""aliases"":[""Iprogift Shenzhen Technology Co., Ltd."",""Shenzhen Iprogift Technology"",""Iprogift Shenzhen Technology""],""wmd"":""ミサイル M"",""conventional_weapons"":""""}"
SHENZHEN JIASIBO TECHNOLOGY CO.， LTD. （深圳嘉思博科技有限公司）,"shenzhenjiasibotechnologyco.,ltd.(深圳嘉思博科技有限公司)",経済産業省 外国ユーザーリスト,c632d657f9c13b1250d688394eb7c99956a994527cb56f4a77c86ed61ff1dbda:580,https://www.meti.go.jp/policy/anpo/20250929_3.pdf,data/raw/meti_manual/20260905T201914Z__c632d657f9c1__20250929_3.pdf,2025-09-29,2025-10-09,2026-09-05T20:19:14Z,2026-09-05T20:19:14Z,1,c632d657f9c13b1250d688394eb7c99956a994527cb56f4a77c86ed61ff1dbda,"{""record_no"":580,""country"":""中国 People's Republic of China"",""aliases"":[""SHENZHEN JIA SIBO SCIENCE AND TECHNOLOGY CO., LTD.""],""wmd"":""ミサイル、核 M、N"",""conventional_weapons"":""""}"
Shenzhen Shunjinxin Import & Export Co. Ltd,shenzhenshunjinxinimport&exportco.ltd,経済産業省 外国ユーザーリスト,c632d657f9c13b1250d688394eb7c99956a994527cb56f4a77c86ed61ff1dbda:581,https://www.meti.go.jp/policy/anpo/20250929_3.pdf,data/raw/meti_manual/20260905T201914Z__c632d657f9c1__20250929_3.pdf,2025-09-29,2025-10-09,2026-09-05T20:19:14Z,2026-09-05T20:19:14Z,1,c632d657f9c13b1250d688394eb7c99956a994527cb56f4a77c86ed61ff1dbda,"{""record_no"":581,""country"":""中国 People's Republic of China"",""aliases"":[""Shenzhen Shunjinxin IMP & Export Co. Ltd""],""wmd"":""ミサイル M"",""conventional_weapons"":""""}"
Shunji Electrinice Co. Ltd (深圳市顺吉电子科技有限公司),shunjielectriniceco.ltd(深圳市顺吉电子科技有限公司),経済産業省 外国ユーザーリスト,c632d657f9c13b1250d688394eb7c99956a994527cb56f4a77c86ed61ff1dbda:582,https://www.meti.go.jp/policy/anpo/20250929_3.pdf,data/raw/meti_manual/20260905T201914Z__c632d657f9c1__20250929_3.pdf,2025-09-29,2025-10-09,2026-09-05T20:19:14Z,2026-09-05T20:19:14Z,1,c632d657f9c13b1250d688394eb7c99956a994527cb56f4a77c86ed61ff1dbda,"{""record_no"":582,""country"":""中国 People's Republic of China"",""aliases"":[],""wmd"":""ミサイル M"",""conventional_weapons"":""""}"
Shvabe Opto-Electronics Co. LTD,shvabeopto-electronicsco.ltd,経済産業省 外国ユーザーリスト,c632d657f9c13b1250d688394eb7c99956a994527cb56f4a77c86ed61ff1dbda:583,https://www.meti.go.jp/policy/anpo/20250929_3.pdf,data/raw/meti_manual/20260905T201914Z__c632d657f9c1__20250929_3.pdf,2025-09-29,2025-10-09,2026-09-05T20:19:14Z,2026-09-05T20:19:14Z,1,c632d657f9c13b1250d688394eb7c99956a994527cb56f4a77c86ed61ff1dbda,"{""record_no"":583,""country"":""中国 People's Republic of China"",""aliases"":[""SHVABE OPTO-ELECTRONICS SHENZHEN CO., LTD"",""UOMZ MEIZHOU CO., LTD"",""SHVABE OPTO-ELECTRONICS MEIZHOU CO., LTD""],""wmd"":"""",""conventional_weapons"":""通常兵器 CW""}"
Sinotech Dalian Carbon and Graphite Manufacturing Corporation,sinotechdaliancarbonandgraphitemanufacturingcorporation,経済産業省 外国ユーザーリスト,c632d657f9c13b1250d688394eb7c99956a994527cb56f4a77c86ed61ff1dbda:584,https://www.meti.go.jp/policy/anpo/20250929_3.pdf,data/raw/meti_manual/20260905T201914Z__c632d657f9c1__20250929_3.pdf,2025-09-29,2025-10-09,2026-09-05T20:19:14Z,2026-09-05T20:19:14Z,1,c632d657f9c13b1250d688394eb7c99956a994527cb56f4a77c86ed61ff1dbda,"{""record_no"":584,""country"":""中国 People's Republic of China"",""aliases"":[],""wmd"":""ミサイル M"",""conventional_weapons"":""""}"
"Sinotech Industry Co., Ltd.","sinotechindustryco.,ltd.",経済産業省 外国ユーザーリスト,c632d657f9c13b1250d688394eb7c99956a994527cb56f4a77c86ed61ff1dbda:585,https://www.meti.go.jp/policy/anpo/20250929_3.pdf,data/raw/meti_manual/20260905T201914Z__c632d657f9c1__20250929_3.pdf,2025-09-29,2025-10-09,2026-09-05T20:19:14Z,2026-09-05T20:19:14Z,1,c632d657f9c13b1250d688394eb7c99956a994527cb56f4a77c86ed61ff1dbda,"{""record_no"":585,""country"":""中国 People's Republic of China"",""aliases"":[],""wmd"":""ミサイル M"",""conventional_weapons"":""""}"
"Sinno Electronics Co., Ltd.","sinnoelectronicsco.,ltd.",経済産業省 外国ユーザーリスト,c632d657f9c13b1250d688394eb7c99956a994527cb56f4a77c86ed61ff1dbda:586,https://www.meti.go.jp/policy/anpo/20250929_3.pdf,data/raw/meti_manual/20260905T201914Z__c632d657f9c1__20250929_3.pdf,2025-09-29,2025-10-09,2026-09-05T20:19:14Z,2026-09-05T20:19:14Z,1,c632d657f9c13b1250d688394eb7c99956a994527cb56f4a77c86ed61ff1dbda,"{""record_no"":586,""country"":""中国 People's Republic of China"",""aliases"":[""Xinnuo Electronic Technology."",""SINNO ELECTRONICS CO., LIMITED"",""信諾電子科技有限公司""],""wmd"":"""",""conventional_weapons"":""通常兵器 CW""}"
Sky Rise Technology Ltd.,skyrisetechnologyltd.,経済産業省 外国ユーザーリスト,c632d657f9c13b1250d688394eb7c99956a994527cb56f4a77c86ed61ff1dbda:587,https://www.meti.go.jp/policy/anpo/20250929_3.pdf,data/raw/meti_manual/20260905T201914Z__c632d657f9c1__20250929_3.pdf,2025-09-29,2025-10-09,2026-09-05T20:19:14Z,2026-09-05T20:19:14Z,1,c632d657f9c13b1250d688394eb7c99956a994527cb56f4a77c86ed61ff1dbda,"{""record_no"":587,""country"":""中国 People's Republic of China"",""aliases"":[""Sky Rise Tech""],""wmd"":""ミサイル M"",""conventional_weapons"":""""}"
Success Move Ltd.,successmoveltd.,経済産業省 外国ユーザーリスト,c632d657f9c13b1250d688394eb7c99956a994527cb56f4a77c86ed61ff1dbda:588,https://www.meti.go.jp/policy/anpo/20250929_3.pdf,data/raw/meti_manual/20260905T201914Z__c632d657f9c1__20250929_3.pdf,2025-09-29,2025-10-09,2026-09-05T20:19:14Z,2026-09-05T20:19:14Z,1,c632d657f9c13b1250d688394eb7c99956a994527cb56f4a77c86ed61ff1dbda,"{""record_no"":588,""country"":""中国 People's Republic of China"",""aliases"":[],""wmd"":""ミサイル M"",""conventional_weapons"":""""}"
"Sunway Tech Co., Ltd （北京旭润科技有限公司 ）","sunwaytechco.,ltd(北京旭润科技有限公司)",経済産業省 外国ユーザーリスト,c632d657f9c13b1250d688394eb7c99956a994527cb56f4a77c86ed61ff1dbda:589,https://www.meti.go.jp/policy/anpo/20250929_3.pdf,data/raw/meti_manual/20260905T201914Z__c632d657f9c1__20250929_3.pdf,2025-09-29,2025-10-09,2026-09-05T20:19:14Z,2026-09-05T20:19:14Z,1,c632d657f9c13b1250d688394eb7c99956a994527cb56f4a77c86ed61ff1dbda,"{""record_no"":589,""country"":""中国 People's Republic of China"",""aliases"":[],""wmd"":""ミサイル M"",""conventional_weapons"":""""}"
"SUZHOU A-ONE SPECIAL ALLOY CO., LTD. (苏州埃⽂特种合⾦有限公司)","suzhoua-onespecialalloyco.,ltd.(苏州埃文特种合金有限公司)",経済産業省 外国ユーザーリスト,c632d657f9c13b1250d688394eb7c99956a994527cb56f4a77c86ed61ff1dbda:590,https://www.meti.go.jp/policy/anpo/20250929_3.pdf,data/raw/meti_manual/20260905T201914Z__c632d657f9c1__20250929_3.pdf,2025-09-29,2025-10-09,2026-09-05T20:19:14Z,2026-09-05T20:19:14Z,1,c632d657f9c13b1250d688394eb7c99956a994527cb56f4a77c86ed61ff1dbda,"{""record_no"":590,""country"":""中国 People's Republic of China"",""aliases"":[""SUZHOU AIWEN SPECIAL ALLOY CO., LTD.""],""wmd"":""核 N"",""conventional_weapons"":""""}"
"SUZHOU ZHONGSHENG MAGNETIC INDUSTRY CO., LTD. (苏州中盛磁业有限公司)","suzhouzhongshengmagneticindustryco.,ltd.(苏州中盛磁业有限公司)",経済産業省 外国ユーザーリスト,c632d657f9c13b1250d688394eb7c99956a994527cb56f4a77c86ed61ff1dbda:591,https://www.meti.go.jp/policy/anpo/20250929_3.pdf,data/raw/meti_manual/20260905T201914Z__c632d657f9c1__20250929_3.pdf,2025-09-29,2025-10-09,2026-09-05T20:19:14Z,2026-09-05T20:19:14Z,1,c632d657f9c13b1250d688394eb7c99956a994527cb56f4a77c86ed61ff1dbda,"{""record_no"":591,""country"":""中国 People's Republic of China"",""aliases"":[""SUZHOU ZHONGSHENG MAGNETIC COMPANY LIMITED""],""wmd"":""核 N"",""conventional_weapons"":""""}"
S&C TRADE PTY CO.， LTD,"s&ctradeptyco.,ltd",経済産業省 外国ユーザーリスト,c632d657f9c13b1250d688394eb7c99956a994527cb56f4a77c86ed61ff1dbda:592,https://www.meti.go.jp/policy/anpo/20250929_3.pdf,data/raw/meti_manual/20260905T201914Z__c632d657f9c1__20250929_3.pdf,2025-09-29,2025-10-09,2026-09-05T20:19:14Z,2026-09-05T20:19:14Z,1,c632d657f9c13b1250d688394eb7c99956a994527cb56f4a77c86ed61ff1dbda,"{""record_no"":592,""country"":""中国 People's Republic of China"",""aliases"":[""S AND C TRADE PTY CO., LTD"",""S AND C TRADE PTY LTD"",""S&C TRADE PTY LTD""],""wmd"":""ミサイル、核 M、N"",""conventional_weapons"":""""}"
Tereal Industry and Trade Limited,terealindustryandtradelimited,経済産業省 外国ユーザーリスト,c632d657f9c13b1250d688394eb7c99956a994527cb56f4a77c86ed61ff1dbda:593,https://www.meti.go.jp/policy/anpo/20250929_3.pdf,data/raw/meti_manual/20260905T201914Z__c632d657f9c1__20250929_3.pdf,2025-09-29,2025-10-09,2026-09-05T20:19:14Z,2026-09-05T20:19:14Z,1,c632d657f9c13b1250d688394eb7c99956a994527cb56f4a77c86ed61ff1dbda,"{""record_no"":593,""country"":""中国 People's Republic of China"",""aliases"":[],""wmd"":""ミサイル M"",""conventional_weapons"":""""}"
"Tianniao High Technology Co., Ltd. （江蘇天鳥高新技術有限責任公司）","tianniaohightechnologyco.,ltd.(江蘇天鳥高新技術有限責任公司)",経済産業省 外国ユーザーリスト,c632d657f9c13b1250d688394eb7c99956a994527cb56f4a77c86ed61ff1dbda:594,https://www.meti.go.jp/policy/anpo/20250929_3.pdf,data/raw/meti_manual/20260905T201914Z__c632d657f9c1__20250929_3.pdf,2025-09-29,2025-10-09,2026-09-05T20:19:14Z,2026-09-05T20:19:14Z,1,c632d657f9c13b1250d688394eb7c99956a994527cb56f4a77c86ed61ff1dbda,"{""record_no"":594,""country"":""中国 People's Republic of China"",""aliases"":[],""wmd"":""ミサイル M"",""conventional_weapons"":""通常兵器 CW""}"
University of Electronic Science and Technology of China (UESTC) (電子科技大学),universityofelectronicscienceandtechnologyofchina(uestc)(電子科技大学),経済産業省 外国ユーザーリスト,c632d657f9c13b1250d688394eb7c99956a994527cb56f4a77c86ed61ff1dbda:595,https://www.meti.go.jp/policy/anpo/20250929_3.pdf,data/raw/meti_manual/20260905T201914Z__c632d657f9c1__20250929_3.pdf,2025-09-29,2025-10-09,2026-09-05T20:19:14Z,2026-09-05T20:19:14Z,1,c632d657f9c13b1250d688394eb7c99956a994527cb56f4a77c86ed61ff1dbda,"{""record_no"":595,""country"":""中国 People's Republic of China"",""aliases"":[],""wmd"":""化学、ミサイル C,M"",""conventional_weapons"":""""}"
"VOHOM TECHNOLOGY HK CO., LIMITED （華弘科技香港有限公司）",limited(華弘科技香港有限公司)vohomtechnologyhkco.,経済産業省 外国ユーザーリスト,c632d657f9c13b1250d688394eb7c99956a994527cb56f4a77c86ed61ff1dbda:596,https://www.meti.go.jp/policy/anpo/20250929_3.pdf,data/raw/meti_manual/20260905T201914Z__c632d657f9c1__20250929_3.pdf,2025-09-29,2025-10-09,2026-09-05T20:19:14Z,2026-09-05T20:19:14Z,1,c632d657f9c13b1250d688394eb7c99956a994527cb56f4a77c86ed61ff1dbda,"{""record_no"":596,""country"":""中国 People's Republic of China"",""aliases"":[],""wmd"":""ミサイル、核 M、N"",""conventional_weapons"":""""}"
Wuhan Sanjiang Import and Export Co. Ltd,wuhansanjiangimportandexportco.ltd,経済産業省 外国ユーザーリスト,c632d657f9c13b1250d688394eb7c99956a994527cb56f4a77c86ed61ff1dbda:597,https://www.meti.go.jp/policy/anpo/20250929_3.pdf,data/raw/meti_manual/20260905T201914Z__c632d657f9c1__20250929_3.pdf,2025-09-29,2025-10-09,2026-09-05T20:19:14Z,2026-09-05T20:19:14Z,1,c632d657f9c13b1250d688394eb7c99956a994527cb56f4a77c86ed61ff1dbda,"{""record_no"":597,""country"":""中国 People's Republic of China"",""aliases"":[""Wuhan Longhua Weiye Industry and Trade Co., Ltd"",""Wuhan Sanjiang Imp. & Exp. Co. Ltd."",""WSIEC""],""wmd"":""ミサイル M"",""conventional_weapons"":""通常兵器 CW""}"
"Xinghe Xingyong Carbon Co., Ltd.","xinghexingyongcarbonco.,ltd.",経済産業省 外国ユーザーリスト,c632d657f9c13b1250d688394eb7c99956a994527cb56f4a77c86ed61ff1dbda:598,https://www.meti.go.jp/policy/anpo/20250929_3.pdf,data/raw/meti_manual/20260905T201914Z__c632d657f9c1__20250929_3.pdf,2025-09-29,2025-10-09,2026-09-05T20:19:14Z,2026-09-05T20:19:14Z,1,c632d657f9c13b1250d688394eb7c99956a994527cb56f4a77c86ed61ff1dbda,"{""record_no"":598,""country"":""中国 People's Republic of China"",""aliases"":[],""wmd"":""ミサイル M"",""conventional_weapons"":""""}"
YINKE HK ELECTRONICS COMPANY LIMITED （盈科香港電子有限公司）,yinkehkelectronicscompanylimited(盈科香港電子有限公司),経済産業省 外国ユーザーリスト,c632d657f9c13b1250d688394eb7c99956a994527cb56f4a77c86ed61ff1dbda:599,https://www.meti.go.jp/policy/anpo/20250929_3.pdf,data/raw/meti_manual/20260905T201914Z__c632d657f9c1__20250929_3.pdf,2025-09-29,2025-10-09,2026-09-05T20:19:14Z,2026-09-05T20:19:14Z,1,c632d657f9c13b1250d688394eb7c99956a994527cb56f4a77c86ed61ff1dbda,"{""record_no"":599,""country"":""中国 People's Republic of China"",""aliases"":[""YINKE ELECTRONICS CO., LTD""],""wmd"":""ミサイル、核 M、N"",""conventional_weapons"":""""}"
"ZHEJIANG QINGJI IND. CO., LTD （浙江轻机实业有限公司）","zhejiangqingjiind.co.,ltd(浙江轻机实业有限公司)",経済産業省 外国ユーザーリスト,c632d657f9c13b1250d688394eb7c99956a994527cb56f4a77c86ed61ff1dbda:600,https://www.meti.go.jp/policy/anpo/20250929_3.pdf,data/raw/meti_manual/20260905T201914Z__c632d657f9c1__20250929_3.pdf,2025-09-29,2025-10-09,2026-09-05T20:19:14Z,2026-09-05T20:19:14Z,1,c632d657f9c13b1250d688394eb7c99956a994527cb56f4a77c86ed61ff1dbda,"{""record_no"":600,""country"":""中国 People's Republic of China"",""aliases"":[""ZHEJIANG LIGHT MACHINERY INDUSTRY CO., LTD."",""ZHEJIANG QINGJI INDUSTRIAL CO., LTD.""],""wmd"":""ミサイル M"",""conventional_weapons"":""""}"
Zibo Shenbo Machinelectronics Co Ltd （淄博申博机电有限公司）,ziboshenbomachinelectronicscoltd(淄博申博机电有限公司),経済産業省 外国ユーザーリスト,c632d657f9c13b1250d688394eb7c99956a994527cb56f4a77c86ed61ff1dbda:601,https://www.meti.go.jp/policy/anpo/20250929_3.pdf,data/raw/meti_manual/20260905T201914Z__c632d657f9c1__20250929_3.pdf,2025-09-29,2025-10-09,2026-09-05T20:19:14Z,2026-09-05T20:19:14Z,1,c632d657f9c13b1250d688394eb7c99956a994527cb56f4a77c86ed61ff1dbda,"{""record_no"":601,""country"":""中国 People's Republic of China"",""aliases"":[""ZIBO SHENBO ELECTROMECHANICAL CO LTD""],""wmd"":""ミサイル M"",""conventional_weapons"":""""}"
Advanced Engineering Research Organization (AERO),advancedengineeringresearchorganization(aero),経済産業省 外国ユーザーリスト,c632d657f9c13b1250d688394eb7c99956a994527cb56f4a77c86ed61ff1dbda:602,https://www.meti.go.jp/policy/anpo/20250929_3.pdf,data/raw/meti_manual/20260905T201914Z__c632d657f9c1__20250929_3.pdf,2025-09-29,2025-10-09,2026-09-05T20:19:14Z,2026-09-05T20:19:14Z,1,c632d657f9c13b1250d688394eb7c99956a994527cb56f4a77c86ed61ff1dbda,"{""record_no"":602,""country"":""パキスタン Islamic Republic of Pakistan"",""aliases"":[""Advance Engineering Research Organization"",""Advanced Engineering Research Organisation""],""wmd"":""ミサイル M"",""conventional_weapons"":""""}"
Advance Multicom,advancemulticom,経済産業省 外国ユーザーリスト,c632d657f9c13b1250d688394eb7c99956a994527cb56f4a77c86ed61ff1dbda:603,https://www.meti.go.jp/policy/anpo/20250929_3.pdf,data/raw/meti_manual/20260905T201914Z__c632d657f9c1__20250929_3.pdf,2025-09-29,2025-10-09,2026-09-05T20:19:14Z,2026-09-05T20:19:14Z,1,c632d657f9c13b1250d688394eb7c99956a994527cb56f4a77c86ed61ff1dbda,"{""record_no"":603,""country"":""パキスタン Islamic Republic of Pakistan"",""aliases"":[],""wmd"":""核 N"",""conventional_weapons"":""""}"
Ahad International,ahadinternational,経済産業省 外国ユーザーリスト,c632d657f9c13b1250d688394eb7c99956a994527cb56f4a77c86ed61ff1dbda:604,https://www.meti.go.jp/policy/anpo/20250929_3.pdf,data/raw/meti_manual/20260905T201914Z__c632d657f9c1__20250929_3.pdf,2025-09-29,2025-10-09,2026-09-05T20:19:14Z,2026-09-05T20:19:14Z,1,c632d657f9c13b1250d688394eb7c99956a994527cb56f4a77c86ed61ff1dbda,"{""record_no"":604,""country"":""パキスタン Islamic Republic of Pakistan"",""aliases"":[],""wmd"":""生物、化学、ミサイル、核 B,C,M,N"",""conventional_weapons"":""""}"
Air Weapons Complex (AWC),airweaponscomplex(awc),経済産業省 外国ユーザーリスト,c632d657f9c13b1250d688394eb7c99956a994527cb56f4a77c86ed61ff1dbda:605,https://www.meti.go.jp/policy/anpo/20250929_3.pdf,data/raw/meti_manual/20260905T201914Z__c632d657f9c1__20250929_3.pdf,2025-09-29,2025-10-09,2026-09-05T20:19:14Z,2026-09-05T20:19:14Z,1,c632d657f9c13b1250d688394eb7c99956a994527cb56f4a77c86ed61ff1dbda,"{""record_no"":605,""country"":""パキスタン Islamic Republic of Pakistan"",""aliases"":[],""wmd"":""ミサイル M"",""conventional_weapons"":""""}"
Akhtar & Munir,akhtar&munir,経済産業省 外国ユーザーリスト,c632d657f9c13b1250d688394eb7c99956a994527cb56f4a77c86ed61ff1dbda:606,https://www.meti.go.jp/policy/anpo/20250929_3.pdf,data/raw/meti_manual/20260905T201914Z__c632d657f9c1__20250929_3.pdf,2025-09-29,2025-10-09,2026-09-05T20:19:14Z,2026-09-05T20:19:14Z,1,c632d657f9c13b1250d688394eb7c99956a994527cb56f4a77c86ed61ff1dbda,"{""record_no"":606,""country"":""パキスタン Islamic Republic of Pakistan"",""aliases"":[""Aimtech Trading Co.""],""wmd"":""核 N"",""conventional_weapons"":""""}"
"Al Technique Corporation of Pakistan, Ltd. (ATCOP)","altechniquecorporationofpakistan,ltd.(atcop)",経済産業省 外国ユーザーリスト,c632d657f9c13b1250d688394eb7c99956a994527cb56f4a77c86ed61ff1dbda:607,https://www.meti.go.jp/policy/anpo/20250929_3.pdf,data/raw/meti_manual/20260905T201914Z__c632d657f9c1__20250929_3.pdf,2025-09-29,2025-10-09,2026-09-05T20:19:14Z,2026-09-05T20:19:14Z,1,c632d657f9c13b1250d688394eb7c99956a994527cb56f4a77c86ed61ff1dbda,"{""record_no"":607,""country"":""パキスタン Islamic Republic of Pakistan"",""aliases"":[""Al-Technique Corporation of Pakistan (Pvt) Ltd.""],""wmd"":""核 N"",""conventional_weapons"":""""}"
Allied Trading Co.,alliedtradingco.,経済産業省 外国ユーザーリスト,c632d657f9c13b1250d688394eb7c99956a994527cb56f4a77c86ed61ff1dbda:608,https://www.meti.go.jp/policy/anpo/20250929_3.pdf,data/raw/meti_manual/20260905T201914Z__c632d657f9c1__20250929_3.pdf,2025-09-29,2025-10-09,2026-09-05T20:19:14Z,2026-09-05T20:19:14Z,1,c632d657f9c13b1250d688394eb7c99956a994527cb56f4a77c86ed61ff1dbda,"{""record_no"":608,""country"":""パキスタン Islamic Republic of Pakistan"",""aliases"":[""Allied Engineering and Trading Company Ltd."",""UCB Arcade""],""wmd"":""ミサイル、核 M,N"",""conventional_weapons"":""""}"
Blue Chip International,bluechipinternational,経済産業省 外国ユーザーリスト,c632d657f9c13b1250d688394eb7c99956a994527cb56f4a77c86ed61ff1dbda:609,https://www.meti.go.jp/policy/anpo/20250929_3.pdf,data/raw/meti_manual/20260905T201914Z__c632d657f9c1__20250929_3.pdf,2025-09-29,2025-10-09,2026-09-05T20:19:14Z,2026-09-05T20:19:14Z,1,c632d657f9c13b1250d688394eb7c99956a994527cb56f4a77c86ed61ff1dbda,"{""record_no"":609,""country"":""パキスタン Islamic Republic of Pakistan"",""aliases"":[],""wmd"":""ミサイル、核 M,N"",""conventional_weapons"":""""}"
Broad Engineering,broadengineering,経済産業省 外国ユーザーリスト,c632d657f9c13b1250d688394eb7c99956a994527cb56f4a77c86ed61ff1dbda:610,https://www.meti.go.jp/policy/anpo/20250929_3.pdf,data/raw/meti_manual/20260905T201914Z__c632d657f9c1__20250929_3.pdf,2025-09-29,2025-10-09,2026-09-05T20:19:14Z,2026-09-05T20:19:14Z,1,c632d657f9c13b1250d688394eb7c99956a994527cb56f4a77c86ed61ff1dbda,"{""record_no"":610,""country"":""パキスタン Islamic Republic of Pakistan"",""aliases"":[],""wmd"":""ミサイル M"",""conventional_weapons"":""""}"
Busan International,busaninternational,経済産業省 外国ユーザーリスト,c632d657f9c13b1250d688394eb7c99956a994527cb56f4a77c86ed61ff1dbda:611,https://www.meti.go.jp/policy/anpo/20250929_3.pdf,data/raw/meti_manual/20260905T201914Z__c632d657f9c1__20250929_3.pdf,2025-09-29,2025-10-09,2026-09-05T20:19:14Z,2026-09-05T20:19:14Z,1,c632d657f9c13b1250d688394eb7c99956a994527cb56f4a77c86ed61ff1dbda,"{""record_no"":611,""country"":""パキスタン Islamic Republic of Pakistan"",""aliases"":[],""wmd"":""核 N"",""conventional_weapons"":""""}"
Business Empire International,businessempireinternational,経済産業省 外国ユーザーリスト,c632d657f9c13b1250d688394eb7c99956a994527cb56f4a77c86ed61ff1dbda:612,https://www.meti.go.jp/policy/anpo/20250929_3.pdf,data/raw/meti_manual/20260905T201914Z__c632d657f9c1__20250929_3.pdf,2025-09-29,2025-10-09,2026-09-05T20:19:14Z,2026-09-05T20:19:14Z,1,c632d657f9c13b1250d688394eb7c99956a994527cb56f4a77c86ed61ff1dbda,"{""record_no"":612,""country"":""パキスタン Islamic Republic of Pakistan"",""aliases"":[""Drillage Trading FZE LLC.""],""wmd"":""核 N"",""conventional_weapons"":""""}"
Chashma Nuclear Power Plant (CHASNUPP),chashmanuclearpowerplant(chasnupp),経済産業省 外国ユーザーリスト,c632d657f9c13b1250d688394eb7c99956a994527cb56f4a77c86ed61ff1dbda:613,https://www.meti.go.jp/policy/anpo/20250929_3.pdf,data/raw/meti_manual/20260905T201914Z__c632d657f9c1__20250929_3.pdf,2025-09-29,2025-10-09,2026-09-05T20:19:14Z,2026-09-05T20:19:14Z,1,c632d657f9c13b1250d688394eb7c99956a994527cb56f4a77c86ed61ff1dbda,"{""record_no"":613,""country"":""パキスタン Islamic Republic of Pakistan"",""aliases"":[""Chasma Nuclear Power Plant"",""Chashma Nuclear Complex""],""wmd"":""核 N"",""conventional_weapons"":""""}"
Creative Dynamics Engineering,creativedynamicsengineering,経済産業省 外国ユーザーリスト,c632d657f9c13b1250d688394eb7c99956a994527cb56f4a77c86ed61ff1dbda:614,https://www.meti.go.jp/policy/anpo/20250929_3.pdf,data/raw/meti_manual/20260905T201914Z__c632d657f9c1__20250929_3.pdf,2025-09-29,2025-10-09,2026-09-05T20:19:14Z,2026-09-05T20:19:14Z,1,c632d657f9c13b1250d688394eb7c99956a994527cb56f4a77c86ed61ff1dbda,"{""record_no"":614,""country"":""パキスタン Islamic Republic of Pakistan"",""aliases"":[""Creative Dynamics""],""wmd"":""ミサイル M"",""conventional_weapons"":""""}"
Defense Science and Technology Organization (DESTO),defensescienceandtechnologyorganization(desto),経済産業省 外国ユーザーリスト,c632d657f9c13b1250d688394eb7c99956a994527cb56f4a77c86ed61ff1dbda:615,https://www.meti.go.jp/policy/anpo/20250929_3.pdf,data/raw/meti_manual/20260905T201914Z__c632d657f9c1__20250929_3.pdf,2025-09-29,2025-10-09,2026-09-05T20:19:14Z,2026-09-05T20:19:14Z,1,c632d657f9c13b1250d688394eb7c99956a994527cb56f4a77c86ed61ff1dbda,"{""record_no"":615,""country"":""パキスタン Islamic Republic of Pakistan"",""aliases"":[""Chaklala Defense Science and Technology Organization"",""Defense Science and Technology Center""],""wmd"":""生物、化学、ミサイル B,C,M"",""conventional_weapons"":""""}"
Dynamic Engineering Corporation (DEC),dynamicengineeringcorporation(dec),経済産業省 外国ユーザーリスト,c632d657f9c13b1250d688394eb7c99956a994527cb56f4a77c86ed61ff1dbda:616,https://www.meti.go.jp/policy/anpo/20250929_3.pdf,data/raw/meti_manual/20260905T201914Z__c632d657f9c1__20250929_3.pdf,2025-09-29,2025-10-09,2026-09-05T20:19:14Z,2026-09-05T20:19:14Z,1,c632d657f9c13b1250d688394eb7c99956a994527cb56f4a77c86ed61ff1dbda,"{""record_no"":616,""country"":""パキスタン Islamic Republic of Pakistan"",""aliases"":[""Diagnostic Engineering Corporation"",""Scientific Engineering Corporation""],""wmd"":""核 N"",""conventional_weapons"":""""}"
"EnerQuip Private, Ltd.","enerquipprivate,ltd.",経済産業省 外国ユーザーリスト,c632d657f9c13b1250d688394eb7c99956a994527cb56f4a77c86ed61ff1dbda:617,https://www.meti.go.jp/policy/anpo/20250929_3.pdf,data/raw/meti_manual/20260905T201914Z__c632d657f9c1__20250929_3.pdf,2025-09-29,2025-10-09,2026-09-05T20:19:14Z,2026-09-05T20:19:14Z,1,c632d657f9c13b1250d688394eb7c99956a994527cb56f4a77c86ed61ff1dbda,"{""record_no"":617,""country"":""パキスタン Islamic Republic of Pakistan"",""aliases"":[],""wmd"":""ミサイル、核 M,N"",""conventional_weapons"":""""}"
Engineering and Commercial Services (ECS),engineeringandcommercialservices(ecs),経済産業省 外国ユーザーリスト,c632d657f9c13b1250d688394eb7c99956a994527cb56f4a77c86ed61ff1dbda:618,https://www.meti.go.jp/policy/anpo/20250929_3.pdf,data/raw/meti_manual/20260905T201914Z__c632d657f9c1__20250929_3.pdf,2025-09-29,2025-10-09,2026-09-05T20:19:14Z,2026-09-05T20:19:14Z,1,c632d657f9c13b1250d688394eb7c99956a994527cb56f4a77c86ed61ff1dbda,"{""record_no"":618,""country"":""パキスタン Islamic Republic of Pakistan"",""aliases"":[],""wmd"":""核 N"",""conventional_weapons"":""""}"
Engineering Solutions Pvt. Ltd.,engineeringsolutionspvt.ltd.,経済産業省 外国ユーザーリスト,c632d657f9c13b1250d688394eb7c99956a994527cb56f4a77c86ed61ff1dbda:619,https://www.meti.go.jp/policy/anpo/20250929_3.pdf,data/raw/meti_manual/20260905T201914Z__c632d657f9c1__20250929_3.pdf,2025-09-29,2025-10-09,2026-09-05T20:19:14Z,2026-09-05T20:19:14Z,1,c632d657f9c13b1250d688394eb7c99956a994527cb56f4a77c86ed61ff1dbda,"{""record_no"":619,""country"":""パキスタン Islamic Republic of Pakistan"",""aliases"":[],""wmd"":""ミサイル、核 M,N"",""conventional_weapons"":""""}"
ERDC Metal Paint Products (Pvt) Ltd.,erdcmetalpaintproducts(pvt)ltd.,経済産業省 外国ユーザーリスト,c632d657f9c13b1250d688394eb7c99956a994527cb56f4a77c86ed61ff1dbda:620,https://www.meti.go.jp/policy/anpo/20250929_3.pdf,data/raw/meti_manual/20260905T201914Z__c632d657f9c1__20250929_3.pdf,2025-09-29,2025-10-09,2026-09-05T20:19:14Z,2026-09-05T20:19:14Z,1,c632d657f9c13b1250d688394eb7c99956a994527cb56f4a77c86ed61ff1dbda,"{""record_no"":620,""country"":""パキスタン Islamic Republic of Pakistan"",""aliases"":[""Metal Paint Products (Pvt) Ltd"",""MPPL""],""wmd"":""ミサイル、核 M,N"",""conventional_weapons"":""""}"
FabCon International,fabconinternational,経済産業省 外国ユーザーリスト,c632d657f9c13b1250d688394eb7c99956a994527cb56f4a77c86ed61ff1dbda:621,https://www.meti.go.jp/policy/anpo/20250929_3.pdf,data/raw/meti_manual/20260905T201914Z__c632d657f9c1__20250929_3.pdf,2025-09-29,2025-10-09,2026-09-05T20:19:14Z,2026-09-05T20:19:14Z,1,c632d657f9c13b1250d688394eb7c99956a994527cb56f4a77c86ed61ff1dbda,"{""record_no"":621,""country"":""パキスタン Islamic Republic of Pakistan"",""aliases"":[],""wmd"":""核 N"",""conventional_weapons"":""""}"
FACO Trading,facotrading,経済産業省 外国ユーザーリスト,c632d657f9c13b1250d688394eb7c99956a994527cb56f4a77c86ed61ff1dbda:622,https://www.meti.go.jp/policy/anpo/20250929_3.pdf,data/raw/meti_manual/20260905T201914Z__c632d657f9c1__20250929_3.pdf,2025-09-29,2025-10-09,2026-09-05T20:19:14Z,2026-09-05T20:19:14Z,1,c632d657f9c13b1250d688394eb7c99956a994527cb56f4a77c86ed61ff1dbda,"{""record_no"":622,""country"":""パキスタン Islamic Republic of Pakistan"",""aliases"":[],""wmd"":""ミサイル、核 M,N"",""conventional_weapons"":""""}"
Future Systems Pvt. Ltd.,futuresystemspvt.ltd.,経済産業省 外国ユーザーリスト,c632d657f9c13b1250d688394eb7c99956a994527cb56f4a77c86ed61ff1dbda:623,https://www.meti.go.jp/policy/anpo/20250929_3.pdf,data/raw/meti_manual/20260905T201914Z__c632d657f9c1__20250929_3.pdf,2025-09-29,2025-10-09,2026-09-05T20:19:14Z,2026-09-05T20:19:14Z,1,c632d657f9c13b1250d688394eb7c99956a994527cb56f4a77c86ed61ff1dbda,"{""record_no"":623,""country"":""パキスタン Islamic Republic of Pakistan"",""aliases"":[],""wmd"":""ミサイル M"",""conventional_weapons"":""""}"
H and A International,handainternational,経済産業省 外国ユーザーリスト,c632d657f9c13b1250d688394eb7c99956a994527cb56f4a77c86ed61ff1dbda:624,https://www.meti.go.jp/policy/anpo/20250929_3.pdf,data/raw/meti_manual/20260905T201914Z__c632d657f9c1__20250929_3.pdf,2025-09-29,2025-10-09,2026-09-05T20:19:14Z,2026-09-05T20:19:14Z,1,c632d657f9c13b1250d688394eb7c99956a994527cb56f4a77c86ed61ff1dbda,"{""record_no"":624,""country"":""パキスタン Islamic Republic of Pakistan"",""aliases"":[""H&A International""],""wmd"":""核 N"",""conventional_weapons"":""""}"
Hassan Scientific Corporation,hassanscientificcorporation,経済産業省 外国ユーザーリスト,c632d657f9c13b1250d688394eb7c99956a994527cb56f4a77c86ed61ff1dbda:625,https://www.meti.go.jp/policy/anpo/20250929_3.pdf,data/raw/meti_manual/20260905T201914Z__c632d657f9c1__20250929_3.pdf,2025-09-29,2025-10-09,2026-09-05T20:19:14Z,2026-09-05T20:19:14Z,1,c632d657f9c13b1250d688394eb7c99956a994527cb56f4a77c86ed61ff1dbda,"{""record_no"":625,""country"":""パキスタン Islamic Republic of Pakistan"",""aliases"":[""Hasan Scientific Corporation""],""wmd"":""核 N"",""conventional_weapons"":""""}"
Heavy Mechanical Complex,heavymechanicalcomplex,経済産業省 外国ユーザーリスト,c632d657f9c13b1250d688394eb7c99956a994527cb56f4a77c86ed61ff1dbda:626,https://www.meti.go.jp/policy/anpo/20250929_3.pdf,data/raw/meti_manual/20260905T201914Z__c632d657f9c1__20250929_3.pdf,2025-09-29,2025-10-09,2026-09-05T20:19:14Z,2026-09-05T20:19:14Z,1,c632d657f9c13b1250d688394eb7c99956a994527cb56f4a77c86ed61ff1dbda,"{""record_no"":626,""country"":""パキスタン Islamic Republic of Pakistan"",""aliases"":[],""wmd"":""ミサイル、核 M,N"",""conventional_weapons"":""""}"
Heavy Mechanical Complex-3,heavymechanicalcomplex-3,経済産業省 外国ユーザーリスト,c632d657f9c13b1250d688394eb7c99956a994527cb56f4a77c86ed61ff1dbda:627,https://www.meti.go.jp/policy/anpo/20250929_3.pdf,data/raw/meti_manual/20260905T201914Z__c632d657f9c1__20250929_3.pdf,2025-09-29,2025-10-09,2026-09-05T20:19:14Z,2026-09-05T20:19:14Z,1,c632d657f9c13b1250d688394eb7c99956a994527cb56f4a77c86ed61ff1dbda,"{""record_no"":627,""country"":""パキスタン Islamic Republic of Pakistan"",""aliases"":[],""wmd"":""ミサイル、核 M,N"",""conventional_weapons"":""""}"
High Landers Scientific Systems,highlandersscientificsystems,経済産業省 外国ユーザーリスト,c632d657f9c13b1250d688394eb7c99956a994527cb56f4a77c86ed61ff1dbda:628,https://www.meti.go.jp/policy/anpo/20250929_3.pdf,data/raw/meti_manual/20260905T201914Z__c632d657f9c1__20250929_3.pdf,2025-09-29,2025-10-09,2026-09-05T20:19:14Z,2026-09-05T20:19:14Z,1,c632d657f9c13b1250d688394eb7c99956a994527cb56f4a77c86ed61ff1dbda,"{""record_no"":628,""country"":""パキスタン Islamic Republic of Pakistan"",""aliases"":[],""wmd"":""核 N"",""conventional_weapons"":""""}"
Iman Group,imangroup,経済産業省 外国ユーザーリスト,c632d657f9c13b1250d688394eb7c99956a994527cb56f4a77c86ed61ff1dbda:629,https://www.meti.go.jp/policy/anpo/20250929_3.pdf,data/raw/meti_manual/20260905T201914Z__c632d657f9c1__20250929_3.pdf,2025-09-29,2025-10-09,2026-09-05T20:19:14Z,2026-09-05T20:19:14Z,1,c632d657f9c13b1250d688394eb7c99956a994527cb56f4a77c86ed61ff1dbda,"{""record_no"":629,""country"":""パキスタン Islamic Republic of Pakistan"",""aliases"":[""Pana Communication Inc.""],""wmd"":""ミサイル、核 M,N"",""conventional_weapons"":""""}"
IMCO Technology and Services,imcotechnologyandservices,経済産業省 外国ユーザーリスト,c632d657f9c13b1250d688394eb7c99956a994527cb56f4a77c86ed61ff1dbda:630,https://www.meti.go.jp/policy/anpo/20250929_3.pdf,data/raw/meti_manual/20260905T201914Z__c632d657f9c1__20250929_3.pdf,2025-09-29,2025-10-09,2026-09-05T20:19:14Z,2026-09-05T20:19:14Z,1,c632d657f9c13b1250d688394eb7c99956a994527cb56f4a77c86ed61ff1dbda,"{""record_no"":630,""country"":""パキスタン Islamic Republic of Pakistan"",""aliases"":[""IMCO""],""wmd"":""核 N"",""conventional_weapons"":""""}"
Impex Trade & Services,impextrade&services,経済産業省 外国ユーザーリスト,c632d657f9c13b1250d688394eb7c99956a994527cb56f4a77c86ed61ff1dbda:631,https://www.meti.go.jp/policy/anpo/20250929_3.pdf,data/raw/meti_manual/20260905T201914Z__c632d657f9c1__20250929_3.pdf,2025-09-29,2025-10-09,2026-09-05T20:19:14Z,2026-09-05T20:19:14Z,1,c632d657f9c13b1250d688394eb7c99956a994527cb56f4a77c86ed61ff1dbda,"{""record_no"":631,""country"":""パキスタン Islamic Republic of Pakistan"",""aliases"":[],""wmd"":""核 N"",""conventional_weapons"":""""}"
Industrial Galaxy,industrialgalaxy,経済産業省 外国ユーザーリスト,c632d657f9c13b1250d688394eb7c99956a994527cb56f4a77c86ed61ff1dbda:632,https://www.meti.go.jp/policy/anpo/20250929_3.pdf,data/raw/meti_manual/20260905T201914Z__c632d657f9c1__20250929_3.pdf,2025-09-29,2025-10-09,2026-09-05T20:19:14Z,2026-09-05T20:19:14Z,1,c632d657f9c13b1250d688394eb7c99956a994527cb56f4a77c86ed61ff1dbda,"{""record_no"":632,""country"":""パキスタン Islamic Republic of Pakistan"",""aliases"":[],""wmd"":""ミサイル、核 M,N"",""conventional_weapons"":""""}"
Insight Enterprises Inc.,insightenterprisesinc.,経済産業省 外国ユーザーリスト,c632d657f9c13b1250d688394eb7c99956a994527cb56f4a77c86ed61ff1dbda:633,https://www.meti.go.jp/policy/anpo/20250929_3.pdf,data/raw/meti_manual/20260905T201914Z__c632d657f9c1__20250929_3.pdf,2025-09-29,2025-10-09,2026-09-05T20:19:14Z,2026-09-05T20:19:14Z,1,c632d657f9c13b1250d688394eb7c99956a994527cb56f4a77c86ed61ff1dbda,"{""record_no"":633,""country"":""パキスタン Islamic Republic of Pakistan"",""aliases"":[],""wmd"":""核 N"",""conventional_weapons"":""""}"
Inspectech,inspectech,経済産業省 外国ユーザーリスト,c632d657f9c13b1250d688394eb7c99956a994527cb56f4a77c86ed61ff1dbda:634,https://www.meti.go.jp/policy/anpo/20250929_3.pdf,data/raw/meti_manual/20260905T201914Z__c632d657f9c1__20250929_3.pdf,2025-09-29,2025-10-09,2026-09-05T20:19:14Z,2026-09-05T20:19:14Z,1,c632d657f9c13b1250d688394eb7c99956a994527cb56f4a77c86ed61ff1dbda,"{""record_no"":634,""country"":""パキスタン Islamic Republic of Pakistan"",""aliases"":[],""wmd"":""核 N"",""conventional_weapons"":""""}"
Interscan,interscan,経済産業省 外国ユーザーリスト,c632d657f9c13b1250d688394eb7c99956a994527cb56f4a77c86ed61ff1dbda:635,https://www.meti.go.jp/policy/anpo/20250929_3.pdf,data/raw/meti_manual/20260905T201914Z__c632d657f9c1__20250929_3.pdf,2025-09-29,2025-10-09,2026-09-05T20:19:14Z,2026-09-05T20:19:14Z,1,c632d657f9c13b1250d688394eb7c99956a994527cb56f4a77c86ed61ff1dbda,"{""record_no"":635,""country"":""パキスタン Islamic Republic of Pakistan"",""aliases"":[],""wmd"":""生物、化学、ミサイル、核 B,C,M,N"",""conventional_weapons"":""""}"
Intralink Incorporated,intralinkincorporated,経済産業省 外国ユーザーリスト,c632d657f9c13b1250d688394eb7c99956a994527cb56f4a77c86ed61ff1dbda:636,https://www.meti.go.jp/policy/anpo/20250929_3.pdf,data/raw/meti_manual/20260905T201914Z__c632d657f9c1__20250929_3.pdf,2025-09-29,2025-10-09,2026-09-05T20:19:14Z,2026-09-05T20:19:14Z,1,c632d657f9c13b1250d688394eb7c99956a994527cb56f4a77c86ed61ff1dbda,"{""record_no"":636,""country"":""パキスタン Islamic Republic of Pakistan"",""aliases"":[],""wmd"":""ミサイル、核 M,N"",""conventional_weapons"":""""}"
Iqbal Enterprises,iqbalenterprises,経済産業省 外国ユーザーリスト,c632d657f9c13b1250d688394eb7c99956a994527cb56f4a77c86ed61ff1dbda:637,https://www.meti.go.jp/policy/anpo/20250929_3.pdf,data/raw/meti_manual/20260905T201914Z__c632d657f9c1__20250929_3.pdf,2025-09-29,2025-10-09,2026-09-05T20:19:14Z,2026-09-05T20:19:14Z,1,c632d657f9c13b1250d688394eb7c99956a994527cb56f4a77c86ed61ff1dbda,"{""record_no"":637,""country"":""パキスタン Islamic Republic of Pakistan"",""aliases"":[],""wmd"":""核 N"",""conventional_weapons"":""""}"
Jim Corporation,jimcorporation,経済産業省 外国ユーザーリスト,c632d657f9c13b1250d688394eb7c99956a994527cb56f4a77c86ed61ff1dbda:638,https://www.meti.go.jp/policy/anpo/20250929_3.pdf,data/raw/meti_manual/20260905T201914Z__c632d657f9c1__20250929_3.pdf,2025-09-29,2025-10-09,2026-09-05T20:19:14Z,2026-09-05T20:19:14Z,1,c632d657f9c13b1250d688394eb7c99956a994527cb56f4a77c86ed61ff1dbda,"{""record_no"":638,""country"":""パキスタン Islamic Republic of Pakistan"",""aliases"":[],""wmd"":""ミサイル、核 M,N"",""conventional_weapons"":""""}"
Karachi Nuclear Power Complex (KANUPP),karachinuclearpowercomplex(kanupp),経済産業省 外国ユーザーリスト,c632d657f9c13b1250d688394eb7c99956a994527cb56f4a77c86ed61ff1dbda:639,https://www.meti.go.jp/policy/anpo/20250929_3.pdf,data/raw/meti_manual/20260905T201914Z__c632d657f9c1__20250929_3.pdf,2025-09-29,2025-10-09,2026-09-05T20:19:14Z,2026-09-05T20:19:14Z,1,c632d657f9c13b1250d688394eb7c99956a994527cb56f4a77c86ed61ff1dbda,"{""record_no"":639,""country"":""パキスタン Islamic Republic of Pakistan"",""aliases"":[""Karachi Nuclear Power Plant""],""wmd"":""核 N"",""conventional_weapons"":""""}"
Kepler Corporation,keplercorporation,経済産業省 外国ユーザーリスト,c632d657f9c13b1250d688394eb7c99956a994527cb56f4a77c86ed61ff1dbda:640,https://www.meti.go.jp/policy/anpo/20250929_3.pdf,data/raw/meti_manual/20260905T201914Z__c632d657f9c1__20250929_3.pdf,2025-09-29,2025-10-09,2026-09-05T20:19:14Z,2026-09-05T20:19:14Z,1,c632d657f9c13b1250d688394eb7c99956a994527cb56f4a77c86ed61ff1dbda,"{""record_no"":640,""country"":""パキスタン Islamic Republic of Pakistan"",""aliases"":[],""wmd"":""核 N"",""conventional_weapons"":""""}"
Khan Research Laboratories (KRL),khanresearchlaboratories(krl),経済産業省 外国ユーザーリスト,c632d657f9c13b1250d688394eb7c99956a994527cb56f4a77c86ed61ff1dbda:641,https://www.meti.go.jp/policy/anpo/20250929_3.pdf,data/raw/meti_manual/20260905T201914Z__c632d657f9c1__20250929_3.pdf,2025-09-29,2025-10-09,2026-09-05T20:19:14Z,2026-09-05T20:19:14Z,1,c632d657f9c13b1250d688394eb7c99956a994527cb56f4a77c86ed61ff1dbda,"{""record_no"":641,""country"":""パキスタン Islamic Republic of Pakistan"",""aliases"":[""Abdul Qader Khan Research Laboratories"",""Engineering Research Laboratories (ERL)"",""Institute of Industrial Control Systems (IICS)"",""Kahuta Nuclear Facility"",""Kahuta Research Facility""],""wmd"":""生物、化学、ミサイル、核 B,C,M,N"",""conventional_weapons"":""""}"
KK International Traders (KKIT）,kkinternationaltraders(kkit),経済産業省 外国ユーザーリスト,c632d657f9c13b1250d688394eb7c99956a994527cb56f4a77c86ed61ff1dbda:642,https://www.meti.go.jp/policy/anpo/20250929_3.pdf,data/raw/meti_manual/20260905T201914Z__c632d657f9c1__20250929_3.pdf,2025-09-29,2025-10-09,2026-09-05T20:19:14Z,2026-09-05T20:19:14Z,1,c632d657f9c13b1250d688394eb7c99956a994527cb56f4a77c86ed61ff1dbda,"{""record_no"":642,""country"":""パキスタン Islamic Republic of Pakistan"",""aliases"":[],""wmd"":""核 N"",""conventional_weapons"":""""}"
KMA International Import and Export Co.,kmainternationalimportandexportco.,経済産業省 外国ユーザーリスト,c632d657f9c13b1250d688394eb7c99956a994527cb56f4a77c86ed61ff1dbda:643,https://www.meti.go.jp/policy/anpo/20250929_3.pdf,data/raw/meti_manual/20260905T201914Z__c632d657f9c1__20250929_3.pdf,2025-09-29,2025-10-09,2026-09-05T20:19:14Z,2026-09-05T20:19:14Z,1,c632d657f9c13b1250d688394eb7c99956a994527cb56f4a77c86ed61ff1dbda,"{""record_no"":643,""country"":""パキスタン Islamic Republic of Pakistan"",""aliases"":[],""wmd"":""生物、化学、ミサイル、核 B,C,M,N"",""conventional_weapons"":""""}"
KTK Engineering (Pvt) LTD,ktkengineering(pvt)ltd,経済産業省 外国ユーザーリスト,c632d657f9c13b1250d688394eb7c99956a994527cb56f4a77c86ed61ff1dbda:644,https://www.meti.go.jp/policy/anpo/20250929_3.pdf,data/raw/meti_manual/20260905T201914Z__c632d657f9c1__20250929_3.pdf,2025-09-29,2025-10-09,2026-09-05T20:19:14Z,2026-09-05T20:19:14Z,1,c632d657f9c13b1250d688394eb7c99956a994527cb56f4a77c86ed61ff1dbda,"{""record_no"":644,""country"":""パキスタン Islamic Republic of Pakistan"",""aliases"":[],""wmd"":""核 N"",""conventional_weapons"":""""}"
K-SOFT Enterprises,k-softenterprises,経済産業省 外国ユーザーリスト,c632d657f9c13b1250d688394eb7c99956a994527cb56f4a77c86ed61ff1dbda:645,https://www.meti.go.jp/policy/anpo/20250929_3.pdf,data/raw/meti_manual/20260905T201914Z__c632d657f9c1__20250929_3.pdf,2025-09-29,2025-10-09,2026-09-05T20:19:14Z,2026-09-05T20:19:14Z,1,c632d657f9c13b1250d688394eb7c99956a994527cb56f4a77c86ed61ff1dbda,"{""record_no"":645,""country"":""パキスタン Islamic Republic of Pakistan"",""aliases"":[],""wmd"":""核 N"",""conventional_weapons"":""""}"
L.T. Engineering & Trade Services (Pvt) Ltd.,l.t.engineering&tradeservices(pvt)ltd.,経済産業省 外国ユーザーリスト,c632d657f9c13b1250d688394eb7c99956a994527cb56f4a77c86ed61ff1dbda:646,https://www.meti.go.jp/policy/anpo/20250929_3.pdf,data/raw/meti_manual/20260905T201914Z__c632d657f9c1__20250929_3.pdf,2025-09-29,2025-10-09,2026-09-05T20:19:14Z,2026-09-05T20:19:14Z,1,c632d657f9c13b1250d688394eb7c99956a994527cb56f4a77c86ed61ff1dbda,"{""record_no"":646,""country"":""パキスタン Islamic Republic of Pakistan"",""aliases"":[""LT Engineering and Trade Services (Pvt) Ltd.（LTE)"",""L.T. Engineering & Trade Services PVT (LTD)""],""wmd"":""ミサイル、核 M,N"",""conventional_weapons"":""""}"
Link Lines (Pvt.) Limited,linklines(pvt.)limited,経済産業省 外国ユーザーリスト,c632d657f9c13b1250d688394eb7c99956a994527cb56f4a77c86ed61ff1dbda:647,https://www.meti.go.jp/policy/anpo/20250929_3.pdf,data/raw/meti_manual/20260905T201914Z__c632d657f9c1__20250929_3.pdf,2025-09-29,2025-10-09,2026-09-05T20:19:14Z,2026-09-05T20:19:14Z,1,c632d657f9c13b1250d688394eb7c99956a994527cb56f4a77c86ed61ff1dbda,"{""record_no"":647,""country"":""パキスタン Islamic Republic of Pakistan"",""aliases"":[""Link Lines.""],""wmd"":""ミサイル、核 M,N"",""conventional_weapons"":""""}"
Makkays Hi-Tech Systems,makkayshi-techsystems,経済産業省 外国ユーザーリスト,c632d657f9c13b1250d688394eb7c99956a994527cb56f4a77c86ed61ff1dbda:648,https://www.meti.go.jp/policy/anpo/20250929_3.pdf,data/raw/meti_manual/20260905T201914Z__c632d657f9c1__20250929_3.pdf,2025-09-29,2025-10-09,2026-09-05T20:19:14Z,2026-09-05T20:19:14Z,1,c632d657f9c13b1250d688394eb7c99956a994527cb56f4a77c86ed61ff1dbda,"{""record_no"":648,""country"":""パキスタン Islamic Republic of Pakistan"",""aliases"":[""Zaib Electronics""],""wmd"":""ミサイル M"",""conventional_weapons"":""""}"
Maira Trade International,mairatradeinternational,経済産業省 外国ユーザーリスト,c632d657f9c13b1250d688394eb7c99956a994527cb56f4a77c86ed61ff1dbda:649,https://www.meti.go.jp/policy/anpo/20250929_3.pdf,data/raw/meti_manual/20260905T201914Z__c632d657f9c1__20250929_3.pdf,2025-09-29,2025-10-09,2026-09-05T20:19:14Z,2026-09-05T20:19:14Z,1,c632d657f9c13b1250d688394eb7c99956a994527cb56f4a77c86ed61ff1dbda,"{""record_no"":649,""country"":""パキスタン Islamic Republic of Pakistan"",""aliases"":[],""wmd"":""ミサイル、核 M,N"",""conventional_weapons"":""""}"
Marine Systems Pvt. Ltd.,marinesystemspvt.ltd.,経済産業省 外国ユーザーリスト,c632d657f9c13b1250d688394eb7c99956a994527cb56f4a77c86ed61ff1dbda:650,https://www.meti.go.jp/policy/anpo/20250929_3.pdf,data/raw/meti_manual/20260905T201914Z__c632d657f9c1__20250929_3.pdf,2025-09-29,2025-10-09,2026-09-05T20:19:14Z,2026-09-05T20:19:14Z,1,c632d657f9c13b1250d688394eb7c99956a994527cb56f4a77c86ed61ff1dbda,"{""record_no"":650,""country"":""パキスタン Islamic Republic of Pakistan"",""aliases"":[],""wmd"":""ミサイル M"",""conventional_weapons"":""""}"
Maritime Technology Complex (MTC),maritimetechnologycomplex(mtc),経済産業省 外国ユーザーリスト,c632d657f9c13b1250d688394eb7c99956a994527cb56f4a77c86ed61ff1dbda:651,https://www.meti.go.jp/policy/anpo/20250929_3.pdf,data/raw/meti_manual/20260905T201914Z__c632d657f9c1__20250929_3.pdf,2025-09-29,2025-10-09,2026-09-05T20:19:14Z,2026-09-05T20:19:14Z,1,c632d657f9c13b1250d688394eb7c99956a994527cb56f4a77c86ed61ff1dbda,"{""record_no"":651,""country"":""パキスタン Islamic Republic of Pakistan"",""aliases"":[],""wmd"":""ミサイル M"",""conventional_weapons"":""""}"
Mecatech (Private) Limited,mecatech(private)limited,経済産業省 外国ユーザーリスト,c632d657f9c13b1250d688394eb7c99956a994527cb56f4a77c86ed61ff1dbda:652,https://www.meti.go.jp/policy/anpo/20250929_3.pdf,data/raw/meti_manual/20260905T201914Z__c632d657f9c1__20250929_3.pdf,2025-09-29,2025-10-09,2026-09-05T20:19:14Z,2026-09-05T20:19:14Z,1,c632d657f9c13b1250d688394eb7c99956a994527cb56f4a77c86ed61ff1dbda,"{""record_no"":652,""country"":""パキスタン Islamic Republic of Pakistan"",""aliases"":[""Mecatech""],""wmd"":""核 N"",""conventional_weapons"":""""}"
Micado,micado,経済産業省 外国ユーザーリスト,c632d657f9c13b1250d688394eb7c99956a994527cb56f4a77c86ed61ff1dbda:653,https://www.meti.go.jp/policy/anpo/20250929_3.pdf,data/raw/meti_manual/20260905T201914Z__c632d657f9c1__20250929_3.pdf,2025-09-29,2025-10-09,2026-09-05T20:19:14Z,2026-09-05T20:19:14Z,1,c632d657f9c13b1250d688394eb7c99956a994527cb56f4a77c86ed61ff1dbda,"{""record_no"":653,""country"":""パキスタン Islamic Republic of Pakistan"",""aliases"":[""Micado (Pvt) Limited"",""Micado (Pvt) Ltd.""],""wmd"":""ミサイル、核 M,N"",""conventional_weapons"":""""}"
Middle East Automation & Controls Services,middleeastautomation&controlsservices,経済産業省 外国ユーザーリスト,c632d657f9c13b1250d688394eb7c99956a994527cb56f4a77c86ed61ff1dbda:654,https://www.meti.go.jp/policy/anpo/20250929_3.pdf,data/raw/meti_manual/20260905T201914Z__c632d657f9c1__20250929_3.pdf,2025-09-29,2025-10-09,2026-09-05T20:19:14Z,2026-09-05T20:19:14Z,1,c632d657f9c13b1250d688394eb7c99956a994527cb56f4a77c86ed61ff1dbda,"{""record_no"":654,""country"":""パキスタン Islamic Republic of Pakistan"",""aliases"":[""MACS"",""MEACS""],""wmd"":""核 N"",""conventional_weapons"":""""}"
Mirza and Co,mirzaandco,経済産業省 外国ユーザーリスト,c632d657f9c13b1250d688394eb7c99956a994527cb56f4a77c86ed61ff1dbda:655,https://www.meti.go.jp/policy/anpo/20250929_3.pdf,data/raw/meti_manual/20260905T201914Z__c632d657f9c1__20250929_3.pdf,2025-09-29,2025-10-09,2026-09-05T20:19:14Z,2026-09-05T20:19:14Z,1,c632d657f9c13b1250d688394eb7c99956a994527cb56f4a77c86ed61ff1dbda,"{""record_no"":655,""country"":""パキスタン Islamic Republic of Pakistan"",""aliases"":[""Mirza""],""wmd"":""核 N"",""conventional_weapons"":""""}"
MSN International,msninternational,経済産業省 外国ユーザーリスト,c632d657f9c13b1250d688394eb7c99956a994527cb56f4a77c86ed61ff1dbda:656,https://www.meti.go.jp/policy/anpo/20250929_3.pdf,data/raw/meti_manual/20260905T201914Z__c632d657f9c1__20250929_3.pdf,2025-09-29,2025-10-09,2026-09-05T20:19:14Z,2026-09-05T20:19:14Z,1,c632d657f9c13b1250d688394eb7c99956a994527cb56f4a77c86ed61ff1dbda,"{""record_no"":656,""country"":""パキスタン Islamic Republic of Pakistan"",""aliases"":[],""wmd"":""生物、化学、ミサイル、核 B,C,M,N"",""conventional_weapons"":""""}"
Muhandis Corporation,muhandiscorporation,経済産業省 外国ユーザーリスト,c632d657f9c13b1250d688394eb7c99956a994527cb56f4a77c86ed61ff1dbda:657,https://www.meti.go.jp/policy/anpo/20250929_3.pdf,data/raw/meti_manual/20260905T201914Z__c632d657f9c1__20250929_3.pdf,2025-09-29,2025-10-09,2026-09-05T20:19:14Z,2026-09-05T20:19:14Z,1,c632d657f9c13b1250d688394eb7c99956a994527cb56f4a77c86ed61ff1dbda,"{""record_no"":657,""country"":""パキスタン Islamic Republic of Pakistan"",""aliases"":[],""wmd"":""核 N"",""conventional_weapons"":""""}"
NA Enterprises,naenterprises,経済産業省 外国ユーザーリスト,c632d657f9c13b1250d688394eb7c99956a994527cb56f4a77c86ed61ff1dbda:658,https://www.meti.go.jp/policy/anpo/20250929_3.pdf,data/raw/meti_manual/20260905T201914Z__c632d657f9c1__20250929_3.pdf,2025-09-29,2025-10-09,2026-09-05T20:19:14Z,2026-09-05T20:19:14Z,1,c632d657f9c13b1250d688394eb7c99956a994527cb56f4a77c86ed61ff1dbda,"{""record_no"":658,""country"":""パキスタン Islamic Republic of Pakistan"",""aliases"":[],""wmd"":""核 Ｎ"",""conventional_weapons"":""""}"
National Centre for Non Destructive Testing (NCNDT),nationalcentrefornondestructivetesting(ncndt),経済産業省 外国ユーザーリスト,c632d657f9c13b1250d688394eb7c99956a994527cb56f4a77c86ed61ff1dbda:659,https://www.meti.go.jp/policy/anpo/20250929_3.pdf,data/raw/meti_manual/20260905T201914Z__c632d657f9c1__20250929_3.pdf,2025-09-29,2025-10-09,2026-09-05T20:19:14Z,2026-09-05T20:19:14Z,1,c632d657f9c13b1250d688394eb7c99956a994527cb56f4a77c86ed61ff1dbda,"{""record_no"":659,""country"":""パキスタン Islamic Republic of Pakistan"",""aliases"":[],""wmd"":""ミサイル、核 M,N"",""conventional_weapons"":""""}"
National Development Complex (NDC),nationaldevelopmentcomplex(ndc),経済産業省 外国ユーザーリスト,c632d657f9c13b1250d688394eb7c99956a994527cb56f4a77c86ed61ff1dbda:660,https://www.meti.go.jp/policy/anpo/20250929_3.pdf,data/raw/meti_manual/20260905T201914Z__c632d657f9c1__20250929_3.pdf,2025-09-29,2025-10-09,2026-09-05T20:19:14Z,2026-09-05T20:19:14Z,1,c632d657f9c13b1250d688394eb7c99956a994527cb56f4a77c86ed61ff1dbda,"{""record_no"":660,""country"":""パキスタン Islamic Republic of Pakistan"",""aliases"":[""National Defense Complex"",""National Development Centre""],""wmd"":""ミサイル、核 M,N"",""conventional_weapons"":""""}"
National Engineering and Scientific Commission (NESCOM),nationalengineeringandscientificcommission(nescom),経済産業省 外国ユーザーリスト,c632d657f9c13b1250d688394eb7c99956a994527cb56f4a77c86ed61ff1dbda:661,https://www.meti.go.jp/policy/anpo/20250929_3.pdf,data/raw/meti_manual/20260905T201914Z__c632d657f9c1__20250929_3.pdf,2025-09-29,2025-10-09,2026-09-05T20:19:14Z,2026-09-05T20:19:14Z,1,c632d657f9c13b1250d688394eb7c99956a994527cb56f4a77c86ed61ff1dbda,"{""record_no"":661,""country"":""パキスタン Islamic Republic of Pakistan"",""aliases"":[],""wmd"":""ミサイル、核 M,N"",""conventional_weapons"":""""}"
National Engineering Service Trading and Consultancy Company,nationalengineeringservicetradingandconsultancycompany,経済産業省 外国ユーザーリスト,c632d657f9c13b1250d688394eb7c99956a994527cb56f4a77c86ed61ff1dbda:662,https://www.meti.go.jp/policy/anpo/20250929_3.pdf,data/raw/meti_manual/20260905T201914Z__c632d657f9c1__20250929_3.pdf,2025-09-29,2025-10-09,2026-09-05T20:19:14Z,2026-09-05T20:19:14Z,1,c632d657f9c13b1250d688394eb7c99956a994527cb56f4a77c86ed61ff1dbda,"{""record_no"":662,""country"":""パキスタン Islamic Republic of Pakistan"",""aliases"":[""NESTACC""],""wmd"":""核 N"",""conventional_weapons"":""""}"
National Institute of Lasers and Optronics (NILOP),nationalinstituteoflasersandoptronics(nilop),経済産業省 外国ユーザーリスト,c632d657f9c13b1250d688394eb7c99956a994527cb56f4a77c86ed61ff1dbda:663,https://www.meti.go.jp/policy/anpo/20250929_3.pdf,data/raw/meti_manual/20260905T201914Z__c632d657f9c1__20250929_3.pdf,2025-09-29,2025-10-09,2026-09-05T20:19:14Z,2026-09-05T20:19:14Z,1,c632d657f9c13b1250d688394eb7c99956a994527cb56f4a77c86ed61ff1dbda,"{""record_no"":663,""country"":""パキスタン Islamic Republic of Pakistan"",""aliases"":[""National Institute of Lasers""],""wmd"":""核 N"",""conventional_weapons"":""""}"
Nazir and Sons International,nazirandsonsinternational,経済産業省 外国ユーザーリスト,c632d657f9c13b1250d688394eb7c99956a994527cb56f4a77c86ed61ff1dbda:664,https://www.meti.go.jp/policy/anpo/20250929_3.pdf,data/raw/meti_manual/20260905T201914Z__c632d657f9c1__20250929_3.pdf,2025-09-29,2025-10-09,2026-09-05T20:19:14Z,2026-09-05T20:19:14Z,1,c632d657f9c13b1250d688394eb7c99956a994527cb56f4a77c86ed61ff1dbda,"{""record_no"":664,""country"":""パキスタン Islamic Republic of Pakistan"",""aliases"":[],""wmd"":""生物、化学、ミサイル、核 B,C,M,N"",""conventional_weapons"":""""}"
New Auto Engineering (NAE),newautoengineering(nae),経済産業省 外国ユーザーリスト,c632d657f9c13b1250d688394eb7c99956a994527cb56f4a77c86ed61ff1dbda:665,https://www.meti.go.jp/policy/anpo/20250929_3.pdf,data/raw/meti_manual/20260905T201914Z__c632d657f9c1__20250929_3.pdf,2025-09-29,2025-10-09,2026-09-05T20:19:14Z,2026-09-05T20:19:14Z,1,c632d657f9c13b1250d688394eb7c99956a994527cb56f4a77c86ed61ff1dbda,"{""record_no"":665,""country"":""パキスタン Islamic Republic of Pakistan"",""aliases"":[],""wmd"":""ミサイル M"",""conventional_weapons"":""""}"
Oriental Engineers,orientalengineers,経済産業省 外国ユーザーリスト,c632d657f9c13b1250d688394eb7c99956a994527cb56f4a77c86ed61ff1dbda:666,https://www.meti.go.jp/policy/anpo/20250929_3.pdf,data/raw/meti_manual/20260905T201914Z__c632d657f9c1__20250929_3.pdf,2025-09-29,2025-10-09,2026-09-05T20:19:14Z,2026-09-05T20:19:14Z,1,c632d657f9c13b1250d688394eb7c99956a994527cb56f4a77c86ed61ff1dbda,"{""record_no"":666,""country"":""パキスタン Islamic Republic of Pakistan"",""aliases"":[""Advance Technologies"",""Advanced Technologies"",""Oriental Engineers Pvt. Ltd."",""Oriental Engineers Services""],""wmd"":""ミサイル、核 M,N"",""conventional_weapons"":""""}"
Orion Eleven Pvt. Ltd.,orionelevenpvt.ltd.,経済産業省 外国ユーザーリスト,c632d657f9c13b1250d688394eb7c99956a994527cb56f4a77c86ed61ff1dbda:667,https://www.meti.go.jp/policy/anpo/20250929_3.pdf,data/raw/meti_manual/20260905T201914Z__c632d657f9c1__20250929_3.pdf,2025-09-29,2025-10-09,2026-09-05T20:19:14Z,2026-09-05T20:19:14Z,1,c632d657f9c13b1250d688394eb7c99956a994527cb56f4a77c86ed61ff1dbda,"{""record_no"":667,""country"":""パキスタン Islamic Republic of Pakistan"",""aliases"":[],""wmd"":""ミサイル M"",""conventional_weapons"":""""}"
Pakistan Aeronautical Complex (PAC),pakistanaeronauticalcomplex(pac),経済産業省 外国ユーザーリスト,c632d657f9c13b1250d688394eb7c99956a994527cb56f4a77c86ed61ff1dbda:668,https://www.meti.go.jp/policy/anpo/20250929_3.pdf,data/raw/meti_manual/20260905T201914Z__c632d657f9c1__20250929_3.pdf,2025-09-29,2025-10-09,2026-09-05T20:19:14Z,2026-09-05T20:19:14Z,1,c632d657f9c13b1250d688394eb7c99956a994527cb56f4a77c86ed61ff1dbda,"{""record_no"":668,""country"":""パキスタン Islamic Republic of Pakistan"",""aliases"":[],""wmd"":""ミサイル、核 M,N"",""conventional_weapons"":""""}"
Pakistan Atomic Energy Commission (PAEC),pakistanatomicenergycommission(paec),経済産業省 外国ユーザーリスト,c632d657f9c13b1250d688394eb7c99956a994527cb56f4a77c86ed61ff1dbda:669,https://www.meti.go.jp/policy/anpo/20250929_3.pdf,data/raw/meti_manual/20260905T201914Z__c632d657f9c1__20250929_3.pdf,2025-09-29,2025-10-09,2026-09-05T20:19:14Z,2026-09-05T20:19:14Z,1,c632d657f9c13b1250d688394eb7c99956a994527cb56f4a77c86ed61ff1dbda,"{""record_no"":669,""country"":""パキスタン Islamic Republic of Pakistan"",""aliases"":[""Power Plant Workshops""],""wmd"":""ミサイル、核 M,N"",""conventional_weapons"":""""}"
Pakistan Institute of Engineering & Applied Sciences (PIEAS),pakistaninstituteofengineering&appliedsciences(pieas),経済産業省 外国ユーザーリスト,c632d657f9c13b1250d688394eb7c99956a994527cb56f4a77c86ed61ff1dbda:670,https://www.meti.go.jp/policy/anpo/20250929_3.pdf,data/raw/meti_manual/20260905T201914Z__c632d657f9c1__20250929_3.pdf,2025-09-29,2025-10-09,2026-09-05T20:19:14Z,2026-09-05T20:19:14Z,1,c632d657f9c13b1250d688394eb7c99956a994527cb56f4a77c86ed61ff1dbda,"{""record_no"":670,""country"":""パキスタン Islamic Republic of Pakistan"",""aliases"":[],""wmd"":""核 N"",""conventional_weapons"":""""}"
Pakistan Institute of Nuclear Science and Technology (PINSTECH),pakistaninstituteofnuclearscienceandtechnology(pinstech),経済産業省 外国ユーザーリスト,c632d657f9c13b1250d688394eb7c99956a994527cb56f4a77c86ed61ff1dbda:671,https://www.meti.go.jp/policy/anpo/20250929_3.pdf,data/raw/meti_manual/20260905T201914Z__c632d657f9c1__20250929_3.pdf,2025-09-29,2025-10-09,2026-09-05T20:19:14Z,2026-09-05T20:19:14Z,1,c632d657f9c13b1250d688394eb7c99956a994527cb56f4a77c86ed61ff1dbda,"{""record_no"":671,""country"":""パキスタン Islamic Republic of Pakistan"",""aliases"":[],""wmd"":""核 N"",""conventional_weapons"":""""}"
Pakistan Ordnance Factories (POF),pakistanordnancefactories(pof),経済産業省 外国ユーザーリスト,c632d657f9c13b1250d688394eb7c99956a994527cb56f4a77c86ed61ff1dbda:672,https://www.meti.go.jp/policy/anpo/20250929_3.pdf,data/raw/meti_manual/20260905T201914Z__c632d657f9c1__20250929_3.pdf,2025-09-29,2025-10-09,2026-09-05T20:19:14Z,2026-09-05T20:19:14Z,1,c632d657f9c13b1250d688394eb7c99956a994527cb56f4a77c86ed61ff1dbda,"{""record_no"":672,""country"":""パキスタン Islamic Republic of Pakistan"",""aliases"":[],""wmd"":""生物、化学、ミサイル、核 B,C,M,N"",""conventional_weapons"":""""}"
Paktech Engineers,paktechengineers,経済産業省 外国ユーザーリスト,c632d657f9c13b1250d688394eb7c99956a994527cb56f4a77c86ed61ff1dbda:673,https://www.meti.go.jp/policy/anpo/20250929_3.pdf,data/raw/meti_manual/20260905T201914Z__c632d657f9c1__20250929_3.pdf,2025-09-29,2025-10-09,2026-09-05T20:19:14Z,2026-09-05T20:19:14Z,1,c632d657f9c13b1250d688394eb7c99956a994527cb56f4a77c86ed61ff1dbda,"{""record_no"":673,""country"":""パキスタン Islamic Republic of Pakistan"",""aliases"":[],""wmd"":""核 N"",""conventional_weapons"":""""}"
Pentium Engineering Solutions,pentiumengineeringsolutions,経済産業省 外国ユーザーリスト,c632d657f9c13b1250d688394eb7c99956a994527cb56f4a77c86ed61ff1dbda:674,https://www.meti.go.jp/policy/anpo/20250929_3.pdf,data/raw/meti_manual/20260905T201914Z__c632d657f9c1__20250929_3.pdf,2025-09-29,2025-10-09,2026-09-05T20:19:14Z,2026-09-05T20:19:14Z,1,c632d657f9c13b1250d688394eb7c99956a994527cb56f4a77c86ed61ff1dbda,"{""record_no"":674,""country"":""パキスタン Islamic Republic of Pakistan"",""aliases"":[],""wmd"":""核 N"",""conventional_weapons"":""""}"
People's Steel Mills Ltd.,people'ssteelmillsltd.,経済産業省 外国ユーザーリスト,c632d657f9c13b1250d688394eb7c99956a994527cb56f4a77c86ed61ff1dbda:675,https://www.meti.go.jp/policy/anpo/20250929_3.pdf,data/raw/meti_manual/20260905T201914Z__c632d657f9c1__20250929_3.pdf,2025-09-29,2025-10-09,2026-09-05T20:19:14Z,2026-09-05T20:19:14Z,1,c632d657f9c13b1250d688394eb7c99956a994527cb56f4a77c86ed61ff1dbda,"{""record_no"":675,""country"":""パキスタン Islamic Republic of Pakistan"",""aliases"":[""Peoples Steel Mills"",""People's Steel Mills Ltd."",""People's Steel Mills""],""wmd"":""化学、ミサイル、核 C,M,N"",""conventional_weapons"":""""}"
Pervaiz Commercial Trading Co. (PCTC),pervaizcommercialtradingco.(pctc),経済産業省 外国ユーザーリスト,c632d657f9c13b1250d688394eb7c99956a994527cb56f4a77c86ed61ff1dbda:676,https://www.meti.go.jp/policy/anpo/20250929_3.pdf,data/raw/meti_manual/20260905T201914Z__c632d657f9c1__20250929_3.pdf,2025-09-29,2025-10-09,2026-09-05T20:19:14Z,2026-09-05T20:19:14Z,1,c632d657f9c13b1250d688394eb7c99956a994527cb56f4a77c86ed61ff1dbda,"{""record_no"":676,""country"":""パキスタン Islamic Republic of Pakistan"",""aliases"":[],""wmd"":""核 N"",""conventional_weapons"":""""}"
Pie Trading House,pietradinghouse,経済産業省 外国ユーザーリスト,c632d657f9c13b1250d688394eb7c99956a994527cb56f4a77c86ed61ff1dbda:677,https://www.meti.go.jp/policy/anpo/20250929_3.pdf,data/raw/meti_manual/20260905T201914Z__c632d657f9c1__20250929_3.pdf,2025-09-29,2025-10-09,2026-09-05T20:19:14Z,2026-09-05T20:19:14Z,1,c632d657f9c13b1250d688394eb7c99956a994527cb56f4a77c86ed61ff1dbda,"{""record_no"":677,""country"":""パキスタン Islamic Republic of Pakistan"",""aliases"":[],""wmd"":""ミサイル、核 M,N"",""conventional_weapons"":""""}"
Premier International,premierinternational,経済産業省 外国ユーザーリスト,c632d657f9c13b1250d688394eb7c99956a994527cb56f4a77c86ed61ff1dbda:678,https://www.meti.go.jp/policy/anpo/20250929_3.pdf,data/raw/meti_manual/20260905T201914Z__c632d657f9c1__20250929_3.pdf,2025-09-29,2025-10-09,2026-09-05T20:19:14Z,2026-09-05T20:19:14Z,1,c632d657f9c13b1250d688394eb7c99956a994527cb56f4a77c86ed61ff1dbda,"{""record_no"":678,""country"":""パキスタン Islamic Republic of Pakistan"",""aliases"":[""Align Impex""],""wmd"":""ミサイル、核 M,N"",""conventional_weapons"":""""}"
Prime Tech,primetech,経済産業省 外国ユーザーリスト,c632d657f9c13b1250d688394eb7c99956a994527cb56f4a77c86ed61ff1dbda:679,https://www.meti.go.jp/policy/anpo/20250929_3.pdf,data/raw/meti_manual/20260905T201914Z__c632d657f9c1__20250929_3.pdf,2025-09-29,2025-10-09,2026-09-05T20:19:14Z,2026-09-05T20:19:14Z,1,c632d657f9c13b1250d688394eb7c99956a994527cb56f4a77c86ed61ff1dbda,"{""record_no"":679,""country"":""パキスタン Islamic Republic of Pakistan"",""aliases"":[],""wmd"":""核 N"",""conventional_weapons"":""""}"
Proficient Engineers,proficientengineers,経済産業省 外国ユーザーリスト,c632d657f9c13b1250d688394eb7c99956a994527cb56f4a77c86ed61ff1dbda:680,https://www.meti.go.jp/policy/anpo/20250929_3.pdf,data/raw/meti_manual/20260905T201914Z__c632d657f9c1__20250929_3.pdf,2025-09-29,2025-10-09,2026-09-05T20:19:14Z,2026-09-05T20:19:14Z,1,c632d657f9c13b1250d688394eb7c99956a994527cb56f4a77c86ed61ff1dbda,"{""record_no"":680,""country"":""パキスタン Islamic Republic of Pakistan"",""aliases"":[],""wmd"":""核 N"",""conventional_weapons"":""""}"
Profile Engineering Works,profileengineeringworks,経済産業省 外国ユーザーリスト,c632d657f9c13b1250d688394eb7c99956a994527cb56f4a77c86ed61ff1dbda:681,https://www.meti.go.jp/policy/anpo/20250929_3.pdf,data/raw/meti_manual/20260905T201914Z__c632d657f9c1__20250929_3.pdf,2025-09-29,2025-10-09,2026-09-05T20:19:14Z,2026-09-05T20:19:14Z,1,c632d657f9c13b1250d688394eb7c99956a994527cb56f4a77c86ed61ff1dbda,"{""record_no"":681,""country"":""パキスタン Islamic Republic of Pakistan"",""aliases"":[],""wmd"":""ミサイル、核 M,N"",""conventional_weapons"":""""}"
QTech,qtech,経済産業省 外国ユーザーリスト,c632d657f9c13b1250d688394eb7c99956a994527cb56f4a77c86ed61ff1dbda:682,https://www.meti.go.jp/policy/anpo/20250929_3.pdf,data/raw/meti_manual/20260905T201914Z__c632d657f9c1__20250929_3.pdf,2025-09-29,2025-10-09,2026-09-05T20:19:14Z,2026-09-05T20:19:14Z,1,c632d657f9c13b1250d688394eb7c99956a994527cb56f4a77c86ed61ff1dbda,"{""record_no"":682,""country"":""パキスタン Islamic Republic of Pakistan"",""aliases"":[""Quality Technology""],""wmd"":""核 N"",""conventional_weapons"":""""}"
RAINBOW SOLUTIONS,rainbowsolutions,経済産業省 外国ユーザーリスト,c632d657f9c13b1250d688394eb7c99956a994527cb56f4a77c86ed61ff1dbda:683,https://www.meti.go.jp/policy/anpo/20250929_3.pdf,data/raw/meti_manual/20260905T201914Z__c632d657f9c1__20250929_3.pdf,2025-09-29,2025-10-09,2026-09-05T20:19:14Z,2026-09-05T20:19:14Z,1,c632d657f9c13b1250d688394eb7c99956a994527cb56f4a77c86ed61ff1dbda,"{""record_no"":683,""country"":""パキスタン Islamic Republic of Pakistan"",""aliases"":[],""wmd"":""核 N"",""conventional_weapons"":""""}"
Rohtas Enterprises,rohtasenterprises,経済産業省 外国ユーザーリスト,c632d657f9c13b1250d688394eb7c99956a994527cb56f4a77c86ed61ff1dbda:684,https://www.meti.go.jp/policy/anpo/20250929_3.pdf,data/raw/meti_manual/20260905T201914Z__c632d657f9c1__20250929_3.pdf,2025-09-29,2025-10-09,2026-09-05T20:19:14Z,2026-09-05T20:19:14Z,1,c632d657f9c13b1250d688394eb7c99956a994527cb56f4a77c86ed61ff1dbda,"{""record_no"":684,""country"":""パキスタン Islamic Republic of Pakistan"",""aliases"":[],""wmd"":""核 N"",""conventional_weapons"":""""}"
S.M.B Associates,s.m.bassociates,経済産業省 外国ユーザーリスト,c632d657f9c13b1250d688394eb7c99956a994527cb56f4a77c86ed61ff1dbda:685,https://www.meti.go.jp/policy/anpo/20250929_3.pdf,data/raw/meti_manual/20260905T201914Z__c632d657f9c1__20250929_3.pdf,2025-09-29,2025-10-09,2026-09-05T20:19:14Z,2026-09-05T20:19:14Z,1,c632d657f9c13b1250d688394eb7c99956a994527cb56f4a77c86ed61ff1dbda,"{""record_no"":685,""country"":""パキスタン Islamic Republic of Pakistan"",""aliases"":[""SMB Associates""],""wmd"":""核 N"",""conventional_weapons"":""""}"
Samina Pvt. Ltd.,saminapvt.ltd.,経済産業省 外国ユーザーリスト,c632d657f9c13b1250d688394eb7c99956a994527cb56f4a77c86ed61ff1dbda:686,https://www.meti.go.jp/policy/anpo/20250929_3.pdf,data/raw/meti_manual/20260905T201914Z__c632d657f9c1__20250929_3.pdf,2025-09-29,2025-10-09,2026-09-05T20:19:14Z,2026-09-05T20:19:14Z,1,c632d657f9c13b1250d688394eb7c99956a994527cb56f4a77c86ed61ff1dbda,"{""record_no"":686,""country"":""パキスタン Islamic Republic of Pakistan"",""aliases"":[],""wmd"":""核 N"",""conventional_weapons"":""""}"
Sayyed Brothers Engineering Co. （SBEC）,sayyedbrothersengineeringco.(sbec),経済産業省 外国ユーザーリスト,c632d657f9c13b1250d688394eb7c99956a994527cb56f4a77c86ed61ff1dbda:687,https://www.meti.go.jp/policy/anpo/20250929_3.pdf,data/raw/meti_manual/20260905T201914Z__c632d657f9c1__20250929_3.pdf,2025-09-29,2025-10-09,2026-09-05T20:19:14Z,2026-09-05T20:19:14Z,1,c632d657f9c13b1250d688394eb7c99956a994527cb56f4a77c86ed61ff1dbda,"{""record_no"":687,""country"":""パキスタン Islamic Republic of Pakistan"",""aliases"":[],""wmd"":""核 N"",""conventional_weapons"":""""}"
Sci-Tech Global,sci-techglobal,経済産業省 外国ユーザーリスト,c632d657f9c13b1250d688394eb7c99956a994527cb56f4a77c86ed61ff1dbda:688,https://www.meti.go.jp/policy/anpo/20250929_3.pdf,data/raw/meti_manual/20260905T201914Z__c632d657f9c1__20250929_3.pdf,2025-09-29,2025-10-09,2026-09-05T20:19:14Z,2026-09-05T20:19:14Z,1,c632d657f9c13b1250d688394eb7c99956a994527cb56f4a77c86ed61ff1dbda,"{""record_no"":688,""country"":""パキスタン Islamic Republic of Pakistan"",""aliases"":[],""wmd"":""核 N"",""conventional_weapons"":""""}"
Sitara Chemical Industries Ltd.,sitarachemicalindustriesltd.,経済産業省 外国ユーザーリスト,c632d657f9c13b1250d688394eb7c99956a994527cb56f4a77c86ed61ff1dbda:689,https://www.meti.go.jp/policy/anpo/20250929_3.pdf,data/raw/meti_manual/20260905T201914Z__c632d657f9c1__20250929_3.pdf,2025-09-29,2025-10-09,2026-09-05T20:19:14Z,2026-09-05T20:19:14Z,1,c632d657f9c13b1250d688394eb7c99956a994527cb56f4a77c86ed61ff1dbda,"{""record_no"":689,""country"":""パキスタン Islamic Republic of Pakistan"",""aliases"":[""Sitara Chemicals Industries Ltd.""],""wmd"":""化学、核 C,N"",""conventional_weapons"":""""}"
Solutions Engineering Pvt. Ltd.,solutionsengineeringpvt.ltd.,経済産業省 外国ユーザーリスト,c632d657f9c13b1250d688394eb7c99956a994527cb56f4a77c86ed61ff1dbda:690,https://www.meti.go.jp/policy/anpo/20250929_3.pdf,data/raw/meti_manual/20260905T201914Z__c632d657f9c1__20250929_3.pdf,2025-09-29,2025-10-09,2026-09-05T20:19:14Z,2026-09-05T20:19:14Z,1,c632d657f9c13b1250d688394eb7c99956a994527cb56f4a77c86ed61ff1dbda,"{""record_no"":690,""country"":""パキスタン Islamic Republic of Pakistan"",""aliases"":[""Solutronix Engineering Pvt. Ltd."",""Solutronix Pvt. Ltd.""],""wmd"":""核 N"",""conventional_weapons"":""""}"
Space and Upper Atmosphere Research Commission (SUPARCO),spaceandupperatmosphereresearchcommission(suparco),経済産業省 外国ユーザーリスト,c632d657f9c13b1250d688394eb7c99956a994527cb56f4a77c86ed61ff1dbda:691,https://www.meti.go.jp/policy/anpo/20250929_3.pdf,data/raw/meti_manual/20260905T201914Z__c632d657f9c1__20250929_3.pdf,2025-09-29,2025-10-09,2026-09-05T20:19:14Z,2026-09-05T20:19:14Z,1,c632d657f9c13b1250d688394eb7c99956a994527cb56f4a77c86ed61ff1dbda,"{""record_no"":691,""country"":""パキスタン Islamic Republic of Pakistan"",""aliases"":[""Space and Upper Atmospheric Research Commission""],""wmd"":""ミサイル M"",""conventional_weapons"":""""}"
Sumico Technologies,sumicotechnologies,経済産業省 外国ユーザーリスト,c632d657f9c13b1250d688394eb7c99956a994527cb56f4a77c86ed61ff1dbda:692,https://www.meti.go.jp/policy/anpo/20250929_3.pdf,data/raw/meti_manual/20260905T201914Z__c632d657f9c1__20250929_3.pdf,2025-09-29,2025-10-09,2026-09-05T20:19:14Z,2026-09-05T20:19:14Z,1,c632d657f9c13b1250d688394eb7c99956a994527cb56f4a77c86ed61ff1dbda,"{""record_no"":692,""country"":""パキスタン Islamic Republic of Pakistan"",""aliases"":[],""wmd"":""ミサイル、核 M,N"",""conventional_weapons"":""""}"
Swan International Trading,swaninternationaltrading,経済産業省 外国ユーザーリスト,c632d657f9c13b1250d688394eb7c99956a994527cb56f4a77c86ed61ff1dbda:693,https://www.meti.go.jp/policy/anpo/20250929_3.pdf,data/raw/meti_manual/20260905T201914Z__c632d657f9c1__20250929_3.pdf,2025-09-29,2025-10-09,2026-09-05T20:19:14Z,2026-09-05T20:19:14Z,1,c632d657f9c13b1250d688394eb7c99956a994527cb56f4a77c86ed61ff1dbda,"{""record_no"":693,""country"":""パキスタン Islamic Republic of Pakistan"",""aliases"":[],""wmd"":""核 N"",""conventional_weapons"":""""}"
Techlink Communications,techlinkcommunications,経済産業省 外国ユーザーリスト,c632d657f9c13b1250d688394eb7c99956a994527cb56f4a77c86ed61ff1dbda:694,https://www.meti.go.jp/policy/anpo/20250929_3.pdf,data/raw/meti_manual/20260905T201914Z__c632d657f9c1__20250929_3.pdf,2025-09-29,2025-10-09,2026-09-05T20:19:14Z,2026-09-05T20:19:14Z,1,c632d657f9c13b1250d688394eb7c99956a994527cb56f4a77c86ed61ff1dbda,"{""record_no"":694,""country"":""パキスタン Islamic Republic of Pakistan"",""aliases"":[],""wmd"":""ミサイル、核 M,N"",""conventional_weapons"":""""}"
Techlinks,techlinks,経済産業省 外国ユーザーリスト,c632d657f9c13b1250d688394eb7c99956a994527cb56f4a77c86ed61ff1dbda:695,https://www.meti.go.jp/policy/anpo/20250929_3.pdf,data/raw/meti_manual/20260905T201914Z__c632d657f9c1__20250929_3.pdf,2025-09-29,2025-10-09,2026-09-05T20:19:14Z,2026-09-05T20:19:14Z,1,c632d657f9c13b1250d688394eb7c99956a994527cb56f4a77c86ed61ff1dbda,"{""record_no"":695,""country"":""パキスタン Islamic Republic of Pakistan"",""aliases"":[],""wmd"":""ミサイル、核 M,N"",""conventional_weapons"":""""}"
Techno-Commercial,techno-commercial,経済産業省 外国ユーザーリスト,c632d657f9c13b1250d688394eb7c99956a994527cb56f4a77c86ed61ff1dbda:696,https://www.meti.go.jp/policy/anpo/20250929_3.pdf,data/raw/meti_manual/20260905T201914Z__c632d657f9c1__20250929_3.pdf,2025-09-29,2025-10-09,2026-09-05T20:19:14Z,2026-09-05T20:19:14Z,1,c632d657f9c13b1250d688394eb7c99956a994527cb56f4a77c86ed61ff1dbda,"{""record_no"":696,""country"":""パキスタン Islamic Republic of Pakistan"",""aliases"":[""TCL"",""Techserve""],""wmd"":""核 N"",""conventional_weapons"":""""}"
Teko Global Vision Pvt Ltd,tekoglobalvisionpvtltd,経済産業省 外国ユーザーリスト,c632d657f9c13b1250d688394eb7c99956a994527cb56f4a77c86ed61ff1dbda:697,https://www.meti.go.jp/policy/anpo/20250929_3.pdf,data/raw/meti_manual/20260905T201914Z__c632d657f9c1__20250929_3.pdf,2025-09-29,2025-10-09,2026-09-05T20:19:14Z,2026-09-05T20:19:14Z,1,c632d657f9c13b1250d688394eb7c99956a994527cb56f4a77c86ed61ff1dbda,"{""record_no"":697,""country"":""パキスタン Islamic Republic of Pakistan"",""aliases"":[""Tianjin Hanex Technology Co., Ltd""],""wmd"":""ミサイル、核 M,N"",""conventional_weapons"":""""}"
TELEC Electronics & Machinery (Pvt) Ltd.,telecelectronics&machinery(pvt)ltd.,経済産業省 外国ユーザーリスト,c632d657f9c13b1250d688394eb7c99956a994527cb56f4a77c86ed61ff1dbda:698,https://www.meti.go.jp/policy/anpo/20250929_3.pdf,data/raw/meti_manual/20260905T201914Z__c632d657f9c1__20250929_3.pdf,2025-09-29,2025-10-09,2026-09-05T20:19:14Z,2026-09-05T20:19:14Z,1,c632d657f9c13b1250d688394eb7c99956a994527cb56f4a77c86ed61ff1dbda,"{""record_no"":698,""country"":""パキスタン Islamic Republic of Pakistan"",""aliases"":[""TELEC""],""wmd"":""ミサイル、核 M,N"",""conventional_weapons"":""""}"
The Sadidians,thesadidians,経済産業省 外国ユーザーリスト,c632d657f9c13b1250d688394eb7c99956a994527cb56f4a77c86ed61ff1dbda:699,https://www.meti.go.jp/policy/anpo/20250929_3.pdf,data/raw/meti_manual/20260905T201914Z__c632d657f9c1__20250929_3.pdf,2025-09-29,2025-10-09,2026-09-05T20:19:14Z,2026-09-05T20:19:14Z,1,c632d657f9c13b1250d688394eb7c99956a994527cb56f4a77c86ed61ff1dbda,"{""record_no"":699,""country"":""パキスタン Islamic Republic of Pakistan"",""aliases"":[],""wmd"":""核 Ｎ"",""conventional_weapons"":""""}"
Time & Tune,time&tune,経済産業省 外国ユーザーリスト,c632d657f9c13b1250d688394eb7c99956a994527cb56f4a77c86ed61ff1dbda:700,https://www.meti.go.jp/policy/anpo/20250929_3.pdf,data/raw/meti_manual/20260905T201914Z__c632d657f9c1__20250929_3.pdf,2025-09-29,2025-10-09,2026-09-05T20:19:14Z,2026-09-05T20:19:14Z,1,c632d657f9c13b1250d688394eb7c99956a994527cb56f4a77c86ed61ff1dbda,"{""record_no"":700,""country"":""パキスタン Islamic Republic of Pakistan"",""aliases"":[],""wmd"":""ミサイル、核 M,N"",""conventional_weapons"":""""}"
Triton Educational Equipment & Consultancy Co.,tritoneducationalequipment&consultancyco.,経済産業省 外国ユーザーリスト,c632d657f9c13b1250d688394eb7c99956a994527cb56f4a77c86ed61ff1dbda:701,https://www.meti.go.jp/policy/anpo/20250929_3.pdf,data/raw/meti_manual/20260905T201914Z__c632d657f9c1__20250929_3.pdf,2025-09-29,2025-10-09,2026-09-05T20:19:14Z,2026-09-05T20:19:14Z,1,c632d657f9c13b1250d688394eb7c99956a994527cb56f4a77c86ed61ff1dbda,"{""record_no"":701,""country"":""パキスタン Islamic Republic of Pakistan"",""aliases"":[],""wmd"":""核 N"",""conventional_weapons"":""""}"
UEC (Pvt.) Ltd.,uec(pvt.)ltd.,経済産業省 外国ユーザーリスト,c632d657f9c13b1250d688394eb7c99956a994527cb56f4a77c86ed61ff1dbda:702,https://www.meti.go.jp/policy/anpo/20250929_3.pdf,data/raw/meti_manual/20260905T201914Z__c632d657f9c1__20250929_3.pdf,2025-09-29,2025-10-09,2026-09-05T20:19:14Z,2026-09-05T20:19:14Z,1,c632d657f9c13b1250d688394eb7c99956a994527cb56f4a77c86ed61ff1dbda,"{""record_no"":702,""country"":""パキスタン Islamic Republic of Pakistan"",""aliases"":[],""wmd"":""核 N"",""conventional_weapons"":""""}"
Universal Tooling Services,universaltoolingservices,経済産業省 外国ユーザーリスト,c632d657f9c13b1250d688394eb7c99956a994527cb56f4a77c86ed61ff1dbda:703,https://www.meti.go.jp/policy/anpo/20250929_3.pdf,data/raw/meti_manual/20260905T201914Z__c632d657f9c1__20250929_3.pdf,2025-09-29,2025-10-09,2026-09-05T20:19:14Z,2026-09-05T20:19:14Z,1,c632d657f9c13b1250d688394eb7c99956a994527cb56f4a77c86ed61ff1dbda,"{""record_no"":703,""country"":""パキスタン Islamic Republic of Pakistan"",""aliases"":[""Forward Design and Manufacturing"",""MSM Enterprises"",""Technopak Engineering""],""wmd"":""ミサイル、核 M,N"",""conventional_weapons"":""""}"
Value Additions (Pvt) Limited.,valueadditions(pvt)limited.,経済産業省 外国ユーザーリスト,c632d657f9c13b1250d688394eb7c99956a994527cb56f4a77c86ed61ff1dbda:704,https://www.meti.go.jp/policy/anpo/20250929_3.pdf,data/raw/meti_manual/20260905T201914Z__c632d657f9c1__20250929_3.pdf,2025-09-29,2025-10-09,2026-09-05T20:19:14Z,2026-09-05T20:19:14Z,1,c632d657f9c13b1250d688394eb7c99956a994527cb56f4a77c86ed61ff1dbda,"{""record_no"":704,""country"":""パキスタン Islamic Republic of Pakistan"",""aliases"":[],""wmd"":""ミサイル、核 M,N"",""conventional_weapons"":""""}"
"ADVANTAGE TRADING CO., LIMITED",limitedadvantagetradingco.,経済産業省 外国ユーザーリスト,c632d657f9c13b1250d688394eb7c99956a994527cb56f4a77c86ed61ff1dbda:705,https://www.meti.go.jp/policy/anpo/20250929_3.pdf,data/raw/meti_manual/20260905T201914Z__c632d657f9c1__20250929_3.pdf,2025-09-29,2025-10-09,2026-09-05T20:19:14Z,2026-09-05T20:19:14Z,1,c632d657f9c13b1250d688394eb7c99956a994527cb56f4a77c86ed61ff1dbda,"{""record_no"":705,""country"":""香港 Hong Kong"",""aliases"":[""Jin Ying Trading Co., Ltd."",""优势贸易有限公司""],""wmd"":""ミサイル M"",""conventional_weapons"":""""}"
ARTTRONIX INTERNATIONAL HK LIMITED （億電國際香港有限公司）,arttronixinternationalhklimited(億電國際香港有限公司),経済産業省 外国ユーザーリスト,c632d657f9c13b1250d688394eb7c99956a994527cb56f4a77c86ed61ff1dbda:706,https://www.meti.go.jp/policy/anpo/20250929_3.pdf,data/raw/meti_manual/20260905T201914Z__c632d657f9c1__20250929_3.pdf,2025-09-29,2025-10-09,2026-09-05T20:19:14Z,2026-09-05T20:19:14Z,1,c632d657f9c13b1250d688394eb7c99956a994527cb56f4a77c86ed61ff1dbda,"{""record_no"":706,""country"":""香港 Hong Kong"",""aliases"":[""Arttronix"",""ADERAL INDUSTRIAL HK LTD.""],""wmd"":""ミサイル、核 M、N"",""conventional_weapons"":""""}"
BRIGHT SHORE INC LIMITED,brightshoreinclimited,経済産業省 外国ユーザーリスト,c632d657f9c13b1250d688394eb7c99956a994527cb56f4a77c86ed61ff1dbda:707,https://www.meti.go.jp/policy/anpo/20250929_3.pdf,data/raw/meti_manual/20260905T201914Z__c632d657f9c1__20250929_3.pdf,2025-09-29,2025-10-09,2026-09-05T20:19:14Z,2026-09-05T20:19:14Z,1,c632d657f9c13b1250d688394eb7c99956a994527cb56f4a77c86ed61ff1dbda,"{""record_no"":707,""country"":""香港 Hong Kong"",""aliases"":[],""wmd"":""ミサイル、核 M、N"",""conventional_weapons"":""""}"
BTW INTERNATIONAL LIMITED,btwinternationallimited,経済産業省 外国ユーザーリスト,c632d657f9c13b1250d688394eb7c99956a994527cb56f4a77c86ed61ff1dbda:708,https://www.meti.go.jp/policy/anpo/20250929_3.pdf,data/raw/meti_manual/20260905T201914Z__c632d657f9c1__20250929_3.pdf,2025-09-29,2025-10-09,2026-09-05T20:19:14Z,2026-09-05T20:19:14Z,1,c632d657f9c13b1250d688394eb7c99956a994527cb56f4a77c86ed61ff1dbda,"{""record_no"":708,""country"":""香港 Hong Kong"",""aliases"":[],""wmd"":""ミサイル、核 M、N"",""conventional_weapons"":""""}"
CHINA CHLORATE TECH CO LIMITED,chinachloratetechcolimited,経済産業省 外国ユーザーリスト,c632d657f9c13b1250d688394eb7c99956a994527cb56f4a77c86ed61ff1dbda:709,https://www.meti.go.jp/policy/anpo/20250929_3.pdf,data/raw/meti_manual/20260905T201914Z__c632d657f9c1__20250929_3.pdf,2025-09-29,2025-10-09,2026-09-05T20:19:14Z,2026-09-05T20:19:14Z,1,c632d657f9c13b1250d688394eb7c99956a994527cb56f4a77c86ed61ff1dbda,"{""record_no"":709,""country"":""香港 Hong Kong"",""aliases"":[],""wmd"":""ミサイル M"",""conventional_weapons"":""""}"
CLOUD ELEMENT COMPANY LIMITED,cloudelementcompanylimited,経済産業省 外国ユーザーリスト,c632d657f9c13b1250d688394eb7c99956a994527cb56f4a77c86ed61ff1dbda:710,https://www.meti.go.jp/policy/anpo/20250929_3.pdf,data/raw/meti_manual/20260905T201914Z__c632d657f9c1__20250929_3.pdf,2025-09-29,2025-10-09,2026-09-05T20:19:14Z,2026-09-05T20:19:14Z,1,c632d657f9c13b1250d688394eb7c99956a994527cb56f4a77c86ed61ff1dbda,"{""record_no"":710,""country"":""香港 Hong Kong"",""aliases"":[],""wmd"":""ミサイル、核 M、N"",""conventional_weapons"":""""}"
"DALI RF TECHNOLOGY CO., LIMITED （大立射頻技術有限公司）",limited(大立射頻技術有限公司)dalirftechnologyco.,経済産業省 外国ユーザーリスト,c632d657f9c13b1250d688394eb7c99956a994527cb56f4a77c86ed61ff1dbda:711,https://www.meti.go.jp/policy/anpo/20250929_3.pdf,data/raw/meti_manual/20260905T201914Z__c632d657f9c1__20250929_3.pdf,2025-09-29,2025-10-09,2026-09-05T20:19:14Z,2026-09-05T20:19:14Z,1,c632d657f9c13b1250d688394eb7c99956a994527cb56f4a77c86ed61ff1dbda,"{""record_no"":711,""country"":""香港 Hong Kong"",""aliases"":[],""wmd"":""ミサイル M"",""conventional_weapons"":""""}"
Detail Technology (HK) Limited,detailtechnology(hk)limited,経済産業省 外国ユーザーリスト,c632d657f9c13b1250d688394eb7c99956a994527cb56f4a77c86ed61ff1dbda:712,https://www.meti.go.jp/policy/anpo/20250929_3.pdf,data/raw/meti_manual/20260905T201914Z__c632d657f9c1__20250929_3.pdf,2025-09-29,2025-10-09,2026-09-05T20:19:14Z,2026-09-05T20:19:14Z,1,c632d657f9c13b1250d688394eb7c99956a994527cb56f4a77c86ed61ff1dbda,"{""record_no"":712,""country"":""香港 Hong Kong"",""aliases"":[],""wmd"":""ミサイル M"",""conventional_weapons"":""""}"
DIRAC TECHNOLOGY HK LIMITED,diractechnologyhklimited,経済産業省 外国ユーザーリスト,c632d657f9c13b1250d688394eb7c99956a994527cb56f4a77c86ed61ff1dbda:713,https://www.meti.go.jp/policy/anpo/20250929_3.pdf,data/raw/meti_manual/20260905T201914Z__c632d657f9c1__20250929_3.pdf,2025-09-29,2025-10-09,2026-09-05T20:19:14Z,2026-09-05T20:19:14Z,1,c632d657f9c13b1250d688394eb7c99956a994527cb56f4a77c86ed61ff1dbda,"{""record_no"":713,""country"":""香港 Hong Kong"",""aliases"":[""Dirac Technology (HK) Limited Group""],""wmd"":""ミサイル M"",""conventional_weapons"":""""}"
DULING TECHNOLOGY (HK) LIMITED. （都灵科技香港有限公司）,dulingtechnology(hk)limited.(都灵科技香港有限公司),経済産業省 外国ユーザーリスト,c632d657f9c13b1250d688394eb7c99956a994527cb56f4a77c86ed61ff1dbda:714,https://www.meti.go.jp/policy/anpo/20250929_3.pdf,data/raw/meti_manual/20260905T201914Z__c632d657f9c1__20250929_3.pdf,2025-09-29,2025-10-09,2026-09-05T20:19:14Z,2026-09-05T20:19:14Z,1,c632d657f9c13b1250d688394eb7c99956a994527cb56f4a77c86ed61ff1dbda,"{""record_no"":714,""country"":""香港 Hong Kong"",""aliases"":[""Duling Technology""],""wmd"":""ミサイル M"",""conventional_weapons"":""""}"
"FY INTERNATIONAL TRADING CO., LIMITED （伊國際貿易有限公司）",limited(伊國際貿易有限公司)fyinternationaltradingco.,経済産業省 外国ユーザーリスト,c632d657f9c13b1250d688394eb7c99956a994527cb56f4a77c86ed61ff1dbda:715,https://www.meti.go.jp/policy/anpo/20250929_3.pdf,data/raw/meti_manual/20260905T201914Z__c632d657f9c1__20250929_3.pdf,2025-09-29,2025-10-09,2026-09-05T20:19:14Z,2026-09-05T20:19:14Z,1,c632d657f9c13b1250d688394eb7c99956a994527cb56f4a77c86ed61ff1dbda,"{""record_no"":715,""country"":""香港 Hong Kong"",""aliases"":[""FYIT""],""wmd"":""ミサイル M"",""conventional_weapons"":""""}"
General Technology Limited（大眾科技有限公司 ）,generaltechnologylimited(大眾科技有限公司),経済産業省 外国ユーザーリスト,c632d657f9c13b1250d688394eb7c99956a994527cb56f4a77c86ed61ff1dbda:716,https://www.meti.go.jp/policy/anpo/20250929_3.pdf,data/raw/meti_manual/20260905T201914Z__c632d657f9c1__20250929_3.pdf,2025-09-29,2025-10-09,2026-09-05T20:19:14Z,2026-09-05T20:19:14Z,1,c632d657f9c13b1250d688394eb7c99956a994527cb56f4a77c86ed61ff1dbda,"{""record_no"":716,""country"":""香港 Hong Kong"",""aliases"":[],""wmd"":""ミサイル M"",""conventional_weapons"":""""}"
HONGKONG HIMARK ELECTRON MODEL LIMITED （香港華邁電子模型有限公司）,hongkonghimarkelectronmodellimited(香港華邁電子模型有限公司),経済産業省 外国ユーザーリスト,c632d657f9c13b1250d688394eb7c99956a994527cb56f4a77c86ed61ff1dbda:717,https://www.meti.go.jp/policy/anpo/20250929_3.pdf,data/raw/meti_manual/20260905T201914Z__c632d657f9c1__20250929_3.pdf,2025-09-29,2025-10-09,2026-09-05T20:19:14Z,2026-09-05T20:19:14Z,1,c632d657f9c13b1250d688394eb7c99956a994527cb56f4a77c86ed61ff1dbda,"{""record_no"":717,""country"":""香港 Hong Kong"",""aliases"":[""Hongkong Himark""],""wmd"":""ミサイル M"",""conventional_weapons"":""""}"
"HONG KONG KE.DO INTERNATIONAL TRADE CO., LIMITED（香港科鬥國際貿易有限公司）",limited(香港科鬥國際貿易有限公司)hongkongke.dointernationaltradeco.,経済産業省 外国ユーザーリスト,c632d657f9c13b1250d688394eb7c99956a994527cb56f4a77c86ed61ff1dbda:718,https://www.meti.go.jp/policy/anpo/20250929_3.pdf,data/raw/meti_manual/20260905T201914Z__c632d657f9c1__20250929_3.pdf,2025-09-29,2025-10-09,2026-09-05T20:19:14Z,2026-09-05T20:19:14Z,1,c632d657f9c13b1250d688394eb7c99956a994527cb56f4a77c86ed61ff1dbda,"{""record_no"":718,""country"":""香港 Hong Kong"",""aliases"":[""Hong Kong Ke.Do""],""wmd"":""ミサイル M"",""conventional_weapons"":""""}"
ICGOO ELECTRONICS LIMITED（創新在線電子有限公 司）,icgooelectronicslimited(創新在線電子有限公司),経済産業省 外国ユーザーリスト,c632d657f9c13b1250d688394eb7c99956a994527cb56f4a77c86ed61ff1dbda:719,https://www.meti.go.jp/policy/anpo/20250929_3.pdf,data/raw/meti_manual/20260905T201914Z__c632d657f9c1__20250929_3.pdf,2025-09-29,2025-10-09,2026-09-05T20:19:14Z,2026-09-05T20:19:14Z,1,c632d657f9c13b1250d688394eb7c99956a994527cb56f4a77c86ed61ff1dbda,"{""record_no"":719,""country"":""香港 Hong Kong"",""aliases"":[""ICGOO Online Mall""],""wmd"":""ミサイル M"",""conventional_weapons"":""""}"
JOTRIN ELECTRONICS LIMITED,jotrinelectronicslimited,経済産業省 外国ユーザーリスト,c632d657f9c13b1250d688394eb7c99956a994527cb56f4a77c86ed61ff1dbda:720,https://www.meti.go.jp/policy/anpo/20250929_3.pdf,data/raw/meti_manual/20260905T201914Z__c632d657f9c1__20250929_3.pdf,2025-09-29,2025-10-09,2026-09-05T20:19:14Z,2026-09-05T20:19:14Z,1,c632d657f9c13b1250d688394eb7c99956a994527cb56f4a77c86ed61ff1dbda,"{""record_no"":720,""country"":""香港 Hong Kong"",""aliases"":[""杰驰电子有限公司"",""深圳市杰驰电子有限公司"",""Shenzhen Jotrin Electronics Co. Ltd.""],""wmd"":""ミサイル M"",""conventional_weapons"":""""}"
K Logistics (China) Limited （快急送物流(中國)有限公司）,klogistics(china)limited(快急送物流(中國)有限公司),経済産業省 外国ユーザーリスト,c632d657f9c13b1250d688394eb7c99956a994527cb56f4a77c86ed61ff1dbda:721,https://www.meti.go.jp/policy/anpo/20250929_3.pdf,data/raw/meti_manual/20260905T201914Z__c632d657f9c1__20250929_3.pdf,2025-09-29,2025-10-09,2026-09-05T20:19:14Z,2026-09-05T20:19:14Z,1,c632d657f9c13b1250d688394eb7c99956a994527cb56f4a77c86ed61ff1dbda,"{""record_no"":721,""country"":""香港 Hong Kong"",""aliases"":[""K Logistics Hong Kong"",""精滙企管科技有限公司"",""3M Limited"",""Kingway Managing Technic Limited""],""wmd"":""ミサイル M"",""conventional_weapons"":""""}"
"NANXIGU TECHNOLOGY CO., LIMITED（南溪穀科技有 限公司）",limited(南溪穀科技有限公司)nanxigutechnologyco.,経済産業省 外国ユーザーリスト,c632d657f9c13b1250d688394eb7c99956a994527cb56f4a77c86ed61ff1dbda:722,https://www.meti.go.jp/policy/anpo/20250929_3.pdf,data/raw/meti_manual/20260905T201914Z__c632d657f9c1__20250929_3.pdf,2025-09-29,2025-10-09,2026-09-05T20:19:14Z,2026-09-05T20:19:14Z,1,c632d657f9c13b1250d688394eb7c99956a994527cb56f4a77c86ed61ff1dbda,"{""record_no"":722,""country"":""香港 Hong Kong"",""aliases"":[],""wmd"":""ミサイル M"",""conventional_weapons"":""""}"
LINGOE PROCESS ENGINEERING LIMITED,lingoeprocessengineeringlimited,経済産業省 外国ユーザーリスト,c632d657f9c13b1250d688394eb7c99956a994527cb56f4a77c86ed61ff1dbda:723,https://www.meti.go.jp/policy/anpo/20250929_3.pdf,data/raw/meti_manual/20260905T201914Z__c632d657f9c1__20250929_3.pdf,2025-09-29,2025-10-09,2026-09-05T20:19:14Z,2026-09-05T20:19:14Z,1,c632d657f9c13b1250d688394eb7c99956a994527cb56f4a77c86ed61ff1dbda,"{""record_no"":723,""country"":""香港 Hong Kong"",""aliases"":[""Lingoe""],""wmd"":""ミサイル M"",""conventional_weapons"":""""}"
RAVEN INTERNATIONAL TRADE LIMITED（瑞文機械有 限公司）,raveninternationaltradelimited(瑞文機械有限公司),経済産業省 外国ユーザーリスト,c632d657f9c13b1250d688394eb7c99956a994527cb56f4a77c86ed61ff1dbda:724,https://www.meti.go.jp/policy/anpo/20250929_3.pdf,data/raw/meti_manual/20260905T201914Z__c632d657f9c1__20250929_3.pdf,2025-09-29,2025-10-09,2026-09-05T20:19:14Z,2026-09-05T20:19:14Z,1,c632d657f9c13b1250d688394eb7c99956a994527cb56f4a77c86ed61ff1dbda,"{""record_no"":724,""country"":""香港 Hong Kong"",""aliases"":[],""wmd"":""ミサイル M"",""conventional_weapons"":""""}"
TAS TECHNOLOGY COMPANY LIMITED,tastechnologycompanylimited,経済産業省 外国ユーザーリスト,c632d657f9c13b1250d688394eb7c99956a994527cb56f4a77c86ed61ff1dbda:725,https://www.meti.go.jp/policy/anpo/20250929_3.pdf,data/raw/meti_manual/20260905T201914Z__c632d657f9c1__20250929_3.pdf,2025-09-29,2025-10-09,2026-09-05T20:19:14Z,2026-09-05T20:19:14Z,1,c632d657f9c13b1250d688394eb7c99956a994527cb56f4a77c86ed61ff1dbda,"{""record_no"":725,""country"":""香港 Hong Kong"",""aliases"":[""TAS TECHNOLOGY CO., LIMITED""],""wmd"":""ミサイル、核 M、N"",""conventional_weapons"":""""}"
WIN KEY LIMITED,winkeylimited,経済産業省 外国ユーザーリスト,c632d657f9c13b1250d688394eb7c99956a994527cb56f4a77c86ed61ff1dbda:726,https://www.meti.go.jp/policy/anpo/20250929_3.pdf,data/raw/meti_manual/20260905T201914Z__c632d657f9c1__20250929_3.pdf,2025-09-29,2025-10-09,2026-09-05T20:19:14Z,2026-09-05T20:19:14Z,1,c632d657f9c13b1250d688394eb7c99956a994527cb56f4a77c86ed61ff1dbda,"{""record_no"":726,""country"":""香港 Hong Kong"",""aliases"":[],""wmd"":""ミサイル M"",""conventional_weapons"":""""}"
Best Electronics S.A.L,bestelectronicss.a.l,経済産業省 外国ユーザーリスト,c632d657f9c13b1250d688394eb7c99956a994527cb56f4a77c86ed61ff1dbda:727,https://www.meti.go.jp/policy/anpo/20250929_3.pdf,data/raw/meti_manual/20260905T201914Z__c632d657f9c1__20250929_3.pdf,2025-09-29,2025-10-09,2026-09-05T20:19:14Z,2026-09-05T20:19:14Z,1,c632d657f9c13b1250d688394eb7c99956a994527cb56f4a77c86ed61ff1dbda,"{""record_no"":727,""country"":""レバノン Republic of Lebanon"",""aliases"":[],""wmd"":""生物、化学、ミサイル B,C,M"",""conventional_weapons"":""""}"
Denise Company,denisecompany,経済産業省 外国ユーザーリスト,c632d657f9c13b1250d688394eb7c99956a994527cb56f4a77c86ed61ff1dbda:728,https://www.meti.go.jp/policy/anpo/20250929_3.pdf,data/raw/meti_manual/20260905T201914Z__c632d657f9c1__20250929_3.pdf,2025-09-29,2025-10-09,2026-09-05T20:19:14Z,2026-09-05T20:19:14Z,1,c632d657f9c13b1250d688394eb7c99956a994527cb56f4a77c86ed61ff1dbda,"{""record_no"":728,""country"":""レバノン Republic of Lebanon"",""aliases"":[],""wmd"":""生物、化学、ミサイル B,C,M"",""conventional_weapons"":""""}"
EFAB S.A.R.L,efabs.a.r.l,経済産業省 外国ユーザーリスト,c632d657f9c13b1250d688394eb7c99956a994527cb56f4a77c86ed61ff1dbda:729,https://www.meti.go.jp/policy/anpo/20250929_3.pdf,data/raw/meti_manual/20260905T201914Z__c632d657f9c1__20250929_3.pdf,2025-09-29,2025-10-09,2026-09-05T20:19:14Z,2026-09-05T20:19:14Z,1,c632d657f9c13b1250d688394eb7c99956a994527cb56f4a77c86ed61ff1dbda,"{""record_no"":729,""country"":""レバノン Republic of Lebanon"",""aliases"":[],""wmd"":""生物、化学、ミサイル B,C,M"",""conventional_weapons"":""""}"
EKT Electronics,ektelectronics,経済産業省 外国ユーザーリスト,c632d657f9c13b1250d688394eb7c99956a994527cb56f4a77c86ed61ff1dbda:730,https://www.meti.go.jp/policy/anpo/20250929_3.pdf,data/raw/meti_manual/20260905T201914Z__c632d657f9c1__20250929_3.pdf,2025-09-29,2025-10-09,2026-09-05T20:19:14Z,2026-09-05T20:19:14Z,1,c632d657f9c13b1250d688394eb7c99956a994527cb56f4a77c86ed61ff1dbda,"{""record_no"":730,""country"":""レバノン Republic of Lebanon"",""aliases"":[""AL AMIR ELECTRONICS"",""ALAMIR ELECTRONICS"",""AL-AMIR ELECTRONICS"",""AMIRCO ELECTRONICS"",""E.K.T. (KATRANGI BROS.)"",""EKT"",""EKT (KATRANGI BROS)"",""EKT ELECTRONICS"",""EKT KATRANGI BROTHERS"",""ELECTRONIC KATRANGI GROUP"",""ELECTRONIC SYSTEM GROUP"",""ESG"",""KATRANGI ELECTRONICS"",""KATRANGI FOR ELECTRONICS INDUSTRIES"",""KATRANGI TRADING KATRANJI LABS"",""LUMIERE ELYSEES (Latin: LUMIÈRE ELYSÉES)"",""NKTRONICS"",""SMART GREEN POWER"",""SMART PEGASUS E.K.T.""],""wmd"":""生物、化学、ミサイル B,C,M"",""conventional_weapons"":""""}"
POLO TRADING,polotrading,経済産業省 外国ユーザーリスト,c632d657f9c13b1250d688394eb7c99956a994527cb56f4a77c86ed61ff1dbda:731,https://www.meti.go.jp/policy/anpo/20250929_3.pdf,data/raw/meti_manual/20260905T201914Z__c632d657f9c1__20250929_3.pdf,2025-09-29,2025-10-09,2026-09-05T20:19:14Z,2026-09-05T20:19:14Z,1,c632d657f9c13b1250d688394eb7c99956a994527cb56f4a77c86ed61ff1dbda,"{""record_no"":731,""country"":""レバノン Republic of Lebanon"",""aliases"":[],""wmd"":""生物、化学、ミサイル B,C,M"",""conventional_weapons"":""""}"
Shadi for Cars Trading,shadiforcarstrading,経済産業省 外国ユーザーリスト,c632d657f9c13b1250d688394eb7c99956a994527cb56f4a77c86ed61ff1dbda:732,https://www.meti.go.jp/policy/anpo/20250929_3.pdf,data/raw/meti_manual/20260905T201914Z__c632d657f9c1__20250929_3.pdf,2025-09-29,2025-10-09,2026-09-05T20:19:14Z,2026-09-05T20:19:14Z,1,c632d657f9c13b1250d688394eb7c99956a994527cb56f4a77c86ed61ff1dbda,"{""record_no"":732,""country"":""レバノン Republic of Lebanon"",""aliases"":[],""wmd"":""生物、化学、ミサイル B,C,M"",""conventional_weapons"":""""}"
Technolab,technolab,経済産業省 外国ユーザーリスト,c632d657f9c13b1250d688394eb7c99956a994527cb56f4a77c86ed61ff1dbda:733,https://www.meti.go.jp/policy/anpo/20250929_3.pdf,data/raw/meti_manual/20260905T201914Z__c632d657f9c1__20250929_3.pdf,2025-09-29,2025-10-09,2026-09-05T20:19:14Z,2026-09-05T20:19:14Z,1,c632d657f9c13b1250d688394eb7c99956a994527cb56f4a77c86ed61ff1dbda,"{""record_no"":733,""country"":""レバノン Republic of Lebanon"",""aliases"":[""Techno Lab""],""wmd"":""生物、化学、ミサイル B,C,M"",""conventional_weapons"":""""}"
TOP TECHNOLOGIES SARL,toptechnologiessarl,経済産業省 外国ユーザーリスト,c632d657f9c13b1250d688394eb7c99956a994527cb56f4a77c86ed61ff1dbda:734,https://www.meti.go.jp/policy/anpo/20250929_3.pdf,data/raw/meti_manual/20260905T201914Z__c632d657f9c1__20250929_3.pdf,2025-09-29,2025-10-09,2026-09-05T20:19:14Z,2026-09-05T20:19:14Z,1,c632d657f9c13b1250d688394eb7c99956a994527cb56f4a77c86ed61ff1dbda,"{""record_no"":734,""country"":""レバノン Republic of Lebanon"",""aliases"":[],""wmd"":""生物、化学、ミサイル B,C,M"",""conventional_weapons"":""""}"
Vibes International Inc Sarl,vibesinternationalincsarl,経済産業省 外国ユーザーリスト,c632d657f9c13b1250d688394eb7c99956a994527cb56f4a77c86ed61ff1dbda:735,https://www.meti.go.jp/policy/anpo/20250929_3.pdf,data/raw/meti_manual/20260905T201914Z__c632d657f9c1__20250929_3.pdf,2025-09-29,2025-10-09,2026-09-05T20:19:14Z,2026-09-05T20:19:14Z,1,c632d657f9c13b1250d688394eb7c99956a994527cb56f4a77c86ed61ff1dbda,"{""record_no"":735,""country"":""レバノン Republic of Lebanon"",""aliases"":[],""wmd"":""生物、化学、ミサイル B,C,M"",""conventional_weapons"":""""}"
27th Scientific Center of the Russian Ministry of Defense,27thscientificcenteroftherussianministryofdefense,経済産業省 外国ユーザーリスト,c632d657f9c13b1250d688394eb7c99956a994527cb56f4a77c86ed61ff1dbda:736,https://www.meti.go.jp/policy/anpo/20250929_3.pdf,data/raw/meti_manual/20260905T201914Z__c632d657f9c1__20250929_3.pdf,2025-09-29,2025-10-09,2026-09-05T20:19:14Z,2026-09-05T20:19:14Z,1,c632d657f9c13b1250d688394eb7c99956a994527cb56f4a77c86ed61ff1dbda,"{""record_no"":736,""country"":""ロシア Russian Federation"",""aliases"":[""27th NTs"",""FEDERAL STATE BUDGETARY ESTABLISHMENT 27 SCIENTIFIC CENTER OF THE MINISTRY OF DEFENSE OF THE RUSSIAN FEDERATION""],""wmd"":""化学 C"",""conventional_weapons"":""""}"
33rd Scientific Research and Testing Institute,33rdscientificresearchandtestinginstitute,経済産業省 外国ユーザーリスト,c632d657f9c13b1250d688394eb7c99956a994527cb56f4a77c86ed61ff1dbda:737,https://www.meti.go.jp/policy/anpo/20250929_3.pdf,data/raw/meti_manual/20260905T201914Z__c632d657f9c1__20250929_3.pdf,2025-09-29,2025-10-09,2026-09-05T20:19:14Z,2026-09-05T20:19:14Z,1,c632d657f9c13b1250d688394eb7c99956a994527cb56f4a77c86ed61ff1dbda,"{""record_no"":737,""country"":""ロシア Russian Federation"",""aliases"":[""33rd TsNIII"",""FEDERAL STATE BUDGETARY ESTABLISHMENT 33 CENTRAL SCIENTIFIC RESEARCH TEST INSTITUTE OF THE MINISTRY OF DEFENSE OF THE RUSSIAN""],""wmd"":""化学 C"",""conventional_weapons"":""""}"
Admiralty Shipyard JSC,admiraltyshipyardjsc,経済産業省 外国ユーザーリスト,c632d657f9c13b1250d688394eb7c99956a994527cb56f4a77c86ed61ff1dbda:738,https://www.meti.go.jp/policy/anpo/20250929_3.pdf,data/raw/meti_manual/20260905T201914Z__c632d657f9c1__20250929_3.pdf,2025-09-29,2025-10-09,2026-09-05T20:19:14Z,2026-09-05T20:19:14Z,1,c632d657f9c13b1250d688394eb7c99956a994527cb56f4a77c86ed61ff1dbda,"{""record_no"":738,""country"":""ロシア Russian Federation"",""aliases"":[],""wmd"":"""",""conventional_weapons"":""通常兵器 CW""}"
AO GNPP Region,aognppregion,経済産業省 外国ユーザーリスト,c632d657f9c13b1250d688394eb7c99956a994527cb56f4a77c86ed61ff1dbda:739,https://www.meti.go.jp/policy/anpo/20250929_3.pdf,data/raw/meti_manual/20260905T201914Z__c632d657f9c1__20250929_3.pdf,2025-09-29,2025-10-09,2026-09-05T20:19:14Z,2026-09-05T20:19:14Z,1,c632d657f9c13b1250d688394eb7c99956a994527cb56f4a77c86ed61ff1dbda,"{""record_no"":739,""country"":""ロシア Russian Federation"",""aliases"":[""\""Region\"" Scientific & Production Enterprise JSC""],""wmd"":"""",""conventional_weapons"":""通常兵器 CW""}"
AO Kronshtadt,aokronshtadt,経済産業省 外国ユーザーリスト,c632d657f9c13b1250d688394eb7c99956a994527cb56f4a77c86ed61ff1dbda:740,https://www.meti.go.jp/policy/anpo/20250929_3.pdf,data/raw/meti_manual/20260905T201914Z__c632d657f9c1__20250929_3.pdf,2025-09-29,2025-10-09,2026-09-05T20:19:14Z,2026-09-05T20:19:14Z,1,c632d657f9c13b1250d688394eb7c99956a994527cb56f4a77c86ed61ff1dbda,"{""record_no"":740,""country"":""ロシア Russian Federation"",""aliases"":[""Kronshtadt Group"",""Kronshtadt"",""Kronde Group"",""ZAO Kronshtadt""],""wmd"":""ミサイル M"",""conventional_weapons"":""通常兵器 CW""}"
AO PKK Milandr,aopkkmilandr,経済産業省 外国ユーザーリスト,c632d657f9c13b1250d688394eb7c99956a994527cb56f4a77c86ed61ff1dbda:741,https://www.meti.go.jp/policy/anpo/20250929_3.pdf,data/raw/meti_manual/20260905T201914Z__c632d657f9c1__20250929_3.pdf,2025-09-29,2025-10-09,2026-09-05T20:19:14Z,2026-09-05T20:19:14Z,1,c632d657f9c13b1250d688394eb7c99956a994527cb56f4a77c86ed61ff1dbda,"{""record_no"":741,""country"":""ロシア Russian Federation"",""aliases"":[""JSC ICC MILANDR"",""JSC PKK Milandr"",""Milandr"",""MPK Milandr, OOO"",""PKK Milandr AO""],""wmd"":""核 N"",""conventional_weapons"":""""}"
"""Avangard"" JSC","avangard""jsc",経済産業省 外国ユーザーリスト,c632d657f9c13b1250d688394eb7c99956a994527cb56f4a77c86ed61ff1dbda:742,https://www.meti.go.jp/policy/anpo/20250929_3.pdf,data/raw/meti_manual/20260905T201914Z__c632d657f9c1__20250929_3.pdf,2025-09-29,2025-10-09,2026-09-05T20:19:14Z,2026-09-05T20:19:14Z,1,c632d657f9c13b1250d688394eb7c99956a994527cb56f4a77c86ed61ff1dbda,"{""record_no"":742,""country"":""ロシア Russian Federation"",""aliases"":[""Tactical Missile Corporation, Joint Stock Company Avangard""],""wmd"":""ミサイル M"",""conventional_weapons"":""""}"
"""Central Design Bureau for Automatics Engineering"" JSC","centraldesignbureauforautomaticsengineering""jsc",経済産業省 外国ユーザーリスト,c632d657f9c13b1250d688394eb7c99956a994527cb56f4a77c86ed61ff1dbda:743,https://www.meti.go.jp/policy/anpo/20250929_3.pdf,data/raw/meti_manual/20260905T201914Z__c632d657f9c1__20250929_3.pdf,2025-09-29,2025-10-09,2026-09-05T20:19:14Z,2026-09-05T20:19:14Z,1,c632d657f9c13b1250d688394eb7c99956a994527cb56f4a77c86ed61ff1dbda,"{""record_no"":743,""country"":""ロシア Russian Federation"",""aliases"":[""Aktsionernoe Obshchestvo “Tsentralnoe Konstruktorskoe Byuro Avtomatiki”"",""AO “TsKBA”"",""JSC “TsKBA”"",""Tactical Missile Corporation, “Central Design Bureau of Automation”""],""wmd"":""ミサイル M"",""conventional_weapons"":""通常兵器 CW""}"
chimmed group,chimmedgroup,経済産業省 外国ユーザーリスト,c632d657f9c13b1250d688394eb7c99956a994527cb56f4a77c86ed61ff1dbda:744,https://www.meti.go.jp/policy/anpo/20250929_3.pdf,data/raw/meti_manual/20260905T201914Z__c632d657f9c1__20250929_3.pdf,2025-09-29,2025-10-09,2026-09-05T20:19:14Z,2026-09-05T20:19:14Z,1,c632d657f9c13b1250d688394eb7c99956a994527cb56f4a77c86ed61ff1dbda,"{""record_no"":744,""country"":""ロシア Russian Federation"",""aliases"":[""Chimmed"",""Khimmed"",""OOO Khimmed"",""SPK Khimmed"",""TD Chimmed"",""TD Khimmed""],""wmd"":""生物、化学 B,C"",""conventional_weapons"":""""}"
Engineering Center Ltd.,engineeringcenterltd.,経済産業省 外国ユーザーリスト,c632d657f9c13b1250d688394eb7c99956a994527cb56f4a77c86ed61ff1dbda:745,https://www.meti.go.jp/policy/anpo/20250929_3.pdf,data/raw/meti_manual/20260905T201914Z__c632d657f9c1__20250929_3.pdf,2025-09-29,2025-10-09,2026-09-05T20:19:14Z,2026-09-05T20:19:14Z,1,c632d657f9c13b1250d688394eb7c99956a994527cb56f4a77c86ed61ff1dbda,"{""record_no"":745,""country"":""ロシア Russian Federation"",""aliases"":[""Certified Engineering Center, Ltd."",""EC"",""LCEC""],""wmd"":""化学 C"",""conventional_weapons"":""""}"
Federal Security Service（FSB）,federalsecurityservice(fsb),経済産業省 外国ユーザーリスト,c632d657f9c13b1250d688394eb7c99956a994527cb56f4a77c86ed61ff1dbda:746,https://www.meti.go.jp/policy/anpo/20250929_3.pdf,data/raw/meti_manual/20260905T201914Z__c632d657f9c1__20250929_3.pdf,2025-09-29,2025-10-09,2026-09-05T20:19:14Z,2026-09-05T20:19:14Z,1,c632d657f9c13b1250d688394eb7c99956a994527cb56f4a77c86ed61ff1dbda,"{""record_no"":746,""country"":""ロシア Russian Federation"",""aliases"":[],""wmd"":""化学 C"",""conventional_weapons"":""通常兵器 CW""}"
Federal State Unitary Enterprise Dukhov Automatics Research Institute（VNIIA）,federalstateunitaryenterprisedukhovautomaticsresearchinstitute(vniia),経済産業省 外国ユーザーリスト,c632d657f9c13b1250d688394eb7c99956a994527cb56f4a77c86ed61ff1dbda:747,https://www.meti.go.jp/policy/anpo/20250929_3.pdf,data/raw/meti_manual/20260905T201914Z__c632d657f9c1__20250929_3.pdf,2025-09-29,2025-10-09,2026-09-05T20:19:14Z,2026-09-05T20:19:14Z,1,c632d657f9c13b1250d688394eb7c99956a994527cb56f4a77c86ed61ff1dbda,"{""record_no"":747,""country"":""ロシア Russian Federation"",""aliases"":[],""wmd"":""核 N"",""conventional_weapons"":""""}"
Foreign Intelligence Service（SVR）,foreignintelligenceservice(svr),経済産業省 外国ユーザーリスト,c632d657f9c13b1250d688394eb7c99956a994527cb56f4a77c86ed61ff1dbda:748,https://www.meti.go.jp/policy/anpo/20250929_3.pdf,data/raw/meti_manual/20260905T201914Z__c632d657f9c1__20250929_3.pdf,2025-09-29,2025-10-09,2026-09-05T20:19:14Z,2026-09-05T20:19:14Z,1,c632d657f9c13b1250d688394eb7c99956a994527cb56f4a77c86ed61ff1dbda,"{""record_no"":748,""country"":""ロシア Russian Federation"",""aliases"":[],""wmd"":""ミサイル、核 M,N"",""conventional_weapons"":""""}"
"FSUE ""The Federal Center for Dual-Use Technologies ""Soyuz""","fsue""thefederalcenterfordual-usetechnologies""soyuz",経済産業省 外国ユーザーリスト,c632d657f9c13b1250d688394eb7c99956a994527cb56f4a77c86ed61ff1dbda:749,https://www.meti.go.jp/policy/anpo/20250929_3.pdf,data/raw/meti_manual/20260905T201914Z__c632d657f9c1__20250929_3.pdf,2025-09-29,2025-10-09,2026-09-05T20:19:14Z,2026-09-05T20:19:14Z,1,c632d657f9c13b1250d688394eb7c99956a994527cb56f4a77c86ed61ff1dbda,"{""record_no"":749,""country"":""ロシア Russian Federation"",""aliases"":[""Federal Center for Dual-Use Technology (FTsDT) Soyuz"",""FSUE FCDT Soyuz""],""wmd"":""ミサイル M"",""conventional_weapons"":""""}"
Ilyushin Aviation Complex Branch: Myasishcheva Experimental Mechanical Engineering Plant,ilyushinaviationcomplexbranch:myasishchevaexperimentalmechanicalengineeringplant,経済産業省 外国ユーザーリスト,c632d657f9c13b1250d688394eb7c99956a994527cb56f4a77c86ed61ff1dbda:750,https://www.meti.go.jp/policy/anpo/20250929_3.pdf,data/raw/meti_manual/20260905T201914Z__c632d657f9c1__20250929_3.pdf,2025-09-29,2025-10-09,2026-09-05T20:19:14Z,2026-09-05T20:19:14Z,1,c632d657f9c13b1250d688394eb7c99956a994527cb56f4a77c86ed61ff1dbda,"{""record_no"":750,""country"":""ロシア Russian Federation"",""aliases"":[""Myasishcheva EMZ""],""wmd"":""ミサイル M"",""conventional_weapons"":""""}"
International Center for Quantum Optics and Quantum Technologies LLS,internationalcenterforquantumopticsandquantumtechnologieslls,経済産業省 外国ユーザーリスト,c632d657f9c13b1250d688394eb7c99956a994527cb56f4a77c86ed61ff1dbda:751,https://www.meti.go.jp/policy/anpo/20250929_3.pdf,data/raw/meti_manual/20260905T201914Z__c632d657f9c1__20250929_3.pdf,2025-09-29,2025-10-09,2026-09-05T20:19:14Z,2026-09-05T20:19:14Z,1,c632d657f9c13b1250d688394eb7c99956a994527cb56f4a77c86ed61ff1dbda,"{""record_no"":751,""country"":""ロシア Russian Federation"",""aliases"":[""OOO MTSKT"",""RQC"",""Russian Quantum Center""],""wmd"":""核 N"",""conventional_weapons"":""""}"
Intertech Rus LLC,intertechrusllc,経済産業省 外国ユーザーリスト,c632d657f9c13b1250d688394eb7c99956a994527cb56f4a77c86ed61ff1dbda:752,https://www.meti.go.jp/policy/anpo/20250929_3.pdf,data/raw/meti_manual/20260905T201914Z__c632d657f9c1__20250929_3.pdf,2025-09-29,2025-10-09,2026-09-05T20:19:14Z,2026-09-05T20:19:14Z,1,c632d657f9c13b1250d688394eb7c99956a994527cb56f4a77c86ed61ff1dbda,"{""record_no"":752,""country"":""ロシア Russian Federation"",""aliases"":[""Intertek Rus OOO""],""wmd"":""生物、化学、ミサイル、核 B,C,M,N"",""conventional_weapons"":""""}"
"""Iskra"" Engineering Design Bureau JSC named after I.I. Kartukov","iskra""engineeringdesignbureaujscnamedafteri.i.kartukov",経済産業省 外国ユーザーリスト,c632d657f9c13b1250d688394eb7c99956a994527cb56f4a77c86ed61ff1dbda:753,https://www.meti.go.jp/policy/anpo/20250929_3.pdf,data/raw/meti_manual/20260905T201914Z__c632d657f9c1__20250929_3.pdf,2025-09-29,2025-10-09,2026-09-05T20:19:14Z,2026-09-05T20:19:14Z,1,c632d657f9c13b1250d688394eb7c99956a994527cb56f4a77c86ed61ff1dbda,"{""record_no"":753,""country"":""ロシア Russian Federation"",""aliases"":[""Aktsionernoe Obshchestvo “Mashinostroitelnoe Konstruktorskoe Byuro “Iskra” Imeni Ivana Ivanovicha Kartukova”"",""AO MKB “ISKRA”"",""Tactical Missile Corporation, PJSC “MBDB ISKRA”""],""wmd"":""ミサイル M"",""conventional_weapons"":""通常兵器 CW""}"
Joint Stock Company Angstrem,jointstockcompanyangstrem,経済産業省 外国ユーザーリスト,c632d657f9c13b1250d688394eb7c99956a994527cb56f4a77c86ed61ff1dbda:754,https://www.meti.go.jp/policy/anpo/20250929_3.pdf,data/raw/meti_manual/20260905T201914Z__c632d657f9c1__20250929_3.pdf,2025-09-29,2025-10-09,2026-09-05T20:19:14Z,2026-09-05T20:19:14Z,1,c632d657f9c13b1250d688394eb7c99956a994527cb56f4a77c86ed61ff1dbda,"{""record_no"":754,""country"":""ロシア Russian Federation"",""aliases"":[""Angstrem JSC""],""wmd"":""ミサイル M"",""conventional_weapons"":""通常兵器 CW""}"
Joint Stock Company Angstrem-T,jointstockcompanyangstrem-t,経済産業省 外国ユーザーリスト,c632d657f9c13b1250d688394eb7c99956a994527cb56f4a77c86ed61ff1dbda:755,https://www.meti.go.jp/policy/anpo/20250929_3.pdf,data/raw/meti_manual/20260905T201914Z__c632d657f9c1__20250929_3.pdf,2025-09-29,2025-10-09,2026-09-05T20:19:14Z,2026-09-05T20:19:14Z,1,c632d657f9c13b1250d688394eb7c99956a994527cb56f4a77c86ed61ff1dbda,"{""record_no"":755,""country"":""ロシア Russian Federation"",""aliases"":[""AKTSIONERNOE OBSHCHESTVO ANGSTREM-T""],""wmd"":""ミサイル M"",""conventional_weapons"":""""}"
Joint-Stock Company Concern Almaz-Antey,joint-stockcompanyconcernalmaz-antey,経済産業省 外国ユーザーリスト,c632d657f9c13b1250d688394eb7c99956a994527cb56f4a77c86ed61ff1dbda:756,https://www.meti.go.jp/policy/anpo/20250929_3.pdf,data/raw/meti_manual/20260905T201914Z__c632d657f9c1__20250929_3.pdf,2025-09-29,2025-10-09,2026-09-05T20:19:14Z,2026-09-05T20:19:14Z,1,c632d657f9c13b1250d688394eb7c99956a994527cb56f4a77c86ed61ff1dbda,"{""record_no"":756,""country"":""ロシア Russian Federation"",""aliases"":[""Almaz-Antey Corp"",""Almaz-Antey Defense Corporation"",""Almaz-Antey JSC"",""Otkrytoe Aktsionernoe Obshchestvo Kontsern PVO Almaz Antei""],""wmd"":"""",""conventional_weapons"":""通常兵器 CW""}"
Joint Stock Company Concern Avrora Scientific and Production Association,jointstockcompanyconcernavrorascientificandproductionassociation,経済産業省 外国ユーザーリスト,c632d657f9c13b1250d688394eb7c99956a994527cb56f4a77c86ed61ff1dbda:757,https://www.meti.go.jp/policy/anpo/20250929_3.pdf,data/raw/meti_manual/20260905T201914Z__c632d657f9c1__20250929_3.pdf,2025-09-29,2025-10-09,2026-09-05T20:19:14Z,2026-09-05T20:19:14Z,1,c632d657f9c13b1250d688394eb7c99956a994527cb56f4a77c86ed61ff1dbda,"{""record_no"":757,""country"":""ロシア Russian Federation"",""aliases"":[""AO Kontsern Nauchno-Proizvodstvennoe Obedinenie Avrora"",""AO Kontsern NPO Avrora"",""Avrora Systems"",""Avrora JSC"",""Concern Avrora Scientific Production Association"",""Concern Research and Production Association Avrora"",""NPO Avrora"",""OJSC Concern NPO Avrora""],""wmd"":"""",""conventional_weapons"":""通常兵器 CW""}"
Joint Stock Company Concern Avtomatika,jointstockcompanyconcernavtomatika,経済産業省 外国ユーザーリスト,c632d657f9c13b1250d688394eb7c99956a994527cb56f4a77c86ed61ff1dbda:758,https://www.meti.go.jp/policy/anpo/20250929_3.pdf,data/raw/meti_manual/20260905T201914Z__c632d657f9c1__20250929_3.pdf,2025-09-29,2025-10-09,2026-09-05T20:19:14Z,2026-09-05T20:19:14Z,1,c632d657f9c13b1250d688394eb7c99956a994527cb56f4a77c86ed61ff1dbda,"{""record_no"":758,""country"":""ロシア Russian Federation"",""aliases"":[""AO Kontsern Avtomatika"",""JSC Concern Automation"",""OJSC Kontsern Avtomatika""],""wmd"":"""",""conventional_weapons"":""通常兵器 CW""}"
Joint Stock Company Concern Sozvezdie,jointstockcompanyconcernsozvezdie,経済産業省 外国ユーザーリスト,c632d657f9c13b1250d688394eb7c99956a994527cb56f4a77c86ed61ff1dbda:759,https://www.meti.go.jp/policy/anpo/20250929_3.pdf,data/raw/meti_manual/20260905T201914Z__c632d657f9c1__20250929_3.pdf,2025-09-29,2025-10-09,2026-09-05T20:19:14Z,2026-09-05T20:19:14Z,1,c632d657f9c13b1250d688394eb7c99956a994527cb56f4a77c86ed61ff1dbda,"{""record_no"":759,""country"":""ロシア Russian Federation"",""aliases"":[""JSC Concern Sozvezdie"",""JSC Sozvezdie Concern"",""Joint Stock Company Concern Sozvezdie"",""AO Kontsern Sozvezdie""],""wmd"":"""",""conventional_weapons"":""通常兵器 CW""}"
Joint Stock Company Design Bureau of Special Machine Building,jointstockcompanydesignbureauofspecialmachinebuilding,経済産業省 外国ユーザーリスト,c632d657f9c13b1250d688394eb7c99956a994527cb56f4a77c86ed61ff1dbda:760,https://www.meti.go.jp/policy/anpo/20250929_3.pdf,data/raw/meti_manual/20260905T201914Z__c632d657f9c1__20250929_3.pdf,2025-09-29,2025-10-09,2026-09-05T20:19:14Z,2026-09-05T20:19:14Z,1,c632d657f9c13b1250d688394eb7c99956a994527cb56f4a77c86ed61ff1dbda,"{""record_no"":760,""country"":""ロシア Russian Federation"",""aliases"":[""AO KBSM"",""AO Konstruktorskoe Byuro Spetsialnogo Mashinostroeniya"",""JSC Design Bureau of Special Machine Building"",""KBSM"",""Design Bureau of Special Machine Building AO"",""Design Bureau of Special Machine Building"",""KBSM Design Bureau of Special Machine Building"",""Joint Stock Company KBSM"",""Joint Stock Company Engineering Office Spetsialnogo Mashinostroyeniya""],""wmd"":""ミサイル M"",""conventional_weapons"":""通常兵器 CW""}"
Joint Stock Company Experimental Design Bureau Novator,jointstockcompanyexperimentaldesignbureaunovator,経済産業省 外国ユーザーリスト,c632d657f9c13b1250d688394eb7c99956a994527cb56f4a77c86ed61ff1dbda:761,https://www.meti.go.jp/policy/anpo/20250929_3.pdf,data/raw/meti_manual/20260905T201914Z__c632d657f9c1__20250929_3.pdf,2025-09-29,2025-10-09,2026-09-05T20:19:14Z,2026-09-05T20:19:14Z,1,c632d657f9c13b1250d688394eb7c99956a994527cb56f4a77c86ed61ff1dbda,"{""record_no"":761,""country"":""ロシア Russian Federation"",""aliases"":[""Novator Design Bureau; and"",""JSC OKB Novator""],""wmd"":""ミサイル M"",""conventional_weapons"":""通常兵器 CW""}"
"Joint Stock Company ""Federal Center of Science and High Technologies ""SNPO ""Eleron""","jointstockcompany""federalcenterofscienceandhightechnologies""snpo""eleron",経済産業省 外国ユーザーリスト,c632d657f9c13b1250d688394eb7c99956a994527cb56f4a77c86ed61ff1dbda:762,https://www.meti.go.jp/policy/anpo/20250929_3.pdf,data/raw/meti_manual/20260905T201914Z__c632d657f9c1__20250929_3.pdf,2025-09-29,2025-10-09,2026-09-05T20:19:14Z,2026-09-05T20:19:14Z,1,c632d657f9c13b1250d688394eb7c99956a994527cb56f4a77c86ed61ff1dbda,"{""record_no"":762,""country"":""ロシア Russian Federation"",""aliases"":[""Joint Stock Company Eleron"",""JSC FCS&HT SNPO Eleron"",""SNPO Eleron""],""wmd"":""核 N"",""conventional_weapons"":""""}"
Joint Stock Company Federal Scientific and Production Center Titan-Barrikady,jointstockcompanyfederalscientificandproductioncentertitan-barrikady,経済産業省 外国ユーザーリスト,c632d657f9c13b1250d688394eb7c99956a994527cb56f4a77c86ed61ff1dbda:763,https://www.meti.go.jp/policy/anpo/20250929_3.pdf,data/raw/meti_manual/20260905T201914Z__c632d657f9c1__20250929_3.pdf,2025-09-29,2025-10-09,2026-09-05T20:19:14Z,2026-09-05T20:19:14Z,1,c632d657f9c13b1250d688394eb7c99956a994527cb56f4a77c86ed61ff1dbda,"{""record_no"":763,""country"":""ロシア Russian Federation"",""aliases"":[""Federal Research and Production Center Titan Barrikady JSC"",""Titan Design Bureau"",""JSC FNPTs Titan-Barrikady""],""wmd"":""ミサイル M"",""conventional_weapons"":""通常兵器 CW""}"
Joint Stock Company Institute for Scientific Research Microelectronic Equipment Progress,jointstockcompanyinstituteforscientificresearchmicroelectronicequipmentprogress,経済産業省 外国ユーザーリスト,c632d657f9c13b1250d688394eb7c99956a994527cb56f4a77c86ed61ff1dbda:764,https://www.meti.go.jp/policy/anpo/20250929_3.pdf,data/raw/meti_manual/20260905T201914Z__c632d657f9c1__20250929_3.pdf,2025-09-29,2025-10-09,2026-09-05T20:19:14Z,2026-09-05T20:19:14Z,1,c632d657f9c13b1250d688394eb7c99956a994527cb56f4a77c86ed61ff1dbda,"{""record_no"":764,""country"":""ロシア Russian Federation"",""aliases"":[""AO NIIMA Progress"",""Microelectronics Research Institute Progress JSC"",""Nauchno-Issledovatelskiy Institut Mikroelektronnoiy Apparatury Progress"",""Progress MRI JSC""],""wmd"":"""",""conventional_weapons"":""通常兵器 CW""}"
Joint Stock Company Machine-Building Engineering Office Fakel Named After Akademika P.D. Grushina,jointstockcompanymachine-buildingengineeringofficefakelnamedafterakademikap.d.grushina,経済産業省 外国ユーザーリスト,c632d657f9c13b1250d688394eb7c99956a994527cb56f4a77c86ed61ff1dbda:765,https://www.meti.go.jp/policy/anpo/20250929_3.pdf,data/raw/meti_manual/20260905T201914Z__c632d657f9c1__20250929_3.pdf,2025-09-29,2025-10-09,2026-09-05T20:19:14Z,2026-09-05T20:19:14Z,1,c632d657f9c13b1250d688394eb7c99956a994527cb56f4a77c86ed61ff1dbda,"{""record_no"":765,""country"":""ロシア Russian Federation"",""aliases"":[""AO MKB Fakel"",""Engineering Design Bureau Fakel"",""JSC EBD Fakel"",""Mashinostroitelnoe Konstruktorskoe Byuro Fakel I.M. Akademika P.D. Grushina""],""wmd"":"""",""conventional_weapons"":""通常兵器 CW""}"
Joint Stock Company North Western Regional Center of Almaz Antey Concern Obukhovsky Plant,jointstockcompanynorthwesternregionalcenterofalmazanteyconcernobukhovskyplant,経済産業省 外国ユーザーリスト,c632d657f9c13b1250d688394eb7c99956a994527cb56f4a77c86ed61ff1dbda:766,https://www.meti.go.jp/policy/anpo/20250929_3.pdf,data/raw/meti_manual/20260905T201914Z__c632d657f9c1__20250929_3.pdf,2025-09-29,2025-10-09,2026-09-05T20:19:14Z,2026-09-05T20:19:14Z,1,c632d657f9c13b1250d688394eb7c99956a994527cb56f4a77c86ed61ff1dbda,"{""record_no"":766,""country"":""ロシア Russian Federation"",""aliases"":[""AO GOZ"",""AO Severo-Zapadny Regionalny Tsentr Kontserna VKO Almaz-Antei Obukhovsky Zavod"",""JSC GOZ Obukhov Plant"",""JSC Obukhovskiy Zavod"",""JSC SOP Obukhovskiy Plant""],""wmd"":""ミサイル M"",""conventional_weapons"":""通常兵器 CW""}"
Joint Stock Company NPO Elektromechaniki,jointstockcompanynpoelektromechaniki,経済産業省 外国ユーザーリスト,c632d657f9c13b1250d688394eb7c99956a994527cb56f4a77c86ed61ff1dbda:767,https://www.meti.go.jp/policy/anpo/20250929_3.pdf,data/raw/meti_manual/20260905T201914Z__c632d657f9c1__20250929_3.pdf,2025-09-29,2025-10-09,2026-09-05T20:19:14Z,2026-09-05T20:19:14Z,1,c632d657f9c13b1250d688394eb7c99956a994527cb56f4a77c86ed61ff1dbda,"{""record_no"":767,""country"":""ロシア Russian Federation"",""aliases"":[""JSC Scientific and Production Association of Electro Mechanic""],""wmd"":""ミサイル M"",""conventional_weapons"":""""}"
Joint Stock Company Precision Engineering Design Bureau named after A.E. Nudelman,jointstockcompanyprecisionengineeringdesignbureaunamedaftera.e.nudelman,経済産業省 外国ユーザーリスト,c632d657f9c13b1250d688394eb7c99956a994527cb56f4a77c86ed61ff1dbda:768,https://www.meti.go.jp/policy/anpo/20250929_3.pdf,data/raw/meti_manual/20260905T201914Z__c632d657f9c1__20250929_3.pdf,2025-09-29,2025-10-09,2026-09-05T20:19:14Z,2026-09-05T20:19:14Z,1,c632d657f9c13b1250d688394eb7c99956a994527cb56f4a77c86ed61ff1dbda,"{""record_no"":768,""country"":""ロシア Russian Federation"",""aliases"":[""AO Konstruktorskoe Byuro Tochnogo Mashinostroeniya imeni A.E. Nudelmana"",""AO KB Tochmash im. A.E. Nudelmana"",""JSC Precision Machine Building Design Bureau Nudelman"",""KB Tochmash"",""Nudelman Precision Engineering Design Bureau"",""Tochmash""],""wmd"":"""",""conventional_weapons"":""通常兵器 CW""}"
JOINT STOCK COMPANY RESEARCH AND PRODUCTION CORPORATION KONSTRUKTORSKOYE BYURO MASHYNOSTROYENIYA,jointstockcompanyresearchandproductioncorporationkonstruktorskoyebyuromashynostroyeniya,経済産業省 外国ユーザーリスト,c632d657f9c13b1250d688394eb7c99956a994527cb56f4a77c86ed61ff1dbda:769,https://www.meti.go.jp/policy/anpo/20250929_3.pdf,data/raw/meti_manual/20260905T201914Z__c632d657f9c1__20250929_3.pdf,2025-09-29,2025-10-09,2026-09-05T20:19:14Z,2026-09-05T20:19:14Z,1,c632d657f9c13b1250d688394eb7c99956a994527cb56f4a77c86ed61ff1dbda,"{""record_no"":769,""country"":""ロシア Russian Federation"",""aliases"":[""JSC NPK KBM"",""JSC Research and Production Corporation Design Bureau of Mechanical Engineering"",""KB Mashinostroeniya""],""wmd"":""化学、ミサイル C,M"",""conventional_weapons"":""通常兵器 CW""}"
"Joint Stock Company""Severniy press""","jointstockcompany""severniypress",経済産業省 外国ユーザーリスト,c632d657f9c13b1250d688394eb7c99956a994527cb56f4a77c86ed61ff1dbda:770,https://www.meti.go.jp/policy/anpo/20250929_3.pdf,data/raw/meti_manual/20260905T201914Z__c632d657f9c1__20250929_3.pdf,2025-09-29,2025-10-09,2026-09-05T20:19:14Z,2026-09-05T20:19:14Z,1,c632d657f9c13b1250d688394eb7c99956a994527cb56f4a77c86ed61ff1dbda,"{""record_no"":770,""country"":""ロシア Russian Federation"",""aliases"":[""AO Severnyi Press"",""Northern Press"",""Tactical Missile Corporation, Joint Stock Company Severny Press""],""wmd"":""ミサイル M"",""conventional_weapons"":""通常兵器 CW""}"
Joint Stock Company Scientific Research Institute of Computer Engineering NII SVT,jointstockcompanyscientificresearchinstituteofcomputerengineeringniisvt,経済産業省 外国ユーザーリスト,c632d657f9c13b1250d688394eb7c99956a994527cb56f4a77c86ed61ff1dbda:771,https://www.meti.go.jp/policy/anpo/20250929_3.pdf,data/raw/meti_manual/20260905T201914Z__c632d657f9c1__20250929_3.pdf,2025-09-29,2025-10-09,2026-09-05T20:19:14Z,2026-09-05T20:19:14Z,1,c632d657f9c13b1250d688394eb7c99956a994527cb56f4a77c86ed61ff1dbda,"{""record_no"":771,""country"":""ロシア Russian Federation"",""aliases"":[""AKTSIONERNOE OBSHCHESTVO NAUCHNO ISSLEDOVATELSKII INSTITUT SREDSTV VYCHISLITELNOI TEKHNIKI"",""AO Nauchno Issledovatelskii Institut Sredstv Vychislitelnoi Tekhniki"",""AO NII SVT"",""NII SVT PAO""],""wmd"":""生物 B"",""conventional_weapons"":""""}"
Joint Stock Company Tekhnodinamika,jointstockcompanytekhnodinamika,経済産業省 外国ユーザーリスト,c632d657f9c13b1250d688394eb7c99956a994527cb56f4a77c86ed61ff1dbda:772,https://www.meti.go.jp/policy/anpo/20250929_3.pdf,data/raw/meti_manual/20260905T201914Z__c632d657f9c1__20250929_3.pdf,2025-09-29,2025-10-09,2026-09-05T20:19:14Z,2026-09-05T20:19:14Z,1,c632d657f9c13b1250d688394eb7c99956a994527cb56f4a77c86ed61ff1dbda,"{""record_no"":772,""country"":""ロシア Russian Federation"",""aliases"":[""AO Tekhnodinamika"",""JSC Aviation Equipment"",""JSC Technodynamics""],""wmd"":"""",""conventional_weapons"":""通常兵器 CW""}"
Joint Stock Company Ufa Aggregate Enterprise “Gidravlika”,"jointstockcompanyufaaggregateenterprise""gidravlika",経済産業省 外国ユーザーリスト,c632d657f9c13b1250d688394eb7c99956a994527cb56f4a77c86ed61ff1dbda:773,https://www.meti.go.jp/policy/anpo/20250929_3.pdf,data/raw/meti_manual/20260905T201914Z__c632d657f9c1__20250929_3.pdf,2025-09-29,2025-10-09,2026-09-05T20:19:14Z,2026-09-05T20:19:14Z,1,c632d657f9c13b1250d688394eb7c99956a994527cb56f4a77c86ed61ff1dbda,"{""record_no"":773,""country"":""ロシア Russian Federation"",""aliases"":[],""wmd"":"""",""conventional_weapons"":""通常兵器 CW""}"
Joint Stock Company Uraltransmash,jointstockcompanyuraltransmash,経済産業省 外国ユーザーリスト,c632d657f9c13b1250d688394eb7c99956a994527cb56f4a77c86ed61ff1dbda:774,https://www.meti.go.jp/policy/anpo/20250929_3.pdf,data/raw/meti_manual/20260905T201914Z__c632d657f9c1__20250929_3.pdf,2025-09-29,2025-10-09,2026-09-05T20:19:14Z,2026-09-05T20:19:14Z,1,c632d657f9c13b1250d688394eb7c99956a994527cb56f4a77c86ed61ff1dbda,"{""record_no"":774,""country"":""ロシア Russian Federation"",""aliases"":[""Urals Plant of Transportation Machinery Joint Stock Company"",""Aktsionernoe Obshchestvo Uralskiy Zavod Transportnogo Mashinostroeniya"",""the Urals Plant of Transport Engineering"",""JSC Ural Plant of Transport Mechanical Engineering""],""wmd"":"""",""conventional_weapons"":""通常兵器 CW""}"
Joint Stock Company Votkinsky Zavod,jointstockcompanyvotkinskyzavod,経済産業省 外国ユーザーリスト,c632d657f9c13b1250d688394eb7c99956a994527cb56f4a77c86ed61ff1dbda:775,https://www.meti.go.jp/policy/anpo/20250929_3.pdf,data/raw/meti_manual/20260905T201914Z__c632d657f9c1__20250929_3.pdf,2025-09-29,2025-10-09,2026-09-05T20:19:14Z,2026-09-05T20:19:14Z,1,c632d657f9c13b1250d688394eb7c99956a994527cb56f4a77c86ed61ff1dbda,"{""record_no"":775,""country"":""ロシア Russian Federation"",""aliases"":[],""wmd"":""ミサイル M"",""conventional_weapons"":""""}"
JSC Concern Granit-Electron,jscconcerngranit-electron,経済産業省 外国ユーザーリスト,c632d657f9c13b1250d688394eb7c99956a994527cb56f4a77c86ed61ff1dbda:776,https://www.meti.go.jp/policy/anpo/20250929_3.pdf,data/raw/meti_manual/20260905T201914Z__c632d657f9c1__20250929_3.pdf,2025-09-29,2025-10-09,2026-09-05T20:19:14Z,2026-09-05T20:19:14Z,1,c632d657f9c13b1250d688394eb7c99956a994527cb56f4a77c86ed61ff1dbda,"{""record_no"":776,""country"":""ロシア Russian Federation"",""aliases"":[],""wmd"":"""",""conventional_weapons"":""通常兵器 CW""}"
JSC Concern Radio-Electronic Technologies（KRET）,jscconcernradio-electronictechnologies(kret),経済産業省 外国ユーザーリスト,c632d657f9c13b1250d688394eb7c99956a994527cb56f4a77c86ed61ff1dbda:777,https://www.meti.go.jp/policy/anpo/20250929_3.pdf,data/raw/meti_manual/20260905T201914Z__c632d657f9c1__20250929_3.pdf,2025-09-29,2025-10-09,2026-09-05T20:19:14Z,2026-09-05T20:19:14Z,1,c632d657f9c13b1250d688394eb7c99956a994527cb56f4a77c86ed61ff1dbda,"{""record_no"":777,""country"":""ロシア Russian Federation"",""aliases"":[],""wmd"":"""",""conventional_weapons"":""通常兵器 CW""}"
JSC Omsk Transport Machine Factory Omsktransmash,jscomsktransportmachinefactoryomsktransmash,経済産業省 外国ユーザーリスト,c632d657f9c13b1250d688394eb7c99956a994527cb56f4a77c86ed61ff1dbda:778,https://www.meti.go.jp/policy/anpo/20250929_3.pdf,data/raw/meti_manual/20260905T201914Z__c632d657f9c1__20250929_3.pdf,2025-09-29,2025-10-09,2026-09-05T20:19:14Z,2026-09-05T20:19:14Z,1,c632d657f9c13b1250d688394eb7c99956a994527cb56f4a77c86ed61ff1dbda,"{""record_no"":778,""country"":""ロシア Russian Federation"",""aliases"":[],""wmd"":"""",""conventional_weapons"":""通常兵器 CW""}"
JSC SEZ Alabuga,jscsezalabuga,経済産業省 外国ユーザーリスト,c632d657f9c13b1250d688394eb7c99956a994527cb56f4a77c86ed61ff1dbda:779,https://www.meti.go.jp/policy/anpo/20250929_3.pdf,data/raw/meti_manual/20260905T201914Z__c632d657f9c1__20250929_3.pdf,2025-09-29,2025-10-09,2026-09-05T20:19:14Z,2026-09-05T20:19:14Z,1,c632d657f9c13b1250d688394eb7c99956a994527cb56f4a77c86ed61ff1dbda,"{""record_no"":779,""country"":""ロシア Russian Federation"",""aliases"":[""Joint Stock Company Special Economic Zone of Industrial Production Alabuga"",""AO OEZ PPT Alabuga"",""Aktsionernoe Obshchestvo Osobaya Ekonomicheskaya Zona Promyshlenno-Proizvodstvennogo tipa Alabuga.""],""wmd"":""ミサイル M"",""conventional_weapons"":""""}"
Kalashnikov Concern,kalashnikovconcern,経済産業省 外国ユーザーリスト,c632d657f9c13b1250d688394eb7c99956a994527cb56f4a77c86ed61ff1dbda:780,https://www.meti.go.jp/policy/anpo/20250929_3.pdf,data/raw/meti_manual/20260905T201914Z__c632d657f9c1__20250929_3.pdf,2025-09-29,2025-10-09,2026-09-05T20:19:14Z,2026-09-05T20:19:14Z,1,c632d657f9c13b1250d688394eb7c99956a994527cb56f4a77c86ed61ff1dbda,"{""record_no"":780,""country"":""ロシア Russian Federation"",""aliases"":[""Concern Kalashnikov"",""Izhevskiy Mashinostroitel'nyi Zavod OAO"",""Izhmash R&D Center"",""JSC NPO Izhmash"",""NPO Izhmash OAO"",""OJSC Concern Kalashnikov"",""OJSC Izhmash"",""Scientific Production Association Izhmash Joint Stock Company""],""wmd"":"""",""conventional_weapons"":""通常兵器 CW""}"
KAMAZ Publicly Traded Company,kamazpubliclytradedcompany,経済産業省 外国ユーザーリスト,c632d657f9c13b1250d688394eb7c99956a994527cb56f4a77c86ed61ff1dbda:781,https://www.meti.go.jp/policy/anpo/20250929_3.pdf,data/raw/meti_manual/20260905T201914Z__c632d657f9c1__20250929_3.pdf,2025-09-29,2025-10-09,2026-09-05T20:19:14Z,2026-09-05T20:19:14Z,1,c632d657f9c13b1250d688394eb7c99956a994527cb56f4a77c86ed61ff1dbda,"{""record_no"":781,""country"":""ロシア Russian Federation"",""aliases"":[""KAMAZ PJSC"",""KAMAZ PAO"",""KAMAZ PTC"",""Kamskoe Obedinenie PO Proizvodstvu Bolshegruznykh Avtomobilei Kamaz""],""wmd"":"""",""conventional_weapons"":""通常兵器 CW""}"
Konstruktorskoe Byuro Priborostroeniya Otkrytoe Aktsionernoe Obshchestvo,konstruktorskoebyuropriborostroeniyaotkrytoeaktsionernoeobshchestvo,経済産業省 外国ユーザーリスト,c632d657f9c13b1250d688394eb7c99956a994527cb56f4a77c86ed61ff1dbda:782,https://www.meti.go.jp/policy/anpo/20250929_3.pdf,data/raw/meti_manual/20260905T201914Z__c632d657f9c1__20250929_3.pdf,2025-09-29,2025-10-09,2026-09-05T20:19:14Z,2026-09-05T20:19:14Z,1,c632d657f9c13b1250d688394eb7c99956a994527cb56f4a77c86ed61ff1dbda,"{""record_no"":782,""country"":""ロシア Russian Federation"",""aliases"":[""Instrument Design Bureau"",""JSC KBP Instrument Design Bureau"",""KBP Instrument Design Bureau"",""KBP Instrument Design Bureau Joint Stock Company"",""KBP OAO""],""wmd"":"""",""conventional_weapons"":""通常兵器 CW""}"
Laboratory Systems and Technologies LTD,laboratorysystemsandtechnologiesltd,経済産業省 外国ユーザーリスト,c632d657f9c13b1250d688394eb7c99956a994527cb56f4a77c86ed61ff1dbda:783,https://www.meti.go.jp/policy/anpo/20250929_3.pdf,data/raw/meti_manual/20260905T201914Z__c632d657f9c1__20250929_3.pdf,2025-09-29,2025-10-09,2026-09-05T20:19:14Z,2026-09-05T20:19:14Z,1,c632d657f9c13b1250d688394eb7c99956a994527cb56f4a77c86ed61ff1dbda,"{""record_no"":783,""country"":""ロシア Russian Federation"",""aliases"":[""LST LTD""],""wmd"":""生物、化学、ミサイル、核 B,C,M,N"",""conventional_weapons"":""""}"
LLC Alabuga Development,llcalabugadevelopment,経済産業省 外国ユーザーリスト,c632d657f9c13b1250d688394eb7c99956a994527cb56f4a77c86ed61ff1dbda:784,https://www.meti.go.jp/policy/anpo/20250929_3.pdf,data/raw/meti_manual/20260905T201914Z__c632d657f9c1__20250929_3.pdf,2025-09-29,2025-10-09,2026-09-05T20:19:14Z,2026-09-05T20:19:14Z,1,c632d657f9c13b1250d688394eb7c99956a994527cb56f4a77c86ed61ff1dbda,"{""record_no"":784,""country"":""ロシア Russian Federation"",""aliases"":[""OOO Alabuga Development""],""wmd"":""ミサイル M"",""conventional_weapons"":""""}"
Main Intelligence Directorate,mainintelligencedirectorate,経済産業省 外国ユーザーリスト,c632d657f9c13b1250d688394eb7c99956a994527cb56f4a77c86ed61ff1dbda:785,https://www.meti.go.jp/policy/anpo/20250929_3.pdf,data/raw/meti_manual/20260905T201914Z__c632d657f9c1__20250929_3.pdf,2025-09-29,2025-10-09,2026-09-05T20:19:14Z,2026-09-05T20:19:14Z,1,c632d657f9c13b1250d688394eb7c99956a994527cb56f4a77c86ed61ff1dbda,"{""record_no"":785,""country"":""ロシア Russian Federation"",""aliases"":[""GLAVNOE RAZVEDYVATEL'NOE UPRAVLENIE"",""GRU"",""Main Intelligence Department""],""wmd"":""化学 C"",""conventional_weapons"":""""}"
Mikron,mikron,経済産業省 外国ユーザーリスト,c632d657f9c13b1250d688394eb7c99956a994527cb56f4a77c86ed61ff1dbda:786,https://www.meti.go.jp/policy/anpo/20250929_3.pdf,data/raw/meti_manual/20260905T201914Z__c632d657f9c1__20250929_3.pdf,2025-09-29,2025-10-09,2026-09-05T20:19:14Z,2026-09-05T20:19:14Z,1,c632d657f9c13b1250d688394eb7c99956a994527cb56f4a77c86ed61ff1dbda,"{""record_no"":786,""country"":""ロシア Russian Federation"",""aliases"":[""JOINT STOCK COMPANY MIKRON"",""MIKRON JSC"",""NII MOLEKULYARNOI ELEKTRONIKI I ZAVOD MIKRON PAO"",""NIIME AND MIKRON"",""OTKRYTOE AKTSIONERNOE OBSHCHESTVO NII MOLEKULYARNOY ELECKTRONIKI I ZAVOD MIKRON"",""PJSC MIKRON"",""PUBLICHNOE AKTSIONERNOE OBSCHESTVO MIKRON""],""wmd"":""ミサイル M"",""conventional_weapons"":""通常兵器 CW""}"
"""Military Industrial Corporation NPO Mashinostroenia"" JSC","militaryindustrialcorporationnpomashinostroenia""jsc",経済産業省 外国ユーザーリスト,c632d657f9c13b1250d688394eb7c99956a994527cb56f4a77c86ed61ff1dbda:787,https://www.meti.go.jp/policy/anpo/20250929_3.pdf,data/raw/meti_manual/20260905T201914Z__c632d657f9c1__20250929_3.pdf,2025-09-29,2025-10-09,2026-09-05T20:19:14Z,2026-09-05T20:19:14Z,1,c632d657f9c13b1250d688394eb7c99956a994527cb56f4a77c86ed61ff1dbda,"{""record_no"":787,""country"":""ロシア Russian Federation"",""aliases"":[""Joint Stock Company Military Industrial Consortium NPO Mashinostroyenia"",""Joint Stock Company Military-Industrial Corporation NPO Mashinostroyenia"",""JSC MIC NPO Mashinostroyenia"",""MIC NPO Mashinostroyeniya JSC"",""Military Industrial Corporation NPO Mashinostroenia OAO"",""Open Joint Stock Company Military Industrial Corporation Scientific and Production Machine Building Association"",""Voenno-Promyshlennaya Korporatsiya Nauchno- Proizvodstvennoe Obedinenie Mashinostroeniya OAO"",""VPK NPO Mashinostroeniya""],""wmd"":""ミサイル M"",""conventional_weapons"":""通常兵器 CW""}"
Ministry of Defence of the Russian Federation,ministryofdefenceoftherussianfederation,経済産業省 外国ユーザーリスト,c632d657f9c13b1250d688394eb7c99956a994527cb56f4a77c86ed61ff1dbda:788,https://www.meti.go.jp/policy/anpo/20250929_3.pdf,data/raw/meti_manual/20260905T201914Z__c632d657f9c1__20250929_3.pdf,2025-09-29,2025-10-09,2026-09-05T20:19:14Z,2026-09-05T20:19:14Z,1,c632d657f9c13b1250d688394eb7c99956a994527cb56f4a77c86ed61ff1dbda,"{""record_no"":788,""country"":""ロシア Russian Federation"",""aliases"":[],""wmd"":""ミサイル、核 M,N"",""conventional_weapons"":""通常兵器 CW""}"
N.A. Dollezhal Research and Design Institute of Power Engineering,n.a.dollezhalresearchanddesigninstituteofpowerengineering,経済産業省 外国ユーザーリスト,c632d657f9c13b1250d688394eb7c99956a994527cb56f4a77c86ed61ff1dbda:789,https://www.meti.go.jp/policy/anpo/20250929_3.pdf,data/raw/meti_manual/20260905T201914Z__c632d657f9c1__20250929_3.pdf,2025-09-29,2025-10-09,2026-09-05T20:19:14Z,2026-09-05T20:19:14Z,1,c632d657f9c13b1250d688394eb7c99956a994527cb56f4a77c86ed61ff1dbda,"{""record_no"":789,""country"":""ロシア Russian Federation"",""aliases"":[""JSC NIKIET"",""JSC Order of Lenin Research and Design Institute of Energy Engineering named after N. A. Dollezhal"",""N.A. Dollezhal Order of Lenin Research and Design Institute of Power Engineering""],""wmd"":""核 N"",""conventional_weapons"":""""}"
Nilco Group,nilcogroup,経済産業省 外国ユーザーリスト,c632d657f9c13b1250d688394eb7c99956a994527cb56f4a77c86ed61ff1dbda:790,https://www.meti.go.jp/policy/anpo/20250929_3.pdf,data/raw/meti_manual/20260905T201914Z__c632d657f9c1__20250929_3.pdf,2025-09-29,2025-10-09,2026-09-05T20:19:14Z,2026-09-05T20:19:14Z,1,c632d657f9c13b1250d688394eb7c99956a994527cb56f4a77c86ed61ff1dbda,"{""record_no"":790,""country"":""ロシア Russian Federation"",""aliases"":[""Nil Fam Khazar Company"",""Nilfam Khazar Co."",""Santers Holding""],""wmd"":""ミサイル M"",""conventional_weapons"":""""}"
NPK Tekhmash OAO,npktekhmashoao,経済産業省 外国ユーザーリスト,c632d657f9c13b1250d688394eb7c99956a994527cb56f4a77c86ed61ff1dbda:791,https://www.meti.go.jp/policy/anpo/20250929_3.pdf,data/raw/meti_manual/20260905T201914Z__c632d657f9c1__20250929_3.pdf,2025-09-29,2025-10-09,2026-09-05T20:19:14Z,2026-09-05T20:19:14Z,1,c632d657f9c13b1250d688394eb7c99956a994527cb56f4a77c86ed61ff1dbda,"{""record_no"":791,""country"":""ロシア Russian Federation"",""aliases"":[""Aktsionernoe obshchestvo Nauchnoproizvodstvenny Kontsern Tekhnologii Mashinostroeniya"",""JSC Scientific Industrial Concern Manufacturing Engineering"",""JSC SPC Techmash"",""OJSC Machine Engineering Technologies"",""Scientific Industrial Concern Manufacturing Engineering OJSC""],""wmd"":"""",""conventional_weapons"":""通常兵器 CW""}"
NPO High Precision Systems JSC,npohighprecisionsystemsjsc,経済産業省 外国ユーザーリスト,c632d657f9c13b1250d688394eb7c99956a994527cb56f4a77c86ed61ff1dbda:792,https://www.meti.go.jp/policy/anpo/20250929_3.pdf,data/raw/meti_manual/20260905T201914Z__c632d657f9c1__20250929_3.pdf,2025-09-29,2025-10-09,2026-09-05T20:19:14Z,2026-09-05T20:19:14Z,1,c632d657f9c13b1250d688394eb7c99956a994527cb56f4a77c86ed61ff1dbda,"{""record_no"":792,""country"":""ロシア Russian Federation"",""aliases"":[],""wmd"":""ミサイル M"",""conventional_weapons"":""通常兵器 CW""}"
NPO of Electromechanics,npoofelectromechanics,経済産業省 外国ユーザーリスト,c632d657f9c13b1250d688394eb7c99956a994527cb56f4a77c86ed61ff1dbda:793,https://www.meti.go.jp/policy/anpo/20250929_3.pdf,data/raw/meti_manual/20260905T201914Z__c632d657f9c1__20250929_3.pdf,2025-09-29,2025-10-09,2026-09-05T20:19:14Z,2026-09-05T20:19:14Z,1,c632d657f9c13b1250d688394eb7c99956a994527cb56f4a77c86ed61ff1dbda,"{""record_no"":793,""country"":""ロシア Russian Federation"",""aliases"":[""Tactical Missile Corporation, NPO Electromechanics""],""wmd"":""ミサイル M"",""conventional_weapons"":""""}"
NPO Splav JSC,nposplavjsc,経済産業省 外国ユーザーリスト,c632d657f9c13b1250d688394eb7c99956a994527cb56f4a77c86ed61ff1dbda:794,https://www.meti.go.jp/policy/anpo/20250929_3.pdf,data/raw/meti_manual/20260905T201914Z__c632d657f9c1__20250929_3.pdf,2025-09-29,2025-10-09,2026-09-05T20:19:14Z,2026-09-05T20:19:14Z,1,c632d657f9c13b1250d688394eb7c99956a994527cb56f4a77c86ed61ff1dbda,"{""record_no"":794,""country"":""ロシア Russian Federation"",""aliases"":[],""wmd"":"""",""conventional_weapons"":""通常兵器 CW""}"
NPP Istok,nppistok,経済産業省 外国ユーザーリスト,c632d657f9c13b1250d688394eb7c99956a994527cb56f4a77c86ed61ff1dbda:795,https://www.meti.go.jp/policy/anpo/20250929_3.pdf,data/raw/meti_manual/20260905T201914Z__c632d657f9c1__20250929_3.pdf,2025-09-29,2025-10-09,2026-09-05T20:19:14Z,2026-09-05T20:19:14Z,1,c632d657f9c13b1250d688394eb7c99956a994527cb56f4a77c86ed61ff1dbda,"{""record_no"":795,""country"":""ロシア Russian Federation"",""aliases"":[],""wmd"":""ミサイル M"",""conventional_weapons"":""通常兵器 CW""}"
OOO Albatross,oooalbatross,経済産業省 外国ユーザーリスト,c632d657f9c13b1250d688394eb7c99956a994527cb56f4a77c86ed61ff1dbda:796,https://www.meti.go.jp/policy/anpo/20250929_3.pdf,data/raw/meti_manual/20260905T201914Z__c632d657f9c1__20250929_3.pdf,2025-09-29,2025-10-09,2026-09-05T20:19:14Z,2026-09-05T20:19:14Z,1,c632d657f9c13b1250d688394eb7c99956a994527cb56f4a77c86ed61ff1dbda,"{""record_no"":796,""country"":""ロシア Russian Federation"",""aliases"":[""OOO Albatros"",""Albatross LLC""],""wmd"":""ミサイル M"",""conventional_weapons"":""""}"
OAO GosNIIkhimanalit,oaogosniikhimanalit,経済産業省 外国ユーザーリスト,c632d657f9c13b1250d688394eb7c99956a994527cb56f4a77c86ed61ff1dbda:797,https://www.meti.go.jp/policy/anpo/20250929_3.pdf,data/raw/meti_manual/20260905T201914Z__c632d657f9c1__20250929_3.pdf,2025-09-29,2025-10-09,2026-09-05T20:19:14Z,2026-09-05T20:19:14Z,1,c632d657f9c13b1250d688394eb7c99956a994527cb56f4a77c86ed61ff1dbda,"{""record_no"":797,""country"":""ロシア Russian Federation"",""aliases"":[""State Research Chemical-Analytical Institute""],""wmd"":""化学 C"",""conventional_weapons"":""""}"
OOO Intertech Instruments,ooointertechinstruments,経済産業省 外国ユーザーリスト,c632d657f9c13b1250d688394eb7c99956a994527cb56f4a77c86ed61ff1dbda:798,https://www.meti.go.jp/policy/anpo/20250929_3.pdf,data/raw/meti_manual/20260905T201914Z__c632d657f9c1__20250929_3.pdf,2025-09-29,2025-10-09,2026-09-05T20:19:14Z,2026-09-05T20:19:14Z,1,c632d657f9c13b1250d688394eb7c99956a994527cb56f4a77c86ed61ff1dbda,"{""record_no"":798,""country"":""ロシア Russian Federation"",""aliases"":[""Intertek Instruments""],""wmd"":""生物、化学、ミサイル、核 B,C,M,N"",""conventional_weapons"":""""}"
Open Joint Stock Company Aviadvigatel,openjointstockcompanyaviadvigatel,経済産業省 外国ユーザーリスト,c632d657f9c13b1250d688394eb7c99956a994527cb56f4a77c86ed61ff1dbda:799,https://www.meti.go.jp/policy/anpo/20250929_3.pdf,data/raw/meti_manual/20260905T201914Z__c632d657f9c1__20250929_3.pdf,2025-09-29,2025-10-09,2026-09-05T20:19:14Z,2026-09-05T20:19:14Z,1,c632d657f9c13b1250d688394eb7c99956a994527cb56f4a77c86ed61ff1dbda,"{""record_no"":799,""country"":""ロシア Russian Federation"",""aliases"":[],""wmd"":"""",""conventional_weapons"":""通常兵器 CW""}"
POLYUS Research Institute of M.F. Stelmakh Joint Stock Company,polyusresearchinstituteofm.f.stelmakhjointstockcompany,経済産業省 外国ユーザーリスト,c632d657f9c13b1250d688394eb7c99956a994527cb56f4a77c86ed61ff1dbda:800,https://www.meti.go.jp/policy/anpo/20250929_3.pdf,data/raw/meti_manual/20260905T201914Z__c632d657f9c1__20250929_3.pdf,2025-09-29,2025-10-09,2026-09-05T20:19:14Z,2026-09-05T20:19:14Z,1,c632d657f9c13b1250d688394eb7c99956a994527cb56f4a77c86ed61ff1dbda,"{""record_no"":800,""country"":""ロシア Russian Federation"",""aliases"":[],""wmd"":""ミサイル M"",""conventional_weapons"":""""}"
Public Joint Stock Company Kurganmashzavod,publicjointstockcompanykurganmashzavod,経済産業省 外国ユーザーリスト,c632d657f9c13b1250d688394eb7c99956a994527cb56f4a77c86ed61ff1dbda:801,https://www.meti.go.jp/policy/anpo/20250929_3.pdf,data/raw/meti_manual/20260905T201914Z__c632d657f9c1__20250929_3.pdf,2025-09-29,2025-10-09,2026-09-05T20:19:14Z,2026-09-05T20:19:14Z,1,c632d657f9c13b1250d688394eb7c99956a994527cb56f4a77c86ed61ff1dbda,"{""record_no"":801,""country"":""ロシア Russian Federation"",""aliases"":[""Kurganmashzavod"",""OAO Kurganmashzavod"",""PJSC Kurgan Machine Building Factory"",""PJSC Kurgansky Mashinostroitelny Zavod"",""PJSC Kurgansky Mashinostroitelny Factory""],""wmd"":"""",""conventional_weapons"":""通常兵器 CW""}"
Public Joint Stock Company UEC-Ufa Engine Industrial Association,publicjointstockcompanyuec-ufaengineindustrialassociation,経済産業省 外国ユーザーリスト,c632d657f9c13b1250d688394eb7c99956a994527cb56f4a77c86ed61ff1dbda:802,https://www.meti.go.jp/policy/anpo/20250929_3.pdf,data/raw/meti_manual/20260905T201914Z__c632d657f9c1__20250929_3.pdf,2025-09-29,2025-10-09,2026-09-05T20:19:14Z,2026-09-05T20:19:14Z,1,c632d657f9c13b1250d688394eb7c99956a994527cb56f4a77c86ed61ff1dbda,"{""record_no"":802,""country"":""ロシア Russian Federation"",""aliases"":[""Public Joint Stock Company ODK-Ufim Motor-Building Production Association"",""Public Joint-Stock Company ODK-Ufimskoye"",""PJSC UEC-UMPO"",""PAO UEC-UMPO"",""ODK-Ufim Motor-Building Production Association"",""PJSC ODK-UMPO"",""United Engine Manufacturing Corporation-Ufa Engine Building Production Association Public Joint Stock Corporation"",""UEC-Ufa Motor-Building Manufacturing Association"",""ODK-UMPO Engine Building Enterprise"",""Ufa Engine-Manufacturing Company"",""ODK-UMPO PAO"",""ODK-UMPO Engine Building Association"",""Ufa Engine Building Manufacturing Company"",""UEC-UMPO""],""wmd"":"""",""conventional_weapons"":""通常兵器 CW""}"
Public Joint Stock Company United Aircraft Corporation,publicjointstockcompanyunitedaircraftcorporation,経済産業省 外国ユーザーリスト,c632d657f9c13b1250d688394eb7c99956a994527cb56f4a77c86ed61ff1dbda:803,https://www.meti.go.jp/policy/anpo/20250929_3.pdf,data/raw/meti_manual/20260905T201914Z__c632d657f9c1__20250929_3.pdf,2025-09-29,2025-10-09,2026-09-05T20:19:14Z,2026-09-05T20:19:14Z,1,c632d657f9c13b1250d688394eb7c99956a994527cb56f4a77c86ed61ff1dbda,"{""record_no"":803,""country"":""ロシア Russian Federation"",""aliases"":[],""wmd"":""ミサイル、核 M、N"",""conventional_weapons"":""通常兵器 CW""}"
Radiotechnical and Information Systems (RTI) Concern,radiotechnicalandinformationsystems(rti)concern,経済産業省 外国ユーザーリスト,c632d657f9c13b1250d688394eb7c99956a994527cb56f4a77c86ed61ff1dbda:804,https://www.meti.go.jp/policy/anpo/20250929_3.pdf,data/raw/meti_manual/20260905T201914Z__c632d657f9c1__20250929_3.pdf,2025-09-29,2025-10-09,2026-09-05T20:19:14Z,2026-09-05T20:19:14Z,1,c632d657f9c13b1250d688394eb7c99956a994527cb56f4a77c86ed61ff1dbda,"{""record_no"":804,""country"":""ロシア Russian Federation"",""aliases"":[],""wmd"":"""",""conventional_weapons"":""通常兵器 CW""}"
"""Raduga"" State Engineering Design Bureau JSC named after A.Y. Bereznyak","raduga""stateengineeringdesignbureaujscnamedaftera.y.bereznyak",経済産業省 外国ユーザーリスト,c632d657f9c13b1250d688394eb7c99956a994527cb56f4a77c86ed61ff1dbda:805,https://www.meti.go.jp/policy/anpo/20250929_3.pdf,data/raw/meti_manual/20260905T201914Z__c632d657f9c1__20250929_3.pdf,2025-09-29,2025-10-09,2026-09-05T20:19:14Z,2026-09-05T20:19:14Z,1,c632d657f9c13b1250d688394eb7c99956a994527cb56f4a77c86ed61ff1dbda,"{""record_no"":805,""country"":""ロシア Russian Federation"",""aliases"":[""AO “GosMKB “Raduga” IM. A.Ya.Bereznyaka”"",""GosMKB \""Rainbow\"" them. AND I. Bereznyak"",""Joint Stock Company “State Machine-Building Design Bureau “Raduga”"",""MKB Raduga"",""State Machine Building Design Bureau Raduga"",""Tactical Missile Corporation, Raduga Design Bureau""],""wmd"":""ミサイル M"",""conventional_weapons"":""""}"
Rosoboronexport OJSC (ROE),rosoboronexportojsc(roe),経済産業省 外国ユーザーリスト,c632d657f9c13b1250d688394eb7c99956a994527cb56f4a77c86ed61ff1dbda:806,https://www.meti.go.jp/policy/anpo/20250929_3.pdf,data/raw/meti_manual/20260905T201914Z__c632d657f9c1__20250929_3.pdf,2025-09-29,2025-10-09,2026-09-05T20:19:14Z,2026-09-05T20:19:14Z,1,c632d657f9c13b1250d688394eb7c99956a994527cb56f4a77c86ed61ff1dbda,"{""record_no"":806,""country"":""ロシア Russian Federation"",""aliases"":[""ROSOBORONEXPORT JSC"",""RUSSIAN DEFENSE EXPORT ROSOBORONEXPORT"",""ROSOBORONEKSPORT OJSC"",""ROSOBORONEXPORT"",""АО Рособоронэкспорт"",""Russian Defence Export"",""OJSC ROSOBORONEXPORT"",""Rosoboroneksport AO"",""Акционерное общество"",""Рособоронэкспорт"",""Aktsionernoe Obshchestvo Rosoboroneksport"",""State Corporation Rosoboronexport""],""wmd"":""ミサイル M"",""conventional_weapons"":""通常兵器 CW""}"
Rostec（Russian Technologies State Corporation）,rostec(russiantechnologiesstatecorporation),経済産業省 外国ユーザーリスト,c632d657f9c13b1250d688394eb7c99956a994527cb56f4a77c86ed61ff1dbda:807,https://www.meti.go.jp/policy/anpo/20250929_3.pdf,data/raw/meti_manual/20260905T201914Z__c632d657f9c1__20250929_3.pdf,2025-09-29,2025-10-09,2026-09-05T20:19:14Z,2026-09-05T20:19:14Z,1,c632d657f9c13b1250d688394eb7c99956a994527cb56f4a77c86ed61ff1dbda,"{""record_no"":807,""country"":""ロシア Russian Federation"",""aliases"":[],""wmd"":""ミサイル M"",""conventional_weapons"":""通常兵器 CW""}"
Ruselectronics JSC,ruselectronicsjsc,経済産業省 外国ユーザーリスト,c632d657f9c13b1250d688394eb7c99956a994527cb56f4a77c86ed61ff1dbda:808,https://www.meti.go.jp/policy/anpo/20250929_3.pdf,data/raw/meti_manual/20260905T201914Z__c632d657f9c1__20250929_3.pdf,2025-09-29,2025-10-09,2026-09-05T20:19:14Z,2026-09-05T20:19:14Z,1,c632d657f9c13b1250d688394eb7c99956a994527cb56f4a77c86ed61ff1dbda,"{""record_no"":808,""country"":""ロシア Russian Federation"",""aliases"":[],""wmd"":"""",""conventional_weapons"":""通常兵器 CW""}"
Russian Aircraft Corporation MiG,russianaircraftcorporationmig,経済産業省 外国ユーザーリスト,c632d657f9c13b1250d688394eb7c99956a994527cb56f4a77c86ed61ff1dbda:809,https://www.meti.go.jp/policy/anpo/20250929_3.pdf,data/raw/meti_manual/20260905T201914Z__c632d657f9c1__20250929_3.pdf,2025-09-29,2025-10-09,2026-09-05T20:19:14Z,2026-09-05T20:19:14Z,1,c632d657f9c13b1250d688394eb7c99956a994527cb56f4a77c86ed61ff1dbda,"{""record_no"":809,""country"":""ロシア Russian Federation"",""aliases"":[],""wmd"":""ミサイル、核 M、N"",""conventional_weapons"":""通常兵器 CW""}"
Russian Helicopters JSC,russianhelicoptersjsc,経済産業省 外国ユーザーリスト,c632d657f9c13b1250d688394eb7c99956a994527cb56f4a77c86ed61ff1dbda:810,https://www.meti.go.jp/policy/anpo/20250929_3.pdf,data/raw/meti_manual/20260905T201914Z__c632d657f9c1__20250929_3.pdf,2025-09-29,2025-10-09,2026-09-05T20:19:14Z,2026-09-05T20:19:14Z,1,c632d657f9c13b1250d688394eb7c99956a994527cb56f4a77c86ed61ff1dbda,"{""record_no"":810,""country"":""ロシア Russian Federation"",""aliases"":[],""wmd"":"""",""conventional_weapons"":""通常兵器 CW""}"
Scientific Research Institute of Applied Acoustics,scientificresearchinstituteofappliedacoustics,経済産業省 外国ユーザーリスト,c632d657f9c13b1250d688394eb7c99956a994527cb56f4a77c86ed61ff1dbda:811,https://www.meti.go.jp/policy/anpo/20250929_3.pdf,data/raw/meti_manual/20260905T201914Z__c632d657f9c1__20250929_3.pdf,2025-09-29,2025-10-09,2026-09-05T20:19:14Z,2026-09-05T20:19:14Z,1,c632d657f9c13b1250d688394eb7c99956a994527cb56f4a77c86ed61ff1dbda,"{""record_no"":811,""country"":""ロシア Russian Federation"",""aliases"":[""Applied Acoustics Research Institute"",""NIIPA""],""wmd"":""生物、化学、ミサイル B,C,M"",""conventional_weapons"":""""}"
"""Scientific Research Institute for Mechanical Engineering"" JSC","scientificresearchinstituteformechanicalengineering""jsc",経済産業省 外国ユーザーリスト,c632d657f9c13b1250d688394eb7c99956a994527cb56f4a77c86ed61ff1dbda:812,https://www.meti.go.jp/policy/anpo/20250929_3.pdf,data/raw/meti_manual/20260905T201914Z__c632d657f9c1__20250929_3.pdf,2025-09-29,2025-10-09,2026-09-05T20:19:14Z,2026-09-05T20:19:14Z,1,c632d657f9c13b1250d688394eb7c99956a994527cb56f4a77c86ed61ff1dbda,"{""record_no"":812,""country"":""ロシア Russian Federation"",""aliases"":[""GosNIImash"",""JSC Scientific Research Institute for Mechanical Engineering"",""Pervichnaya Profsoyuznaya Organizatsiya Rossiskogo Profsoyuza Rabotnikov Promyshlennosti V “GOSNIIMASH”"",""PPO Rosprofprom V “GOSNIIMASH”"",""SKB DNIKhTI"",""State Research Institute of Mechanical Engineering named after V.V. Bakhireva"",""State Scientific Research Institute of Machine Building Bakhirev"",""Tactical Missile Corporation, Joint Stock Company GosNIIMash""],""wmd"":""ミサイル M"",""conventional_weapons"":""通常兵器 CW""}"
Severnoye Design Bureau Joint Stock Company,severnoyedesignbureaujointstockcompany,経済産業省 外国ユーザーリスト,c632d657f9c13b1250d688394eb7c99956a994527cb56f4a77c86ed61ff1dbda:813,https://www.meti.go.jp/policy/anpo/20250929_3.pdf,data/raw/meti_manual/20260905T201914Z__c632d657f9c1__20250929_3.pdf,2025-09-29,2025-10-09,2026-09-05T20:19:14Z,2026-09-05T20:19:14Z,1,c632d657f9c13b1250d688394eb7c99956a994527cb56f4a77c86ed61ff1dbda,"{""record_no"":813,""country"":""ロシア Russian Federation"",""aliases"":[""Joint Stock Company North Design Bureau"",""JSC NORTH PKB"",""JSC Severnoye PKB"",""Severnoe Design Bureau"",""Severnoye Design Bureau""],""wmd"":"""",""conventional_weapons"":""通常兵器 CW""}"
SMT-iLogic,smt-ilogic,経済産業省 外国ユーザーリスト,c632d657f9c13b1250d688394eb7c99956a994527cb56f4a77c86ed61ff1dbda:814,https://www.meti.go.jp/policy/anpo/20250929_3.pdf,data/raw/meti_manual/20260905T201914Z__c632d657f9c1__20250929_3.pdf,2025-09-29,2025-10-09,2026-09-05T20:19:14Z,2026-09-05T20:19:14Z,1,c632d657f9c13b1250d688394eb7c99956a994527cb56f4a77c86ed61ff1dbda,"{""record_no"":814,""country"":""ロシア Russian Federation"",""aliases"":[""SMT-iLogic, LLC"",""SMT Aylogik""],""wmd"":""ミサイル M"",""conventional_weapons"":""""}"
Special Technology Center,specialtechnologycenter,経済産業省 外国ユーザーリスト,c632d657f9c13b1250d688394eb7c99956a994527cb56f4a77c86ed61ff1dbda:815,https://www.meti.go.jp/policy/anpo/20250929_3.pdf,data/raw/meti_manual/20260905T201914Z__c632d657f9c1__20250929_3.pdf,2025-09-29,2025-10-09,2026-09-05T20:19:14Z,2026-09-05T20:19:14Z,1,c632d657f9c13b1250d688394eb7c99956a994527cb56f4a77c86ed61ff1dbda,"{""record_no"":815,""country"":""ロシア Russian Federation"",""aliases"":[""Special Technology Centre Limited Liability Company"",""STC, Ltd.""],""wmd"":""ミサイル M"",""conventional_weapons"":""通常兵器 CW""}"
St. Petersburg Marine Bureau of Machine Building Malakhit,st.petersburgmarinebureauofmachinebuildingmalakhit,経済産業省 外国ユーザーリスト,c632d657f9c13b1250d688394eb7c99956a994527cb56f4a77c86ed61ff1dbda:816,https://www.meti.go.jp/policy/anpo/20250929_3.pdf,data/raw/meti_manual/20260905T201914Z__c632d657f9c1__20250929_3.pdf,2025-09-29,2025-10-09,2026-09-05T20:19:14Z,2026-09-05T20:19:14Z,1,c632d657f9c13b1250d688394eb7c99956a994527cb56f4a77c86ed61ff1dbda,"{""record_no"":816,""country"":""ロシア Russian Federation"",""aliases"":[""SPMBM Malakhit"",""Malakhit""],""wmd"":"""",""conventional_weapons"":""通常兵器 CW""}"
State Scientific Research Institute of Organic Chemistry and Technology,statescientificresearchinstituteoforganicchemistryandtechnology,経済産業省 外国ユーザーリスト,c632d657f9c13b1250d688394eb7c99956a994527cb56f4a77c86ed61ff1dbda:817,https://www.meti.go.jp/policy/anpo/20250929_3.pdf,data/raw/meti_manual/20260905T201914Z__c632d657f9c1__20250929_3.pdf,2025-09-29,2025-10-09,2026-09-05T20:19:14Z,2026-09-05T20:19:14Z,1,c632d657f9c13b1250d688394eb7c99956a994527cb56f4a77c86ed61ff1dbda,"{""record_no"":817,""country"":""ロシア Russian Federation"",""aliases"":[""GosNIIOKhT""],""wmd"":""化学 C"",""conventional_weapons"":""""}"
"""Strela"" Production Association JSC","strela""productionassociationjsc",経済産業省 外国ユーザーリスト,c632d657f9c13b1250d688394eb7c99956a994527cb56f4a77c86ed61ff1dbda:818,https://www.meti.go.jp/policy/anpo/20250929_3.pdf,data/raw/meti_manual/20260905T201914Z__c632d657f9c1__20250929_3.pdf,2025-09-29,2025-10-09,2026-09-05T20:19:14Z,2026-09-05T20:19:14Z,1,c632d657f9c13b1250d688394eb7c99956a994527cb56f4a77c86ed61ff1dbda,"{""record_no"":818,""country"":""ロシア Russian Federation"",""aliases"":[""Production Association Strela"",""Tactical Missile Corporation, Joint Stock Company PA Strela""],""wmd"":""ミサイル M"",""conventional_weapons"":""""}"
Sukhoi Aviation JSC,sukhoiaviationjsc,経済産業省 外国ユーザーリスト,c632d657f9c13b1250d688394eb7c99956a994527cb56f4a77c86ed61ff1dbda:819,https://www.meti.go.jp/policy/anpo/20250929_3.pdf,data/raw/meti_manual/20260905T201914Z__c632d657f9c1__20250929_3.pdf,2025-09-29,2025-10-09,2026-09-05T20:19:14Z,2026-09-05T20:19:14Z,1,c632d657f9c13b1250d688394eb7c99956a994527cb56f4a77c86ed61ff1dbda,"{""record_no"":819,""country"":""ロシア Russian Federation"",""aliases"":[],""wmd"":""ミサイル、核 M、N"",""conventional_weapons"":""通常兵器 CW""}"
Systems of Biological Synthesis LLC,systemsofbiologicalsynthesisllc,経済産業省 外国ユーザーリスト,c632d657f9c13b1250d688394eb7c99956a994527cb56f4a77c86ed61ff1dbda:820,https://www.meti.go.jp/policy/anpo/20250929_3.pdf,data/raw/meti_manual/20260905T201914Z__c632d657f9c1__20250929_3.pdf,2025-09-29,2025-10-09,2026-09-05T20:19:14Z,2026-09-05T20:19:14Z,1,c632d657f9c13b1250d688394eb7c99956a994527cb56f4a77c86ed61ff1dbda,"{""record_no"":820,""country"":""ロシア Russian Federation"",""aliases"":[""OOO SBS"",""SBS LLC"",""Sistemy Biologicheskogo Sinteza""],""wmd"":""生物 B"",""conventional_weapons"":""""}"
Tactical Missiles Corporation JSC,tacticalmissilescorporationjsc,経済産業省 外国ユーザーリスト,c632d657f9c13b1250d688394eb7c99956a994527cb56f4a77c86ed61ff1dbda:821,https://www.meti.go.jp/policy/anpo/20250929_3.pdf,data/raw/meti_manual/20260905T201914Z__c632d657f9c1__20250929_3.pdf,2025-09-29,2025-10-09,2026-09-05T20:19:14Z,2026-09-05T20:19:14Z,1,c632d657f9c13b1250d688394eb7c99956a994527cb56f4a77c86ed61ff1dbda,"{""record_no"":821,""country"":""ロシア Russian Federation"",""aliases"":[],""wmd"":""ミサイル M"",""conventional_weapons"":""通常兵器 CW""}"
"""Temp-Avia"" Arzamas Research and Production Association JSC","temp-avia""arzamasresearchandproductionassociationjsc",経済産業省 外国ユーザーリスト,c632d657f9c13b1250d688394eb7c99956a994527cb56f4a77c86ed61ff1dbda:822,https://www.meti.go.jp/policy/anpo/20250929_3.pdf,data/raw/meti_manual/20260905T201914Z__c632d657f9c1__20250929_3.pdf,2025-09-29,2025-10-09,2026-09-05T20:19:14Z,2026-09-05T20:19:14Z,1,c632d657f9c13b1250d688394eb7c99956a994527cb56f4a77c86ed61ff1dbda,"{""record_no"":822,""country"":""ロシア Russian Federation"",""aliases"":[""ANPP TEMP AIR"",""ANPP “Temp-Avia”"",""Arzamasskoe Scientific Production Enterprise Temp Avia"",""Joint Stock Company “Arzamas Research And Production Enterprise“TEMP-AVIA”"",""OKB “Temp”"",""Public Joint Stock Company “Arzamas Research and Production Enterprise”"",""Publichnoe Aktsionernoe Obshchestvo “Arzamasskoe Nauchno-Proizvodstvennoe Predpriyatie “TEMP-AVIA”"",""PJSC ANPP Temp Avia"",""TEMP-AVIA""],""wmd"":""ミサイル M"",""conventional_weapons"":""""}"
TsKB MT Rubin,tskbmtrubin,経済産業省 外国ユーザーリスト,c632d657f9c13b1250d688394eb7c99956a994527cb56f4a77c86ed61ff1dbda:823,https://www.meti.go.jp/policy/anpo/20250929_3.pdf,data/raw/meti_manual/20260905T201914Z__c632d657f9c1__20250929_3.pdf,2025-09-29,2025-10-09,2026-09-05T20:19:14Z,2026-09-05T20:19:14Z,1,c632d657f9c13b1250d688394eb7c99956a994527cb56f4a77c86ed61ff1dbda,"{""record_no"":823,""country"":""ロシア Russian Federation"",""aliases"":[""Tsentralnoe Konstruktorskoe Byuro Morskoi Tekhniki Rubin"",""The Rubin Central Design Bureau for Marine Engineering""],""wmd"":"""",""conventional_weapons"":""通常兵器 CW""}"
Tupolev JSC,tupolevjsc,経済産業省 外国ユーザーリスト,c632d657f9c13b1250d688394eb7c99956a994527cb56f4a77c86ed61ff1dbda:824,https://www.meti.go.jp/policy/anpo/20250929_3.pdf,data/raw/meti_manual/20260905T201914Z__c632d657f9c1__20250929_3.pdf,2025-09-29,2025-10-09,2026-09-05T20:19:14Z,2026-09-05T20:19:14Z,1,c632d657f9c13b1250d688394eb7c99956a994527cb56f4a77c86ed61ff1dbda,"{""record_no"":824,""country"":""ロシア Russian Federation"",""aliases"":[],""wmd"":""ミサイル、核 M、N"",""conventional_weapons"":""通常兵器 CW""}"
Turayev Machine Building Design Bureau Soyuz,turayevmachinebuildingdesignbureausoyuz,経済産業省 外国ユーザーリスト,c632d657f9c13b1250d688394eb7c99956a994527cb56f4a77c86ed61ff1dbda:825,https://www.meti.go.jp/policy/anpo/20250929_3.pdf,data/raw/meti_manual/20260905T201914Z__c632d657f9c1__20250929_3.pdf,2025-09-29,2025-10-09,2026-09-05T20:19:14Z,2026-09-05T20:19:14Z,1,c632d657f9c13b1250d688394eb7c99956a994527cb56f4a77c86ed61ff1dbda,"{""record_no"":825,""country"":""ロシア Russian Federation"",""aliases"":[""TMBDB SoyuZ PJSC""],""wmd"":""ミサイル M"",""conventional_weapons"":""通常兵器 CW""}"
UEC-Saturn,uec-saturn,経済産業省 外国ユーザーリスト,c632d657f9c13b1250d688394eb7c99956a994527cb56f4a77c86ed61ff1dbda:826,https://www.meti.go.jp/policy/anpo/20250929_3.pdf,data/raw/meti_manual/20260905T201914Z__c632d657f9c1__20250929_3.pdf,2025-09-29,2025-10-09,2026-09-05T20:19:14Z,2026-09-05T20:19:14Z,1,c632d657f9c13b1250d688394eb7c99956a994527cb56f4a77c86ed61ff1dbda,"{""record_no"":826,""country"":""ロシア Russian Federation"",""aliases"":[],""wmd"":""ミサイル M"",""conventional_weapons"":""通常兵器 CW""}"
United Engine Corporation,unitedenginecorporation,経済産業省 外国ユーザーリスト,c632d657f9c13b1250d688394eb7c99956a994527cb56f4a77c86ed61ff1dbda:827,https://www.meti.go.jp/policy/anpo/20250929_3.pdf,data/raw/meti_manual/20260905T201914Z__c632d657f9c1__20250929_3.pdf,2025-09-29,2025-10-09,2026-09-05T20:19:14Z,2026-09-05T20:19:14Z,1,c632d657f9c13b1250d688394eb7c99956a994527cb56f4a77c86ed61ff1dbda,"{""record_no"":827,""country"":""ロシア Russian Federation"",""aliases"":[],""wmd"":""ミサイル M"",""conventional_weapons"":""通常兵器 CW""}"
United Instrument Manufacturing Corporation,unitedinstrumentmanufacturingcorporation,経済産業省 外国ユーザーリスト,c632d657f9c13b1250d688394eb7c99956a994527cb56f4a77c86ed61ff1dbda:828,https://www.meti.go.jp/policy/anpo/20250929_3.pdf,data/raw/meti_manual/20260905T201914Z__c632d657f9c1__20250929_3.pdf,2025-09-29,2025-10-09,2026-09-05T20:19:14Z,2026-09-05T20:19:14Z,1,c632d657f9c13b1250d688394eb7c99956a994527cb56f4a77c86ed61ff1dbda,"{""record_no"":828,""country"":""ロシア Russian Federation"",""aliases"":[],""wmd"":"""",""conventional_weapons"":""通常兵器 CW""}"
United Shipbuilding Corporation,unitedshipbuildingcorporation,経済産業省 外国ユーザーリスト,c632d657f9c13b1250d688394eb7c99956a994527cb56f4a77c86ed61ff1dbda:829,https://www.meti.go.jp/policy/anpo/20250929_3.pdf,data/raw/meti_manual/20260905T201914Z__c632d657f9c1__20250929_3.pdf,2025-09-29,2025-10-09,2026-09-05T20:19:14Z,2026-09-05T20:19:14Z,1,c632d657f9c13b1250d688394eb7c99956a994527cb56f4a77c86ed61ff1dbda,"{""record_no"":829,""country"":""ロシア Russian Federation"",""aliases"":[""Obedinennaya Sudostroitelnaya Korporatsiya OAO"",""OJSC United Shipbuilding Corporation"",""United Shipbuilding Corporation Joint Stock Company"",""OSK OAO""],""wmd"":"""",""conventional_weapons"":""通常兵器 CW""}"
"United Shipbuilding Corporation JSC ""SC ""Zvyozdochka""","unitedshipbuildingcorporationjsc""sc""zvyozdochka",経済産業省 外国ユーザーリスト,c632d657f9c13b1250d688394eb7c99956a994527cb56f4a77c86ed61ff1dbda:830,https://www.meti.go.jp/policy/anpo/20250929_3.pdf,data/raw/meti_manual/20260905T201914Z__c632d657f9c1__20250929_3.pdf,2025-09-29,2025-10-09,2026-09-05T20:19:14Z,2026-09-05T20:19:14Z,1,c632d657f9c13b1250d688394eb7c99956a994527cb56f4a77c86ed61ff1dbda,"{""record_no"":830,""country"":""ロシア Russian Federation"",""aliases"":[""Filial \""Astrakhanski Sudoremontny Zavod\"" Aktsionernogo Obshchestva \""Tsentr sudoremonta \""Zvezdochka\""""],""wmd"":"""",""conventional_weapons"":""通常兵器 CW""}"
United Shipbuilding Corporation “Production Association Northern Machine Building Enterprise”,"unitedshipbuildingcorporation""productionassociationnorthernmachinebuildingenterprise",経済産業省 外国ユーザーリスト,c632d657f9c13b1250d688394eb7c99956a994527cb56f4a77c86ed61ff1dbda:831,https://www.meti.go.jp/policy/anpo/20250929_3.pdf,data/raw/meti_manual/20260905T201914Z__c632d657f9c1__20250929_3.pdf,2025-09-29,2025-10-09,2026-09-05T20:19:14Z,2026-09-05T20:19:14Z,1,c632d657f9c13b1250d688394eb7c99956a994527cb56f4a77c86ed61ff1dbda,"{""record_no"":831,""country"":""ロシア Russian Federation"",""aliases"":[""JSC PO Sevmash""],""wmd"":""ミサイル、核 M、N"",""conventional_weapons"":""通常兵器 CW""}"
Ural Research Institute of Composite Materials,uralresearchinstituteofcompositematerials,経済産業省 外国ユーザーリスト,c632d657f9c13b1250d688394eb7c99956a994527cb56f4a77c86ed61ff1dbda:832,https://www.meti.go.jp/policy/anpo/20250929_3.pdf,data/raw/meti_manual/20260905T201914Z__c632d657f9c1__20250929_3.pdf,2025-09-29,2025-10-09,2026-09-05T20:19:14Z,2026-09-05T20:19:14Z,1,c632d657f9c13b1250d688394eb7c99956a994527cb56f4a77c86ed61ff1dbda,"{""record_no"":832,""country"":""ロシア Russian Federation"",""aliases"":[""Ural Scientific Research Institute for Composite Materials""],""wmd"":""ミサイル M"",""conventional_weapons"":""""}"
Uralvagonzavod,uralvagonzavod,経済産業省 外国ユーザーリスト,c632d657f9c13b1250d688394eb7c99956a994527cb56f4a77c86ed61ff1dbda:833,https://www.meti.go.jp/policy/anpo/20250929_3.pdf,data/raw/meti_manual/20260905T201914Z__c632d657f9c1__20250929_3.pdf,2025-09-29,2025-10-09,2026-09-05T20:19:14Z,2026-09-05T20:19:14Z,1,c632d657f9c13b1250d688394eb7c99956a994527cb56f4a77c86ed61ff1dbda,"{""record_no"":833,""country"":""ロシア Russian Federation"",""aliases"":[""Nauchno-Proizvodstvennaya Korporatsiya Uralvagonzavod OAO"",""NPK Uralvagonzavod"",""NPK Uralvagonzavod OAO"",""OJSC Research and Production Corporation Uralvagonzavod"",""Research and Production Corporation Uralvagonzavod"",""Research and Production Corporation Uralvagonzavod OAO"",""Uralvagonzavod Corporation"",""UVZ""],""wmd"":"""",""conventional_weapons"":""通常兵器 CW""}"
"""Vympel"" State Engineering Design Bureau JSC named after I.I. Toropov","vympel""stateengineeringdesignbureaujscnamedafteri.i.toropov",経済産業省 外国ユーザーリスト,c632d657f9c13b1250d688394eb7c99956a994527cb56f4a77c86ed61ff1dbda:834,https://www.meti.go.jp/policy/anpo/20250929_3.pdf,data/raw/meti_manual/20260905T201914Z__c632d657f9c1__20250929_3.pdf,2025-09-29,2025-10-09,2026-09-05T20:19:14Z,2026-09-05T20:19:14Z,1,c632d657f9c13b1250d688394eb7c99956a994527cb56f4a77c86ed61ff1dbda,"{""record_no"":834,""country"":""ロシア Russian Federation"",""aliases"":[""AO Gos MKB “Vympel” named for II Toropov"",""Tactical Missile Corporation, Joint Stock Company “State Machine Building Design Bureau “Vympel” By Name I.I. Toropov”"",""Vympel NPO""],""wmd"":""ミサイル M"",""conventional_weapons"":""通常兵器 CW""}"
"Zavod ""Miass""","zavod""miass",経済産業省 外国ユーザーリスト,c632d657f9c13b1250d688394eb7c99956a994527cb56f4a77c86ed61ff1dbda:835,https://www.meti.go.jp/policy/anpo/20250929_3.pdf,data/raw/meti_manual/20260905T201914Z__c632d657f9c1__20250929_3.pdf,2025-09-29,2025-10-09,2026-09-05T20:19:14Z,2026-09-05T20:19:14Z,1,c632d657f9c13b1250d688394eb7c99956a994527cb56f4a77c86ed61ff1dbda,"{""record_no"":835,""country"":""ロシア Russian Federation"",""aliases"":[""AO Miasskiy mashinostroitelnyy zavod"",""JSC MMZ"",""Miass Machine-Building Factory""],""wmd"":""ミサイル M"",""conventional_weapons"":""""}"
