document_key,source_record_id,pages,code,detail,source_hash
current_un,126adf153bd520671b9de87b006de3863ebbbb907b1b3625168cdef117f4a794:UN:2,1,RTL_ORDER_REVIEW,右から左の文字順を原本ページで確認: دنوخآ ن سح دمحم,126adf153bd520671b9de87b006de3863ebbbb907b1b3625168cdef117f4a794
current_un,126adf153bd520671b9de87b006de3863ebbbb907b1b3625168cdef117f4a794:UN:3,1;2,RTL_ORDER_REVIEW,右から左の文字順を原本ページで確認: ناج دمحم ریبکلا د بع,126adf153bd520671b9de87b006de3863ebbbb907b1b3625168cdef117f4a794
current_un,126adf153bd520671b9de87b006de3863ebbbb907b1b3625168cdef117f4a794:UN:4,2;3,RTL_ORDER_REVIEW,右から左の文字順を原本ページで確認: یبن ملاغ رمع دمحم,126adf153bd520671b9de87b006de3863ebbbb907b1b3625168cdef117f4a794
current_un,126adf153bd520671b9de87b006de3863ebbbb907b1b3625168cdef117f4a794:UN:7,4;5,RTL_ORDER_REVIEW,右から左の文字順を原本ページで確認: روصنم فیطللا د بع,126adf153bd520671b9de87b006de3863ebbbb907b1b3625168cdef117f4a794
current_un,126adf153bd520671b9de87b006de3863ebbbb907b1b3625168cdef117f4a794:UN:23,11,RTL_ORDER_REVIEW,右から左の文字順を原本ページで確認: مولظم دمحم لضف,126adf153bd520671b9de87b006de3863ebbbb907b1b3625168cdef117f4a794
current_un,126adf153bd520671b9de87b006de3863ebbbb907b1b3625168cdef117f4a794:UN:23,11,NAME_AMBIGUOUS,注記・括弧・姓名境界の確認が必要: Mohammad Fadel Aakhund (original script: دنوخآ لضاف د محم),126adf153bd520671b9de87b006de3863ebbbb907b1b3625168cdef117f4a794
current_un,126adf153bd520671b9de87b006de3863ebbbb907b1b3625168cdef117f4a794:UN:24,11;12,RTL_ORDER_REVIEW,右から左の文字順を原本ページで確認: کرت دمحلاا دبع ردارب ینغلادبع,126adf153bd520671b9de87b006de3863ebbbb907b1b3625168cdef117f4a794
current_un,126adf153bd520671b9de87b006de3863ebbbb907b1b3625168cdef117f4a794:UN:26,12;13,RTL_ORDER_REVIEW,右から左の文字順を原本ページで確認: یقتم ناخ ریما,126adf153bd520671b9de87b006de3863ebbbb907b1b3625168cdef117f4a794
current_un,126adf153bd520671b9de87b006de3863ebbbb907b1b3625168cdef117f4a794:UN:27,13;14,RTL_ORDER_REVIEW,右から左の文字順を原本ページで確認: لق نادرم ی لع یفنح ملاسلادبع,126adf153bd520671b9de87b006de3863ebbbb907b1b3625168cdef117f4a794
current_un,126adf153bd520671b9de87b006de3863ebbbb907b1b3625168cdef117f4a794:UN:27,13;14,NAME_AMBIGUOUS,注記・括弧・姓名境界の確認が必要: ABDUL SALAM HANAFI (original script: يفنح ملاسلادبع),126adf153bd520671b9de87b006de3863ebbbb907b1b3625168cdef117f4a794
current_un,126adf153bd520671b9de87b006de3863ebbbb907b1b3625168cdef117f4a794:UN:30,14;15,NAME_AMBIGUOUS,注記・括弧・姓名境界の確認が必要: アレフラー・アレフ(以前掲載の氏名),126adf153bd520671b9de87b006de3863ebbbb907b1b3625168cdef117f4a794
current_un,126adf153bd520671b9de87b006de3863ebbbb907b1b3625168cdef117f4a794:UN:30,14;15,NAME_AMBIGUOUS,注記・括弧・姓名境界の確認が必要: Arefullah Aref (formerly listed as),126adf153bd520671b9de87b006de3863ebbbb907b1b3625168cdef117f4a794
current_un,126adf153bd520671b9de87b006de3863ebbbb907b1b3625168cdef117f4a794:UN:34,16;17,NAME_AMBIGUOUS,注記・括弧・姓名境界の確認が必要: アフタール・モハマド(ヌール・モハマドの息子、1965年にカンダハールで出生、アフガニスタン旅券番号:OR1961825、在クエッタ・アフガニスタン総領事館で2003年2月4日に発行、2006年2月2日に失効。),126adf153bd520671b9de87b006de3863ebbbb907b1b3625168cdef117f4a794
current_un,126adf153bd520671b9de87b006de3863ebbbb907b1b3625168cdef117f4a794:UN:34,16;17,NAME_AMBIGUOUS,"注記・括弧・姓名境界の確認が必要: ハッジ・グラブ・グル(ハッジ・ハズラット・グルの息子、1955年に,アフガニスタンのロガールで出生、アフガニスタン旅券番号:TR024417、アフガニスタン、カブールの中央旅券部門で,2003年1 2月20日に発行、2006年12月29日失効。)",126adf153bd520671b9de87b006de3863ebbbb907b1b3625168cdef117f4a794
current_un,126adf153bd520671b9de87b006de3863ebbbb907b1b3625168cdef117f4a794:UN:34,16;17,NAME_AMBIGUOUS,"注記・括弧・姓名境界の確認が必要: Akhter Mohmad son of Noor Mohmad, born in 1965 in Kandahar, Afghanistan passport number OR1961825 issued on 4 Feb.2003 by the Afghan Consulate in Quetta, Pakistan, expired 2 Feb. 2006",126adf153bd520671b9de87b006de3863ebbbb907b1b3625168cdef117f4a794
current_un,126adf153bd520671b9de87b006de3863ebbbb907b1b3625168cdef117f4a794:UN:34,16;17,NAME_AMBIGUOUS,"注記・括弧・姓名境界の確認が必要: Haji Gulab Gul son of Haji Hazrat Gul, born in 1955 in Logar, Afghanistan passport number TR024417 issued 20 Dec. 2003 by Central Passport Department in Kabul, Afghanistan, expired 29 Dec. 2006",126adf153bd520671b9de87b006de3863ebbbb907b1b3625168cdef117f4a794
current_un,126adf153bd520671b9de87b006de3863ebbbb907b1b3625168cdef117f4a794:UN:38,17;18,RTL_ORDER_REVIEW,右から左の文字順を原本ページで確認: هاش لوأ ریصب يقابلا دبع,126adf153bd520671b9de87b006de3863ebbbb907b1b3625168cdef117f4a794
current_un,126adf153bd520671b9de87b006de3863ebbbb907b1b3625168cdef117f4a794:UN:38,17;18,NAME_AMBIGUOUS,注記・括弧・姓名境界の確認が必要: Abdul Baqi Haqqani (original script: يناقح يقابلادبع),126adf153bd520671b9de87b006de3863ebbbb907b1b3625168cdef117f4a794
current_un,126adf153bd520671b9de87b006de3863ebbbb907b1b3625168cdef117f4a794:UN:40,19,RTL_ORDER_REVIEW,右から左の文字順を原本ページで確認: للاج نيدلا ىناقح,126adf153bd520671b9de87b006de3863ebbbb907b1b3625168cdef117f4a794
current_un,126adf153bd520671b9de87b006de3863ebbbb907b1b3625168cdef117f4a794:UN:43,20,RTL_ORDER_REVIEW,右から左の文字順を原本ページで確認: فینح دمحم نيد,126adf153bd520671b9de87b006de3863ebbbb907b1b3625168cdef117f4a794
current_un,126adf153bd520671b9de87b006de3863ebbbb907b1b3625168cdef117f4a794:UN:43,20,NAME_AMBIGUOUS,注記・括弧・姓名境界の確認が必要: イアデナ・モハンマド(1969 年 1 月 1 日生),126adf153bd520671b9de87b006de3863ebbbb907b1b3625168cdef117f4a794
current_un,126adf153bd520671b9de87b006de3863ebbbb907b1b3625168cdef117f4a794:UN:43,20,NAME_AMBIGUOUS,注記・括弧・姓名境界の確認が必要: Iadena Mohammad(born 1 Jan.1969),126adf153bd520671b9de87b006de3863ebbbb907b1b3625168cdef117f4a794
current_un,126adf153bd520671b9de87b006de3863ebbbb907b1b3625168cdef117f4a794:UN:44,20;21,RTL_ORDER_REVIEW,右から左の文字順を原本ページで確認: ىنامعن الله دمح,126adf153bd520671b9de87b006de3863ebbbb907b1b3625168cdef117f4a794
current_un,126adf153bd520671b9de87b006de3863ebbbb907b1b3625168cdef117f4a794:UN:47,21;22,RTL_ORDER_REVIEW,右から左の文字順を原本ページで確認: لامج الله تردق,126adf153bd520671b9de87b006de3863ebbbb907b1b3625168cdef117f4a794
current_un,126adf153bd520671b9de87b006de3863ebbbb907b1b3625168cdef117f4a794:UN:51,22;23,NAME_AMBIGUOUS,注記・括弧・姓名境界の確認が必要: アブドゥル・ハク(M. アンワル・カーンの息子、アフガニスタン旅券番号:OA462456、パキスタンの在ペシャワール総領事館により2 012年1月31日(11-11-1390)に発行),126adf153bd520671b9de87b006de3863ebbbb907b1b3625168cdef117f4a794
current_un,126adf153bd520671b9de87b006de3863ebbbb907b1b3625168cdef117f4a794:UN:51,22;23,NAME_AMBIGUOUS,"注記・括弧・姓名境界の確認が必要: Abdul Haq son of M. Anwar Khan, Afghan passport number OA462456, issued on 31 Jan. 2012 (11-11-1390) by the Afghan Consulate General in Peshawar, Pakistan",126adf153bd520671b9de87b006de3863ebbbb907b1b3625168cdef117f4a794
current_un,126adf153bd520671b9de87b006de3863ebbbb907b1b3625168cdef117f4a794:UN:58,25,RTL_ORDER_REVIEW,右から左の文字順を原本ページで確認: مساق دمحم یبارت نيدلارون,126adf153bd520671b9de87b006de3863ebbbb907b1b3625168cdef117f4a794
current_un,126adf153bd520671b9de87b006de3863ebbbb907b1b3625168cdef117f4a794:UN:60,25;26,RTL_ORDER_REVIEW,右から左の文字順を原本ページで確認: دنوخآ یسیع د محم,126adf153bd520671b9de87b006de3863ebbbb907b1b3625168cdef117f4a794
current_un,126adf153bd520671b9de87b006de3863ebbbb907b1b3625168cdef117f4a794:UN:72,29;30,RTL_ORDER_REVIEW,右から左の文字順を原本ページで確認: الله تیاده یناقح الله ب یجن,126adf153bd520671b9de87b006de3863ebbbb907b1b3625168cdef117f4a794
current_un,126adf153bd520671b9de87b006de3863ebbbb907b1b3625168cdef117f4a794:UN:83,33;34,RTL_ORDER_REVIEW,右から左の文字順を原本ページで確認: قیثو قحلا د بع,126adf153bd520671b9de87b006de3863ebbbb907b1b3625168cdef117f4a794
current_un,126adf153bd520671b9de87b006de3863ebbbb907b1b3625168cdef117f4a794:UN:94,38,RTL_ORDER_REVIEW,右から左の文字順を原本ページで確認: هاوخریخ الله ریخ,126adf153bd520671b9de87b006de3863ebbbb907b1b3625168cdef117f4a794
current_un,126adf153bd520671b9de87b006de3863ebbbb907b1b3625168cdef117f4a794:UN:94,38,NAME_AMBIGUOUS,注記・括弧・姓名境界の確認が必要: ハイルッラー・サイード・ワリ・ハイルハワ (1967 年 1 月 1 日にカンダハールで出生),126adf153bd520671b9de87b006de3863ebbbb907b1b3625168cdef117f4a794
current_un,126adf153bd520671b9de87b006de3863ebbbb907b1b3625168cdef117f4a794:UN:94,38,NAME_AMBIGUOUS,"注記・括弧・姓名境界の確認が必要: Khirullah Said Wali Khairkhwa, born in Kandahar on 01 Jan.1967",126adf153bd520671b9de87b006de3863ebbbb907b1b3625168cdef117f4a794
current_un,126adf153bd520671b9de87b006de3863ebbbb907b1b3625168cdef117f4a794:UN:94,38,NAME_AMBIGUOUS,注記・括弧・姓名境界の確認が必要: Khirullah Khairkhwa (original script: هاوخریخ اللهریخ),126adf153bd520671b9de87b006de3863ebbbb907b1b3625168cdef117f4a794
current_un,126adf153bd520671b9de87b006de3863ebbbb907b1b3625168cdef117f4a794:UN:103,42,NAME_AMBIGUOUS,注記・括弧・姓名境界の確認が必要: モハンマド・イシャク・アフンド(196 3年に出生),126adf153bd520671b9de87b006de3863ebbbb907b1b3625168cdef117f4a794
current_un,126adf153bd520671b9de87b006de3863ebbbb907b1b3625168cdef117f4a794:UN:103,42,NAME_AMBIGUOUS,注記・括弧・姓名境界の確認が必要: Mohammad Ishaq Akhund born in 1963,126adf153bd520671b9de87b006de3863ebbbb907b1b3625168cdef117f4a794
current_un,126adf153bd520671b9de87b006de3863ebbbb907b1b3625168cdef117f4a794:UN:109,44,NAME_AMBIGUOUS,注記・括弧・姓名境界の確認が必要: モハンマド・シャフィク・アフマディ(以前のリスト記載ぶり),126adf153bd520671b9de87b006de3863ebbbb907b1b3625168cdef117f4a794
current_un,126adf153bd520671b9de87b006de3863ebbbb907b1b3625168cdef117f4a794:UN:109,44,NAME_AMBIGUOUS,注記・括弧・姓名境界の確認が必要: Mohammad Shafiq Ahmadi(previously listed as),126adf153bd520671b9de87b006de3863ebbbb907b1b3625168cdef117f4a794
current_un,126adf153bd520671b9de87b006de3863ebbbb907b1b3625168cdef117f4a794:UN:113,46,RTL_ORDER_REVIEW,右から左の文字順を原本ページで確認: بقاث دمحم ر ون,126adf153bd520671b9de87b006de3863ebbbb907b1b3625168cdef117f4a794
current_un,126adf153bd520671b9de87b006de3863ebbbb907b1b3625168cdef117f4a794:UN:113,46,NAME_AMBIGUOUS,注記・括弧・姓名境界の確認が必要: Noor Mohammed Saqeb (original script: بقاث دمحم ر ون),126adf153bd520671b9de87b006de3863ebbbb907b1b3625168cdef117f4a794
current_un,126adf153bd520671b9de87b006de3863ebbbb907b1b3625168cdef117f4a794:UN:121,48;49,RTL_ORDER_REVIEW,右から左の文字順を原本ページで確認: دمحم ریش دنوخآ الله دیمح,126adf153bd520671b9de87b006de3863ebbbb907b1b3625168cdef117f4a794
current_un,126adf153bd520671b9de87b006de3863ebbbb907b1b3625168cdef117f4a794:UN:146,56;57,RTL_ORDER_REVIEW,右から左の文字順を原本ページで確認: دحلاا دبع نامحرلا ز یزع,126adf153bd520671b9de87b006de3863ebbbb907b1b3625168cdef117f4a794
current_un,126adf153bd520671b9de87b006de3863ebbbb907b1b3625168cdef117f4a794:UN:158,58;59,RTL_ORDER_REVIEW,右から左の文字順を原本ページで確認: يرھاوظلا عیبر دمحم نمیأ,126adf153bd520671b9de87b006de3863ebbbb907b1b3625168cdef117f4a794
current_un,126adf153bd520671b9de87b006de3863ebbbb907b1b3625168cdef117f4a794:UN:160,59;60,RTL_ORDER_REVIEW,右から左の文字順を原本ページで確認: ناديز میلحلا دبع نيدلا حلاص دمحم,126adf153bd520671b9de87b006de3863ebbbb907b1b3625168cdef117f4a794
current_un,126adf153bd520671b9de87b006de3863ebbbb907b1b3625168cdef117f4a794:UN:160,59;60,NAME_AMBIGUOUS,注記・括弧・姓名境界の確認が必要: サイフ・アル・アドル(生年月日:1963/4/11、出生地:エジプトの Monufia Governorate、国籍:エジプト),126adf153bd520671b9de87b006de3863ebbbb907b1b3625168cdef117f4a794
current_un,126adf153bd520671b9de87b006de3863ebbbb907b1b3625168cdef117f4a794:UN:160,59;60,NAME_AMBIGUOUS,注記・括弧・姓名境界の確認が必要: ムハマド・イブラヒム・マッカウィ(生年月日:1960/4 /11; 1963/4/11、出生地:エジプト、国籍:エジプト),126adf153bd520671b9de87b006de3863ebbbb907b1b3625168cdef117f4a794
current_un,126adf153bd520671b9de87b006de3863ebbbb907b1b3625168cdef117f4a794:UN:160,59;60,NAME_AMBIGUOUS,"注記・括弧・姓名境界の確認が必要: Sayf-Al Adl (DOB: 11 Apr. 1963. POB: Monufia Governorate, Egypt, Nationality: Egypt)",126adf153bd520671b9de87b006de3863ebbbb907b1b3625168cdef117f4a794
current_un,126adf153bd520671b9de87b006de3863ebbbb907b1b3625168cdef117f4a794:UN:160,59;60,NAME_AMBIGUOUS,注記・括弧・姓名境界の確認が必要: Muhamad Ibrahim Makkawi (DOB: 11 Apr. 1960,126adf153bd520671b9de87b006de3863ebbbb907b1b3625168cdef117f4a794
current_un,126adf153bd520671b9de87b006de3863ebbbb907b1b3625168cdef117f4a794:UN:160,59;60,NAME_AMBIGUOUS,注記・括弧・姓名境界の確認が必要: 11 Apr. 1963. POB: Egypt. Nationality: Egypt) (original script: فیس ل دعلا),126adf153bd520671b9de87b006de3863ebbbb907b1b3625168cdef117f4a794
current_un,126adf153bd520671b9de87b006de3863ebbbb907b1b3625168cdef117f4a794:UN:160,59;60,NAME_AMBIGUOUS,注記・括弧・姓名境界の確認が必要: Salem al-Sharif (original script:م لاس فیرشلا),126adf153bd520671b9de87b006de3863ebbbb907b1b3625168cdef117f4a794
current_un,126adf153bd520671b9de87b006de3863ebbbb907b1b3625168cdef117f4a794:UN:161,60,NAME_AMBIGUOUS,注記・括弧・姓名境界の確認が必要: アル・ハク、アミン,126adf153bd520671b9de87b006de3863ebbbb907b1b3625168cdef117f4a794
current_un,126adf153bd520671b9de87b006de3863ebbbb907b1b3625168cdef117f4a794:UN:161,60,NAME_AMBIGUOUS,注記・括弧・姓名境界の確認が必要: アミン、ムハンマド,126adf153bd520671b9de87b006de3863ebbbb907b1b3625168cdef117f4a794
current_un,126adf153bd520671b9de87b006de3863ebbbb907b1b3625168cdef117f4a794:UN:161,60,NAME_AMBIGUOUS,"注記・括弧・姓名境界の確認が必要: Al-Haq, Amin",126adf153bd520671b9de87b006de3863ebbbb907b1b3625168cdef117f4a794
current_un,126adf153bd520671b9de87b006de3863ebbbb907b1b3625168cdef117f4a794:UN:161,60,NAME_AMBIGUOUS,"注記・括弧・姓名境界の確認が必要: Amin, Muhammad",126adf153bd520671b9de87b006de3863ebbbb907b1b3625168cdef117f4a794
current_un,126adf153bd520671b9de87b006de3863ebbbb907b1b3625168cdef117f4a794:UN:161,60,NAME_AMBIGUOUS,注記・括弧・姓名境界の確認が必要: ウル・ハク、アミン博士,126adf153bd520671b9de87b006de3863ebbbb907b1b3625168cdef117f4a794
current_un,126adf153bd520671b9de87b006de3863ebbbb907b1b3625168cdef117f4a794:UN:161,60,NAME_AMBIGUOUS,"注記・括弧・姓名境界の確認が必要: Ul-Haq, Dr. Amin",126adf153bd520671b9de87b006de3863ebbbb907b1b3625168cdef117f4a794
current_un,126adf153bd520671b9de87b006de3863ebbbb907b1b3625168cdef117f4a794:UN:164,60;61,RTL_ORDER_REVIEW,右から左の文字順を原本ページで確認: نادمح ملاس دمحأ ملاس,126adf153bd520671b9de87b006de3863ebbbb907b1b3625168cdef117f4a794
current_un,126adf153bd520671b9de87b006de3863ebbbb907b1b3625168cdef117f4a794:UN:164,60;61,NAME_AMBIGUOUS,注記・括弧・姓名境界の確認が必要: Saqr Al-Jaddawi (يوادجلا رقص),126adf153bd520671b9de87b006de3863ebbbb907b1b3625168cdef117f4a794
current_un,126adf153bd520671b9de87b006de3863ebbbb907b1b3625168cdef117f4a794:UN:165,61;62,RTL_ORDER_REVIEW,右から左の文字順を原本ページで確認: ناورم نب للاب,126adf153bd520671b9de87b006de3863ebbbb907b1b3625168cdef117f4a794
current_un,126adf153bd520671b9de87b006de3863ebbbb907b1b3625168cdef117f4a794:UN:166,62,RTL_ORDER_REVIEW,右から左の文字順を原本ページで確認: ة دعاقلا,126adf153bd520671b9de87b006de3863ebbbb907b1b3625168cdef117f4a794
current_un,126adf153bd520671b9de87b006de3863ebbbb907b1b3625168cdef117f4a794:UN:168,63,RTL_ORDER_REVIEW,右から左の文字順を原本ページで確認: ة عامجلا ةیملاسلاا ة حلسملا,126adf153bd520671b9de87b006de3863ebbbb907b1b3625168cdef117f4a794
current_un,126adf153bd520671b9de87b006de3863ebbbb907b1b3625168cdef117f4a794:UN:170,63;64,RTL_ORDER_REVIEW,右から左の文字順を原本ページで確認: يرصملا يملاسلاا داهجلا,126adf153bd520671b9de87b006de3863ebbbb907b1b3625168cdef117f4a794
current_un,126adf153bd520671b9de87b006de3863ebbbb907b1b3625168cdef117f4a794:UN:172,64,RTL_ORDER_REVIEW,右から左の文字順を原本ページで確認: ة بصع راصنلأا,126adf153bd520671b9de87b006de3863ebbbb907b1b3625168cdef117f4a794
current_un,126adf153bd520671b9de87b006de3863ebbbb907b1b3625168cdef117f4a794:UN:173,65,RTL_ORDER_REVIEW,右から左の文字順を原本ページで確認: میظنت ا قلا ةدع د لابب برغملا يملاسلاا,126adf153bd520671b9de87b006de3863ebbbb907b1b3625168cdef117f4a794
current_un,126adf153bd520671b9de87b006de3863ebbbb907b1b3625168cdef117f4a794:UN:173,65,NAME_AMBIGUOUS,注記・括弧・姓名境界の確認が必要: イスラム・マグレブ諸国のアル・カーイダ(AQMI),126adf153bd520671b9de87b006de3863ebbbb907b1b3625168cdef117f4a794
current_un,126adf153bd520671b9de87b006de3863ebbbb907b1b3625168cdef117f4a794:UN:173,65,NAME_AMBIGUOUS,注記・括弧・姓名境界の確認が必要: 布教と戦闘のためのサラフィスト・グループ(GSPC),126adf153bd520671b9de87b006de3863ebbbb907b1b3625168cdef117f4a794
current_un,126adf153bd520671b9de87b006de3863ebbbb907b1b3625168cdef117f4a794:UN:173,65,NAME_AMBIGUOUS,注記・括弧・姓名境界の確認が必要: Al Qaïda au Maghreb islamique (AQMI),126adf153bd520671b9de87b006de3863ebbbb907b1b3625168cdef117f4a794
current_un,126adf153bd520671b9de87b006de3863ebbbb907b1b3625168cdef117f4a794:UN:173,65,NAME_AMBIGUOUS,注記・括弧・姓名境界の確認が必要: Le Groupe Salafiste pour La Prédication et le Combat (GSPC),126adf153bd520671b9de87b006de3863ebbbb907b1b3625168cdef117f4a794
current_un,126adf153bd520671b9de87b006de3863ebbbb907b1b3625168cdef117f4a794:UN:174,65,RTL_ORDER_REVIEW,右から左の文字順を原本ページで確認: ة عامجلا ةیملاسلاا ةلتاقملا ةیبیللا,126adf153bd520671b9de87b006de3863ebbbb907b1b3625168cdef117f4a794
current_un,126adf153bd520671b9de87b006de3863ebbbb907b1b3625168cdef117f4a794:UN:175,65;66,RTL_ORDER_REVIEW,右から左の文字順を原本ページで確認: داحتلاا يملاسلاا,126adf153bd520671b9de87b006de3863ebbbb907b1b3625168cdef117f4a794
current_un,126adf153bd520671b9de87b006de3863ebbbb907b1b3625168cdef117f4a794:UN:178,66;67,RTL_ORDER_REVIEW,右から左の文字順を原本ページで確認: ظوفحم دلو دیلولا,126adf153bd520671b9de87b006de3863ebbbb907b1b3625168cdef117f4a794
current_un,126adf153bd520671b9de87b006de3863ebbbb907b1b3625168cdef117f4a794:UN:180,67;68,RTL_ORDER_REVIEW,右から左の文字順を原本ページで確認: ن اوشن د بع ق ازرلا د بع يقابلا,126adf153bd520671b9de87b006de3863ebbbb907b1b3625168cdef117f4a794
current_un,126adf153bd520671b9de87b006de3863ebbbb907b1b3625168cdef117f4a794:UN:181,68,RTL_ORDER_REVIEW,右から左の文字順を原本ページで確認: هتاحش حلاص تورث,126adf153bd520671b9de87b006de3863ebbbb907b1b3625168cdef117f4a794
current_un,126adf153bd520671b9de87b006de3863ebbbb907b1b3625168cdef117f4a794:UN:182,68;69,RTL_ORDER_REVIEW,右から左の文字順を原本ページで確認: دمحا دیسلا رونأ قيراط,126adf153bd520671b9de87b006de3863ebbbb907b1b3625168cdef117f4a794
current_un,126adf153bd520671b9de87b006de3863ebbbb907b1b3625168cdef117f4a794:UN:184,69,RTL_ORDER_REVIEW,右から左の文字順を原本ページで確認: تامدخلا بتكم,126adf153bd520671b9de87b006de3863ebbbb907b1b3625168cdef117f4a794
current_un,126adf153bd520671b9de87b006de3863ebbbb907b1b3625168cdef117f4a794:UN:185,69;70,NAME_AMBIGUOUS,注記・括弧・姓名境界の確認が必要: Wafa Al-Igatha Al-Islamia 所 在 地 : Kuwait ( リ ス ト 掲 載 時 点 ),126adf153bd520671b9de87b006de3863ebbbb907b1b3625168cdef117f4a794
current_un,126adf153bd520671b9de87b006de3863ebbbb907b1b3625168cdef117f4a794:UN:185,69;70,NAME_AMBIGUOUS,注記・括弧・姓名境界の確認が必要: United Arab Emirates( リ ス ト 掲 載 時 点 ),126adf153bd520671b9de87b006de3863ebbbb907b1b3625168cdef117f4a794
current_un,126adf153bd520671b9de87b006de3863ebbbb907b1b3625168cdef117f4a794:UN:185,69;70,NAME_AMBIGUOUS,注記・括弧・姓名境界の確認が必要: Afghanistan(リスト掲載時点),126adf153bd520671b9de87b006de3863ebbbb907b1b3625168cdef117f4a794
current_un,126adf153bd520671b9de87b006de3863ebbbb907b1b3625168cdef117f4a794:UN:186,70;71,NAME_AMBIGUOUS,注記・括弧・姓名境界の確認が必要: ウレマ援助組織(パキスタン),126adf153bd520671b9de87b006de3863ebbbb907b1b3625168cdef117f4a794
current_un,126adf153bd520671b9de87b006de3863ebbbb907b1b3625168cdef117f4a794:UN:186,70;71,NAME_AMBIGUOUS,"注記・括弧・姓名境界の確認が必要: Aid Organization of the Ulema, Pakistan",126adf153bd520671b9de87b006de3863ebbbb907b1b3625168cdef117f4a794
current_un,126adf153bd520671b9de87b006de3863ebbbb907b1b3625168cdef117f4a794:UN:196,72;73,RTL_ORDER_REVIEW,右から左の文字順を原本ページで確認: اغآ نانملا دبع,126adf153bd520671b9de87b006de3863ebbbb907b1b3625168cdef117f4a794
current_un,126adf153bd520671b9de87b006de3863ebbbb907b1b3625168cdef117f4a794:UN:196,72;73,NAME_AMBIGUOUS,注記・括弧・姓名境界の確認が必要: サイイド・アブドゥ・アル・マン(以前のリスト記載ぶり),126adf153bd520671b9de87b006de3863ebbbb907b1b3625168cdef117f4a794
current_un,126adf153bd520671b9de87b006de3863ebbbb907b1b3625168cdef117f4a794:UN:196,72;73,NAME_AMBIGUOUS,注記・括弧・姓名境界の確認が必要: Saiyid Abd al-Man(formerly listed as),126adf153bd520671b9de87b006de3863ebbbb907b1b3625168cdef117f4a794
current_un,126adf153bd520671b9de87b006de3863ebbbb907b1b3625168cdef117f4a794:UN:197,73,RTL_ORDER_REVIEW,右から左の文字順を原本ページで確認: لدهلأا قداص دمحم يدمح دمحم,126adf153bd520671b9de87b006de3863ebbbb907b1b3625168cdef117f4a794
current_un,126adf153bd520671b9de87b006de3863ebbbb907b1b3625168cdef117f4a794:UN:197,73,NAME_AMBIGUOUS,注記・括弧・姓名境界の確認が必要: アル・ハマティ、ムハンマド,126adf153bd520671b9de87b006de3863ebbbb907b1b3625168cdef117f4a794
current_un,126adf153bd520671b9de87b006de3863ebbbb907b1b3625168cdef117f4a794:UN:197,73,NAME_AMBIGUOUS,"注記・括弧・姓名境界の確認が必要: Al-Hamati, Muhammad",126adf153bd520671b9de87b006de3863ebbbb907b1b3625168cdef117f4a794
current_un,126adf153bd520671b9de87b006de3863ebbbb907b1b3625168cdef117f4a794:UN:201,73;74,RTL_ORDER_REVIEW,右から左の文字順を原本ページで確認: د ئار دمحم ن سح د محم ي زاجح,126adf153bd520671b9de87b006de3863ebbbb907b1b3625168cdef117f4a794
current_un,126adf153bd520671b9de87b006de3863ebbbb907b1b3625168cdef117f4a794:UN:201,73;74,NAME_AMBIGUOUS,注記・括弧・姓名境界の確認が必要: リアド・ムハンマド・ハサン・ムハンマド・ヒジャジ(アラビア語による以前のリスト記載ぶり【アラビア語】),126adf153bd520671b9de87b006de3863ebbbb907b1b3625168cdef117f4a794
current_un,126adf153bd520671b9de87b006de3863ebbbb907b1b3625168cdef117f4a794:UN:201,73;74,NAME_AMBIGUOUS,注記・括弧・姓名境界の確認が必要: ラシド・アル・マグリビ(ザ・モロッカン),126adf153bd520671b9de87b006de3863ebbbb907b1b3625168cdef117f4a794
current_un,126adf153bd520671b9de87b006de3863ebbbb907b1b3625168cdef117f4a794:UN:201,73;74,NAME_AMBIGUOUS,注記・括弧・姓名境界の確認が必要: アブ・アフマド・アル・アムリキ(ジ・アメリカン),126adf153bd520671b9de87b006de3863ebbbb907b1b3625168cdef117f4a794
current_un,126adf153bd520671b9de87b006de3863ebbbb907b1b3625168cdef117f4a794:UN:201,73;74,NAME_AMBIGUOUS,注記・括弧・姓名境界の確認が必要: Ri’ad Muhammad Hasan Muhammad Hijazi (Previously listed as. In Arabic: ضاير دمحم نسح دمحم ي زاجحلا),126adf153bd520671b9de87b006de3863ebbbb907b1b3625168cdef117f4a794
current_un,126adf153bd520671b9de87b006de3863ebbbb907b1b3625168cdef117f4a794:UN:201,73;74,NAME_AMBIGUOUS,注記・括弧・姓名境界の確認が必要: Rashid Al-Maghribi(The Moroccan),126adf153bd520671b9de87b006de3863ebbbb907b1b3625168cdef117f4a794
current_un,126adf153bd520671b9de87b006de3863ebbbb907b1b3625168cdef117f4a794:UN:201,73;74,NAME_AMBIGUOUS,注記・括弧・姓名境界の確認が必要: Abu-Ahmad Al-Amriki(The American),126adf153bd520671b9de87b006de3863ebbbb907b1b3625168cdef117f4a794
current_un,126adf153bd520671b9de87b006de3863ebbbb907b1b3625168cdef117f4a794:UN:203,74;75,RTL_ORDER_REVIEW,右から左の文字順を原本ページで確認: نامثع دومحم رمع,126adf153bd520671b9de87b006de3863ebbbb907b1b3625168cdef117f4a794
current_un,126adf153bd520671b9de87b006de3863ebbbb907b1b3625168cdef117f4a794:UN:206,75;76,RTL_ORDER_REVIEW,右から左の文字順を原本ページで確認: يفللاا اللهدبع دمحا الله دبع,126adf153bd520671b9de87b006de3863ebbbb907b1b3625168cdef117f4a794
current_un,126adf153bd520671b9de87b006de3863ebbbb907b1b3625168cdef117f4a794:UN:206,75;76,NAME_AMBIGUOUS,注記・括弧・姓名境界の確認が必要: アル・マスリ、アブー・モハメド,126adf153bd520671b9de87b006de3863ebbbb907b1b3625168cdef117f4a794
current_un,126adf153bd520671b9de87b006de3863ebbbb907b1b3625168cdef117f4a794:UN:206,75;76,NAME_AMBIGUOUS,"注記・括弧・姓名境界の確認が必要: Al-Masri, Abu Mohamed",126adf153bd520671b9de87b006de3863ebbbb907b1b3625168cdef117f4a794
current_un,126adf153bd520671b9de87b006de3863ebbbb907b1b3625168cdef117f4a794:UN:209,76,NAME_AMBIGUOUS,注記・括弧・姓名境界の確認が必要: アフマド、アブ・バクル,126adf153bd520671b9de87b006de3863ebbbb907b1b3625168cdef117f4a794
current_un,126adf153bd520671b9de87b006de3863ebbbb907b1b3625168cdef117f4a794:UN:209,76,NAME_AMBIGUOUS,注記・括弧・姓名境界の確認が必要: アフメド、アブバカル,126adf153bd520671b9de87b006de3863ebbbb907b1b3625168cdef117f4a794
current_un,126adf153bd520671b9de87b006de3863ebbbb907b1b3625168cdef117f4a794:UN:209,76,NAME_AMBIGUOUS,注記・括弧・姓名境界の確認が必要: アフメド、アブバカル・K,126adf153bd520671b9de87b006de3863ebbbb907b1b3625168cdef117f4a794
current_un,126adf153bd520671b9de87b006de3863ebbbb907b1b3625168cdef117f4a794:UN:209,76,NAME_AMBIGUOUS,注記・括弧・姓名境界の確認が必要: アフメド、アブバカル・ハルファン,126adf153bd520671b9de87b006de3863ebbbb907b1b3625168cdef117f4a794
current_un,126adf153bd520671b9de87b006de3863ebbbb907b1b3625168cdef117f4a794:UN:209,76,NAME_AMBIGUOUS,注記・括弧・姓名境界の確認が必要: アフメド、アブバカリ・K,126adf153bd520671b9de87b006de3863ebbbb907b1b3625168cdef117f4a794
current_un,126adf153bd520671b9de87b006de3863ebbbb907b1b3625168cdef117f4a794:UN:209,76,NAME_AMBIGUOUS,注記・括弧・姓名境界の確認が必要: アフメド、アフメド・ハルファン,126adf153bd520671b9de87b006de3863ebbbb907b1b3625168cdef117f4a794
current_un,126adf153bd520671b9de87b006de3863ebbbb907b1b3625168cdef117f4a794:UN:209,76,NAME_AMBIGUOUS,注記・括弧・姓名境界の確認が必要: アリ、アフメド・ハルファン,126adf153bd520671b9de87b006de3863ebbbb907b1b3625168cdef117f4a794
current_un,126adf153bd520671b9de87b006de3863ebbbb907b1b3625168cdef117f4a794:UN:209,76,NAME_AMBIGUOUS,注記・括弧・姓名境界の確認が必要: ガイラニ、アブバカリ・ハルファン・アフメド,126adf153bd520671b9de87b006de3863ebbbb907b1b3625168cdef117f4a794
current_un,126adf153bd520671b9de87b006de3863ebbbb907b1b3625168cdef117f4a794:UN:209,76,NAME_AMBIGUOUS,注記・括弧・姓名境界の確認が必要: ガイラニ、アフメド,126adf153bd520671b9de87b006de3863ebbbb907b1b3625168cdef117f4a794
current_un,126adf153bd520671b9de87b006de3863ebbbb907b1b3625168cdef117f4a794:UN:209,76,NAME_AMBIGUOUS,注記・括弧・姓名境界の確認が必要: ギラニ、アフマド・ハラファン,126adf153bd520671b9de87b006de3863ebbbb907b1b3625168cdef117f4a794
current_un,126adf153bd520671b9de87b006de3863ebbbb907b1b3625168cdef117f4a794:UN:209,76,NAME_AMBIGUOUS,注記・括弧・姓名境界の確認が必要: フセイン、マハフド・アブバカル・アフメド・アブダッラー,126adf153bd520671b9de87b006de3863ebbbb907b1b3625168cdef117f4a794
current_un,126adf153bd520671b9de87b006de3863ebbbb907b1b3625168cdef117f4a794:UN:209,76,NAME_AMBIGUOUS,注記・括弧・姓名境界の確認が必要: ハルファン、アフメド,126adf153bd520671b9de87b006de3863ebbbb907b1b3625168cdef117f4a794
current_un,126adf153bd520671b9de87b006de3863ebbbb907b1b3625168cdef117f4a794:UN:209,76,NAME_AMBIGUOUS,注記・括弧・姓名境界の確認が必要: モハンメド、シャリフ・オマル,126adf153bd520671b9de87b006de3863ebbbb907b1b3625168cdef117f4a794
current_un,126adf153bd520671b9de87b006de3863ebbbb907b1b3625168cdef117f4a794:UN:209,76,NAME_AMBIGUOUS,注記・括弧・姓名境界の確認が必要: アフメド、A,126adf153bd520671b9de87b006de3863ebbbb907b1b3625168cdef117f4a794
current_un,126adf153bd520671b9de87b006de3863ebbbb907b1b3625168cdef117f4a794:UN:209,76,NAME_AMBIGUOUS,注記・括弧・姓名境界の確認が必要: アル・タンザニ、アフマド,126adf153bd520671b9de87b006de3863ebbbb907b1b3625168cdef117f4a794
current_un,126adf153bd520671b9de87b006de3863ebbbb907b1b3625168cdef117f4a794:UN:209,76,NAME_AMBIGUOUS,注記・括弧・姓名境界の確認が必要: バクル、アブ,126adf153bd520671b9de87b006de3863ebbbb907b1b3625168cdef117f4a794
current_un,126adf153bd520671b9de87b006de3863ebbbb907b1b3625168cdef117f4a794:UN:209,76,NAME_AMBIGUOUS,注記・括弧・姓名境界の確認が必要: ハバル、アブ,126adf153bd520671b9de87b006de3863ebbbb907b1b3625168cdef117f4a794
current_un,126adf153bd520671b9de87b006de3863ebbbb907b1b3625168cdef117f4a794:UN:209,76,NAME_AMBIGUOUS,"注記・括弧・姓名境界の確認が必要: Ahmad, Abu Bakr",126adf153bd520671b9de87b006de3863ebbbb907b1b3625168cdef117f4a794
current_un,126adf153bd520671b9de87b006de3863ebbbb907b1b3625168cdef117f4a794:UN:209,76,NAME_AMBIGUOUS,"注記・括弧・姓名境界の確認が必要: Ahmed, Abubakar",126adf153bd520671b9de87b006de3863ebbbb907b1b3625168cdef117f4a794
current_un,126adf153bd520671b9de87b006de3863ebbbb907b1b3625168cdef117f4a794:UN:209,76,NAME_AMBIGUOUS,"注記・括弧・姓名境界の確認が必要: Ahmed, Abubakar K.",126adf153bd520671b9de87b006de3863ebbbb907b1b3625168cdef117f4a794
current_un,126adf153bd520671b9de87b006de3863ebbbb907b1b3625168cdef117f4a794:UN:209,76,NAME_AMBIGUOUS,"注記・括弧・姓名境界の確認が必要: Ahmed, Abubakar Khalfan",126adf153bd520671b9de87b006de3863ebbbb907b1b3625168cdef117f4a794
current_un,126adf153bd520671b9de87b006de3863ebbbb907b1b3625168cdef117f4a794:UN:209,76,NAME_AMBIGUOUS,"注記・括弧・姓名境界の確認が必要: Ahmed, Abubakary K.",126adf153bd520671b9de87b006de3863ebbbb907b1b3625168cdef117f4a794
current_un,126adf153bd520671b9de87b006de3863ebbbb907b1b3625168cdef117f4a794:UN:209,76,NAME_AMBIGUOUS,"注記・括弧・姓名境界の確認が必要: Ahmed, Ahmed Khalfan",126adf153bd520671b9de87b006de3863ebbbb907b1b3625168cdef117f4a794
current_un,126adf153bd520671b9de87b006de3863ebbbb907b1b3625168cdef117f4a794:UN:209,76,NAME_AMBIGUOUS,"注記・括弧・姓名境界の確認が必要: Ali, Ahmed Khalfan",126adf153bd520671b9de87b006de3863ebbbb907b1b3625168cdef117f4a794
current_un,126adf153bd520671b9de87b006de3863ebbbb907b1b3625168cdef117f4a794:UN:209,76,NAME_AMBIGUOUS,"注記・括弧・姓名境界の確認が必要: Ghailani, Abubakary Khalfan Ahmed",126adf153bd520671b9de87b006de3863ebbbb907b1b3625168cdef117f4a794
current_un,126adf153bd520671b9de87b006de3863ebbbb907b1b3625168cdef117f4a794:UN:209,76,NAME_AMBIGUOUS,"注記・括弧・姓名境界の確認が必要: Ghailani, Ahmed",126adf153bd520671b9de87b006de3863ebbbb907b1b3625168cdef117f4a794
current_un,126adf153bd520671b9de87b006de3863ebbbb907b1b3625168cdef117f4a794:UN:209,76,NAME_AMBIGUOUS,"注記・括弧・姓名境界の確認が必要: Ghilani, Ahmad Khalafan",126adf153bd520671b9de87b006de3863ebbbb907b1b3625168cdef117f4a794
current_un,126adf153bd520671b9de87b006de3863ebbbb907b1b3625168cdef117f4a794:UN:209,76,NAME_AMBIGUOUS,"注記・括弧・姓名境界の確認が必要: Hussein, Mahafudh Abubakar Ahmed Abdallah",126adf153bd520671b9de87b006de3863ebbbb907b1b3625168cdef117f4a794
current_un,126adf153bd520671b9de87b006de3863ebbbb907b1b3625168cdef117f4a794:UN:209,76,NAME_AMBIGUOUS,"注記・括弧・姓名境界の確認が必要: Khalfan, Ahmed",126adf153bd520671b9de87b006de3863ebbbb907b1b3625168cdef117f4a794
current_un,126adf153bd520671b9de87b006de3863ebbbb907b1b3625168cdef117f4a794:UN:209,76,NAME_AMBIGUOUS,"注記・括弧・姓名境界の確認が必要: Mohammed, Shariff Omar",126adf153bd520671b9de87b006de3863ebbbb907b1b3625168cdef117f4a794
current_un,126adf153bd520671b9de87b006de3863ebbbb907b1b3625168cdef117f4a794:UN:209,76,NAME_AMBIGUOUS,"注記・括弧・姓名境界の確認が必要: Ahmed, A",126adf153bd520671b9de87b006de3863ebbbb907b1b3625168cdef117f4a794
current_un,126adf153bd520671b9de87b006de3863ebbbb907b1b3625168cdef117f4a794:UN:209,76,NAME_AMBIGUOUS,"注記・括弧・姓名境界の確認が必要: Al Tanzani, Ahmad",126adf153bd520671b9de87b006de3863ebbbb907b1b3625168cdef117f4a794
current_un,126adf153bd520671b9de87b006de3863ebbbb907b1b3625168cdef117f4a794:UN:209,76,NAME_AMBIGUOUS,"注記・括弧・姓名境界の確認が必要: Bakr, Abu",126adf153bd520671b9de87b006de3863ebbbb907b1b3625168cdef117f4a794
current_un,126adf153bd520671b9de87b006de3863ebbbb907b1b3625168cdef117f4a794:UN:209,76,NAME_AMBIGUOUS,"注記・括弧・姓名境界の確認が必要: Khabar, Abu",126adf153bd520671b9de87b006de3863ebbbb907b1b3625168cdef117f4a794
current_un,126adf153bd520671b9de87b006de3863ebbbb907b1b3625168cdef117f4a794:UN:215,77,RTL_ORDER_REVIEW,右から左の文字順を原本ページで確認: نیساي نمحرلا دبع,126adf153bd520671b9de87b006de3863ebbbb907b1b3625168cdef117f4a794
current_un,126adf153bd520671b9de87b006de3863ebbbb907b1b3625168cdef117f4a794:UN:215,77,NAME_AMBIGUOUS,"注記・括弧・姓名境界の確認が必要: Taha, Abdul Rahman S.",126adf153bd520671b9de87b006de3863ebbbb907b1b3625168cdef117f4a794
current_un,126adf153bd520671b9de87b006de3863ebbbb907b1b3625168cdef117f4a794:UN:215,77,NAME_AMBIGUOUS,"注記・括弧・姓名境界の確認が必要: Taher, Abdul Rahman S.",126adf153bd520671b9de87b006de3863ebbbb907b1b3625168cdef117f4a794
current_un,126adf153bd520671b9de87b006de3863ebbbb907b1b3625168cdef117f4a794:UN:215,77,NAME_AMBIGUOUS,"注記・括弧・姓名境界の確認が必要: Yasin, Abdul Rahman Said",126adf153bd520671b9de87b006de3863ebbbb907b1b3625168cdef117f4a794
current_un,126adf153bd520671b9de87b006de3863ebbbb907b1b3625168cdef117f4a794:UN:215,77,NAME_AMBIGUOUS,"注記・括弧・姓名境界の確認が必要: Yasin, Aboud",126adf153bd520671b9de87b006de3863ebbbb907b1b3625168cdef117f4a794
current_un,126adf153bd520671b9de87b006de3863ebbbb907b1b3625168cdef117f4a794:UN:268,80;81,RTL_ORDER_REVIEW,右から左の文字順を原本ページで確認: سيوعرهاظ نسح,126adf153bd520671b9de87b006de3863ebbbb907b1b3625168cdef117f4a794
current_un,126adf153bd520671b9de87b006de3863ebbbb907b1b3625168cdef117f4a794:UN:268,80;81,NAME_AMBIGUOUS,注記・括弧・姓名境界の確認が必要: アリ、シェイク・ハッサン・ダヒル・アウェイス,126adf153bd520671b9de87b006de3863ebbbb907b1b3625168cdef117f4a794
current_un,126adf153bd520671b9de87b006de3863ebbbb907b1b3625168cdef117f4a794:UN:268,80;81,NAME_AMBIGUOUS,注記・括弧・姓名境界の確認が必要: アウェス、シャイク・ハッサン・ダヒル,126adf153bd520671b9de87b006de3863ebbbb907b1b3625168cdef117f4a794
current_un,126adf153bd520671b9de87b006de3863ebbbb907b1b3625168cdef117f4a794:UN:268,80;81,NAME_AMBIGUOUS,"注記・括弧・姓名境界の確認が必要: Ali, Sheikh Hassan Dahir Aweys",126adf153bd520671b9de87b006de3863ebbbb907b1b3625168cdef117f4a794
current_un,126adf153bd520671b9de87b006de3863ebbbb907b1b3625168cdef117f4a794:UN:268,80;81,NAME_AMBIGUOUS,"注記・括弧・姓名境界の確認が必要: Awes, Shaykh Hassan Dahir",126adf153bd520671b9de87b006de3863ebbbb907b1b3625168cdef117f4a794
current_un,126adf153bd520671b9de87b006de3863ebbbb907b1b3625168cdef117f4a794:UN:279,82,NAME_AMBIGUOUS,"注記・括弧・姓名境界の確認が必要: Mahmood, Sultan Bashiruddin",126adf153bd520671b9de87b006de3863ebbbb907b1b3625168cdef117f4a794
current_un,126adf153bd520671b9de87b006de3863ebbbb907b1b3625168cdef117f4a794:UN:279,82,NAME_AMBIGUOUS,"注記・括弧・姓名境界の確認が必要: Mehmood, Dr. Bashir Uddin",126adf153bd520671b9de87b006de3863ebbbb907b1b3625168cdef117f4a794
current_un,126adf153bd520671b9de87b006de3863ebbbb907b1b3625168cdef117f4a794:UN:279,82,NAME_AMBIGUOUS,"注記・括弧・姓名境界の確認が必要: Mekmud, Sultan Baishiruddin",126adf153bd520671b9de87b006de3863ebbbb907b1b3625168cdef117f4a794
current_un,126adf153bd520671b9de87b006de3863ebbbb907b1b3625168cdef117f4a794:UN:283,83,RTL_ORDER_REVIEW,右から左の文字順を原本ページで確認: ةیعمج ءایحا ثارتلا يملاسلاا,126adf153bd520671b9de87b006de3863ebbbb907b1b3625168cdef117f4a794
current_un,126adf153bd520671b9de87b006de3863ebbbb907b1b3625168cdef117f4a794:UN:284,83;84,RTL_ORDER_REVIEW,右から左の文字順を原本ページで確認: شوتنت ركب وبأ يلع میھاربا,126adf153bd520671b9de87b006de3863ebbbb907b1b3625168cdef117f4a794
current_un,126adf153bd520671b9de87b006de3863ebbbb907b1b3625168cdef117f4a794:UN:284,83;84,NAME_AMBIGUOUS,注記・括弧・姓名境界の確認が必要: アブデル・イラー・サブリ(南アフリカ旅券434021161と関連を有する同国偽造ID番号6910275240086と関係のある偽名。いずれの書類も没収済み。)Abd al-Muhsin,126adf153bd520671b9de87b006de3863ebbbb907b1b3625168cdef117f4a794
current_un,126adf153bd520671b9de87b006de3863ebbbb907b1b3625168cdef117f4a794:UN:284,83;84,NAME_AMBIGUOUS,"注記・括弧・姓名境界の確認が必要: Abdel Ilah Sabri (false identity related to fraudulent South African identification number 6910275240086 linked to South African passport number 434021161, both documents have been confiscated)",126adf153bd520671b9de87b006de3863ebbbb907b1b3625168cdef117f4a794
current_un,126adf153bd520671b9de87b006de3863ebbbb907b1b3625168cdef117f4a794:UN:284,83;84,NAME_AMBIGUOUS,注記・括弧・姓名境界の確認が必要: アルリビ Al-Libi,126adf153bd520671b9de87b006de3863ebbbb907b1b3625168cdef117f4a794
current_un,126adf153bd520671b9de87b006de3863ebbbb907b1b3625168cdef117f4a794:UN:285,84;85,NAME_AMBIGUOUS,注記・括弧・姓名境界の確認が必要: アブ・バクル・アル・ジャジリ(アラビア語による以前のリスト記載ぶり【アラビア語】),126adf153bd520671b9de87b006de3863ebbbb907b1b3625168cdef117f4a794
current_un,126adf153bd520671b9de87b006de3863ebbbb907b1b3625168cdef117f4a794:UN:285,84;85,NAME_AMBIGUOUS,注記・括弧・姓名境界の確認が必要: Abu Bakr al-Jaziri(Previously listed as. In Arabic: ركبوبأ يرئازجلا ),126adf153bd520671b9de87b006de3863ebbbb907b1b3625168cdef117f4a794
current_un,126adf153bd520671b9de87b006de3863ebbbb907b1b3625168cdef117f4a794:UN:290,85;86,RTL_ORDER_REVIEW,右から左の文字順を原本ページで確認: دیسلا دمحم دومحم رداقلا دبع,126adf153bd520671b9de87b006de3863ebbbb907b1b3625168cdef117f4a794
current_un,126adf153bd520671b9de87b006de3863ebbbb907b1b3625168cdef117f4a794:UN:290,85;86,NAME_AMBIGUOUS,注記・括弧・姓名境界の確認が必要: エッサイード、カーデル,126adf153bd520671b9de87b006de3863ebbbb907b1b3625168cdef117f4a794
current_un,126adf153bd520671b9de87b006de3863ebbbb907b1b3625168cdef117f4a794:UN:290,85;86,NAME_AMBIGUOUS,"注記・括弧・姓名境界の確認が必要: Es Sayed, Kader",126adf153bd520671b9de87b006de3863ebbbb907b1b3625168cdef117f4a794
current_un,126adf153bd520671b9de87b006de3863ebbbb907b1b3625168cdef117f4a794:UN:291,86,RTL_ORDER_REVIEW,右から左の文字順を原本ページで確認: زاوفلا دمح نمحرلا دبع دلاخ,126adf153bd520671b9de87b006de3863ebbbb907b1b3625168cdef117f4a794
current_un,126adf153bd520671b9de87b006de3863ebbbb907b1b3625168cdef117f4a794:UN:292,86;87,RTL_ORDER_REVIEW,右から左の文字順を原本ページで確認: میهاربا ىفطصم لامك ىفطصم,126adf153bd520671b9de87b006de3863ebbbb907b1b3625168cdef117f4a794
current_un,126adf153bd520671b9de87b006de3863ebbbb907b1b3625168cdef117f4a794:UN:293,87;88,RTL_ORDER_REVIEW,右から左の文字順を原本ページで確認: لحكل دمحم,126adf153bd520671b9de87b006de3863ebbbb907b1b3625168cdef117f4a794
current_un,126adf153bd520671b9de87b006de3863ebbbb907b1b3625168cdef117f4a794:UN:293,87;88,NAME_AMBIGUOUS,注記・括弧・姓名境界の確認が必要: ラセド・ベン・ヘニ(1969年2月5日リビア国トリポリにて出生),126adf153bd520671b9de87b006de3863ebbbb907b1b3625168cdef117f4a794
current_un,126adf153bd520671b9de87b006de3863ebbbb907b1b3625168cdef117f4a794:UN:293,87;88,NAME_AMBIGUOUS,注記・括弧・姓名境界の確認が必要: アル・アサド・ベン・ハニ(1969年2月5日リビア国トリポリにて出生),126adf153bd520671b9de87b006de3863ebbbb907b1b3625168cdef117f4a794
current_un,126adf153bd520671b9de87b006de3863ebbbb907b1b3625168cdef117f4a794:UN:293,87;88,NAME_AMBIGUOUS,注記・括弧・姓名境界の確認が必要: モハメド・アワーニー(1970年2月5日チュニジア国チュニスにて出生)(以前掲載の氏名),126adf153bd520671b9de87b006de3863ebbbb907b1b3625168cdef117f4a794
current_un,126adf153bd520671b9de87b006de3863ebbbb907b1b3625168cdef117f4a794:UN:293,87;88,NAME_AMBIGUOUS,"注記・括弧・姓名境界の確認が必要: Lased Ben Heni, born 5 Feb. 1969 in Tripoli, Libyan Arab Jamahiriya",126adf153bd520671b9de87b006de3863ebbbb907b1b3625168cdef117f4a794
current_un,126adf153bd520671b9de87b006de3863ebbbb907b1b3625168cdef117f4a794:UN:293,87;88,NAME_AMBIGUOUS,"注記・括弧・姓名境界の確認が必要: Al- As'ad Ben Hani, born 5 Feb. 1969 in Tripoli, Libyan Arab Jamahiriya",126adf153bd520671b9de87b006de3863ebbbb907b1b3625168cdef117f4a794
current_un,126adf153bd520671b9de87b006de3863ebbbb907b1b3625168cdef117f4a794:UN:293,87;88,NAME_AMBIGUOUS,"注記・括弧・姓名境界の確認が必要: Mohamed Aouani, born 5 Feb. 1970 in Tunis, Tunisia(formerly listed as)",126adf153bd520671b9de87b006de3863ebbbb907b1b3625168cdef117f4a794
current_un,126adf153bd520671b9de87b006de3863ebbbb907b1b3625168cdef117f4a794:UN:294,88;89,RTL_ORDER_REVIEW,右から左の文字順を原本ページで確認: يداوعلا الله دبع نب مساقلب نب دمحم,126adf153bd520671b9de87b006de3863ebbbb907b1b3625168cdef117f4a794
current_un,126adf153bd520671b9de87b006de3863ebbbb907b1b3625168cdef117f4a794:UN:297,89,RTL_ORDER_REVIEW,右から左の文字順を原本ページで確認: دیصلا حلاص نب سیمخ نب يماس,126adf153bd520671b9de87b006de3863ebbbb907b1b3625168cdef117f4a794
current_un,126adf153bd520671b9de87b006de3863ebbbb907b1b3625168cdef117f4a794:UN:298,89;90,RTL_ORDER_REVIEW,右から左の文字順を原本ページで確認: يدمح فسوي نب رهزلأا نب لداع,126adf153bd520671b9de87b006de3863ebbbb907b1b3625168cdef117f4a794
current_un,126adf153bd520671b9de87b006de3863ebbbb907b1b3625168cdef117f4a794:UN:298,89;90,NAME_AMBIGUOUS,注記・括弧・姓名境界の確認が必要: アーディル・ベン・アル・アズハル・ベン・ユーセフ・ベン・ソルタン(1970年7月14日チュニジア国チュニスにて出生)(以前掲載の氏名),126adf153bd520671b9de87b006de3863ebbbb907b1b3625168cdef117f4a794
current_un,126adf153bd520671b9de87b006de3863ebbbb907b1b3625168cdef117f4a794:UN:298,89;90,NAME_AMBIGUOUS,"注記・括弧・姓名境界の確認が必要: Adel ben al-Azhar ben Youssef ben Soltane, born 14 Jul. 1970 in Tunis, Tunisia(formerly listed as)",126adf153bd520671b9de87b006de3863ebbbb907b1b3625168cdef117f4a794
current_un,126adf153bd520671b9de87b006de3863ebbbb907b1b3625168cdef117f4a794:UN:302,90;91,RTL_ORDER_REVIEW,右から左の文字順を原本ページで確認: نومك دمحم نب دمحم نب يدهملا,126adf153bd520671b9de87b006de3863ebbbb907b1b3625168cdef117f4a794
current_un,126adf153bd520671b9de87b006de3863ebbbb907b1b3625168cdef117f4a794:UN:304,91,RTL_ORDER_REVIEW,右から左の文字順を原本ページで確認: يفورعملا يموتلا نب بیبحلا نب قراط,126adf153bd520671b9de87b006de3863ebbbb907b1b3625168cdef117f4a794
current_un,126adf153bd520671b9de87b006de3863ebbbb907b1b3625168cdef117f4a794:UN:305,91;92,RTL_ORDER_REVIEW,右から左の文字順を原本ページで確認: اندامر حاتفلادبع ظفاح میلحلادبع,126adf153bd520671b9de87b006de3863ebbbb907b1b3625168cdef117f4a794
current_un,126adf153bd520671b9de87b006de3863ebbbb907b1b3625168cdef117f4a794:UN:306,92;93,RTL_ORDER_REVIEW,右から左の文字順を原本ページで確認: شولع دمحم يلع ماصع,126adf153bd520671b9de87b006de3863ebbbb907b1b3625168cdef117f4a794
current_un,126adf153bd520671b9de87b006de3863ebbbb907b1b3625168cdef117f4a794:UN:306,92;93,NAME_AMBIGUOUS,注記・括弧・姓名境界の確認が必要: マンスール・ザエール、1974 年3月21日イラク国バグダッドにて出生,126adf153bd520671b9de87b006de3863ebbbb907b1b3625168cdef117f4a794
current_un,126adf153bd520671b9de87b006de3863ebbbb907b1b3625168cdef117f4a794:UN:306,92;93,NAME_AMBIGUOUS,"注記・括弧・姓名境界の確認が必要: Mansour Thaer, born 21 March 1974 in Baghdad, Iraq",126adf153bd520671b9de87b006de3863ebbbb907b1b3625168cdef117f4a794
current_un,126adf153bd520671b9de87b006de3863ebbbb907b1b3625168cdef117f4a794:UN:325,94,RTL_ORDER_REVIEW,右から左の文字順を原本ページで確認: رینم قدصتملا,126adf153bd520671b9de87b006de3863ebbbb907b1b3625168cdef117f4a794
current_un,126adf153bd520671b9de87b006de3863ebbbb907b1b3625168cdef117f4a794:UN:326,94;95,RTL_ORDER_REVIEW,右から左の文字順を原本ページで確認: ي زمر دمحم د بع الله ن ب ة بیشلا,126adf153bd520671b9de87b006de3863ebbbb907b1b3625168cdef117f4a794
current_un,126adf153bd520671b9de87b006de3863ebbbb907b1b3625168cdef117f4a794:UN:326,94;95,NAME_AMBIGUOUS,注記・括弧・姓名境界の確認が必要: ビンアルシェイダ、ラムジー・モハメド・アブドゥッラー,126adf153bd520671b9de87b006de3863ebbbb907b1b3625168cdef117f4a794
current_un,126adf153bd520671b9de87b006de3863ebbbb907b1b3625168cdef117f4a794:UN:326,94;95,NAME_AMBIGUOUS,注記・括弧・姓名境界の確認が必要: ビン・アル・シャイバ、ラムジー,126adf153bd520671b9de87b006de3863ebbbb907b1b3625168cdef117f4a794
current_un,126adf153bd520671b9de87b006de3863ebbbb907b1b3625168cdef117f4a794:UN:326,94;95,NAME_AMBIGUOUS,注記・括弧・姓名境界の確認が必要: オマル、ラムジー・モハメド・アブデッラー,126adf153bd520671b9de87b006de3863ebbbb907b1b3625168cdef117f4a794
current_un,126adf153bd520671b9de87b006de3863ebbbb907b1b3625168cdef117f4a794:UN:326,94;95,NAME_AMBIGUOUS,"注記・括弧・姓名境界の確認が必要: Binalsheidah, Ramzi Mohamed Abdullah",126adf153bd520671b9de87b006de3863ebbbb907b1b3625168cdef117f4a794
current_un,126adf153bd520671b9de87b006de3863ebbbb907b1b3625168cdef117f4a794:UN:326,94;95,NAME_AMBIGUOUS,"注記・括弧・姓名境界の確認が必要: Bin Al Shibh, Ramzi",126adf153bd520671b9de87b006de3863ebbbb907b1b3625168cdef117f4a794
current_un,126adf153bd520671b9de87b006de3863ebbbb907b1b3625168cdef117f4a794:UN:326,94;95,NAME_AMBIGUOUS,"注記・括弧・姓名境界の確認が必要: Omar, Ramzi Mohamed Abdellah",126adf153bd520671b9de87b006de3863ebbbb907b1b3625168cdef117f4a794
current_un,126adf153bd520671b9de87b006de3863ebbbb907b1b3625168cdef117f4a794:UN:327,95;96,RTL_ORDER_REVIEW,右から左の文字順を原本ページで確認: ىجاهاب دیعس,126adf153bd520671b9de87b006de3863ebbbb907b1b3625168cdef117f4a794
current_un,126adf153bd520671b9de87b006de3863ebbbb907b1b3625168cdef117f4a794:UN:329,96;97,RTL_ORDER_REVIEW,右から左の文字順を原本ページで確認: ة عامجلا ةیسنوتلا ةلتاقملا,126adf153bd520671b9de87b006de3863ebbbb907b1b3625168cdef117f4a794
current_un,126adf153bd520671b9de87b006de3863ebbbb907b1b3625168cdef117f4a794:UN:330,97,RTL_ORDER_REVIEW,右から左の文字順を原本ページで確認: ة عامجلا ةیملاسلاا ةیبرغملا ة لتاقملا,126adf153bd520671b9de87b006de3863ebbbb907b1b3625168cdef117f4a794
current_un,126adf153bd520671b9de87b006de3863ebbbb907b1b3625168cdef117f4a794:UN:338,99;100,NAME_AMBIGUOUS,注記・括弧・姓名境界の確認が必要: イソムディン、ヌルジャマン・リドゥアン,126adf153bd520671b9de87b006de3863ebbbb907b1b3625168cdef117f4a794
current_un,126adf153bd520671b9de87b006de3863ebbbb907b1b3625168cdef117f4a794:UN:338,99;100,NAME_AMBIGUOUS,注記・括弧・姓名境界の確認が必要: エンセプ・ヌルジャマン (誕生名),126adf153bd520671b9de87b006de3863ebbbb907b1b3625168cdef117f4a794
current_un,126adf153bd520671b9de87b006de3863ebbbb907b1b3625168cdef117f4a794:UN:338,99;100,NAME_AMBIGUOUS,"注記・括弧・姓名境界の確認が必要: Isomuddin, Nurjaman Riduan",126adf153bd520671b9de87b006de3863ebbbb907b1b3625168cdef117f4a794
current_un,126adf153bd520671b9de87b006de3863ebbbb907b1b3625168cdef117f4a794:UN:338,99;100,NAME_AMBIGUOUS,注記・括弧・姓名境界の確認が必要: Encep Nurjaman (birth name),126adf153bd520671b9de87b006de3863ebbbb907b1b3625168cdef117f4a794
current_un,126adf153bd520671b9de87b006de3863ebbbb907b1b3625168cdef117f4a794:UN:339,100,NAME_AMBIGUOUS,"注記・括弧・姓名境界の確認が必要: Rahman, Mohamad Iqbal",126adf153bd520671b9de87b006de3863ebbbb907b1b3625168cdef117f4a794
current_un,126adf153bd520671b9de87b006de3863ebbbb907b1b3625168cdef117f4a794:UN:339,100,NAME_AMBIGUOUS,"注記・括弧・姓名境界の確認が必要: A Rahman, Mohamad Iqbal",126adf153bd520671b9de87b006de3863ebbbb907b1b3625168cdef117f4a794
current_un,126adf153bd520671b9de87b006de3863ebbbb907b1b3625168cdef117f4a794:UN:339,100,NAME_AMBIGUOUS,"注記・括弧・姓名境界の確認が必要: Abdul Rahman, Mohamad Iqbal",126adf153bd520671b9de87b006de3863ebbbb907b1b3625168cdef117f4a794
current_un,126adf153bd520671b9de87b006de3863ebbbb907b1b3625168cdef117f4a794:UN:343,101,RTL_ORDER_REVIEW,右から左の文字順を原本ページで確認: راصنأ ملاسلاا,126adf153bd520671b9de87b006de3863ebbbb907b1b3625168cdef117f4a794
current_un,126adf153bd520671b9de87b006de3863ebbbb907b1b3625168cdef117f4a794:UN:344,101;102,NAME_AMBIGUOUS,注記・括弧・姓名境界の確認が必要: The International Brigade,126adf153bd520671b9de87b006de3863ebbbb907b1b3625168cdef117f4a794
current_un,126adf153bd520671b9de87b006de3863ebbbb907b1b3625168cdef117f4a794:UN:344,101;102,NAME_AMBIGUOUS,注記・括弧・姓名境界の確認が必要: International Battalion,126adf153bd520671b9de87b006de3863ebbbb907b1b3625168cdef117f4a794
current_un,126adf153bd520671b9de87b006de3863ebbbb907b1b3625168cdef117f4a794:UN:344,101;102,NAME_AMBIGUOUS,注記・括弧・姓名境界の確認が必要: Islamic Peacekeeping International Brigade,126adf153bd520671b9de87b006de3863ebbbb907b1b3625168cdef117f4a794
current_un,126adf153bd520671b9de87b006de3863ebbbb907b1b3625168cdef117f4a794:UN:346,102;103,NAME_AMBIGUOUS,注記・括弧・姓名境界の確認が必要: リヤダス・サリヒン・リカナザンス・アンド・サボタージュ・バタリオン・オブ・シャヒド (マーターズ),126adf153bd520671b9de87b006de3863ebbbb907b1b3625168cdef117f4a794
current_un,126adf153bd520671b9de87b006de3863ebbbb907b1b3625168cdef117f4a794:UN:346,102;103,NAME_AMBIGUOUS,注記・括弧・姓名境界の確認が必要: Riyadus-Salikhin Reconnaissance and Sabotage battalion of Shahids (martyrs),126adf153bd520671b9de87b006de3863ebbbb907b1b3625168cdef117f4a794
current_un,126adf153bd520671b9de87b006de3863ebbbb907b1b3625168cdef117f4a794:UN:350,103;104,RTL_ORDER_REVIEW,右から左の文字順を原本ページで確認: ينودمعلا يساس نب دومحم نب زرحم,126adf153bd520671b9de87b006de3863ebbbb907b1b3625168cdef117f4a794
current_un,126adf153bd520671b9de87b006de3863ebbbb907b1b3625168cdef117f4a794:UN:350,103;104,NAME_AMBIGUOUS,注記・括弧・姓名境界の確認が必要: ファビオ・フスコ、1968 年5月 25 日にイタリアのナポリにて出生,126adf153bd520671b9de87b006de3863ebbbb907b1b3625168cdef117f4a794
current_un,126adf153bd520671b9de87b006de3863ebbbb907b1b3625168cdef117f4a794:UN:350,103;104,NAME_AMBIGUOUS,注記・括弧・姓名境界の確認が必要: ファビオ・フスコ、1968 年 12 月 18 日にチュニジアにて出生,126adf153bd520671b9de87b006de3863ebbbb907b1b3625168cdef117f4a794
current_un,126adf153bd520671b9de87b006de3863ebbbb907b1b3625168cdef117f4a794:UN:350,103;104,NAME_AMBIGUOUS,注記・括弧・姓名境界の確認が必要: ファビオ・フスコ、1968 年5月 25 日にアルジェリアにて出生,126adf153bd520671b9de87b006de3863ebbbb907b1b3625168cdef117f4a794
current_un,126adf153bd520671b9de87b006de3863ebbbb907b1b3625168cdef117f4a794:UN:350,103;104,NAME_AMBIGUOUS,注記・括弧・姓名境界の確認が必要: アムドゥーニー・ムフリズ・ベン・ター、1969 年7月 14 日にチュニジアにて出生,126adf153bd520671b9de87b006de3863ebbbb907b1b3625168cdef117f4a794
current_un,126adf153bd520671b9de87b006de3863ebbbb907b1b3625168cdef117f4a794:UN:350,103;104,NAME_AMBIGUOUS,"注記・括弧・姓名境界の確認が必要: Fabio Fusco, born 25 May 1968 in Naples, Italy",126adf153bd520671b9de87b006de3863ebbbb907b1b3625168cdef117f4a794
current_un,126adf153bd520671b9de87b006de3863ebbbb907b1b3625168cdef117f4a794:UN:350,103;104,NAME_AMBIGUOUS,"注記・括弧・姓名境界の確認が必要: Fabio Fusco, born 18 Dec. 1968 in Tunisia",126adf153bd520671b9de87b006de3863ebbbb907b1b3625168cdef117f4a794
current_un,126adf153bd520671b9de87b006de3863ebbbb907b1b3625168cdef117f4a794:UN:350,103;104,NAME_AMBIGUOUS,"注記・括弧・姓名境界の確認が必要: Fabio Fusco, born 25 May 1968 in Algeria",126adf153bd520671b9de87b006de3863ebbbb907b1b3625168cdef117f4a794
current_un,126adf153bd520671b9de87b006de3863ebbbb907b1b3625168cdef117f4a794:UN:350,103;104,NAME_AMBIGUOUS,"注記・括弧・姓名境界の確認が必要: Amdouni Mehrez ben Tah, born 14 Jul. 1969 in Tunisia",126adf153bd520671b9de87b006de3863ebbbb907b1b3625168cdef117f4a794
current_un,126adf153bd520671b9de87b006de3863ebbbb907b1b3625168cdef117f4a794:UN:354,104;105,RTL_ORDER_REVIEW,右から左の文字順を原本ページで確認: يدعسلا يلع نب رمع نب ىسوم,126adf153bd520671b9de87b006de3863ebbbb907b1b3625168cdef117f4a794
current_un,126adf153bd520671b9de87b006de3863ebbbb907b1b3625168cdef117f4a794:UN:366,105;106,NAME_AMBIGUOUS,注記・括弧・姓名境界の確認が必要: ヤシン・シャワル(以前掲載の氏名),126adf153bd520671b9de87b006de3863ebbbb907b1b3625168cdef117f4a794
current_un,126adf153bd520671b9de87b006de3863ebbbb907b1b3625168cdef117f4a794:UN:366,105;106,NAME_AMBIGUOUS,注記・括弧・姓名境界の確認が必要: Yassin Sywal(formerly listed as),126adf153bd520671b9de87b006de3863ebbbb907b1b3625168cdef117f4a794
current_un,126adf153bd520671b9de87b006de3863ebbbb907b1b3625168cdef117f4a794:UN:370,107,NAME_AMBIGUOUS,注記・括弧・姓名境界の確認が必要: シレガル、パルリン,126adf153bd520671b9de87b006de3863ebbbb907b1b3625168cdef117f4a794
current_un,126adf153bd520671b9de87b006de3863ebbbb907b1b3625168cdef117f4a794:UN:370,107,NAME_AMBIGUOUS,注記・括弧・姓名境界の確認が必要: シレガル、サレ・パルリンドゥンガン,126adf153bd520671b9de87b006de3863ebbbb907b1b3625168cdef117f4a794
current_un,126adf153bd520671b9de87b006de3863ebbbb907b1b3625168cdef117f4a794:UN:370,107,NAME_AMBIGUOUS,"注記・括弧・姓名境界の確認が必要: Siregar, Parlin",126adf153bd520671b9de87b006de3863ebbbb907b1b3625168cdef117f4a794
current_un,126adf153bd520671b9de87b006de3863ebbbb907b1b3625168cdef117f4a794:UN:370,107,NAME_AMBIGUOUS,"注記・括弧・姓名境界の確認が必要: Siregar, Saleh Parlindungan",126adf153bd520671b9de87b006de3863ebbbb907b1b3625168cdef117f4a794
current_un,126adf153bd520671b9de87b006de3863ebbbb907b1b3625168cdef117f4a794:UN:375,109,RTL_ORDER_REVIEW,右から左の文字順を原本ページで確認: دارم میكحلا دبع,126adf153bd520671b9de87b006de3863ebbbb907b1b3625168cdef117f4a794
current_un,126adf153bd520671b9de87b006de3863ebbbb907b1b3625168cdef117f4a794:UN:375,109,NAME_AMBIGUOUS,"注記・括弧・姓名境界の確認が必要: Murad, Abdul Hakim Hasim",126adf153bd520671b9de87b006de3863ebbbb907b1b3625168cdef117f4a794
current_un,126adf153bd520671b9de87b006de3863ebbbb907b1b3625168cdef117f4a794:UN:375,109,NAME_AMBIGUOUS,"注記・括弧・姓名境界の確認が必要: Murad, Abdul Hakim Ali Hashim",126adf153bd520671b9de87b006de3863ebbbb907b1b3625168cdef117f4a794
current_un,126adf153bd520671b9de87b006de3863ebbbb907b1b3625168cdef117f4a794:UN:375,109,NAME_AMBIGUOUS,"注記・括弧・姓名境界の確認が必要: Murad, Abdul Hakim al Hashim",126adf153bd520671b9de87b006de3863ebbbb907b1b3625168cdef117f4a794
current_un,126adf153bd520671b9de87b006de3863ebbbb907b1b3625168cdef117f4a794:UN:391,111;112,RTL_ORDER_REVIEW,右から左の文字順を原本ページで確認: ىفطصم لامج,126adf153bd520671b9de87b006de3863ebbbb907b1b3625168cdef117f4a794
current_un,126adf153bd520671b9de87b006de3863ebbbb907b1b3625168cdef117f4a794:UN:391,111;112,NAME_AMBIGUOUS,注記・括弧・姓名境界の確認が必要: カラド・ベルカサム、1979年12月31日に出生,126adf153bd520671b9de87b006de3863ebbbb907b1b3625168cdef117f4a794
current_un,126adf153bd520671b9de87b006de3863ebbbb907b1b3625168cdef117f4a794:UN:391,111;112,NAME_AMBIGUOUS,注記・括弧・姓名境界の確認が必要: モスタファ・ジャメル、1979年12月31日にアルジェリア、マスカラにて出生,126adf153bd520671b9de87b006de3863ebbbb907b1b3625168cdef117f4a794
current_un,126adf153bd520671b9de87b006de3863ebbbb907b1b3625168cdef117f4a794:UN:391,111;112,NAME_AMBIGUOUS,注記・括弧・姓名境界の確認が必要: モスタファ・ジャメル、1973年9月26日にアルジェリア、マフディアにて出生,126adf153bd520671b9de87b006de3863ebbbb907b1b3625168cdef117f4a794
current_un,126adf153bd520671b9de87b006de3863ebbbb907b1b3625168cdef117f4a794:UN:391,111;112,NAME_AMBIGUOUS,注記・括弧・姓名境界の確認が必要: ムスタファ・ジャメル、1979年12月31日にアルジェリア、マスカラにて出生,126adf153bd520671b9de87b006de3863ebbbb907b1b3625168cdef117f4a794
current_un,126adf153bd520671b9de87b006de3863ebbbb907b1b3625168cdef117f4a794:UN:391,111;112,NAME_AMBIGUOUS,注記・括弧・姓名境界の確認が必要: バルカサム・カラド、 1973年8月26日にアルジェリア、アルジェにて出生,126adf153bd520671b9de87b006de3863ebbbb907b1b3625168cdef117f4a794
current_un,126adf153bd520671b9de87b006de3863ebbbb907b1b3625168cdef117f4a794:UN:391,111;112,NAME_AMBIGUOUS,注記・括弧・姓名境界の確認が必要: ベカサム・カラド、1973年8 月26日にアルジェリア、アルジェにて出生,126adf153bd520671b9de87b006de3863ebbbb907b1b3625168cdef117f4a794
current_un,126adf153bd520671b9de87b006de3863ebbbb907b1b3625168cdef117f4a794:UN:391,111;112,NAME_AMBIGUOUS,注記・括弧・姓名境界の確認が必要: ベルカサム・カラド、1973年8月26日にアルジェリア、アルジェにて出生,126adf153bd520671b9de87b006de3863ebbbb907b1b3625168cdef117f4a794
current_un,126adf153bd520671b9de87b006de3863ebbbb907b1b3625168cdef117f4a794:UN:391,111;112,NAME_AMBIGUOUS,注記・括弧・姓名境界の確認が必要: ダメル・モスタファ、1979年12月31日にアルジェリア、アルジェにて出生,126adf153bd520671b9de87b006de3863ebbbb907b1b3625168cdef117f4a794
current_un,126adf153bd520671b9de87b006de3863ebbbb907b1b3625168cdef117f4a794:UN:391,111;112,NAME_AMBIGUOUS,注記・括弧・姓名境界の確認が必要: ジャマル・モスタファ、1979年12月31日にアルジェリア、マスカラにて出生,126adf153bd520671b9de87b006de3863ebbbb907b1b3625168cdef117f4a794
current_un,126adf153bd520671b9de87b006de3863ebbbb907b1b3625168cdef117f4a794:UN:391,111;112,NAME_AMBIGUOUS,注記・括弧・姓名境界の確認が必要: ジャマル・モスタファ、1982年6月10日に出生,126adf153bd520671b9de87b006de3863ebbbb907b1b3625168cdef117f4a794
current_un,126adf153bd520671b9de87b006de3863ebbbb907b1b3625168cdef117f4a794:UN:391,111;112,NAME_AMBIGUOUS,注記・括弧・姓名境界の確認が必要: ジャメル・モスタファ、1979年12月31日にアルジェリア、マスカラにて出生,126adf153bd520671b9de87b006de3863ebbbb907b1b3625168cdef117f4a794
current_un,126adf153bd520671b9de87b006de3863ebbbb907b1b3625168cdef117f4a794:UN:391,111;112,NAME_AMBIGUOUS,注記・括弧・姓名境界の確認が必要: ジャメル・モスタファ、1 979年12月31日にアルジェリア、アルジェにて出生,126adf153bd520671b9de87b006de3863ebbbb907b1b3625168cdef117f4a794
current_un,126adf153bd520671b9de87b006de3863ebbbb907b1b3625168cdef117f4a794:UN:391,111;112,NAME_AMBIGUOUS,注記・括弧・姓名境界の確認が必要: フジャメル・ムスタファ、197 3年9月28日にアルジェリア、ティアレットにて出生,126adf153bd520671b9de87b006de3863ebbbb907b1b3625168cdef117f4a794
current_un,126adf153bd520671b9de87b006de3863ebbbb907b1b3625168cdef117f4a794:UN:391,111;112,NAME_AMBIGUOUS,注記・括弧・姓名境界の確認が必要: ジャメル・ムスタファ、1979年1 2月31日に出生,126adf153bd520671b9de87b006de3863ebbbb907b1b3625168cdef117f4a794
current_un,126adf153bd520671b9de87b006de3863ebbbb907b1b3625168cdef117f4a794:UN:391,111;112,NAME_AMBIGUOUS,注記・括弧・姓名境界の確認が必要: アリ・バルカニ、1973年8月22日にモロッコにて出生,126adf153bd520671b9de87b006de3863ebbbb907b1b3625168cdef117f4a794
current_un,126adf153bd520671b9de87b006de3863ebbbb907b1b3625168cdef117f4a794:UN:391,111;112,NAME_AMBIGUOUS,注記・括弧・姓名境界の確認が必要: ジャメル・ムスタファ、1979年12月31日にアルジェリア、マスカラにて出生,126adf153bd520671b9de87b006de3863ebbbb907b1b3625168cdef117f4a794
current_un,126adf153bd520671b9de87b006de3863ebbbb907b1b3625168cdef117f4a794:UN:391,111;112,NAME_AMBIGUOUS,"注記・括弧・姓名境界の確認が必要: Kalad , born 31 Dec. 1979",126adf153bd520671b9de87b006de3863ebbbb907b1b3625168cdef117f4a794
current_un,126adf153bd520671b9de87b006de3863ebbbb907b1b3625168cdef117f4a794:UN:391,111;112,NAME_AMBIGUOUS,"注記・括弧・姓名境界の確認が必要: Mostafa Djamel, born 31 Dec. 1979 in Maskara, Algeria",126adf153bd520671b9de87b006de3863ebbbb907b1b3625168cdef117f4a794
current_un,126adf153bd520671b9de87b006de3863ebbbb907b1b3625168cdef117f4a794:UN:391,111;112,NAME_AMBIGUOUS,"注記・括弧・姓名境界の確認が必要: Mostefa Djamel, born 26 Sep. 1973 in Mahdia, Algeria",126adf153bd520671b9de87b006de3863ebbbb907b1b3625168cdef117f4a794
current_un,126adf153bd520671b9de87b006de3863ebbbb907b1b3625168cdef117f4a794:UN:391,111;112,NAME_AMBIGUOUS,"注記・括弧・姓名境界の確認が必要: Mustafa Djamel, born 31 Dec. 1979 in Mascara, Algeria",126adf153bd520671b9de87b006de3863ebbbb907b1b3625168cdef117f4a794
current_un,126adf153bd520671b9de87b006de3863ebbbb907b1b3625168cdef117f4a794:UN:391,111;112,NAME_AMBIGUOUS,"注記・括弧・姓名境界の確認が必要: Balkasam Kalad, born 26 Aug. 1973 in Algiers, Algeria",126adf153bd520671b9de87b006de3863ebbbb907b1b3625168cdef117f4a794
current_un,126adf153bd520671b9de87b006de3863ebbbb907b1b3625168cdef117f4a794:UN:391,111;112,NAME_AMBIGUOUS,"注記・括弧・姓名境界の確認が必要: Bekasam Kalad, born 26 Aug. 1973 in Algiers, Algeria",126adf153bd520671b9de87b006de3863ebbbb907b1b3625168cdef117f4a794
current_un,126adf153bd520671b9de87b006de3863ebbbb907b1b3625168cdef117f4a794:UN:391,111;112,NAME_AMBIGUOUS,"注記・括弧・姓名境界の確認が必要: Belkasam Kalad, born 26 Aug. 1973 in Algiers, Algeria",126adf153bd520671b9de87b006de3863ebbbb907b1b3625168cdef117f4a794
current_un,126adf153bd520671b9de87b006de3863ebbbb907b1b3625168cdef117f4a794:UN:391,111;112,NAME_AMBIGUOUS,"注記・括弧・姓名境界の確認が必要: Damel Mostafa,born 31 Dec. 1979 in Algiers, Algeria",126adf153bd520671b9de87b006de3863ebbbb907b1b3625168cdef117f4a794
current_un,126adf153bd520671b9de87b006de3863ebbbb907b1b3625168cdef117f4a794:UN:391,111;112,NAME_AMBIGUOUS,"注記・括弧・姓名境界の確認が必要: Djamal Mostafa, born 31 Dec. 1979 in Maskara, Algeria",126adf153bd520671b9de87b006de3863ebbbb907b1b3625168cdef117f4a794
current_un,126adf153bd520671b9de87b006de3863ebbbb907b1b3625168cdef117f4a794:UN:391,111;112,NAME_AMBIGUOUS,"注記・括弧・姓名境界の確認が必要: Djamal Mostafa, born 10 June 1982",126adf153bd520671b9de87b006de3863ebbbb907b1b3625168cdef117f4a794
current_un,126adf153bd520671b9de87b006de3863ebbbb907b1b3625168cdef117f4a794:UN:391,111;112,NAME_AMBIGUOUS,"注記・括弧・姓名境界の確認が必要: Djamel Mostafa, born 31 Dec. 1979in Maskara, Algeria",126adf153bd520671b9de87b006de3863ebbbb907b1b3625168cdef117f4a794
current_un,126adf153bd520671b9de87b006de3863ebbbb907b1b3625168cdef117f4a794:UN:391,111;112,NAME_AMBIGUOUS,"注記・括弧・姓名境界の確認が必要: Djamel Mostafa, born 31 Dec. 1979 in Algiers, Algeria",126adf153bd520671b9de87b006de3863ebbbb907b1b3625168cdef117f4a794
current_un,126adf153bd520671b9de87b006de3863ebbbb907b1b3625168cdef117f4a794:UN:391,111;112,NAME_AMBIGUOUS,"注記・括弧・姓名境界の確認が必要: Fjamel Moustfa, born 28 Sep. 1973 in Tiaret, Algeria",126adf153bd520671b9de87b006de3863ebbbb907b1b3625168cdef117f4a794
current_un,126adf153bd520671b9de87b006de3863ebbbb907b1b3625168cdef117f4a794:UN:391,111;112,NAME_AMBIGUOUS,"注記・括弧・姓名境界の確認が必要: Djamel Mustafa, born 31 Dec. 1979",126adf153bd520671b9de87b006de3863ebbbb907b1b3625168cdef117f4a794
current_un,126adf153bd520671b9de87b006de3863ebbbb907b1b3625168cdef117f4a794:UN:391,111;112,NAME_AMBIGUOUS,"注記・括弧・姓名境界の確認が必要: Ali Barkani, born 22 Aug. 1973 in Morocco",126adf153bd520671b9de87b006de3863ebbbb907b1b3625168cdef117f4a794
current_un,126adf153bd520671b9de87b006de3863ebbbb907b1b3625168cdef117f4a794:UN:391,111;112,NAME_AMBIGUOUS,"注記・括弧・姓名境界の確認が必要: Djamel Mustafa, born 31 Dec. 1979 in Mascara, Algeria",126adf153bd520671b9de87b006de3863ebbbb907b1b3625168cdef117f4a794
current_un,126adf153bd520671b9de87b006de3863ebbbb907b1b3625168cdef117f4a794:UN:393,113;114,RTL_ORDER_REVIEW,右から左の文字順を原本ページで確認: راتخملب راتخم,126adf153bd520671b9de87b006de3863ebbbb907b1b3625168cdef117f4a794
current_un,126adf153bd520671b9de87b006de3863ebbbb907b1b3625168cdef117f4a794:UN:398,114;115,RTL_ORDER_REVIEW,右から左の文字順を原本ページで確認: يواقرز يكم نب دامع,126adf153bd520671b9de87b006de3863ebbbb907b1b3625168cdef117f4a794
current_un,126adf153bd520671b9de87b006de3863ebbbb907b1b3625168cdef117f4a794:UN:398,114;115,NAME_AMBIGUOUS,注記・括弧・姓名境界の確認が必要: ドール・ナドル、1974年1月15日にモロッコにて出生,126adf153bd520671b9de87b006de3863ebbbb907b1b3625168cdef117f4a794
current_un,126adf153bd520671b9de87b006de3863ebbbb907b1b3625168cdef117f4a794:UN:398,114;115,NAME_AMBIGUOUS,注記・括弧・姓名境界の確認が必要: ドール・ナドル、1973年1月15日にモロッコにて出生,126adf153bd520671b9de87b006de3863ebbbb907b1b3625168cdef117f4a794
current_un,126adf153bd520671b9de87b006de3863ebbbb907b1b3625168cdef117f4a794:UN:398,114;115,NAME_AMBIGUOUS,注記・括弧・姓名境界の確認が必要: ダール・ナドル、1975年3月31日にアルジェリアにて出生,126adf153bd520671b9de87b006de3863ebbbb907b1b3625168cdef117f4a794
current_un,126adf153bd520671b9de87b006de3863ebbbb907b1b3625168cdef117f4a794:UN:398,114;115,NAME_AMBIGUOUS,"注記・括弧・姓名境界の確認が必要: Dour Nadre, born 15 Jan. 1974 in Morocco",126adf153bd520671b9de87b006de3863ebbbb907b1b3625168cdef117f4a794
current_un,126adf153bd520671b9de87b006de3863ebbbb907b1b3625168cdef117f4a794:UN:398,114;115,NAME_AMBIGUOUS,"注記・括弧・姓名境界の確認が必要: Dour Nadre, born 15 Jan. 1973 in Morocco",126adf153bd520671b9de87b006de3863ebbbb907b1b3625168cdef117f4a794
current_un,126adf153bd520671b9de87b006de3863ebbbb907b1b3625168cdef117f4a794:UN:398,114;115,NAME_AMBIGUOUS,"注記・括弧・姓名境界の確認が必要: Daour Nadre, born 31 Mar. 1975 in Algeria",126adf153bd520671b9de87b006de3863ebbbb907b1b3625168cdef117f4a794
current_un,126adf153bd520671b9de87b006de3863ebbbb907b1b3625168cdef117f4a794:UN:399,115;116,RTL_ORDER_REVIEW,右から左の文字順を原本ページで確認: يوارمحلا نسح نب يدلوملا نب لامك,126adf153bd520671b9de87b006de3863ebbbb907b1b3625168cdef117f4a794
current_un,126adf153bd520671b9de87b006de3863ebbbb907b1b3625168cdef117f4a794:UN:399,115;116,NAME_AMBIGUOUS,注記・括弧・姓名境界の確認が必要: ハムラウィ・カメル、1977年11月21日にモロッコにて出生,126adf153bd520671b9de87b006de3863ebbbb907b1b3625168cdef117f4a794
current_un,126adf153bd520671b9de87b006de3863ebbbb907b1b3625168cdef117f4a794:UN:399,115;116,NAME_AMBIGUOUS,注記・括弧・姓名境界の確認が必要: ハムラウィ・カメル、1977年11月21日にチュニジアにて出生,126adf153bd520671b9de87b006de3863ebbbb907b1b3625168cdef117f4a794
current_un,126adf153bd520671b9de87b006de3863ebbbb907b1b3625168cdef117f4a794:UN:399,115;116,NAME_AMBIGUOUS,注記・括弧・姓名境界の確認が必要: ハムラウィ・カメル、 1977年10月21日にチュニジアにて出生,126adf153bd520671b9de87b006de3863ebbbb907b1b3625168cdef117f4a794
current_un,126adf153bd520671b9de87b006de3863ebbbb907b1b3625168cdef117f4a794:UN:399,115;116,NAME_AMBIGUOUS,"注記・括弧・姓名境界の確認が必要: Hamraoui Kamel, born 21 Nov. 1977 in Morocco",126adf153bd520671b9de87b006de3863ebbbb907b1b3625168cdef117f4a794
current_un,126adf153bd520671b9de87b006de3863ebbbb907b1b3625168cdef117f4a794:UN:399,115;116,NAME_AMBIGUOUS,"注記・括弧・姓名境界の確認が必要: Hamraoui Kamel, born 21 Nov. 1977 in Tunisia",126adf153bd520671b9de87b006de3863ebbbb907b1b3625168cdef117f4a794
current_un,126adf153bd520671b9de87b006de3863ebbbb907b1b3625168cdef117f4a794:UN:399,115;116,NAME_AMBIGUOUS,"注記・括弧・姓名境界の確認が必要: Hamraoui Kamel, born 21 Oct. 1977 in Tunisia",126adf153bd520671b9de87b006de3863ebbbb907b1b3625168cdef117f4a794
current_un,126adf153bd520671b9de87b006de3863ebbbb907b1b3625168cdef117f4a794:UN:401,116;117,RTL_ORDER_REVIEW,右から左の文字順を原本ページで確認: يشایعلا ديزیلاوبأ عیمسلا دبع يضار,126adf153bd520671b9de87b006de3863ebbbb907b1b3625168cdef117f4a794
current_un,126adf153bd520671b9de87b006de3863ebbbb907b1b3625168cdef117f4a794:UN:402,117;118,RTL_ORDER_REVIEW,右から左の文字順を原本ページで確認: يحيوب يلع نب زيزعلا دبع نب يدامح,126adf153bd520671b9de87b006de3863ebbbb907b1b3625168cdef117f4a794
current_un,126adf153bd520671b9de87b006de3863ebbbb907b1b3625168cdef117f4a794:UN:402,117;118,NAME_AMBIGUOUS,注記・括弧・姓名境界の確認が必要: ガメル・モハメド、1966年5月25日にモロッコにて出生,126adf153bd520671b9de87b006de3863ebbbb907b1b3625168cdef117f4a794
current_un,126adf153bd520671b9de87b006de3863ebbbb907b1b3625168cdef117f4a794:UN:402,117;118,NAME_AMBIGUOUS,注記・括弧・姓名境界の確認が必要: アブド・エル・ワニス・アブド・ガッワード・アブド・エル・ラティフ・バハーア、1986年5月9日にエジプトにて出生,126adf153bd520671b9de87b006de3863ebbbb907b1b3625168cdef117f4a794
current_un,126adf153bd520671b9de87b006de3863ebbbb907b1b3625168cdef117f4a794:UN:402,117;118,NAME_AMBIGUOUS,"注記・括弧・姓名境界の確認が必要: Gamel Mohamed, born 25 May 1966 in Morocco",126adf153bd520671b9de87b006de3863ebbbb907b1b3625168cdef117f4a794
current_un,126adf153bd520671b9de87b006de3863ebbbb907b1b3625168cdef117f4a794:UN:402,117;118,NAME_AMBIGUOUS,"注記・括弧・姓名境界の確認が必要: Abd el Wanis Abd Gawwad Abd el Latif Bahaa, born 9 May 1986 in Egypt",126adf153bd520671b9de87b006de3863ebbbb907b1b3625168cdef117f4a794
current_un,126adf153bd520671b9de87b006de3863ebbbb907b1b3625168cdef117f4a794:UN:403,118,RTL_ORDER_REVIEW,右から左の文字順を原本ページで確認: نیسح دماح رهاط دمحم,126adf153bd520671b9de87b006de3863ebbbb907b1b3625168cdef117f4a794
current_un,126adf153bd520671b9de87b006de3863ebbbb907b1b3625168cdef117f4a794:UN:406,118;119,RTL_ORDER_REVIEW,右から左の文字順を原本ページで確認: ىفطصم نیمأ دمحم,126adf153bd520671b9de87b006de3863ebbbb907b1b3625168cdef117f4a794
current_un,126adf153bd520671b9de87b006de3863ebbbb907b1b3625168cdef117f4a794:UN:408,119;120,RTL_ORDER_REVIEW,右から左の文字順を原本ページで確認: يسيردلا مساقلب نب يلع نب نيدلا رون,126adf153bd520671b9de87b006de3863ebbbb907b1b3625168cdef117f4a794
current_un,126adf153bd520671b9de87b006de3863ebbbb907b1b3625168cdef117f4a794:UN:409,120,RTL_ORDER_REVIEW,右から左の文字順を原本ページで確認: نيور دمحا نب ةفیلخ نب رهزلأا,126adf153bd520671b9de87b006de3863ebbbb907b1b3625168cdef117f4a794
current_un,126adf153bd520671b9de87b006de3863ebbbb907b1b3625168cdef117f4a794:UN:409,120,NAME_AMBIGUOUS,注記・括弧・姓名境界の確認が必要: ラズハル Salmane,126adf153bd520671b9de87b006de3863ebbbb907b1b3625168cdef117f4a794
current_un,126adf153bd520671b9de87b006de3863ebbbb907b1b3625168cdef117f4a794:UN:411,120;121,RTL_ORDER_REVIEW,右から左の文字順を原本ページで確認: ي رامع يفیس,126adf153bd520671b9de87b006de3863ebbbb907b1b3625168cdef117f4a794
current_un,126adf153bd520671b9de87b006de3863ebbbb907b1b3625168cdef117f4a794:UN:411,120;121,NAME_AMBIGUOUS,注記・括弧・姓名境界の確認が必要: エル・パラ(戦闘員名),126adf153bd520671b9de87b006de3863ebbbb907b1b3625168cdef117f4a794
current_un,126adf153bd520671b9de87b006de3863ebbbb907b1b3625168cdef117f4a794:UN:411,120;121,NAME_AMBIGUOUS,注記・括弧・姓名境界の確認が必要: アブデルレザク・ル・パラ (戦闘員名),126adf153bd520671b9de87b006de3863ebbbb907b1b3625168cdef117f4a794
current_un,126adf153bd520671b9de87b006de3863ebbbb907b1b3625168cdef117f4a794:UN:411,120;121,NAME_AMBIGUOUS,注記・括弧・姓名境界の確認が必要: El Para (combat name),126adf153bd520671b9de87b006de3863ebbbb907b1b3625168cdef117f4a794
current_un,126adf153bd520671b9de87b006de3863ebbbb907b1b3625168cdef117f4a794:UN:411,120;121,NAME_AMBIGUOUS,注記・括弧・姓名境界の確認が必要: Abderrezak Le Para (combat name),126adf153bd520671b9de87b006de3863ebbbb907b1b3625168cdef117f4a794
current_un,126adf153bd520671b9de87b006de3863ebbbb907b1b3625168cdef117f4a794:UN:413,121;122,RTL_ORDER_REVIEW,右から左の文字順を原本ページで確認: ثیغوبأ يلع نامیلس مساج نامیلس,126adf153bd520671b9de87b006de3863ebbbb907b1b3625168cdef117f4a794
current_un,126adf153bd520671b9de87b006de3863ebbbb907b1b3625168cdef117f4a794:UN:413,121;122,NAME_AMBIGUOUS,注記・括弧・姓名境界の確認が必要: アブ・ガイス Abo Ghaith,126adf153bd520671b9de87b006de3863ebbbb907b1b3625168cdef117f4a794
current_un,126adf153bd520671b9de87b006de3863ebbbb907b1b3625168cdef117f4a794:UN:414,122,RTL_ORDER_REVIEW,右から左の文字順を原本ページで確認: لامج يسینول,126adf153bd520671b9de87b006de3863ebbbb907b1b3625168cdef117f4a794
current_un,126adf153bd520671b9de87b006de3863ebbbb907b1b3625168cdef117f4a794:UN:419,123;124,RTL_ORDER_REVIEW,右から左の文字順を原本ページで確認: ينادنزلا زيزع دیجملا دبع,126adf153bd520671b9de87b006de3863ebbbb907b1b3625168cdef117f4a794
current_un,126adf153bd520671b9de87b006de3863ebbbb907b1b3625168cdef117f4a794:UN:431,124;125,RTL_ORDER_REVIEW,右から左の文字順を原本ページで確認: نامرج لامك,126adf153bd520671b9de87b006de3863ebbbb907b1b3625168cdef117f4a794
current_un,126adf153bd520671b9de87b006de3863ebbbb907b1b3625168cdef117f4a794:UN:434,125;126,NAME_AMBIGUOUS,"注記・括弧・姓名境界の確認が必要: Association for Education, Culture and Building Society-Sirat",126adf153bd520671b9de87b006de3863ebbbb907b1b3625168cdef117f4a794
current_un,126adf153bd520671b9de87b006de3863ebbbb907b1b3625168cdef117f4a794:UN:434,125;126,NAME_AMBIGUOUS,"注記・括弧・姓名境界の確認が必要: Association for Education, Cultural, and to Create Society - Sirat",126adf153bd520671b9de87b006de3863ebbbb907b1b3625168cdef117f4a794
current_un,126adf153bd520671b9de87b006de3863ebbbb907b1b3625168cdef117f4a794:UN:435,126;127,NAME_AMBIGUOUS,注記・括弧・姓名境界の確認が必要: Taibah International Aid Agency,126adf153bd520671b9de87b006de3863ebbbb907b1b3625168cdef117f4a794
current_un,126adf153bd520671b9de87b006de3863ebbbb907b1b3625168cdef117f4a794:UN:435,126;127,NAME_AMBIGUOUS,注記・括弧・姓名境界の確認が必要: Taibah International Aid Association,126adf153bd520671b9de87b006de3863ebbbb907b1b3625168cdef117f4a794
current_un,126adf153bd520671b9de87b006de3863ebbbb907b1b3625168cdef117f4a794:UN:435,126;127,NAME_AMBIGUOUS,"注記・括弧・姓名境界の確認が必要: Al Taibah, Intl.",126adf153bd520671b9de87b006de3863ebbbb907b1b3625168cdef117f4a794
current_un,126adf153bd520671b9de87b006de3863ebbbb907b1b3625168cdef117f4a794:UN:435,126;127,NAME_AMBIGUOUS,注記・括弧・姓名境界の確認が必要: Taibah International Aide Association,126adf153bd520671b9de87b006de3863ebbbb907b1b3625168cdef117f4a794
current_un,126adf153bd520671b9de87b006de3863ebbbb907b1b3625168cdef117f4a794:UN:440,127;128,RTL_ORDER_REVIEW,右から左の文字順を原本ページで確認: يریبوللا دمحا نب بیبح,126adf153bd520671b9de87b006de3863ebbbb907b1b3625168cdef117f4a794
current_un,126adf153bd520671b9de87b006de3863ebbbb907b1b3625168cdef117f4a794:UN:445,128;129,NAME_AMBIGUOUS,注記・括弧・姓名境界の確認が必要: アル・ハラマイン:アフガニスタン・ブランチ,126adf153bd520671b9de87b006de3863ebbbb907b1b3625168cdef117f4a794
current_un,126adf153bd520671b9de87b006de3863ebbbb907b1b3625168cdef117f4a794:UN:445,128;129,NAME_AMBIGUOUS,注記・括弧・姓名境界の確認が必要: AL-HARAMAIN: AFGHANISTAN BRANCH,126adf153bd520671b9de87b006de3863ebbbb907b1b3625168cdef117f4a794
current_un,126adf153bd520671b9de87b006de3863ebbbb907b1b3625168cdef117f4a794:UN:446,129,NAME_AMBIGUOUS,注記・括弧・姓名境界の確認が必要: アル・ハラマイン:アルバニア・ブランチ,126adf153bd520671b9de87b006de3863ebbbb907b1b3625168cdef117f4a794
current_un,126adf153bd520671b9de87b006de3863ebbbb907b1b3625168cdef117f4a794:UN:446,129,NAME_AMBIGUOUS,注記・括弧・姓名境界の確認が必要: AL-HARAMAIN: ALBANIA BRANCH,126adf153bd520671b9de87b006de3863ebbbb907b1b3625168cdef117f4a794
current_un,126adf153bd520671b9de87b006de3863ebbbb907b1b3625168cdef117f4a794:UN:447,129,NAME_AMBIGUOUS,注記・括弧・姓名境界の確認が必要: アル・ハラマイン:バングラデシュ・ブランチ,126adf153bd520671b9de87b006de3863ebbbb907b1b3625168cdef117f4a794
current_un,126adf153bd520671b9de87b006de3863ebbbb907b1b3625168cdef117f4a794:UN:447,129,NAME_AMBIGUOUS,注記・括弧・姓名境界の確認が必要: AL-HARAMAIN: BANGLADESH BRANCH,126adf153bd520671b9de87b006de3863ebbbb907b1b3625168cdef117f4a794
current_un,126adf153bd520671b9de87b006de3863ebbbb907b1b3625168cdef117f4a794:UN:448,129;130,NAME_AMBIGUOUS,注記・括弧・姓名境界の確認が必要: アル・ハラマイン:エチオピア・ブランチ,126adf153bd520671b9de87b006de3863ebbbb907b1b3625168cdef117f4a794
current_un,126adf153bd520671b9de87b006de3863ebbbb907b1b3625168cdef117f4a794:UN:448,129;130,NAME_AMBIGUOUS,注記・括弧・姓名境界の確認が必要: AL-HARAMAIN: ETHIOPIA BRANCH,126adf153bd520671b9de87b006de3863ebbbb907b1b3625168cdef117f4a794
current_un,126adf153bd520671b9de87b006de3863ebbbb907b1b3625168cdef117f4a794:UN:449,130,NAME_AMBIGUOUS,注記・括弧・姓名境界の確認が必要: アル・ハラマイン:オランダ・ブランチ,126adf153bd520671b9de87b006de3863ebbbb907b1b3625168cdef117f4a794
current_un,126adf153bd520671b9de87b006de3863ebbbb907b1b3625168cdef117f4a794:UN:449,130,NAME_AMBIGUOUS,注記・括弧・姓名境界の確認が必要: AL-HARAMAIN: THE NETHERLANDS BRANCH,126adf153bd520671b9de87b006de3863ebbbb907b1b3625168cdef117f4a794
current_un,126adf153bd520671b9de87b006de3863ebbbb907b1b3625168cdef117f4a794:UN:453,131,RTL_ORDER_REVIEW,右から左の文字順を原本ページで確認: ه دعاقلا ي ف قارعلا,126adf153bd520671b9de87b006de3863ebbbb907b1b3625168cdef117f4a794
current_un,126adf153bd520671b9de87b006de3863ebbbb907b1b3625168cdef117f4a794:UN:458,132,RTL_ORDER_REVIEW,右から左の文字順を原本ページで確認: يلضفلا روشاع دیاع لضاف ن سحم,126adf153bd520671b9de87b006de3863ebbbb907b1b3625168cdef117f4a794
current_un,126adf153bd520671b9de87b006de3863ebbbb907b1b3625168cdef117f4a794:UN:459,133,NAME_AMBIGUOUS,注記・括弧・姓名境界の確認が必要: ファラーヒ・インサニアット財団 (FIF),126adf153bd520671b9de87b006de3863ebbbb907b1b3625168cdef117f4a794
current_un,126adf153bd520671b9de87b006de3863ebbbb907b1b3625168cdef117f4a794:UN:459,133,NAME_AMBIGUOUS,注記・括弧・姓名境界の確認が必要: Falah-i-Insaniat Foundation (FIF),126adf153bd520671b9de87b006de3863ebbbb907b1b3625168cdef117f4a794
current_un,126adf153bd520671b9de87b006de3863ebbbb907b1b3625168cdef117f4a794:UN:465,135;136,RTL_ORDER_REVIEW,右から左の文字順を原本ページで確認: يمناغوب لصیف,126adf153bd520671b9de87b006de3863ebbbb907b1b3625168cdef117f4a794
current_un,126adf153bd520671b9de87b006de3863ebbbb907b1b3625168cdef117f4a794:UN:467,136;137,RTL_ORDER_REVIEW,右から左の文字順を原本ページで確認: بوغلا رداقلا دبع( (a.k.a.: Rachid,126adf153bd520671b9de87b006de3863ebbbb907b1b3625168cdef117f4a794
current_un,126adf153bd520671b9de87b006de3863ebbbb907b1b3625168cdef117f4a794:UN:470,138,RTL_ORDER_REVIEW,右から左の文字順を原本ページで確認: نمحرلا دبع بجر دمحم الله دبع,126adf153bd520671b9de87b006de3863ebbbb907b1b3625168cdef117f4a794
current_un,126adf153bd520671b9de87b006de3863ebbbb907b1b3625168cdef117f4a794:UN:471,138;139,RTL_ORDER_REVIEW,右から左の文字順を原本ページで確認: دمحا يكز تزع ي كز,126adf153bd520671b9de87b006de3863ebbbb907b1b3625168cdef117f4a794
current_un,126adf153bd520671b9de87b006de3863ebbbb907b1b3625168cdef117f4a794:UN:474,139,RTL_ORDER_REVIEW,右から左の文字順を原本ページで確認: يركب ىفطصم دمحم دیسلا ىلع,126adf153bd520671b9de87b006de3863ebbbb907b1b3625168cdef117f4a794
current_un,126adf153bd520671b9de87b006de3863ebbbb907b1b3625168cdef117f4a794:UN:476,139;140,RTL_ORDER_REVIEW,右から左の文字順を原本ページで確認: فسوي يعابسلا دیسلا يناه,126adf153bd520671b9de87b006de3863ebbbb907b1b3625168cdef117f4a794
current_un,126adf153bd520671b9de87b006de3863ebbbb907b1b3625168cdef117f4a794:UN:484,142,RTL_ORDER_REVIEW,右から左の文字順を原本ページで確認: دمحأ يبانك داهرف,126adf153bd520671b9de87b006de3863ebbbb907b1b3625168cdef117f4a794
current_un,126adf153bd520671b9de87b006de3863ebbbb907b1b3625168cdef117f4a794:UN:484,142,NAME_AMBIGUOUS,注記・括弧・姓名境界の確認が必要: カワ・ハマワンディ(以前のリスト記載ぶり),126adf153bd520671b9de87b006de3863ebbbb907b1b3625168cdef117f4a794
current_un,126adf153bd520671b9de87b006de3863ebbbb907b1b3625168cdef117f4a794:UN:484,142,NAME_AMBIGUOUS,注記・括弧・姓名境界の確認が必要: Kawa Hamawandi (previously listed as),126adf153bd520671b9de87b006de3863ebbbb907b1b3625168cdef117f4a794
current_un,126adf153bd520671b9de87b006de3863ebbbb907b1b3625168cdef117f4a794:UN:498,143;144,NAME_AMBIGUOUS,"注記・括弧・姓名境界の確認が必要: アブ・バカール・バアシール、1938年8 月17日に Jombang, East Java, Indonesia にて出生",126adf153bd520671b9de87b006de3863ebbbb907b1b3625168cdef117f4a794
current_un,126adf153bd520671b9de87b006de3863ebbbb907b1b3625168cdef117f4a794:UN:498,143;144,NAME_AMBIGUOUS,"注記・括弧・姓名境界の確認が必要: アブ・バカール・バシール、19 38年8月17日に Jombang, East Java, Indonesia にて出生",126adf153bd520671b9de87b006de3863ebbbb907b1b3625168cdef117f4a794
current_un,126adf153bd520671b9de87b006de3863ebbbb907b1b3625168cdef117f4a794:UN:498,143;144,NAME_AMBIGUOUS,"注記・括弧・姓名境界の確認が必要: Abu Bakar Baasyir, born 17 Aug. 1938 in Jombang, East Java, Indonesia",126adf153bd520671b9de87b006de3863ebbbb907b1b3625168cdef117f4a794
current_un,126adf153bd520671b9de87b006de3863ebbbb907b1b3625168cdef117f4a794:UN:498,143;144,NAME_AMBIGUOUS,"注記・括弧・姓名境界の確認が必要: Abu Bakar Bashir, born 17 Aug. 1938 in Jombang, East Java, Indonesia",126adf153bd520671b9de87b006de3863ebbbb907b1b3625168cdef117f4a794
current_un,126adf153bd520671b9de87b006de3863ebbbb907b1b3625168cdef117f4a794:UN:499,144,NAME_AMBIGUOUS,注記・括弧・姓名境界の確認が必要: グナワン、ルスマン,126adf153bd520671b9de87b006de3863ebbbb907b1b3625168cdef117f4a794
current_un,126adf153bd520671b9de87b006de3863ebbbb907b1b3625168cdef117f4a794:UN:499,144,NAME_AMBIGUOUS,"注記・括弧・姓名境界の確認が必要: Gunawan, Rusman",126adf153bd520671b9de87b006de3863ebbbb907b1b3625168cdef117f4a794
current_un,126adf153bd520671b9de87b006de3863ebbbb907b1b3625168cdef117f4a794:UN:500,144;145,NAME_AMBIGUOUS,注記・括弧・姓名境界の確認が必要: レフケ、タウフェク,126adf153bd520671b9de87b006de3863ebbbb907b1b3625168cdef117f4a794
current_un,126adf153bd520671b9de87b006de3863ebbbb907b1b3625168cdef117f4a794:UN:500,144;145,NAME_AMBIGUOUS,注記・括弧・姓名境界の確認が必要: リフクィ、タウフィク,126adf153bd520671b9de87b006de3863ebbbb907b1b3625168cdef117f4a794
current_un,126adf153bd520671b9de87b006de3863ebbbb907b1b3625168cdef117f4a794:UN:500,144;145,NAME_AMBIGUOUS,注記・括弧・姓名境界の確認が必要: リフクィ、タウフィク,126adf153bd520671b9de87b006de3863ebbbb907b1b3625168cdef117f4a794
current_un,126adf153bd520671b9de87b006de3863ebbbb907b1b3625168cdef117f4a794:UN:500,144;145,NAME_AMBIGUOUS,注記・括弧・姓名境界の確認が必要: ヤクブ、エリック,126adf153bd520671b9de87b006de3863ebbbb907b1b3625168cdef117f4a794
current_un,126adf153bd520671b9de87b006de3863ebbbb907b1b3625168cdef117f4a794:UN:500,144;145,NAME_AMBIGUOUS,"注記・括弧・姓名境界の確認が必要: Refke, Taufek",126adf153bd520671b9de87b006de3863ebbbb907b1b3625168cdef117f4a794
current_un,126adf153bd520671b9de87b006de3863ebbbb907b1b3625168cdef117f4a794:UN:500,144;145,NAME_AMBIGUOUS,"注記・括弧・姓名境界の確認が必要: Rifqi, Taufik",126adf153bd520671b9de87b006de3863ebbbb907b1b3625168cdef117f4a794
current_un,126adf153bd520671b9de87b006de3863ebbbb907b1b3625168cdef117f4a794:UN:500,144;145,NAME_AMBIGUOUS,"注記・括弧・姓名境界の確認が必要: Rifqi, Tawfiq",126adf153bd520671b9de87b006de3863ebbbb907b1b3625168cdef117f4a794
current_un,126adf153bd520671b9de87b006de3863ebbbb907b1b3625168cdef117f4a794:UN:500,144;145,NAME_AMBIGUOUS,"注記・括弧・姓名境界の確認が必要: Yacub, Eric",126adf153bd520671b9de87b006de3863ebbbb907b1b3625168cdef117f4a794
current_un,126adf153bd520671b9de87b006de3863ebbbb907b1b3625168cdef117f4a794:UN:501,145,NAME_AMBIGUOUS,注記・括弧・姓名境界の確認が必要: トイブ、イブヌ,126adf153bd520671b9de87b006de3863ebbbb907b1b3625168cdef117f4a794
current_un,126adf153bd520671b9de87b006de3863ebbbb907b1b3625168cdef117f4a794:UN:501,145,NAME_AMBIGUOUS,注記・括弧・姓名境界の確認が必要: トイブ、イブヌ,126adf153bd520671b9de87b006de3863ebbbb907b1b3625168cdef117f4a794
current_un,126adf153bd520671b9de87b006de3863ebbbb907b1b3625168cdef117f4a794:UN:501,145,NAME_AMBIGUOUS,"注記・括弧・姓名境界の確認が必要: Thoyib, Ibnu",126adf153bd520671b9de87b006de3863ebbbb907b1b3625168cdef117f4a794
current_un,126adf153bd520671b9de87b006de3863ebbbb907b1b3625168cdef117f4a794:UN:501,145,NAME_AMBIGUOUS,"注記・括弧・姓名境界の確認が必要: Toyib, Ibnu",126adf153bd520671b9de87b006de3863ebbbb907b1b3625168cdef117f4a794
current_un,126adf153bd520671b9de87b006de3863ebbbb907b1b3625168cdef117f4a794:UN:504,146,RTL_ORDER_REVIEW,右から左の文字順を原本ページで確認: م یسن ن ب ناضمر ي وارحص,126adf153bd520671b9de87b006de3863ebbbb907b1b3625168cdef117f4a794
current_un,126adf153bd520671b9de87b006de3863ebbbb907b1b3625168cdef117f4a794:UN:505,146;147,RTL_ORDER_REVIEW,右から左の文字順を原本ページで確認: يبغز لیلخ حاتفدبع يعرم,126adf153bd520671b9de87b006de3863ebbbb907b1b3625168cdef117f4a794
current_un,126adf153bd520671b9de87b006de3863ebbbb907b1b3625168cdef117f4a794:UN:505,146;147,NAME_AMBIGUOUS,注記・括弧・姓名境界の確認が必要: モハメド・レバチール(19 68年1月14日モロッコにて出生),126adf153bd520671b9de87b006de3863ebbbb907b1b3625168cdef117f4a794
current_un,126adf153bd520671b9de87b006de3863ebbbb907b1b3625168cdef117f4a794:UN:505,146;147,NAME_AMBIGUOUS,注記・括弧・姓名境界の確認が必要: メリ・アブデルファッターフ・ズグバイ(1960年6 月4日リビアのBendasiにて出生),126adf153bd520671b9de87b006de3863ebbbb907b1b3625168cdef117f4a794
current_un,126adf153bd520671b9de87b006de3863ebbbb907b1b3625168cdef117f4a794:UN:505,146;147,NAME_AMBIGUOUS,注記・括弧・姓名境界の確認が必要: ラツラグ・ファラジュ(1960年11月13日リビアにて出生),126adf153bd520671b9de87b006de3863ebbbb907b1b3625168cdef117f4a794
current_un,126adf153bd520671b9de87b006de3863ebbbb907b1b3625168cdef117f4a794:UN:505,146;147,NAME_AMBIGUOUS,注記・括弧・姓名境界の確認が必要: ラーツグ・ベン・イラ(1960年8 月11日リビアにて出生),126adf153bd520671b9de87b006de3863ebbbb907b1b3625168cdef117f4a794
current_un,126adf153bd520671b9de87b006de3863ebbbb907b1b3625168cdef117f4a794:UN:505,146;147,NAME_AMBIGUOUS,注記・括弧・姓名境界の確認が必要: メライ・ゾグバイ(アラビア語による以前のリスト記載ぶり【アラビア語】),126adf153bd520671b9de87b006de3863ebbbb907b1b3625168cdef117f4a794
current_un,126adf153bd520671b9de87b006de3863ebbbb907b1b3625168cdef117f4a794:UN:505,146;147,NAME_AMBIGUOUS,注記・括弧・姓名境界の確認が必要: フレジ(1960年11月13日リビアにて出生),126adf153bd520671b9de87b006de3863ebbbb907b1b3625168cdef117f4a794
current_un,126adf153bd520671b9de87b006de3863ebbbb907b1b3625168cdef117f4a794:UN:505,146;147,NAME_AMBIGUOUS,"注記・括弧・姓名境界の確認が必要: Mohamed Lebachir, born 14 Jan. 1968 in Morocco",126adf153bd520671b9de87b006de3863ebbbb907b1b3625168cdef117f4a794
current_un,126adf153bd520671b9de87b006de3863ebbbb907b1b3625168cdef117f4a794:UN:505,146;147,NAME_AMBIGUOUS,"注記・括弧・姓名境界の確認が必要: Meri Albdelfattah Zgbye, born 4 Jun. 1960 in Bendasi, Libya",126adf153bd520671b9de87b006de3863ebbbb907b1b3625168cdef117f4a794
current_un,126adf153bd520671b9de87b006de3863ebbbb907b1b3625168cdef117f4a794:UN:505,146;147,NAME_AMBIGUOUS,"注記・括弧・姓名境界の確認が必要: Lazrag Faraj, born 13 Nov. 1960 in Libya",126adf153bd520671b9de87b006de3863ebbbb907b1b3625168cdef117f4a794
current_un,126adf153bd520671b9de87b006de3863ebbbb907b1b3625168cdef117f4a794:UN:505,146;147,NAME_AMBIGUOUS,"注記・括弧・姓名境界の確認が必要: Larzg Ben Ila, born 11 Aug. 1960 in Libya",126adf153bd520671b9de87b006de3863ebbbb907b1b3625168cdef117f4a794
current_un,126adf153bd520671b9de87b006de3863ebbbb907b1b3625168cdef117f4a794:UN:505,146;147,NAME_AMBIGUOUS,"注記・括弧・姓名境界の確認が必要: Merai Zoghbai (previously listed as, in Arabic:يبغز يعرم)",126adf153bd520671b9de87b006de3863ebbbb907b1b3625168cdef117f4a794
current_un,126adf153bd520671b9de87b006de3863ebbbb907b1b3625168cdef117f4a794:UN:505,146;147,NAME_AMBIGUOUS,"注記・括弧・姓名境界の確認が必要: Fredj, born 13 Nov.1960 in Libya",126adf153bd520671b9de87b006de3863ebbbb907b1b3625168cdef117f4a794
current_un,126adf153bd520671b9de87b006de3863ebbbb907b1b3625168cdef117f4a794:UN:513,149,RTL_ORDER_REVIEW,右から左の文字順を原本ページで確認: يكسیبدلا دمحما نيدلا رون ملاس,126adf153bd520671b9de87b006de3863ebbbb907b1b3625168cdef117f4a794
current_un,126adf153bd520671b9de87b006de3863ebbbb907b1b3625168cdef117f4a794:UN:516,150,RTL_ORDER_REVIEW,右から左の文字順を原本ページで確認: لادكورد كلاملا دبع,126adf153bd520671b9de87b006de3863ebbbb907b1b3625168cdef117f4a794
current_un,126adf153bd520671b9de87b006de3863ebbbb907b1b3625168cdef117f4a794:UN:517,150;151,RTL_ORDER_REVIEW,右から左の文字順を原本ページで確認: ىناقح نیدلا للاج نیدلا ج ارس,126adf153bd520671b9de87b006de3863ebbbb907b1b3625168cdef117f4a794
current_un,126adf153bd520671b9de87b006de3863ebbbb907b1b3625168cdef117f4a794:UN:521,151;152,RTL_ORDER_REVIEW,右から左の文字順を原本ページで確認: يلعلا دمحأ الله دبع دماح,126adf153bd520671b9de87b006de3863ebbbb907b1b3625168cdef117f4a794
current_un,126adf153bd520671b9de87b006de3863ebbbb907b1b3625168cdef117f4a794:UN:523,153,RTL_ORDER_REVIEW,右から左の文字順を原本ページで確認: يلاذبلا كرابم دنس صخشم كرابم,126adf153bd520671b9de87b006de3863ebbbb907b1b3625168cdef117f4a794
current_un,126adf153bd520671b9de87b006de3863ebbbb907b1b3625168cdef117f4a794:UN:528,155,RTL_ORDER_REVIEW,右から左の文字順を原本ページで確認: نبلإا سیير سوليد ويروبمس ونایسلف,126adf153bd520671b9de87b006de3863ebbbb907b1b3625168cdef117f4a794
current_un,126adf153bd520671b9de87b006de3863ebbbb907b1b3625168cdef117f4a794:UN:529,155;156,NAME_AMBIGUOUS,"注記・括弧・姓名境界の確認が必要: Hilarion Santos, III(third)",126adf153bd520671b9de87b006de3863ebbbb907b1b3625168cdef117f4a794
current_un,126adf153bd520671b9de87b006de3863ebbbb907b1b3625168cdef117f4a794:UN:529,155;156,NAME_AMBIGUOUS,"注記・括弧・姓名境界の確認が必要: Hilarion Del Rosario Santos, III(third)",126adf153bd520671b9de87b006de3863ebbbb907b1b3625168cdef117f4a794
current_un,126adf153bd520671b9de87b006de3863ebbbb907b1b3625168cdef117f4a794:UN:535,159,RTL_ORDER_REVIEW,右から左の文字順を原本ページで確認: يداوج ىیحي,126adf153bd520671b9de87b006de3863ebbbb907b1b3625168cdef117f4a794
current_un,126adf153bd520671b9de87b006de3863ebbbb907b1b3625168cdef117f4a794:UN:536,159;160,RTL_ORDER_REVIEW,右から左の文字順を原本ページで確認: د محم رمع ر يدق,126adf153bd520671b9de87b006de3863ebbbb907b1b3625168cdef117f4a794
current_un,126adf153bd520671b9de87b006de3863ebbbb907b1b3625168cdef117f4a794:UN:536,159;160,NAME_AMBIGUOUS,"注記・括弧・姓名境界の確認が必要: アビード・ハンマドウ(1965年12月12日に Touggourt, Wilaya (province) of Ouargla, Algeria において出生(以前のリスト記載ぶり) )",126adf153bd520671b9de87b006de3863ebbbb907b1b3625168cdef117f4a794
current_un,126adf153bd520671b9de87b006de3863ebbbb907b1b3625168cdef117f4a794:UN:536,159;160,NAME_AMBIGUOUS,"注記・括弧・姓名境界の確認が必要: Abid Hammadou, born on 12 Dec. 1965 in Touggourt, Wilaya (province) of Ouargla, Algeria (previously listed as)",126adf153bd520671b9de87b006de3863ebbbb907b1b3625168cdef117f4a794
current_un,126adf153bd520671b9de87b006de3863ebbbb907b1b3625168cdef117f4a794:UN:537,160;161,RTL_ORDER_REVIEW,右から左の文字順を原本ページで確認: يمساق حلاص,126adf153bd520671b9de87b006de3863ebbbb907b1b3625168cdef117f4a794
current_un,126adf153bd520671b9de87b006de3863ebbbb907b1b3625168cdef117f4a794:UN:538,161,RTL_ORDER_REVIEW,右から左の文字順を原本ページで確認: غادغد دمحأ,126adf153bd520671b9de87b006de3863ebbbb907b1b3625168cdef117f4a794
current_un,126adf153bd520671b9de87b006de3863ebbbb907b1b3625168cdef117f4a794:UN:562,168;169,RTL_ORDER_REVIEW,右から左の文字順を原本ページで確認: برعلا ةريزج يف ةدعاقلا,126adf153bd520671b9de87b006de3863ebbbb907b1b3625168cdef117f4a794
current_un,126adf153bd520671b9de87b006de3863ebbbb907b1b3625168cdef117f4a794:UN:562,168;169,NAME_AMBIGUOUS,注記・括弧・姓名境界の確認が必要: アラビア半島のアル・カーイダ組織(AQAP),126adf153bd520671b9de87b006de3863ebbbb907b1b3625168cdef117f4a794
current_un,126adf153bd520671b9de87b006de3863ebbbb907b1b3625168cdef117f4a794:UN:562,168;169,NAME_AMBIGUOUS,注記・括弧・姓名境界の確認が必要: アンサール・アル・シャリア(AAS),126adf153bd520671b9de87b006de3863ebbbb907b1b3625168cdef117f4a794
current_un,126adf153bd520671b9de87b006de3863ebbbb907b1b3625168cdef117f4a794:UN:562,168;169,NAME_AMBIGUOUS,注記・括弧・姓名境界の確認が必要: Al-Qaida Organization in the Arabian Peninsula (AQAP),126adf153bd520671b9de87b006de3863ebbbb907b1b3625168cdef117f4a794
current_un,126adf153bd520671b9de87b006de3863ebbbb907b1b3625168cdef117f4a794:UN:562,168;169,NAME_AMBIGUOUS,注記・括弧・姓名境界の確認が必要: Ansar al-Shari’a (AAS),126adf153bd520671b9de87b006de3863ebbbb907b1b3625168cdef117f4a794
current_un,126adf153bd520671b9de87b006de3863ebbbb907b1b3625168cdef117f4a794:UN:562,168;169,NAME_AMBIGUOUS,注記・括弧・姓名境界の確認が必要: イエメンのアル・カーイダ(AQY),126adf153bd520671b9de87b006de3863ebbbb907b1b3625168cdef117f4a794
current_un,126adf153bd520671b9de87b006de3863ebbbb907b1b3625168cdef117f4a794:UN:562,168;169,NAME_AMBIGUOUS,注記・括弧・姓名境界の確認が必要: Al-Qaida in Yemen (AQY),126adf153bd520671b9de87b006de3863ebbbb907b1b3625168cdef117f4a794
current_un,126adf153bd520671b9de87b006de3863ebbbb907b1b3625168cdef117f4a794:UN:563,169,RTL_ORDER_REVIEW,右から左の文字順を原本ページで確認: هديزملا مشاه يكرت مركأ,126adf153bd520671b9de87b006de3863ebbbb907b1b3625168cdef117f4a794
current_un,126adf153bd520671b9de87b006de3863ebbbb907b1b3625168cdef117f4a794:UN:564,170,RTL_ORDER_REVIEW,右から左の文字順を原本ページで確認: هديزملا مشاه ازیف يزاغ,126adf153bd520671b9de87b006de3863ebbbb907b1b3625168cdef117f4a794
current_un,126adf153bd520671b9de87b006de3863ebbbb907b1b3625168cdef117f4a794:UN:565,170;171,RTL_ORDER_REVIEW,右から左の文字順を原本ページで確認: يراضلا ناملس ثراح ىنثم,126adf153bd520671b9de87b006de3863ebbbb907b1b3625168cdef117f4a794
current_un,126adf153bd520671b9de87b006de3863ebbbb907b1b3625168cdef117f4a794:UN:566,171;172,RTL_ORDER_REVIEW,右から左の文字順を原本ページで確認: ملاكلب دمحم,126adf153bd520671b9de87b006de3863ebbbb907b1b3625168cdef117f4a794
current_un,126adf153bd520671b9de87b006de3863ebbbb907b1b3625168cdef117f4a794:UN:566,171;172,NAME_AMBIGUOUS,注記・括弧・姓名境界の確認が必要: Abdelali Abou Dher (رذ وبا يلاعلا دبع),126adf153bd520671b9de87b006de3863ebbbb907b1b3625168cdef117f4a794
current_un,126adf153bd520671b9de87b006de3863ebbbb907b1b3625168cdef117f4a794:UN:566,171;172,NAME_AMBIGUOUS,注記・括弧・姓名境界の確認が必要: El Harrachi(يشارحلا),126adf153bd520671b9de87b006de3863ebbbb907b1b3625168cdef117f4a794
current_un,126adf153bd520671b9de87b006de3863ebbbb907b1b3625168cdef117f4a794:UN:567,172;173,NAME_AMBIGUOUS,注記・括弧・姓名境界の確認が必要: TAYEB NAIL (original scipt: ليان بیطلا),126adf153bd520671b9de87b006de3863ebbbb907b1b3625168cdef117f4a794
current_un,126adf153bd520671b9de87b006de3863ebbbb907b1b3625168cdef117f4a794:UN:567,172;173,NAME_AMBIGUOUS,注記・括弧・姓名境界の確認が必要: モハメド・オールド・アフメド・オールド・アリー(1976年出生),126adf153bd520671b9de87b006de3863ebbbb907b1b3625168cdef117f4a794
current_un,126adf153bd520671b9de87b006de3863ebbbb907b1b3625168cdef117f4a794:UN:567,172;173,NAME_AMBIGUOUS,注記・括弧・姓名境界の確認が必要: Djaafar Abou Mohamed (دمحم وبا رفعج),126adf153bd520671b9de87b006de3863ebbbb907b1b3625168cdef117f4a794
current_un,126adf153bd520671b9de87b006de3863ebbbb907b1b3625168cdef117f4a794:UN:567,172;173,NAME_AMBIGUOUS,注記・括弧・姓名境界の確認が必要: Abou Mouhadjir(رجاهم وبا),126adf153bd520671b9de87b006de3863ebbbb907b1b3625168cdef117f4a794
current_un,126adf153bd520671b9de87b006de3863ebbbb907b1b3625168cdef117f4a794:UN:567,172;173,NAME_AMBIGUOUS,"注記・括弧・姓名境界の確認が必要: Mohamed Ould Ahmed Ould Ali, born in 1976",126adf153bd520671b9de87b006de3863ebbbb907b1b3625168cdef117f4a794
current_un,126adf153bd520671b9de87b006de3863ebbbb907b1b3625168cdef117f4a794:UN:569,173,RTL_ORDER_REVIEW,右から左の文字順を原本ページで確認: يمیرلا يدھم دمحم م ساق,126adf153bd520671b9de87b006de3863ebbbb907b1b3625168cdef117f4a794
current_un,126adf153bd520671b9de87b006de3863ebbbb907b1b3625168cdef117f4a794:UN:572,174;175,RTL_ORDER_REVIEW,右から左の文字順を原本ページで確認: یزقاحسا اغآ لكُ,126adf153bd520671b9de87b006de3863ebbbb907b1b3625168cdef117f4a794
current_un,126adf153bd520671b9de87b006de3863ebbbb907b1b3625168cdef117f4a794:UN:572,174;175,NAME_AMBIGUOUS,注記・括弧・姓名境界の確認が必要: Hedayatullah Badri (original script: يردب الله تیاده),126adf153bd520671b9de87b006de3863ebbbb907b1b3625168cdef117f4a794
current_un,126adf153bd520671b9de87b006de3863ebbbb907b1b3625168cdef117f4a794:UN:573,175;176,RTL_ORDER_REVIEW,右から左の文字順を原本ページで確認: يقلوعلا اللهدبع رصان رونا,126adf153bd520671b9de87b006de3863ebbbb907b1b3625168cdef117f4a794
current_un,126adf153bd520671b9de87b006de3863ebbbb907b1b3625168cdef117f4a794:UN:575,176,RTL_ORDER_REVIEW,右から左の文字順を原本ページで確認: تکرح داہجلا یملاسلاا,126adf153bd520671b9de87b006de3863ebbbb907b1b3625168cdef117f4a794
current_un,126adf153bd520671b9de87b006de3863ebbbb907b1b3625168cdef117f4a794:UN:579,177,NAME_AMBIGUOUS,注記・括弧・姓名境界の確認が必要: アーガー・ジャーン・アリーザイ(以前掲載の氏名),126adf153bd520671b9de87b006de3863ebbbb907b1b3625168cdef117f4a794
current_un,126adf153bd520671b9de87b006de3863ebbbb907b1b3625168cdef117f4a794:UN:579,177,NAME_AMBIGUOUS,注記・括弧・姓名境界の確認が必要: Agha Jan Alizai (formerly listed as),126adf153bd520671b9de87b006de3863ebbbb907b1b3625168cdef117f4a794
current_un,126adf153bd520671b9de87b006de3863ebbbb907b1b3625168cdef117f4a794:UN:582,178,RTL_ORDER_REVIEW,右から左の文字順を原本ページで確認: یناقح د محا لیلخ,126adf153bd520671b9de87b006de3863ebbbb907b1b3625168cdef117f4a794
current_un,126adf153bd520671b9de87b006de3863ebbbb907b1b3625168cdef117f4a794:UN:583,178;179,RTL_ORDER_REVIEW,右から左の文字順を原本ページで確認: ملاسلا دبع ناج دیعس,126adf153bd520671b9de87b006de3863ebbbb907b1b3625168cdef117f4a794
current_un,126adf153bd520671b9de87b006de3863ebbbb907b1b3625168cdef117f4a794:UN:583,178;179,NAME_AMBIGUOUS,注記・括弧・姓名境界の確認が必要: ディラーワル・カーン・ザイン・カーン(1972年1月1日出生),126adf153bd520671b9de87b006de3863ebbbb907b1b3625168cdef117f4a794
current_un,126adf153bd520671b9de87b006de3863ebbbb907b1b3625168cdef117f4a794:UN:583,178;179,NAME_AMBIGUOUS,"注記・括弧・姓名境界の確認が必要: Dilawar Khan Zain Khan, born 1 Jan. 1972",126adf153bd520671b9de87b006de3863ebbbb907b1b3625168cdef117f4a794
current_un,126adf153bd520671b9de87b006de3863ebbbb907b1b3625168cdef117f4a794:UN:584,179;180,NAME_AMBIGUOUS,注記・括弧・姓名境界の確認が必要: ロム・アリ・ブタエフ(ブタエフ)(1955 年出生),126adf153bd520671b9de87b006de3863ebbbb907b1b3625168cdef117f4a794
current_un,126adf153bd520671b9de87b006de3863ebbbb907b1b3625168cdef117f4a794:UN:584,179;180,NAME_AMBIGUOUS,注記・括弧・姓名境界の確認が必要: ドッカ・ウマロフ(1964 年 4 月 13 日出生),126adf153bd520671b9de87b006de3863ebbbb907b1b3625168cdef117f4a794
current_un,126adf153bd520671b9de87b006de3863ebbbb907b1b3625168cdef117f4a794:UN:584,179;180,NAME_AMBIGUOUS,注記・括弧・姓名境界の確認が必要: ドッカ・ウマロフ(1965 年 4 月 13 日出生),126adf153bd520671b9de87b006de3863ebbbb907b1b3625168cdef117f4a794
current_un,126adf153bd520671b9de87b006de3863ebbbb907b1b3625168cdef117f4a794:UN:584,179;180,NAME_AMBIGUOUS,"注記・括弧・姓名境界の確認が必要: Lom-ali Butayev (Butaev), born in 1955",126adf153bd520671b9de87b006de3863ebbbb907b1b3625168cdef117f4a794
current_un,126adf153bd520671b9de87b006de3863ebbbb907b1b3625168cdef117f4a794:UN:584,179;180,NAME_AMBIGUOUS,"注記・括弧・姓名境界の確認が必要: Dokka Umarov, born on 13 April 1964",126adf153bd520671b9de87b006de3863ebbbb907b1b3625168cdef117f4a794
current_un,126adf153bd520671b9de87b006de3863ebbbb907b1b3625168cdef117f4a794:UN:584,179;180,NAME_AMBIGUOUS,"注記・括弧・姓名境界の確認が必要: Dokka Umarov, born on 13 April 1965",126adf153bd520671b9de87b006de3863ebbbb907b1b3625168cdef117f4a794
current_un,126adf153bd520671b9de87b006de3863ebbbb907b1b3625168cdef117f4a794:UN:585,180;181,RTL_ORDER_REVIEW,右から左の文字順を原本ページで確認: يریسعلا علاط نسح میهاربإ,126adf153bd520671b9de87b006de3863ebbbb907b1b3625168cdef117f4a794
current_un,126adf153bd520671b9de87b006de3863ebbbb907b1b3625168cdef117f4a794:UN:585,180;181,NAME_AMBIGUOUS,注記・括弧・姓名境界の確認が必要: Ibrahim Hassan Tali Asiri (يریسع علاط نسح میهاربإ),126adf153bd520671b9de87b006de3863ebbbb907b1b3625168cdef117f4a794
current_un,126adf153bd520671b9de87b006de3863ebbbb907b1b3625168cdef117f4a794:UN:587,181;182,RTL_ORDER_REVIEW,右から左の文字順を原本ページで確認: نامثع دمحأ نامثع يدماغلا,126adf153bd520671b9de87b006de3863ebbbb907b1b3625168cdef117f4a794
current_un,126adf153bd520671b9de87b006de3863ebbbb907b1b3625168cdef117f4a794:UN:587,181;182,NAME_AMBIGUOUS,注記・括弧・姓名境界の確認が必要: オスマン・アル・ガムディ、 1979年5月27日にサウジアラビアで出生,126adf153bd520671b9de87b006de3863ebbbb907b1b3625168cdef117f4a794
current_un,126adf153bd520671b9de87b006de3863ebbbb907b1b3625168cdef117f4a794:UN:587,181;182,NAME_AMBIGUOUS,注記・括弧・姓名境界の確認が必要: ウスマン・アル・ガムディ、1979年5 月27日にサウジアラビアで出生,126adf153bd520671b9de87b006de3863ebbbb907b1b3625168cdef117f4a794
current_un,126adf153bd520671b9de87b006de3863ebbbb907b1b3625168cdef117f4a794:UN:587,181;182,NAME_AMBIGUOUS,注記・括弧・姓名境界の確認が必要: ウスマン・アル・ガーミディ、1979年5月27日にサウジアラビアで出生,126adf153bd520671b9de87b006de3863ebbbb907b1b3625168cdef117f4a794
current_un,126adf153bd520671b9de87b006de3863ebbbb907b1b3625168cdef117f4a794:UN:587,181;182,NAME_AMBIGUOUS,注記・括弧・姓名境界の確認が必要: オスマン・アフメド・オスマン・アル・オマイラ、1973年にイエメンの Shabwa で出生、イエメン国籍,126adf153bd520671b9de87b006de3863ebbbb907b1b3625168cdef117f4a794
current_un,126adf153bd520671b9de87b006de3863ebbbb907b1b3625168cdef117f4a794:UN:587,181;182,NAME_AMBIGUOUS,"注記・括弧・姓名境界の確認が必要: Othman al-Ghamdi, born 27 May 1979 in Saudi Arabia",126adf153bd520671b9de87b006de3863ebbbb907b1b3625168cdef117f4a794
current_un,126adf153bd520671b9de87b006de3863ebbbb907b1b3625168cdef117f4a794:UN:587,181;182,NAME_AMBIGUOUS,"注記・括弧・姓名境界の確認が必要: Uthman al-Ghamdi, born 27 May 1979 in Saudi Arabia",126adf153bd520671b9de87b006de3863ebbbb907b1b3625168cdef117f4a794
current_un,126adf153bd520671b9de87b006de3863ebbbb907b1b3625168cdef117f4a794:UN:587,181;182,NAME_AMBIGUOUS,"注記・括弧・姓名境界の確認が必要: Uthman al-Ghamidi, born 27 May 1979 in Saudi Arabia",126adf153bd520671b9de87b006de3863ebbbb907b1b3625168cdef117f4a794
current_un,126adf153bd520671b9de87b006de3863ebbbb907b1b3625168cdef117f4a794:UN:587,181;182,NAME_AMBIGUOUS,"注記・括弧・姓名境界の確認が必要: Othman Ahmed Othman Al Omairah, born in 1973 in Shabwa, Yemen, nationality: Yemeni",126adf153bd520671b9de87b006de3863ebbbb907b1b3625168cdef117f4a794
current_un,126adf153bd520671b9de87b006de3863ebbbb907b1b3625168cdef117f4a794:UN:591,183;184,RTL_ORDER_REVIEW,右から左の文字順を原本ページで確認: کيرحت نابلاط ناتسکاپ,126adf153bd520671b9de87b006de3863ebbbb907b1b3625168cdef117f4a794
current_un,126adf153bd520671b9de87b006de3863ebbbb907b1b3625168cdef117f4a794:UN:592,184;185,NAME_AMBIGUOUS,注記・括弧・姓名境界の確認が必要: ムハマド・リキー・アルドハン(1980 年8月8日出生、偽造インドネシア旅券、番号:S335026 にみられる),126adf153bd520671b9de87b006de3863ebbbb907b1b3625168cdef117f4a794
current_un,126adf153bd520671b9de87b006de3863ebbbb907b1b3625168cdef117f4a794:UN:592,184;185,NAME_AMBIGUOUS,"注記・括弧・姓名境界の確認が必要: Muhamad Ricky Ardhan born 8 Aug. 1980, (appears in false Indonesian passport number S335026)",126adf153bd520671b9de87b006de3863ebbbb907b1b3625168cdef117f4a794
current_un,126adf153bd520671b9de87b006de3863ebbbb907b1b3625168cdef117f4a794:UN:594,185,RTL_ORDER_REVIEW,右から左の文字順を原本ページで確認: دمحم یلع نمحرلا عیطم,126adf153bd520671b9de87b006de3863ebbbb907b1b3625168cdef117f4a794
current_un,126adf153bd520671b9de87b006de3863ebbbb907b1b3625168cdef117f4a794:UN:596,185;186,RTL_ORDER_REVIEW,右から左の文字順を原本ページで確認: میلس دمحم دلو نیسحلا دمحم دلو نمحرلا دبع,126adf153bd520671b9de87b006de3863ebbbb907b1b3625168cdef117f4a794
current_un,126adf153bd520671b9de87b006de3863ebbbb907b1b3625168cdef117f4a794:UN:596,185;186,NAME_AMBIGUOUS,注記・括弧・姓名境界の確認が必要: 【アラビア語】(ユーニス・アル・モーリタニー、シェイク・ユーニス・アル・モーリタニー、 シャイク・ユーニス・ザ・モーリタニアン),126adf153bd520671b9de87b006de3863ebbbb907b1b3625168cdef117f4a794
current_un,126adf153bd520671b9de87b006de3863ebbbb907b1b3625168cdef117f4a794:UN:596,185;186,NAME_AMBIGUOUS,注記・括弧・姓名境界の確認が必要: سنوي خیش يناتيروملا (Yunis al-Mauritani; Younis al-Mauritani; Sheikh Yunis al-Mauritani; Shaykh Yunis the Mauritanian),126adf153bd520671b9de87b006de3863ebbbb907b1b3625168cdef117f4a794
current_un,126adf153bd520671b9de87b006de3863ebbbb907b1b3625168cdef117f4a794:UN:598,187;188,RTL_ORDER_REVIEW,右から左の文字順を原本ページで確認: ىزرون کلام,126adf153bd520671b9de87b006de3863ebbbb907b1b3625168cdef117f4a794
current_un,126adf153bd520671b9de87b006de3863ebbbb907b1b3625168cdef117f4a794:UN:598,187;188,NAME_AMBIGUOUS,注記・括弧・姓名境界の確認が必要: アラー・ムハンマド ىزرون كلام ىجاح (Hajji Malik Noorzai; Hajji Malak Noorzai; Haji Malek Noorzai),126adf153bd520671b9de87b006de3863ebbbb907b1b3625168cdef117f4a794
current_un,126adf153bd520671b9de87b006de3863ebbbb907b1b3625168cdef117f4a794:UN:600,188;189,RTL_ORDER_REVIEW,右から左の文字順を原本ページで確認: ي ئارماسلا يردبلا يلع میھاربإ داوع میھاربإ,126adf153bd520671b9de87b006de3863ebbbb907b1b3625168cdef117f4a794
current_un,126adf153bd520671b9de87b006de3863ebbbb907b1b3625168cdef117f4a794:UN:600,188;189,NAME_AMBIGUOUS,注記・括弧・姓名境界の確認が必要: イブラヒーム・アッワード・イブラヒーム・アリー・アル・バドリー・アル・サマッライ博士(1971年にイラクのサマッラにて出生(イブラヒーム・アワド・イブラヒーム・アル・バドリー・アル・サマッライ、イブラヒーム・アワド・イブラヒーム・アル・サマッライ、イブラヒーム・アッワード・イブラヒーム・アル・サマッライ博士)),126adf153bd520671b9de87b006de3863ebbbb907b1b3625168cdef117f4a794
current_un,126adf153bd520671b9de87b006de3863ebbbb907b1b3625168cdef117f4a794:UN:600,188;189,NAME_AMBIGUOUS,注記・括弧・姓名境界の確認が必要: 【アラビア語】((アブー・ドゥアー)この戦闘員名で良く知られる),126adf153bd520671b9de87b006de3863ebbbb907b1b3625168cdef117f4a794
current_un,126adf153bd520671b9de87b006de3863ebbbb907b1b3625168cdef117f4a794:UN:600,188;189,NAME_AMBIGUOUS,注記・括弧・姓名境界の確認が必要: 【アラビア語】(アブー・バクル・アル・バグダーディ・アル・フセイニ・アル・クライシ、アブー・バクル・アル・バグダーディ),126adf153bd520671b9de87b006de3863ebbbb907b1b3625168cdef117f4a794
current_un,126adf153bd520671b9de87b006de3863ebbbb907b1b3625168cdef117f4a794:UN:600,188;189,NAME_AMBIGUOUS,"注記・括弧・姓名境界の確認が必要: Dr. Ibrahim ‘Awwad Ibrahim ’Ali al-Badri al-Samarrai’ (born in 1971 in Samarra, Iraq (Ibrahim ‘Awad Ibrahim al-Badri al-Samarrai;Ibrahim ‘Awad Ibrahim al- Samarra’i; Dr. Ibrahim Awwad Ibrahim al-Samarra’i))",126adf153bd520671b9de87b006de3863ebbbb907b1b3625168cdef117f4a794
current_un,126adf153bd520671b9de87b006de3863ebbbb907b1b3625168cdef117f4a794:UN:601,189;190,RTL_ORDER_REVIEW,右から左の文字順を原本ページで確認: اغآ ایض د محا,126adf153bd520671b9de87b006de3863ebbbb907b1b3625168cdef117f4a794
current_un,126adf153bd520671b9de87b006de3863ebbbb907b1b3625168cdef117f4a794:UN:609,193;194,RTL_ORDER_REVIEW,右から左の文字順を原本ページで確認: میحر لضف,126adf153bd520671b9de87b006de3863ebbbb907b1b3625168cdef117f4a794
current_un,126adf153bd520671b9de87b006de3863ebbbb907b1b3625168cdef117f4a794:UN:616,196;197,RTL_ORDER_REVIEW,右から左の文字順を原本ページで確認: نمحرلا دبع,126adf153bd520671b9de87b006de3863ebbbb907b1b3625168cdef117f4a794
current_un,126adf153bd520671b9de87b006de3863ebbbb907b1b3625168cdef117f4a794:UN:616,196;197,RTL_ORDER_REVIEW,右から左の文字順を原本ページで確認: دبع يدنیسلا نمحرلا,126adf153bd520671b9de87b006de3863ebbbb907b1b3625168cdef117f4a794
current_un,126adf153bd520671b9de87b006de3863ebbbb907b1b3625168cdef117f4a794:UN:616,196;197,RTL_ORDER_REVIEW,右から左の文字順を原本ページで確認: يدنیسلا نمحرلا دبع,126adf153bd520671b9de87b006de3863ebbbb907b1b3625168cdef117f4a794
current_un,126adf153bd520671b9de87b006de3863ebbbb907b1b3625168cdef117f4a794:UN:616,196;197,RTL_ORDER_REVIEW,右から左の文字順を原本ページで確認: يدنیسلا نمحرلا دبع,126adf153bd520671b9de87b006de3863ebbbb907b1b3625168cdef117f4a794
current_un,126adf153bd520671b9de87b006de3863ebbbb907b1b3625168cdef117f4a794:UN:616,196;197,RTL_ORDER_REVIEW,右から左の文字順を原本ページで確認: يدنیسلا نمحرلا دبع,126adf153bd520671b9de87b006de3863ebbbb907b1b3625168cdef117f4a794
current_un,126adf153bd520671b9de87b006de3863ebbbb907b1b3625168cdef117f4a794:UN:616,196;197,RTL_ORDER_REVIEW,右から左の文字順を原本ページで確認: يدنیسلا نمحرلا دبع,126adf153bd520671b9de87b006de3863ebbbb907b1b3625168cdef117f4a794
current_un,126adf153bd520671b9de87b006de3863ebbbb907b1b3625168cdef117f4a794:UN:616,196;197,RTL_ORDER_REVIEW,右から左の文字順を原本ページで確認: يدنسلا اللهدبع,126adf153bd520671b9de87b006de3863ebbbb907b1b3625168cdef117f4a794
current_un,126adf153bd520671b9de87b006de3863ebbbb907b1b3625168cdef117f4a794:UN:616,196;197,NAME_AMBIGUOUS,注記・括弧・姓名境界の確認が必要: (original script: دبع يدنیسلا نمحرلا)Abdul Rehman Sindhi,126adf153bd520671b9de87b006de3863ebbbb907b1b3625168cdef117f4a794
current_un,126adf153bd520671b9de87b006de3863ebbbb907b1b3625168cdef117f4a794:UN:616,196;197,NAME_AMBIGUOUS,注記・括弧・姓名境界の確認が必要: (original script: يدنیسلا نمحرلا دبع) Abdul Rehman al- Sindhi,126adf153bd520671b9de87b006de3863ebbbb907b1b3625168cdef117f4a794
current_un,126adf153bd520671b9de87b006de3863ebbbb907b1b3625168cdef117f4a794:UN:616,196;197,NAME_AMBIGUOUS,注記・括弧・姓名境界の確認が必要: (original script: يدنیسلا نمحرلا دبع) Abdur Rahman al-Sindhi,126adf153bd520671b9de87b006de3863ebbbb907b1b3625168cdef117f4a794
current_un,126adf153bd520671b9de87b006de3863ebbbb907b1b3625168cdef117f4a794:UN:616,196;197,NAME_AMBIGUOUS,注記・括弧・姓名境界の確認が必要: (original script: يدنیسلا نمحرلا دبع) Abdur Rehman Sindhi,126adf153bd520671b9de87b006de3863ebbbb907b1b3625168cdef117f4a794
current_un,126adf153bd520671b9de87b006de3863ebbbb907b1b3625168cdef117f4a794:UN:616,196;197,NAME_AMBIGUOUS,注記・括弧・姓名境界の確認が必要: (original script: يدنیسلا نمحرلا دبع) Abdurahman Sindhi,126adf153bd520671b9de87b006de3863ebbbb907b1b3625168cdef117f4a794
current_un,126adf153bd520671b9de87b006de3863ebbbb907b1b3625168cdef117f4a794:UN:616,196;197,NAME_AMBIGUOUS,注記・括弧・姓名境界の確認が必要: (original script: يدنسلا اللهدبع) Abdullah Sindhi,126adf153bd520671b9de87b006de3863ebbbb907b1b3625168cdef117f4a794
current_un,126adf153bd520671b9de87b006de3863ebbbb907b1b3625168cdef117f4a794:UN:621,199;200,RTL_ORDER_REVIEW,右から左の文字順を原本ページで確認: ی فارص راتس یجاح و لالھریخ یجاح,126adf153bd520671b9de87b006de3863ebbbb907b1b3625168cdef117f4a794
current_un,126adf153bd520671b9de87b006de3863ebbbb907b1b3625168cdef117f4a794:UN:623,201,RTL_ORDER_REVIEW,右から左の文字順を原本ページで確認: ریشب بويا,126adf153bd520671b9de87b006de3863ebbbb907b1b3625168cdef117f4a794
current_un,126adf153bd520671b9de87b006de3863ebbbb907b1b3625168cdef117f4a794:UN:625,201;202,RTL_ORDER_REVIEW,右から左の文字順を原本ページで確認: رکاذ ف ورلا د بع,126adf153bd520671b9de87b006de3863ebbbb907b1b3625168cdef117f4a794
current_un,126adf153bd520671b9de87b006de3863ebbbb907b1b3625168cdef117f4a794:UN:629,203;204,RTL_ORDER_REVIEW,右から左の文字順を原本ページで確認: ایقيرفإ برغ يف داهجلاو دیحوتلا ةكرح,126adf153bd520671b9de87b006de3863ebbbb907b1b3625168cdef117f4a794
current_un,126adf153bd520671b9de87b006de3863ebbbb907b1b3625168cdef117f4a794:UN:630,204,RTL_ORDER_REVIEW,右から左の文字順を原本ページで確認: ةشاكع لامج,126adf153bd520671b9de87b006de3863ebbbb907b1b3625168cdef117f4a794
current_un,126adf153bd520671b9de87b006de3863ebbbb907b1b3625168cdef117f4a794:UN:631,205,RTL_ORDER_REVIEW,右から左の文字順を原本ページで確認: رماعلا دلو نمحرلا دبع,126adf153bd520671b9de87b006de3863ebbbb907b1b3625168cdef117f4a794
current_un,126adf153bd520671b9de87b006de3863ebbbb907b1b3625168cdef117f4a794:UN:632,205;206,RTL_ORDER_REVIEW,右から左の文字順を原本ページで確認: يریخلا دمحم دلو هدامح,126adf153bd520671b9de87b006de3863ebbbb907b1b3625168cdef117f4a794
current_un,126adf153bd520671b9de87b006de3863ebbbb907b1b3625168cdef117f4a794:UN:633,206,RTL_ORDER_REVIEW,右から左の文字順を原本ページで確認: يلاغ غا دايا,126adf153bd520671b9de87b006de3863ebbbb907b1b3625168cdef117f4a794
current_un,126adf153bd520671b9de87b006de3863ebbbb907b1b3625168cdef117f4a794:UN:633,206,NAME_AMBIGUOUS,"注記・括弧・姓名境界の確認が必要: シディー・モハメド・アルハリ(1958年1月1日マリ Bourem Region, Bouressa にて出生)",126adf153bd520671b9de87b006de3863ebbbb907b1b3625168cdef117f4a794
current_un,126adf153bd520671b9de87b006de3863ebbbb907b1b3625168cdef117f4a794:UN:633,206,NAME_AMBIGUOUS,"注記・括弧・姓名境界の確認が必要: Sidi Mohamed Arhali born 1 Jan. 1958 in Bouressa, Bourem Region, Mali",126adf153bd520671b9de87b006de3863ebbbb907b1b3625168cdef117f4a794
current_un,126adf153bd520671b9de87b006de3863ebbbb907b1b3625168cdef117f4a794:UN:635,207,RTL_ORDER_REVIEW,右から左の文字順を原本ページで確認: نيدلا راصنا,126adf153bd520671b9de87b006de3863ebbbb907b1b3625168cdef117f4a794
current_un,126adf153bd520671b9de87b006de3863ebbbb907b1b3625168cdef117f4a794:UN:638,208;209,RTL_ORDER_REVIEW,右から左の文字順を原本ページで確認: فشاكلا دمحأ میحرلادبع لامج دمحم,126adf153bd520671b9de87b006de3863ebbbb907b1b3625168cdef117f4a794
current_un,126adf153bd520671b9de87b006de3863ebbbb907b1b3625168cdef117f4a794:UN:638,208;209,NAME_AMBIGUOUS,注記・括弧・姓名境界の確認が必要: ムハンマド・ジャマル・アブ・アフマド(戦闘員名),126adf153bd520671b9de87b006de3863ebbbb907b1b3625168cdef117f4a794
current_un,126adf153bd520671b9de87b006de3863ebbbb907b1b3625168cdef117f4a794:UN:638,208;209,NAME_AMBIGUOUS,注記・括弧・姓名境界の確認が必要: アブ・アフマド(戦闘員名),126adf153bd520671b9de87b006de3863ebbbb907b1b3625168cdef117f4a794
current_un,126adf153bd520671b9de87b006de3863ebbbb907b1b3625168cdef117f4a794:UN:638,208;209,NAME_AMBIGUOUS,注記・括弧・姓名境界の確認が必要: アブ・ジャマル(戦闘員名),126adf153bd520671b9de87b006de3863ebbbb907b1b3625168cdef117f4a794
current_un,126adf153bd520671b9de87b006de3863ebbbb907b1b3625168cdef117f4a794:UN:638,208;209,NAME_AMBIGUOUS,注記・括弧・姓名境界の確認が必要: モハンマド・ジャマル・アブドゥ・アフメド(戦闘員名),126adf153bd520671b9de87b006de3863ebbbb907b1b3625168cdef117f4a794
current_un,126adf153bd520671b9de87b006de3863ebbbb907b1b3625168cdef117f4a794:UN:638,208;209,NAME_AMBIGUOUS,注記・括弧・姓名境界の確認が必要: ムハンマド・ジャマル・アブドゥ(戦闘員名),126adf153bd520671b9de87b006de3863ebbbb907b1b3625168cdef117f4a794
current_un,126adf153bd520671b9de87b006de3863ebbbb907b1b3625168cdef117f4a794:UN:638,208;209,NAME_AMBIGUOUS,注記・括弧・姓名境界の確認が必要: ムハンマド・ジャマル・アフマド・アブドゥ(戦闘員名),126adf153bd520671b9de87b006de3863ebbbb907b1b3625168cdef117f4a794
current_un,126adf153bd520671b9de87b006de3863ebbbb907b1b3625168cdef117f4a794:UN:638,208;209,NAME_AMBIGUOUS,注記・括弧・姓名境界の確認が必要: リヤド(戦闘員名),126adf153bd520671b9de87b006de3863ebbbb907b1b3625168cdef117f4a794
current_un,126adf153bd520671b9de87b006de3863ebbbb907b1b3625168cdef117f4a794:UN:638,208;209,NAME_AMBIGUOUS,注記・括弧・姓名境界の確認が必要: Muhammad Jamal Abu Ahmad (nom de guerre),126adf153bd520671b9de87b006de3863ebbbb907b1b3625168cdef117f4a794
current_un,126adf153bd520671b9de87b006de3863ebbbb907b1b3625168cdef117f4a794:UN:638,208;209,NAME_AMBIGUOUS,注記・括弧・姓名境界の確認が必要: Abu Ahmad (nom de guerre),126adf153bd520671b9de87b006de3863ebbbb907b1b3625168cdef117f4a794
current_un,126adf153bd520671b9de87b006de3863ebbbb907b1b3625168cdef117f4a794:UN:638,208;209,NAME_AMBIGUOUS,注記・括弧・姓名境界の確認が必要: Abu Jamal (nom de guerre),126adf153bd520671b9de87b006de3863ebbbb907b1b3625168cdef117f4a794
current_un,126adf153bd520671b9de87b006de3863ebbbb907b1b3625168cdef117f4a794:UN:638,208;209,NAME_AMBIGUOUS,注記・括弧・姓名境界の確認が必要: Mohammad Jamal Abdo Ahmed (nom de guerre),126adf153bd520671b9de87b006de3863ebbbb907b1b3625168cdef117f4a794
current_un,126adf153bd520671b9de87b006de3863ebbbb907b1b3625168cdef117f4a794:UN:638,208;209,NAME_AMBIGUOUS,注記・括弧・姓名境界の確認が必要: Muhammad Jamal Abduh (nom de guerre),126adf153bd520671b9de87b006de3863ebbbb907b1b3625168cdef117f4a794
current_un,126adf153bd520671b9de87b006de3863ebbbb907b1b3625168cdef117f4a794:UN:638,208;209,NAME_AMBIGUOUS,注記・括弧・姓名境界の確認が必要: Muhammad Jamal Ahmad Abdu (nom de guerre),126adf153bd520671b9de87b006de3863ebbbb907b1b3625168cdef117f4a794
current_un,126adf153bd520671b9de87b006de3863ebbbb907b1b3625168cdef117f4a794:UN:638,208;209,NAME_AMBIGUOUS,注記・括弧・姓名境界の確認が必要: Riyadh (nom de guerre),126adf153bd520671b9de87b006de3863ebbbb907b1b3625168cdef117f4a794
current_un,126adf153bd520671b9de87b006de3863ebbbb907b1b3625168cdef117f4a794:UN:639,209;210,RTL_ORDER_REVIEW,右から左の文字順を原本ページで確認: لامج دمحم ةكبش,126adf153bd520671b9de87b006de3863ebbbb907b1b3625168cdef117f4a794
current_un,126adf153bd520671b9de87b006de3863ebbbb907b1b3625168cdef117f4a794:UN:639,209;210,NAME_AMBIGUOUS,注記・括弧・姓名境界の確認が必要: エジプトのアル・カーイダ (AQE),126adf153bd520671b9de87b006de3863ebbbb907b1b3625168cdef117f4a794
current_un,126adf153bd520671b9de87b006de3863ebbbb907b1b3625168cdef117f4a794:UN:639,209;210,NAME_AMBIGUOUS,注記・括弧・姓名境界の確認が必要: Al-Qaida in Egypt(AQE),126adf153bd520671b9de87b006de3863ebbbb907b1b3625168cdef117f4a794
current_un,126adf153bd520671b9de87b006de3863ebbbb907b1b3625168cdef117f4a794:UN:640,210,RTL_ORDER_REVIEW,右から左の文字順を原本ページで確認: سوبحل دمحم,126adf153bd520671b9de87b006de3863ebbbb907b1b3625168cdef117f4a794
current_un,126adf153bd520671b9de87b006de3863ebbbb907b1b3625168cdef117f4a794:UN:641,211,RTL_ORDER_REVIEW,右から左の文字順を原本ページで確認: يلصملا دیمحلادبع,126adf153bd520671b9de87b006de3863ebbbb907b1b3625168cdef117f4a794
current_un,126adf153bd520671b9de87b006de3863ebbbb907b1b3625168cdef117f4a794:UN:646,213,RTL_ORDER_REVIEW,右から左の文字順を原本ページで確認: نوعقوملا مدلاب,126adf153bd520671b9de87b006de3863ebbbb907b1b3625168cdef117f4a794
current_un,126adf153bd520671b9de87b006de3863ebbbb907b1b3625168cdef117f4a794:UN:647,213,RTL_ORDER_REVIEW,右から左の文字順を原本ページで確認: نومثلملا,126adf153bd520671b9de87b006de3863ebbbb907b1b3625168cdef117f4a794
current_un,126adf153bd520671b9de87b006de3863ebbbb907b1b3625168cdef117f4a794:UN:648,213;214,RTL_ORDER_REVIEW,右から左の文字順を原本ページで確認: نوطبارملا,126adf153bd520671b9de87b006de3863ebbbb907b1b3625168cdef117f4a794
current_un,126adf153bd520671b9de87b006de3863ebbbb907b1b3625168cdef117f4a794:UN:649,214;215,RTL_ORDER_REVIEW,右から左の文字順を原本ページで確認: ىوكشلا دمحم ركب وبأ,126adf153bd520671b9de87b006de3863ebbbb907b1b3625168cdef117f4a794
current_un,126adf153bd520671b9de87b006de3863ebbbb907b1b3625168cdef117f4a794:UN:650,215,RTL_ORDER_REVIEW,右から左の文字順を原本ページで確認: نادوسلا د لاب يف نیملسملا راصنأ,126adf153bd520671b9de87b006de3863ebbbb907b1b3625168cdef117f4a794
current_un,126adf153bd520671b9de87b006de3863ebbbb907b1b3625168cdef117f4a794:UN:650,215,NAME_AMBIGUOUS,注記・括弧・姓名境界の確認が必要: ジャマトゥ・アンサリル・ムスリミーナ・フィー・ビラーディ・スーダン(JAMBS),126adf153bd520671b9de87b006de3863ebbbb907b1b3625168cdef117f4a794
current_un,126adf153bd520671b9de87b006de3863ebbbb907b1b3625168cdef117f4a794:UN:650,215,NAME_AMBIGUOUS,注記・括弧・姓名境界の確認が必要: ジャマトゥ・アンサル・ムスリミーナ・フィー・ビラーディ・スーダン(JAMBS),126adf153bd520671b9de87b006de3863ebbbb907b1b3625168cdef117f4a794
current_un,126adf153bd520671b9de87b006de3863ebbbb907b1b3625168cdef117f4a794:UN:650,215,NAME_AMBIGUOUS,注記・括弧・姓名境界の確認が必要: ジャマトゥ・アンサル・ムスリミーナ・フィー・ビラーディ・スーダン(JAMBS),126adf153bd520671b9de87b006de3863ebbbb907b1b3625168cdef117f4a794
current_un,126adf153bd520671b9de87b006de3863ebbbb907b1b3625168cdef117f4a794:UN:650,215,NAME_AMBIGUOUS,注記・括弧・姓名境界の確認が必要: Jama'atu Ansaril Muslimina fi Biladis Sudan (JAMBS),126adf153bd520671b9de87b006de3863ebbbb907b1b3625168cdef117f4a794
current_un,126adf153bd520671b9de87b006de3863ebbbb907b1b3625168cdef117f4a794:UN:650,215,NAME_AMBIGUOUS,注記・括弧・姓名境界の確認が必要: Jama’atu Ansarul Muslimina fi Biladis-Sudan (JAMBS),126adf153bd520671b9de87b006de3863ebbbb907b1b3625168cdef117f4a794
current_un,126adf153bd520671b9de87b006de3863ebbbb907b1b3625168cdef117f4a794:UN:650,215,NAME_AMBIGUOUS,注記・括弧・姓名境界の確認が必要: Jamma’atu Ansarul Muslimina fi Biladis-Sudan (JAMBS),126adf153bd520671b9de87b006de3863ebbbb907b1b3625168cdef117f4a794
current_un,126adf153bd520671b9de87b006de3863ebbbb907b1b3625168cdef117f4a794:UN:660,220;221,NAME_AMBIGUOUS,注記・括弧・姓名境界の確認が必要: カリ・ラフマット(以前のリスト記載ぶり),126adf153bd520671b9de87b006de3863ebbbb907b1b3625168cdef117f4a794
current_un,126adf153bd520671b9de87b006de3863ebbbb907b1b3625168cdef117f4a794:UN:660,220;221,NAME_AMBIGUOUS,注記・括弧・姓名境界の確認が必要: Qari Rahmat (previously listed as),126adf153bd520671b9de87b006de3863ebbbb907b1b3625168cdef117f4a794
current_un,126adf153bd520671b9de87b006de3863ebbbb907b1b3625168cdef117f4a794:UN:665,223;224,RTL_ORDER_REVIEW,右から左の文字順を原本ページで確認: ف یس الله نب ر مع ن ب دمحم نیسحنب,126adf153bd520671b9de87b006de3863ebbbb907b1b3625168cdef117f4a794
current_un,126adf153bd520671b9de87b006de3863ebbbb907b1b3625168cdef117f4a794:UN:670,226;227,RTL_ORDER_REVIEW,右から左の文字順を原本ページで確認: ：يمجعلا ناطلس دمحم ناطلس يفاش,126adf153bd520671b9de87b006de3863ebbbb907b1b3625168cdef117f4a794
current_un,126adf153bd520671b9de87b006de3863ebbbb907b1b3625168cdef117f4a794:UN:670,226;227,NAME_AMBIGUOUS,注記・括弧・姓名境界の確認が必要: シャイク・アブ・スルタン Shaykh Abu-Sultan,126adf153bd520671b9de87b006de3863ebbbb907b1b3625168cdef117f4a794
current_un,126adf153bd520671b9de87b006de3863ebbbb907b1b3625168cdef117f4a794:UN:677,230;231,RTL_ORDER_REVIEW,右から左の文字順を原本ページで確認: ةنرد – ةعیرشلا راصنأ,126adf153bd520671b9de87b006de3863ebbbb907b1b3625168cdef117f4a794
current_un,126adf153bd520671b9de87b006de3863ebbbb907b1b3625168cdef117f4a794:UN:677,230;231,NAME_AMBIGUOUS,注記・括弧・姓名境界の確認が必要: (Ansar al Charia),126adf153bd520671b9de87b006de3863ebbbb907b1b3625168cdef117f4a794
current_un,126adf153bd520671b9de87b006de3863ebbbb907b1b3625168cdef117f4a794:UN:678,231;232,RTL_ORDER_REVIEW,右から左の文字順を原本ページで確認: يزاغنب - ةعیرشلا راصنأ,126adf153bd520671b9de87b006de3863ebbbb907b1b3625168cdef117f4a794
current_un,126adf153bd520671b9de87b006de3863ebbbb907b1b3625168cdef117f4a794:UN:678,231;232,NAME_AMBIGUOUS,注記・括弧・姓名境界の確認が必要: リビアのアンサール・アル・シャリア(ASL)【アラビア語】,126adf153bd520671b9de87b006de3863ebbbb907b1b3625168cdef117f4a794
current_un,126adf153bd520671b9de87b006de3863ebbbb907b1b3625168cdef117f4a794:UN:678,231;232,NAME_AMBIGUOUS,注記・括弧・姓名境界の確認が必要: (Ansar al Charia),126adf153bd520671b9de87b006de3863ebbbb907b1b3625168cdef117f4a794
current_un,126adf153bd520671b9de87b006de3863ebbbb907b1b3625168cdef117f4a794:UN:678,231;232,NAME_AMBIGUOUS,注記・括弧・姓名境界の確認が必要: (Ansar al Charia in Libya (ASL)),126adf153bd520671b9de87b006de3863ebbbb907b1b3625168cdef117f4a794
current_un,126adf153bd520671b9de87b006de3863ebbbb907b1b3625168cdef117f4a794:UN:678,231;232,NAME_AMBIGUOUS,注記・括弧・姓名境界の確認が必要: (Katibat Ansar al Charia),126adf153bd520671b9de87b006de3863ebbbb907b1b3625168cdef117f4a794
current_un,126adf153bd520671b9de87b006de3863ebbbb907b1b3625168cdef117f4a794:UN:679,232,RTL_ORDER_REVIEW,右から左の文字順を原本ページで確認: ملاسلا دبع نامثع فسوي دمحم فرشا,126adf153bd520671b9de87b006de3863ebbbb907b1b3625168cdef117f4a794
current_un,126adf153bd520671b9de87b006de3863ebbbb907b1b3625168cdef117f4a794:UN:680,232;233,RTL_ORDER_REVIEW,右から左の文字順を原本ページで確認: رکبلا دمحم يجاح یسیع میهاربا,126adf153bd520671b9de87b006de3863ebbbb907b1b3625168cdef117f4a794
current_un,126adf153bd520671b9de87b006de3863ebbbb907b1b3625168cdef117f4a794:UN:684,234,NAME_AMBIGUOUS,"注記・括弧・姓名境界の確認が必要: アンガ・ディマス・ペルサダ、1985 年 3 月 4 日に Jakarta, Indonesia にて出生",126adf153bd520671b9de87b006de3863ebbbb907b1b3625168cdef117f4a794
current_un,126adf153bd520671b9de87b006de3863ebbbb907b1b3625168cdef117f4a794:UN:684,234,NAME_AMBIGUOUS,"注記・括弧・姓名境界の確認が必要: アンガ・ディマス・ペルサダ、1985 年 3 月 4 日に Jakarta, Indonesia にて出生",126adf153bd520671b9de87b006de3863ebbbb907b1b3625168cdef117f4a794
current_un,126adf153bd520671b9de87b006de3863ebbbb907b1b3625168cdef117f4a794:UN:684,234,NAME_AMBIGUOUS,"注記・括弧・姓名境界の確認が必要: アンガ・ディマス・プラソンダ、1985 年 3 月 4 日に Jakarta, Indonesia にて出生",126adf153bd520671b9de87b006de3863ebbbb907b1b3625168cdef117f4a794
current_un,126adf153bd520671b9de87b006de3863ebbbb907b1b3625168cdef117f4a794:UN:684,234,NAME_AMBIGUOUS,"注記・括弧・姓名境界の確認が必要: Angga Dimas Persada, born 4 Mar. 1985 in Jakarta, Indonesia",126adf153bd520671b9de87b006de3863ebbbb907b1b3625168cdef117f4a794
current_un,126adf153bd520671b9de87b006de3863ebbbb907b1b3625168cdef117f4a794:UN:684,234,NAME_AMBIGUOUS,"注記・括弧・姓名境界の確認が必要: Angga Dimas Persadha, born 4 Mar. 1985 in Jakarta, Indonesia",126adf153bd520671b9de87b006de3863ebbbb907b1b3625168cdef117f4a794
current_un,126adf153bd520671b9de87b006de3863ebbbb907b1b3625168cdef117f4a794:UN:684,234,NAME_AMBIGUOUS,"注記・括弧・姓名境界の確認が必要: Angga Dimas Prasondha, born 4 Mar. 1985 in Jakarta, Indonesia",126adf153bd520671b9de87b006de3863ebbbb907b1b3625168cdef117f4a794
current_un,126adf153bd520671b9de87b006de3863ebbbb907b1b3625168cdef117f4a794:UN:686,235,NAME_AMBIGUOUS,"注記・括弧・姓名境界の確認が必要: ウィジジョコ・サントソ、1975 年 7 月 14 日 Rembang, Jawa Tengah, Indonesia にて出生",126adf153bd520671b9de87b006de3863ebbbb907b1b3625168cdef117f4a794
current_un,126adf153bd520671b9de87b006de3863ebbbb907b1b3625168cdef117f4a794:UN:686,235,NAME_AMBIGUOUS,"注記・括弧・姓名境界の確認が必要: Wijijoko Santoso, born 14 Jul. 1975 in Rembang, Jawa Tengah, Indonesia",126adf153bd520671b9de87b006de3863ebbbb907b1b3625168cdef117f4a794
current_un,126adf153bd520671b9de87b006de3863ebbbb907b1b3625168cdef117f4a794:UN:690,236;237,NAME_AMBIGUOUS,注記・括弧・姓名境界の確認が必要: ハッジ・ザル・ジャミル、ハッジ・アブドゥル・バシール両替所,126adf153bd520671b9de87b006de3863ebbbb907b1b3625168cdef117f4a794
current_un,126adf153bd520671b9de87b006de3863ebbbb907b1b3625168cdef117f4a794:UN:690,236;237,NAME_AMBIGUOUS,"注記・括弧・姓名境界の確認が必要: Haji Zar Jamil, Haji Abdul Baseer Money Changer",126adf153bd520671b9de87b006de3863ebbbb907b1b3625168cdef117f4a794
current_un,126adf153bd520671b9de87b006de3863ebbbb907b1b3625168cdef117f4a794:UN:692,237;238,RTL_ORDER_REVIEW,右から左の文字順を原本ページで確認: يزرحلا ينوعلا حلافلا نب رهاطلا نب يلع,126adf153bd520671b9de87b006de3863ebbbb907b1b3625168cdef117f4a794
current_un,126adf153bd520671b9de87b006de3863ebbbb907b1b3625168cdef117f4a794:UN:693,238,RTL_ORDER_REVIEW,右から左の文字順を原本ページで確認: ي زرحلا ينوعلا حلافلا نب رهاطلا نب قراط,126adf153bd520671b9de87b006de3863ebbbb907b1b3625168cdef117f4a794
current_un,126adf153bd520671b9de87b006de3863ebbbb907b1b3625168cdef117f4a794:UN:694,238;239,RTL_ORDER_REVIEW,右から左の文字順を原本ページで確認: میظنت شیج ن يرجاهملا و راصنلأا,126adf153bd520671b9de87b006de3863ebbbb907b1b3625168cdef117f4a794
current_un,126adf153bd520671b9de87b006de3863ebbbb907b1b3625168cdef117f4a794:UN:694,238;239,NAME_AMBIGUOUS,注記・括弧・姓名境界の確認が必要: ジャイシュ・アル・ムハジリーン・ワル・アンサール(JAMWA),126adf153bd520671b9de87b006de3863ebbbb907b1b3625168cdef117f4a794
current_un,126adf153bd520671b9de87b006de3863ebbbb907b1b3625168cdef117f4a794:UN:694,238;239,NAME_AMBIGUOUS,注記・括弧・姓名境界の確認が必要: Jaysh al-Muhajirin wal-Ansar (JAMWA),126adf153bd520671b9de87b006de3863ebbbb907b1b3625168cdef117f4a794
current_un,126adf153bd520671b9de87b006de3863ebbbb907b1b3625168cdef117f4a794:UN:697,240,RTL_ORDER_REVIEW,右から左の文字順を原本ページで確認: يراوكلا دمحم حلاص للهدبع نب فیطللادبع,126adf153bd520671b9de87b006de3863ebbbb907b1b3625168cdef117f4a794
current_un,126adf153bd520671b9de87b006de3863ebbbb907b1b3625168cdef117f4a794:UN:699,240;241,RTL_ORDER_REVIEW,右から左の文字順を原本ページで確認: د عس ن ب دعس دمحم ن ايرش يبعكلا,126adf153bd520671b9de87b006de3863ebbbb907b1b3625168cdef117f4a794
current_un,126adf153bd520671b9de87b006de3863ebbbb907b1b3625168cdef117f4a794:UN:711,247,NAME_AMBIGUOUS,注記・括弧・姓名境界の確認が必要: ムジャヒディン・インドネシア・バラット(MIB),126adf153bd520671b9de87b006de3863ebbbb907b1b3625168cdef117f4a794
current_un,126adf153bd520671b9de87b006de3863ebbbb907b1b3625168cdef117f4a794:UN:711,247,NAME_AMBIGUOUS,注記・括弧・姓名境界の確認が必要: Mujahidin Indonesia Barat (MIB),126adf153bd520671b9de87b006de3863ebbbb907b1b3625168cdef117f4a794
current_un,126adf153bd520671b9de87b006de3863ebbbb907b1b3625168cdef117f4a794:UN:714,248;249,NAME_AMBIGUOUS,注記・括弧・姓名境界の確認が必要: アブ・バナット (【ロシア語】),126adf153bd520671b9de87b006de3863ebbbb907b1b3625168cdef117f4a794
current_un,126adf153bd520671b9de87b006de3863ebbbb907b1b3625168cdef117f4a794:UN:714,248;249,NAME_AMBIGUOUS,注記・括弧・姓名境界の確認が必要: アブ・アル・バナット(【ロシア語】),126adf153bd520671b9de87b006de3863ebbbb907b1b3625168cdef117f4a794
current_un,126adf153bd520671b9de87b006de3863ebbbb907b1b3625168cdef117f4a794:UN:714,248;249,NAME_AMBIGUOUS,注記・括弧・姓名境界の確認が必要: Abu Banat (original script: Абу Банат),126adf153bd520671b9de87b006de3863ebbbb907b1b3625168cdef117f4a794
current_un,126adf153bd520671b9de87b006de3863ebbbb907b1b3625168cdef117f4a794:UN:714,248;249,NAME_AMBIGUOUS,注記・括弧・姓名境界の確認が必要: Abu al Banat (original script: Абу аль Банат),126adf153bd520671b9de87b006de3863ebbbb907b1b3625168cdef117f4a794
current_un,126adf153bd520671b9de87b006de3863ebbbb907b1b3625168cdef117f4a794:UN:715,249;250,NAME_AMBIGUOUS,注記・括弧・姓名境界の確認が必要: アブ・ジハード(【ロシア語】),126adf153bd520671b9de87b006de3863ebbbb907b1b3625168cdef117f4a794
current_un,126adf153bd520671b9de87b006de3863ebbbb907b1b3625168cdef117f4a794:UN:715,249;250,NAME_AMBIGUOUS,注記・括弧・姓名境界の確認が必要: Abu Jihad (original script: Абу Джихад),126adf153bd520671b9de87b006de3863ebbbb907b1b3625168cdef117f4a794
current_un,126adf153bd520671b9de87b006de3863ebbbb907b1b3625168cdef117f4a794:UN:717,250;251,NAME_AMBIGUOUS,注記・括弧・姓名境界の確認が必要: Ramzan Oduev (original script: Рамзан Одуев),126adf153bd520671b9de87b006de3863ebbbb907b1b3625168cdef117f4a794
current_un,126adf153bd520671b9de87b006de3863ebbbb907b1b3625168cdef117f4a794:UN:717,250;251,NAME_AMBIGUOUS,注記・括弧・姓名境界の確認が必要: Tarkhan Isaevich Gaziev (original script: Тархан Исаевич Газиев),126adf153bd520671b9de87b006de3863ebbbb907b1b3625168cdef117f4a794
current_un,126adf153bd520671b9de87b006de3863ebbbb907b1b3625168cdef117f4a794:UN:717,250;251,NAME_AMBIGUOUS,注記・括弧・姓名境界の確認が必要: Husan Isaevich Gaziev (original script: Хусан Исаевич Газиев),126adf153bd520671b9de87b006de3863ebbbb907b1b3625168cdef117f4a794
current_un,126adf153bd520671b9de87b006de3863ebbbb907b1b3625168cdef117f4a794:UN:717,250;251,NAME_AMBIGUOUS,注記・括弧・姓名境界の確認が必要: Umar Sulimov (original script: Умар Сулимов),126adf153bd520671b9de87b006de3863ebbbb907b1b3625168cdef117f4a794
current_un,126adf153bd520671b9de87b006de3863ebbbb907b1b3625168cdef117f4a794:UN:717,250;251,NAME_AMBIGUOUS,注記・括弧・姓名境界の確認が必要: Wainakh (original script: Вайнах),126adf153bd520671b9de87b006de3863ebbbb907b1b3625168cdef117f4a794
current_un,126adf153bd520671b9de87b006de3863ebbbb907b1b3625168cdef117f4a794:UN:717,250;251,NAME_AMBIGUOUS,注記・括弧・姓名境界の確認が必要: Sever (original script: Север),126adf153bd520671b9de87b006de3863ebbbb907b1b3625168cdef117f4a794
current_un,126adf153bd520671b9de87b006de3863ebbbb907b1b3625168cdef117f4a794:UN:717,250;251,NAME_AMBIGUOUS,注記・括弧・姓名境界の確認が必要: Abu Bilal (original script: Абу-Билал),126adf153bd520671b9de87b006de3863ebbbb907b1b3625168cdef117f4a794
current_un,126adf153bd520671b9de87b006de3863ebbbb907b1b3625168cdef117f4a794:UN:717,250;251,NAME_AMBIGUOUS,注記・括弧・姓名境界の確認が必要: Abu Yasir (original script: Абу Ясир),126adf153bd520671b9de87b006de3863ebbbb907b1b3625168cdef117f4a794
current_un,126adf153bd520671b9de87b006de3863ebbbb907b1b3625168cdef117f4a794:UN:717,250;251,NAME_AMBIGUOUS,注記・括弧・姓名境界の確認が必要: Abu Asim (original script: Абу Ясим),126adf153bd520671b9de87b006de3863ebbbb907b1b3625168cdef117f4a794
current_un,126adf153bd520671b9de87b006de3863ebbbb907b1b3625168cdef117f4a794:UN:717,250;251,NAME_AMBIGUOUS,注記・括弧・姓名境界の確認が必要: Husan (original script: Хусан),126adf153bd520671b9de87b006de3863ebbbb907b1b3625168cdef117f4a794
current_un,126adf153bd520671b9de87b006de3863ebbbb907b1b3625168cdef117f4a794:UN:718,251;252,NAME_AMBIGUOUS,注記・括弧・姓名境界の確認が必要: ベッチ(【ロシア語】),126adf153bd520671b9de87b006de3863ebbbb907b1b3625168cdef117f4a794
current_un,126adf153bd520671b9de87b006de3863ebbbb907b1b3625168cdef117f4a794:UN:718,251;252,NAME_AMBIGUOUS,注記・括弧・姓名境界の確認が必要: ファキフ(【ロシア語】),126adf153bd520671b9de87b006de3863ebbbb907b1b3625168cdef117f4a794
current_un,126adf153bd520671b9de87b006de3863ebbbb907b1b3625168cdef117f4a794:UN:718,251;252,NAME_AMBIGUOUS,注記・括弧・姓名境界の確認が必要: ヴォストチヌィ(【ロシア語】),126adf153bd520671b9de87b006de3863ebbbb907b1b3625168cdef117f4a794
current_un,126adf153bd520671b9de87b006de3863ebbbb907b1b3625168cdef117f4a794:UN:718,251;252,NAME_AMBIGUOUS,注記・括弧・姓名境界の確認が必要: ムスリム(【ロシア語】),126adf153bd520671b9de87b006de3863ebbbb907b1b3625168cdef117f4a794
current_un,126adf153bd520671b9de87b006de3863ebbbb907b1b3625168cdef117f4a794:UN:718,251;252,NAME_AMBIGUOUS,注記・括弧・姓名境界の確認が必要: アズィーズ(【ロシア語】),126adf153bd520671b9de87b006de3863ebbbb907b1b3625168cdef117f4a794
current_un,126adf153bd520671b9de87b006de3863ebbbb907b1b3625168cdef117f4a794:UN:718,251;252,NAME_AMBIGUOUS,注記・括弧・姓名境界の確認が必要: アブドゥル・アズィーズ(【ロシア語】),126adf153bd520671b9de87b006de3863ebbbb907b1b3625168cdef117f4a794
current_un,126adf153bd520671b9de87b006de3863ebbbb907b1b3625168cdef117f4a794:UN:718,251;252,NAME_AMBIGUOUS,注記・括弧・姓名境界の確認が必要: Bach (original script: Бэч),126adf153bd520671b9de87b006de3863ebbbb907b1b3625168cdef117f4a794
current_un,126adf153bd520671b9de87b006de3863ebbbb907b1b3625168cdef117f4a794:UN:718,251;252,NAME_AMBIGUOUS,注記・括弧・姓名境界の確認が必要: Fackih (original script: Факих),126adf153bd520671b9de87b006de3863ebbbb907b1b3625168cdef117f4a794
current_un,126adf153bd520671b9de87b006de3863ebbbb907b1b3625168cdef117f4a794:UN:718,251;252,NAME_AMBIGUOUS,注記・括弧・姓名境界の確認が必要: Vostochniy (original script: Восточный),126adf153bd520671b9de87b006de3863ebbbb907b1b3625168cdef117f4a794
current_un,126adf153bd520671b9de87b006de3863ebbbb907b1b3625168cdef117f4a794:UN:718,251;252,NAME_AMBIGUOUS,注記・括弧・姓名境界の確認が必要: Muslim (original script: Муслим),126adf153bd520671b9de87b006de3863ebbbb907b1b3625168cdef117f4a794
current_un,126adf153bd520671b9de87b006de3863ebbbb907b1b3625168cdef117f4a794:UN:718,251;252,NAME_AMBIGUOUS,注記・括弧・姓名境界の確認が必要: Aziz (original script: Азиз),126adf153bd520671b9de87b006de3863ebbbb907b1b3625168cdef117f4a794
current_un,126adf153bd520671b9de87b006de3863ebbbb907b1b3625168cdef117f4a794:UN:718,251;252,NAME_AMBIGUOUS,注記・括弧・姓名境界の確認が必要: Abdul Aziz (original script: Абул Азиз),126adf153bd520671b9de87b006de3863ebbbb907b1b3625168cdef117f4a794
current_un,126adf153bd520671b9de87b006de3863ebbbb907b1b3625168cdef117f4a794:UN:719,252;253,NAME_AMBIGUOUS,注記・括弧・姓名境界の確認が必要: シャミール・マゴメドヴィッチ・アリエフ(【ロシア語】),126adf153bd520671b9de87b006de3863ebbbb907b1b3625168cdef117f4a794
current_un,126adf153bd520671b9de87b006de3863ebbbb907b1b3625168cdef117f4a794:UN:719,252;253,NAME_AMBIGUOUS,注記・括弧・姓名境界の確認が必要: アブ・ハニファ(【ロシア語】),126adf153bd520671b9de87b006de3863ebbbb907b1b3625168cdef117f4a794
current_un,126adf153bd520671b9de87b006de3863ebbbb907b1b3625168cdef117f4a794:UN:719,252;253,NAME_AMBIGUOUS,注記・括弧・姓名境界の確認が必要: Shamil Magomedovich Aliev (original script: Шамиль Магомедович Алиев),126adf153bd520671b9de87b006de3863ebbbb907b1b3625168cdef117f4a794
current_un,126adf153bd520671b9de87b006de3863ebbbb907b1b3625168cdef117f4a794:UN:719,252;253,NAME_AMBIGUOUS,注記・括弧・姓名境界の確認が必要: Abu Hanifa (original script: Абу Ханифа),126adf153bd520671b9de87b006de3863ebbbb907b1b3625168cdef117f4a794
current_un,126adf153bd520671b9de87b006de3863ebbbb907b1b3625168cdef117f4a794:UN:720,253,RTL_ORDER_REVIEW,右から左の文字順を原本ページで確認: ا غآ ک روت,126adf153bd520671b9de87b006de3863ebbbb907b1b3625168cdef117f4a794
current_un,126adf153bd520671b9de87b006de3863ebbbb907b1b3625168cdef117f4a794:UN:722,253;254,NAME_AMBIGUOUS,注記・括弧・姓名境界の確認が必要: エー・エー(イニシャル),126adf153bd520671b9de87b006de3863ebbbb907b1b3625168cdef117f4a794
current_un,126adf153bd520671b9de87b006de3863ebbbb907b1b3625168cdef117f4a794:UN:722,253;254,NAME_AMBIGUOUS,注記・括弧・姓名境界の確認が必要: AA (initials),126adf153bd520671b9de87b006de3863ebbbb907b1b3625168cdef117f4a794
current_un,126adf153bd520671b9de87b006de3863ebbbb907b1b3625168cdef117f4a794:UN:736,260,RTL_ORDER_REVIEW,右から左の文字順を原本ページで確認: ينارهزلا يلع نب دمحا لصیف,126adf153bd520671b9de87b006de3863ebbbb907b1b3625168cdef117f4a794
current_un,126adf153bd520671b9de87b006de3863ebbbb907b1b3625168cdef117f4a794:UN:740,261;262,NAME_AMBIGUOUS,注記・括弧・姓名境界の確認が必要: Amir Khazmat (original script: Амир Хазмат),126adf153bd520671b9de87b006de3863ebbbb907b1b3625168cdef117f4a794
current_un,126adf153bd520671b9de87b006de3863ebbbb907b1b3625168cdef117f4a794:UN:740,261;262,NAME_AMBIGUOUS,注記・括弧・姓名境界の確認が必要: Abubakar (original script: Абубакар),126adf153bd520671b9de87b006de3863ebbbb907b1b3625168cdef117f4a794
current_un,126adf153bd520671b9de87b006de3863ebbbb907b1b3625168cdef117f4a794:UN:741,262,NAME_AMBIGUOUS,注記・括弧・姓名境界の確認が必要: Salman Bulgarskiy (original script: Салман Булгарский),126adf153bd520671b9de87b006de3863ebbbb907b1b3625168cdef117f4a794
current_un,126adf153bd520671b9de87b006de3863ebbbb907b1b3625168cdef117f4a794:UN:742,263,NAME_AMBIGUOUS,注記・括弧・姓名境界の確認が必要: Abu Muhammad (original script: Абу Мухаммад),126adf153bd520671b9de87b006de3863ebbbb907b1b3625168cdef117f4a794
current_un,126adf153bd520671b9de87b006de3863ebbbb907b1b3625168cdef117f4a794:UN:742,263,NAME_AMBIGUOUS,注記・括弧・姓名境界の確認が必要: Abu Muhammad Al-Kadari (original script: Абу Мухаммад Аль- Кадари),126adf153bd520671b9de87b006de3863ebbbb907b1b3625168cdef117f4a794
current_un,126adf153bd520671b9de87b006de3863ebbbb907b1b3625168cdef117f4a794:UN:742,263,NAME_AMBIGUOUS,注記・括弧・姓名境界の確認が必要: Muhamadmuhtar(original script: Мухамадмухтар),126adf153bd520671b9de87b006de3863ebbbb907b1b3625168cdef117f4a794
current_un,126adf153bd520671b9de87b006de3863ebbbb907b1b3625168cdef117f4a794:UN:743,263;264,RTL_ORDER_REVIEW,右から左の文字順を原本ページで確認: يرصحلا دمحأ ماسب,126adf153bd520671b9de87b006de3863ebbbb907b1b3625168cdef117f4a794
current_un,126adf153bd520671b9de87b006de3863ebbbb907b1b3625168cdef117f4a794:UN:744,264,RTL_ORDER_REVIEW,右から左の文字順を原本ページで確認: لیلخ حلاص يمظن دايإ,126adf153bd520671b9de87b006de3863ebbbb907b1b3625168cdef117f4a794
current_un,126adf153bd520671b9de87b006de3863ebbbb907b1b3625168cdef117f4a794:UN:745,264;265,RTL_ORDER_REVIEW,右から左の文字順を原本ページで確認: يدیزلا اللهدبع ب لاغ,126adf153bd520671b9de87b006de3863ebbbb907b1b3625168cdef117f4a794
current_un,126adf153bd520671b9de87b006de3863ebbbb907b1b3625168cdef117f4a794:UN:748,266,RTL_ORDER_REVIEW,右から左の文字順を原本ページで確認: رارحا لا تامج,126adf153bd520671b9de87b006de3863ebbbb907b1b3625168cdef117f4a794
current_un,126adf153bd520671b9de87b006de3863ebbbb907b1b3625168cdef117f4a794:UN:748,266,NAME_AMBIGUOUS,注記・括弧・姓名境界の確認が必要: パキスタン・タリバーン運動ジャマートゥル・アハラール (,126adf153bd520671b9de87b006de3863ebbbb907b1b3625168cdef117f4a794
current_un,126adf153bd520671b9de87b006de3863ebbbb907b1b3625168cdef117f4a794:UN:755,270,RTL_ORDER_REVIEW,右から左の文字順を原本ページで確認: ةفارصلل ةفینح بتكم,126adf153bd520671b9de87b006de3863ebbbb907b1b3625168cdef117f4a794
current_un,126adf153bd520671b9de87b006de3863ebbbb907b1b3625168cdef117f4a794:UN:756,270;271,RTL_ORDER_REVIEW,右から左の文字順を原本ページで確認: ةفارصلل بهذلا ةلسلس,126adf153bd520671b9de87b006de3863ebbbb907b1b3625168cdef117f4a794
current_un,126adf153bd520671b9de87b006de3863ebbbb907b1b3625168cdef117f4a794:UN:760,272;273,RTL_ORDER_REVIEW,右から左の文字順を原本ページで確認: ر وصنم لا دمحم ىفطصم م لاس,126adf153bd520671b9de87b006de3863ebbbb907b1b3625168cdef117f4a794
current_un,126adf153bd520671b9de87b006de3863ebbbb907b1b3625168cdef117f4a794:UN:761,273;274,RTL_ORDER_REVIEW,右から左の文字順を原本ページで確認: يسیبكلا ضایفلا میحرإ دومحم رمع,126adf153bd520671b9de87b006de3863ebbbb907b1b3625168cdef117f4a794
current_un,126adf153bd520671b9de87b006de3863ebbbb907b1b3625168cdef117f4a794:UN:766,276;277,RTL_ORDER_REVIEW,右から左の文字順を原本ページで確認: يوارحصلا دیلو وبأ ناندع,126adf153bd520671b9de87b006de3863ebbbb907b1b3625168cdef117f4a794
current_un,126adf153bd520671b9de87b006de3863ebbbb907b1b3625168cdef117f4a794:UN:770,279,RTL_ORDER_REVIEW,右から左の文字順を原本ページで確認: م لاسلإا ةرصن ة عامج نیملسملاو,126adf153bd520671b9de87b006de3863ebbbb907b1b3625168cdef117f4a794
current_un,126adf153bd520671b9de87b006de3863ebbbb907b1b3625168cdef117f4a794:UN:772,280,RTL_ORDER_REVIEW,右から左の文字順を原本ページで確認: تيوخ لا ركب الله دبع میهاربإ هط,126adf153bd520671b9de87b006de3863ebbbb907b1b3625168cdef117f4a794
current_un,126adf153bd520671b9de87b006de3863ebbbb907b1b3625168cdef117f4a794:UN:772,280,NAME_AMBIGUOUS,注記・括弧・姓名境界の確認が必要: ハッジ・アブド・アル・ナシル(以前掲載の氏名),126adf153bd520671b9de87b006de3863ebbbb907b1b3625168cdef117f4a794
current_un,126adf153bd520671b9de87b006de3863ebbbb907b1b3625168cdef117f4a794:UN:772,280,NAME_AMBIGUOUS,注記・括弧・姓名境界の確認が必要: Hajji 'Abd Al-Nasir (formerly listed as),126adf153bd520671b9de87b006de3863ebbbb907b1b3625168cdef117f4a794
current_un,126adf153bd520671b9de87b006de3863ebbbb907b1b3625168cdef117f4a794:UN:773,280;281,RTL_ORDER_REVIEW,右から左の文字順を原本ページで確認: ن دلا نب دمحم ةماسأ ةزمح,126adf153bd520671b9de87b006de3863ebbbb907b1b3625168cdef117f4a794
current_un,126adf153bd520671b9de87b006de3863ebbbb907b1b3625168cdef117f4a794:UN:774,281,RTL_ORDER_REVIEW,右から左の文字順を原本ページで確認: پورگ ڑدیگ قراط,126adf153bd520671b9de87b006de3863ebbbb907b1b3625168cdef117f4a794
current_un,126adf153bd520671b9de87b006de3863ebbbb907b1b3625168cdef117f4a794:UN:774,281,NAME_AMBIGUOUS,注記・括弧・姓名境界の確認が必要: TTP・ターリク・ギダル・グループ,126adf153bd520671b9de87b006de3863ebbbb907b1b3625168cdef117f4a794
current_un,126adf153bd520671b9de87b006de3863ebbbb907b1b3625168cdef117f4a794:UN:774,281,NAME_AMBIGUOUS,注記・括弧・姓名境界の確認が必要: TTP・ギーダル・グループ,126adf153bd520671b9de87b006de3863ebbbb907b1b3625168cdef117f4a794
current_un,126adf153bd520671b9de87b006de3863ebbbb907b1b3625168cdef117f4a794:UN:775,282,RTL_ORDER_REVIEW,右から左の文字順を原本ページで確認: ی ولع رہظا دوعسم دمحم,126adf153bd520671b9de87b006de3863ebbbb907b1b3625168cdef117f4a794
current_un,126adf153bd520671b9de87b006de3863ebbbb907b1b3625168cdef117f4a794:UN:776,282;283,NAME_AMBIGUOUS,注記・括弧・姓名境界の確認が必要: ISIL ホラサン,126adf153bd520671b9de87b006de3863ebbbb907b1b3625168cdef117f4a794
current_un,126adf153bd520671b9de87b006de3863ebbbb907b1b3625168cdef117f4a794:UN:776,282;283,NAME_AMBIGUOUS,注記・括弧・姓名境界の確認が必要: ISIS ホラサン州,126adf153bd520671b9de87b006de3863ebbbb907b1b3625168cdef117f4a794
current_un,126adf153bd520671b9de87b006de3863ebbbb907b1b3625168cdef117f4a794:UN:776,282;283,NAME_AMBIGUOUS,注記・括弧・姓名境界の確認が必要: ISIL の南アジア支部,126adf153bd520671b9de87b006de3863ebbbb907b1b3625168cdef117f4a794
current_un,126adf153bd520671b9de87b006de3863ebbbb907b1b3625168cdef117f4a794:UN:776,282;283,NAME_AMBIGUOUS,注記・括弧・姓名境界の確認が必要: ISIL に属する南アジア支部,126adf153bd520671b9de87b006de3863ebbbb907b1b3625168cdef117f4a794
current_un,126adf153bd520671b9de87b006de3863ebbbb907b1b3625168cdef117f4a794:UN:776,282;283,NAME_AMBIGUOUS,注記・括弧・姓名境界の確認が必要: IS ホラサン,126adf153bd520671b9de87b006de3863ebbbb907b1b3625168cdef117f4a794
current_un,126adf153bd520671b9de87b006de3863ebbbb907b1b3625168cdef117f4a794:UN:776,282;283,NAME_AMBIGUOUS,注記・括弧・姓名境界の確認が必要: IS ホラサン州 (ISKP),126adf153bd520671b9de87b006de3863ebbbb907b1b3625168cdef117f4a794
current_un,126adf153bd520671b9de87b006de3863ebbbb907b1b3625168cdef117f4a794:UN:776,282;283,NAME_AMBIGUOUS,注記・括弧・姓名境界の確認が必要: ISLAMIC STATE KHORASAN PROVINCE (ISKP),126adf153bd520671b9de87b006de3863ebbbb907b1b3625168cdef117f4a794
current_un,126adf153bd520671b9de87b006de3863ebbbb907b1b3625168cdef117f4a794:UN:777,283,UNBALANCED_ALIAS_WRAPPER,別名欄の閉じ括弧と英字主名称の境界を原本確認,126adf153bd520671b9de87b006de3863ebbbb907b1b3625168cdef117f4a794
current_un,126adf153bd520671b9de87b006de3863ebbbb907b1b3625168cdef117f4a794:UN:777,283,RTL_ORDER_REVIEW,右から左の文字順を原本ページで確認: ي لع ام وشی,126adf153bd520671b9de87b006de3863ebbbb907b1b3625168cdef117f4a794
current_un,126adf153bd520671b9de87b006de3863ebbbb907b1b3625168cdef117f4a794:UN:780,284;285,UNBALANCED_ALIAS_WRAPPER,別名欄の閉じ括弧と英字主名称の境界を原本確認,126adf153bd520671b9de87b006de3863ebbbb907b1b3625168cdef117f4a794
current_un,126adf153bd520671b9de87b006de3863ebbbb907b1b3625168cdef117f4a794:UN:780,284;285,NAME_AMBIGUOUS,注記・括弧・姓名境界の確認が必要: イラクとレバント地方のイスラム国西アフリカ(ISIL-WA),126adf153bd520671b9de87b006de3863ebbbb907b1b3625168cdef117f4a794
current_un,126adf153bd520671b9de87b006de3863ebbbb907b1b3625168cdef117f4a794:UN:780,284;285,NAME_AMBIGUOUS,注記・括弧・姓名境界の確認が必要: イラクとシリアのイスラム国西アフリカ(ISIS-WA),126adf153bd520671b9de87b006de3863ebbbb907b1b3625168cdef117f4a794
current_un,126adf153bd520671b9de87b006de3863ebbbb907b1b3625168cdef117f4a794:UN:780,284;285,NAME_AMBIGUOUS,注記・括弧・姓名境界の確認が必要: イラクとシリアのイスラム国西アフリカ州(ISISWAP),126adf153bd520671b9de87b006de3863ebbbb907b1b3625168cdef117f4a794
current_un,126adf153bd520671b9de87b006de3863ebbbb907b1b3625168cdef117f4a794:UN:780,284;285,NAME_AMBIGUOUS,注記・括弧・姓名境界の確認が必要: Islamic State in Iraq and the Levant-West Africa (ISIL-WA),126adf153bd520671b9de87b006de3863ebbbb907b1b3625168cdef117f4a794
current_un,126adf153bd520671b9de87b006de3863ebbbb907b1b3625168cdef117f4a794:UN:780,284;285,NAME_AMBIGUOUS,注記・括弧・姓名境界の確認が必要: Islamic State of Iraq and Syria-West Africa (ISIS-WA),126adf153bd520671b9de87b006de3863ebbbb907b1b3625168cdef117f4a794
current_un,126adf153bd520671b9de87b006de3863ebbbb907b1b3625168cdef117f4a794:UN:780,284;285,NAME_AMBIGUOUS,注記・括弧・姓名境界の確認が必要: Islamic State of Iraq and Syria West Africa Province (ISISWAP),126adf153bd520671b9de87b006de3863ebbbb907b1b3625168cdef117f4a794
current_un,126adf153bd520671b9de87b006de3863ebbbb907b1b3625168cdef117f4a794:UN:781,285,UNBALANCED_ALIAS_WRAPPER,別名欄の閉じ括弧と英字主名称の境界を原本確認,126adf153bd520671b9de87b006de3863ebbbb907b1b3625168cdef117f4a794
current_un,126adf153bd520671b9de87b006de3863ebbbb907b1b3625168cdef117f4a794:UN:781,285,NAME_AMBIGUOUS,注記・括弧・姓名境界の確認が必要: 大サハラのイラクとシリアのイスラム国 (ISIS-GS),126adf153bd520671b9de87b006de3863ebbbb907b1b3625168cdef117f4a794
current_un,126adf153bd520671b9de87b006de3863ebbbb907b1b3625168cdef117f4a794:UN:781,285,NAME_AMBIGUOUS,注記・括弧・姓名境界の確認が必要: 大サハラのイラクとシリアのイスラム国(ISIS-GS),126adf153bd520671b9de87b006de3863ebbbb907b1b3625168cdef117f4a794
current_un,126adf153bd520671b9de87b006de3863ebbbb907b1b3625168cdef117f4a794:UN:781,285,NAME_AMBIGUOUS,注記・括弧・姓名境界の確認が必要: 大サハラのイラクとレバント地方のイスラム国(ISIL-GS),126adf153bd520671b9de87b006de3863ebbbb907b1b3625168cdef117f4a794
current_un,126adf153bd520671b9de87b006de3863ebbbb907b1b3625168cdef117f4a794:UN:781,285,NAME_AMBIGUOUS,注記・括弧・姓名境界の確認が必要: 大サヘルの ISIS,126adf153bd520671b9de87b006de3863ebbbb907b1b3625168cdef117f4a794
current_un,126adf153bd520671b9de87b006de3863ebbbb907b1b3625168cdef117f4a794:UN:781,285,NAME_AMBIGUOUS,注記・括弧・姓名境界の確認が必要: 大サハラの ISIS,126adf153bd520671b9de87b006de3863ebbbb907b1b3625168cdef117f4a794
current_un,126adf153bd520671b9de87b006de3863ebbbb907b1b3625168cdef117f4a794:UN:781,285,NAME_AMBIGUOUS,注記・括弧・姓名境界の確認が必要: イスラミック・サヘルの ISIS,126adf153bd520671b9de87b006de3863ebbbb907b1b3625168cdef117f4a794
current_un,126adf153bd520671b9de87b006de3863ebbbb907b1b3625168cdef117f4a794:UN:781,285,NAME_AMBIGUOUS,注記・括弧・姓名境界の確認が必要: Islamic State in Iraq and Syria-Greater Sahara (ISIS-GS),126adf153bd520671b9de87b006de3863ebbbb907b1b3625168cdef117f4a794
current_un,126adf153bd520671b9de87b006de3863ebbbb907b1b3625168cdef117f4a794:UN:781,285,NAME_AMBIGUOUS,注記・括弧・姓名境界の確認が必要: Islamic State of Iraq and Syria-Greater Sahara (ISIS-GS),126adf153bd520671b9de87b006de3863ebbbb907b1b3625168cdef117f4a794
current_un,126adf153bd520671b9de87b006de3863ebbbb907b1b3625168cdef117f4a794:UN:781,285,NAME_AMBIGUOUS,注記・括弧・姓名境界の確認が必要: Islamic State of Iraq and the Levant-Greater Sahara (ISIL-GS),126adf153bd520671b9de87b006de3863ebbbb907b1b3625168cdef117f4a794
current_un,126adf153bd520671b9de87b006de3863ebbbb907b1b3625168cdef117f4a794:UN:782,285;286,UNBALANCED_ALIAS_WRAPPER,別名欄の閉じ括弧と英字主名称の境界を原本確認,126adf153bd520671b9de87b006de3863ebbbb907b1b3625168cdef117f4a794
current_un,126adf153bd520671b9de87b006de3863ebbbb907b1b3625168cdef117f4a794:UN:783,286,UNBALANCED_ALIAS_WRAPPER,別名欄の閉じ括弧と英字主名称の境界を原本確認,126adf153bd520671b9de87b006de3863ebbbb907b1b3625168cdef117f4a794
current_un,126adf153bd520671b9de87b006de3863ebbbb907b1b3625168cdef117f4a794:UN:783,286,RTL_ORDER_REVIEW,右から左の文字順を原本ページで確認: ة لودلا ةیملاسلإا ي ف قارعلا م اشلاو - ایبیل,126adf153bd520671b9de87b006de3863ebbbb907b1b3625168cdef117f4a794
current_un,126adf153bd520671b9de87b006de3863ebbbb907b1b3625168cdef117f4a794:UN:784,286,UNBALANCED_ALIAS_WRAPPER,別名欄の閉じ括弧と英字主名称の境界を原本確認,126adf153bd520671b9de87b006de3863ebbbb907b1b3625168cdef117f4a794
current_un,126adf153bd520671b9de87b006de3863ebbbb907b1b3625168cdef117f4a794:UN:784,286,RTL_ORDER_REVIEW,右から左の文字順を原本ページで確認: ة لودلا ةیملاسلإا ي ف قارعلا م اشلاو - نمیلا,126adf153bd520671b9de87b006de3863ebbbb907b1b3625168cdef117f4a794
current_un,126adf153bd520671b9de87b006de3863ebbbb907b1b3625168cdef117f4a794:UN:784,286,NAME_AMBIGUOUS,注記・括弧・姓名境界の確認が必要: イエメンの ISIL,126adf153bd520671b9de87b006de3863ebbbb907b1b3625168cdef117f4a794
current_un,126adf153bd520671b9de87b006de3863ebbbb907b1b3625168cdef117f4a794:UN:784,286,NAME_AMBIGUOUS,注記・括弧・姓名境界の確認が必要: イエメンの ISIS,126adf153bd520671b9de87b006de3863ebbbb907b1b3625168cdef117f4a794
current_un,126adf153bd520671b9de87b006de3863ebbbb907b1b3625168cdef117f4a794:UN:784,286,NAME_AMBIGUOUS,注記・括弧・姓名境界の確認が必要: アル・イエメン州、イエメン州,126adf153bd520671b9de87b006de3863ebbbb907b1b3625168cdef117f4a794
current_un,126adf153bd520671b9de87b006de3863ebbbb907b1b3625168cdef117f4a794:UN:784,286,NAME_AMBIGUOUS,"注記・括弧・姓名境界の確認が必要: Wilayat al-Yemen, Province of Yemen",126adf153bd520671b9de87b006de3863ebbbb907b1b3625168cdef117f4a794
current_un,126adf153bd520671b9de87b006de3863ebbbb907b1b3625168cdef117f4a794:UN:785,287,RTL_ORDER_REVIEW,右から左の文字順を原本ページで確認: يبلسلا نمحرلا دبع دیعس دمحم ریمأ,126adf153bd520671b9de87b006de3863ebbbb907b1b3625168cdef117f4a794
current_un,126adf153bd520671b9de87b006de3863ebbbb907b1b3625168cdef117f4a794:UN:785,287,NAME_AMBIGUOUS,注記・括弧・姓名境界の確認が必要: アミール・ムハンマド・サイード・アブダル・ラフマン・アル・マウラ(以前掲載の氏名),126adf153bd520671b9de87b006de3863ebbbb907b1b3625168cdef117f4a794
current_un,126adf153bd520671b9de87b006de3863ebbbb907b1b3625168cdef117f4a794:UN:785,287,NAME_AMBIGUOUS,注記・括弧・姓名境界の確認が必要: Amir Muhammad Sa’id Abdal-Rahman al-Mawla(previously listed as),126adf153bd520671b9de87b006de3863ebbbb907b1b3625168cdef117f4a794
current_un,126adf153bd520671b9de87b006de3863ebbbb907b1b3625168cdef117f4a794:UN:787,288;289,RTL_ORDER_REVIEW,右から左の文字順を原本ページで確認: لامج نیسح نسح هینيز,126adf153bd520671b9de87b006de3863ebbbb907b1b3625168cdef117f4a794
current_un,126adf153bd520671b9de87b006de3863ebbbb907b1b3625168cdef117f4a794:UN:788,289,RTL_ORDER_REVIEW,右から左の文字順を原本ページで確認: دمحم ي لع وبحلا,126adf153bd520671b9de87b006de3863ebbbb907b1b3625168cdef117f4a794
current_un,126adf153bd520671b9de87b006de3863ebbbb907b1b3625168cdef117f4a794:UN:789,289;290,NAME_AMBIGUOUS,注記・括弧・姓名境界の確認が必要: アブ・ジハード ・TNT,126adf153bd520671b9de87b006de3863ebbbb907b1b3625168cdef117f4a794
current_un,126adf153bd520671b9de87b006de3863ebbbb907b1b3625168cdef117f4a794:UN:790,290;291,RTL_ORDER_REVIEW,右から左の文字順を原本ページで確認: یرافغ الله ء انث,126adf153bd520671b9de87b006de3863ebbbb907b1b3625168cdef117f4a794
current_un,126adf153bd520671b9de87b006de3863ebbbb907b1b3625168cdef117f4a794:UN:791,291,RTL_ORDER_REVIEW,右から左の文字順を原本ページで確認: ينازیقلا فرشأ,126adf153bd520671b9de87b006de3863ebbbb907b1b3625168cdef117f4a794
current_un,126adf153bd520671b9de87b006de3863ebbbb907b1b3625168cdef117f4a794:UN:792,291;292,RTL_ORDER_REVIEW,右から左の文字順を原本ページで確認: سنوت يف ةفلاخلا دنج,126adf153bd520671b9de87b006de3863ebbbb907b1b3625168cdef117f4a794
current_un,126adf153bd520671b9de87b006de3863ebbbb907b1b3625168cdef117f4a794:UN:792,291;292,NAME_AMBIGUOUS,注記・括弧・姓名境界の確認が必要: チュニジアの ISIL,126adf153bd520671b9de87b006de3863ebbbb907b1b3625168cdef117f4a794
current_un,126adf153bd520671b9de87b006de3863ebbbb907b1b3625168cdef117f4a794:UN:792,291;292,NAME_AMBIGUOUS,注記・括弧・姓名境界の確認が必要: チュニジア州の ISIL,126adf153bd520671b9de87b006de3863ebbbb907b1b3625168cdef117f4a794
current_un,126adf153bd520671b9de87b006de3863ebbbb907b1b3625168cdef117f4a794:UN:799,295,RTL_ORDER_REVIEW,右から左の文字順を原本ページで確認: يروبجلا ةطاعج دمحم مساج يماس,126adf153bd520671b9de87b006de3863ebbbb907b1b3625168cdef117f4a794
current_un,126adf153bd520671b9de87b006de3863ebbbb907b1b3625168cdef117f4a794:UN:799,295,NAME_AMBIGUOUS,"注記・括弧・姓名境界の確認が必要: ムスタファ・アドナーン ・アル・アジーズ 【アラビア語】 (身分登録番号 9080002892、シリア・アラブ共和国が発行、母親の名前は Dahiyah al-Mulhim、生年月日:1973 年 1 月 1 日、出生地:Albu Kamal, Syria)",126adf153bd520671b9de87b006de3863ebbbb907b1b3625168cdef117f4a794
current_un,126adf153bd520671b9de87b006de3863ebbbb907b1b3625168cdef117f4a794:UN:799,295,NAME_AMBIGUOUS,注記・括弧・姓名境界の確認が必要: ムスタファ・アドナーン・アル・アジーズ(トルコ在住登録番号 4118、2019 年 1 月 15 日発行),126adf153bd520671b9de87b006de3863ebbbb907b1b3625168cdef117f4a794
current_un,126adf153bd520671b9de87b006de3863ebbbb907b1b3625168cdef117f4a794:UN:799,295,NAME_AMBIGUOUS,"注記・括弧・姓名境界の確認が必要: Mustafa Adnan al-Aziz زیزعلا ناندع ىفطصم (National Identification card no. 9080002892, issued by the Syrian Arab Republic, mother’s name Dahiyah al-Mulhim, DOB: 1 Jan. 1973, POB: Albu Kamal, Syria)",126adf153bd520671b9de87b006de3863ebbbb907b1b3625168cdef117f4a794
current_un,126adf153bd520671b9de87b006de3863ebbbb907b1b3625168cdef117f4a794:UN:799,295,NAME_AMBIGUOUS,注記・括弧・姓名境界の確認が必要: Mustafa Adnan al-Azeez (Turkish Residency Card no. 4118 issued on 15 Jan. 2019),126adf153bd520671b9de87b006de3863ebbbb907b1b3625168cdef117f4a794
current_un,126adf153bd520671b9de87b006de3863ebbbb907b1b3625168cdef117f4a794:UN:800,295;296,RTL_ORDER_REVIEW,右から左の文字順を原本ページで確認: ينوتاخلا ناكورب میهاربإ ملاس دیمحلا د بع,126adf153bd520671b9de87b006de3863ebbbb907b1b3625168cdef117f4a794
current_un,126adf153bd520671b9de87b006de3863ebbbb907b1b3625168cdef117f4a794:UN:801,296,RTL_ORDER_REVIEW,右から左の文字順を原本ページで確認: لااجابان ةدیمح,126adf153bd520671b9de87b006de3863ebbbb907b1b3625168cdef117f4a794
current_1373,6df97c2058ad83f1bc7d79c4be28955bdf76e57b068e93fcf080824e6e3b1f68:I:1,1;2,NAME_AMBIGUOUS,注記・括弧・姓名境界の確認が必要: ウレマ援助組織(パキスタン),6df97c2058ad83f1bc7d79c4be28955bdf76e57b068e93fcf080824e6e3b1f68
current_1373,6df97c2058ad83f1bc7d79c4be28955bdf76e57b068e93fcf080824e6e3b1f68:I:1,1;2,NAME_AMBIGUOUS,"注記・括弧・姓名境界の確認が必要: Aid Organization of the Ulema, Pakistan",6df97c2058ad83f1bc7d79c4be28955bdf76e57b068e93fcf080824e6e3b1f68
current_1373,6df97c2058ad83f1bc7d79c4be28955bdf76e57b068e93fcf080824e6e3b1f68:I:3,2;3,RTL_ORDER_REVIEW,右から左の文字順を原本ページで確認: ﺪﻴﺴﻟﺍ ﺪﻤﺤﻣ ﺩﻮﻤﺤﻣ ﺭﺩﺎﻘﻟﺍ ﺪﺒﻋ,6df97c2058ad83f1bc7d79c4be28955bdf76e57b068e93fcf080824e6e3b1f68
current_1373,6df97c2058ad83f1bc7d79c4be28955bdf76e57b068e93fcf080824e6e3b1f68:I:3,2;3,NAME_AMBIGUOUS,注記・括弧・姓名境界の確認が必要: エッサイード、カーデル,6df97c2058ad83f1bc7d79c4be28955bdf76e57b068e93fcf080824e6e3b1f68
current_1373,6df97c2058ad83f1bc7d79c4be28955bdf76e57b068e93fcf080824e6e3b1f68:I:3,2;3,NAME_AMBIGUOUS,"注記・括弧・姓名境界の確認が必要: Es Sayed, Kader",6df97c2058ad83f1bc7d79c4be28955bdf76e57b068e93fcf080824e6e3b1f68
current_1373,6df97c2058ad83f1bc7d79c4be28955bdf76e57b068e93fcf080824e6e3b1f68:I:4,3,RTL_ORDER_REVIEW,右から左の文字順を原本ページで確認: ﺯﺍﻮﻔﻟﺍ ﺪﻤﺣ ﻦﻤﺣﺮﻟﺍ ﺪﺒﻋ ﺪﻟﺎﺧ,6df97c2058ad83f1bc7d79c4be28955bdf76e57b068e93fcf080824e6e3b1f68
current_1373,6df97c2058ad83f1bc7d79c4be28955bdf76e57b068e93fcf080824e6e3b1f68:I:5,3;4,RTL_ORDER_REVIEW,右から左の文字順を原本ページで確認: ﻢﻴﻫﺍﺮﺑﺍ ﻰﻔﻄﺼﻣ ﻝﺎﻤﻛ ﻰﻔﻄﺼﻣ,6df97c2058ad83f1bc7d79c4be28955bdf76e57b068e93fcf080824e6e3b1f68
current_1373,6df97c2058ad83f1bc7d79c4be28955bdf76e57b068e93fcf080824e6e3b1f68:I:6,4;5,RTL_ORDER_REVIEW,右から左の文字順を原本ページで確認: ﻞﺤﻜﻟ ﺪﻤﺤﻣ,6df97c2058ad83f1bc7d79c4be28955bdf76e57b068e93fcf080824e6e3b1f68
current_1373,6df97c2058ad83f1bc7d79c4be28955bdf76e57b068e93fcf080824e6e3b1f68:I:6,4;5,NAME_AMBIGUOUS,注記・括弧・姓名境界の確認が必要: ラセド・ベン・ヘニ(1969年2月5日リビア国トリポリにて出生),6df97c2058ad83f1bc7d79c4be28955bdf76e57b068e93fcf080824e6e3b1f68
current_1373,6df97c2058ad83f1bc7d79c4be28955bdf76e57b068e93fcf080824e6e3b1f68:I:6,4;5,NAME_AMBIGUOUS,注記・括弧・姓名境界の確認が必要: アル・アサド・ベン・ハニ(1969年2月5日リビア国トリポリにて出生),6df97c2058ad83f1bc7d79c4be28955bdf76e57b068e93fcf080824e6e3b1f68
current_1373,6df97c2058ad83f1bc7d79c4be28955bdf76e57b068e93fcf080824e6e3b1f68:I:6,4;5,NAME_AMBIGUOUS,注記・括弧・姓名境界の確認が必要: モハメド・アワーニー(1970年2月5日チュニジア国チュニスにて出生)(以前掲載の氏名),6df97c2058ad83f1bc7d79c4be28955bdf76e57b068e93fcf080824e6e3b1f68
current_1373,6df97c2058ad83f1bc7d79c4be28955bdf76e57b068e93fcf080824e6e3b1f68:I:6,4;5,NAME_AMBIGUOUS,"注記・括弧・姓名境界の確認が必要: Lased Ben Heni, born 5 Feb. 1969 in Tripoli, Libyan Arab Jamahiriya",6df97c2058ad83f1bc7d79c4be28955bdf76e57b068e93fcf080824e6e3b1f68
current_1373,6df97c2058ad83f1bc7d79c4be28955bdf76e57b068e93fcf080824e6e3b1f68:I:6,4;5,NAME_AMBIGUOUS,"注記・括弧・姓名境界の確認が必要: Al- As’ad Ben Hani, born 5 Feb. 1969 in Tripoli, Libyan Arab Jamahiriya",6df97c2058ad83f1bc7d79c4be28955bdf76e57b068e93fcf080824e6e3b1f68
current_1373,6df97c2058ad83f1bc7d79c4be28955bdf76e57b068e93fcf080824e6e3b1f68:I:6,4;5,NAME_AMBIGUOUS,"注記・括弧・姓名境界の確認が必要: Mohamed Aouani, born 5 Feb. 1970 in Tunis, Tunisia(formerly listed as)",6df97c2058ad83f1bc7d79c4be28955bdf76e57b068e93fcf080824e6e3b1f68
current_1373,6df97c2058ad83f1bc7d79c4be28955bdf76e57b068e93fcf080824e6e3b1f68:I:7,5;6,RTL_ORDER_REVIEW,右から左の文字順を原本ページで確認: ﻱﺩﺍﻮﻌﻟﺍ ﷲ ﺪﺒﻋ ﻦﺑ ﻢﺳﺎﻘﻠﺑ ﻦﺑ ﺪﻤﺤﻣ,6df97c2058ad83f1bc7d79c4be28955bdf76e57b068e93fcf080824e6e3b1f68
current_1373,6df97c2058ad83f1bc7d79c4be28955bdf76e57b068e93fcf080824e6e3b1f68:I:10,6,RTL_ORDER_REVIEW,右から左の文字順を原本ページで確認: ﺪﻴﺼﻟﺍ ﺢﻟﺎﺻ ﻦﺑ ﺲﻴﻤﺧ ﻦﺑ ﻲﻣﺎﺳ,6df97c2058ad83f1bc7d79c4be28955bdf76e57b068e93fcf080824e6e3b1f68
current_1373,6df97c2058ad83f1bc7d79c4be28955bdf76e57b068e93fcf080824e6e3b1f68:I:11,7,RTL_ORDER_REVIEW,右から左の文字順を原本ページで確認: ﻱﺪﻤﺣ ﻒﺳﻮﻳ ﻦﺑ ﺮﻫﺯﻷﺍ ﻦﺑ ﻝﺩﺎﻋ,6df97c2058ad83f1bc7d79c4be28955bdf76e57b068e93fcf080824e6e3b1f68
current_1373,6df97c2058ad83f1bc7d79c4be28955bdf76e57b068e93fcf080824e6e3b1f68:I:11,7,NAME_AMBIGUOUS,注記・括弧・姓名境界の確認が必要: アーディル・ベン・アル・アズハル・ベン・ユーセフ・ベン・ソルタン(1970年7月14日チュニジア国チュニスにて出生)(以前掲載の氏名),6df97c2058ad83f1bc7d79c4be28955bdf76e57b068e93fcf080824e6e3b1f68
current_1373,6df97c2058ad83f1bc7d79c4be28955bdf76e57b068e93fcf080824e6e3b1f68:I:11,7,NAME_AMBIGUOUS,"注記・括弧・姓名境界の確認が必要: Adel ben al-Azhar ben Youssef ben Soltane, born 14 Jul. 1970 in Tunis, Tunisia (formerly listed as)",6df97c2058ad83f1bc7d79c4be28955bdf76e57b068e93fcf080824e6e3b1f68
current_1373,6df97c2058ad83f1bc7d79c4be28955bdf76e57b068e93fcf080824e6e3b1f68:I:15,7;8,RTL_ORDER_REVIEW,右から左の文字順を原本ページで確認: ﻥﻮﻤﻛ ﺪﻤﺤﻣ ﻦﺑ ﺪﻤﺤﻣ ﻦﺑ ﻱﺪﻬﻤﻟﺍ,6df97c2058ad83f1bc7d79c4be28955bdf76e57b068e93fcf080824e6e3b1f68
current_1373,6df97c2058ad83f1bc7d79c4be28955bdf76e57b068e93fcf080824e6e3b1f68:I:17,8;9,RTL_ORDER_REVIEW,右から左の文字順を原本ページで確認: ﻲﻓﻭﺮﻌﻤﻟﺍ ﻲﻣﻮﺘﻟﺍ ﻦﺑ ﺐﻴﺒﺤﻟﺍ ﻦﺑ ﻕﺭﺎﻁ,6df97c2058ad83f1bc7d79c4be28955bdf76e57b068e93fcf080824e6e3b1f68
current_1373,6df97c2058ad83f1bc7d79c4be28955bdf76e57b068e93fcf080824e6e3b1f68:I:18,9,RTL_ORDER_REVIEW,右から左の文字順を原本ページで確認: ﺎﻧﺩﺎﻣﺭ ﺡﺎﺘﻔﻟﺍﺪﺒﻋ ﻆﻓﺎﺣ ﻢﻴﻠﺤﻟﺍﺪﺒﻋ,6df97c2058ad83f1bc7d79c4be28955bdf76e57b068e93fcf080824e6e3b1f68
current_1373,6df97c2058ad83f1bc7d79c4be28955bdf76e57b068e93fcf080824e6e3b1f68:I:19,9;10,RTL_ORDER_REVIEW,右から左の文字順を原本ページで確認: ﺵﻮﻠﻋ ﺪﻤﺤﻣ ﻲ ﻠﻋ ﻡﺎﺼﻋ,6df97c2058ad83f1bc7d79c4be28955bdf76e57b068e93fcf080824e6e3b1f68
current_1373,6df97c2058ad83f1bc7d79c4be28955bdf76e57b068e93fcf080824e6e3b1f68:I:19,9;10,NAME_AMBIGUOUS,注記・括弧・姓名境界の確認が必要: マンスール・ザエール、1974年3月21日イラク国バグダッドにて出生,6df97c2058ad83f1bc7d79c4be28955bdf76e57b068e93fcf080824e6e3b1f68
current_1373,6df97c2058ad83f1bc7d79c4be28955bdf76e57b068e93fcf080824e6e3b1f68:I:19,9;10,NAME_AMBIGUOUS,"注記・括弧・姓名境界の確認が必要: Mansour Thaer, born 21 March 1974 in Baghdad, Iraq",6df97c2058ad83f1bc7d79c4be28955bdf76e57b068e93fcf080824e6e3b1f68
current_1373,6df97c2058ad83f1bc7d79c4be28955bdf76e57b068e93fcf080824e6e3b1f68:II:2,12,NAME_AMBIGUOUS,注記・括弧・姓名境界の確認が必要: アフメド・ガルバヤ、サイード、サミール・サルワン,6df97c2058ad83f1bc7d79c4be28955bdf76e57b068e93fcf080824e6e3b1f68
current_1373,6df97c2058ad83f1bc7d79c4be28955bdf76e57b068e93fcf080824e6e3b1f68:II:3,12,NAME_AMBIGUOUS,注記・括弧・姓名境界の確認が必要: アマール・マンスール・ボウスリム、ハッサン・ロストム・サリム,6df97c2058ad83f1bc7d79c4be28955bdf76e57b068e93fcf080824e6e3b1f68
current_1373,6df97c2058ad83f1bc7d79c4be28955bdf76e57b068e93fcf080824e6e3b1f68:II:3,12,NAME_AMBIGUOUS,"注記・括弧・姓名境界の確認が必要: Ammar Mansour Bouslim, Hassan Rostom Salim",6df97c2058ad83f1bc7d79c4be28955bdf76e57b068e93fcf080824e6e3b1f68
current_1373,6df97c2058ad83f1bc7d79c4be28955bdf76e57b068e93fcf080824e6e3b1f68:II:4,12,NAME_AMBIGUOUS,注記・括弧・姓名境界の確認が必要: サレム・アリ、ファハド・ビン・アドゥバラフ・ビン・ハーリド、アシュラフ・レファアト・ナビス・ヘニン、ハーリド・アドブル・ワドゥード,6df97c2058ad83f1bc7d79c4be28955bdf76e57b068e93fcf080824e6e3b1f68
current_1373,6df97c2058ad83f1bc7d79c4be28955bdf76e57b068e93fcf080824e6e3b1f68:II:4,12,NAME_AMBIGUOUS,"注記・括弧・姓名境界の確認が必要: Salem Ali, Fahd Bin Adballah Bin Khalid, Ashraf Refaat Nabith Henin, Khalid Adbul Wadood",6df97c2058ad83f1bc7d79c4be28955bdf76e57b068e93fcf080824e6e3b1f68
current_1373,6df97c2058ad83f1bc7d79c4be28955bdf76e57b068e93fcf080824e6e3b1f68:II:5,12,NAME_AMBIGUOUS,注記・括弧・姓名境界の確認が必要: アブ・オムラン、アハメド・イブラヒム・アル・ムガシル,6df97c2058ad83f1bc7d79c4be28955bdf76e57b068e93fcf080824e6e3b1f68
current_1373,6df97c2058ad83f1bc7d79c4be28955bdf76e57b068e93fcf080824e6e3b1f68:II:5,12,NAME_AMBIGUOUS,"注記・括弧・姓名境界の確認が必要: Abu Omran, Ahmed Ibrahim al-Mughassil",6df97c2058ad83f1bc7d79c4be28955bdf76e57b068e93fcf080824e6e3b1f68
current_1373,6df97c2058ad83f1bc7d79c4be28955bdf76e57b068e93fcf080824e6e3b1f68:II:6,12;13,NAME_AMBIGUOUS,注記・括弧・姓名境界の確認が必要: アリ・サイド・ビン・アリ・アル・ホウリ、アリ・サイド・ビン・アリ・エル・ホウリ,6df97c2058ad83f1bc7d79c4be28955bdf76e57b068e93fcf080824e6e3b1f68
current_1373,6df97c2058ad83f1bc7d79c4be28955bdf76e57b068e93fcf080824e6e3b1f68:II:6,12;13,NAME_AMBIGUOUS,"注記・括弧・姓名境界の確認が必要: Ali Saed Bin Ali al-Houri, Ali Saed Bin Ali el-Houri",6df97c2058ad83f1bc7d79c4be28955bdf76e57b068e93fcf080824e6e3b1f68
current_1373,6df97c2058ad83f1bc7d79c4be28955bdf76e57b068e93fcf080824e6e3b1f68:II:8,13,PARTY_TYPE_UNKNOWN,人物・団体の明示的根拠が不足または矛盾,6df97c2058ad83f1bc7d79c4be28955bdf76e57b068e93fcf080824e6e3b1f68
current_1373,6df97c2058ad83f1bc7d79c4be28955bdf76e57b068e93fcf080824e6e3b1f68:II:11,13,PARTY_TYPE_UNKNOWN,人物・団体の明示的根拠が不足または矛盾,6df97c2058ad83f1bc7d79c4be28955bdf76e57b068e93fcf080824e6e3b1f68
current_1373,6df97c2058ad83f1bc7d79c4be28955bdf76e57b068e93fcf080824e6e3b1f68:II:12,13;14,NAME_AMBIGUOUS,注記・括弧・姓名境界の確認が必要: ファラーヒ・インサニアット財団(FIF),6df97c2058ad83f1bc7d79c4be28955bdf76e57b068e93fcf080824e6e3b1f68
current_1373,6df97c2058ad83f1bc7d79c4be28955bdf76e57b068e93fcf080824e6e3b1f68:II:12,13;14,NAME_AMBIGUOUS,注記・括弧・姓名境界の確認が必要: Falah-i-Insaniat Foundation (FIF),6df97c2058ad83f1bc7d79c4be28955bdf76e57b068e93fcf080824e6e3b1f68
current_1373,6df97c2058ad83f1bc7d79c4be28955bdf76e57b068e93fcf080824e6e3b1f68:II:13,14,PARTY_TYPE_UNKNOWN,人物・団体の明示的根拠が不足または矛盾,6df97c2058ad83f1bc7d79c4be28955bdf76e57b068e93fcf080824e6e3b1f68
current_1373,6df97c2058ad83f1bc7d79c4be28955bdf76e57b068e93fcf080824e6e3b1f68:II:13,14,NAME_AMBIGUOUS,注記・括弧・姓名境界の確認が必要: ファタハ・レボルーショナリー・カウンシル、アラブ・レボルーショナリー・ブリゲイズ、ブラック・セプテンバー、レボルーショナリー・オーガニゼーション・オブ・ソーシャリスト・ムスリムズ,6df97c2058ad83f1bc7d79c4be28955bdf76e57b068e93fcf080824e6e3b1f68
current_1373,6df97c2058ad83f1bc7d79c4be28955bdf76e57b068e93fcf080824e6e3b1f68:II:13,14,NAME_AMBIGUOUS,"注記・括弧・姓名境界の確認が必要: Fatah Revolutionary Council, Arab Revolutionary Brigades, Black September, Revolutionary Organisation of Socialist Muslims",6df97c2058ad83f1bc7d79c4be28955bdf76e57b068e93fcf080824e6e3b1f68
current_1373,6df97c2058ad83f1bc7d79c4be28955bdf76e57b068e93fcf080824e6e3b1f68:II:14,15,PARTY_TYPE_UNKNOWN,人物・団体の明示的根拠が不足または矛盾,6df97c2058ad83f1bc7d79c4be28955bdf76e57b068e93fcf080824e6e3b1f68
current_1373,6df97c2058ad83f1bc7d79c4be28955bdf76e57b068e93fcf080824e6e3b1f68:II:15,15,PARTY_TYPE_UNKNOWN,人物・団体の明示的根拠が不足または矛盾,6df97c2058ad83f1bc7d79c4be28955bdf76e57b068e93fcf080824e6e3b1f68
current_1373,6df97c2058ad83f1bc7d79c4be28955bdf76e57b068e93fcf080824e6e3b1f68:II:16,15,PARTY_TYPE_UNKNOWN,人物・団体の明示的根拠が不足または矛盾,6df97c2058ad83f1bc7d79c4be28955bdf76e57b068e93fcf080824e6e3b1f68
current_1373,6df97c2058ad83f1bc7d79c4be28955bdf76e57b068e93fcf080824e6e3b1f68:II:18,15,PARTY_TYPE_UNKNOWN,人物・団体の明示的根拠が不足または矛盾,6df97c2058ad83f1bc7d79c4be28955bdf76e57b068e93fcf080824e6e3b1f68
current_1373,6df97c2058ad83f1bc7d79c4be28955bdf76e57b068e93fcf080824e6e3b1f68:II:19,15,PARTY_TYPE_UNKNOWN,人物・団体の明示的根拠が不足または矛盾,6df97c2058ad83f1bc7d79c4be28955bdf76e57b068e93fcf080824e6e3b1f68
current_1373,6df97c2058ad83f1bc7d79c4be28955bdf76e57b068e93fcf080824e6e3b1f68:II:20,15,PARTY_TYPE_UNKNOWN,人物・団体の明示的根拠が不足または矛盾,6df97c2058ad83f1bc7d79c4be28955bdf76e57b068e93fcf080824e6e3b1f68
current_1373,6df97c2058ad83f1bc7d79c4be28955bdf76e57b068e93fcf080824e6e3b1f68:II:20,15,NAME_AMBIGUOUS,注記・括弧・姓名境界の確認が必要: PFLP-ジェネラル・コマンド、,6df97c2058ad83f1bc7d79c4be28955bdf76e57b068e93fcf080824e6e3b1f68
current_1373,6df97c2058ad83f1bc7d79c4be28955bdf76e57b068e93fcf080824e6e3b1f68:II:20,15,NAME_AMBIGUOUS,"注記・括弧・姓名境界の確認が必要: PFLP-General Command, PFLP-GC",6df97c2058ad83f1bc7d79c4be28955bdf76e57b068e93fcf080824e6e3b1f68
current_1373,6df97c2058ad83f1bc7d79c4be28955bdf76e57b068e93fcf080824e6e3b1f68:II:21,15,PARTY_TYPE_UNKNOWN,人物・団体の明示的根拠が不足または矛盾,6df97c2058ad83f1bc7d79c4be28955bdf76e57b068e93fcf080824e6e3b1f68
current_1373,6df97c2058ad83f1bc7d79c4be28955bdf76e57b068e93fcf080824e6e3b1f68:II:21,15,NAME_AMBIGUOUS,注記・括弧・姓名境界の確認が必要: デブリジ・ソル(レボルーショナリー・レフト)、デブ・ソル,6df97c2058ad83f1bc7d79c4be28955bdf76e57b068e93fcf080824e6e3b1f68
current_1373,6df97c2058ad83f1bc7d79c4be28955bdf76e57b068e93fcf080824e6e3b1f68:II:21,15,NAME_AMBIGUOUS,"注記・括弧・姓名境界の確認が必要: Devrimci Sol (Revolutionary Left), Dev Sol",6df97c2058ad83f1bc7d79c4be28955bdf76e57b068e93fcf080824e6e3b1f68
current_1373,6df97c2058ad83f1bc7d79c4be28955bdf76e57b068e93fcf080824e6e3b1f68:II:22,15,PARTY_TYPE_UNKNOWN,人物・団体の明示的根拠が不足または矛盾,6df97c2058ad83f1bc7d79c4be28955bdf76e57b068e93fcf080824e6e3b1f68
current_1373,6df97c2058ad83f1bc7d79c4be28955bdf76e57b068e93fcf080824e6e3b1f68:II:23,15,PARTY_TYPE_UNKNOWN,人物・団体の明示的根拠が不足または矛盾,6df97c2058ad83f1bc7d79c4be28955bdf76e57b068e93fcf080824e6e3b1f68
current_1373,6df97c2058ad83f1bc7d79c4be28955bdf76e57b068e93fcf080824e6e3b1f68:II:24,15;16,PARTY_TYPE_UNKNOWN,人物・団体の明示的根拠が不足または矛盾,6df97c2058ad83f1bc7d79c4be28955bdf76e57b068e93fcf080824e6e3b1f68
current_1373,6df97c2058ad83f1bc7d79c4be28955bdf76e57b068e93fcf080824e6e3b1f68:II:24,15;16,NAME_AMBIGUOUS,注記・括弧・姓名境界の確認が必要: Babbar Khalsa International,6df97c2058ad83f1bc7d79c4be28955bdf76e57b068e93fcf080824e6e3b1f68
current_1373,6df97c2058ad83f1bc7d79c4be28955bdf76e57b068e93fcf080824e6e3b1f68:II:25,16,PARTY_TYPE_UNKNOWN,人物・団体の明示的根拠が不足または矛盾,6df97c2058ad83f1bc7d79c4be28955bdf76e57b068e93fcf080824e6e3b1f68
current_1373,6df97c2058ad83f1bc7d79c4be28955bdf76e57b068e93fcf080824e6e3b1f68:II:26,16,PARTY_TYPE_UNKNOWN,人物・団体の明示的根拠が不足または矛盾,6df97c2058ad83f1bc7d79c4be28955bdf76e57b068e93fcf080824e6e3b1f68
current_1373,6df97c2058ad83f1bc7d79c4be28955bdf76e57b068e93fcf080824e6e3b1f68:II:29,16,PARTY_TYPE_UNKNOWN,人物・団体の明示的根拠が不足または矛盾,6df97c2058ad83f1bc7d79c4be28955bdf76e57b068e93fcf080824e6e3b1f68
current_1373,6df97c2058ad83f1bc7d79c4be28955bdf76e57b068e93fcf080824e6e3b1f68:II:30,16,PARTY_TYPE_UNKNOWN,人物・団体の明示的根拠が不足または矛盾,6df97c2058ad83f1bc7d79c4be28955bdf76e57b068e93fcf080824e6e3b1f68
current_1373,6df97c2058ad83f1bc7d79c4be28955bdf76e57b068e93fcf080824e6e3b1f68:II:31,16,PARTY_TYPE_UNKNOWN,人物・団体の明示的根拠が不足または矛盾,6df97c2058ad83f1bc7d79c4be28955bdf76e57b068e93fcf080824e6e3b1f68
current_1373,6df97c2058ad83f1bc7d79c4be28955bdf76e57b068e93fcf080824e6e3b1f68:II:32,16,PARTY_TYPE_UNKNOWN,人物・団体の明示的根拠が不足または矛盾,6df97c2058ad83f1bc7d79c4be28955bdf76e57b068e93fcf080824e6e3b1f68
current_1373,6df97c2058ad83f1bc7d79c4be28955bdf76e57b068e93fcf080824e6e3b1f68:II:34,17,PARTY_TYPE_UNKNOWN,人物・団体の明示的根拠が不足または矛盾,6df97c2058ad83f1bc7d79c4be28955bdf76e57b068e93fcf080824e6e3b1f68
current_1373,6df97c2058ad83f1bc7d79c4be28955bdf76e57b068e93fcf080824e6e3b1f68:II:35,17,PARTY_TYPE_UNKNOWN,人物・団体の明示的根拠が不足または矛盾,6df97c2058ad83f1bc7d79c4be28955bdf76e57b068e93fcf080824e6e3b1f68
current_1373,6df97c2058ad83f1bc7d79c4be28955bdf76e57b068e93fcf080824e6e3b1f68:II:36,17,PARTY_TYPE_UNKNOWN,人物・団体の明示的根拠が不足または矛盾,6df97c2058ad83f1bc7d79c4be28955bdf76e57b068e93fcf080824e6e3b1f68
current_1373,6df97c2058ad83f1bc7d79c4be28955bdf76e57b068e93fcf080824e6e3b1f68:II:37,17,PARTY_TYPE_UNKNOWN,人物・団体の明示的根拠が不足または矛盾,6df97c2058ad83f1bc7d79c4be28955bdf76e57b068e93fcf080824e6e3b1f68
current_1373,6df97c2058ad83f1bc7d79c4be28955bdf76e57b068e93fcf080824e6e3b1f68:II:38,17,NAME_AMBIGUOUS,注記・括弧・姓名境界の確認が必要: ドウディーン、モウサー,6df97c2058ad83f1bc7d79c4be28955bdf76e57b068e93fcf080824e6e3b1f68
current_1373,6df97c2058ad83f1bc7d79c4be28955bdf76e57b068e93fcf080824e6e3b1f68:II:38,17,NAME_AMBIGUOUS,注記・括弧・姓名境界の確認が必要: ドゥッディーン、ムーサー,6df97c2058ad83f1bc7d79c4be28955bdf76e57b068e93fcf080824e6e3b1f68
current_1373,6df97c2058ad83f1bc7d79c4be28955bdf76e57b068e93fcf080824e6e3b1f68:II:38,17,NAME_AMBIGUOUS,注記・括弧・姓名境界の確認が必要: ドゥッディーン、ムーサー,6df97c2058ad83f1bc7d79c4be28955bdf76e57b068e93fcf080824e6e3b1f68
current_1373,6df97c2058ad83f1bc7d79c4be28955bdf76e57b068e93fcf080824e6e3b1f68:II:38,17,NAME_AMBIGUOUS,"注記・括弧・姓名境界の確認が必要: DOUDIN, Mousa",6df97c2058ad83f1bc7d79c4be28955bdf76e57b068e93fcf080824e6e3b1f68
current_1373,6df97c2058ad83f1bc7d79c4be28955bdf76e57b068e93fcf080824e6e3b1f68:II:38,17,NAME_AMBIGUOUS,"注記・括弧・姓名境界の確認が必要: DODIN, Mussa",6df97c2058ad83f1bc7d79c4be28955bdf76e57b068e93fcf080824e6e3b1f68
current_1373,6df97c2058ad83f1bc7d79c4be28955bdf76e57b068e93fcf080824e6e3b1f68:II:38,17,NAME_AMBIGUOUS,"注記・括弧・姓名境界の確認が必要: DUDIN, Musa",6df97c2058ad83f1bc7d79c4be28955bdf76e57b068e93fcf080824e6e3b1f68
current_1373,6df97c2058ad83f1bc7d79c4be28955bdf76e57b068e93fcf080824e6e3b1f68:II:39,17;18,NAME_AMBIGUOUS,注記・括弧・姓名境界の確認が必要: ハムザ、アブドルバースィト,6df97c2058ad83f1bc7d79c4be28955bdf76e57b068e93fcf080824e6e3b1f68
current_1373,6df97c2058ad83f1bc7d79c4be28955bdf76e57b068e93fcf080824e6e3b1f68:II:39,17;18,NAME_AMBIGUOUS,注記・括弧・姓名境界の確認が必要: ハムザ、 アブド・アルバースィト,6df97c2058ad83f1bc7d79c4be28955bdf76e57b068e93fcf080824e6e3b1f68
current_1373,6df97c2058ad83f1bc7d79c4be28955bdf76e57b068e93fcf080824e6e3b1f68:II:39,17;18,NAME_AMBIGUOUS,"注記・括弧・姓名境界の確認が必要: HAMZA, Abdelbasit",6df97c2058ad83f1bc7d79c4be28955bdf76e57b068e93fcf080824e6e3b1f68
current_1373,6df97c2058ad83f1bc7d79c4be28955bdf76e57b068e93fcf080824e6e3b1f68:II:39,17;18,NAME_AMBIGUOUS,"注記・括弧・姓名境界の確認が必要: HAMZA, Abd al-Basit",6df97c2058ad83f1bc7d79c4be28955bdf76e57b068e93fcf080824e6e3b1f68
current_1373,6df97c2058ad83f1bc7d79c4be28955bdf76e57b068e93fcf080824e6e3b1f68:II:40,18,NAME_AMBIGUOUS,注記・括弧・姓名境界の確認が必要: アッシャワー、アーミル・カマール,6df97c2058ad83f1bc7d79c4be28955bdf76e57b068e93fcf080824e6e3b1f68
current_1373,6df97c2058ad83f1bc7d79c4be28955bdf76e57b068e93fcf080824e6e3b1f68:II:40,18,NAME_AMBIGUOUS,注記・括弧・姓名境界の確認が必要: アッシャワー、 アーミル,6df97c2058ad83f1bc7d79c4be28955bdf76e57b068e93fcf080824e6e3b1f68
current_1373,6df97c2058ad83f1bc7d79c4be28955bdf76e57b068e93fcf080824e6e3b1f68:II:40,18,NAME_AMBIGUOUS,注記・括弧・姓名境界の確認が必要: アッシャワー、アーミル,6df97c2058ad83f1bc7d79c4be28955bdf76e57b068e93fcf080824e6e3b1f68
current_1373,6df97c2058ad83f1bc7d79c4be28955bdf76e57b068e93fcf080824e6e3b1f68:II:40,18,NAME_AMBIGUOUS,注記・括弧・姓名境界の確認が必要: アッシャワー、アマル,6df97c2058ad83f1bc7d79c4be28955bdf76e57b068e93fcf080824e6e3b1f68
current_1373,6df97c2058ad83f1bc7d79c4be28955bdf76e57b068e93fcf080824e6e3b1f68:II:40,18,NAME_AMBIGUOUS,注記・括弧・姓名境界の確認が必要: アッシャワー、アーミル,6df97c2058ad83f1bc7d79c4be28955bdf76e57b068e93fcf080824e6e3b1f68
current_1373,6df97c2058ad83f1bc7d79c4be28955bdf76e57b068e93fcf080824e6e3b1f68:II:40,18,NAME_AMBIGUOUS,"注記・括弧・姓名境界の確認が必要: ALSHAWA, Amer Kamel",6df97c2058ad83f1bc7d79c4be28955bdf76e57b068e93fcf080824e6e3b1f68
current_1373,6df97c2058ad83f1bc7d79c4be28955bdf76e57b068e93fcf080824e6e3b1f68:II:40,18,NAME_AMBIGUOUS,"注記・括弧・姓名境界の確認が必要: ALSHAVA, Amer",6df97c2058ad83f1bc7d79c4be28955bdf76e57b068e93fcf080824e6e3b1f68
current_1373,6df97c2058ad83f1bc7d79c4be28955bdf76e57b068e93fcf080824e6e3b1f68:II:40,18,NAME_AMBIGUOUS,"注記・括弧・姓名境界の確認が必要: AL-SHAVA, Amer",6df97c2058ad83f1bc7d79c4be28955bdf76e57b068e93fcf080824e6e3b1f68
current_1373,6df97c2058ad83f1bc7d79c4be28955bdf76e57b068e93fcf080824e6e3b1f68:II:40,18,NAME_AMBIGUOUS,"注記・括弧・姓名境界の確認が必要: AL-SHAVA, Amar",6df97c2058ad83f1bc7d79c4be28955bdf76e57b068e93fcf080824e6e3b1f68
current_1373,6df97c2058ad83f1bc7d79c4be28955bdf76e57b068e93fcf080824e6e3b1f68:II:40,18,NAME_AMBIGUOUS,"注記・括弧・姓名境界の確認が必要: AL-SHAWA, Amer",6df97c2058ad83f1bc7d79c4be28955bdf76e57b068e93fcf080824e6e3b1f68
current_1373,6df97c2058ad83f1bc7d79c4be28955bdf76e57b068e93fcf080824e6e3b1f68:II:41,18,NAME_AMBIGUOUS,注記・括弧・姓名境界の確認が必要: ジャフレブ、 アフマド・サドゥ・ユーセフ,6df97c2058ad83f1bc7d79c4be28955bdf76e57b068e93fcf080824e6e3b1f68
current_1373,6df97c2058ad83f1bc7d79c4be28955bdf76e57b068e93fcf080824e6e3b1f68:II:41,18,NAME_AMBIGUOUS,注記・括弧・姓名境界の確認が必要: ジャフレブ、アフマド,6df97c2058ad83f1bc7d79c4be28955bdf76e57b068e93fcf080824e6e3b1f68
current_1373,6df97c2058ad83f1bc7d79c4be28955bdf76e57b068e93fcf080824e6e3b1f68:II:41,18,NAME_AMBIGUOUS,注記・括弧・姓名境界の確認が必要: アルジャフレブ、ユーセフ,6df97c2058ad83f1bc7d79c4be28955bdf76e57b068e93fcf080824e6e3b1f68
current_1373,6df97c2058ad83f1bc7d79c4be28955bdf76e57b068e93fcf080824e6e3b1f68:II:41,18,NAME_AMBIGUOUS,注記・括弧・姓名境界の確認が必要: ジャフレブ、アフマド・サドゥ・ユースフ,6df97c2058ad83f1bc7d79c4be28955bdf76e57b068e93fcf080824e6e3b1f68
current_1373,6df97c2058ad83f1bc7d79c4be28955bdf76e57b068e93fcf080824e6e3b1f68:II:41,18,NAME_AMBIGUOUS,"注記・括弧・姓名境界の確認が必要: JAHLEB, Ahmed Sadu Yousef",6df97c2058ad83f1bc7d79c4be28955bdf76e57b068e93fcf080824e6e3b1f68
current_1373,6df97c2058ad83f1bc7d79c4be28955bdf76e57b068e93fcf080824e6e3b1f68:II:41,18,NAME_AMBIGUOUS,"注記・括弧・姓名境界の確認が必要: JAHLEB, Ahmed",6df97c2058ad83f1bc7d79c4be28955bdf76e57b068e93fcf080824e6e3b1f68
current_1373,6df97c2058ad83f1bc7d79c4be28955bdf76e57b068e93fcf080824e6e3b1f68:II:41,18,NAME_AMBIGUOUS,"注記・括弧・姓名境界の確認が必要: ALJIHLIB, Yousef",6df97c2058ad83f1bc7d79c4be28955bdf76e57b068e93fcf080824e6e3b1f68
current_1373,6df97c2058ad83f1bc7d79c4be28955bdf76e57b068e93fcf080824e6e3b1f68:II:41,18,NAME_AMBIGUOUS,"注記・括弧・姓名境界の確認が必要: JAKHLAB, Ahmad Saado Yusuf",6df97c2058ad83f1bc7d79c4be28955bdf76e57b068e93fcf080824e6e3b1f68
current_1373,6df97c2058ad83f1bc7d79c4be28955bdf76e57b068e93fcf080824e6e3b1f68:II:42,18,NAME_AMBIGUOUS,注記・括弧・姓名境界の確認が必要: アッドゥウェイク、アイマン・アフマド・ラシード,6df97c2058ad83f1bc7d79c4be28955bdf76e57b068e93fcf080824e6e3b1f68
current_1373,6df97c2058ad83f1bc7d79c4be28955bdf76e57b068e93fcf080824e6e3b1f68:II:42,18,NAME_AMBIGUOUS,注記・括弧・姓名境界の確認が必要: アルドゥウェイク、アイマン・アフマド・ R,6df97c2058ad83f1bc7d79c4be28955bdf76e57b068e93fcf080824e6e3b1f68
current_1373,6df97c2058ad83f1bc7d79c4be28955bdf76e57b068e93fcf080824e6e3b1f68:II:42,18,NAME_AMBIGUOUS,"注記・括弧・姓名境界の確認が必要: AL-DUWAIK, Aiman Ahmad Rashed",6df97c2058ad83f1bc7d79c4be28955bdf76e57b068e93fcf080824e6e3b1f68
current_1373,6df97c2058ad83f1bc7d79c4be28955bdf76e57b068e93fcf080824e6e3b1f68:II:42,18,NAME_AMBIGUOUS,"注記・括弧・姓名境界の確認が必要: AL DUWAIK, Aiman Ahmad R",6df97c2058ad83f1bc7d79c4be28955bdf76e57b068e93fcf080824e6e3b1f68
current_1373,6df97c2058ad83f1bc7d79c4be28955bdf76e57b068e93fcf080824e6e3b1f68:II:43,18,NAME_AMBIGUOUS,注記・括弧・姓名境界の確認が必要: ジャド・アッラー、ワリード・ムハンマド・ムスタファー,6df97c2058ad83f1bc7d79c4be28955bdf76e57b068e93fcf080824e6e3b1f68
current_1373,6df97c2058ad83f1bc7d79c4be28955bdf76e57b068e93fcf080824e6e3b1f68:II:43,18,NAME_AMBIGUOUS,注記・括弧・姓名境界の確認が必要: ジャードッラー、ワリード,6df97c2058ad83f1bc7d79c4be28955bdf76e57b068e93fcf080824e6e3b1f68
current_1373,6df97c2058ad83f1bc7d79c4be28955bdf76e57b068e93fcf080824e6e3b1f68:II:43,18,NAME_AMBIGUOUS,"注記・括弧・姓名境界の確認が必要: JAD ALLAH, Waleed Mohammad Mustafa",6df97c2058ad83f1bc7d79c4be28955bdf76e57b068e93fcf080824e6e3b1f68
current_1373,6df97c2058ad83f1bc7d79c4be28955bdf76e57b068e93fcf080824e6e3b1f68:II:43,18,NAME_AMBIGUOUS,"注記・括弧・姓名境界の確認が必要: JADALLAH, Walid",6df97c2058ad83f1bc7d79c4be28955bdf76e57b068e93fcf080824e6e3b1f68
current_1373,6df97c2058ad83f1bc7d79c4be28955bdf76e57b068e93fcf080824e6e3b1f68:II:44,19,NAME_AMBIGUOUS,注記・括弧・姓名境界の確認が必要: ナスラッラー、ムハンマド,6df97c2058ad83f1bc7d79c4be28955bdf76e57b068e93fcf080824e6e3b1f68
current_1373,6df97c2058ad83f1bc7d79c4be28955bdf76e57b068e93fcf080824e6e3b1f68:II:44,19,NAME_AMBIGUOUS,注記・括弧・姓名境界の確認が必要: アブドルダーイム、ムハンマド・アフマド,6df97c2058ad83f1bc7d79c4be28955bdf76e57b068e93fcf080824e6e3b1f68
current_1373,6df97c2058ad83f1bc7d79c4be28955bdf76e57b068e93fcf080824e6e3b1f68:II:44,19,NAME_AMBIGUOUS,注記・括弧・姓名境界の確認が必要: アビド・アル・ダーイム・ナスル・アッラー、ムハンマド・アフマド,6df97c2058ad83f1bc7d79c4be28955bdf76e57b068e93fcf080824e6e3b1f68
current_1373,6df97c2058ad83f1bc7d79c4be28955bdf76e57b068e93fcf080824e6e3b1f68:II:44,19,NAME_AMBIGUOUS,注記・括弧・姓名境界の確認が必要: ナスル、ムハンマド,6df97c2058ad83f1bc7d79c4be28955bdf76e57b068e93fcf080824e6e3b1f68
current_1373,6df97c2058ad83f1bc7d79c4be28955bdf76e57b068e93fcf080824e6e3b1f68:II:44,19,NAME_AMBIGUOUS,注記・括弧・姓名境界の確認が必要: アブド・エル・ダーイム、ムハンマド・アフマド,6df97c2058ad83f1bc7d79c4be28955bdf76e57b068e93fcf080824e6e3b1f68
current_1373,6df97c2058ad83f1bc7d79c4be28955bdf76e57b068e93fcf080824e6e3b1f68:II:44,19,NAME_AMBIGUOUS,注記・括弧・姓名境界の確認が必要: アビド・アルダーイム・ナスル・アッラー、ムハンマド・アフマド,6df97c2058ad83f1bc7d79c4be28955bdf76e57b068e93fcf080824e6e3b1f68
current_1373,6df97c2058ad83f1bc7d79c4be28955bdf76e57b068e93fcf080824e6e3b1f68:II:44,19,NAME_AMBIGUOUS,注記・括弧・姓名境界の確認が必要: ナスラッラー、ムハンマド,6df97c2058ad83f1bc7d79c4be28955bdf76e57b068e93fcf080824e6e3b1f68
current_1373,6df97c2058ad83f1bc7d79c4be28955bdf76e57b068e93fcf080824e6e3b1f68:II:44,19,NAME_AMBIGUOUS,注記・括弧・姓名境界の確認が必要: アブドル・ダーイム・ナスラッラー、ムハンマド・アフマド,6df97c2058ad83f1bc7d79c4be28955bdf76e57b068e93fcf080824e6e3b1f68
current_1373,6df97c2058ad83f1bc7d79c4be28955bdf76e57b068e93fcf080824e6e3b1f68:II:44,19,NAME_AMBIGUOUS,"注記・括弧・姓名境界の確認が必要: NASRALLAH, Muhammad",6df97c2058ad83f1bc7d79c4be28955bdf76e57b068e93fcf080824e6e3b1f68
current_1373,6df97c2058ad83f1bc7d79c4be28955bdf76e57b068e93fcf080824e6e3b1f68:II:44,19,NAME_AMBIGUOUS,"注記・括弧・姓名境界の確認が必要: 'ABD-AL-DA'IM, Muhammad Ahmad",6df97c2058ad83f1bc7d79c4be28955bdf76e57b068e93fcf080824e6e3b1f68
current_1373,6df97c2058ad83f1bc7d79c4be28955bdf76e57b068e93fcf080824e6e3b1f68:II:44,19,NAME_AMBIGUOUS,"注記・括弧・姓名境界の確認が必要: ABID AL DAIM NASR ALLAH, Mohammad Ahmad",6df97c2058ad83f1bc7d79c4be28955bdf76e57b068e93fcf080824e6e3b1f68
current_1373,6df97c2058ad83f1bc7d79c4be28955bdf76e57b068e93fcf080824e6e3b1f68:II:44,19,NAME_AMBIGUOUS,"注記・括弧・姓名境界の確認が必要: NASR, Muhammad",6df97c2058ad83f1bc7d79c4be28955bdf76e57b068e93fcf080824e6e3b1f68
current_1373,6df97c2058ad83f1bc7d79c4be28955bdf76e57b068e93fcf080824e6e3b1f68:II:44,19,NAME_AMBIGUOUS,"注記・括弧・姓名境界の確認が必要: ABD EL DAIM, Mohamed Ahmed",6df97c2058ad83f1bc7d79c4be28955bdf76e57b068e93fcf080824e6e3b1f68
current_1373,6df97c2058ad83f1bc7d79c4be28955bdf76e57b068e93fcf080824e6e3b1f68:II:44,19,NAME_AMBIGUOUS,"注記・括弧・姓名境界の確認が必要: ABID ALDAIM NASR ALLAH, Mohammad Ahmad",6df97c2058ad83f1bc7d79c4be28955bdf76e57b068e93fcf080824e6e3b1f68
current_1373,6df97c2058ad83f1bc7d79c4be28955bdf76e57b068e93fcf080824e6e3b1f68:II:44,19,NAME_AMBIGUOUS,"注記・括弧・姓名境界の確認が必要: NASRALLAH, Mohammed",6df97c2058ad83f1bc7d79c4be28955bdf76e57b068e93fcf080824e6e3b1f68
current_1373,6df97c2058ad83f1bc7d79c4be28955bdf76e57b068e93fcf080824e6e3b1f68:II:44,19,NAME_AMBIGUOUS,"注記・括弧・姓名境界の確認が必要: ABDUL DA'IM NASRALLAH, Mohammed Ahmed",6df97c2058ad83f1bc7d79c4be28955bdf76e57b068e93fcf080824e6e3b1f68
current_1373,6df97c2058ad83f1bc7d79c4be28955bdf76e57b068e93fcf080824e6e3b1f68:II:46,19,NAME_AMBIGUOUS,注記・括弧・姓名境界の確認が必要: アルアッカード、アブー・ヤミーン,6df97c2058ad83f1bc7d79c4be28955bdf76e57b068e93fcf080824e6e3b1f68
current_1373,6df97c2058ad83f1bc7d79c4be28955bdf76e57b068e93fcf080824e6e3b1f68:II:46,19,NAME_AMBIGUOUS,注記・括弧・姓名境界の確認が必要: アルアッカード、アフマド,6df97c2058ad83f1bc7d79c4be28955bdf76e57b068e93fcf080824e6e3b1f68
current_1373,6df97c2058ad83f1bc7d79c4be28955bdf76e57b068e93fcf080824e6e3b1f68:II:46,19,NAME_AMBIGUOUS,注記・括弧・姓名境界の確認が必要: アルアッカード、アフマド,6df97c2058ad83f1bc7d79c4be28955bdf76e57b068e93fcf080824e6e3b1f68
current_1373,6df97c2058ad83f1bc7d79c4be28955bdf76e57b068e93fcf080824e6e3b1f68:II:46,19,NAME_AMBIGUOUS,"注記・括弧・姓名境界の確認が必要: ALAQAD, Abu Yamin",6df97c2058ad83f1bc7d79c4be28955bdf76e57b068e93fcf080824e6e3b1f68
current_1373,6df97c2058ad83f1bc7d79c4be28955bdf76e57b068e93fcf080824e6e3b1f68:II:46,19,NAME_AMBIGUOUS,"注記・括弧・姓名境界の確認が必要: ALAQAD, Ahmed",6df97c2058ad83f1bc7d79c4be28955bdf76e57b068e93fcf080824e6e3b1f68
current_1373,6df97c2058ad83f1bc7d79c4be28955bdf76e57b068e93fcf080824e6e3b1f68:II:46,19,NAME_AMBIGUOUS,"注記・括弧・姓名境界の確認が必要: AL- AQAD, Ahmed",6df97c2058ad83f1bc7d79c4be28955bdf76e57b068e93fcf080824e6e3b1f68
current_1373,6df97c2058ad83f1bc7d79c4be28955bdf76e57b068e93fcf080824e6e3b1f68:II:47,19,PARTY_TYPE_UNKNOWN,人物・団体の明示的根拠が不足または矛盾,6df97c2058ad83f1bc7d79c4be28955bdf76e57b068e93fcf080824e6e3b1f68
current_1373,6df97c2058ad83f1bc7d79c4be28955bdf76e57b068e93fcf080824e6e3b1f68:II:48,19;20,NAME_AMBIGUOUS,注記・括弧・姓名境界の確認が必要: シンワル、ヤヒヤ・イブラヒム・ハッサン,6df97c2058ad83f1bc7d79c4be28955bdf76e57b068e93fcf080824e6e3b1f68
current_1373,6df97c2058ad83f1bc7d79c4be28955bdf76e57b068e93fcf080824e6e3b1f68:II:48,19;20,NAME_AMBIGUOUS,注記・括弧・姓名境界の確認が必要: アル・シンワル、イェヒヤ,6df97c2058ad83f1bc7d79c4be28955bdf76e57b068e93fcf080824e6e3b1f68
current_1373,6df97c2058ad83f1bc7d79c4be28955bdf76e57b068e93fcf080824e6e3b1f68:II:48,19;20,NAME_AMBIGUOUS,注記・括弧・姓名境界の確認が必要: シンワル、イェヒア,6df97c2058ad83f1bc7d79c4be28955bdf76e57b068e93fcf080824e6e3b1f68
current_1373,6df97c2058ad83f1bc7d79c4be28955bdf76e57b068e93fcf080824e6e3b1f68:II:48,19;20,NAME_AMBIGUOUS,注記・括弧・姓名境界の確認が必要: シンワル、イェヒイェ,6df97c2058ad83f1bc7d79c4be28955bdf76e57b068e93fcf080824e6e3b1f68
current_1373,6df97c2058ad83f1bc7d79c4be28955bdf76e57b068e93fcf080824e6e3b1f68:II:48,19;20,NAME_AMBIGUOUS,"注記・括弧・姓名境界の確認が必要: SINWAR, Yahya Ibrahim Hassan",6df97c2058ad83f1bc7d79c4be28955bdf76e57b068e93fcf080824e6e3b1f68
current_1373,6df97c2058ad83f1bc7d79c4be28955bdf76e57b068e93fcf080824e6e3b1f68:II:48,19;20,NAME_AMBIGUOUS,"注記・括弧・姓名境界の確認が必要: AL-SINWAR, Yehya",6df97c2058ad83f1bc7d79c4be28955bdf76e57b068e93fcf080824e6e3b1f68
current_1373,6df97c2058ad83f1bc7d79c4be28955bdf76e57b068e93fcf080824e6e3b1f68:II:48,19;20,NAME_AMBIGUOUS,"注記・括弧・姓名境界の確認が必要: SINWAR, Yehia",6df97c2058ad83f1bc7d79c4be28955bdf76e57b068e93fcf080824e6e3b1f68
current_1373,6df97c2058ad83f1bc7d79c4be28955bdf76e57b068e93fcf080824e6e3b1f68:II:48,19;20,NAME_AMBIGUOUS,"注記・括弧・姓名境界の確認が必要: SINWAR, Yehiyeh",6df97c2058ad83f1bc7d79c4be28955bdf76e57b068e93fcf080824e6e3b1f68
current_1373,6df97c2058ad83f1bc7d79c4be28955bdf76e57b068e93fcf080824e6e3b1f68:II:49,20,NAME_AMBIGUOUS,注記・括弧・姓名境界の確認が必要: アル・ダイフ、ムハンマド,6df97c2058ad83f1bc7d79c4be28955bdf76e57b068e93fcf080824e6e3b1f68
current_1373,6df97c2058ad83f1bc7d79c4be28955bdf76e57b068e93fcf080824e6e3b1f68:II:49,20,NAME_AMBIGUOUS,注記・括弧・姓名境界の確認が必要: アル・マスリ、モハンメド,6df97c2058ad83f1bc7d79c4be28955bdf76e57b068e93fcf080824e6e3b1f68
current_1373,6df97c2058ad83f1bc7d79c4be28955bdf76e57b068e93fcf080824e6e3b1f68:II:49,20,NAME_AMBIGUOUS,"注記・括弧・姓名境界の確認が必要: AL-DAYF, Muhammad",6df97c2058ad83f1bc7d79c4be28955bdf76e57b068e93fcf080824e6e3b1f68
current_1373,6df97c2058ad83f1bc7d79c4be28955bdf76e57b068e93fcf080824e6e3b1f68:II:49,20,NAME_AMBIGUOUS,"注記・括弧・姓名境界の確認が必要: AL-MASRI, Mohammed",6df97c2058ad83f1bc7d79c4be28955bdf76e57b068e93fcf080824e6e3b1f68
current_1373,6df97c2058ad83f1bc7d79c4be28955bdf76e57b068e93fcf080824e6e3b1f68:II:50,20,NAME_AMBIGUOUS,注記・括弧・姓名境界の確認が必要: イーサー、マルワン,6df97c2058ad83f1bc7d79c4be28955bdf76e57b068e93fcf080824e6e3b1f68
current_1373,6df97c2058ad83f1bc7d79c4be28955bdf76e57b068e93fcf080824e6e3b1f68:II:50,20,NAME_AMBIGUOUS,"注記・括弧・姓名境界の確認が必要: 'ISSA, Marwan",6df97c2058ad83f1bc7d79c4be28955bdf76e57b068e93fcf080824e6e3b1f68
current_1373,6df97c2058ad83f1bc7d79c4be28955bdf76e57b068e93fcf080824e6e3b1f68:II:51,20,PARTY_TYPE_UNKNOWN,人物・団体の明示的根拠が不足または矛盾,6df97c2058ad83f1bc7d79c4be28955bdf76e57b068e93fcf080824e6e3b1f68
current_1373,6df97c2058ad83f1bc7d79c4be28955bdf76e57b068e93fcf080824e6e3b1f68:II:52,20,PARTY_TYPE_UNKNOWN,人物・団体の明示的根拠が不足または矛盾,6df97c2058ad83f1bc7d79c4be28955bdf76e57b068e93fcf080824e6e3b1f68
current_1373,6df97c2058ad83f1bc7d79c4be28955bdf76e57b068e93fcf080824e6e3b1f68:II:53,21,PARTY_TYPE_UNKNOWN,人物・団体の明示的根拠が不足または矛盾,6df97c2058ad83f1bc7d79c4be28955bdf76e57b068e93fcf080824e6e3b1f68
current_1373,6df97c2058ad83f1bc7d79c4be28955bdf76e57b068e93fcf080824e6e3b1f68:II:54,21,PARTY_TYPE_UNKNOWN,人物・団体の明示的根拠が不足または矛盾,6df97c2058ad83f1bc7d79c4be28955bdf76e57b068e93fcf080824e6e3b1f68
current_1373,6df97c2058ad83f1bc7d79c4be28955bdf76e57b068e93fcf080824e6e3b1f68:II:55,21,NAME_AMBIGUOUS,"注記・括弧・姓名境界の確認が必要: SHOMAN, NABIL KHALED KHALIL",6df97c2058ad83f1bc7d79c4be28955bdf76e57b068e93fcf080824e6e3b1f68
current_1373,6df97c2058ad83f1bc7d79c4be28955bdf76e57b068e93fcf080824e6e3b1f68:II:55,21,NAME_AMBIGUOUS,"注記・括弧・姓名境界の確認が必要: SHUMAN, NABIL",6df97c2058ad83f1bc7d79c4be28955bdf76e57b068e93fcf080824e6e3b1f68
current_1373,6df97c2058ad83f1bc7d79c4be28955bdf76e57b068e93fcf080824e6e3b1f68:II:55,21,NAME_AMBIGUOUS,"注記・括弧・姓名境界の確認が必要: CHOUMAN, NABIL",6df97c2058ad83f1bc7d79c4be28955bdf76e57b068e93fcf080824e6e3b1f68
current_1373,6df97c2058ad83f1bc7d79c4be28955bdf76e57b068e93fcf080824e6e3b1f68:II:56,21,NAME_AMBIGUOUS,"注記・括弧・姓名境界の確認が必要: SHOMAN, KHALED KHALIL",6df97c2058ad83f1bc7d79c4be28955bdf76e57b068e93fcf080824e6e3b1f68
current_1373,6df97c2058ad83f1bc7d79c4be28955bdf76e57b068e93fcf080824e6e3b1f68:II:57,21,NAME_AMBIGUOUS,"注記・括弧・姓名境界の確認が必要: OUDA, Ahmed Charif Abdellah",6df97c2058ad83f1bc7d79c4be28955bdf76e57b068e93fcf080824e6e3b1f68
current_1373,6df97c2058ad83f1bc7d79c4be28955bdf76e57b068e93fcf080824e6e3b1f68:II:57,21,NAME_AMBIGUOUS,"注記・括弧・姓名境界の確認が必要: UDIH, Ahmad",6df97c2058ad83f1bc7d79c4be28955bdf76e57b068e93fcf080824e6e3b1f68
current_1373,6df97c2058ad83f1bc7d79c4be28955bdf76e57b068e93fcf080824e6e3b1f68:II:57,21,NAME_AMBIGUOUS,"注記・括弧・姓名境界の確認が必要: ODEH, Ahmad",6df97c2058ad83f1bc7d79c4be28955bdf76e57b068e93fcf080824e6e3b1f68
current_1373,6df97c2058ad83f1bc7d79c4be28955bdf76e57b068e93fcf080824e6e3b1f68:II:57,21,NAME_AMBIGUOUS,"注記・括弧・姓名境界の確認が必要: ODEH, Ahmed",6df97c2058ad83f1bc7d79c4be28955bdf76e57b068e93fcf080824e6e3b1f68
current_1373,6df97c2058ad83f1bc7d79c4be28955bdf76e57b068e93fcf080824e6e3b1f68:II:57,21,NAME_AMBIGUOUS,"注記・括弧・姓名境界の確認が必要: ODEH, Ahmed Sharif Abdullah",6df97c2058ad83f1bc7d79c4be28955bdf76e57b068e93fcf080824e6e3b1f68
current_1373,6df97c2058ad83f1bc7d79c4be28955bdf76e57b068e93fcf080824e6e3b1f68:II:59,22,NAME_AMBIGUOUS,"注記・括弧・姓名境界の確認が必要: AL ZAHAR, Mahmoud Khaled",6df97c2058ad83f1bc7d79c4be28955bdf76e57b068e93fcf080824e6e3b1f68
current_1373,6df97c2058ad83f1bc7d79c4be28955bdf76e57b068e93fcf080824e6e3b1f68:II:59,22,NAME_AMBIGUOUS,"注記・括弧・姓名境界の確認が必要: ZAHAR, Mahmoud",6df97c2058ad83f1bc7d79c4be28955bdf76e57b068e93fcf080824e6e3b1f68
current_1373,6df97c2058ad83f1bc7d79c4be28955bdf76e57b068e93fcf080824e6e3b1f68:II:59,22,NAME_AMBIGUOUS,"注記・括弧・姓名境界の確認が必要: AL-ZAHAR, Mahmoud",6df97c2058ad83f1bc7d79c4be28955bdf76e57b068e93fcf080824e6e3b1f68
current_1373,6df97c2058ad83f1bc7d79c4be28955bdf76e57b068e93fcf080824e6e3b1f68:II:60,22,NAME_AMBIGUOUS,"注記・括弧・姓名境界の確認が必要: BARAKAH, Ali",6df97c2058ad83f1bc7d79c4be28955bdf76e57b068e93fcf080824e6e3b1f68
current_1373,6df97c2058ad83f1bc7d79c4be28955bdf76e57b068e93fcf080824e6e3b1f68:II:60,22,NAME_AMBIGUOUS,"注記・括弧・姓名境界の確認が必要: BARAKA, Ali",6df97c2058ad83f1bc7d79c4be28955bdf76e57b068e93fcf080824e6e3b1f68
current_1373,6df97c2058ad83f1bc7d79c4be28955bdf76e57b068e93fcf080824e6e3b1f68:II:61,22,NAME_AMBIGUOUS,"注記・括弧・姓名境界の確認が必要: OBEID, Maher Rebhi Namr",6df97c2058ad83f1bc7d79c4be28955bdf76e57b068e93fcf080824e6e3b1f68
current_1373,6df97c2058ad83f1bc7d79c4be28955bdf76e57b068e93fcf080824e6e3b1f68:II:61,22,NAME_AMBIGUOUS,"注記・括弧・姓名境界の確認が必要: OBAID, Maher Ribhi Nimr",6df97c2058ad83f1bc7d79c4be28955bdf76e57b068e93fcf080824e6e3b1f68
current_1373,6df97c2058ad83f1bc7d79c4be28955bdf76e57b068e93fcf080824e6e3b1f68:II:61,22,NAME_AMBIGUOUS,"注記・括弧・姓名境界の確認が必要: OBEID, Maher",6df97c2058ad83f1bc7d79c4be28955bdf76e57b068e93fcf080824e6e3b1f68
current_1373,6df97c2058ad83f1bc7d79c4be28955bdf76e57b068e93fcf080824e6e3b1f68:II:61,22,NAME_AMBIGUOUS,"注記・括弧・姓名境界の確認が必要: OBEID, Maher bin Rebhi",6df97c2058ad83f1bc7d79c4be28955bdf76e57b068e93fcf080824e6e3b1f68
current_1373,6df97c2058ad83f1bc7d79c4be28955bdf76e57b068e93fcf080824e6e3b1f68:II:61,22,NAME_AMBIGUOUS,"注記・括弧・姓名境界の確認が必要: OBEID, Maher bin Rebhi bin Namr",6df97c2058ad83f1bc7d79c4be28955bdf76e57b068e93fcf080824e6e3b1f68
current_1373,6df97c2058ad83f1bc7d79c4be28955bdf76e57b068e93fcf080824e6e3b1f68:II:61,22,NAME_AMBIGUOUS,"注記・括弧・姓名境界の確認が必要: OBAID, Maher",6df97c2058ad83f1bc7d79c4be28955bdf76e57b068e93fcf080824e6e3b1f68
current_1373,6df97c2058ad83f1bc7d79c4be28955bdf76e57b068e93fcf080824e6e3b1f68:II:62,22,NAME_AMBIGUOUS,"注記・括弧・姓名境界の確認が必要: BARHUM, Isma’il Musa Ahmad",6df97c2058ad83f1bc7d79c4be28955bdf76e57b068e93fcf080824e6e3b1f68
current_1373,6df97c2058ad83f1bc7d79c4be28955bdf76e57b068e93fcf080824e6e3b1f68:II:62,22,NAME_AMBIGUOUS,"注記・括弧・姓名境界の確認が必要: BARHOUM, Ismail",6df97c2058ad83f1bc7d79c4be28955bdf76e57b068e93fcf080824e6e3b1f68
current_1373,6df97c2058ad83f1bc7d79c4be28955bdf76e57b068e93fcf080824e6e3b1f68:II:63,22,NAME_AMBIGUOUS,"注記・括弧・姓名境界の確認が必要: WARDYAN, Hasan",6df97c2058ad83f1bc7d79c4be28955bdf76e57b068e93fcf080824e6e3b1f68
current_1373,6df97c2058ad83f1bc7d79c4be28955bdf76e57b068e93fcf080824e6e3b1f68:II:63,22,NAME_AMBIGUOUS,"注記・括弧・姓名境界の確認が必要: ALWARDIAN, Hasan Mohamed Ali",6df97c2058ad83f1bc7d79c4be28955bdf76e57b068e93fcf080824e6e3b1f68
current_1373,6df97c2058ad83f1bc7d79c4be28955bdf76e57b068e93fcf080824e6e3b1f68:II:63,22,NAME_AMBIGUOUS,"注記・括弧・姓名境界の確認が必要: AL-WARDIAN, Hassan Muhammad ‘Ali",6df97c2058ad83f1bc7d79c4be28955bdf76e57b068e93fcf080824e6e3b1f68
current_1373,6df97c2058ad83f1bc7d79c4be28955bdf76e57b068e93fcf080824e6e3b1f68:II:64,23,NAME_AMBIGUOUS,"注記・括弧・姓名境界の確認が必要: SHMALACH, Zahir Younes",6df97c2058ad83f1bc7d79c4be28955bdf76e57b068e93fcf080824e6e3b1f68
current_1373,6df97c2058ad83f1bc7d79c4be28955bdf76e57b068e93fcf080824e6e3b1f68:II:64,23,NAME_AMBIGUOUS,"注記・括弧・姓名境界の確認が必要: SHAMLAKH, Zuheir",6df97c2058ad83f1bc7d79c4be28955bdf76e57b068e93fcf080824e6e3b1f68
current_1373,6df97c2058ad83f1bc7d79c4be28955bdf76e57b068e93fcf080824e6e3b1f68:II:64,23,NAME_AMBIGUOUS,"注記・括弧・姓名境界の確認が必要: SHAMALCH, Zuhir Yunes Hammed",6df97c2058ad83f1bc7d79c4be28955bdf76e57b068e93fcf080824e6e3b1f68
