source_record_id,document_key,document_number,section,source_external_id,party_type,current,pages,source_hash,source_url,source_page_url,raw_path,evidence_text,parse_status,review_status,applied,parser_version
126adf153bd520671b9de87b006de3863ebbbb907b1b3625168cdef117f4a794:UN:1,current_un,1,UN,,unknown,false,1,126adf153bd520671b9de87b006de3863ebbbb907b1b3625168cdef117f4a794,https://www.mofa.go.jp/mofaj/files/000015952.pdf,https://www.mofa.go.jp/mofaj/files/000015952.pdf#page=1,data/raw/mofa/126adf153bd520671b9de87b006de3863ebbbb907b1b3625168cdef117f4a794.pdf.gz,１． ※２０１１年１１月１８日解除,HISTORICAL,REVIEW_REQUIRED,false,mofa-names-v1
126adf153bd520671b9de87b006de3863ebbbb907b1b3625168cdef117f4a794:UN:2,current_un,2,UN,TAi.002,person,true,1,126adf153bd520671b9de87b006de3863ebbbb907b1b3625168cdef117f4a794,https://www.mofa.go.jp/mofaj/files/000015952.pdf,https://www.mofa.go.jp/mofaj/files/000015952.pdf#page=1,data/raw/mofa/126adf153bd520671b9de87b006de3863ebbbb907b1b3625168cdef117f4a794.pdf.gz,"２．モハンマド・ハッサン・アフンド
MOHAMMAD HASSAN AKHUND
(original script: دنوخآ ن سح دمحم)
国連参照番号：TAi.002
称号：ムラー; ハッジ
Mullah; Haji
役職：（タリバーン統治下（1996-2001））閣僚評議会第一副議長; （タリバーン統治下
（1996-2001））外務大臣; （タリバーン統治下（1996-2001））カンダハール州知事; ム
ラー・モハンメド・オマル（４．に指定した個人）の政策アドバイザー
First Deputy, Council of Ministers under the Taliban regime (1996-2001); Foreign
Minister under the Taliban regime (1996-2001); Governor of Kandahar under the
Taliban regime (1996-2001); Political Advisor of Mullah Mohammed Omar
生年月日：１９５５年から１９５８年の間; １９４５年から１９５０年の間
出生地： Pashmul village, Panjwai District, Kandahar Province, Afghanistan
国籍： アフガニスタン
Afghanistan
旅券番号：アフガニスタン旅券 P04581926（２０２４年８月７日にアフガニスタンのカン
ダハールで発行、２０３４年８月７日に失効）
住所等：Kabul, Afghanistan
リスト掲載日：2001 年 1 月 25 日（２００３年９月３日、２００５年１２月２０日、２００７年７
月９日、９月２１日、２０１１年１１月２９日、２０２６年３月１０日及び４月１３日に改訂）
その他の情報： ムラー・モハンメド・オマル（４．に指定した個人）の親密な協力者。２
００９年１２月現在、タリバーン最高評議会のメンバー。Baabar 部族に属する。国連安
全保障理事会決議第１８２２号（２００８年）に基づく見直しは２０１０年７月２１日に終
了した。同人に対するインターポール（国際刑事警察機構）・国連安全保障理事会特
別 手 配 書 の ウ ェ ブ ・ リ ン ク ： https://www.interpol.int/en/How-we-
work/Notices/View-UN-Notices-Individuals",REVIEW_REQUIRED,REVIEW_REQUIRED,false,mofa-names-v1
126adf153bd520671b9de87b006de3863ebbbb907b1b3625168cdef117f4a794:UN:3,current_un,3,UN,TAi.003,person,true,1;2,126adf153bd520671b9de87b006de3863ebbbb907b1b3625168cdef117f4a794,https://www.mofa.go.jp/mofaj/files/000015952.pdf,https://www.mofa.go.jp/mofaj/files/000015952.pdf#page=1,data/raw/mofa/126adf153bd520671b9de87b006de3863ebbbb907b1b3625168cdef117f4a794.pdf.gz,"３．アブドゥル・カビール・モハンマド・ジャン
ABDUL KABIR MOHAMMAD JAN
(original script: ناج دمحم ریبکلا د بع)
国連参照番号：TAi.003
称号：マウラヴィ
Maulavi
役職：（タリバーン統治下(1996-2001)）閣僚評議会第二副議長（経済問題担当）; （タ
リバーン統治下(1996-2001)）ナンガルハール州知事; （タリバーン統治下(1996-
2001)）東部地域議長
Second Deputy, Economic Affairs, Council of Ministers under the Taliban regime
(1996-2001); Governor of Nangarhar Province under the Taliban regime (1996-2001);
Head of Eastern Zone under the Taliban regime (1996-2001)
生年月日：1963年頃; 1972/1/30
出生地： Nahrin District, Baghlan Province, Afghanistan
別名：A・カビール; アブドゥル・カビール・ムハンマド・ジャン
A. Kabir; Abdul Kabir Muhammad Jan
国籍：アフガニスタン
Afghanistan
旅券番号：アフガニスタン外交旅券D0009925（２０２２年５月２２日にアフガニスタンの
カブールで発行、２０２７年５月２２日に失効、氏名の英字表記：Abdul Kabir
Muhammad Jan、２０２７年５月２２日に失効）
住所等：アフガニスタン
Afghanistan
リスト掲載日：2001年1月25日（２００３年９月３日、２００５年１２月２０日、２００７年７月
１８日、９月２１日、２０１２年２月１３日、８月１３日、２０１３年１２月３１日、２０２６年３
月１０日及び４月２８日に改訂）
その他の情報： アフガニスタン東部におけるテロ活動を行っている。麻薬取引から資
金を集めている。２００９年時点でタリバーン最高評議会のメンバー。家族は元々
Neka District(Paktia Province, Afghanistan)出身。バグラン（Baghlan）における２００７
年１１月のアフガニスタン国会議員への攻撃の責任者。中央バグラン州(central
Baghlan Province)に土地を所有している。Zadran部族に属する。身長は１８５ｃｍ。国
連安全保障理事会決議第１８２２号（２００８年）に基づく見直しは２０１０年７月２３日
に終了した。写真はインターポール（国際刑事警察機構）･国連安全保障理事会特別
手配書に含まれているものを利用可能。同人に対するインターポール（国際刑事警
察機構）・国連安全保障理事会特別手配書のウェブ・リンク：
https://www.interpol.int/en/How-we-work/Notices/View-UN-Notices-Individuals
#2007-47114.",REVIEW_REQUIRED,REVIEW_REQUIRED,false,mofa-names-v1
126adf153bd520671b9de87b006de3863ebbbb907b1b3625168cdef117f4a794:UN:4,current_un,4,UN,,person,true,2;3,126adf153bd520671b9de87b006de3863ebbbb907b1b3625168cdef117f4a794,https://www.mofa.go.jp/mofaj/files/000015952.pdf,https://www.mofa.go.jp/mofaj/files/000015952.pdf#page=2,data/raw/mofa/126adf153bd520671b9de87b006de3863ebbbb907b1b3625168cdef117f4a794.pdf.gz,"４．モハンメド・オマル・グラム・ナビ
MOHAMMED OMAR GHULAM NABI
(original script: یبن ملاغ رمع دمحم)
称号：Mullah（ムラー）
役職：Leader of the Faithful (‘Amir ul-Mumineen’), Afghanistan （信仰指導者（アミ
ール・ウル・モミニーン））
生年月日：(a)１９６６年頃 (b)１９６０年 (c)１９５３年
出生地：(a) Naw Deh village, Deh Rawud District, Uruzgan Province, Afghanistan (b)
Maiwand District, Kandahar Province, Afghanistan
国籍：アフガニスタン
旅券番号：不明
ＩＤ番号：不明
住所：不明
国連制裁委員会による指定日：２０００年４月１２日（２００３年９月３日、２００７年９月２
１日、２０１１年１１月２９日、２０１３年１２月３１日及び２０１６年９月７日に改訂）
その他の情報：父親の名前は Ghulam Nabi（グラム・ナビ）（Mullah Musafir（ムラー・ム
サフィル）としても知られている）。眼球欠損（左側）。Ahmad Jan Akhundzada Shukoor
Akhundzada（アフマド・ジャン・アーフンドザーダ・シュクール・アーフンドザーダ）（１１２．
に指定した個人）の義理の兄弟。アフガニスタンとパキスタンの国境地帯にいると思
われている。Hotak 部族に属する。安全保障理事会決議第１８２２号（２００８年）に基
づく見直しは２０１０年７月２７日に終了した。２０１３年４月時点で死亡したと報告され
ている。同人に対するインターポール（国際刑事警察機構）・国連安全保障理事会特
別手配書のウェブ・リンク：https://www.interpol.int/en/notice/search/un/1427394",REVIEW_REQUIRED,REVIEW_REQUIRED,false,mofa-names-v1
126adf153bd520671b9de87b006de3863ebbbb907b1b3625168cdef117f4a794:UN:5,current_un,5,UN,,person,true,3,126adf153bd520671b9de87b006de3863ebbbb907b1b3625168cdef117f4a794,https://www.mofa.go.jp/mofaj/files/000015952.pdf,https://www.mofa.go.jp/mofaj/files/000015952.pdf#page=3,data/raw/mofa/126adf153bd520671b9de87b006de3863ebbbb907b1b3625168cdef117f4a794.pdf.gz,"５．ムハンマド・ターヘル・アヌワリー（別名：(a)モハンマド・ターヘル・アヌワリー(b)ムハ
ンマド・ターヒル・アヌワリー(c)モハンマド・ターフレ・アヌワリー(d)ハッジ・ムディール）
MUHAMMAD TAHER ANWARI (a.k.a.: (a)Mohammad Taher Anwari (b) Muhammad
Tahir Anwari (c) Mohammad Tahre Anwari (d)Haji Mudir)
称号：Mullah（ムラー）
役職（タリバーン統治下）：(a)Director of Administrative Affairs （行政問題担当長官）
(b)Minister of Finance （財務大臣）
生年月日：１９６１年頃
出生地：Zurmat District, Paktia Province, Afghanistan
国籍：アフガニスタン
旅券番号：不明
ＩＤ番号：不明
住所：不明
国連制裁委員会による指定日：２００１年２月２３日（２００３年９月３日、２００７年７月９
日、９月２１日及び２０１１年１１月２９日に改訂）
その他の情報：Andar 部族に属する。安全保障理事会決議１８２２（２００８年）に基づく
見直しは２０１０年７月２３日に終了した。",EXTRACTED,REVIEW_REQUIRED,false,mofa-names-v1
126adf153bd520671b9de87b006de3863ebbbb907b1b3625168cdef117f4a794:UN:6,current_un,6,UN,,person,true,3;4,126adf153bd520671b9de87b006de3863ebbbb907b1b3625168cdef117f4a794,https://www.mofa.go.jp/mofaj/files/000015952.pdf,https://www.mofa.go.jp/mofaj/files/000015952.pdf#page=3,data/raw/mofa/126adf153bd520671b9de87b006de3863ebbbb907b1b3625168cdef117f4a794.pdf.gz,"６．サイイド・モハンメド・ハッカーニ（別名：サイイド・モハンマド・ハッカーニ）
SAYYED MOHAMMED HAQQANI (a.k.a.: Sayyed Mohammad Haqqani)
称号：Mullah （ムラー）
役職（タリバーン統治下）：(a)Director of Administrative Affairs （行政問題担当長官）
(b)Head of Information and Culture in Kandahar Province （カンダハール州情報文化
局長）
生年月日：１９６５年頃
出生地：Chaharbagh village, Arghandab District, Kandahar Province, Afghanistan
国籍：アフガニスタン
旅券番号：不明
ＩＤ番号：不明
住所：不明
国連制裁委員会による指定日：２００１年１月３１日（２００３年９月３日、２００５年１２月
２０日、２００７年７月１８日、９月２１日、２０１１年１１月２９日及び２０１６年９月７日に
改訂）
その他の情報：パキスタンの Akora Khattak にあるハッカーニャ・マドラサ（Haqqaniya
madrasa）（注：マドラサはイスラム神学校）を卒業。タリバーン指導者であるムラー・モ
ハンメド・オマル（４．に指定した個人）と緊密な関係にあったと思われている。アフガ
ニスタンとパキスタンの国境地帯にいると思われている。２０１０年６月現在、タリバー
ン最高評議会のメンバー。Barakzay 部族に属する。安全保障理事会決議第１８２２号
（２００８年）に基づく見直しは２０１０年７月２７日に終了した。写真はインターポール
（国際警察刑事機構）･国連安全保障理事会特別手配書に含まれているものを利用
可能。２０１６年１月時点で死亡したと報告されている。",EXTRACTED,REVIEW_REQUIRED,false,mofa-names-v1
126adf153bd520671b9de87b006de3863ebbbb907b1b3625168cdef117f4a794:UN:7,current_un,7,UN,TAi.007,person,true,4;5,126adf153bd520671b9de87b006de3863ebbbb907b1b3625168cdef117f4a794,https://www.mofa.go.jp/mofaj/files/000015952.pdf,https://www.mofa.go.jp/mofaj/files/000015952.pdf#page=4,data/raw/mofa/126adf153bd520671b9de87b006de3863ebbbb907b1b3625168cdef117f4a794.pdf.gz,"７．アブドゥル・ラティフ・マンスール
ABDUL LATIF MANSUR
(original script: روصنم فیطللا د بع)
国連参照番号：TAi.007
称号：マウラヴィ
Maulavi
役職：（タリバーン統治下(1996-2001)）農業大臣
Minister of Agriculture under the Taliban regime (1996-2001)
生年月日：１９６８年頃; 1967/11/12
出生地：Zurmat District, Paktia Province, Afghanistan; Garda Saray District, Paktia
Province, Afghanistan
別名：アブドゥル・ラティフ・マンスール; ワリ・モハンマド
Abdul Latif Mansoor; Wali Mohammad
国籍： アフガニスタン
Afghanistan
旅券番号：アフガニスタン外交旅券 D0009720（２０２１年１０月１２日にアフガニスタン
のカブールで発行、２０２６年１０月１２日に失効、氏名の英字表記：Abdul Latif
Mansoor、２０２６年１０月１２日に失効）; アフガニスタン外交旅券D0010442（２０２４年
１１月１３日発行、２０２９年１１月１３日失効）
住所等：Darul Aman, Kabul, Afghanistan
リスト掲載日：2001 年 1 月 31 日（２００３年９月３日、２００７年７月１８日、９月２１日、
２０１２年２月１３日、５月１８日、２０１３年４月２２日、２０２６年３月１０日及び４月２８日
に改訂）
その他の情報：２０１２年後半時点ロガール州（Logar Province）におけるタリバーンの
影の知事。Sahak（Ghilzai）部族に属する。身長は１７０ｃｍ。国連安全保障理事会決
議第１８２２号（２００８年）に基づく見直しは２０１０年７月２７日に終了した。写真はイ
ンターポール（国際刑事警察機構）･国連安全保障理事会特別手配書に含まれてい
るものを利用可能。同人に対するインターポール（国際刑事警察機構）・国連安全保
障理事 会特 別手配 書のウ ェ ブ・リ ンク： https://www.interpol.int/en/How-we-
work/Notices/View-UN-Notices-Individuals
#2006-25913.",REVIEW_REQUIRED,REVIEW_REQUIRED,false,mofa-names-v1
126adf153bd520671b9de87b006de3863ebbbb907b1b3625168cdef117f4a794:UN:8,current_un,8,UN,,person,true,5,126adf153bd520671b9de87b006de3863ebbbb907b1b3625168cdef117f4a794,https://www.mofa.go.jp/mofaj/files/000015952.pdf,https://www.mofa.go.jp/mofaj/files/000015952.pdf#page=5,data/raw/mofa/126adf153bd520671b9de87b006de3863ebbbb907b1b3625168cdef117f4a794.pdf.gz,"８．シャムス・アル・ラフマーン・アブドゥル・ザーヒル（別名：(a)シャムスッラフマーン(b)
シャムス・ラフマーン(c)シャムスッラフマーン・アブドッラフマン(d)シャムス・アル・ラフマ
ーン・シェール・アラム）
SHAMS UR-RAHMAN ABDUL ZAHIR (a.k.a.: (a)Shamsurrahman (b)Shams-u-
Rahman (c)Shamsurrahman Abdurahman (d)Shams ur-Rahman Sher Alam)
称号：(a)Mullah （ムラー） (b)Maulavi （マウラヴィ）
役職（タリバーン統治下）：Deputy Minister of Agriculture （農業次官）
生年月日：１９９５年
出生地：Waka Uzbin village, Sarobi District, Kabul Province, Afghanistan
国籍：アフガニスタン
旅券番号：不明
ＩＤ番号：アフガニスタン国民ＩＤカード(tazkira)番号: (a)2132370 (b)812673
住所：不明
国連制裁委員会による指定日：２００１年２月２３日（２００３年９月３日、２００７年９月２
１日、２０１０年４月１２日、２０１１年１１月２９日及び２０１２年５月１８日に改訂）
その他の情報：アフガニスタンとパキスタンの国境地帯にいると思われている。麻薬
取引に関与している。Ghilzai 部族に属している。安全保障理事会決議１８２２（２００８
年）に基づく見直しは２０１０年７月２７日に終了した。",EXTRACTED,REVIEW_REQUIRED,false,mofa-names-v1
126adf153bd520671b9de87b006de3863ebbbb907b1b3625168cdef117f4a794:UN:9,current_un,9,UN,,person,true,5;6,126adf153bd520671b9de87b006de3863ebbbb907b1b3625168cdef117f4a794,https://www.mofa.go.jp/mofaj/files/000015952.pdf,https://www.mofa.go.jp/mofaj/files/000015952.pdf#page=5,data/raw/mofa/126adf153bd520671b9de87b006de3863ebbbb907b1b3625168cdef117f4a794.pdf.gz,"９．アッティクッラー・アフンド
ATTIQULLAH AKHUND
称号：Maulavi （マウラヴィ）
役職（タリバーン統治下）：Deputy Minister of Agriculture （農業次官）
生年月日：１９５３年頃
出生地：Shah Wali Kot District, Kandahar Province, Afghanistan
国籍：アフガニスタン
旅券番号：不明
ＩＤ番号：不明
住所：不明
国連制裁委員会による指定日：２００１年２月２３日（２００３年９月３日、２００７年９月２
１日及び２０１１年１１月２９日に改訂）
その他の情報：２０１０年６月現在、タリバーン最高軍事評議会及びタリバーン最高評
議会のメンバー。Popalzai 部族に属する。安全保障理事会決議１８２２（２００８年）に
基づく見直しは２０１０年７月２３日に終了した。",EXTRACTED,REVIEW_REQUIRED,false,mofa-names-v1
126adf153bd520671b9de87b006de3863ebbbb907b1b3625168cdef117f4a794:UN:10,current_un,10,UN,,unknown,false,6,126adf153bd520671b9de87b006de3863ebbbb907b1b3625168cdef117f4a794,https://www.mofa.go.jp/mofaj/files/000015952.pdf,https://www.mofa.go.jp/mofaj/files/000015952.pdf#page=6,data/raw/mofa/126adf153bd520671b9de87b006de3863ebbbb907b1b3625168cdef117f4a794.pdf.gz,１０． ※２０１１年１１月１８日解除,HISTORICAL,REVIEW_REQUIRED,false,mofa-names-v1
126adf153bd520671b9de87b006de3863ebbbb907b1b3625168cdef117f4a794:UN:11,current_un,11,UN,,person,true,6,126adf153bd520671b9de87b006de3863ebbbb907b1b3625168cdef117f4a794,https://www.mofa.go.jp/mofaj/files/000015952.pdf,https://www.mofa.go.jp/mofaj/files/000015952.pdf#page=6,data/raw/mofa/126adf153bd520671b9de87b006de3863ebbbb907b1b3625168cdef117f4a794.pdf.gz,"１１．アフタール・モハンマド・マンスール・シャフ・モハンメド（別名：(a)アフタール・モハ
ンマド・マンスール・カーン・ムハンマド(b)アフタール・ムハンマド・マンスール(c)アフタ
ール・モハンマド・マンスール(d)ナーイブ・イマーム）
AKHTAR MOHAMMAD MANSOUR SHAH MOHAMMED (a.k.a.: (a)Akhtar Mohammad
Mansour Khan Muhammad (b)Akhtar Muhammad Mansoor (c)Akhtar Mohammad
Mansoor (d) Naib Imam)
称号：(a)Maulavi （マウラヴィ） (b)Mullah （ムラー）
役職（タリバーン統治下）：Minister of Civil Aviation and Transportation （航空・運輸
大臣）
生年月日：(a)１９６０年頃(b)１９６６年
出生地：Band-e-Timur village, Maiwand District, Kandahar Province, Afghanistan
国籍：アフガニスタン
旅券番号：アフガニスタン旅券：SE-011697（１９８８年１月２５日にカブールで発行、２
０００年２月２３日に失効）
ＩＤ番号：不明
住所：不明
国連制裁委員会による指定日：２００１年１月２５日（２００３年９月３日、２００７年７月１
８日、９月２１日、２００８年２月１日、２０１１年１１月２９日及び２０１６年１２月２３日に
改訂）
その他の情報：２０１１年現在、麻薬取引に関与しており、特にアフガニスタンの
Gerd-e-Jangal を往来している。２００７年５月現在、アフガニスタンのホースト州、パク
ティア州及びパクティカ州において活動している。２００７年５月現在、カンダハール州
におけるタリバーンの知事。２００９年現在、タリバーン最高評議会のムラー・アブドゥ
ル・ガニ・バラダール（２４．に指定した個人）の副官。アフガニスタン南部４州における
タリバーンの正式な責任者。２０１０年２月のムラー・バラダールの逮捕に伴い、一時
的にタリバーン最高評議会を担当。アフガニスタンとパキスタンの国境地帯にいると
思われている。Ishaqzai 部族に属する。安全保障理事会決議１８２２（２００８年）に基
づく見直しは２０１０年７月２１日に終了した。２０１６年５月に死亡したとされる。",EXTRACTED,REVIEW_REQUIRED,false,mofa-names-v1
126adf153bd520671b9de87b006de3863ebbbb907b1b3625168cdef117f4a794:UN:12,current_un,12,UN,,unknown,false,6,126adf153bd520671b9de87b006de3863ebbbb907b1b3625168cdef117f4a794,https://www.mofa.go.jp/mofaj/files/000015952.pdf,https://www.mofa.go.jp/mofaj/files/000015952.pdf#page=6,data/raw/mofa/126adf153bd520671b9de87b006de3863ebbbb907b1b3625168cdef117f4a794.pdf.gz,１２． ※２０１２年８月２４日解除,HISTORICAL,REVIEW_REQUIRED,false,mofa-names-v1
126adf153bd520671b9de87b006de3863ebbbb907b1b3625168cdef117f4a794:UN:13,current_un,13,UN,,person,true,6;7,126adf153bd520671b9de87b006de3863ebbbb907b1b3625168cdef117f4a794,https://www.mofa.go.jp/mofaj/files/000015952.pdf,https://www.mofa.go.jp/mofaj/files/000015952.pdf#page=6,data/raw/mofa/126adf153bd520671b9de87b006de3863ebbbb907b1b3625168cdef117f4a794.pdf.gz,"１３．モハンマド・ナイム・バリチ・フダイダード（別名：(a)ムラー・ナイーム・バレチ(b)ム
ラー・ナイーム・バライチ(c)ムラー・ナイムラー(d)ムラー・ナイム・バレフ(e)モハンマド・
ナイム(f)ムラー・ナイム・バリチ(g)ムラー・ナイム・バレチ(h)ムラー・ナイム・バレチ・ア
フンド(i)ムラー・ナイーム・バリク(j)ナイム・ベリチ(k)ハッジ・グル・モハンメド・ナイム・
バリチ(l)グル・モハンマド(m)ハッジ・グル・モハンマド(n)グル・モハンマド・カムラン(o)
マウラウィ・グル・モハンマド(p)スペン・ズラエ）
MOHAMMAD NAIM BARICH KHUDAIDAD (a.k.a.: (a)Mullah Naeem Barech (b)Mullah
Naeem Baraich (c)Mullah Naimullah (d)Mullah Naim Bareh (e)Mohammad Naim (f)Mullah
Naim Barich (g)Mullah Naim Barech (h)Mullah Naim Barech Akhund (i)Mullah Naeem
Baric (j)Naim Berich (k)Haji Gul Mohammed Naim Barich (l)Gul Mohammad (m)Haji Ghul
Mohammad (n)Gul Mohammad Kamran (o)Mawlawi Gul Mohammad (p)Spen Zrae)
称号：Mullah （ムラー）
役職（タリバーン統治下）：Deputy Minister of Civil Aviation（航空次官）
生年月日：１９７５年頃
出 生 地 ： (a)Lakhi village, Hazarjuft Area, Garmsir District, Helmand Province,
Afghanistan (b)Laki village, Garmsir District, Helmand Province, Afghanistan (c)Lakari
village, Garmsir District, Helmand Province, Afghanistan (d)Darvishan, Garmsir District,
Helmand Province, Afghanistan (e)De Luy Wiyalah village, Garmsir District, Helmand
Province, Afghanistan
国籍：アフガニスタン
旅券番号：不明
ＩＤ番号：不明
住所：不明
国連制裁委員会による指定日：２００１年２月２３日（２００３年９月３日、２００７年７月９
日、９月２１日、２０１２年２月１３日、８月１３日、２０１３年４月２２日及び１２月３１日に
改訂）
その他の情報：２０１３年中期時点でタリバーン軍事委員会のメンバー。アフガニスタ
ンとパキスタンの国境地帯にいると思われている。Barich 部族に属する。安全保障
理事会決議１８２２号（２００８年）に基づく見直しは２０１０年６月１日に終了した。",EXTRACTED,REVIEW_REQUIRED,false,mofa-names-v1
126adf153bd520671b9de87b006de3863ebbbb907b1b3625168cdef117f4a794:UN:14,current_un,14,UN,,person,true,7;8,126adf153bd520671b9de87b006de3863ebbbb907b1b3625168cdef117f4a794,https://www.mofa.go.jp/mofaj/files/000015952.pdf,https://www.mofa.go.jp/mofaj/files/000015952.pdf#page=7,data/raw/mofa/126adf153bd520671b9de87b006de3863ebbbb907b1b3625168cdef117f4a794.pdf.gz,"１４．ヒダーヤトゥッラー（別名：アブー・トゥラブ）
HIDAYATULLAH (a.k.a.: Abu Turab)
称号：不明
役職（タリバーン統治下）：Deputy Minister of Civil Aviation and Tourism（航空・観光
次官）
生年月日：１９６８年頃
出生地：Arghandab District, Kandahar Province, Afghanistan
国籍：アフガニスタン
旅券番号：不明
ＩＤ番号：不明
住所：不明
国連制裁委員会による指定日：２００１年３月８日（２００３年９月３日、２００７年９月２１
日、２００８年２月２８日、１０月３日及び２０１１年１１月２９日に改訂）
その他の情報：アフガニスタンとパキスタンの国境地帯にいると思われている。Ghilzai
部族に属する。安全保障理事会決議１８２２（２００８年）に基づく見直しは２０１０年７
月２９日に終了した。",EXTRACTED,REVIEW_REQUIRED,false,mofa-names-v1
126adf153bd520671b9de87b006de3863ebbbb907b1b3625168cdef117f4a794:UN:15,current_un,15,UN,,person,true,8,126adf153bd520671b9de87b006de3863ebbbb907b1b3625168cdef117f4a794,https://www.mofa.go.jp/mofaj/files/000015952.pdf,https://www.mofa.go.jp/mofaj/files/000015952.pdf#page=8,data/raw/mofa/126adf153bd520671b9de87b006de3863ebbbb907b1b3625168cdef117f4a794.pdf.gz,"１５．ヤール・モハンマド・ラヒミ
YAR MOHAMMAD RAHIMI
称号：Mullah （ムラー）
役職（タリバーン統治下）：Minister of Communication （通信大臣）
生年月日：１９５３年頃
出生地：Taluqan village, Panjwai District, Kandahar Province, Afghanistan
国籍：アフガニスタン
旅券番号：不明
ＩＤ番号：不明
住所：不明
国連制裁委員会による指定日：２００１年１月２５日（２００３年９月３日、２００７年９月２
１日及び２０１１年１１月２９日に改訂）
その他の情報：２００９年現在、タリバーン最高評議会のメンバー。アフガニスタンとパ
キスタンの国境地帯にいると思われている。Nurzai 部族に属する。安全保障理事会
決議１８２２（２００８年）に基づく見直しは２０１０年７月２３日に終了した。",EXTRACTED,REVIEW_REQUIRED,false,mofa-names-v1
126adf153bd520671b9de87b006de3863ebbbb907b1b3625168cdef117f4a794:UN:16,current_un,16,UN,,person,true,8,126adf153bd520671b9de87b006de3863ebbbb907b1b3625168cdef117f4a794,https://www.mofa.go.jp/mofaj/files/000015952.pdf,https://www.mofa.go.jp/mofaj/files/000015952.pdf#page=8,data/raw/mofa/126adf153bd520671b9de87b006de3863ebbbb907b1b3625168cdef117f4a794.pdf.gz,"１６．アッラー・ダード・タイェブ・ワリ・ムハンマド（別名：(a)アッラー・ダード・タイヤブ(b)
アッラー・ダード・タビーブ）
ALLAH DAD TAYEB WALI MUHAMMAD (a.k.a.: (a)Allah Dad Tayyab (b)Allah Dad
Tabeeb)
称号：(a)Mullah （ムラー） (b)Haji （ハッジ）
役職（タリバーン統治下）：Deputy Minister of Communication （通信次官）
生年月日：１９６３年頃
出生地：(a)Ghorak District, Kandahar Province, Afghanistan (b)Nesh District,
Uruzgan Province, Afghanistan
国籍：アフガニスタン
旅券番号：不明
ＩＤ番号：不明
住所：不明
国連制裁委員会による指定日：２００１年１月２５日（２００３年９月３日、２００７年７月１
８日、９月２１日、２０１１年１１月２９日、２０１２年５月１８日及び２０１６年９月７日に改
訂）
その他の情報：Popalzai 部族に属する。安全保障理事会決議第１８２２号（２００８年）
に基づく見直しは２０１０年７月２９日に終了した。写真はインターポール（国際警察刑
事機構）･国連安全保障理事会特別手配書に含まれているものを利用可能。２０１５
年１１月時点で死亡した。",EXTRACTED,REVIEW_REQUIRED,false,mofa-names-v1
126adf153bd520671b9de87b006de3863ebbbb907b1b3625168cdef117f4a794:UN:17,current_un,17,UN,,unknown,false,9,126adf153bd520671b9de87b006de3863ebbbb907b1b3625168cdef117f4a794,https://www.mofa.go.jp/mofaj/files/000015952.pdf,https://www.mofa.go.jp/mofaj/files/000015952.pdf#page=9,data/raw/mofa/126adf153bd520671b9de87b006de3863ebbbb907b1b3625168cdef117f4a794.pdf.gz,１７． ※２０１３年３月１９日解除,HISTORICAL,REVIEW_REQUIRED,false,mofa-names-v1
126adf153bd520671b9de87b006de3863ebbbb907b1b3625168cdef117f4a794:UN:18,current_un,18,UN,,unknown,false,9,126adf153bd520671b9de87b006de3863ebbbb907b1b3625168cdef117f4a794,https://www.mofa.go.jp/mofaj/files/000015952.pdf,https://www.mofa.go.jp/mofaj/files/000015952.pdf#page=9,data/raw/mofa/126adf153bd520671b9de87b006de3863ebbbb907b1b3625168cdef117f4a794.pdf.gz,１８． ※２０１０年２月１９日解除,HISTORICAL,REVIEW_REQUIRED,false,mofa-names-v1
126adf153bd520671b9de87b006de3863ebbbb907b1b3625168cdef117f4a794:UN:19,current_un,19,UN,,person,true,9,126adf153bd520671b9de87b006de3863ebbbb907b1b3625168cdef117f4a794,https://www.mofa.go.jp/mofaj/files/000015952.pdf,https://www.mofa.go.jp/mofaj/files/000015952.pdf#page=9,data/raw/mofa/126adf153bd520671b9de87b006de3863ebbbb907b1b3625168cdef117f4a794.pdf.gz,"１９．ニク・モハンマド・ドスト・モハンマド（別名：ニク・モハンマド）
NIK MOHAMMAD DOST MOHAMMAD (a.k.a.: Nik Mohammad)
称号：Maulavi （マウラヴィ）
役職（タリバーン統治下）：Deputy Minister of Commerce（商業次官）
生年月日：１９５７年頃
出生地：Zangi Abad village, Panjwai District, Kandahar Province, Afghanistan
国籍：アフガニスタン
旅券番号：不明
ＩＤ番号：不明
住所：不明
国連制裁委員会による指定日：２００１年１月３１日（２００３年９月３日、２００７年９月２
１日、２０１１年１１月２９日、２０１２年８月１３日、１０月１９日及び２０１３年１２月３１日
に改訂）
その他の情報：２０１３年中期時点でタリバーンの敵を登録する委員会を率いている。
アフガニスタンとパキスタンの国境地帯にいると思われている。Nurzai部族に属する。
安全保障理事会決議１８２２（２００８年）に基づく見直しは２０１０年７月２７日に終了し
た。",EXTRACTED,REVIEW_REQUIRED,false,mofa-names-v1
126adf153bd520671b9de87b006de3863ebbbb907b1b3625168cdef117f4a794:UN:20,current_un,20,UN,,person,true,9,126adf153bd520671b9de87b006de3863ebbbb907b1b3625168cdef117f4a794,https://www.mofa.go.jp/mofaj/files/000015952.pdf,https://www.mofa.go.jp/mofaj/files/000015952.pdf#page=9,data/raw/mofa/126adf153bd520671b9de87b006de3863ebbbb907b1b3625168cdef117f4a794.pdf.gz,"２０．マティーウッラー
MATIULLAH
称号：Mullah （ムラー）
役職（タリバーン統治下）：Director, Kabul Custom House （カブール税関長）
生年月日：１９７３年頃
出生地：Daman District, Kandahar Province, Afghanistan
国籍：アフガニスタン
旅券番号：不明
ＩＤ番号：不明
住所：不明
国連制裁委員会による指定日：２００１年２月２３日（２００３年９月３日、２００７年９月２
１日、２００８年１０月３日、２０１１年１１月２９日及び２０１３年１２月３１日に改訂）
その他の情報：２０１３年中期時点でタリバーン運動のための採用活動に従事。アフ
ガニスタンとパキスタンの国境地帯にいると思われている。Popalzai 部族に属する。
安全保障理事会決議１８２２（２００８年）に基づく見直しは２０１０年７月２３日に終了し
た。",EXTRACTED,REVIEW_REQUIRED,false,mofa-names-v1
126adf153bd520671b9de87b006de3863ebbbb907b1b3625168cdef117f4a794:UN:21,current_un,21,UN,,person,true,9;10,126adf153bd520671b9de87b006de3863ebbbb907b1b3625168cdef117f4a794,https://www.mofa.go.jp/mofaj/files/000015952.pdf,https://www.mofa.go.jp/mofaj/files/000015952.pdf#page=9,data/raw/mofa/126adf153bd520671b9de87b006de3863ebbbb907b1b3625168cdef117f4a794.pdf.gz,"２１．アッラー・ダード・マティーン（別名：(a)アッラーフダード(b)シャヒドウラー(c)アフン
ド）
ALLAH DAD MATIN (a.k.a.: (a) Allahdad (b)Shahidwror (c)Akhund)
称号：Mullah （ムラー）
役職（タリバーン統治下）：(a) Minister of Urban Development（都市開発大臣） (b)
President of Central Bank (Da Afghanistan Bank) （中央銀行総裁） (c) Head of Ariana
Afghan Airlines （アリアナ・アフガン航空代表）
生年月日：(a)１９５３年頃 (b)１９６０年頃
出生地：Kadani village, Spin Boldak District, Kandahar Province, Afghanistan
国籍：アフガニスタン
旅券番号：不明
ＩＤ番号：不明
住所：不明
国連制裁委員会による指定日：２００１年１月３１日（２００３年９月３日、２００７年９月２
１日、２０１１年１１月２９日及び２０１３年１２月３１日に改訂）
その他の情報：地雷の爆発により片方の足を失う。アフガニスタンとパキスタンの国
境地帯にいると思われている。Nurzai 部族に属する。安全保障理事会決議１８２２（２
００８年）に基づく見直しは２０１０年７月２７日に終了した。",EXTRACTED,REVIEW_REQUIRED,false,mofa-names-v1
126adf153bd520671b9de87b006de3863ebbbb907b1b3625168cdef117f4a794:UN:22,current_un,22,UN,,person,true,10,126adf153bd520671b9de87b006de3863ebbbb907b1b3625168cdef117f4a794,https://www.mofa.go.jp/mofaj/files/000015952.pdf,https://www.mofa.go.jp/mofaj/files/000015952.pdf#page=10,data/raw/mofa/126adf153bd520671b9de87b006de3863ebbbb907b1b3625168cdef117f4a794.pdf.gz,"２２．ウバイドゥッラー・アフンド・ヤール・モハンマド・アフンド（別名：(a)オバイドゥッラ
ー・アフンド(b)オバイド・ウッラー・アフンド）
UBAIDULLAH AKHUND YAR MOHAMMAD AKHUND (a.k.a.: (a)Obaidullah Akhund
(b)Obaid Ullah Akhund)
称号：(a)Mullah （ムラー） (b)Hadji （ハッジ） (c)Maulavi （マウラヴィ）
役職（タリバーン統治下）：Minister of Defence （国防大臣）
生年月日：(a)１９６８年頃 (b)１９６９年
出生地：(a)Sangisar village, Panjwai District, Kandahar Province, Afghanistan
(b)Arghandab District, Kandahar Province, Afghanistan (c)Nalgham area, Zheray
District, Kandahar Province, Afghanistan
国籍：アフガニスタン
旅券番号：不明
ＩＤ番号：不明
住所：不明
国連制裁委員会による指定日：２００１年１月２５日（２００３年９月３日、２００７年７月１
８日、９月２１日、２０１１年１１月２９日、２０１２年５月１８日及び２０１３年１２月３１日に
改訂）
その他の情報：モハンメド・オマル（４．に指定した個人）の副官の一人であり、タリバ
ーン最高評議会のメンバーで、軍事活動を担当していた。２００７年に逮捕され、パキ
スタンで拘留されていた。２０１０年３月に死亡し、Karachi, Pakistan に埋められたと確
認されている。サレー・モハンマド・カーカル・アフタール・ムハンマド（５８０．に指定し
た個人）と婚姻関係を通じたつながりがある。Alokozai 部族に属していた。安全保障
理事会決議１８２２（２００８年）に基づく見直しは２０１０年７月２１日に終了した。",EXTRACTED,REVIEW_REQUIRED,false,mofa-names-v1
126adf153bd520671b9de87b006de3863ebbbb907b1b3625168cdef117f4a794:UN:23,current_un,23,UN,TAi.023,person,true,11,126adf153bd520671b9de87b006de3863ebbbb907b1b3625168cdef117f4a794,https://www.mofa.go.jp/mofaj/files/000015952.pdf,https://www.mofa.go.jp/mofaj/files/000015952.pdf#page=11,data/raw/mofa/126adf153bd520671b9de87b006de3863ebbbb907b1b3625168cdef117f4a794.pdf.gz,"２３．ファダル・モハンマド・マズルーム
FAZL MOHAMMAD MAZLOOM
(original script: مولظم دمحم لضف)
国連参照番号：TAi.023
称号：ムラー
Mullah
役職：（タリバーン統治下（1996-2001））陸軍副参謀長
Deputy Chief of Army Staff of the Taliban regime (1996-2001)
生年月日：１９６３年から１９６８年の間; 1971/10/24
出生地：Uruzgan, Afghanistan
別名：モラーフ・ファダル; ファーディル・モハンマド・マズルーム; モハンマド・ファデ
ル・アフンド
Molah Fazl; Fazel Mohammad Mazloom; Mohammad Fadel Aakhund
(original script: دنوخآ لضاف د محم)
国籍：アフガニスタン
Afghanistan
旅券番号：アフガニスタン外交旅券 D0009726（２０２１年１０月１３日にアフガニスタン
のカブールで発行、２０２６年１０月１３日に失効、氏名の英字表記：Mohammad Fadel
Aakhund、氏名のアラビア語表記：دمحم لضاف دنوخآ 、２０２６年１０月１３日に失効）
住所等：Pule Mahmood Khan, PD2, 10011, Kabul, Afghanistan
リスト掲載日：2001 年 2 月 23 日（２００３年９月３日、２００７年９月２１日、２００８年１０
月３日、２０１３年１２月３１日、２０１６年９月７日、２０２６年３月１０日及び４月２８日に
改訂）
その他の情報：１９９６年に左足を失う。右足に重傷。身長は１６８ｃｍ。国連安全保障
理事会決議第１８２２号（２００８年）に基づく見直しは２０１０年７月２３日に終了した。
写真はインターポール（国際刑事警察機構）･国連安全保障理事会特別手配書に含
まれているものを利用可能。同人に対するインターポール（国際刑事警察機構）・国
連安全保障理事会特別手配書のウェブ・リンク：https://www.interpol.int/en/How-
we-work/Notices/View-UN-Notices-Individuals
#2012-316058.",REVIEW_REQUIRED,REVIEW_REQUIRED,false,mofa-names-v1
126adf153bd520671b9de87b006de3863ebbbb907b1b3625168cdef117f4a794:UN:24,current_un,24,UN,TAi.024,person,true,11;12,126adf153bd520671b9de87b006de3863ebbbb907b1b3625168cdef117f4a794,https://www.mofa.go.jp/mofaj/files/000015952.pdf,https://www.mofa.go.jp/mofaj/files/000015952.pdf#page=11,data/raw/mofa/126adf153bd520671b9de87b006de3863ebbbb907b1b3625168cdef117f4a794.pdf.gz,"２４．アブドゥル・ガニ・バラダール・アブドゥル・アフマド・トゥルク
ABDUL GHANI BARADAR ABDUL AHMAD TURK
(original script: کرت دمحلاا دبع ردارب ینغلادبع)
国連参照番号：TAi.024
称号：ムラー
Mullah
役職：（タリバーン統治下(1996-2001)）国防次官
Deputy Minister of Defence under the Taliban regime (1996-2001)
生年月日：１９６８年頃; 1963/9/29
出生地：Yatimak village, Dehrawood District, Uruzgan Province, Afghanistan
別名：ムラー・バラダール・アフンド; アブドゥル・ガニ・バラダール
Mullah Baradar Akhund; Abdul Ghani Baradar
国籍：アフガニスタン
Afghanistan
旅券番号：アフガニスタン外交旅券 D0009751（２０２１年１０月１６日にアフガニスタン
のカブールで発行、２０２６年１０月１６日に失効）; アフガニスタン旅券 P04999950（２
０２５年２月４日に発行、２０３５年２月４日に失効）
住所等：Kabul, Afghanistan
リスト掲載日：2001 年 2 月 23 日（２００３年９月３日、２００７年７月１８日、９月２１日、
２０１２年２月１３日、２０２６年３月１０日及び４月１３日に改訂）
その他の情報： Popalzai 部族に属する。身長は１７３ｃｍ。写真はインターポール（国
際刑事警察機構）・国連安全保障理事会特別手配書に含まれているものを利用可
能。国連安全保障理事会決議第１８２２号（２００８年）に基づく見直しは２０１０年６月
１日に終了した。同人に対するインターポール（国際刑事警察機構）・国連安全保障
理事会特別手配書のウェブ・リンク： https://www.interpol.int/en/How-we-
work/Notices/View-UN-Notices-Individuals",REVIEW_REQUIRED,REVIEW_REQUIRED,false,mofa-names-v1
126adf153bd520671b9de87b006de3863ebbbb907b1b3625168cdef117f4a794:UN:25,current_un,25,UN,,person,true,12,126adf153bd520671b9de87b006de3863ebbbb907b1b3625168cdef117f4a794,https://www.mofa.go.jp/mofaj/files/000015952.pdf,https://www.mofa.go.jp/mofaj/files/000015952.pdf#page=12,data/raw/mofa/126adf153bd520671b9de87b006de3863ebbbb907b1b3625168cdef117f4a794.pdf.gz,"２５．アブドゥル・ラウフ・ハーデム（別名：ムラー・アブドゥル・ラウフ・アリーザ）
ABDUL RAUF KHADEM (a.k.a.: Mullah Abdul Rauf Aliza)
称号：Mullah （ムラー）
役職（タリバーン統治下）：Commander of Central Corps（中央軍司令官）
生年月日：(a)１９５８年から１９６３年の間 (b)１９７０年頃
出生地：(a)Azan village, Kajaki District, Helmand Province, Afghanistan (b)Spin
Boldak District, Kandahar Province, Afghanistan
国籍：アフガニスタン
旅券番号：不明
ＩＤ番号：不明
住所：不明
国連制裁委員会による指定日：２００１年２月２３日（２００３年９月３日、２００７年９月２
１日及び２０１２年２月１３日に改訂）
その他の情報：２００９年時点でタリバーンの Quetta Shura のメンバー。２０１１年時点
でアフガニスタンのウルズガン州（Uruzgan Province）を管轄するタリバーンのメンバ
ー。安全保障理事会決議１８２２（２００８年）に基づく見直しは２０１０年６月１日に終了
した。",EXTRACTED,REVIEW_REQUIRED,false,mofa-names-v1
126adf153bd520671b9de87b006de3863ebbbb907b1b3625168cdef117f4a794:UN:26,current_un,26,UN,TAi.026,person,true,12;13,126adf153bd520671b9de87b006de3863ebbbb907b1b3625168cdef117f4a794,https://www.mofa.go.jp/mofaj/files/000015952.pdf,https://www.mofa.go.jp/mofaj/files/000015952.pdf#page=12,data/raw/mofa/126adf153bd520671b9de87b006de3863ebbbb907b1b3625168cdef117f4a794.pdf.gz,"２６．アミール・カーン・モタキ
AMIR KHAN MOTAQI
(original script: یقتم ناخ ریما)
国連参照番号：TAi.026
称号：ムラー
Mullah
役職：（タリバーン統治下（1996-2001））教育大臣; （タリバーン統治下（1996-2001））
国連会議代表
Minister of Education under the Taliban regime (1996-2001); Taliban representative
in UN-led talks under the Taliban regime (1996-2001)
生年月日：1968 年頃; 1970/12/25; 1971
出生地：Zurmat District, Paktia Province, Afghanistan; Shin Kalai village, Nad-e-Ali
District, Helmand Province, Afghanistan
別名：アミール・カーン・ムッタキ; アミール・カーン・ムタキ
Amir Khan Muttaqi; Amir Khan Mutaqi
国籍：アフガニスタン
Afghanistan
旅券番号：アフガニスタン外交旅券 D0009716（2021 年 9 月 25 日にアフガニスタンの
カブールで発行、氏名の英字表記：Amir Khan Mutaqi、氏名のアラビア語表記：
يقتم ناخریما、2026 年 9 月 25 日に失効);アフガニスタン外交旅券 D0009803 (2021 年
12 月 13 日発行、2026 年 12 月 13 日に失効)
住所等：Kabul, Afghanistan
リスト掲載日：２００１年１月２５日（２００３年９月３日、２００７年９月２１日、２０１１年１１
月２９日、2026 年 3 月 10 日及び４月１３日に改訂）
その他の情報：２００７年６月現在、タリバーン最高評議会のメンバー。Sulaimankhel
部族に属する。身長は 170cm。国連安全保障理事会決議第１８２２号（２００８年）に基
づく見直しは２０１０年７月２１日に終了した。写真はインターポール（国際刑事警察機
構）・国連安全保障理事会特別手配書に含まれているものを利用可能。同人に対す
るインターポール（国際刑事警察機構）・国連安全保障理事会特別手配書のウェブ・
リ ン ク ： https://www.interpol.int/en/How-we-work/Notices/View-UN-Notices-
Individuals",REVIEW_REQUIRED,REVIEW_REQUIRED,false,mofa-names-v1
126adf153bd520671b9de87b006de3863ebbbb907b1b3625168cdef117f4a794:UN:27,current_un,27,UN,TAi.027,person,true,13;14,126adf153bd520671b9de87b006de3863ebbbb907b1b3625168cdef117f4a794,https://www.mofa.go.jp/mofaj/files/000015952.pdf,https://www.mofa.go.jp/mofaj/files/000015952.pdf#page=13,data/raw/mofa/126adf153bd520671b9de87b006de3863ebbbb907b1b3625168cdef117f4a794.pdf.gz,"２７．アブドゥル・サラム・ハナフィー・アリ・マルダン・クル
ABDUL SALAM HANAFI ALI MARDAN QUL
(original script:
لق نادرم ی لع یفنح ملاسلادبع)
国連参照番号：TAi.027
称号：ムラー； マウラヴィ
Mullah; Maulavi
役職：（タリバーン統治下（1996-2001））教育次官
Deputy Minister of Education under the Taliban regime（1996-2001）
生年月日：1968 年頃; 1969/１/１
出生地：Darzab District, Faryab Province, Afghanistan; Qush Tepa District, Jawzjan
Province, Afghanistan
別名：アブドゥッサラム・ハニフィー； ハナフィー・サヘブ； アブドゥル・サラム・ハナフ
ィー
Abdussalam Hanifi; Hanafi Saheb; ABDUL SALAM HANAFI
(original script: يفنح ملاسلادبع)
国籍：アフガニスタン
Afghanistan
旅券番号：アフガニスタン外交旅券 D00009723; アフガニスタン外交旅券
D0010098 (2023 年４月４日にアフガニスタン・カブールで発行、2028 年４月４日に失
効、氏名の英字表記：Abdul Salam Hanafi、氏名のアラビア語表記：ملاسلادبع
يفنح); P03078281（ドバイで 2020 年２月９日に発行、2030 年２月９日に失効）
住所等：Kabul, Afghanistan
リスト掲載日：2001 年２月 23 日（2003 年９月３日、2007 年７月 18 日、９月 21 日、９
月 27 日、2008 年２月１日、2011 年 11 月 29 日、2026 年３月 10 日、４月 28 日及び
８月 27 日に改訂）
その他の情報：国連安全保障理事会決議に基づく見直しは 2010 年６月１日に終了
した。2008 年まで、アフガニスタン北部のジャウズジャン州（Jawzjan Province）を管
轄していたタリバーンのメンバー。麻薬取引に関与している。身長は 178cm。写真は
インターポール（国際刑事警察機構）･国連安全保障理事会特別手配書に含まれて
いるものを利用可能。同人に対するインターポール（国際刑事警察機構）・国連安全
保障理事会特別手配書のウェブ・リンク： https://www.interpol.int/en/How-we-
work/Notices/View-UN-Notices-Individuals #2006-25909.",REVIEW_REQUIRED,REVIEW_REQUIRED,false,mofa-names-v1
126adf153bd520671b9de87b006de3863ebbbb907b1b3625168cdef117f4a794:UN:28,current_un,28,UN,,person,true,14,126adf153bd520671b9de87b006de3863ebbbb907b1b3625168cdef117f4a794,https://www.mofa.go.jp/mofaj/files/000015952.pdf,https://www.mofa.go.jp/mofaj/files/000015952.pdf#page=14,data/raw/mofa/126adf153bd520671b9de87b006de3863ebbbb907b1b3625168cdef117f4a794.pdf.gz,"２８．サイド・アフメド・シャイドヘル
SAID AHMED SHAHIDKHEL
称号：Maulavi （マウラヴィ）
役職（タリバーン統治下）：Deputy Minister of Education （教育次官）
生年月日：１９７５年頃
出生地：Spandeh (Espandi ‘Olya) village, Andar District, Ghazni Province, Afghanistan
国籍：アフガニスタン
旅券番号：不明
ＩＤ番号：不明
住所：不明
国連制裁委員会による指定日：２００１年２月２３日（２００３年９月３日、２００５年１２月
２０日、２００７年９月２１日、２０１１年１１月２９日及び２０１３年１２月３１日に改訂）
その他の情報：２００３年７月にアフガニスタンのカブールにおいて拘留されていた。２
００７年に拘留を解かれた。アフガニスタンとパキスタンの国境地帯にいると思われて
いる。２０１３年中期時点で、タリバーン指導者評議会の一員。Andar 部族に属する。
安全保障理事会決議１８２２（２００８年）に基づく見直しは２０１０年７月２３日に終了し
た。",EXTRACTED,REVIEW_REQUIRED,false,mofa-names-v1
126adf153bd520671b9de87b006de3863ebbbb907b1b3625168cdef117f4a794:UN:29,current_un,29,UN,,unknown,false,14,126adf153bd520671b9de87b006de3863ebbbb907b1b3625168cdef117f4a794,https://www.mofa.go.jp/mofaj/files/000015952.pdf,https://www.mofa.go.jp/mofaj/files/000015952.pdf#page=14,data/raw/mofa/126adf153bd520671b9de87b006de3863ebbbb907b1b3625168cdef117f4a794.pdf.gz,２９． ※２０１２年８月２４日解除,HISTORICAL,REVIEW_REQUIRED,false,mofa-names-v1
126adf153bd520671b9de87b006de3863ebbbb907b1b3625168cdef117f4a794:UN:30,current_un,30,UN,,person,true,14;15,126adf153bd520671b9de87b006de3863ebbbb907b1b3625168cdef117f4a794,https://www.mofa.go.jp/mofaj/files/000015952.pdf,https://www.mofa.go.jp/mofaj/files/000015952.pdf#page=14,data/raw/mofa/126adf153bd520671b9de87b006de3863ebbbb907b1b3625168cdef117f4a794.pdf.gz,"３０．アレフラー・アレフ・ガジ・モハンマド（別名：アレフラー・アレフ(以前掲載の氏名)）
AREFULLAH AREF GHAZI MOHAMMAD（a.k.a.: Arefullah Aref (formerly listed as)）
称号：Maulavi （マウラヴィ）
役職（タリバーン統治下）：(a)Deputy Minister of Finance （財務次官）(b) Governor of
Ghazni Province （ガズニ州知事）(c) Governor of Paktia Province（パクティア州知事）
生年月日：１９５８年頃
出生地：Lawang (Lawand) village, Gelan District, Ghazni Province, Afghanistan
国籍：アフガニスタン
旅券番号：不明
ＩＤ番号：不明
住所：不明
国連制裁委員会による指定日：２００１年１月３１日（２００３年９月３日、２００７年９月２
１日、２０１１年１１月２９日及び２０１３年１２月３１日に改訂）
その他の情報：２０１３年中期時点で、Gelan District, Ghazni Province, Afghanistan の
タリバン最前線を指揮している。アフガニスタンとパキスタンの国境地帯にいると思わ
れている。Andar 部族に属する。安全保障理事会決議１８２２（２００８年）に基づく見直
しは２０１０年７月２７日に終了した。",REVIEW_REQUIRED,REVIEW_REQUIRED,false,mofa-names-v1
126adf153bd520671b9de87b006de3863ebbbb907b1b3625168cdef117f4a794:UN:31,current_un,31,UN,,person,true,15,126adf153bd520671b9de87b006de3863ebbbb907b1b3625168cdef117f4a794,https://www.mofa.go.jp/mofaj/files/000015952.pdf,https://www.mofa.go.jp/mofaj/files/000015952.pdf#page=15,data/raw/mofa/126adf153bd520671b9de87b006de3863ebbbb907b1b3625168cdef117f4a794.pdf.gz,"３１．モハンマド・アフマディ
MOHAMMAD AHMADI
称号：(a)Mullah （ムラー）(b)Haji （ハッジ）
役職（タリバーン統治下）：(a)President of Central Bank (Da Afghanistan Bank) （中央
銀行総裁）(b) Minister of Finance（財務大臣）
生年月日：１９６３年頃
出生地：(a)Daman District, Kandahar Province, Afghanistan (b)Pashmul village, Panjwai
District, Kandahar Province, Afghanistan
国籍：アフガニスタン
旅券番号：不明
ＩＤ番号：不明
住所：不明
国連制裁委員会による指定日：２００１年２月２３日（２００３年９月３日、２００７年９月２
１日、２０１１年１１月２９日及び２０１３年１２月３１日に改訂）
その他の情報：アフガニスタンとパキスタンの国境地帯にいると思われている。Kakar
部族に属する。タリバーン最高評議会のメンバー。安全保障理事会決議１８２２（２００
８年）に基づく見直しは２０１０年７月２３日に終了した。",EXTRACTED,REVIEW_REQUIRED,false,mofa-names-v1
126adf153bd520671b9de87b006de3863ebbbb907b1b3625168cdef117f4a794:UN:32,current_un,32,UN,,unknown,false,15,126adf153bd520671b9de87b006de3863ebbbb907b1b3625168cdef117f4a794,https://www.mofa.go.jp/mofaj/files/000015952.pdf,https://www.mofa.go.jp/mofaj/files/000015952.pdf#page=15,data/raw/mofa/126adf153bd520671b9de87b006de3863ebbbb907b1b3625168cdef117f4a794.pdf.gz,３２． ※２０１０年２月１９日解除,HISTORICAL,REVIEW_REQUIRED,false,mofa-names-v1
126adf153bd520671b9de87b006de3863ebbbb907b1b3625168cdef117f4a794:UN:33,current_un,33,UN,,person,true,15;16,126adf153bd520671b9de87b006de3863ebbbb907b1b3625168cdef117f4a794,https://www.mofa.go.jp/mofaj/files/000015952.pdf,https://www.mofa.go.jp/mofaj/files/000015952.pdf#page=15,data/raw/mofa/126adf153bd520671b9de87b006de3863ebbbb907b1b3625168cdef117f4a794.pdf.gz,"３３．アブドゥル・ラフマン・ザーヘド（別名：アブドゥル・レフマン・ザーヒド）
ABDUL RAHMAN ZAHED (a.k.a.: Abdul Rehman Zahid)
称号：Mullah （ムラー）
役職（タリバーン統治下）：Deputy Minister of Foreign Affairs （外務次官）
生年月日：１９６３年頃
出生地：Kharwar District, Logar Province, Afghanistan
国籍：アフガニスタン
旅券番号：不明
ＩＤ番号：不明
住所：不明
国連制裁委員会による指定日：２００１年１月２５日（２００３年９月３日、２００７年７月１
８日、９月２１日及び２０１１年１１月２９日に改訂）
その他の情報：アフガニスタンとパキスタンの国境地帯にいると思われている。安全
保障理事会決議１８２２（２００８年）に基づく見直しは２０１０年７月２１日に終了した。",EXTRACTED,REVIEW_REQUIRED,false,mofa-names-v1
126adf153bd520671b9de87b006de3863ebbbb907b1b3625168cdef117f4a794:UN:34,current_un,34,UN,,person,true,16;17,126adf153bd520671b9de87b006de3863ebbbb907b1b3625168cdef117f4a794,https://www.mofa.go.jp/mofaj/files/000015952.pdf,https://www.mofa.go.jp/mofaj/files/000015952.pdf#page=16,data/raw/mofa/126adf153bd520671b9de87b006de3863ebbbb907b1b3625168cdef117f4a794.pdf.gz,"３４．アブドゥル・ジャリール・ハッカーニ・ワリ・モハンマド（別名：(a)アブドゥル・ジャリー
ル・アフンド(b)アフタール・モハマド（ヌール・モハマドの息子、１９６５年にカンダハー
ルで出生、アフガニスタン旅券番号：OR1961825、在クエッタ・アフガニスタン総領事館
で２００３年２月４日に発行、２００６年２月２日に失効。）(c)ハッジ・グラブ・グル（ハッ
ジ・ハズラット・グルの息子、１９５５年に，アフガニスタンのロガールで出生、アフガニ
スタン旅券番号：TR024417、アフガニスタン、カブールの中央旅券部門で，２００３年１
２月２０日に発行、２００６年１２月２９日失効。）(d)アブドゥル・ジャリール・ハッカーニ
(e)ナザール・ジャン）
ABDUL JALIL HAQQANI WALI MOHAMMAD (a.k.a.: (a)Abdul Jalil Akhund (b) Akhter
Mohmad son of Noor Mohmad, born in 1965 in Kandahar, Afghanistan passport
number OR1961825 issued on 4 Feb.2003 by the Afghan Consulate in Quetta,
Pakistan, expired 2 Feb. 2006(c) Haji Gulab Gul son of Haji Hazrat Gul, born in 1955
in Logar, Afghanistan passport number TR024417 issued 20 Dec. 2003 by Central
Passport Department in Kabul, Afghanistan, expired 29 Dec. 2006 (d)Abdul Jalil
Haqqani (e)Nazar Jan)
称号：(a)Maulavi （マウラヴィ） (b)Mullah （ムラー）
役職（タリバーン統治下）：Deputy Minister of Foreign Affairs （外務次官）
生年月日：１９６３年頃
出生地：(a)Khwaja Malik village, Arghandab District, Kandahar Province, Afghanistan
(b)Kandahar City, Kandahar Province, Afghanistan
国籍：アフガニスタン
旅券番号：(a)アフガニスタン旅券番号：OR1961825(２００３年２月４日に発行，２００６
年２月２日に失効，Akhter Mohmadの名義で発行) (b)アフガニスタン旅券番号：
TR024417(２００３年１２月２０日に発行，２００６年１２月２９日に失効，Haji Gulab Gul
の名義で発行)
ＩＤ番号：不明
住所：不明
国連制裁委員会による指定日：２００１年１月２５日（２００３年９月３日、２００７年７月１
８日、９月２１日、９月２７日、２０１２年２月１３日、２０１３年２月１１日及び１２月３１日
に改訂）
その他の情報：アフガニスタンとパキスタンの国境地帯にいると思われている。２００７
年５月時点でタリバーン最高評議会のメンバー。同評議会の財務委員会のメンバー。
２０１３年中期時点でタリバーンの兵站業務の責任者であり、また個人的立場でビジ
ネスマンとして活動中。Alizai 部族に属する。アティクッラー・ワリ・モハンマド（７１．に
指定した個人）の兄弟。安全保障理事会決議１８２２（２００８年）に基づく見直しは２０
１０年７月２１日に終了した。",REVIEW_REQUIRED,REVIEW_REQUIRED,false,mofa-names-v1
126adf153bd520671b9de87b006de3863ebbbb907b1b3625168cdef117f4a794:UN:35,current_un,35,UN,,unknown,false,17,126adf153bd520671b9de87b006de3863ebbbb907b1b3625168cdef117f4a794,https://www.mofa.go.jp/mofaj/files/000015952.pdf,https://www.mofa.go.jp/mofaj/files/000015952.pdf#page=17,data/raw/mofa/126adf153bd520671b9de87b006de3863ebbbb907b1b3625168cdef117f4a794.pdf.gz,３５． ※２０１０年９月２２日解除,HISTORICAL,REVIEW_REQUIRED,false,mofa-names-v1
126adf153bd520671b9de87b006de3863ebbbb907b1b3625168cdef117f4a794:UN:36,current_un,36,UN,,person,true,17,126adf153bd520671b9de87b006de3863ebbbb907b1b3625168cdef117f4a794,https://www.mofa.go.jp/mofaj/files/000015952.pdf,https://www.mofa.go.jp/mofaj/files/000015952.pdf#page=17,data/raw/mofa/126adf153bd520671b9de87b006de3863ebbbb907b1b3625168cdef117f4a794.pdf.gz,"３６．ファイズ
FAIZ
称号：Maulavi （マウラヴィ）
役職（タリバーン統治下）：Head of the Information Department, Ministry of Foreign
Affairs （外務省情報局長）
生年月日：１９６９年頃
出生地：Ghazni Province, Afghanistan
国籍：アフガニスタン
旅券番号：不明
ＩＤ番号：不明
住所：不明
国連制裁委員会による指定日：２００１年２月２３日（２００３年９月３日、２００７年７月９
日、９月２１日及び２０１１年１１月２９日に改訂）
その他の情報：安全保障理事会決議１８２２（２００８年）に基づく見直しは２０１０年７
月２３日に終了した。",EXTRACTED,REVIEW_REQUIRED,false,mofa-names-v1
126adf153bd520671b9de87b006de3863ebbbb907b1b3625168cdef117f4a794:UN:37,current_un,37,UN,,unknown,false,17,126adf153bd520671b9de87b006de3863ebbbb907b1b3625168cdef117f4a794,https://www.mofa.go.jp/mofaj/files/000015952.pdf,https://www.mofa.go.jp/mofaj/files/000015952.pdf#page=17,data/raw/mofa/126adf153bd520671b9de87b006de3863ebbbb907b1b3625168cdef117f4a794.pdf.gz,３７． ※２０１０年２月１９日解除,HISTORICAL,REVIEW_REQUIRED,false,mofa-names-v1
126adf153bd520671b9de87b006de3863ebbbb907b1b3625168cdef117f4a794:UN:38,current_un,38,UN,TAi.038,person,true,17;18,126adf153bd520671b9de87b006de3863ebbbb907b1b3625168cdef117f4a794,https://www.mofa.go.jp/mofaj/files/000015952.pdf,https://www.mofa.go.jp/mofaj/files/000015952.pdf#page=17,data/raw/mofa/126adf153bd520671b9de87b006de3863ebbbb907b1b3625168cdef117f4a794.pdf.gz,"３８．アブドゥル・バキ・バシール・アワル・シャフ
ABDUL BAQI BASIR AWAL SHAH
(original script:هاش لوأ ریصب يقابلا دبع )
国連参照番号：TAi.038
称号：マウラヴィ; ムラー
Maulavi; Mullah
役職：（タリバーン統治下（1996-2001））ホースト及びパクティカ州の知事;（タリバーン
統治下（1996-2001））情報文化副大臣; （タリバーン統治下（1996-2001））外務省領
事局所属
Governor of Khost and Paktika provinces under the Taliban regime (1996-2001);
Vice-Minister of Information and Culture under the Taliban regime (1996-2001);
Consular Department, Ministry of Foreign Affairs under the Taliban regime (1996-
2001)
生年月日：1960年から1962年の間; 1967/1/1
出生地：Jalalabad City, Nangarhar Province, Afghanistan; Shinwar District, Nangarhar
Province, Afghanistan
別名：アブドゥル・バキ; アブドゥル・バキ・ハッカーニ
Abdul Baqi; Abdul Baqi Haqqani
(original script: يناقح يقابلادبع)
国籍：アフガニスタン
Afghanistan
旅券番号：アフガニスタン外交旅券D0009724（2021年10月13日にアフガニスタン・カブ
ールで発行、2026年10月13日に失効、氏名の英字表記：Abdul Baqi Haqqani、
氏名のアラビア語表記：يناقح يقابلادبع 、2026年10月13日に失効)
住所等：Afshar Main road Police District 5 near Kabul Education University, Kabul,
Afghanistan
リスト掲載日：2001年2月23日（2003年9月3日、2007年9月7日、9月21日、2011年11月
29日、2012年8月13日、2026年3月10日及び４月２８日に改訂）
その他の情報：2008年現在、ナンガルハール州（Nangarhar Province）を管轄するタリ
バーンのメンバー。2007年9月7日まで国連制裁委員会の制裁対象リストの掲載番号
TAi.048（48.に指定していた個人）にも掲載されていた。身長は175cm。国連安全保障
理事会決議第1822号（2008年）に基づく見直しは2010年6月1日に終了した。写真はイ
ンターポール（国際刑事警察機構）･国連安全保障理事会特別手配書に含まれてい
るものを利用可能。同人に対するインターポール（国際刑事警察機構）・国連安全保
障理事会特別手配書のウェブ・リンク：https://www.interpol.int/en/How-we-
work/Notices/View-UN-Notices-Individuals
#2007-47507.",REVIEW_REQUIRED,REVIEW_REQUIRED,false,mofa-names-v1
126adf153bd520671b9de87b006de3863ebbbb907b1b3625168cdef117f4a794:UN:39,current_un,39,UN,,person,true,18,126adf153bd520671b9de87b006de3863ebbbb907b1b3625168cdef117f4a794,https://www.mofa.go.jp/mofaj/files/000015952.pdf,https://www.mofa.go.jp/mofaj/files/000015952.pdf#page=18,data/raw/mofa/126adf153bd520671b9de87b006de3863ebbbb907b1b3625168cdef117f4a794.pdf.gz,"３９．モハンマド・ジャワド・ワジリ
MOHAMMAD JAWAD WAZIRI
称号：不明
役職（タリバーン統治下）：UN Department, Ministry of Foreign Affairs （外務省国連
局所属）
生年月日：１９６０年頃
出生地：(a)Jaghatu District, Maidan Wardak Province, Afghanistan (b)Sharana
District, Paktia Province, Afghanistan
国籍：アフガニスタン
旅券番号：不明
ＩＤ番号：不明
住所：不明
国連制裁委員会による指定日：２００１年２月２３日（２００３年９月３日、２００７年９月２
１日、２０１１年１１月２９日及び２０１２年５月１８日に改訂）
その他の情報：アフガニスタンとパキスタンの国境地帯にいると思われている。Wazir
部族に属する。安全保障理事会決議１８２２（２００８年）に基づく見直しは２０１０年７
月２３日に終了した。",EXTRACTED,REVIEW_REQUIRED,false,mofa-names-v1
126adf153bd520671b9de87b006de3863ebbbb907b1b3625168cdef117f4a794:UN:40,current_un,40,UN,,person,true,19,126adf153bd520671b9de87b006de3863ebbbb907b1b3625168cdef117f4a794,https://www.mofa.go.jp/mofaj/files/000015952.pdf,https://www.mofa.go.jp/mofaj/files/000015952.pdf#page=19,data/raw/mofa/126adf153bd520671b9de87b006de3863ebbbb907b1b3625168cdef117f4a794.pdf.gz,"４０．ジャラルッディーン・ハッカーニ（別名：(a)ジャラルッディーン・ハカニ(b)ジャラール
ッディーン・ハッカーニ(c)ジャラールッディーン・ハカニ）
JALALUDDIN HAQQANI (original script: للاج نيدلا ىناقح ） (a.k.a.:(a)Jalaluddin
Haqani (b)Jallalouddin Haqqani (c)Jallalouddine Haqani)
称号：Maulavi （マウラヴィ）
役職（タリバーン統治下）：Minister of Frontier Affairs （辺境担当大臣）
生年月日：(a)１９４２年頃 (b)１９４８年頃
出生地：(a)Garda Saray area, Waza Zadran District, Paktia Province, Afghanistan (b)
Neka District, Paktika Province, Afghanistan
国籍：アフガニスタン
旅券番号：不明
ＩＤ番号：不明
住所：不明
国連制裁委員会による指定日：２００１年１月３１日（２００３年９月３日、２００７年７月１
８日、９月２１日、９月２７日、２００８年２月１日、７月３１日、１０月３日、２０１１年１１月
２９日、２０１４年２月１１日及び２０１９年１月３０日に改訂）
その他の情報：シラージュッディーン・ジャラールッディーン・ハッカーニ（５１７．に指定
した個人）、ナーセルッディーン・ハッカーニ（５７１．に指定した個人）及びバドルッディ
ーン・ハッカーニ（死亡）の父。モハンマド・イブラヒム・オマリ（４２．に指定した個人）及
びハリール・アフメド・ハッカーニ（５８２．に指定した個人）の兄弟。活動的なタリバー
ン指導者の一人。アフガニスタンとパキスタンの国境地帯にいると思われている。２０
０８年現在、タリバーンの Miram Shah Shura の長。Zadran 部族に属する。国連安全保
障理事会決議第１８２２号（２００８年）に基づく見直しは２０１０年７月２７日に終了した。
２０１８年９月時点で死亡したと報告されている。同人に対するインターポール（国際
刑 事 警 察 機 構 ） ・ 国 連 安 全 保 障 理 事 会 特 別 手 配 書 の ウ ェ ブ ・ リ ン ク ：
https://www.interpol.int/en/notice/search/un/1427400",REVIEW_REQUIRED,REVIEW_REQUIRED,false,mofa-names-v1
126adf153bd520671b9de87b006de3863ebbbb907b1b3625168cdef117f4a794:UN:41,current_un,41,UN,,unknown,false,19,126adf153bd520671b9de87b006de3863ebbbb907b1b3625168cdef117f4a794,https://www.mofa.go.jp/mofaj/files/000015952.pdf,https://www.mofa.go.jp/mofaj/files/000015952.pdf#page=19,data/raw/mofa/126adf153bd520671b9de87b006de3863ebbbb907b1b3625168cdef117f4a794.pdf.gz,４１． ※２０１０年２月１９日解除,HISTORICAL,REVIEW_REQUIRED,false,mofa-names-v1
126adf153bd520671b9de87b006de3863ebbbb907b1b3625168cdef117f4a794:UN:42,current_un,42,UN,,person,true,19;20,126adf153bd520671b9de87b006de3863ebbbb907b1b3625168cdef117f4a794,https://www.mofa.go.jp/mofaj/files/000015952.pdf,https://www.mofa.go.jp/mofaj/files/000015952.pdf#page=19,data/raw/mofa/126adf153bd520671b9de87b006de3863ebbbb907b1b3625168cdef117f4a794.pdf.gz,"４２．モハンマド・イブラヒム・オマリ（別名：イブラヒム・ハッカーニ）
MOHAMMAD IBRAHIM OMARI (a.k.a.: Ibrahim Haqqani)
称号：Alhaj （アルハッジ）
役職（タリバーン統治下）：Deputy Minister of Frontier Affairs （辺境担当次官）
生年月日：１９５８年頃
出生地：Garda Saray, Waza Zadran District, Paktia Province, Afghanistan
国籍：アフガニスタン
旅券番号：不明
ＩＤ番号：不明
住所：不明
国連制裁委員会による指定日：２００１年２月２３日（２００３年９月３日、２００７年９月２
１日、２０１１年７月２９日及び１１月２９日に改訂）
その他の情報：ジャラルッディーン・ハッカーニ（４０．に指定した個人）の兄弟。アフガ
ニスタンとパキスタンの国境地帯にいると思われている。安全保障理事会決議１８２２
（２００８年）に基づく見直しは２０１０年７月２９日に終了した。",EXTRACTED,REVIEW_REQUIRED,false,mofa-names-v1
126adf153bd520671b9de87b006de3863ebbbb907b1b3625168cdef117f4a794:UN:43,current_un,43,UN,TAi.043,person,true,20,126adf153bd520671b9de87b006de3863ebbbb907b1b3625168cdef117f4a794,https://www.mofa.go.jp/mofaj/files/000015952.pdf,https://www.mofa.go.jp/mofaj/files/000015952.pdf#page=20,data/raw/mofa/126adf153bd520671b9de87b006de3863ebbbb907b1b3625168cdef117f4a794.pdf.gz,"４３．ディン・モハンマド・ハニフ
DIN MOHAMMAD HANIF
(original script:فینح دمحم نيد )
国連参照番号：TAi.043
称号：カリ
Qari
役職：（タリバーン統治下（1996-2001））計画大臣; （タリバーン統治下（1996-2001））
高等教育大臣
Minister of Planning under the Taliban regime (1996-2001); Minister of Higher
Education under the Taliban regime (1996-2001)
生年月日：1955 年頃; 1964/1/1
出生地：Shakarlab village, Yaftali Pain District, Badakhshan Province, Afghanistan
別名：カリ・ディン・モハンマド; イアデナ・モハンマド(1969 年 1 月 1 日生); イアデナモ
ハンマド・ナズリ・モハンマド
Qari Din Mohammad; Iadena Mohammad(born 1 Jan.1969); Iadenamohammad Nazri
Mohammad
国籍：アフガニスタン
Afghanistan
旅券番号：アフガニスタン外交旅券 D0009731 （2021 年 10 月 13 日にアフガニスタン・
カブールで発行、2026 年 10 月 13 日失効、英字表記の氏名：Iadenamohammad Nazri
Mohammad、2026 年 10 月 13 日失効）; OA454044（アフガニスタンにて発行）
住所等：Kabul, Afghanistan
リスト掲載日：2001 年 1 月 25 日（2003 年 9 月 3 日、2007 年 7 月 9 日、9 月 21 日、
2011 年 11 月 29 日、2012 年 10 月 25 日、2016 年 9 月 7 日、2026 年 3 月 10 日及び
4 月 28 日に改訂）
その他の情報：タハール州及びバダフシャーン州（Takhar and Badakhshan Provinces）
を管轄するタリバーン最高評議会のメンバー。身長は 172cm。国連安全保障理事会
決議第 1822 号（2008 年）に基づく見直しは 2010 年 7 月 27 日に終了した。写真はイ
ンターポール（国際刑事警察機構）･国連安全保障理事会特別手配書に含まれてい
るものを利用可能。同人に対するインターポール（国際刑事警察機構）・国連安全保
障 理 事 会 特 別 手 配 書 の ウ ェ ブ ・ リ ン ク ： https://www.interpol.int/en/How-we-
work/Notices/View-UN-Notices-Individuals
#2007-47175.",REVIEW_REQUIRED,REVIEW_REQUIRED,false,mofa-names-v1
126adf153bd520671b9de87b006de3863ebbbb907b1b3625168cdef117f4a794:UN:44,current_un,44,UN,TAi.044,person,true,20;21,126adf153bd520671b9de87b006de3863ebbbb907b1b3625168cdef117f4a794,https://www.mofa.go.jp/mofaj/files/000015952.pdf,https://www.mofa.go.jp/mofaj/files/000015952.pdf#page=20,data/raw/mofa/126adf153bd520671b9de87b006de3863ebbbb907b1b3625168cdef117f4a794.pdf.gz,"４４．ハムドゥッラー・ノアマーニー
HAMDULLAH NOMANI
(original script: ىنامعن الله دمح）
国連参照番号：TAi.044
称号： マウラヴィ
Maulavi
役職：(タリバーン統治下(1996-2001）高等教育大臣; (タリバーン統治下(1996- 2001)
カブール市長
Minister of Higher Education under the Taliban regime (1996-2001); Mayor of Kabul
City under the Taliban regime (1996-2001)
生年月日：1968 年頃; 1965/8/28
出 生 地 ： Sipayaw village, Andar District, Ghazni Province, Afghanistan; Ghazni,
Afghanistan
別名：ハムドゥッラー・ヌマーニー
Hamdullah Numani
国籍：アフガニスタン
Afghanistan
旅券番号：アフガニスタン外交旅券 D0010694（2026 年 4 月 7 日にアフガニスタン・カ
ブールで発行、氏名の英字表記：Hamdullah Numani、2031 年 4 月 7 日に失効)
住所等：Kabul, Afghanistan
リスト掲載日：２００１年２月２３日（２００３年９月３日、２００７年９月２１日、２００８年１０
月３日及び、２０１１年１１月２９日、2026 年４月 28 日及び 7 月 30 日に改訂）
その他の情報：タリバーン高等評議会のメンバー。アフガニスタンとパキスタンの国境
地帯にいると思われている。身長は 174cm。国連安全保障理事会決議第１８２２号（２
００８年）に基づく見直しは２０１０年７月２３日に終了した。写真はインターポール（国
際刑事警察機構）･国連安全保障理事会特別手配書に含まれているものを利用可能。
同人に対するインターポール（国際刑事警察機構）・国連安全保障理事会特別手配
書のウェブ・リンク： https://www.interpol.int/en/How-we-work/Notices/View-UN-
Notices-Individuals #2006-25939.",REVIEW_REQUIRED,REVIEW_REQUIRED,false,mofa-names-v1
126adf153bd520671b9de87b006de3863ebbbb907b1b3625168cdef117f4a794:UN:45,current_un,45,UN,,unknown,false,21,126adf153bd520671b9de87b006de3863ebbbb907b1b3625168cdef117f4a794,https://www.mofa.go.jp/mofaj/files/000015952.pdf,https://www.mofa.go.jp/mofaj/files/000015952.pdf#page=21,data/raw/mofa/126adf153bd520671b9de87b006de3863ebbbb907b1b3625168cdef117f4a794.pdf.gz,４５． ※２０１３年３月１９日解除,HISTORICAL,REVIEW_REQUIRED,false,mofa-names-v1
126adf153bd520671b9de87b006de3863ebbbb907b1b3625168cdef117f4a794:UN:46,current_un,46,UN,,unknown,false,21,126adf153bd520671b9de87b006de3863ebbbb907b1b3625168cdef117f4a794,https://www.mofa.go.jp/mofaj/files/000015952.pdf,https://www.mofa.go.jp/mofaj/files/000015952.pdf#page=21,data/raw/mofa/126adf153bd520671b9de87b006de3863ebbbb907b1b3625168cdef117f4a794.pdf.gz,４６． ※２０１１年１１月１８日解除,HISTORICAL,REVIEW_REQUIRED,false,mofa-names-v1
126adf153bd520671b9de87b006de3863ebbbb907b1b3625168cdef117f4a794:UN:47,current_un,47,UN,TAi.047,person,true,21;22,126adf153bd520671b9de87b006de3863ebbbb907b1b3625168cdef117f4a794,https://www.mofa.go.jp/mofaj/files/000015952.pdf,https://www.mofa.go.jp/mofaj/files/000015952.pdf#page=21,data/raw/mofa/126adf153bd520671b9de87b006de3863ebbbb907b1b3625168cdef117f4a794.pdf.gz,"４７．クドゥラトゥッラー・ジャマル
QUDRATULLAH JAMAL
(original script:لامج الله تردق )
国連参照番号：TAi.047
称号：マウラヴィ
Maulavi
役職：（タリバーン統治下（1996-2001））情報大臣
Minister of Information under the Taliban regime (1996-2001)
生年月日：1963 年頃
出生地：Gardez, Paktia Province, Afghanistan
別名：ハッジ・サヒブ
Haji Sahib
国籍：アフガニスタン
Afghanistan
旅券番号：アフガニスタン外交旅券 D00010126
住所等：Kabul, Afghanistan
リスト掲載日：2001 年 1 月 25 日（2003 年 9 月 3 日、2007 年 7 月 18 日、9 月 21 日、
2011 年 11 月 29 日及び 2026 年 3 月 10 日に改訂）
その他の情報：2010年現在、タリバーン最高評議会及びタリバーン文化委員会のメン
バー。国連安全保障理事会決議第 1822 号（2008 年）に基づく見直しは 2010 年 7 月
21 日に終了した。同人に対するインターポール（国際刑事警察機構）・国連安全保障
理 事 会 特 別 手 配 書 の ウ ェ ブ ・ リ ン ク ： https://www.interpol.int/en/How-we-
work/Notices/View-UN-Notices-Individuals",REVIEW_REQUIRED,REVIEW_REQUIRED,false,mofa-names-v1
126adf153bd520671b9de87b006de3863ebbbb907b1b3625168cdef117f4a794:UN:48,current_un,48,UN,,unknown,false,22,126adf153bd520671b9de87b006de3863ebbbb907b1b3625168cdef117f4a794,https://www.mofa.go.jp/mofaj/files/000015952.pdf,https://www.mofa.go.jp/mofaj/files/000015952.pdf#page=22,data/raw/mofa/126adf153bd520671b9de87b006de3863ebbbb907b1b3625168cdef117f4a794.pdf.gz,４８．削除（上記３８．と同一人物）,HISTORICAL,REVIEW_REQUIRED,false,mofa-names-v1
126adf153bd520671b9de87b006de3863ebbbb907b1b3625168cdef117f4a794:UN:49,current_un,49,UN,,person,true,22,126adf153bd520671b9de87b006de3863ebbbb907b1b3625168cdef117f4a794,https://www.mofa.go.jp/mofaj/files/000015952.pdf,https://www.mofa.go.jp/mofaj/files/000015952.pdf#page=22,data/raw/mofa/126adf153bd520671b9de87b006de3863ebbbb907b1b3625168cdef117f4a794.pdf.gz,"４９．アブドゥル・ラフマン・アフマド・ホッタク（別名：ホッタク・サーヒブ）
ABDUL RAHMAN AHMAD HOTTAK (a.k.a.: Hottak Sahib)
称号：Maulavi （マウラヴィ）
役職（タリバーン統治下）：(a)Deputy (Cultural) Minister of Information and Culture
（情報・文化次官（文化担当））(b) Head of Consular Department of Ministry of Foreign
Affairs（外務省領事局長）
生年月日：１９５７年頃
出生地：Ghazni Province, Afghanistan
国籍：アフガニスタン
旅券番号：不明
ＩＤ番号：不明
住所：不明
国連制裁委員会による指定日：２００１年１月２５日（２００３年９月３日、２００７年７月９
日、９月２１日及び２０１１年１１月２９日に改訂）
その他の情報：アフガニスタンとパキスタンの国境地帯にいると思われている。Hottak
部族に属する。安全保障理事会決議１８２２（２００８年）に基づく見直しは２０１０年７
月２９日に終了した。",EXTRACTED,REVIEW_REQUIRED,false,mofa-names-v1
126adf153bd520671b9de87b006de3863ebbbb907b1b3625168cdef117f4a794:UN:50,current_un,50,UN,,unknown,false,22,126adf153bd520671b9de87b006de3863ebbbb907b1b3625168cdef117f4a794,https://www.mofa.go.jp/mofaj/files/000015952.pdf,https://www.mofa.go.jp/mofaj/files/000015952.pdf#page=22,data/raw/mofa/126adf153bd520671b9de87b006de3863ebbbb907b1b3625168cdef117f4a794.pdf.gz,５０． ※２０１１年１１月１８日解除,HISTORICAL,REVIEW_REQUIRED,false,mofa-names-v1
126adf153bd520671b9de87b006de3863ebbbb907b1b3625168cdef117f4a794:UN:51,current_un,51,UN,,person,true,22;23,126adf153bd520671b9de87b006de3863ebbbb907b1b3625168cdef117f4a794,https://www.mofa.go.jp/mofaj/files/000015952.pdf,https://www.mofa.go.jp/mofaj/files/000015952.pdf#page=22,data/raw/mofa/126adf153bd520671b9de87b006de3863ebbbb907b1b3625168cdef117f4a794.pdf.gz,"５１．アブドゥルハイ・モトマエン（別名：アブドゥル・ハク（M. アンワル・カーンの息子、
アフガニスタン旅券番号：OA462456、パキスタンの在ペシャワール総領事館により２
０１２年１月３１日(11-11-1390)に発行））
ABDULHAI MOTMAEN (a.k.a.: Abdul Haq son of M. Anwar Khan, Afghan passport
number OA462456, issued on 31 Jan. 2012 (11-11-1390) by the Afghan Consulate
General in Peshawar, Pakistan)
称号：Maulavi （マウラヴィ）
役職（タリバーン統治下）：(a)Director of the Information and Culture Department in
Kandahar Province （カンダハール情報・文化局長）(b) Spokesperson of the Taliban
Regime（タリバーン報道官）
生年月日：１９７３年頃
出生地：(a)Shinkalai village, Nad-e-Ali District, Helmand Province, Afghanistan (b)
Zabul Province, Afghanistan
国籍：アフガニスタン
旅券番号：アフガニスタン旅券番号：OA462456(２０１２年１月３１日に発行、Abdul Haq
の名義で発行)
ＩＤ番号：不明
住所：不明
国連制裁委員会による指定日：２００１年２月２３日（２００３年９月３日、２００７年９月２
１日、２０１１年１１月２９日及び２０１３年１２月３１日に改訂）
その他の情報：家族は元々Zabul 出身だが、後に Helmand にて定住した。２００７年
時点で、タリバーン最高評議会のメンバーであり、ムラー・モハンメド・オマル（４．に指
定した個人）の報道官。アフガニスタンとパキスタンの国境地帯にいると思われている。
Kharoti 部族に属する。安全保障理事会決議１８２２（２００８年）に基づく見直しは２０１
０年７月２３日に終了した。",REVIEW_REQUIRED,REVIEW_REQUIRED,false,mofa-names-v1
126adf153bd520671b9de87b006de3863ebbbb907b1b3625168cdef117f4a794:UN:52,current_un,52,UN,,person,true,23,126adf153bd520671b9de87b006de3863ebbbb907b1b3625168cdef117f4a794,https://www.mofa.go.jp/mofaj/files/000015952.pdf,https://www.mofa.go.jp/mofaj/files/000015952.pdf#page=23,data/raw/mofa/126adf153bd520671b9de87b006de3863ebbbb907b1b3625168cdef117f4a794.pdf.gz,"５２．モハンマド・ヤクブ
MOHAMMAD YAQOUB
称号：Maulavi （マウラヴィ）
役職（タリバーン統治下）：Head of Bakhtar Information Agency (BIA) （バフタール通
信社編集長）
生年月日：１９６６年頃
出生地：(a)Shahjoi District, Zabul Province, Afghanistan (b)Janda District, Ghazni
Province, Afghanistan
国籍：アフガニスタン
旅券番号：不明
ＩＤ番号：不明
住所：不明
国連制裁委員会による指定日：２００１年２月２３日（２００３年９月３日、２００７年９月２
１日、２０１１年１１月２９日、２０１２年６月１日及び２０１３年１２月３１日に改訂）
その他の情報：タリバーン文化委員会のメンバー。２０１３年中期時点でタリバーンの
「前線」を指揮し、Maiwand District(Kandahar Province, Afghanistan)のタリバン軍の全
ての軍事活動を調整している。アフガニスタンとパキスタンの国境地帯にいると思わ
れている。Kharoti (Taraki)部族に属する。安全保障理事会決議１８２２（２００８年）に
基づく見直しは２０１０年７月２３日に終了した。",EXTRACTED,REVIEW_REQUIRED,false,mofa-names-v1
126adf153bd520671b9de87b006de3863ebbbb907b1b3625168cdef117f4a794:UN:53,current_un,53,UN,,person,true,24,126adf153bd520671b9de87b006de3863ebbbb907b1b3625168cdef117f4a794,https://www.mofa.go.jp/mofaj/files/000015952.pdf,https://www.mofa.go.jp/mofaj/files/000015952.pdf#page=24,data/raw/mofa/126adf153bd520671b9de87b006de3863ebbbb907b1b3625168cdef117f4a794.pdf.gz,"５３．アブドゥル・ラザク・アフンド・ララ・アフンド
ABDUL RAZAQ AKHUND LALA AKHUND
称号：Mullah （ムラー）
役職（タリバーン統治下）：(a)Minister of Interior Affairs （内務大臣） (b)Chief of Kabul
police （カブール警察署長）
生年月日：１９５８年頃
出生地：Spin Boldak District, Kandahar Province, Afghanistan （Chaman District,
Quetta, Pakistan に隣接する地域）
国籍：アフガニスタン
旅券番号：不明
ＩＤ番号：不明
住所：不明
国連制裁委員会による指定日：２００１年１月２５日（２００３年９月３日、２００７年７月１
８日、９月２１日、２０１１年１１月２９日及び２０１３年１２月３１日に改訂）
その他の情報：２００８年６月時点で、タリバーン最高評議会のメンバー。２０１０年３月
時点で、ムラー・モハンメド・オマル（４．に指定した個人）の副官。２０１３年中期時点
でタリバーン監督委員会のメンバー。麻薬取引に関与している。アフガニスタンとパキ
スタンの国境地帯にいると思われている。Achekzai 部族に属している。安全保障理事
会決議１８２２（２００８年）に基づく見直しは２０１０年７月２１日に終了した。",EXTRACTED,REVIEW_REQUIRED,false,mofa-names-v1
126adf153bd520671b9de87b006de3863ebbbb907b1b3625168cdef117f4a794:UN:54,current_un,54,UN,,unknown,false,24,126adf153bd520671b9de87b006de3863ebbbb907b1b3625168cdef117f4a794,https://www.mofa.go.jp/mofaj/files/000015952.pdf,https://www.mofa.go.jp/mofaj/files/000015952.pdf#page=24,data/raw/mofa/126adf153bd520671b9de87b006de3863ebbbb907b1b3625168cdef117f4a794.pdf.gz,５４． ※２０１０年９月２２日解除,HISTORICAL,REVIEW_REQUIRED,false,mofa-names-v1
126adf153bd520671b9de87b006de3863ebbbb907b1b3625168cdef117f4a794:UN:55,current_un,55,UN,,unknown,false,24,126adf153bd520671b9de87b006de3863ebbbb907b1b3625168cdef117f4a794,https://www.mofa.go.jp/mofaj/files/000015952.pdf,https://www.mofa.go.jp/mofaj/files/000015952.pdf#page=24,data/raw/mofa/126adf153bd520671b9de87b006de3863ebbbb907b1b3625168cdef117f4a794.pdf.gz,５５． ※２０１２年８月２４日解除,HISTORICAL,REVIEW_REQUIRED,false,mofa-names-v1
126adf153bd520671b9de87b006de3863ebbbb907b1b3625168cdef117f4a794:UN:56,current_un,56,UN,,unknown,false,24,126adf153bd520671b9de87b006de3863ebbbb907b1b3625168cdef117f4a794,https://www.mofa.go.jp/mofaj/files/000015952.pdf,https://www.mofa.go.jp/mofaj/files/000015952.pdf#page=24,data/raw/mofa/126adf153bd520671b9de87b006de3863ebbbb907b1b3625168cdef117f4a794.pdf.gz,５６． ※２０１２年４月２４日解除,HISTORICAL,REVIEW_REQUIRED,false,mofa-names-v1
126adf153bd520671b9de87b006de3863ebbbb907b1b3625168cdef117f4a794:UN:57,current_un,57,UN,,person,true,24;25,126adf153bd520671b9de87b006de3863ebbbb907b1b3625168cdef117f4a794,https://www.mofa.go.jp/mofaj/files/000015952.pdf,https://www.mofa.go.jp/mofaj/files/000015952.pdf#page=24,data/raw/mofa/126adf153bd520671b9de87b006de3863ebbbb907b1b3625168cdef117f4a794.pdf.gz,"５７．サイード・モハンマド・アジム・アガ（別名：(a)サイード・モハンマド・アジム・アガ(b)
アガ・サヘブ）
SAYED MOHAMMAD AZIM AGHA (a.k.a.: (a)Sayed Mohammad Azim Agha (b)Agha
Saheb)
称号：Maulavi （マウラヴィ）
役職（タリバーン統治下）：Director of the Passport and Visa Department in the
Ministry of Interior （内務省旅券・査証局長）
生年月日：(a)１９６６年頃(b)１９６９年頃
出生地：Panjawai District, Kandahar Province, Afghanistan
国籍：アフガニスタン
旅券番号：不明
ＩＤ番号：不明
住所：不明
国連制裁委員会による指定日：２００１年２月２３日（２００３年９月３日、２００７年７月９
日、９月２１日、２０１１年１１月２９日及び２０１３年１２月３１日に改訂）
その他の情報：２０１３年中期時点でタリバーンの「前線」(mahaz)を指揮しており、タリ
バーン軍事委員会のメンバー。アフガニスタンとパキスタンの国境地帯にいると思わ
れている。安全保障理事会決議１８２２（２００８年）に基づく見直しは２０１０年７月２３
日に終了した。",EXTRACTED,REVIEW_REQUIRED,false,mofa-names-v1
126adf153bd520671b9de87b006de3863ebbbb907b1b3625168cdef117f4a794:UN:58,current_un,58,UN,TAi.058,person,true,25,126adf153bd520671b9de87b006de3863ebbbb907b1b3625168cdef117f4a794,https://www.mofa.go.jp/mofaj/files/000015952.pdf,https://www.mofa.go.jp/mofaj/files/000015952.pdf#page=25,data/raw/mofa/126adf153bd520671b9de87b006de3863ebbbb907b1b3625168cdef117f4a794.pdf.gz,"５８．ヌールッディーン・トゥラビ・ムハンマド・カシム
NOORUDDIN TURABI MUHAMMAD QASIM
(original script:مساق دمحم یبارت نيدلارون )
国連参照番号：TAi.058
称号：ムラー; マウラヴィ
Mullah; Maulavi
役職：（タリバーン統治下（1996-2001））司法大臣
Minister of Justice under the Taliban regime (1996-2001)
生年月日：1963 年頃; 1956 年; 1955 年頃; 1969/7/30
出生地：Spin Boldak District, Kandahar Province, Afghanistan; Chora District, Uruzgan
Province, Afghanistan; Dehrawood District, Uruzgan Province, Afghanistan
別名：ヌールッディーン・トゥラビ; ムラー・ヌールディーン・トラビ
Noor ud Din Turabi; Mullah Noordin Torabi
確定に十分でない別名：ハジ・カリム
Haji Karim
国籍：アフガニスタン
Afghanistan
旅券番号：アフガニスタン旅券 P00429243(2021 年 12 月 15 日にアフガニスタン・カブ
ールで発行、2031 年 8 月 15 日失効、英字表記の氏名：Mullah Noordin Torabi、2031
年 8 月 15 日失効）
住所等：Kabul, Afghanistan
リスト掲載日：2001 年 1 月 25 日（2003 年 9 月 3 日、2007 年 9 月 21 日、2010 年 4 月
12 日、2011 年 11 月 29 日、2026 年 3 月 10 日及び 4 月 28 日に改訂）
その他の情報：ムラー・モハンメド・オマル（4.に指定した個人）の副官。身長は 165 ㎝。
国連安全保障理事会決議第 1822 号（2008 年）に基づく見直しは 2010 年 7 月 21 日
に終了した。写真はインターポール（国際刑事警察機構）･国連安全保障理事会特別
手配書に含まれているものを利用可能。同人に対するインターポール（国際刑事警
察 機 構 ） ・ 国 連 安 全 保 障 理 事 会 特 別 手 配 書 の ウ ェ ブ ・ リ ン ク ：
https://www.interpol.int/en/How-we-work/Notices/View-UN-Notices-Individuals
#2006-25960",REVIEW_REQUIRED,REVIEW_REQUIRED,false,mofa-names-v1
126adf153bd520671b9de87b006de3863ebbbb907b1b3625168cdef117f4a794:UN:59,current_un,59,UN,,unknown,false,25,126adf153bd520671b9de87b006de3863ebbbb907b1b3625168cdef117f4a794,https://www.mofa.go.jp/mofaj/files/000015952.pdf,https://www.mofa.go.jp/mofaj/files/000015952.pdf#page=25,data/raw/mofa/126adf153bd520671b9de87b006de3863ebbbb907b1b3625168cdef117f4a794.pdf.gz,５９． ※２０１１年２月１８日解除,HISTORICAL,REVIEW_REQUIRED,false,mofa-names-v1
126adf153bd520671b9de87b006de3863ebbbb907b1b3625168cdef117f4a794:UN:60,current_un,60,UN,TAi.060,person,true,25;26,126adf153bd520671b9de87b006de3863ebbbb907b1b3625168cdef117f4a794,https://www.mofa.go.jp/mofaj/files/000015952.pdf,https://www.mofa.go.jp/mofaj/files/000015952.pdf#page=25,data/raw/mofa/126adf153bd520671b9de87b006de3863ebbbb907b1b3625168cdef117f4a794.pdf.gz,"６０．モハンマド・イーサ・アフンド
MOHAMMAD ESSA AKHUND
(original script: دنوخآ یسیع د محم)
国連参照番号：TAi.060
称号：アルハッジ; ムラー
Alhaj; Mullah
役職：（タリバーン統治下（1996-2001））水・公衆衛生・電気大臣
Minister of Water, Sanitation and Electricity under the Taliban regime (1996-2001)
生年月日：1958 年頃; 1957/2/22
出生地：Mial area, Spin Boldak District, Kandahar Province, Afghanistan
別名：モハンマド・エイサ・サニ
MOHAMMAD EISA SANI
国籍：アフガニスタン
Afghanistan
旅券番号： アフガニスタン外交旅券 D0010402（2024 年 8 月 4 日にアフガニスタンの
カブールで発行、2029 年 8 月 4 日に失効、英字表記の氏名：Mohammad Eisa Sani、
2029 年 8 月 4 日に失効）
住所等：Kabul, Afghanistan
リスト掲載日：2001 年 1 月 25 日（2003 年 9 月 3 日、2007 年 9 月 21 日、2011 年 11
月 29 日、2026 年 3 月 10 日及び 4 月 28 日に改訂）
その他の情報： Nurzai 部族に属する。身長は 185cm。国連安全保障理事会決議第
1822 号（2008 年）に基づく見直しは 2010 年 7 月 27 日に終了した。写真はインターポ
ール（国際刑事警察機構）･国連安全保障理事会特別手配書に含まれているものを
利用可能。同人に対するインターポール（国際刑事警察機構）・国連安全保障理事会
特 別 手 配 書 の ウ ェ ブ ・ リ ン ク ： https://www.interpol.int/en/How-we-
work/Notices/View-UN-Notices-Individuals #2006-25957.",REVIEW_REQUIRED,REVIEW_REQUIRED,false,mofa-names-v1
126adf153bd520671b9de87b006de3863ebbbb907b1b3625168cdef117f4a794:UN:61,current_un,61,UN,,unknown,false,26,126adf153bd520671b9de87b006de3863ebbbb907b1b3625168cdef117f4a794,https://www.mofa.go.jp/mofaj/files/000015952.pdf,https://www.mofa.go.jp/mofaj/files/000015952.pdf#page=26,data/raw/mofa/126adf153bd520671b9de87b006de3863ebbbb907b1b3625168cdef117f4a794.pdf.gz,６１． ※２０１１年１１月１８日解除,HISTORICAL,REVIEW_REQUIRED,false,mofa-names-v1
126adf153bd520671b9de87b006de3863ebbbb907b1b3625168cdef117f4a794:UN:62,current_un,62,UN,,unknown,false,26,126adf153bd520671b9de87b006de3863ebbbb907b1b3625168cdef117f4a794,https://www.mofa.go.jp/mofaj/files/000015952.pdf,https://www.mofa.go.jp/mofaj/files/000015952.pdf#page=26,data/raw/mofa/126adf153bd520671b9de87b006de3863ebbbb907b1b3625168cdef117f4a794.pdf.gz,６２． ※２０１０年９月２２日解除,HISTORICAL,REVIEW_REQUIRED,false,mofa-names-v1
126adf153bd520671b9de87b006de3863ebbbb907b1b3625168cdef117f4a794:UN:63,current_un,63,UN,,person,true,26;27,126adf153bd520671b9de87b006de3863ebbbb907b1b3625168cdef117f4a794,https://www.mofa.go.jp/mofaj/files/000015952.pdf,https://www.mofa.go.jp/mofaj/files/000015952.pdf#page=26,data/raw/mofa/126adf153bd520671b9de87b006de3863ebbbb907b1b3625168cdef117f4a794.pdf.gz,"６３．モハンマド・アザム・エルミ（別名：ムハンマド・アザミ）
MOHAMMAD AZAM ELMI (a.k.a.: Muhammad Azami)
称号：Maulavi （マウラヴィ）
役職（タリバーン統治下）：Deputy Minister of Mines and Industries（鉱業・産業次官）
生年月日：１９６８年頃
出生地：Sayd Karam District, Paktia Province, Afghanistan
国籍：アフガニスタン
旅券番号：不明
ＩＤ番号：不明
住所：不明
国連制裁委員会による指定日：２００１年２月２３日（２００３年９月３日、２００７年７月１
８日、９月２１日及び２０１１年１１月２９日に改訂）
その他の情報：２００５年に死亡したと報道されている。安全保障理事会決議１８２２
（２００８年）に基づく見直しは２０１０年７月２９日に終了した。",EXTRACTED,REVIEW_REQUIRED,false,mofa-names-v1
126adf153bd520671b9de87b006de3863ebbbb907b1b3625168cdef117f4a794:UN:64,current_un,64,UN,,unknown,false,27,126adf153bd520671b9de87b006de3863ebbbb907b1b3625168cdef117f4a794,https://www.mofa.go.jp/mofaj/files/000015952.pdf,https://www.mofa.go.jp/mofaj/files/000015952.pdf#page=27,data/raw/mofa/126adf153bd520671b9de87b006de3863ebbbb907b1b3625168cdef117f4a794.pdf.gz,６４．削除（上記４３．と同一人物）,HISTORICAL,REVIEW_REQUIRED,false,mofa-names-v1
126adf153bd520671b9de87b006de3863ebbbb907b1b3625168cdef117f4a794:UN:65,current_un,65,UN,,person,true,27,126adf153bd520671b9de87b006de3863ebbbb907b1b3625168cdef117f4a794,https://www.mofa.go.jp/mofaj/files/000015952.pdf,https://www.mofa.go.jp/mofaj/files/000015952.pdf#page=27,data/raw/mofa/126adf153bd520671b9de87b006de3863ebbbb907b1b3625168cdef117f4a794.pdf.gz,"６５．エザトゥッラー・ハッカーニ・カーン・サイイド（別名：エザトゥッラー・ハッカーニ）
EZATULLAH HAQQANI KHAN SAYYID (a.k.a.: Ezatullah Haqqani)
称号：Maulavi （マウラヴィ）
役職（タリバーン統治下）：Deputy Minister of Planning （計画次官）
生年月日：１９５７年頃
出生地：Alingar District, Laghman Province, Afghanistan
国籍：アフガニスタン
旅券番号：不明
ＩＤ番号：不明
住所：不明
国連制裁委員会による指定日：２００１年２月２３日（２００３年９月３日、２００７年７月１
８日、９月２１日、９月２７日、２０１１年１１月２９日及び２０１２年５月１８日に改訂）
その他の情報：２００８年現在、タリバーンの Peshawar Shura のメンバー。アフガニス
タンとパキスタンの国境地帯にいると思われている。安全保障理事会決議１８２２（２０
０８年）に基づく見直しは２０１０年６月１日に終了した。",EXTRACTED,REVIEW_REQUIRED,false,mofa-names-v1
126adf153bd520671b9de87b006de3863ebbbb907b1b3625168cdef117f4a794:UN:66,current_un,66,UN,,unknown,false,27,126adf153bd520671b9de87b006de3863ebbbb907b1b3625168cdef117f4a794,https://www.mofa.go.jp/mofaj/files/000015952.pdf,https://www.mofa.go.jp/mofaj/files/000015952.pdf#page=27,data/raw/mofa/126adf153bd520671b9de87b006de3863ebbbb907b1b3625168cdef117f4a794.pdf.gz,６６． ※２０１０年２月１９日解除,HISTORICAL,REVIEW_REQUIRED,false,mofa-names-v1
126adf153bd520671b9de87b006de3863ebbbb907b1b3625168cdef117f4a794:UN:67,current_un,67,UN,,person,true,27,126adf153bd520671b9de87b006de3863ebbbb907b1b3625168cdef117f4a794,https://www.mofa.go.jp/mofaj/files/000015952.pdf,https://www.mofa.go.jp/mofaj/files/000015952.pdf#page=27,data/raw/mofa/126adf153bd520671b9de87b006de3863ebbbb907b1b3625168cdef117f4a794.pdf.gz,"６７．モハンマド・アッバース・アフンド
MOHAMMAD ABBAS AKHUND
称号：Mullah （ムラー）
役職（タリバーン統治下）：(a)Mayor of Kandahar（カンダハール市長）(b)Minister of
Public Health （公共保健大臣）
生年月日：１９６３年頃
出生地：Khas Uruzgan District, Uruzgan Province, Afghanistan
国籍：アフガニスタン
旅券番号：不明
ＩＤ番号：不明
住所：不明
国連制裁委員会による指定日：２００１年１月２５日（２００３年９月３日、２００７年９月２
１日、２０１１年１１月２９日及び２０１３年１２月３１日に改訂）
その他の情報：２０１１年１月現在、医療委員会担当のタリバーン最高評議会メンバー。
２０１３年中期時点で、負傷したタリバーン戦闘員を看病する３つの医療施設を直接
的に監督している。アフガニスタンとパキスタンの国境地帯にいると思われている。
Barakzai 部族に属する。安全保障理事会決議１８２２（２００８年）に基づく見直しは２０
１０年７月２９日に終了した。",EXTRACTED,REVIEW_REQUIRED,false,mofa-names-v1
126adf153bd520671b9de87b006de3863ebbbb907b1b3625168cdef117f4a794:UN:68,current_un,68,UN,,person,true,28,126adf153bd520671b9de87b006de3863ebbbb907b1b3625168cdef117f4a794,https://www.mofa.go.jp/mofaj/files/000015952.pdf,https://www.mofa.go.jp/mofaj/files/000015952.pdf#page=28,data/raw/mofa/126adf153bd520671b9de87b006de3863ebbbb907b1b3625168cdef117f4a794.pdf.gz,"６８．シェール・モハンマド・アッバース・スタネクザイ・パードシャーフ・カーン
SHER MOHAMMAD ABBAS STANEKZAI PADSHAH KHAN
称号：Maulavi （マウラヴィ）
役職（タリバーン統治下）：(a)Deputy Minister of Public Health （公共保健次官）(b)
Deputy Minister of Foreign Affairs（外務次官）
生年月日：１９６３年頃
出生地：Qala-e-Abbas, Shah Mazar area, Baraki Barak District, Logar Province,
Afghanistan
国籍：アフガニスタン
旅券番号：不明
ＩＤ番号：不明
住所：不明
国連制裁委員会による指定日：２００１年１月２５日（２００３年９月３日、２００７年９月２
１日、２０１１年１１月２９日及び２０１６年９月７日に改訂）
その他の情報：アフガニスタンとパキスタンの国境地帯にいると思われている。安全
保障理事会決議第１８２２号（２００８年）に基づく見直しは２０１０年７月２９日に終了し
た。写真はインターポール（国際警察刑事機構）･国連安全保障理事会特別手配書に
含まれているものを利用可能。",EXTRACTED,REVIEW_REQUIRED,false,mofa-names-v1
126adf153bd520671b9de87b006de3863ebbbb907b1b3625168cdef117f4a794:UN:69,current_un,69,UN,,person,true,28,126adf153bd520671b9de87b006de3863ebbbb907b1b3625168cdef117f4a794,https://www.mofa.go.jp/mofaj/files/000015952.pdf,https://www.mofa.go.jp/mofaj/files/000015952.pdf#page=28,data/raw/mofa/126adf153bd520671b9de87b006de3863ebbbb907b1b3625168cdef117f4a794.pdf.gz,"６９．モハンマドゥッラー・マティー（別名：マウラウィ・ナーナーイー）
MOHAMMADULLAH MATI (a.k.a.: Mawlawi Nanai)
称号：Maulavi （マウラヴィ）
役職（タリバーン統治下）：Minister of Public Works （公共事業大臣）
生年月日：１９６１年頃
出生地：Arghandab District, Kandahar Province, Afghanistan
国籍：アフガニスタン
旅券番号：不明
ＩＤ番号：不明
住所：不明
国連制裁委員会による指定日：２００１年１月２５日（２００３年９月３日、２００７年９月２
１日、２００８年１０月３日、２０１１年１１月２９日及び２０１３年１２月３１日に改訂）
その他の情報：１９８０年代に片足を失う。２０１０年２月から４月まで、タリバーン最高
評議会の暫定指導者。２０１３年中期時点で採用活動を担当している。アフガニスタン
とパキスタンの国境地帯にいると思われている。Isakzai 部族に属する。安全保障理
事会決議１８２２（２００８年）に基づく見直しは２０１０年７月２９日に終了した。",EXTRACTED,REVIEW_REQUIRED,false,mofa-names-v1
126adf153bd520671b9de87b006de3863ebbbb907b1b3625168cdef117f4a794:UN:70,current_un,70,UN,,person,true,28;29,126adf153bd520671b9de87b006de3863ebbbb907b1b3625168cdef117f4a794,https://www.mofa.go.jp/mofaj/files/000015952.pdf,https://www.mofa.go.jp/mofaj/files/000015952.pdf#page=28,data/raw/mofa/126adf153bd520671b9de87b006de3863ebbbb907b1b3625168cdef117f4a794.pdf.gz,"７０．ルストゥム・ハナフィー・ハビブッラー（別名：(a)ロスタム・ヌーリスタニ(b)ハナフィ
ー・サヒーブ）
RUSTUM HANAFI HABIBULLAH (a.k.a.: (a)Rostam Nuristani (b)Hanafi Sahib)
称号：Maulavi （マウラヴィ）
役職（タリバーン統治下）：Deputy Minister of Public Works （公共事業次官）
生年月日：１９６３年頃
出生地：Dara Kolum, Do Aab District, Nuristan Province, Afghanistan
国籍：アフガニスタン
旅券番号：不明
ＩＤ番号：不明
住所：不明
国連制裁委員会による指定日：２００１年１月２５日（２００３年９月３日、２００７年７月１
８日、９月２１日、２０１１年１１月２９日、２０１２年５月１８日及び８月１３日に改訂）
その他の情報：２００７年５月現在、アフガニスタンのヌーリスタン州（Nuristan
Province）を管轄するタリバーンのメンバー。Nuristani 部族に属する。２０１２年初期
に死亡したと報告されている。安全保障理事会決議１８２２（２００８年）に基づく見直し
は２０１０年７月２３日に終了した。",EXTRACTED,REVIEW_REQUIRED,false,mofa-names-v1
126adf153bd520671b9de87b006de3863ebbbb907b1b3625168cdef117f4a794:UN:71,current_un,71,UN,,person,true,29,126adf153bd520671b9de87b006de3863ebbbb907b1b3625168cdef117f4a794,https://www.mofa.go.jp/mofaj/files/000015952.pdf,https://www.mofa.go.jp/mofaj/files/000015952.pdf#page=29,data/raw/mofa/126adf153bd520671b9de87b006de3863ebbbb907b1b3625168cdef117f4a794.pdf.gz,"７１．アティクッラー・ワリ・モハンマド（別名：アティクッラー）
ATIQULLAH WALI MOHAMMAD (a.k.a.: Atiqullah)
称号：(a)Haji （ハッジ） (b)Mullah （ムラー）
役職（タリバーン統治下）：(a)Director of Foreign Relations, Kandahar Province（カン
ダハール州、外交関係局長）(b)Director of Public Works, Kandahar Province (カンダ
ハール州、公共事業局長) (c)First Deputy Minister of Agriculture (農業第一次官)
(d) Deputy Minister of Public Works （公共事業次官）
生年月日：１９６２年頃
出生地：(a)Tirin Kot District, Uruzgan Province, Afghanistan (b)Khwaja Malik village,
Arghandab District, Kandahar Province, Afghanistan
国籍：アフガニスタン
旅券番号：不明
ＩＤ番号：不明
住所：不明
国連制裁委員会による指定日：２００１年１月３１日（２００３年９月３日、２００７年９月２
１日、２０１１年１１月２９日、２０１２年１０月１９日、２０１３年２月１１日及び２０１３年１
２月３１日に改訂）
その他の情報：元々はUruzgan出身で、カンダハールに移住し、居住している。２０１０
年にはタリバーン最高評議会政治委員会のメンバーだった。２０１３年中期時点では
タリバーン運動において特定の役割を有しておらず、個人的立場でビジネスマンとし
て活動中。アフガニスタンとパキスタンの国境地帯にいると思われている。Alizai 部
族に属する。アブドゥル・ジャリール・ハッカーニ・ワリ・モハンマド（３４．に指定した個
人）の兄弟。安全保障理事会決議１８２２（２００８年）に基づく見直しは２０１０年７月２
７日に終了した。",EXTRACTED,REVIEW_REQUIRED,false,mofa-names-v1
126adf153bd520671b9de87b006de3863ebbbb907b1b3625168cdef117f4a794:UN:72,current_un,72,UN,TAi.071,person,true,29;30,126adf153bd520671b9de87b006de3863ebbbb907b1b3625168cdef117f4a794,https://www.mofa.go.jp/mofaj/files/000015952.pdf,https://www.mofa.go.jp/mofaj/files/000015952.pdf#page=29,data/raw/mofa/126adf153bd520671b9de87b006de3863ebbbb907b1b3625168cdef117f4a794.pdf.gz,"７２．ナジブッラー・ハッカーニ・ヒダーヤトゥッラー
NAJIBULLAH HAQQANI HIDAYATULLAH
(original script: الله تیاده یناقح الله ب یجن)
国連参照番号：TAi.071
称号：マウラヴィ
Maulavi
役職：（タリバーン統治下（1996-2001））財務次官
Deputy Minister of Finance under the Taliban regime (1996-2001)
生年月日：1971 年; 1972/10/24
出生地：Shigal District, Kunar Province, Afghanistan
別名：ナジブッラー・ハカニ; ナジブッラー・ハヤト
Najibullah Haqani; Najeebullah Hayat
国籍： アフガニスタン
Afghanistan
旅券番号： アフガニスタン外交旅券 D0009871（2022 年 2 月 6 日にアフガニスタンの
カブールで発行、2027 年 2 月 6 日に失効、英字表記の氏名：Najeebullah Hayat、2027
年 2 月 6 日に失効）
身分登録番号： アフガニスタン国民 ID カード(tazkira)番号 545167 (1974 年発行)
住所等：Kabul, Afghanistan
リスト掲載日： 2001 年 2 月 23 日（2003 年 9 月 3 日、2007 年 7 月 18 日、9 月 21 日、
9 月 27 日、2011 年 11 月 29 日、2014 年 5 月 16 日、2026 年 3 月 10 日及び 4 月 28
日に改訂）
その他の情報：マウラヴィ・ヌール・ジャラルの従兄弟。祖父の名前はサラム。2010 年
末現在、タリバーンの一員であり、ラグマン州（Laghman Province）を管轄している。国
連安全保障理事会決議第 1822 号（2008 年）に基づく見直しは 2010 年 6 月 1 日に終
了した。写真はインターポール（国際刑事警察機構）･国連安全保障理事会特別手配
書に含まれているものを利用可能。同人に対するインターポール（国際刑事警察機
構 ） ・ 国 連 安 全 保 障 理 事 会 特 別 手 配 書 の ウ ェ ブ ・ リ ン ク ：
https://www.interpol.int/en/How-we-work/Notices/View-UN-Notices-Individuals
#2007-47312.",REVIEW_REQUIRED,REVIEW_REQUIRED,false,mofa-names-v1
126adf153bd520671b9de87b006de3863ebbbb907b1b3625168cdef117f4a794:UN:73,current_un,73,UN,,person,true,30;31,126adf153bd520671b9de87b006de3863ebbbb907b1b3625168cdef117f4a794,https://www.mofa.go.jp/mofaj/files/000015952.pdf,https://www.mofa.go.jp/mofaj/files/000015952.pdf#page=30,data/raw/mofa/126adf153bd520671b9de87b006de3863ebbbb907b1b3625168cdef117f4a794.pdf.gz,"７３．サイイド・ギアスッディン・アガ（別名：(a)サイード・ギアス(b)サイード・ギアスッディ
ン・サイード・ゴースッディン(c)サイイド・ガヤスディン）
SAYYED GHIASSOUDDINE AGHA (a.k.a.: (a)Sayed Ghias (b)Sayed Ghiasuddin Sayed
Ghousuddin (c)Sayyed Ghayasudin)
称号：Maulavi （マウラヴィ）
役職（タリバーン統治下）：(a)Minister of Haj and Religious Affairs （巡礼・宗教大臣）
(b)Education Minister （教育大臣）
生年月日：１９６１年頃
出生地：Kohistan District, Faryab Province, Afghanistan
国籍：アフガニスタン
旅券番号：不明
ＩＤ番号：不明
住所：不明
国連制裁委員会による指定日：２００１年１月３１日（２００３年９月３日、２００７年７月１
８日、９月２１日、２００８年２月１日及び２０１１年１１月２９日に改訂）
その他の情報：２０１０年６月現在、タリバーンの一員であり、アフガニスタンのファリア
ブ州、ジャウズジャン州、サーレポル州及びバルク州（Faryab, Jawzjan, Sari Pul and
Balkh Provinces）を管轄している。麻薬取引に関与している。２００９年１２月現在タリ
バーン最高評議会及びタリバーン軍事評議会のメンバー。アフガニスタンとパキスタ
ンの国境地帯にいると思われている。Sadat部族に属する。安全保障理事会決議第１
８２２号（２００８年）に基づく見直しは２０１０年７月２７日に終了した。",EXTRACTED,REVIEW_REQUIRED,false,mofa-names-v1
126adf153bd520671b9de87b006de3863ebbbb907b1b3625168cdef117f4a794:UN:74,current_un,74,UN,,person,true,31,126adf153bd520671b9de87b006de3863ebbbb907b1b3625168cdef117f4a794,https://www.mofa.go.jp/mofaj/files/000015952.pdf,https://www.mofa.go.jp/mofaj/files/000015952.pdf#page=31,data/raw/mofa/126adf153bd520671b9de87b006de3863ebbbb907b1b3625168cdef117f4a794.pdf.gz,"７４．モハンマド・モスリム・ハッカーニ・ムハンマディ・グル（別名：モスリム・ハッカーニ）
MOHAMMAD MOSLIM HAQQANI MUHAMMADI GUL (a.k.a.: Moslim Haqqani)
称号：Maulavi （マウラヴィ）
役職（タリバーン統治下）：(a)Deputy Minister of Haj and Religious Affairs （巡礼・宗教
次官） (b)Deputy Minister of Higher Education （高等教育次官）
生年月日：１９６５年
出生地：Gawargan village, Pul-e-Khumri District, Baghlan Province, Afghanistan
国籍：アフガニスタン
旅券番号：不明
ＩＤ番号：アフガニスタン国民ＩＤカード番号（tazkira）番号：1136
住所：不明
国連制裁委員会による指定日：２００１年１月２５日（２００３年９月３日、２００７年７月１
８日、９月２１日、２００８年１０月３日、２０１１年１１月２９日及び２０１３年１２月３１日に
改訂）
その他の情報：バグラン州（Baghlan Province）出身のパシュトゥーン人。アフガニスタ
ンとパキスタンの国境地帯にいると思われている。流暢な英語、ウルドゥー語及びア
ラビア語を話す。安全保障理事会決議第１８２２号（２００８年）に基づく見直しは２０１
０年７月２９日に終了した。",EXTRACTED,REVIEW_REQUIRED,false,mofa-names-v1
126adf153bd520671b9de87b006de3863ebbbb907b1b3625168cdef117f4a794:UN:75,current_un,75,UN,,unknown,false,31,126adf153bd520671b9de87b006de3863ebbbb907b1b3625168cdef117f4a794,https://www.mofa.go.jp/mofaj/files/000015952.pdf,https://www.mofa.go.jp/mofaj/files/000015952.pdf#page=31,data/raw/mofa/126adf153bd520671b9de87b006de3863ebbbb907b1b3625168cdef117f4a794.pdf.gz,７５． ※２０１１年１１月１８日解除,HISTORICAL,REVIEW_REQUIRED,false,mofa-names-v1
126adf153bd520671b9de87b006de3863ebbbb907b1b3625168cdef117f4a794:UN:76,current_un,76,UN,,person,true,31;32,126adf153bd520671b9de87b006de3863ebbbb907b1b3625168cdef117f4a794,https://www.mofa.go.jp/mofaj/files/000015952.pdf,https://www.mofa.go.jp/mofaj/files/000015952.pdf#page=31,data/raw/mofa/126adf153bd520671b9de87b006de3863ebbbb907b1b3625168cdef117f4a794.pdf.gz,"７６．アブドゥル・ラキブ・タハリ
ABDUL RAQIB TAKHARI
称号：Maulavi （マウラヴィ）
役職（タリバーン統治下）：Minister of Repatriation （帰還大臣）
生年月日：１９６８年から１９７３年の間
出生地：Zardalu Darra village, Kalafgan District, Takhar Province, Afghanistan
国籍：アフガニスタン
旅券番号：不明
ＩＤ番号：不明
住所：不明
国連制裁委員会による指定日：２００１年１月２５日（２００３年９月３日、２００７年９月２
１日、２０１１年１１月２９日及び２０１３年１２月３１日に改訂）
その他の情報：２００９年１２月時点でタハール州及びバダフシャーン州（Takhar and
Badakhshan Provinces）を管轄するタリバーン最高評議会のメンバー。パキスタンの
ペシャワールにて２月１７日に殺害され，アフガニスタンのタハール州に埋葬されたこ
とが確認されている。安全保障理事会決議第１８２２号（２００８年）に基づく見直しは２
０１０年７月２１日に終了した。",EXTRACTED,REVIEW_REQUIRED,false,mofa-names-v1
126adf153bd520671b9de87b006de3863ebbbb907b1b3625168cdef117f4a794:UN:77,current_un,77,UN,,unknown,false,32,126adf153bd520671b9de87b006de3863ebbbb907b1b3625168cdef117f4a794,https://www.mofa.go.jp/mofaj/files/000015952.pdf,https://www.mofa.go.jp/mofaj/files/000015952.pdf#page=32,data/raw/mofa/126adf153bd520671b9de87b006de3863ebbbb907b1b3625168cdef117f4a794.pdf.gz,７７． ※２０１１年１１月１８日解除,HISTORICAL,REVIEW_REQUIRED,false,mofa-names-v1
126adf153bd520671b9de87b006de3863ebbbb907b1b3625168cdef117f4a794:UN:78,current_un,78,UN,,unknown,false,32,126adf153bd520671b9de87b006de3863ebbbb907b1b3625168cdef117f4a794,https://www.mofa.go.jp/mofaj/files/000015952.pdf,https://www.mofa.go.jp/mofaj/files/000015952.pdf#page=32,data/raw/mofa/126adf153bd520671b9de87b006de3863ebbbb907b1b3625168cdef117f4a794.pdf.gz,７８． ※２０１１年１１月１８日解除,HISTORICAL,REVIEW_REQUIRED,false,mofa-names-v1
126adf153bd520671b9de87b006de3863ebbbb907b1b3625168cdef117f4a794:UN:79,current_un,79,UN,,person,true,32,126adf153bd520671b9de87b006de3863ebbbb907b1b3625168cdef117f4a794,https://www.mofa.go.jp/mofaj/files/000015952.pdf,https://www.mofa.go.jp/mofaj/files/000015952.pdf#page=32,data/raw/mofa/126adf153bd520671b9de87b006de3863ebbbb907b1b3625168cdef117f4a794.pdf.gz,"７９．モハンマド・ワリ・モハンマド・エワズ（別名：モハンマド・ワリ）
MOHAMMAD WALI MOHAMMAD EWAZ (a.k.a.: Mohammad Wali)
称号：Maulavi （マウラヴィ）
役職（タリバーン統治下）：Minister of Ministry of Preventing Vice and Propagating
Virtue （勧善懲悪大臣）
生年月日：１９６５年頃
出生地：(a)Jelawur village, Arghandab District, Kandahar Province, Afghanistan
(b)Siyachoy village, Panjwai District, Kandahar Province, Afghanistan
国籍：アフガニスタン
旅券番号：不明
ＩＤ番号：不明
住所：不明
国連制裁委員会による指定日：２００１年１月３１日（２００３年９月３日、２００７年９月２
１日、２０１１年１１月２９日、２０１２年８月１３日及び２０１３年１２月３１日に改訂）
その他の情報：２００６年１２月に死亡し、Panjwaj District, Kandahar Province,
Afghanistan に埋められたと報告されている。Ghilzai 部族に属していた。安全保障理
事会決議第１８２２号（２００８年）に基づく見直しは２０１０年７月２７日に終了した。",EXTRACTED,REVIEW_REQUIRED,false,mofa-names-v1
126adf153bd520671b9de87b006de3863ebbbb907b1b3625168cdef117f4a794:UN:80,current_un,80,UN,,person,true,32;33,126adf153bd520671b9de87b006de3863ebbbb907b1b3625168cdef117f4a794,https://www.mofa.go.jp/mofaj/files/000015952.pdf,https://www.mofa.go.jp/mofaj/files/000015952.pdf#page=32,data/raw/mofa/126adf153bd520671b9de87b006de3863ebbbb907b1b3625168cdef117f4a794.pdf.gz,"８０．モハンマド・サリム・ハッカーニ
MOHAMMAD SALIM HAQQANI
称号：Maulavi （マウラヴィ）
役職（タリバーン統治下）：Deputy Minister of Preventing Vice and Propagating Virtue
（勧善懲悪次官）
生年月日：１９６６年から１９６７年頃
出生地：Alingar District, Laghman Province, Afghanistan
国籍：アフガニスタン
旅券番号：不明
ＩＤ番号：不明
住所：不明
国連制裁委員会による指定日：２００１年１月３１日（２００３年９月３日及び２００７年７
月１８日、９月２１日及び２０１１年１１月２９日に改訂）
その他の情報：２０１０年３月時点で、エザトゥッラー・ハッカーニ・カーン・サイイド（６５．
に指定した個人）の副司令官。２０１０年６月時点でタリバーンのペシャワール軍事評
議会のメンバー。Pashai 部族に属する。安全保障理事会決議第１８２２号（２００８年）
に基づく見直しは２０１０年７月２７日に終了した。",EXTRACTED,REVIEW_REQUIRED,false,mofa-names-v1
126adf153bd520671b9de87b006de3863ebbbb907b1b3625168cdef117f4a794:UN:81,current_un,81,UN,,person,true,33,126adf153bd520671b9de87b006de3863ebbbb907b1b3625168cdef117f4a794,https://www.mofa.go.jp/mofaj/files/000015952.pdf,https://www.mofa.go.jp/mofaj/files/000015952.pdf#page=33,data/raw/mofa/126adf153bd520671b9de87b006de3863ebbbb907b1b3625168cdef117f4a794.pdf.gz,"８１．サイード・エスマトゥッラー・アセム・アブドゥル・クドゥス（別名：(a)エスマトゥッラ
ー・アセム(b)アスマトゥッラー・アセム(c)サイード・エスマトゥッラー・アセム）
SAYED ESMATULLAH ASEM ABDUL QUDDUS (a.k.a.: (a)Esmatullah Asem
(b)Asmatullah Asem (c)Sayed Esmatullah Asem)
称号：Maulavi （マウラヴィ）
役職（タリバーン統治下）：(a)Deputy Minister of Preventing Vice and Propagating
Virtue （勧善懲悪次官） (b)Secretary General of the Afghan Red Crescent Society
(ARCS) （アフガン赤新月社総裁）
生年月日：１９６７年頃
出生地：Qalayi Shaikh, Chaparhar District, Nangarhar Province, Afghanistan
国籍：アフガニスタン
旅券番号：不明
ＩＤ番号：不明
住所：不明
国連制裁委員会による指定日：２００１年２月２３日（２００３年９月３日、２００７年７月１
８日、９月２１日、９月２７日、２０１１年１１月２９日及び２０１２年８月１３日に改訂）
その他の情報：２００７年５月現在タリバーン最高評議会のメンバー。アフガニスタンと
パキスタンの国境地帯にいると思われている。タリバーンの Peshawar Shura のメン
バー。２００８年時点でパキスタンの連邦直轄部族地域（Federally Administrated
Tribal Areas）におけるアフガニスタンのタリバーンの活動の責任者。２０１２年時点で
簡易爆発物（IED）及び自爆攻撃の第一人者。安全保障理事会決議第１８２２号（２００
８年）に基づく見直しは２０１０年６月１日に終了した。",EXTRACTED,REVIEW_REQUIRED,false,mofa-names-v1
126adf153bd520671b9de87b006de3863ebbbb907b1b3625168cdef117f4a794:UN:82,current_un,82,UN,,unknown,false,33,126adf153bd520671b9de87b006de3863ebbbb907b1b3625168cdef117f4a794,https://www.mofa.go.jp/mofaj/files/000015952.pdf,https://www.mofa.go.jp/mofaj/files/000015952.pdf#page=33,data/raw/mofa/126adf153bd520671b9de87b006de3863ebbbb907b1b3625168cdef117f4a794.pdf.gz,８２． ※２０１７年２月１６日解除,HISTORICAL,REVIEW_REQUIRED,false,mofa-names-v1
126adf153bd520671b9de87b006de3863ebbbb907b1b3625168cdef117f4a794:UN:83,current_un,83,UN,TAi.082,person,true,33;34,126adf153bd520671b9de87b006de3863ebbbb907b1b3625168cdef117f4a794,https://www.mofa.go.jp/mofaj/files/000015952.pdf,https://www.mofa.go.jp/mofaj/files/000015952.pdf#page=33,data/raw/mofa/126adf153bd520671b9de87b006de3863ebbbb907b1b3625168cdef117f4a794.pdf.gz,"８３．アブドゥル・ハック・ワシーク
ABDUL-HAQ WASSIQ
(original script: قیثو قحلا د بع)
国連参照番号：TAi.082
称号：マウラヴィ
Maulavi
役職：（タリバーン統治下（1996-2001））諜報担当治安次官
Deputy Minister of Security (Intelligence) under the Taliban regime (1996-2001)
生年月日：1971 年; 1975 年頃; 1968/9/20
出生地：Gharib village, Khogyani District, Ghazni Province, Afghanistan; Ghazni,
Afghanistan
別名：アブドゥル・ハック・ワーシク; アブドゥル・ハック・ワシク; アブドゥルハック・ワス
ィーク
Abdul-Haq Wasseq; Abdul Haq Wasiq; Abdulhaq Waseeq
国籍：アフガニスタン
Afghanistan
旅券番号：アフガニスタン外交旅券 D0009755（2021 年 10 月 23 日発行、2026 年 10
月 23 日失効、英字表記の氏名：Abdulhaq Waseeq); アフガニスタン外交旅券
D0010689（2026 年 3 月 29 日発行、2031 年 3 月 29 日失効、英字表記の氏名：
Abdulhaq Waseeq、アラビア語表記の氏名：قیثو قحلا دبع)
住所等：Afghanistan
リスト掲載日：2001 年 1 月 31 日（2003 年 9 月 3 日、2007 年 9 月 21 日、2008 年 10
月 3 日、2011 年 11 月 29 日、2013 年 12 月 31 日、2014 年 2 月 11 日、2016 年 9 月
7 日、2026 年 3 月 10 日、4 月 28 日及び 7 月 30 日に改訂）
その他の情報：身長は 168cm。国連安全保障理事会決議第 1822 号（2008 年）に基
づく見直しは 2010 年 7 月 27 日に終了した。写真はインターポール（国際刑事警察機
構）･国連安全保障理事会特別手配書に含まれているものを利用可能。同人に対す
るインターポール（国際刑事警察機構）・国連安全保障理事会特別手配書のウェブ・
リ ン ク ： https://www.interpol.int/en/How-we-work/Notices/View-UN-Notices-
Individuals#2006-25979.",REVIEW_REQUIRED,REVIEW_REQUIRED,false,mofa-names-v1
126adf153bd520671b9de87b006de3863ebbbb907b1b3625168cdef117f4a794:UN:84,current_un,84,UN,,person,true,34,126adf153bd520671b9de87b006de3863ebbbb907b1b3625168cdef117f4a794,https://www.mofa.go.jp/mofaj/files/000015952.pdf,https://www.mofa.go.jp/mofaj/files/000015952.pdf#page=34,data/raw/mofa/126adf153bd520671b9de87b006de3863ebbbb907b1b3625168cdef117f4a794.pdf.gz,"８４．エフサヌッラー・サルフィダ・ヒサムディン・アーフンドザーダ（別名：(a)エフサヌッラ
ー・サルファディ(b)エフサヌッラー・サルフィダ）
EHSANULLAH SARFIDA HESAMUDDIN AKHUNDZADA (a.k.a.: (a)Ehsanullah Sarfadi
(b)Ehsanullah Sarfida)
称号：Maulavi （マウラヴィ）
役職（タリバーン統治下）：Deputy Minister of Security (Intelligence) （諜報担当治安
次官）
生年月日：１９６２年-１９６３年頃
出生地：Khatak village, Gelan District, Ghazni Province, Afghanistan
国籍：アフガニスタン
旅券番号：不明
ＩＤ番号：不明
住所：不明
国連制裁委員会による指定日：２００１年２月２３日（２００３年９月３日、２００７年９月２
１日、２０１２年２月１３日、５月１８日及び２０１３年１２月３１日に改訂）
その他の情報：２００７年中期時点で、タリバーンに兵器及び資金の支援提供をしてい
た。湾岸地域にいると思われている。Taraki 部族に属する。安全保障理事会決議１８
２２（２００８年）に基づく見直しは２０１０年７月２３日に終了した。",EXTRACTED,REVIEW_REQUIRED,false,mofa-names-v1
126adf153bd520671b9de87b006de3863ebbbb907b1b3625168cdef117f4a794:UN:85,current_un,85,UN,,person,true,34;35,126adf153bd520671b9de87b006de3863ebbbb907b1b3625168cdef117f4a794,https://www.mofa.go.jp/mofaj/files/000015952.pdf,https://www.mofa.go.jp/mofaj/files/000015952.pdf#page=34,data/raw/mofa/126adf153bd520671b9de87b006de3863ebbbb907b1b3625168cdef117f4a794.pdf.gz,"８５．ハビブッラー・レシャド
HABIBULLAH RESHAD
称号：Mullah （ムラー）
役職（タリバーン統治下）：(a)Head of Investigation Department, Ministry of Security
(Intelligence) （諜報担当治安省捜査局長）
生年月日：１９６８年から１９７３年の間
出生地：Waghaz District, Ghazni Province, Afghanistan
国籍：アフガニスタン
旅券番号：不明
ＩＤ番号：不明
住所：不明
国連制裁委員会による指定日：２００１年２月２３日（２００３年９月３日、２００７年９月２
１日及び２０１１年１１月２９日に改訂）
その他の情報：２００９年現在クエッタ軍事評議会の諜報担当副議長。アフガニスタン
とパキスタンの国境地帯にいると思われている。安全保障理事会決議第１８２２号（２
００８年）に基づく見直しは２０１０年７月２３日に終了した。",EXTRACTED,REVIEW_REQUIRED,false,mofa-names-v1
126adf153bd520671b9de87b006de3863ebbbb907b1b3625168cdef117f4a794:UN:86,current_un,86,UN,,person,true,35,126adf153bd520671b9de87b006de3863ebbbb907b1b3625168cdef117f4a794,https://www.mofa.go.jp/mofaj/files/000015952.pdf,https://www.mofa.go.jp/mofaj/files/000015952.pdf#page=35,data/raw/mofa/126adf153bd520671b9de87b006de3863ebbbb907b1b3625168cdef117f4a794.pdf.gz,"８６．アフメド・ジャン・アーフンドザーダ・ワジリ（別名：(a)ハジ・アフマド・ジャン(b)アフメ
ド・ジャン・アフンド）
AHMED JAN AKHUNDZADA WAZIR (a.k.a.: (a)Haji Ahmad Jan (b)Ahmed Jan Akhund)
称号：Maulavi （マウラヴィ）
役職（タリバーン統治下）：Minister of Water and Electricity （水・電気大臣）
生年月日：１９５３年から１９５８年の間
出生地：(a)Kandahar Province, Afghanistan (b)Tirin Kot District, Uruzgan Province,
Afghanistan
国籍：アフガニスタン
旅券番号：不明
ＩＤ番号：不明
住所：不明
国連制裁委員会による指定日：２００１年１月２５日（２００３年９月３日、２００７年９月２
１日及び２０１１年１１月２９日に改訂）
その他の情報：２００９年現在タリバーン最高軍事評議会のメンバー。アフガニスタン
とパキスタンの国境地帯にいると思われている。安全保障理事会決議第１８２２号（２
００８年）に基づく見直しは２０１０年７月２１日に終了した。",EXTRACTED,REVIEW_REQUIRED,false,mofa-names-v1
126adf153bd520671b9de87b006de3863ebbbb907b1b3625168cdef117f4a794:UN:87,current_un,87,UN,,unknown,false,35,126adf153bd520671b9de87b006de3863ebbbb907b1b3625168cdef117f4a794,https://www.mofa.go.jp/mofaj/files/000015952.pdf,https://www.mofa.go.jp/mofaj/files/000015952.pdf#page=35,data/raw/mofa/126adf153bd520671b9de87b006de3863ebbbb907b1b3625168cdef117f4a794.pdf.gz,８７． ※２０１２年８月２４日解除,HISTORICAL,REVIEW_REQUIRED,false,mofa-names-v1
126adf153bd520671b9de87b006de3863ebbbb907b1b3625168cdef117f4a794:UN:88,current_un,88,UN,,person,true,35;36,126adf153bd520671b9de87b006de3863ebbbb907b1b3625168cdef117f4a794,https://www.mofa.go.jp/mofaj/files/000015952.pdf,https://www.mofa.go.jp/mofaj/files/000015952.pdf#page=35,data/raw/mofa/126adf153bd520671b9de87b006de3863ebbbb907b1b3625168cdef117f4a794.pdf.gz,"８８．サアドゥッディーン・サイイド（別名：(a)サドゥディン・サイイド(b)サドルッディン）
SADUDDIN SAYYED (a.k.a.: (a)Sadudin Sayed (b)Sadruddin)
称号：(a)Maulavi （マウラヴィ） (b)Alhaj （アルハッジ） (c)Mullah （ムラー）
役職（タリバーン統治下）：(a)Vice-Minister of Work and Social Affairs （労働・社会副
大臣） (b)Mayor of Kabul City （カブール市長）
生年月日：１９６８年頃
出生地：(a)Chaman District, Pakistan (b)Spin Boldak District, Kandahar Province,
Afghanistan
国籍：アフガニスタン
旅券番号：不明
ＩＤ番号：不明
住所：不明
国連制裁委員会による指定日：２００１年１月２５日（２００３年９月３日、２００７年９月２
１日、２００８年１０月３日、２０１１年１１月２９日及び２０１３年１２月３１日に改訂）
その他の情報：２０１３年中期時点で、タリバーン最高評議会のアドバイザー。アフガ
ニスタンとパキスタンの国境地帯にいると思われている。Barakzai 部族に属する。安
全保障理事会決議第１８２２号（２００８年）に基づく見直しは２０１０年７月２１日に終
了した。",EXTRACTED,REVIEW_REQUIRED,false,mofa-names-v1
126adf153bd520671b9de87b006de3863ebbbb907b1b3625168cdef117f4a794:UN:89,current_un,89,UN,,person,true,36,126adf153bd520671b9de87b006de3863ebbbb907b1b3625168cdef117f4a794,https://www.mofa.go.jp/mofaj/files/000015952.pdf,https://www.mofa.go.jp/mofaj/files/000015952.pdf#page=36,data/raw/mofa/126adf153bd520671b9de87b006de3863ebbbb907b1b3625168cdef117f4a794.pdf.gz,"８９．アブドゥル・ジャッバール・オマリ（別名：(a)ムラー・ジャッバール(b)ムアウィン・ジ
ャッバール）
ABDUL JABBAR OMARI (a.k.a.: (a)Mullah Jabbar (b)Muawin Jabbar)
称号：Maulavi （マウラヴィ）
役職（タリバーン統治下）：Governor of Baghlan Province （バグラン州知事）
生年月日：１９５８年頃
出生地：Zabul Province, Afghanistan
国籍：アフガニスタン
旅券番号：不明
ＩＤ番号：不明
住所：不明
国連制裁委員会による指定日：２００１年２月２３日（２００３年９月３日、２００７年９月２
１日、２０１１年１１月２９日及び２０１３年４月２２日に改訂）
その他の情報：Hottak 部族に属する。安全保障理事会決議第１８２２号（２００８年）
に基づく見直しは２０１０年６月１日に終了した。",EXTRACTED,REVIEW_REQUIRED,false,mofa-names-v1
126adf153bd520671b9de87b006de3863ebbbb907b1b3625168cdef117f4a794:UN:90,current_un,90,UN,,person,true,36;37,126adf153bd520671b9de87b006de3863ebbbb907b1b3625168cdef117f4a794,https://www.mofa.go.jp/mofaj/files/000015952.pdf,https://www.mofa.go.jp/mofaj/files/000015952.pdf#page=36,data/raw/mofa/126adf153bd520671b9de87b006de3863ebbbb907b1b3625168cdef117f4a794.pdf.gz,"９０．ヌルッラー・ヌリ（別名：ヌルッラー・ヌーリ）
NURULLAH NURI (a.k.a.: Norullah Noori)
称号：Maulavi （マウラヴィ）
役職（タリバーン統治下）：(a)Governor of Balkh Province （バルク州知事） (b)Head of
Northern Zone （北部地域議長）
生年月日：(a)１９５８年頃 (b)１９６７年１月１日
出生地：Shahjoe District, Zabul Province, Afghanistan
国籍：アフガニスタン
旅券番号：不明
ＩＤ番号：不明
住所：カタール
国連制裁委員会による指定日：２００１年１月２５日（２００３年９月３日、２００７年９月２
１日、２０１１年１１月２９日、２０１３年１２月３１日及び２０１６年９月７日に改訂）
その他の情報：Tokhi 部族に属する。安全保障理事会決議第１８２２号（２００８年）に
基づく見直しは２０１０年７月２９日に終了した。",EXTRACTED,REVIEW_REQUIRED,false,mofa-names-v1
126adf153bd520671b9de87b006de3863ebbbb907b1b3625168cdef117f4a794:UN:91,current_un,91,UN,,unknown,false,37,126adf153bd520671b9de87b006de3863ebbbb907b1b3625168cdef117f4a794,https://www.mofa.go.jp/mofaj/files/000015952.pdf,https://www.mofa.go.jp/mofaj/files/000015952.pdf#page=37,data/raw/mofa/126adf153bd520671b9de87b006de3863ebbbb907b1b3625168cdef117f4a794.pdf.gz,９１． ※２０１０年９月２２日解除,HISTORICAL,REVIEW_REQUIRED,false,mofa-names-v1
126adf153bd520671b9de87b006de3863ebbbb907b1b3625168cdef117f4a794:UN:92,current_un,92,UN,,person,true,37,126adf153bd520671b9de87b006de3863ebbbb907b1b3625168cdef117f4a794,https://www.mofa.go.jp/mofaj/files/000015952.pdf,https://www.mofa.go.jp/mofaj/files/000015952.pdf#page=37,data/raw/mofa/126adf153bd520671b9de87b006de3863ebbbb907b1b3625168cdef117f4a794.pdf.gz,"９２．ジャナン・アガ（別名：アブドゥッラー・ジャーン・アガ）
JANAN AGHA (a.k.a.: Abdullah Jan Agha)
称号：Mullah （ムラー）
役職（タリバーン統治下）：Governor of Faryab Province （ファリアブ州知事）
生年月日：(a)１９５８年頃 (b)１９５３年頃
出生地：Tirin Kot city, Uruzgan Province, Afghanistan
国籍：アフガニスタン
旅券番号：不明
ＩＤ番号：不明
住所：不明
国連制裁委員会による指定日：２００１年２月２３日（２００３年９月３日、２００７年９月２
１日、２０１１年１１月２９日及び２０１３年１２月３１日に改訂）
その他の情報：２０１０年６月時点でタリバーン最高評議会のメンバー及びモハンメド・
オマル（４．に指定した個人）のアドバイザー。２０１３年中期時点でタリバーンの「前線」
(mahaz)を率いている。アフガニスタンとパキスタンの国境地帯にいると思われている。
Sadat 民族に属する。安全保障理事会決議第１８２２号（２００８年）に基づく見直しは２
０１０年７月２３日に終了した。",EXTRACTED,REVIEW_REQUIRED,false,mofa-names-v1
126adf153bd520671b9de87b006de3863ebbbb907b1b3625168cdef117f4a794:UN:93,current_un,93,UN,,person,true,37;38,126adf153bd520671b9de87b006de3863ebbbb907b1b3625168cdef117f4a794,https://www.mofa.go.jp/mofaj/files/000015952.pdf,https://www.mofa.go.jp/mofaj/files/000015952.pdf#page=37,data/raw/mofa/126adf153bd520671b9de87b006de3863ebbbb907b1b3625168cdef117f4a794.pdf.gz,"９３．ドスト・モハンマド（別名：ドースト・モハンマド）
DOST MOHAMMAD (a.k.a.: Doost Mohammad)
称号：(a)Mullah （ムラー） (b)Maulavi （マウラヴィ）
役職（タリバーン統治下）：Governor of Ghazni Province （ガズニ州知事）
生年月日：１９６８年から１９７３年の間
出生地：(a)Nawi Deh village, Daman District, Kandahar Province, Afghanistan
(b)Marghankecha village, Daman District, Kandahar Province, Afghanistan
国籍：アフガニスタン
旅券番号：不明
ＩＤ番号：不明
住所：不明
国連制裁委員会による指定日：２００１年１月２５日（２００３年９月３日、２００７年７月１
８日、９月２１日、２０１２年２月１３日及び２０１３年１２月３１日に改訂）
その他の情報：アブドゥル・ジャリール・ハッカーニ（３４．に指定した個人）と関係があ
る。アフガニスタンとパキスタンの国境地帯にいると思われている。Popalzai 部族に属
する。安全保障理事会決議第１８２２号（２００８年）に基づく見直しは２０１０年７月２７
日に終了した。",EXTRACTED,REVIEW_REQUIRED,false,mofa-names-v1
126adf153bd520671b9de87b006de3863ebbbb907b1b3625168cdef117f4a794:UN:94,current_un,94,UN,TAi.093,person,true,38,126adf153bd520671b9de87b006de3863ebbbb907b1b3625168cdef117f4a794,https://www.mofa.go.jp/mofaj/files/000015952.pdf,https://www.mofa.go.jp/mofaj/files/000015952.pdf#page=38,data/raw/mofa/126adf153bd520671b9de87b006de3863ebbbb907b1b3625168cdef117f4a794.pdf.gz,"９４．ハイルッラー・ハイルハワー
KHAIRULLAH KHAIRKHWAH
(original script: هاوخریخ الله ریخ)
国連参照番号：TAi.093
称号：マウラヴィ; ムラー
Maulavi; Mullah
役職：（タリバーン統治下（1996-2001））ヘラート州知事; （タリバーン統治下（1996-
2001））広報官; （タリバーン統治下（1996-2001））カブール州知事; （タリバーン統治
下（1996-2001））内務大臣
Governor of Herat Province under the Taliban regime (1996-2001); Spokesperson of
the Taliban regime (1996-2001); Governor of Kabul province under the Taliban regime
(1996-2001); Minister of Internal Affairs under the Taliban regime (1996-2001)
生年月日：1963 年頃; 1969/6/4
出生地： Poti village, Arghistan District, Kandahar Province, Afghanistan
別名：ムラー・ハイルッラー・ハイルハワー; ハイルッラー・サイード・ワリ・ハイルハワ
（1967 年 1 月 1 日にカンダハールで出生）; ハイルッラー・ヘイルフワ
Mullah Khairullah Khairkhwah; Khirullah Said Wali Khairkhwa, born in Kandahar on 01
Jan.1967; Khirullah Khairkhwa (original script: هاوخریخ اللهریخ)
国籍：アフガニスタン
Afghanistan
旅券番号：アフガニスタン外交旅券 D0009770（2021 年 10 月 31 日にアフガニスタン
のカブールで発行、2026 年 10 月 31 日に失効、氏名の英字表記：Khirullah Khairkhwa、
氏名のアラビア語表記：هاوخریخ اللهریخ、2026 年 10 月 31 日に失効）
住所等：Kabul, Afghanistan
リスト掲載日：2001 年 1 月 25 日（2003 年 9 月 3 日、2007 年 9 月 21 日、2008 年 10
月 3 日、2010 年 4 月 12 日、2011 年 11 月 29 日、2013 年 12 月 31 日、2016 年 9 月
7 日、2026 年 3 月 10 日及び 4 月 28 日に改訂）
その他の情報： Popalzai 部族に属する。身長は 176cm。国連安全保障理事会決議
第 1822 号（2008 年）に基づく見直しは 2010 年 7 月 23 日に終了した。写真はインター
ポール（国際刑事警察機構）･国連安全保障理事会特別手配書に含まれているもの
を利用可能。同人に対するインターポール（国際刑事警察機構）・国連安全保障理事
会 特 別 手 配 書 の ウ ェ ブ ・ リ ン ク ： https://www.interpol.int/en/How-we-
work/Notices/View-UN-Notices-Individuals
#2006-25973.",REVIEW_REQUIRED,REVIEW_REQUIRED,false,mofa-names-v1
126adf153bd520671b9de87b006de3863ebbbb907b1b3625168cdef117f4a794:UN:95,current_un,95,UN,,person,true,38;39,126adf153bd520671b9de87b006de3863ebbbb907b1b3625168cdef117f4a794,https://www.mofa.go.jp/mofaj/files/000015952.pdf,https://www.mofa.go.jp/mofaj/files/000015952.pdf#page=38,data/raw/mofa/126adf153bd520671b9de87b006de3863ebbbb907b1b3625168cdef117f4a794.pdf.gz,"９５．アブドゥル・バリ・アフンド（別名：(a)ハッジ・ムラー・サヒブ(b)ザキール）
ABDUL BARI AKHUND (a.k.a.: (a)Haji Mullah Sahib (b)Zakir)
称号：(a)Maulavi （マウラヴィ） (b)Mullah （ムラー）
役職（タリバーン統治下）：Governor of Helmand Province （ヘルマンド州知事）
生年月日：１９５３年頃
出生地：(a)Baghran District, Helmand Province, Afghanistan (b)Now Zad District,
Helmand Province, Afghanistan
国籍：アフガニスタン
旅券番号：不明
ＩＤ番号：不明
住所：不明
国連制裁委員会による指定日：２００１年２月２３日（２００３年９月３日、２００７年７月１
８日、９月２１日及び２０１２年２月１３日に改訂）
その他の情報：２００９年時点で、タリバーン最高評議会のメンバー。アフガニスタンと
パキスタンの国境地帯にいると思われている。Alokozai 部族に属する。アフガニスタ
ンのヘルマンド州（Helmand Province）におけるタリバーンの指導者。安全保障理事会
決議１８２２（２００８年）に基づく見直しは２０１０年６月１日に終了した。",EXTRACTED,REVIEW_REQUIRED,false,mofa-names-v1
126adf153bd520671b9de87b006de3863ebbbb907b1b3625168cdef117f4a794:UN:96,current_un,96,UN,,person,true,39,126adf153bd520671b9de87b006de3863ebbbb907b1b3625168cdef117f4a794,https://www.mofa.go.jp/mofaj/files/000015952.pdf,https://www.mofa.go.jp/mofaj/files/000015952.pdf#page=39,data/raw/mofa/126adf153bd520671b9de87b006de3863ebbbb907b1b3625168cdef117f4a794.pdf.gz,"９６．ワリジャン
WALIJAN
称号：Maulavi （マウラヴィ）
役職（タリバーン統治下）：Governor of Jawzjan Province （ジャウズジャン州知事）
生年月日：１９６８年頃
出生地：(a)Quetta, Pakistan (b)Nimroz Province, Afghanistan
国籍：アフガニスタン
旅券番号：不明
ＩＤ番号：不明
住所：不明
国連制裁委員会による指定日：２００１年２月２３日（２００３年９月３日、２００７年９月２
１日及び２０１１年１１月２９日に改訂）
その他の情報：タリバーンの Gerd-e-Jangal Shura のメンバーで、タリバーン囚人・難
民（Prisoners and Refugees）委員会の委員長。Ishaqzai 部族に属する。安全保障理事
会決議第１８２２号（２００８年）に基づく見直しは２０１０年７月２３日に終了した。",EXTRACTED,REVIEW_REQUIRED,false,mofa-names-v1
126adf153bd520671b9de87b006de3863ebbbb907b1b3625168cdef117f4a794:UN:97,current_un,97,UN,,person,true,39;40,126adf153bd520671b9de87b006de3863ebbbb907b1b3625168cdef117f4a794,https://www.mofa.go.jp/mofaj/files/000015952.pdf,https://www.mofa.go.jp/mofaj/files/000015952.pdf#page=39,data/raw/mofa/126adf153bd520671b9de87b006de3863ebbbb907b1b3625168cdef117f4a794.pdf.gz,"９７．モハンマド・ハサン・ラフマニ（別名：グド・ムラー・モハンマド・ハッサン）
MOHAMMAD HASAN RAHMANI (a.k.a.: Gud Mullah Mohammad Hassan)
称号：Mullah （ムラー）
役職（タリバーン統治下）：Governor of Kandahar Province （カンダハール州知事）
生年月日：１９６３年頃
出生地：(a)Deh Rawud District, Uruzgan Province, Afghanistan (b)Chora District,
Uruzgan Province, Afghanistan (c)Charchino District, Uruzgan Province, Afghanistan
国籍：アフガニスタン
旅券番号：不明
ＩＤ番号：不明
住所：不明
国連制裁委員会による指定日：２００１年２月２３日（２００３年９月３日、２００７年９月２
１日、２０１１年１１月２９日、２０１３年１２月３１日及び２０１６年９月７日に改訂）
その他の情報：右足が義足。２０１３年中期時点でタリバーン最高評議会のメンバー
であり、２０１０年３月にはモハンメド・オマル（４．に指定した個人）の副官を務めてい
た。アフガニスタンとパキスタンの国境地帯にいると思われている。Achekzai 部族に
属する。安全保障理事会決議第１８２２号（２００８年）に基づく見直しは２０１０年７月２
３日に終了した。２０１６年２月９日時点で死亡した。",EXTRACTED,REVIEW_REQUIRED,false,mofa-names-v1
126adf153bd520671b9de87b006de3863ebbbb907b1b3625168cdef117f4a794:UN:98,current_un,98,UN,,person,true,40,126adf153bd520671b9de87b006de3863ebbbb907b1b3625168cdef117f4a794,https://www.mofa.go.jp/mofaj/files/000015952.pdf,https://www.mofa.go.jp/mofaj/files/000015952.pdf#page=40,data/raw/mofa/126adf153bd520671b9de87b006de3863ebbbb907b1b3625168cdef117f4a794.pdf.gz,"９８．アブドゥル・マナン・ニャジ（別名：(a)アブドゥル・マナン・ナヤジ(b)アブドゥル・マナ
ン・ニアジ(c)バルヤリ(d)バルヤライ）
ABDUL MANAN NYAZI (a.k.a.: (a)Abdul Manan Nayazi (b)Abdul Manan Niazi (c)Baryaly
(d)Baryalai)
称号：Mullah （ムラー）
役職（タリバーン統治下）： (a)Governor of Kabul Province （カブール州知事）
(b)Governor of Balk Province（バルク州知事）
生年月日：１９６８年頃
出生地：(a)Pashtoon Zarghoon District, Herat Province, Afghanistan (b)Sardar
village, Kohsan District, Herat Province, Afghanistan
国籍：アフガニスタン
旅券番号：不明
ＩＤ番号：不明
住所：不明
国連制裁委員会による指定日：２００１年１月２５日（２００３年９月３日、２００７年７月１
８日、９月２１日、２０１０年４月１２日、２０１１年１１月２９日、２０１２年２月１３日及び２
０１３年１２月３１日に改訂）
その他の情報：２０１３年中期時点で、ヘラート州、ファラー州及びニムロズ州 (Herat,
Farah and Nimroz provinces) を管轄しているタリバーンの一員。タリバーン最高評議
会及び Quetta Shura の一員。アフガニスタンとパキスタンの国境地帯にいると思われ
ている。Achekzai 部族に属する。アフガニスタンへの自爆テロ犯の移送に関与してい
る。安全保障理事会決議第１８２２号（２００８年）に基づく見直しは２０１０年７月２３日
に終了した。",EXTRACTED,REVIEW_REQUIRED,false,mofa-names-v1
126adf153bd520671b9de87b006de3863ebbbb907b1b3625168cdef117f4a794:UN:99,current_un,99,UN,,person,true,40;41,126adf153bd520671b9de87b006de3863ebbbb907b1b3625168cdef117f4a794,https://www.mofa.go.jp/mofaj/files/000015952.pdf,https://www.mofa.go.jp/mofaj/files/000015952.pdf#page=40,data/raw/mofa/126adf153bd520671b9de87b006de3863ebbbb907b1b3625168cdef117f4a794.pdf.gz,"９９．アブドゥル・ワーヒド・シャフィーク
ABDUL WAHED SHAFIQ
称号：Maulavi （マウラヴィ）
役職（タリバーン統治下）：Deputy Governor of Kabul Province （カブール州副知事）
生年月日：１９６８年頃
出生地：Nangarhar Province, Afghanistan
国籍：アフガニスタン
旅券番号：不明
ＩＤ番号：不明
住所：不明
国連制裁委員会による指定日：２００１年２月２３日（２００３年９月３日、２００７年９月２
１日、２００８年１０月３日及び２０１１年１１月２９日に改訂）
その他の情報：安全保障理事会決議第１８２２号（２００８年）に基づく見直しは２０１０
年７月２７日に終了した。",EXTRACTED,REVIEW_REQUIRED,false,mofa-names-v1
126adf153bd520671b9de87b006de3863ebbbb907b1b3625168cdef117f4a794:UN:100,current_un,100,UN,,unknown,false,41,126adf153bd520671b9de87b006de3863ebbbb907b1b3625168cdef117f4a794,https://www.mofa.go.jp/mofaj/files/000015952.pdf,https://www.mofa.go.jp/mofaj/files/000015952.pdf#page=41,data/raw/mofa/126adf153bd520671b9de87b006de3863ebbbb907b1b3625168cdef117f4a794.pdf.gz,１００．削除（上記８８．と同一人物）,HISTORICAL,REVIEW_REQUIRED,false,mofa-names-v1
126adf153bd520671b9de87b006de3863ebbbb907b1b3625168cdef117f4a794:UN:101,current_un,101,UN,,person,true,41,126adf153bd520671b9de87b006de3863ebbbb907b1b3625168cdef117f4a794,https://www.mofa.go.jp/mofaj/files/000015952.pdf,https://www.mofa.go.jp/mofaj/files/000015952.pdf#page=41,data/raw/mofa/126adf153bd520671b9de87b006de3863ebbbb907b1b3625168cdef117f4a794.pdf.gz,"１０１．モハンマド・シャフィーク・モハンマディ
MOHAMMAD SHAFIQ MOHAMMADI
称号：Maulavi （マウラヴィ）
役職（タリバーン統治下）：(a)Governor of Khost Province（ホースト州知事）
(b)Governor General of Paktia, Paktika, Khost and Ghazni Provinces（パクティア州、
パクティカ州、ホースト州及びガズニ州の総知事）
生年月日：１９４８年頃
出生地：Tirin Kot District, Uruzgan Province, Afghanistan
国籍：アフガニスタン
旅券番号：不明
ＩＤ番号：不明
住所：不明
国連制裁委員会による指定日：２００１年１月２５日（２００３年９月３日、２００７年９月２
１日、２０１１年１１月２９日及び２０１３年１２月３１日に改訂）
その他の情報：２０１３年中期時点で、タリバーンの２つの軍事訓練施設を監督してい
る。アフガニスタンとパキスタンの国境地帯にいると思われている。Hotak 部族に属す
る。安全保障理事会決議第１８２２号（２００８年）に基づく見直しは２０１０年７月２９日
に終了した。",EXTRACTED,REVIEW_REQUIRED,false,mofa-names-v1
126adf153bd520671b9de87b006de3863ebbbb907b1b3625168cdef117f4a794:UN:102,current_un,102,UN,,person,true,41;42,126adf153bd520671b9de87b006de3863ebbbb907b1b3625168cdef117f4a794,https://www.mofa.go.jp/mofaj/files/000015952.pdf,https://www.mofa.go.jp/mofaj/files/000015952.pdf#page=41,data/raw/mofa/126adf153bd520671b9de87b006de3863ebbbb907b1b3625168cdef117f4a794.pdf.gz,"１０２．ナジール・モハンマド・アブドゥル・バシール（別名：ナザール・モハンマド）
NAZIR MOHAMMAD ABDUL BASIR (a.k.a.: Nazar Mohammad)
称号：Maulavi （マウラヴィ）
役職（タリバーン統治下）：(a)Mayor of Kunduz City（クンドゥーズ市長） (b)Acting,
Governor of Kunduz Province （クンドゥーズ州知事代理）
生年月日：１９５４年
出生地：Malaghi Village, Kunduz District, Kunduz Province, Afghanistan
国籍：アフガニスタン
旅券番号：不明
ＩＤ番号：不明
住所：不明
国連制裁委員会による指定日：２００１年２月２３日（２００３年９月３日、２００７年９月２
１日、２０１２年５月１８日及び２０１３年１２月３１日に改訂）
その他の情報：他の称号：Sar Muallim。タリバーン政権崩壊後和解し、Kunduz
Province における地域レベルの新しい政府の下での職務に就いた。２００８年１１月９
日にタリバーンにより暗殺されたことが確認されている。安全保障理事会決議１８２２
（２００８年）に基づく見直しは２０１０年７月２７日に終了した。",EXTRACTED,REVIEW_REQUIRED,false,mofa-names-v1
126adf153bd520671b9de87b006de3863ebbbb907b1b3625168cdef117f4a794:UN:103,current_un,103,UN,,person,true,42,126adf153bd520671b9de87b006de3863ebbbb907b1b3625168cdef117f4a794,https://www.mofa.go.jp/mofaj/files/000015952.pdf,https://www.mofa.go.jp/mofaj/files/000015952.pdf#page=42,data/raw/mofa/126adf153bd520671b9de87b006de3863ebbbb907b1b3625168cdef117f4a794.pdf.gz,"１０３．モハンマド・エスハック・アフンザーダ（別名：モハンマド・イシャク・アフンド（１９６
３年に出生））
MOHAMMAD ESHAQ AKHUNZADA (a.k.a.: Mohammad Ishaq Akhund born in 1963)
称号：Maulavi （マウラヴィ）
役職（タリバーン統治下）：Governor of Laghman Province （ラグマン州知事）
生年月日：１９６３年から１９６８年の間
出生地：Andar District, Ghazni Province, Afghanistan
国籍：アフガニスタン
旅券番号：不明
ＩＤ番号：不明
住所：不明
国連制裁委員会による指定日：２００１年２月２３日（２００３年９月３日、２００７年９月２
１日及び２０１１年１１月２９日に改訂）
その他の情報：２００８年時点でガズニ州のタリバーン司令官。Andar 部族に属する。
安全保障理事会決議第１８２２号（２００８年）に基づく見直しは２０１０年７月２３日に
終了した。",REVIEW_REQUIRED,REVIEW_REQUIRED,false,mofa-names-v1
126adf153bd520671b9de87b006de3863ebbbb907b1b3625168cdef117f4a794:UN:104,current_un,104,UN,,person,true,42;43,126adf153bd520671b9de87b006de3863ebbbb907b1b3625168cdef117f4a794,https://www.mofa.go.jp/mofaj/files/000015952.pdf,https://www.mofa.go.jp/mofaj/files/000015952.pdf#page=42,data/raw/mofa/126adf153bd520671b9de87b006de3863ebbbb907b1b3625168cdef117f4a794.pdf.gz,"１０４．ジア・ウル・ラフマン・マダニ（別名：(a)ジアウッラフマン・マダニ(b)ザイア・ウ・ラ
フマン・マダニ(c)マダニ・サヘブ(d)ディヤ・アル・ラフマン・マダニ）
ZIA-UR-RAHMAN MADANI (a.k.a.: (a)Ziaurrahman Madani (b)Zaia u Rahman Madani
(c)Madani Saheb (d)Diya’ al-Rahman Madani)
称号：Maulavi （マウラヴィ）
役職（タリバーン統治下）：Governor of Logar Province（ロガール州知事）
生年月日：１９６０年頃
出生地：(a)Paliran village, Namakab District, Takhar Province, Afghanistan (b)Taluqan
City, Takhar Province, Afghanistan
国籍：アフガニスタン
旅券番号：不明
ＩＤ番号：不明
住所：不明
国連制裁委員会による指定日：２００１年２月２３日（２００３年９月３日、２００７年７月１
８日、９月２１日、９月２７日、２００８年２月１日、２０１２年２月１３日及び２０１３年１２月
３１日に改訂）
その他の情報：麻薬取引に関与している。２００７年５月現在アフガニスタンのタカー
ル州（Takhar Province）における軍事事項に責任を有するタリバーンのメンバー。２０
０３年からタリバーンのために湾岸において資金を調達している。また、タリバーン当
局と裕福な支援者との間の会合を調整し、１２人以上を自爆テロ攻撃のためにアフガ
ニスタンのカブールへの渡航を手配している。湾岸地域にいると思われている。安全
保障理事会決議１８２２（２００８年）に基づく見直しは２０１０年７月２３日に終了した。",EXTRACTED,REVIEW_REQUIRED,false,mofa-names-v1
126adf153bd520671b9de87b006de3863ebbbb907b1b3625168cdef117f4a794:UN:105,current_un,105,UN,,person,true,43,126adf153bd520671b9de87b006de3863ebbbb907b1b3625168cdef117f4a794,https://www.mofa.go.jp/mofaj/files/000015952.pdf,https://www.mofa.go.jp/mofaj/files/000015952.pdf#page=43,data/raw/mofa/126adf153bd520671b9de87b006de3863ebbbb907b1b3625168cdef117f4a794.pdf.gz,"１０５．シャムスッディーン（別名：パラワン・シャムスッディーン）
SHAMSUDＤIN (a.k.a.: Pahlawan Shamsuddin)
称号：(a)Maulavi （マウラヴィ） (b)Qari （カリ）
役職（タリバーン統治下）：Governor of Wardak (Maidan) Province （ワルダク州知事）
生年月日：１９６８年頃
出生地：Keshim District, Badakhshan Province, Afghanistan
国籍：アフガニスタン
旅券番号：不明
ＩＤ番号：不明
住所：不明
国連制裁委員会による指定日：２００１年２月２３日（２００３年９月３日、２００７年９月２
１日、２０１１年１１月２９日及び２０１３年１２月３１日に改訂）
その他の情報：アフガニスタン、パキスタン及びイランの国境地帯にいると思われて
いる。安全保障理事会決議第１８２２号（２００８年）に基づく見直しは２０１０年７月２３
日に終了した。",EXTRACTED,REVIEW_REQUIRED,false,mofa-names-v1
126adf153bd520671b9de87b006de3863ebbbb907b1b3625168cdef117f4a794:UN:106,current_un,106,UN,,unknown,false,43,126adf153bd520671b9de87b006de3863ebbbb907b1b3625168cdef117f4a794,https://www.mofa.go.jp/mofaj/files/000015952.pdf,https://www.mofa.go.jp/mofaj/files/000015952.pdf#page=43,data/raw/mofa/126adf153bd520671b9de87b006de3863ebbbb907b1b3625168cdef117f4a794.pdf.gz,１０６．削除（上記３．と同一人物）,HISTORICAL,REVIEW_REQUIRED,false,mofa-names-v1
126adf153bd520671b9de87b006de3863ebbbb907b1b3625168cdef117f4a794:UN:107,current_un,107,UN,,person,true,43,126adf153bd520671b9de87b006de3863ebbbb907b1b3625168cdef117f4a794,https://www.mofa.go.jp/mofaj/files/000015952.pdf,https://www.mofa.go.jp/mofaj/files/000015952.pdf#page=43,data/raw/mofa/126adf153bd520671b9de87b006de3863ebbbb907b1b3625168cdef117f4a794.pdf.gz,"１０７．モハンマド・ラスル・アイユーブ（別名：グルグ）
MOHAMMAD RASUL AYYUB (a.k.a.: Gurg)
称号：Maulavi （マウラヴィ）
役職（タリバーン統治下）：Governor of Nimroz Province （ニムロズ州知事）
生年月日：１９５８年から１９６３年の間
出生地：Robat village, Spin Boldak District, Kandahar Province, Afghanistan
国籍：アフガニスタン
旅券番号：不明
ＩＤ番号：不明
住所：不明
国連制裁委員会による指定日：２００１年２月２３日（２００３年９月３日、２００７年９月２
１日及び２０１１年１１月２９日に改訂）
その他の情報：タリバーンの Quetta Shura のメンバー。アフガニスタンとパキスタンの
国境地帯にいると思われている。Nurzay 部族に属する。安全保障理事会決議第１８２
２号（２００８年）に基づく見直しは２０１０年７月２７日に終了した。",EXTRACTED,REVIEW_REQUIRED,false,mofa-names-v1
126adf153bd520671b9de87b006de3863ebbbb907b1b3625168cdef117f4a794:UN:108,current_un,108,UN,,person,true,43;44,126adf153bd520671b9de87b006de3863ebbbb907b1b3625168cdef117f4a794,https://www.mofa.go.jp/mofaj/files/000015952.pdf,https://www.mofa.go.jp/mofaj/files/000015952.pdf#page=43,data/raw/mofa/126adf153bd520671b9de87b006de3863ebbbb907b1b3625168cdef117f4a794.pdf.gz,"１０８．アフマド・ターハ・ハリド・アブドゥル・カーディル
AHMAD TAHA KHALID ABDUL QADIR
称号：Maulavi （マウラヴィ）
役職（タリバーン統治下）：Governor of Paktia Province （パクティア州知事）
生年月日：１９６３年頃
出生地：(a)Nangarhar Province, Afghanistan (b)Khost Province, Afghanistan (c)Siddiq
Khel village, Naka District, Paktia Province, Afghanistan
国籍：アフガニスタン
旅券番号：不明
ＩＤ番号：不明
住所：不明
国連制裁委員会による指定日：２００１年２月２３日（２００３年９月３日、２００７年９月２
１日、２００８年１０月３日、２０１１年１１月２９日及び２０１２年８月１３日に改訂）
その他の情報：２０１１年時点でナンガルハール州（Nangarhar Province）を管轄するタ
リバーンのメンバー。アフガニスタンとパキスタンの国境地帯にいると思われている。
Zadran 部族に属する。シラージュッディーン・ジャラールッディーン・ハッカーニ（５１７．
に指定した個人）と密接な関係がある。安全保障理事会決議第１８２２号（２００８年）
に基づく見直しは２０１０年６月１日に終了した。",EXTRACTED,REVIEW_REQUIRED,false,mofa-names-v1
126adf153bd520671b9de87b006de3863ebbbb907b1b3625168cdef117f4a794:UN:109,current_un,109,UN,,person,true,44,126adf153bd520671b9de87b006de3863ebbbb907b1b3625168cdef117f4a794,https://www.mofa.go.jp/mofaj/files/000015952.pdf,https://www.mofa.go.jp/mofaj/files/000015952.pdf#page=44,data/raw/mofa/126adf153bd520671b9de87b006de3863ebbbb907b1b3625168cdef117f4a794.pdf.gz,"１０９．モハンマド・シャフィクッラー・アフマディ・ファティ・カーン（別名：(a)モハンマド・シ
ャフィク・アフマディ（以前のリスト記載ぶり） (b)ムラー・シャフィクッラー）
MOHAMMAD SHAFIQULLAH AHMADI FATIH KHAN (a.k.a.:(a)Mohammad Shafiq
Ahmadi(previously listed as) (b)Mullah Shafiqullah )
称号：Mullah （ムラー）
役職（タリバーン統治下）：Governor of Samangan Province （サマンガン州知事）
生年月日：１９５６年から１９５７年の間
出生地：(a)Charmistan village, Tirin Kot District, Uruzgan Province, Afghanistan
(b)Marghi village, Nawa District, Ghazni Province, Afghanistan
国籍：アフガニスタン
旅券番号：不明
ＩＤ番号：不明
住所：不明
国連制裁委員会による指定日：２００１年２月２３日（２００３年９月３日、２００７年９月２
１日、２０１２年６月１日、８月１３日、２０１３年４月２２日、１２月３１日及び２０１６年９月
７日に改訂）
その他の情報：元々はガズニ州（Ghazni Province）出身で、後に Uruzgan にて居住し
た。２０１２年後半の時点でウルズガン州（Uruzgan Province）におけるタリバーンの影
の知事。２０１６年７月時点で軍事委員会のメンバーを務めている。Hotak 部族に属
する。安全保障理事会決議１８２２号（２００８年）に基づく見直しは２０１０年７月２７日
に終了した。",REVIEW_REQUIRED,REVIEW_REQUIRED,false,mofa-names-v1
126adf153bd520671b9de87b006de3863ebbbb907b1b3625168cdef117f4a794:UN:110,current_un,110,UN,,person,true,44;45,126adf153bd520671b9de87b006de3863ebbbb907b1b3625168cdef117f4a794,https://www.mofa.go.jp/mofaj/files/000015952.pdf,https://www.mofa.go.jp/mofaj/files/000015952.pdf#page=44,data/raw/mofa/126adf153bd520671b9de87b006de3863ebbbb907b1b3625168cdef117f4a794.pdf.gz,"１１０．アミヌッラー・アミン・クドゥス（別名：(a)ムハンマド・ユスフ(b)アミヌッラー・アミン）
AMINULLAH AMIN QUDDUS (a.k.a.: (a)Muhammad Yusuf (b)Aminullah Amin)
称号：Maulavi （マウラヴィ）
役職（タリバーン統治下）：Governor of Saripul Province （サリプル州知事）
生年月日：１９７３年頃
出生地：Loy Karez village, Spin Boldak District, Kandahar Province, Afghanistan
国籍：アフガニスタン
旅券番号：不明
ＩＤ番号：不明
住所：不明
国連制裁委員会による指定日：２００１年２月２３日（２００３年９月３日、２００７年９月２
１日及び２０１１年１１月２９日に改訂）
その他の情報：２０１１年時点でタリバーン最高評議会のメンバー。Nurzai 部族に属す
る。安全保障理事会決議第１８２２号（２００８年）に基づく見直しは２０１０年７月２７日
に終了した。",EXTRACTED,REVIEW_REQUIRED,false,mofa-names-v1
126adf153bd520671b9de87b006de3863ebbbb907b1b3625168cdef117f4a794:UN:111,current_un,111,UN,,person,true,45,126adf153bd520671b9de87b006de3863ebbbb907b1b3625168cdef117f4a794,https://www.mofa.go.jp/mofaj/files/000015952.pdf,https://www.mofa.go.jp/mofaj/files/000015952.pdf#page=45,data/raw/mofa/126adf153bd520671b9de87b006de3863ebbbb907b1b3625168cdef117f4a794.pdf.gz,"１１１．アブドゥルハイ・サレク
ABDULHAI SALEK
称号：Maulavi （マウラヴィ）
役職（タリバーン統治下）：Governor of Uruzgan Province （ウルズガン州知事）
生年月日：１９６５年頃
出生地：Awlyatak Village, Gardan Masjid Area, Chaki Wardak District, Maidan Wardak
Province, Afghanistan
国籍：アフガニスタン
旅券番号：不明
ＩＤ番号：不明
住所：不明
国連制裁委員会による指定日：２００１年２月２３日（２００３年９月３日、２００７年９月２
１日、２００９年３月２４日、２０１１年１１月２９日及び２０１２年５月１８日に改訂）
その他の情報：１９９９年にアフガニスタン北部において死亡したと報告されている。
Wardak 部族に属する。安全保障理事会決議第１８２２号（２００８年）に基づく見直しは
２０１０年７月２７日に終了した。",EXTRACTED,REVIEW_REQUIRED,false,mofa-names-v1
126adf153bd520671b9de87b006de3863ebbbb907b1b3625168cdef117f4a794:UN:112,current_un,112,UN,,person,true,45;46,126adf153bd520671b9de87b006de3863ebbbb907b1b3625168cdef117f4a794,https://www.mofa.go.jp/mofaj/files/000015952.pdf,https://www.mofa.go.jp/mofaj/files/000015952.pdf#page=45,data/raw/mofa/126adf153bd520671b9de87b006de3863ebbbb907b1b3625168cdef117f4a794.pdf.gz,"１１２．アフマド・ジャン・アーフンドザーダ・シュクール・アーフンドザーダ（別名：(a)アフ
マド・ジャン・アーフンザーダ(b)アフマド・ジャン・アーフンド・ザーダ）
AHMAD JAN AKHUNDZADA SHUKOOR AKHUNDZADA (a.k.a.: (a)Ahmad Jan
Akhunzada (b)Ahmad Jan Akhund Zada)
称号：(a)Maulavi （マウラヴィ） (b)Mullah （ムラー）
役職（タリバーン統治下）：Governor of Zabol and Uruzgan Provinces（ザーボル州及び
ウルズガン州知事）
生年月日：１９６６年から１９６７年
出生地：(a)Lablan village, Dehrawood District, Uruzgan Province, Afghanistan
(b)Zurmat District, Paktia Province, Afghanistan
国籍：アフガニスタン
旅券番号：不明
ＩＤ番号：不明
住所：不明
国連制裁委員会による指定日：２００１年１月２５日（２００３年９月３日、２００７年９月２
１日、２０１０年４月１２日、２０１１年１１月２９日及び２０１２年６月１日に改訂）
その他の情報：２００７年初期の時点で、アフガニスタンのウルズガン州（Uruzgan
Province）を管轄するタリバーンの一員。モハンメド・オマル（４．に指定した個人）の義
理の兄弟。アフガニスタンとパキスタンの国境地帯にいると思われている。安全保障
理事会決議第１８２２号（２００８年）に基づく見直しは２０１０年７月２９日に終了した。",EXTRACTED,REVIEW_REQUIRED,false,mofa-names-v1
126adf153bd520671b9de87b006de3863ebbbb907b1b3625168cdef117f4a794:UN:113,current_un,113,UN,TAi.110,person,true,46,126adf153bd520671b9de87b006de3863ebbbb907b1b3625168cdef117f4a794,https://www.mofa.go.jp/mofaj/files/000015952.pdf,https://www.mofa.go.jp/mofaj/files/000015952.pdf#page=46,data/raw/mofa/126adf153bd520671b9de87b006de3863ebbbb907b1b3625168cdef117f4a794.pdf.gz,"１１３．ヌール・モハンマド・サキーブ
NOOR MOHAMMAD SAQIB
(original script: بقاث دمحم ر ون)
国連参照番号：TAi.110
役職：（タリバーン統治下（1996-2001））最高裁判所長官
Chief Justice of Supreme Court under the Taliban regime（1996-2001）
生年月日：1958 年頃; 1963/9/18; 1962/10/19
出生地：Bagrami District, Kabul Province, Afghanistan; Tarakhel area, Deh Sabz
District, Kabul Province, Afghanistan; Kabul, Afghanistan
別名：ヌール・モハンマド・サキブ
Noor Mohammed Saqeb
(original script: بقاث دمحم ر ون)
国籍：アフガニスタン
Afghanistan
旅券番号：アフガニスタン外交旅券 D0009914（2022 年 5 月 10 日にアフガニスタンで
発行、2027 年 5 月 10 日に失効、氏名の英字表記：Noor Mohammed Saqeb、氏名の
アラビア語表記： بقاث دمحم رون 、2022 年 5 月 10 日発行、2027 年 5 月 10 日に
失効）; アフガニスタン旅券 P09305451（2025 年 4 月 29 日にアフガニスタンのカブー
ルで発行、2030 年 4 月 29 日に失効、生年月日：1962/10/19、身長は 180cm、氏名
の英字表記：Noor Mohammed Saqeb、氏名のアラビア語表記：بقاث دمحمرون）
身分登録番号：544311
住所等：Kabul, Afghanistan
リスト掲載日：2001 年 1 月 25 日（2003 年 9 月 3 日、2007 年 9 月 21 日、2011 年 11
月 29 日、2026 年 3 月 10 日、4 月 28 日及び 7 月 30 日に改訂）
その他の情報：タリバーン最高評議会のメンバー及びタリバーン宗教委員会の委員
長。Ahmadzai 部族に属する。身長は 175cm または 180cm。国連安全保障理事会決
議第 1822 号（2008 年）に基づく見直しは 2010 年 7 月 23 日に終了した。写真はイン
ターポール（国際刑事警察機構）･国連安全保障理事会特別手配書に含まれているも
のを利用可能。同人に対するインターポール（国際刑事警察機構）・国連安全保障理
事 会 特 別 手 配 書 の ウ ェ ブ ・ リ ン ク ： https://www.interpol.int/en/How-we-
work/Notices/View-UN-Notices-Individuals
#2006-26129.",REVIEW_REQUIRED,REVIEW_REQUIRED,false,mofa-names-v1
126adf153bd520671b9de87b006de3863ebbbb907b1b3625168cdef117f4a794:UN:114,current_un,114,UN,,person,true,47,126adf153bd520671b9de87b006de3863ebbbb907b1b3625168cdef117f4a794,https://www.mofa.go.jp/mofaj/files/000015952.pdf,https://www.mofa.go.jp/mofaj/files/000015952.pdf#page=47,data/raw/mofa/126adf153bd520671b9de87b006de3863ebbbb907b1b3625168cdef117f4a794.pdf.gz,"１１４．ハムドゥッラー・スナニ（別名：サナニ）
HAMDULLAH SUNANI (a.k.a.: Sanani)
称号：Maulavi （マウラヴィ）
役職（タリバーン統治下）：Head of Dar-ul-Efta (Fatwa Department) of Supreme Court
（最高裁判所の布告発出所長（ファトワ局））
生年月日：１９２３年頃
出生地：Dai Chopan District, Zabul Province, Afghanistan
国籍：アフガニスタン
旅券番号：不明
ＩＤ番号：不明
住所：不明
国連制裁委員会による指定日：２００１年２月２３日（２００３年９月３日、２００７年９月２
１日及び２０１１年１１月２９日に改訂）
その他の情報：２００１年に死亡したと報告されている。Kakar 部族に属する。安全保
障理事会決議第１８２２号（２００８年）に基づく見直しは２０１０年７月２７日に終了した。",EXTRACTED,REVIEW_REQUIRED,false,mofa-names-v1
126adf153bd520671b9de87b006de3863ebbbb907b1b3625168cdef117f4a794:UN:115,current_un,115,UN,,unknown,false,47,126adf153bd520671b9de87b006de3863ebbbb907b1b3625168cdef117f4a794,https://www.mofa.go.jp/mofaj/files/000015952.pdf,https://www.mofa.go.jp/mofaj/files/000015952.pdf#page=47,data/raw/mofa/126adf153bd520671b9de87b006de3863ebbbb907b1b3625168cdef117f4a794.pdf.gz,１１５． ※２０１１年１１月１８日解除,HISTORICAL,REVIEW_REQUIRED,false,mofa-names-v1
126adf153bd520671b9de87b006de3863ebbbb907b1b3625168cdef117f4a794:UN:116,current_un,116,UN,,person,true,47,126adf153bd520671b9de87b006de3863ebbbb907b1b3625168cdef117f4a794,https://www.mofa.go.jp/mofaj/files/000015952.pdf,https://www.mofa.go.jp/mofaj/files/000015952.pdf#page=47,data/raw/mofa/126adf153bd520671b9de87b006de3863ebbbb907b1b3625168cdef117f4a794.pdf.gz,"１１６．シャハブッディン・デラワール
SHAHABUDDIN DELAWAR
称号：Maulavi （マウラヴィ）
役職（タリバーン統治下）：Deputy of High Court （高等法院副院長）
生年月日：(a)１９５７年 (b)１９５３年
出生地：Logar Province, Afghanistan
国籍：アフガニスタン
旅券番号：アフガニスタン旅券 OA296623
ＩＤ番号：不明
住所：不明
国連制裁委員会による指定日：２００１年２月２３日（２００３年９月３日、２００７年７月１
８日、９月２１日、２０１１年１１月２９日、２０１３年４月２２日及び２０１６年９月７日に改
訂）
その他の情報：１９９８年９月２５日まではサウジアラビアリヤド所在のタリバーン大使
館の次席であった。アフガニスタンとパキスタンの国境地帯にいると思われている。
安全保障理事会決議第１８２２号（２００８年）に基づく見直しは２０１０年７月２７日に
終了した。写真はインターポール（国際警察刑事機構）･国連安全保障理事会特別手
配書に含まれているものを利用可能。",EXTRACTED,REVIEW_REQUIRED,false,mofa-names-v1
126adf153bd520671b9de87b006de3863ebbbb907b1b3625168cdef117f4a794:UN:117,current_un,117,UN,,person,true,47;48,126adf153bd520671b9de87b006de3863ebbbb907b1b3625168cdef117f4a794,https://www.mofa.go.jp/mofaj/files/000015952.pdf,https://www.mofa.go.jp/mofaj/files/000015952.pdf#page=47,data/raw/mofa/126adf153bd520671b9de87b006de3863ebbbb907b1b3625168cdef117f4a794.pdf.gz,"１１７．アブドゥル・ラフマン・アガ
ABDUL RAHMAN AGHA
称号：Maulavi （マウラヴィ）
役職（タリバーン統治下）：Chief Justice of Military Court （軍事裁判所長官）
生年月日：１９５８年頃
出生地：Arghandab District, Kandahar Province, Afghanistan
国籍：(a)アフガニスタン (b)パキスタン
旅券番号：不明
ＩＤ番号：不明
住所：不明
国連制裁委員会による指定日：２００１年１月２５日（２００３年９月３日、２００７年７月９
日、９月２１日及び２０１１年１１月２９日に改訂）
その他の情報：アフガニスタンとパキスタンの国境地帯にいると思われている。安全
保障理事会決議第１８２２号（２００８年）に基づく見直しは２０１０年７月２９日に終了し
た。",EXTRACTED,REVIEW_REQUIRED,false,mofa-names-v1
126adf153bd520671b9de87b006de3863ebbbb907b1b3625168cdef117f4a794:UN:118,current_un,118,UN,,unknown,false,48,126adf153bd520671b9de87b006de3863ebbbb907b1b3625168cdef117f4a794,https://www.mofa.go.jp/mofaj/files/000015952.pdf,https://www.mofa.go.jp/mofaj/files/000015952.pdf#page=48,data/raw/mofa/126adf153bd520671b9de87b006de3863ebbbb907b1b3625168cdef117f4a794.pdf.gz,１１８． ※２０１１年１１月１８日解除,HISTORICAL,REVIEW_REQUIRED,false,mofa-names-v1
126adf153bd520671b9de87b006de3863ebbbb907b1b3625168cdef117f4a794:UN:119,current_un,119,UN,,unknown,false,48,126adf153bd520671b9de87b006de3863ebbbb907b1b3625168cdef117f4a794,https://www.mofa.go.jp/mofaj/files/000015952.pdf,https://www.mofa.go.jp/mofaj/files/000015952.pdf#page=48,data/raw/mofa/126adf153bd520671b9de87b006de3863ebbbb907b1b3625168cdef117f4a794.pdf.gz,１１９．削除（上記８１．と同一人物）,HISTORICAL,REVIEW_REQUIRED,false,mofa-names-v1
126adf153bd520671b9de87b006de3863ebbbb907b1b3625168cdef117f4a794:UN:120,current_un,120,UN,,unknown,false,48,126adf153bd520671b9de87b006de3863ebbbb907b1b3625168cdef117f4a794,https://www.mofa.go.jp/mofaj/files/000015952.pdf,https://www.mofa.go.jp/mofaj/files/000015952.pdf#page=48,data/raw/mofa/126adf153bd520671b9de87b006de3863ebbbb907b1b3625168cdef117f4a794.pdf.gz,１２０．削除（上記７５．と同一人物）,HISTORICAL,REVIEW_REQUIRED,false,mofa-names-v1
126adf153bd520671b9de87b006de3863ebbbb907b1b3625168cdef117f4a794:UN:121,current_un,121,UN,TAi.118,person,true,48;49,126adf153bd520671b9de87b006de3863ebbbb907b1b3625168cdef117f4a794,https://www.mofa.go.jp/mofaj/files/000015952.pdf,https://www.mofa.go.jp/mofaj/files/000015952.pdf#page=48,data/raw/mofa/126adf153bd520671b9de87b006de3863ebbbb907b1b3625168cdef117f4a794.pdf.gz,"１２１．ハミドゥッラー・アフンド・シェル・モハンマド
HAMIDULLAH AKHUND SHER MOHAMMAD
(original script: دمحم ریش دنوخآ الله دیمح)
国連参照番号：TAi.118
称号：ムラー
Mullah
役職：（タリバーン統治下（1996年-2001年））アリアナ・アフガン航空社長
Head of Ariana Afghan Airlines under the Taliban regime (1996-2001)
生年月日：1972年から1973年までの間; 1973/3/22
出生地：Sarpolad village, Washer District, Helmand Province,
Afghanistan; Arghandab District, Kandahar Province, Afghanistan; Uruzgan,
Afghanistan
別名：ジャナート・グル; ハミドゥッラー・アフンド; サイード・ハミドゥッラー
Janat Gul; Hamidullah Akhund; Saeed Hamidullah
国籍：アフガニスタン
Afghanistan
旅券番号：アフガニスタン外交旅券D0009721（2021年10月12日発行、2026年10月12
日に失効、氏名の英字表記：Hamidullah Saeed、氏名のアラビア語表
記： دیعس اللهدیمح、2026年10月12日に失効）
住所等：Kabul, Afghanistan
リスト掲載日：2001年1月25日（2003年9月3日、2007年7月9日、9月21日、2011年11月
29日、2012年8月13日及び、2026年3月10日及び4月28日に改訂）
その他の情報： Ghilzai 部族に属する。身長は175cm。国連安全保障理事会決議第
1822号（2008年）に基づく見直しは2010年7月21日に終了した。写真はインターポール
（国際刑事警察機構）･国連安全保障理事会特別手配書に含まれているものを利用
可能。同人に対するインターポール（国際刑事警察機構）・国連安全保障理事会特別
手配書のウェブ・リンク： https://www.interpol.int/en/How-we-work/Notices/View-
UN-Notices-Individuals
#2006-26140.",REVIEW_REQUIRED,REVIEW_REQUIRED,false,mofa-names-v1
126adf153bd520671b9de87b006de3863ebbbb907b1b3625168cdef117f4a794:UN:122,current_un,122,UN,,unknown,false,49,126adf153bd520671b9de87b006de3863ebbbb907b1b3625168cdef117f4a794,https://www.mofa.go.jp/mofaj/files/000015952.pdf,https://www.mofa.go.jp/mofaj/files/000015952.pdf#page=49,data/raw/mofa/126adf153bd520671b9de87b006de3863ebbbb907b1b3625168cdef117f4a794.pdf.gz,１２２．削除（上記８８．と同一人物）,HISTORICAL,REVIEW_REQUIRED,false,mofa-names-v1
126adf153bd520671b9de87b006de3863ebbbb907b1b3625168cdef117f4a794:UN:123,current_un,123,UN,,unknown,false,49,126adf153bd520671b9de87b006de3863ebbbb907b1b3625168cdef117f4a794,https://www.mofa.go.jp/mofaj/files/000015952.pdf,https://www.mofa.go.jp/mofaj/files/000015952.pdf#page=49,data/raw/mofa/126adf153bd520671b9de87b006de3863ebbbb907b1b3625168cdef117f4a794.pdf.gz,１２３．削除（上記６２．と同一人物）,HISTORICAL,REVIEW_REQUIRED,false,mofa-names-v1
126adf153bd520671b9de87b006de3863ebbbb907b1b3625168cdef117f4a794:UN:124,current_un,124,UN,,unknown,false,49,126adf153bd520671b9de87b006de3863ebbbb907b1b3625168cdef117f4a794,https://www.mofa.go.jp/mofaj/files/000015952.pdf,https://www.mofa.go.jp/mofaj/files/000015952.pdf#page=49,data/raw/mofa/126adf153bd520671b9de87b006de3863ebbbb907b1b3625168cdef117f4a794.pdf.gz,１２４． ※２０１１年１１月１８日解除,HISTORICAL,REVIEW_REQUIRED,false,mofa-names-v1
126adf153bd520671b9de87b006de3863ebbbb907b1b3625168cdef117f4a794:UN:125,current_un,125,UN,,unknown,false,49,126adf153bd520671b9de87b006de3863ebbbb907b1b3625168cdef117f4a794,https://www.mofa.go.jp/mofaj/files/000015952.pdf,https://www.mofa.go.jp/mofaj/files/000015952.pdf#page=49,data/raw/mofa/126adf153bd520671b9de87b006de3863ebbbb907b1b3625168cdef117f4a794.pdf.gz,１２５． ※２０１１年１１月１８日解除,HISTORICAL,REVIEW_REQUIRED,false,mofa-names-v1
126adf153bd520671b9de87b006de3863ebbbb907b1b3625168cdef117f4a794:UN:126,current_un,126,UN,,person,true,49,126adf153bd520671b9de87b006de3863ebbbb907b1b3625168cdef117f4a794,https://www.mofa.go.jp/mofaj/files/000015952.pdf,https://www.mofa.go.jp/mofaj/files/000015952.pdf#page=49,data/raw/mofa/126adf153bd520671b9de87b006de3863ebbbb907b1b3625168cdef117f4a794.pdf.gz,"１２６．モハンマド・サルワル・シディクマル・モハンマド・マスード（別名：モハンマド・サ
ルワル・シディクマル）
MOHAMMAD SARWAR SIDDIQMAL MOHAMMAD MASOOD (a.k.a.: Mohammad
Sarwar Siddiqmal)
称号：不明
役職：Third Secretary, Taliban Embassy, Islamabad, Pakistan （在パキスタン大使館三
等書記官）
生年月日：１９６３年
出生地：Jani Khel District, Paktia Province, Afghanistan
国籍：アフガニスタン
旅券番号：不明
ＩＤ番号：アフガニスタン国民ＩＤカード (tazkira) 番号：19657
住所：不明
国連制裁委員会による指定日：２００１年１月２５日（２００３年９月３日、２００７年９月２
１日及び２０１１年１１月２９日に改訂）
その他の情報：Mangal 部族に属する。安全保障理事会決議第１８２２号（２００８年）に
基づく見直しは２０１０年７月２９日に終了した。",EXTRACTED,REVIEW_REQUIRED,false,mofa-names-v1
126adf153bd520671b9de87b006de3863ebbbb907b1b3625168cdef117f4a794:UN:127,current_un,127,UN,,person,true,49;50,126adf153bd520671b9de87b006de3863ebbbb907b1b3625168cdef117f4a794,https://www.mofa.go.jp/mofaj/files/000015952.pdf,https://www.mofa.go.jp/mofaj/files/000015952.pdf#page=49,data/raw/mofa/126adf153bd520671b9de87b006de3863ebbbb907b1b3625168cdef117f4a794.pdf.gz,"１２７．モハンマド・ザーヒド（別名：(a)ジャーン・アーガー・アフマドザイ (b)ザーヒド・ア
フマドザイ）
MOHAMMAD ZAHID (a.k.a.: (a) Jan Agha Ahmadzai (b) Zahid Ahmadzai)
称号：Mullah （ムラー）
役職：Third Secretary, Taliban Embassy, Islamabad, Pakistan （在イスラマバード・タリ
バーン大使館三等書記官）
生年月日：１９７１年
出生地：Logar Province, Afghanistan
国籍：アフガニスタン
旅券番号：アフガニスタン旅券 D 001206 （２０００年７月１７日発行）
ＩＤ番号：不明
住所：不明
国連制裁委員会による指定日：２００１年１月２５日（２００３年９月３日、２００６年７月２
５日、２００７年９月２１日、２０１１年１１月２９日及び２０１６年９月７日に改訂）
その他の情報：アフガニスタンとパキスタンの国境地帯にいると思われている。安全
保障理事会決議第１８２２号（２００８年）に基づく見直しは２０１０年７月２９日に終了し
た。写真はインターポール（国際警察刑事機構）･国連安全保障理事会特別手配書に
含まれているものを利用可能。",EXTRACTED,REVIEW_REQUIRED,false,mofa-names-v1
126adf153bd520671b9de87b006de3863ebbbb907b1b3625168cdef117f4a794:UN:128,current_un,128,UN,,person,true,50,126adf153bd520671b9de87b006de3863ebbbb907b1b3625168cdef117f4a794,https://www.mofa.go.jp/mofaj/files/000015952.pdf,https://www.mofa.go.jp/mofaj/files/000015952.pdf#page=50,data/raw/mofa/126adf153bd520671b9de87b006de3863ebbbb907b1b3625168cdef117f4a794.pdf.gz,"１２８．アブドゥル・カディール・バシール・アブドゥル・バシール（別名：(a)アブドゥル・カ
ーディル(b)アフマド・ハジ(c)アブドゥル・カーディル・ハッカーニ(d)アブドゥル・カーディ
ル・バシール）
ABDUL QADEER BASIR ABDUL BASEER (a.k.a.: (a)Abdul Qadir (b)Ahmad Haji
(c)Abdul Qadir Haqqani (d)Abdul Qadir Basir)
称号：(a)General （ジェネラル） (b)Maulavi （マウラヴィ）
役職：Military Attache, Taliban Embassy, Islamabad, Pakistan （在パキスタン大使館
軍事担当アタッシェ）
生年月日：１９６４年
出生地：(a)Surkh Rod District, Nangarhar Province, Afghanistan (b)Hisarak District,
Nangarhar Province, Afghanistan
国籍：アフガニスタン
旅券番号：アフガニスタン旅券 D 000974
ＩＤ番号：不明
住所：不明
国連制裁委員会による指定日：２００１年１月２５日（２００３年９月３日、２００６年７月２
５日、２００７年４月２３日、７月１８日、９月２１日、２０１１年１１月２９日及び２０１２年８
月１３日に改訂）
その他の情報：タリバーンのペシャワール軍事評議会の財務顧問及びタリバーンの
ペシャワール財政委員会の委員長。アフガニスタンとパキスタンの国境地帯にいると
思われている。安全保障理事会決議第１８２２号（２００８年）に基づく見直しは２０１０
年７月２１日に終了した。",EXTRACTED,REVIEW_REQUIRED,false,mofa-names-v1
126adf153bd520671b9de87b006de3863ebbbb907b1b3625168cdef117f4a794:UN:129,current_un,129,UN,,person,true,50;51,126adf153bd520671b9de87b006de3863ebbbb907b1b3625168cdef117f4a794,https://www.mofa.go.jp/mofaj/files/000015952.pdf,https://www.mofa.go.jp/mofaj/files/000015952.pdf#page=50,data/raw/mofa/126adf153bd520671b9de87b006de3863ebbbb907b1b3625168cdef117f4a794.pdf.gz,"１２９．ナジルッラー・ハナフィー・ワリウッラー（別名：ナジルッラー・アナフィー・ワリウ
ッラー）
NAZIRULLAH HANAFI WALIULLAH (a.k.a.: Nazirullah Aanafi Waliullah)
称号：(a)Maulavi （マウラヴィ） (b)Haji （ハッジ）
役職：Commercial Attache, Taliban Embassy, Islamabad, Pakistan （在パキスタン大使
館商務担当アタッシェ）
生年月日：１９６２年
出生地：Spin Boldak District, Kandahar Province, Afghanistan
国籍：アフガニスタン
旅券番号：アフガニスタン旅券 D 000912（１９９８年６月３０日発行）
ＩＤ番号：不明
住所：不明
国連制裁委員会による指定日：２００１年１月２５日（２００３年９月３日、２００６年７月２
５日、２００７年７月１８日、９月２１日、２００８年１０月３日及び２０１１年１１月２９日に
改訂）
その他の情報：アフガニスタンとパキスタンの国境地帯にいると思われている。安全
保障理事会決議第１８２２号（２００８年）に基づく見直しは２０１０年７月２１日に終了し
た。",EXTRACTED,REVIEW_REQUIRED,false,mofa-names-v1
126adf153bd520671b9de87b006de3863ebbbb907b1b3625168cdef117f4a794:UN:130,current_un,130,UN,,person,true,51,126adf153bd520671b9de87b006de3863ebbbb907b1b3625168cdef117f4a794,https://www.mofa.go.jp/mofaj/files/000015952.pdf,https://www.mofa.go.jp/mofaj/files/000015952.pdf#page=51,data/raw/mofa/126adf153bd520671b9de87b006de3863ebbbb907b1b3625168cdef117f4a794.pdf.gz,"１３０．アブドゥル・ガファール・クリシ・アブドゥル・ガニ（別名：アブドゥル・ガッファル・ク
レシ）
ABDUL GHAFAR QURISHI ABDUL GHANI (a.k.a.: Abdul Ghaffar Qureshi)
称号：Maulavi （マウラヴィ）
役職：Repatriation Attache, Taliban Embassy, Islamabad, Pakistan （在パキスタン大
使館帰還担当アタッシェ）
生年月日：(a)１９７０年 (b)１９６７年
出生地：Turshut village, Wursaj District, Takhar Province, Afghanistan
国籍：アフガニスタン
旅券番号：アフガニスタン旅券 D 000933（１９９８年９月１３日にカブールで発行）
ＩＤ番号：アフガニスタン国民ＩＤカード番号（tazkira） 番号：55130
住所：Khairkhana Section Number 3, Kabul, Afghanistan
国連制裁委員会による指定日：２００１年１月２５日（２００３年９月３日、２００７年７月１
８日、９月２１日、２０１１年１１月２９日及び２０１３年１２月３１日に改訂）
その他の情報：麻薬取引に関与している。Tajik 部族に属する。安全保障理事会決議
第１８２２号（２００８年）に基づく見直しは２０１０年７月２９日に終了した。",EXTRACTED,REVIEW_REQUIRED,false,mofa-names-v1
126adf153bd520671b9de87b006de3863ebbbb907b1b3625168cdef117f4a794:UN:131,current_un,131,UN,,unknown,false,51,126adf153bd520671b9de87b006de3863ebbbb907b1b3625168cdef117f4a794,https://www.mofa.go.jp/mofaj/files/000015952.pdf,https://www.mofa.go.jp/mofaj/files/000015952.pdf#page=51,data/raw/mofa/126adf153bd520671b9de87b006de3863ebbbb907b1b3625168cdef117f4a794.pdf.gz,１３１． ※２０１１年１１月１８日解除,HISTORICAL,REVIEW_REQUIRED,false,mofa-names-v1
126adf153bd520671b9de87b006de3863ebbbb907b1b3625168cdef117f4a794:UN:132,current_un,132,UN,,person,true,51;52,126adf153bd520671b9de87b006de3863ebbbb907b1b3625168cdef117f4a794,https://www.mofa.go.jp/mofaj/files/000015952.pdf,https://www.mofa.go.jp/mofaj/files/000015952.pdf#page=51,data/raw/mofa/126adf153bd520671b9de87b006de3863ebbbb907b1b3625168cdef117f4a794.pdf.gz,"１３２．ナジブッラー・ムハンマド・ジュマ（別名：ナジブ・ウッラー）
NAJIBULLAH MUHAMMAD JUMA (a.k.a.: Najib Ullah)
称号：Maulavi （マウラヴィ）
役職：Consul General, Taliban Consulate General, Peshawar, Pakistan （ペシャワー
ル総領事）
生年月日：１９５８年
出生地：Zere Kohi area, Shindand District, Farah Province, Afghanistan
国籍：アフガニスタン
旅券番号：アフガニスタン旅券 000737 （１９９６年１０月２０日発行）
ＩＤ番号：不明
住所：不明
国連制裁委員会による指定日：２００１年１月２５日（２００３年９月３日、２００６年７月２
５日、２００７年４月２３日、９月２１日及び２０１１年１１月２９日に改訂）
その他の情報：２０１０年時点でタリバーンのペシャワール軍事評議会のメ
ンバー。アフガニスタンとパキスタンの国境地帯にいると思われている。安
全保障理事会決議第１８２２号（２００８年）に基づく見直しは２０１０年７月２
１日に終了した。",EXTRACTED,REVIEW_REQUIRED,false,mofa-names-v1
126adf153bd520671b9de87b006de3863ebbbb907b1b3625168cdef117f4a794:UN:133,current_un,133,UN,,person,true,52,126adf153bd520671b9de87b006de3863ebbbb907b1b3625168cdef117f4a794,https://www.mofa.go.jp/mofaj/files/000015952.pdf,https://www.mofa.go.jp/mofaj/files/000015952.pdf#page=52,data/raw/mofa/126adf153bd520671b9de87b006de3863ebbbb907b1b3625168cdef117f4a794.pdf.gz,"１３３．アブドゥル・ワリ・セッディーキ
ABDUL WALI SEDDIQI
称号：Qari （カリ）
役職：Third Secretary Taliban Consulate General, Peshawar, Pakistan（在ペシャワー
ル総領事館三等書記官）
生年月日：１９７４年
出生地：Zilzilay village, Andar District, Ghazni Province, Afghanistan
国籍：アフガニスタン
旅券番号：アフガニスタン旅券 D 000769 （１９９７年２月２日発行）
ＩＤ番号：不明
住所：不明
国連制裁委員会による指定日：２００１年１月２５日（２００３年９月３日、２００６年７月２
５日、２００７年９月２１日及び２０１１年１１月２９日に改訂）
その他の情報：アフガニスタンとパキスタンの国境地帯にいると思われてい
る。安全保障理事会決議第１８２２号（２００８年）に基づく見直しは２０１０年
７月２９日に終了した。",EXTRACTED,REVIEW_REQUIRED,false,mofa-names-v1
126adf153bd520671b9de87b006de3863ebbbb907b1b3625168cdef117f4a794:UN:134,current_un,134,UN,,unknown,false,52,126adf153bd520671b9de87b006de3863ebbbb907b1b3625168cdef117f4a794,https://www.mofa.go.jp/mofaj/files/000015952.pdf,https://www.mofa.go.jp/mofaj/files/000015952.pdf#page=52,data/raw/mofa/126adf153bd520671b9de87b006de3863ebbbb907b1b3625168cdef117f4a794.pdf.gz,１３４． ※２０１１年１１月１８日解除,HISTORICAL,REVIEW_REQUIRED,false,mofa-names-v1
126adf153bd520671b9de87b006de3863ebbbb907b1b3625168cdef117f4a794:UN:135,current_un,135,UN,,person,true,52;53,126adf153bd520671b9de87b006de3863ebbbb907b1b3625168cdef117f4a794,https://www.mofa.go.jp/mofaj/files/000015952.pdf,https://www.mofa.go.jp/mofaj/files/000015952.pdf#page=52,data/raw/mofa/126adf153bd520671b9de87b006de3863ebbbb907b1b3625168cdef117f4a794.pdf.gz,"１３５．アブドゥル・クドゥス・マズハリ（別名：アフタール・モハンマド・マズハリ）
ABDUL QUDDUS MAZHARI (a.k.a.: Akhtar Mohammad Maz-hari)
称号：Maulavi （マウラヴィ）
役職：Education Attache, Taliban Consulate General, Peshawar, Pakistan （在ペシャ
ワール総領事館教育担当アタッシェ）
生年月日：１９７０年
出生地：Kunduz Province, Afghanistan
国籍：アフガニスタン
旅券番号：アフガニスタン旅券 SE 012820 （２０００年１１月４日発行）
ＩＤ番号：不明
住所：Kushal Khan Mena, District Number 5, Kabul, Afghanistan
国連制裁委員会による指定日：２００１年１月２５日（２００３年９月３日、２００６年７月２
５日、２００７年７月１８日、９月２１日及び２０１１年１１月２９日に改訂）
その他の情報：Popalzai 部族に属する。安全保障理事会決議第１８２２号（２００８年）
に基づく見直しは２０１０年７月２７日に終了した。",EXTRACTED,REVIEW_REQUIRED,false,mofa-names-v1
126adf153bd520671b9de87b006de3863ebbbb907b1b3625168cdef117f4a794:UN:136,current_un,136,UN,,person,true,53,126adf153bd520671b9de87b006de3863ebbbb907b1b3625168cdef117f4a794,https://www.mofa.go.jp/mofaj/files/000015952.pdf,https://www.mofa.go.jp/mofaj/files/000015952.pdf#page=53,data/raw/mofa/126adf153bd520671b9de87b006de3863ebbbb907b1b3625168cdef117f4a794.pdf.gz,"１３６．モハンマド・サディク・アミール・モハンマド
MOHAMMAD SADIQ AMIR MOHAMMAD
称号：(a)Alhaj （アルハッジ） (b)Maulavi （マウラヴィ）
役職：Head of Afghan Trade Agency, Peshawar, Pakistan （在ペシャワール通商事務
所代表）
生年月日：１９３４年
出生地：(a)Ghazni Province, Afghanistan (b)Logar Province, Afghanistan
国籍：アフガニスタン
旅券番号：アフガニスタン旅券 SE 011252
ＩＤ番号：不明
住所：不明
国連制裁委員会による指定日：２００１年１月２５日（２００３年９月３日、２００６年７月２
５日、２００７年４月２３日、９月２１日、２０１１年１１月２９日及び２０１２年８月１３日に
改訂）
その他の情報：死亡したと報告されている。安全保障理事会決議第１８２２
号（２００８年）に基づく見直しは２０１０年７月２１日に終了した。",EXTRACTED,REVIEW_REQUIRED,false,mofa-names-v1
126adf153bd520671b9de87b006de3863ebbbb907b1b3625168cdef117f4a794:UN:137,current_un,137,UN,,person,true,53,126adf153bd520671b9de87b006de3863ebbbb907b1b3625168cdef117f4a794,https://www.mofa.go.jp/mofaj/files/000015952.pdf,https://www.mofa.go.jp/mofaj/files/000015952.pdf#page=53,data/raw/mofa/126adf153bd520671b9de87b006de3863ebbbb907b1b3625168cdef117f4a794.pdf.gz,"１３７．ラフマトゥッラー・カカザダ（別名：(a)レフマトゥッラー(b)カカザダ(c)ムラー・ナシ
ル）
RAHMATULLAH KAKAZADA (a.k.a.: (a)Rehmatullah (b)Kakazada (c)Mullah Nasir)
称号：(a)Maulavi （マウラヴィ） (b)Mullah （ムラー）
役職：Consul General, Taliban Consulate General, Karachi, Pakistan （カラチ総領事）
生年月日：１９６８年
出生地：Zurmat District, Paktia Province, Afghanistan
国籍：アフガニスタン
旅券番号：アフガニスタン旅券 D 000952 （１９９９年１月７日発行）
ＩＤ番号：不明
住所：不明
国連制裁委員会による指定日：２００１年１月２５日（２００３年９月３日、２００６年７月２
５日、２００７年７月１８日、９月２１日及び２０１１年１１月２９日に改訂）
その他の情報：２００７年５月時点でアフガニスタンのガズニ州（Ghazni Province）を管
轄するタリバーンのメンバー。ある情報網のリーダー。アフガニスタンとパキスタンの
国境地帯にいると思われている。Suleimankheil 部族に属する。安全保障理事会決議
第１８２２号（２００８年）に基づく見直しは２０１０年７月２１日に終了した。",EXTRACTED,REVIEW_REQUIRED,false,mofa-names-v1
126adf153bd520671b9de87b006de3863ebbbb907b1b3625168cdef117f4a794:UN:138,current_un,138,UN,,person,true,53;54,126adf153bd520671b9de87b006de3863ebbbb907b1b3625168cdef117f4a794,https://www.mofa.go.jp/mofaj/files/000015952.pdf,https://www.mofa.go.jp/mofaj/files/000015952.pdf#page=53,data/raw/mofa/126adf153bd520671b9de87b006de3863ebbbb907b1b3625168cdef117f4a794.pdf.gz,"１３８．モハンマド・アリーム・ヌーラニ
MOHAMMAD ALEEM NOORANI
称号：Mufti （ムフティ）
役職：First Secretary, Taliban Consulate General, Karachi, Pakistan （在カラチ総領事
館一等書記官）
生年月日：１９６３年頃
出生地：Ghazni Province, Afghanistan
国籍：アフガニスタン
旅券番号：不明
ＩＤ番号：不明
住所：不明
国連制裁委員会による指定日：２００１年１月２５日（２００３年９月３日、２００７年９月２
１日及び２０１１年１１月２９日に改訂）
その他の情報：安全保障理事会決議第１８２２号（２００８年）に基づく見直しは２０１０
年７月２９日に終了した。",EXTRACTED,REVIEW_REQUIRED,false,mofa-names-v1
126adf153bd520671b9de87b006de3863ebbbb907b1b3625168cdef117f4a794:UN:139,current_un,139,UN,,person,true,54,126adf153bd520671b9de87b006de3863ebbbb907b1b3625168cdef117f4a794,https://www.mofa.go.jp/mofaj/files/000015952.pdf,https://www.mofa.go.jp/mofaj/files/000015952.pdf#page=54,data/raw/mofa/126adf153bd520671b9de87b006de3863ebbbb907b1b3625168cdef117f4a794.pdf.gz,"１３９．アブドゥル・ガファール・シンワリ
ABDUL GHAFAR SHINWARI
称号：Haji （ハッジ）
役職：Third Secretary, Taliban Consulate General, Karachi, Pakistan （在カラチ総領
事館三等書記官）
生年月日：１９６５年３月２９日
出生地：Nangarhar Province, Afghanistan
国籍：アフガニスタン
旅券番号：アフガニスタン旅券 D 000763 （１９９７年１月９日発行）
ＩＤ番号：不明
住所：不明
国連制裁委員会による指定日：２００１年１月２５日（２００３年９月３日、２００６年７月２
５日、２００７年９月２１日及び２０１１年１１月２９日に改訂）
その他の情報：アフガニスタンとパキスタンの国境地帯にいると思われてい
る。Safi 部族に属する。安全保障理事会決議第１８２２号（２００８年）に基づ
く見直しは２０１０年７月２９日に終了した。",EXTRACTED,REVIEW_REQUIRED,false,mofa-names-v1
126adf153bd520671b9de87b006de3863ebbbb907b1b3625168cdef117f4a794:UN:140,current_un,140,UN,,person,true,54;55,126adf153bd520671b9de87b006de3863ebbbb907b1b3625168cdef117f4a794,https://www.mofa.go.jp/mofaj/files/000015952.pdf,https://www.mofa.go.jp/mofaj/files/000015952.pdf#page=54,data/raw/mofa/126adf153bd520671b9de87b006de3863ebbbb907b1b3625168cdef117f4a794.pdf.gz,"１４０．グル・アフマド・ハキーミー
GUL AHMAD HAKIMI
称号：Maulavi （マウラヴィ）
役職：Commercial Attache, Taliban Consulate General, Karachi, Pakistan （在カラチ総
領事館商務担当アタッシェ）
生年月日：１９６４年
出生地：(a)Logar Province, Afghanistan (b)Kabul Province, Afghanistan
国籍：アフガニスタン
旅券番号：不明
ＩＤ番号：不明
住所：不明
国連制裁委員会による指定日：２００１年１月２５日（２００３年９月３日、２００７年９月２
１日、２００８年１０月３日及び２０１１年１１月２９日に改訂）
その他の情報：アフガニスタンとパキスタンの国境地帯にいると思われている。安全
保障理事会決議第１８２２号（２００８年）に基づく見直しは２０１０年７月２９日に終了し
た。",EXTRACTED,REVIEW_REQUIRED,false,mofa-names-v1
126adf153bd520671b9de87b006de3863ebbbb907b1b3625168cdef117f4a794:UN:141,current_un,141,UN,,person,true,55,126adf153bd520671b9de87b006de3863ebbbb907b1b3625168cdef117f4a794,https://www.mofa.go.jp/mofaj/files/000015952.pdf,https://www.mofa.go.jp/mofaj/files/000015952.pdf#page=55,data/raw/mofa/126adf153bd520671b9de87b006de3863ebbbb907b1b3625168cdef117f4a794.pdf.gz,"１４１．アブドゥッラー・ハマード・モハンマド・カリム（別名：アル・ハンマド）
ABDULLAH HAMAD MOHAMMAD KARIM (a.k.a.: al-Hammad)
称号：Maulavi （マウラヴィ）
役職：Consul General, Taliban Consulate General, Quetta, Pakistan （クエッタ総領事）
生年月日：１９７２年
出生地：Darweshan village, Hazar Juft area, Garmser District, Helmand Province,
Afghanistan
国籍：アフガニスタン
旅券番号：アフガニスタン旅券 D 000857 （１９９７年１１月２０日発行）
ＩＤ番号：アフガニスタン国民ＩＤカード番号（tazkira） 番号：300786
住所：不明
国連制裁委員会による指定日：２００１年１月２５日（２００３年９月３日、２００６年７月２
５日、２００７年９月２１日、２００８年１０月３日及び２０１１年１１月２９日に改訂）
その他の情報：アフガニスタンとパキスタンの国境地帯にいると思われている。
Baloch 部族に属する。安全保障理事会決議第１８２２号（２００８年）に基づく見直しは
２０１０年７月２９日に終了した。",EXTRACTED,REVIEW_REQUIRED,false,mofa-names-v1
126adf153bd520671b9de87b006de3863ebbbb907b1b3625168cdef117f4a794:UN:142,current_un,142,UN,,person,true,55,126adf153bd520671b9de87b006de3863ebbbb907b1b3625168cdef117f4a794,https://www.mofa.go.jp/mofaj/files/000015952.pdf,https://www.mofa.go.jp/mofaj/files/000015952.pdf#page=55,data/raw/mofa/126adf153bd520671b9de87b006de3863ebbbb907b1b3625168cdef117f4a794.pdf.gz,"１４２．アブドゥル・ハイ・ハゼム・アブドゥル・カーデル（別名：アブドゥル・ハイ・ハゼム）
ABDUL HAI HAZEM ABDUL QADER (a.k.a.: Abdul Hai Hazem)
称号：(a)Maulavi （マウラヴィ） (b)Mullah（ムラー）
役職：First Secretary, Taliban Consulate General, Quetta, Pakistan （在クエッタ総領
事館一等書記官）
生年月日：１９７１年
出生地：Pashawal Yargatoo village, Andar District, Ghazni Province, Afghanistan
国籍：アフガニスタン
旅券番号：アフガニスタン旅券 D 0001203
ＩＤ番号：不明
住所：(a)Iltifat village, Shakardara District, Kabul Province, Afghanistan (b)Puli
Charkhi Area, District Number 9, Kabul City, Kabul Province
国連制裁委員会による指定日：２００１年１月２５日（２００３年９月３日、２００６年７月２
５日、２００７年９月２１日、２０１１年１１月２９日及び２０１２年５月１８日に改訂）
その他の情報：安全保障理事会決議第１８２２号（２００８年）に基づく見直しは２０１０
年７月２９日に終了した。",EXTRACTED,REVIEW_REQUIRED,false,mofa-names-v1
126adf153bd520671b9de87b006de3863ebbbb907b1b3625168cdef117f4a794:UN:143,current_un,143,UN,,person,true,55;56,126adf153bd520671b9de87b006de3863ebbbb907b1b3625168cdef117f4a794,https://www.mofa.go.jp/mofaj/files/000015952.pdf,https://www.mofa.go.jp/mofaj/files/000015952.pdf#page=55,data/raw/mofa/126adf153bd520671b9de87b006de3863ebbbb907b1b3625168cdef117f4a794.pdf.gz,"１４３．ハムドゥッラー・アッラー・ヌール
HAMDULLAH ALLAH NOOR
称号：(a)Maulavi （マウラヴィ） (b)Hafiz （ハーフィズ）
役職：Repatriation Attache, Taliban Consulate General, Quetta, Pakistan （在クエッタ
総領事館帰還担当アタッシェ）
生年月日：１９７３年
出生地：District Number 6, Kandahar City, Kandahar Province, Afghanistan
国籍：アフガニスタン
旅券番号：不明
ＩＤ番号：アフガニスタン国民ＩＤカード番号（tazkira） 番号：4414
住所：不明
国連制裁委員会による指定日：２００１年１月２５日（２００３年９月３日、２００７年９月２
１日及び２０１１年１１月２９日に改訂）
その他の情報：アフガニスタンとパキスタンの国境地帯にいると思われている。
Baloch 部族に属する。安全保障理事会決議第１８２２号（２００８年）に基づく見直しは
２０１０年７月２１日に終了した。",EXTRACTED,REVIEW_REQUIRED,false,mofa-names-v1
126adf153bd520671b9de87b006de3863ebbbb907b1b3625168cdef117f4a794:UN:144,current_un,144,UN,,person,true,56,126adf153bd520671b9de87b006de3863ebbbb907b1b3625168cdef117f4a794,https://www.mofa.go.jp/mofaj/files/000015952.pdf,https://www.mofa.go.jp/mofaj/files/000015952.pdf#page=56,data/raw/mofa/126adf153bd520671b9de87b006de3863ebbbb907b1b3625168cdef117f4a794.pdf.gz,"１４４．ジャン・モハンマド・マダニ・イクラム
JAN MOHAMMAD MADANI IKRAM
称号：Maulavi （マウラヴィ）
役職：Charge d’Affaires, Taliban Embassy, Abu Dhabi, United Arab Emirates （駐アラ
ブ首長国連邦タリバーン大使館臨時代理大使）
生年月日：１９５４年－１９５５年
出生地：Siyachoy village, Panjwai District, Kandahar Province, Afghanistan
国籍：アフガニスタン
旅券番号：不明
ＩＤ番号：不明
住所：不明
国連制裁委員会による指定日：２００１年１月２５日（２００３年９月３日、２００７年９月２
１日、２０１１年１１月２９日、２０１２年８月１５日及び２０１６年９月７日に改訂）
その他の情報：アフガニスタンとパキスタンの国境地帯にいると思われている。Alizai
部族に属する。安全保障理事会決議第１８２２号（２００８年）に基づく見直しは２０１０
年７月２９日に終了した。写真はインターポール（国際警察刑事機構）･国連安全保障
理事会特別手配書に含まれているものを利用可能。",EXTRACTED,REVIEW_REQUIRED,false,mofa-names-v1
126adf153bd520671b9de87b006de3863ebbbb907b1b3625168cdef117f4a794:UN:145,current_un,145,UN,,unknown,false,56,126adf153bd520671b9de87b006de3863ebbbb907b1b3625168cdef117f4a794,https://www.mofa.go.jp/mofaj/files/000015952.pdf,https://www.mofa.go.jp/mofaj/files/000015952.pdf#page=56,data/raw/mofa/126adf153bd520671b9de87b006de3863ebbbb907b1b3625168cdef117f4a794.pdf.gz,１４５． ※２０１１年１１月１８日解除,HISTORICAL,REVIEW_REQUIRED,false,mofa-names-v1
126adf153bd520671b9de87b006de3863ebbbb907b1b3625168cdef117f4a794:UN:146,current_un,146,UN,TAi.121,person,true,56;57,126adf153bd520671b9de87b006de3863ebbbb907b1b3625168cdef117f4a794,https://www.mofa.go.jp/mofaj/files/000015952.pdf,https://www.mofa.go.jp/mofaj/files/000015952.pdf#page=56,data/raw/mofa/126adf153bd520671b9de87b006de3863ebbbb907b1b3625168cdef117f4a794.pdf.gz,"１４６．アジジラフマン・アブドゥル・アハド
AZIZIRAHMAN ABDUL AHAD
(original script: دحلاا دبع نامحرلا ز یزع)
国連参照番号：TAi.121
称号：ミスター
Mr
役職：（1996 年-2001 年）在アラブ首長国連邦大使館三等書記官
Third Secretary, Taliban Embassy, Abu Dhabi, United Arab Emirates (1996-2001)
生年月日：1972 年; 1971/5/23
出生地： Kandahar Province, Afghanistan
別名：アジズラフマン・アブドゥル・アハド
Azizurahman Abdul Ahad
国籍：アフガニスタン
Afghanistan
旅券番号：アフガニスタン旅券 P02504168（2019 年 11 月 12 日にアラブ首長国連邦の
ドバイで発行、2029 年 11 月 12 日に失効、氏名の英字表記：Azizurahman Abdul Ahad、
2019 年 11 月 12 日発行、2029 年 11 月 12 日に失効)
住所等：Kabul, Afghanistan
リスト掲載日：2001 年 1 月 25 日（2003 年 9 月 3 日、2007 年 9 月 21 日、2011 年 11
月 29 日、2026 年 3 月 10 日及び 4 月 28 日に改訂）
その他の情報：Hotak 部族に属する。身長は 169cm。国連安全保障理事会決議第１
８２２号（2008 年）に基づく見直しは 2010 年 7 月 29 日に終了した。写真はインターポ
ール（国際刑事警察機構）･国連安全保障理事会特別手配書に含まれているものを
利用可能。同人に対するインターポール（国際刑事警察機構）・国連安全保障理事会
特 別 手 配 書 の ウ ェ ブ ・ リ ン ク ： https://www.interpol.int/en/How-we-
work/Notices/View-UN-Notices-Individuals
#2012-306385.",REVIEW_REQUIRED,REVIEW_REQUIRED,false,mofa-names-v1
126adf153bd520671b9de87b006de3863ebbbb907b1b3625168cdef117f4a794:UN:147,current_un,147,UN,,person,true,57,126adf153bd520671b9de87b006de3863ebbbb907b1b3625168cdef117f4a794,https://www.mofa.go.jp/mofaj/files/000015952.pdf,https://www.mofa.go.jp/mofaj/files/000015952.pdf#page=57,data/raw/mofa/126adf153bd520671b9de87b006de3863ebbbb907b1b3625168cdef117f4a794.pdf.gz,"１４７．アブドゥル・マナン・モハンマド・イシャーク
ABDUL MANAN MOHAMMAD ISHAK
称号：Maulavi （マウラヴィ）
役職：(a)First Secretary, Taliban Embassy, Riyadh, Saudi Arabia （在サウジアラビア
大使館一等書記官）(b)Commercial Attache, Taliban Embassy, Abu Dhabi, United
Arab Emirates （在アラブ首長国連邦大使館商務担当アタッシェ）
生年月日：１９４０年－１９４１年
出生地：Siyachoy village, Panjwai District, Kandahar Province, Afghanistan
国籍：アフガニスタン
旅券番号：不明
ＩＤ番号：不明
住所：不明
国連制裁委員会による指定日：２００１年１月２５日（２００３年９月３日、２００７年９月２
１日、２０１１年１１月２９日及び２０１２年８月１５日に改訂）
その他の情報：安全保障理事会決議第１８２２号（２００８年）に基づく見直しは２０１０
年７月２７日に終了した。",EXTRACTED,REVIEW_REQUIRED,false,mofa-names-v1
126adf153bd520671b9de87b006de3863ebbbb907b1b3625168cdef117f4a794:UN:148,current_un,148,UN,,unknown,false,57,126adf153bd520671b9de87b006de3863ebbbb907b1b3625168cdef117f4a794,https://www.mofa.go.jp/mofaj/files/000015952.pdf,https://www.mofa.go.jp/mofaj/files/000015952.pdf#page=57,data/raw/mofa/126adf153bd520671b9de87b006de3863ebbbb907b1b3625168cdef117f4a794.pdf.gz,１４８． ※２０１３年３月１９日解除,HISTORICAL,REVIEW_REQUIRED,false,mofa-names-v1
126adf153bd520671b9de87b006de3863ebbbb907b1b3625168cdef117f4a794:UN:149,current_un,149,UN,,unknown,false,58,126adf153bd520671b9de87b006de3863ebbbb907b1b3625168cdef117f4a794,https://www.mofa.go.jp/mofaj/files/000015952.pdf,https://www.mofa.go.jp/mofaj/files/000015952.pdf#page=58,data/raw/mofa/126adf153bd520671b9de87b006de3863ebbbb907b1b3625168cdef117f4a794.pdf.gz,１４９． ※２０１０年９月２２日解除,HISTORICAL,REVIEW_REQUIRED,false,mofa-names-v1
126adf153bd520671b9de87b006de3863ebbbb907b1b3625168cdef117f4a794:UN:150,current_un,150,UN,,unknown,false,58,126adf153bd520671b9de87b006de3863ebbbb907b1b3625168cdef117f4a794,https://www.mofa.go.jp/mofaj/files/000015952.pdf,https://www.mofa.go.jp/mofaj/files/000015952.pdf#page=58,data/raw/mofa/126adf153bd520671b9de87b006de3863ebbbb907b1b3625168cdef117f4a794.pdf.gz,１５０． ※２００５年１１月２５日解除,HISTORICAL,REVIEW_REQUIRED,false,mofa-names-v1
126adf153bd520671b9de87b006de3863ebbbb907b1b3625168cdef117f4a794:UN:151,current_un,151,UN,,unknown,false,58,126adf153bd520671b9de87b006de3863ebbbb907b1b3625168cdef117f4a794,https://www.mofa.go.jp/mofaj/files/000015952.pdf,https://www.mofa.go.jp/mofaj/files/000015952.pdf#page=58,data/raw/mofa/126adf153bd520671b9de87b006de3863ebbbb907b1b3625168cdef117f4a794.pdf.gz,１５１． ※２００２年１月１７日解除,HISTORICAL,REVIEW_REQUIRED,false,mofa-names-v1
126adf153bd520671b9de87b006de3863ebbbb907b1b3625168cdef117f4a794:UN:152,current_un,152,UN,,unknown,false,58,126adf153bd520671b9de87b006de3863ebbbb907b1b3625168cdef117f4a794,https://www.mofa.go.jp/mofaj/files/000015952.pdf,https://www.mofa.go.jp/mofaj/files/000015952.pdf#page=58,data/raw/mofa/126adf153bd520671b9de87b006de3863ebbbb907b1b3625168cdef117f4a794.pdf.gz,１５２． ※２００２年１月２９日解除,HISTORICAL,REVIEW_REQUIRED,false,mofa-names-v1
126adf153bd520671b9de87b006de3863ebbbb907b1b3625168cdef117f4a794:UN:153,current_un,153,UN,,unknown,false,58,126adf153bd520671b9de87b006de3863ebbbb907b1b3625168cdef117f4a794,https://www.mofa.go.jp/mofaj/files/000015952.pdf,https://www.mofa.go.jp/mofaj/files/000015952.pdf#page=58,data/raw/mofa/126adf153bd520671b9de87b006de3863ebbbb907b1b3625168cdef117f4a794.pdf.gz,１５３． ※２００２年１月１６日解除,HISTORICAL,REVIEW_REQUIRED,false,mofa-names-v1
126adf153bd520671b9de87b006de3863ebbbb907b1b3625168cdef117f4a794:UN:154,current_un,154,UN,,unknown,false,58,126adf153bd520671b9de87b006de3863ebbbb907b1b3625168cdef117f4a794,https://www.mofa.go.jp/mofaj/files/000015952.pdf,https://www.mofa.go.jp/mofaj/files/000015952.pdf#page=58,data/raw/mofa/126adf153bd520671b9de87b006de3863ebbbb907b1b3625168cdef117f4a794.pdf.gz,１５４． ※２００７年１２月２０日解除,HISTORICAL,REVIEW_REQUIRED,false,mofa-names-v1
126adf153bd520671b9de87b006de3863ebbbb907b1b3625168cdef117f4a794:UN:155,current_un,155,UN,,unknown,false,58,126adf153bd520671b9de87b006de3863ebbbb907b1b3625168cdef117f4a794,https://www.mofa.go.jp/mofaj/files/000015952.pdf,https://www.mofa.go.jp/mofaj/files/000015952.pdf#page=58,data/raw/mofa/126adf153bd520671b9de87b006de3863ebbbb907b1b3625168cdef117f4a794.pdf.gz,１５５． ※２００２年１月２９日解除,HISTORICAL,REVIEW_REQUIRED,false,mofa-names-v1
126adf153bd520671b9de87b006de3863ebbbb907b1b3625168cdef117f4a794:UN:156,current_un,156,UN,,unknown,false,58,126adf153bd520671b9de87b006de3863ebbbb907b1b3625168cdef117f4a794,https://www.mofa.go.jp/mofaj/files/000015952.pdf,https://www.mofa.go.jp/mofaj/files/000015952.pdf#page=58,data/raw/mofa/126adf153bd520671b9de87b006de3863ebbbb907b1b3625168cdef117f4a794.pdf.gz,１５６． ※２０１３年７月４日解除,HISTORICAL,REVIEW_REQUIRED,false,mofa-names-v1
126adf153bd520671b9de87b006de3863ebbbb907b1b3625168cdef117f4a794:UN:157,current_un,157,UN,,unknown,false,58,126adf153bd520671b9de87b006de3863ebbbb907b1b3625168cdef117f4a794,https://www.mofa.go.jp/mofaj/files/000015952.pdf,https://www.mofa.go.jp/mofaj/files/000015952.pdf#page=58,data/raw/mofa/126adf153bd520671b9de87b006de3863ebbbb907b1b3625168cdef117f4a794.pdf.gz,１５７． ※２０１２年８月２４日解除,HISTORICAL,REVIEW_REQUIRED,false,mofa-names-v1
126adf153bd520671b9de87b006de3863ebbbb907b1b3625168cdef117f4a794:UN:158,current_un,158,UN,,person,true,58;59,126adf153bd520671b9de87b006de3863ebbbb907b1b3625168cdef117f4a794,https://www.mofa.go.jp/mofaj/files/000015952.pdf,https://www.mofa.go.jp/mofaj/files/000015952.pdf#page=58,data/raw/mofa/126adf153bd520671b9de87b006de3863ebbbb907b1b3625168cdef117f4a794.pdf.gz,"１５８． アイマン・ムハンメド・ラビ・アル・ザワヒリ（別名：(a)アイマン・アル・ザワハリ(b)
アフメド・フアド・サリム(c)アル・ザワヒリ・アイマン・モハメド・ラビ・アブデル・ムアズ (d)
アル・ザワヒリ・アイマン(e)アブドゥル・カーデル・アブドゥル・アジーズ・アブドゥル・モ
エズ・アル・ドクトル(f)アル・ザワヒリ・アイマン・モハメド・ラビ(g)アル・ザワヒリ・アイマ
ン・モハメド・ラビー(h)アル・ザワヒリ・アイマン・モハメド・ロビ(i)ダワヒリ・アイマン(j)エ
ッダウヒリ・アイマン(k)ヌール・アル・ディーン・アブー・モハンメド(l)アイマン・アル・ザワ
ハリ(m)アフマド・フアド・サリム(n)アブー・ファトウマ(o)アブー・モハンメド）
AIMAN MUHAMMED RABI Al-ZAWAHIRI
(original script: يرھاوظلا عیبر دمحم نمیأ)
(a.k.a.: (a)Ayman Al-Zawahari (b)Ahmed Fuad Salim (c)Al Zawahry Aiman Mohamed
Rabi Abdel Muaz (d)Al Zawahiri Ayman (e)Abdul Qader Abdul Aziz Abdul Moez Al
Doctor (f)Al Zawahry Aiman Mohamed Rabi (g)Al Zawahry Aiman Mohamed Rabie
(h)Al Zawahry Aiman Mohamed Robi (i)Dhawahri Ayman (j)Eddaouahiri Ayman (k)Nur
Al Deen Abu Mohammed (l)Ayman Al Zawahari (m)Ahmad Fuad Salim (n)Abu Fatma
(o)Abu Mohammed)
称号：(a)Doctor (b)Dr.
役職：不明
生年月日：１９５１年６月１９日
出生地：Giza, Egypt
国籍：エジプト
旅券番号：(a)エジプト旅券番号 1084010 (b)旅券番号 19820215
ＩＤ番号：不明
住所：不明
国連制裁委員会による指定日：２００１年１月２５日（２００７年７月２日、７月１８日、８
月１３日、２０１０年１２月１６日、２０１５年５月２２日、２０２０年１１月２４日及び２０２５
年３月１１日に改訂）
その他の情報：アル・カーイダ（１６６．に指定した団体）の指導者。エジプシャン・イス
ラミック・ジハード（Egyptian Islamic Jihad）（１７０．に指定した団体）の元作戦・軍事指
導者であり、ウサマ・ビン・ラーデン（故人）の親密な協力者であった。２０１４年にアフ
ガニスタンに渡航するまではアフガニスタンとパキスタンの国境地帯にいると思われ
ていた。２０２２年７月３１日にドローン攻撃によって死亡したと報告されている。写真
はインターポール（国際刑事警察機構）･国連安全保障理事会特別手配書に含まれ
ているものを利用可能。国連安全保障理事会決議第１８２２号 （２００８年）に基づく
見直しは２０１０年６月２１日に終了した。国連安全保障理事会決 議第２３６８号（２０
１７年）に基づく見直しは２０２０年１１月２４日に終了した。同人に対するインターポー
ル（国際刑事警察機構）・国連安全保障理事会特別手配書のウェブ・リンク：
https://www.interpol.int/en/How-we-work/Notices/View-UN-Notices-Individuals",REVIEW_REQUIRED,REVIEW_REQUIRED,false,mofa-names-v1
126adf153bd520671b9de87b006de3863ebbbb907b1b3625168cdef117f4a794:UN:159,current_un,159,UN,,unknown,false,59,126adf153bd520671b9de87b006de3863ebbbb907b1b3625168cdef117f4a794,https://www.mofa.go.jp/mofaj/files/000015952.pdf,https://www.mofa.go.jp/mofaj/files/000015952.pdf#page=59,data/raw/mofa/126adf153bd520671b9de87b006de3863ebbbb907b1b3625168cdef117f4a794.pdf.gz,１５９． ※２０１２年５月３０日解除,HISTORICAL,REVIEW_REQUIRED,false,mofa-names-v1
126adf153bd520671b9de87b006de3863ebbbb907b1b3625168cdef117f4a794:UN:160,current_un,160,UN,QDi.001,person,true,59;60,126adf153bd520671b9de87b006de3863ebbbb907b1b3625168cdef117f4a794,https://www.mofa.go.jp/mofaj/files/000015952.pdf,https://www.mofa.go.jp/mofaj/files/000015952.pdf#page=59,data/raw/mofa/126adf153bd520671b9de87b006de3863ebbbb907b1b3625168cdef117f4a794.pdf.gz,"１６０．モハンメド・サラーハッディーン・アブド・エル・ハリーム・ジダン
Mohammed Salahaldin Abd El Halim Zidane
(original script: ناديز میلحلا دبع نيدلا حلاص دمحم)
国連参照番号：QDi.001
生年月日：1963/４/１１; 1960/４/11
出生地：Monufia Governate, Egypt
別名：サイフ・アル・アドル（生年月日：1963/４/11、出生地：エジプトの Monufia
Governorate、国籍：エジプト）； ムハマド・イブラヒム・マッカウィ(生年月日:1960/４
/11； 1963/４/11、出生地:エジプト、国籍:エジプト)
Sayf-Al Adl (DOB: 11 Apr. 1963. POB: Monufia Governorate, Egypt, Nationality: Egypt);
Muhamad Ibrahim Makkawi (DOB: 11 Apr. 1960; 11 Apr. 1963. POB: Egypt. Nationality:
Egypt)
（original script： فیس ل دعلا)
確定に十分でない別名：イブラヒム・アル・マダニ； サイフ・アル・アーディル； セイ
フ・アル・アーデル； サーレム・アル・シャリーフ； ハーゼム・アル・マダニー； アーベ
ル・サビール； ムハンナド・サレーム； アブー・ハーレド・アル・サナアーニー
Ibrahim al-Madani; Saif Al-‘Adil; Seif al Adel; Salem al-Sharif （original script：م لاس
فیرشلا）； Hazem al-Madani； Aber Sabil；Muhannad Salem； Abu Khaled al-San’ani
国籍：エジプト
Egypt
リスト掲載日：2001 年１月 25 日（2010 年 12 月 16 日、2013 年７月 24 日、2017 年２月
15 日、2019 年３月 29 日、５月１日、2022 年 11 月 8 日及び 2026 年８月 13 日に改訂）
その他の情報：ウサマ・ビン・ラーデン（故人）の警護責任者。髪及び目の色は黒。写
真はインターポール（国際刑事警察機構）･国連安全保障理事会特別手配書に含ま
れているものを利用可能。国連安全保障理事会決議第１８２２号（２００８年）に基づく
見直しは２０１０年６月１５日に終了した。国連安全保障理事会決議第２２５３号（２０１
５年）に基づく見直しは２０１９年２月２１日に終了した。国連安全保障理事会決議第２
６１０号（２０２１年）に基づく見直しは２０２２年１１月８日に終了した。同人に対するイ
ンターポール（国際刑事警察機構）・国連安全保障理事会特別手配書のウェブ・リン
ク：https://www.interpol.int/en/How-we-work/Notices/View-UN- Notices-
Individuals",REVIEW_REQUIRED,REVIEW_REQUIRED,false,mofa-names-v1
126adf153bd520671b9de87b006de3863ebbbb907b1b3625168cdef117f4a794:UN:161,current_un,161,UN,QDi.002,person,true,60,126adf153bd520671b9de87b006de3863ebbbb907b1b3625168cdef117f4a794,https://www.mofa.go.jp/mofaj/files/000015952.pdf,https://www.mofa.go.jp/mofaj/files/000015952.pdf#page=60,data/raw/mofa/126adf153bd520671b9de87b006de3863ebbbb907b1b3625168cdef117f4a794.pdf.gz,"１６１．アミン・ムハンマド・ウル・ハク・サーム・カーン
AMIN MUHAMMAD UL HAQ SAAM KHAN
国連参照番号：QDi.002
生年月日：1963/４/30; 1960 年
出生地：Qilagho village, Khogyani District; Nangarhar Province, Afghanistan
別名：アル・ハク、アミン； アミン、ムハンマド
Al-Haq, Amin; Amin, Muhammad
確定に十分でない別名：アミン博士； ウル・ハク、アミン博士
Dr. Amin; Ul-Haq, Dr. Amin
国籍：アフガニスタン
Afghanistan
住所等：Kabul, Afghanistan（2026 年６月時点）
リスト掲載日：2001 年１月 25 日（2007 年７月 18 日、2010 年 12 月 16 日、2019 年 12
月６日、2022 年 11 月８日、2023 年２月２日及び 2026 年８月 14 日に改訂）
その他の情報：国連安全保障理事会決議に基づく見直しは 2010 年６月 15 日、2019
年 12 月４日、2022 年 11 月８日、2025 年 12 月 31 日に終了した。ウサマ・ビン・ラー
デン（故人）の警護調整係。2006 年２月にアフガニスタンに送還された。2021 年８月
時点でアフガニスタンに所在していた。2024 年にパキスタンで逮捕され、2025 年にア
フガニスタンへ強制送還された。父親の名前は Abdul Rahman。写真及び指紋は
INTERPOL・国連安全保障理事会特別手配書に含まれているものを利用可能。同人
に対するインターポール（国際刑事警察機構）・国連安全保障理事会特別手配書の
ウ ェ ブ ・ リ ン ク ： https://www.interpol.int/en/How-we-work/Notices/View-UN-
Notices-Individuals#2006-21201",REVIEW_REQUIRED,REVIEW_REQUIRED,false,mofa-names-v1
126adf153bd520671b9de87b006de3863ebbbb907b1b3625168cdef117f4a794:UN:162,current_un,162,UN,,unknown,false,60,126adf153bd520671b9de87b006de3863ebbbb907b1b3625168cdef117f4a794,https://www.mofa.go.jp/mofaj/files/000015952.pdf,https://www.mofa.go.jp/mofaj/files/000015952.pdf#page=60,data/raw/mofa/126adf153bd520671b9de87b006de3863ebbbb907b1b3625168cdef117f4a794.pdf.gz,１６２． ※２０１０年５月２５日解除,HISTORICAL,REVIEW_REQUIRED,false,mofa-names-v1
126adf153bd520671b9de87b006de3863ebbbb907b1b3625168cdef117f4a794:UN:163,current_un,163,UN,,unknown,false,60,126adf153bd520671b9de87b006de3863ebbbb907b1b3625168cdef117f4a794,https://www.mofa.go.jp/mofaj/files/000015952.pdf,https://www.mofa.go.jp/mofaj/files/000015952.pdf#page=60,data/raw/mofa/126adf153bd520671b9de87b006de3863ebbbb907b1b3625168cdef117f4a794.pdf.gz,１６３． ※２０１８年１月１９日解除,HISTORICAL,REVIEW_REQUIRED,false,mofa-names-v1
126adf153bd520671b9de87b006de3863ebbbb907b1b3625168cdef117f4a794:UN:164,current_un,164,UN,,person,true,60;61,126adf153bd520671b9de87b006de3863ebbbb907b1b3625168cdef117f4a794,https://www.mofa.go.jp/mofaj/files/000015952.pdf,https://www.mofa.go.jp/mofaj/files/000015952.pdf#page=60,data/raw/mofa/126adf153bd520671b9de87b006de3863ebbbb907b1b3625168cdef117f4a794.pdf.gz,"１６４．サーリム・アフマド・サーリム・ハムダーン（別名：⒜サクル・アル・ジャダーウィ
ー⒝サカール・アル・ジャダーウィー⒞サカール・アルジャワディー⒟サーレム・アフメ
ド・サーレム・ハムダーン）
SALIM AHMAD SALIM HAMDAN
(original script: نادمح ملاس دمحأ ملاس)
(a.k.a.: (a) Saqr Al-Jaddawi (يوادجلا رقص) (b)Saqar Al Jadawi (c)Saqar Aljawadi (d)Salem
Ahmed Salem Hamdan)
称号：不明
役職：不明
生年月日：1965 年
出生地：⒜Al-Mukalla, Yemen ⒝Al-Mukala, Yemen
国籍：イエメン
旅券番号：イエメン旅券 00385937
ＩＤ番号：不明
住所：⒜Shari Tunis, Sana'a, Yemen（過去の住所）⒝2008 年 11 月以降イエメンに居
住している。
国連制裁委員会による指定日：2001 年１月 25 日（2006 年７月 25 日、2007 年４月 23
日、2009 年１月 30 日、７月 17 日、2010 年１月 25 日、2019 年 12 月 6 日及び 2024
年２月７日に改訂）
その他の情報：1996 年から 2001 年までウサマ・ビン・ラーデン（156．に記載されてい
た個人）の運転手及び私設警護人。米国の管理下にあったが 2008 年 11 月にイエメ
ンに移送された。国連安全保障理事会決議第 1822 号（2008 年）に基づく見直しは
2010 年７月８日に終了した。国連安全保障理事会決議第 2368 号（2017 年）に基づく
見直しは 2019 年 12 月 4 日に終了した。国連安全保障理事会決議第２６１０号（２０２
１年）に基づく見直しは２０２３年１０月３０日に終了した。同人に対するインターポール
（国際刑事警察機構）・国連安全保障理事会特別手配書のウェブ・リンク：
https://www.interpol.int/en/How-we-work/Notices/View-UN-Notices-Individuals",REVIEW_REQUIRED,REVIEW_REQUIRED,false,mofa-names-v1
126adf153bd520671b9de87b006de3863ebbbb907b1b3625168cdef117f4a794:UN:165,current_un,165,UN,,person,true,61;62,126adf153bd520671b9de87b006de3863ebbbb907b1b3625168cdef117f4a794,https://www.mofa.go.jp/mofaj/files/000015952.pdf,https://www.mofa.go.jp/mofaj/files/000015952.pdf#page=61,data/raw/mofa/126adf153bd520671b9de87b006de3863ebbbb907b1b3625168cdef117f4a794.pdf.gz,"１６５．ビラル・ビン・マルワン
BILAL BIN MARWAN
(original script: ناورم نب للاب)
称号：不明
役職：不明
生年月日：1947 年
出生地：不明
国籍：不明
旅券番号：不明
ＩＤ番号：不明
住所：不明
国連制裁委員会による指定日：２００１年１月２５日（２０１９年５月１日及び２０２３年３
月１５日に改訂）
その他の情報：ウサマ・ビン・ラーデン上級副官（Senior lieutenant of Usama Bin
Laden）。国連安全保障理事会決議第１８２２号（２００８年）に基づく見直しは２０１０年
６月２１日に終了した。国連安全保障理事会決議第２２５３号（２０１５年）に基づく見直
しは２０１９年２月２１日に終了した。国連安全保障理事会決議第２６１０号（２０２１年）
に基づく見直しは２０２２年１１月８日に終了した。同人に対するインターポール（国際
刑 事 警 察 機 構 ） ・ 国 連 安 全 保 障 理 事 会 特 別 手 配 書 の ウ ェ ブ ・ リ ン ク ：
https://www.interpol.int/en/How-we-work/Notices/View-UN-Notices-Individuals",REVIEW_REQUIRED,REVIEW_REQUIRED,false,mofa-names-v1
126adf153bd520671b9de87b006de3863ebbbb907b1b3625168cdef117f4a794:UN:166,current_un,166,UN,,entity,true,62,126adf153bd520671b9de87b006de3863ebbbb907b1b3625168cdef117f4a794,https://www.mofa.go.jp/mofaj/files/000015952.pdf,https://www.mofa.go.jp/mofaj/files/000015952.pdf#page=62,data/raw/mofa/126adf153bd520671b9de87b006de3863ebbbb907b1b3625168cdef117f4a794.pdf.gz,"１６６．アル・カーイダ（別称：(a)「基地」 (b)アル・カエダ (c)イスラム救済財団 (d)聖地
保存グループ (e)聖地解放イスラム軍 (f)反ユダヤ・十字軍世界イスラム・ジハード戦
線 (g)ウサマ・ビン・ラーデン・ネットワーク (h)ウサマ・ビン・ラーデン組織 (i)アル・カ
ーイダ (j)アル・カーイダ/イスラム軍）
AL-QAIDA
(original script: ة دعاقلا)
(a.k.a.: (a)""The Base"" (b)Al Qaeda (c)Islamic Salvation Foundation (d)The Group for
the Preservation of the Holy Sites (e)The Islamic Army for the Liberation of Holy
Places (f)The World Islamic Front for Jihad Against Jews and Crusaders (g)Usama Bin
Laden Network (h)Usama Bin Laden Organization (i)Al Qa’ida (j)Al Qa’ida /Islamic
Army)
旧称：不明
所在地：不明
国連制裁委員会による指定日：２００１年１０月６日（２００９年３月５日、２０１２年３月２
１日及び２０２０年１１月２４日に改訂）
その他の情報：国連安全保障理事会決議第１８２２号（２００８年）に基づく見直しは２
０１０年６月２１日に終了した。国連安全保障理事会決議第２３６８号（２０１７年）に基
づく見直しは２０２０年１１月２４日に終了した。同団体に対するインターポール（国際
刑 事 警 察 機 構 ） ・ 国 連 安 全 保 障 理 事 会 特 別 手 配 書 の ウ ェ ブ ・ リ ン ク ：
https://www.interpol.int/en/How-we-work/Notices/View-UN-Notices-Entities",REVIEW_REQUIRED,REVIEW_REQUIRED,false,mofa-names-v1
126adf153bd520671b9de87b006de3863ebbbb907b1b3625168cdef117f4a794:UN:167,current_un,167,UN,,entity,true,62,126adf153bd520671b9de87b006de3863ebbbb907b1b3625168cdef117f4a794,https://www.mofa.go.jp/mofaj/files/000015952.pdf,https://www.mofa.go.jp/mofaj/files/000015952.pdf#page=62,data/raw/mofa/126adf153bd520671b9de87b006de3863ebbbb907b1b3625168cdef117f4a794.pdf.gz,"１６７．アブ・サヤフ（別称：アル・ハラカト・アル・イスラミヤ）
ABU SAYYAF GROUP (a.k.a.: Al Harakat Al Islamiyya)
旧称：不明
所在地：フィリピン
国連制裁委員会による指定日：２００１年１０月６日（２０１１年１２月１３日及び２０２０
年１１月２４日に改訂）
その他の情報：ジュマ・イスラミーヤ（３３２．に指定した団体）と関係がある。現在の指
導者はラデュラン・サヒロン（４７８．に指定した個人）。国連安全保障理事会決議第１
８２２号（２００８年）に基づく見直しは２０１０年６月２１日に終了した。国連国連安全保
障理事会決議第２３６８号（２０１７年）に基づく見直しは２０２０年１１月２４日に終了し
た。同団体に対するインターポール（国際刑事警察機構）・国連安全保障理事会特別
手配書のウェブ・リンク：https://www.interpol.int/en/How-we-work/Notices/View-
UN-Notices-Entities",EXTRACTED,REVIEW_REQUIRED,false,mofa-names-v1
126adf153bd520671b9de87b006de3863ebbbb907b1b3625168cdef117f4a794:UN:168,current_un,168,UN,,entity,true,63,126adf153bd520671b9de87b006de3863ebbbb907b1b3625168cdef117f4a794,https://www.mofa.go.jp/mofaj/files/000015952.pdf,https://www.mofa.go.jp/mofaj/files/000015952.pdf#page=63,data/raw/mofa/126adf153bd520671b9de87b006de3863ebbbb907b1b3625168cdef117f4a794.pdf.gz,"１６８．武装イスラム集団（別称：(a)アル・ジャマア・アル・イスラミア・アル・ムサッラ
(b)GIA(c)武装イスラム集団）
ARMED ISLAMIC GROUP
(original script: ة عامجلا ةیملاسلاا ة حلسملا)
(a.k.a.: (a)Al Jamm’ah Al-Islamiah Al- Musallah (b)GIA (c)Groupe Islamique Armé)
旧称：不明
所在地：アルジェリア
国連制裁委員会による指定日：２００１年１０月６日（２００８年４月７日、２０１１年１２月
１３日及び２０２０年１１月２４日に改訂）
その他の情報：国連安全保障理事会決議第１８２２号（２００８年）に基づく見直しは２
０１０年６月２１日に終了した。国連安全保障理事会決議第２３６８号（２０１７年）に基
づく見直しは２０２０年１１月２４日に終了した。同団体に対するインターポール（国際
刑 事 警 察 機 構 ） ・ 国 連 安 全 保 障 理 事 会 特 別 手 配 書 の ウ ェ ブ ・ リ ン ク ：
https://www.interpol.int/en/How-we-work/Notices/View-UN-Notices-Entities",REVIEW_REQUIRED,REVIEW_REQUIRED,false,mofa-names-v1
126adf153bd520671b9de87b006de3863ebbbb907b1b3625168cdef117f4a794:UN:169,current_un,169,UN,,entity,true,63,126adf153bd520671b9de87b006de3863ebbbb907b1b3625168cdef117f4a794,https://www.mofa.go.jp/mofaj/files/000015952.pdf,https://www.mofa.go.jp/mofaj/files/000015952.pdf#page=63,data/raw/mofa/126adf153bd520671b9de87b006de3863ebbbb907b1b3625168cdef117f4a794.pdf.gz,"１６９．ハルカトゥル・ムジャヒディン（別称：(a)アル・ファラン (b)アル・ハディド (c)アル・
ハディス (d)ハルカトゥル・アンサール (e)HUA (f)ハルカトゥル・ムジャヒディーン）
HARAKAT UL-MUJAHIDIN/HUM (a.k.a.: (a)Al-Faran (b)Al-Hadid (c)Al-Hadith
(d)Harakat Ul-Ansar (e)HUA (f)Harakat Ul-Mujahideen)
旧称：不明
所在地：パキスタン
国連制裁委員会による指定日：２００１年１０月６日
（２０１１年１２月１３日及び２０２０年１１月２４日に改訂）
その他の情報：ジャイシ・モハンメド（１９２．に指定した団体）、ラシュカル・イ・ジャング
ヴィ（ＬＪ）（３４０．に指定した団体）及びラシュカレ・タイバ（４５９．に指定した団体）と
関係がある。パキスタン及びアフガニスタンにおいて活動。パキスタンにおいて活動
が禁止されている。国連安全保障理事会決議第１８２２号（２００８年）に基づく見直し
は２０１０年６月２１日に終了した。国連安全保障理事会決議第２３６８号（２０１７年）
に基づく見直しは２０２０年１１月２４日に終了した。同団体に対するインターポール
（国際刑事警察機構）・国連安全保障理事会特別手配書のウェブ・リンク：
https://www.interpol.int/en/How-we-work/Notices/View-UN-Notices-Entities",EXTRACTED,REVIEW_REQUIRED,false,mofa-names-v1
126adf153bd520671b9de87b006de3863ebbbb907b1b3625168cdef117f4a794:UN:170,current_un,170,UN,,entity,true,63;64,126adf153bd520671b9de87b006de3863ebbbb907b1b3625168cdef117f4a794,https://www.mofa.go.jp/mofaj/files/000015952.pdf,https://www.mofa.go.jp/mofaj/files/000015952.pdf#page=63,data/raw/mofa/126adf153bd520671b9de87b006de3863ebbbb907b1b3625168cdef117f4a794.pdf.gz,"１７０．エジプシャン・イスラミック・ジハード（別称：(a)エジプシャン・アル・ジハード(b)ジ
ハード団(c)ニュー・ジハード(d)アル・ジハード(e)エジプシャン・イスラミック運動）
EGYPTIAN ISLAMIC JIHAD
(original script: يرصملا يملاسلاا داهجلا)
(a.k.a.: (a)Egyptian Al-Jihad (b)Jihad Group (c)New Jihad (d)Al-Jihad (e)Egyptian
Islamic Movement)
旧称：不明
所在地：不明
国連制裁委員会による指定日：２００１年１０月６日（２００９年３月５日、２０１１年１２月
１３日、２０２０年１１月２４日及び２０２３年３月１５日に改訂）
その他の情報：同団体の軍事指導者でもあるアイマン・ムハンメド・ラビ・アル・ザワヒ
リ（１５８．に指定した個人）によって共同で設立された。国連安全保障理事会決議第
１８２２号（２００８年）に基づく見直しは２０１０年６月２１日に終了した。国連安全保障
理事会決議第２３６８号（２０１７年）に基づく見直しは２０２０年１１月２４日に終了した。
国連安全保障理事会決議第２６１０号（２０２１年）に基づく見直しは２０２２年１１月８
日に終了した。同団体に対するインターポール（国際刑事警察機構）・国連安全保障
理 事 会 特 別 手 配 書 の ウ ェ ブ ・ リ ン ク ： https://www.interpol.int/en/How-we-
work/Notices/View-UN-Notices-Entities",REVIEW_REQUIRED,REVIEW_REQUIRED,false,mofa-names-v1
126adf153bd520671b9de87b006de3863ebbbb907b1b3625168cdef117f4a794:UN:171,current_un,171,UN,,entity,true,64,126adf153bd520671b9de87b006de3863ebbbb907b1b3625168cdef117f4a794,https://www.mofa.go.jp/mofaj/files/000015952.pdf,https://www.mofa.go.jp/mofaj/files/000015952.pdf#page=64,data/raw/mofa/126adf153bd520671b9de87b006de3863ebbbb907b1b3625168cdef117f4a794.pdf.gz,"１７１．イスラム運動ウズベキスタン（別称：IMU）
ISLAMIC MOVEMENT OF UZBEKISTAN (a.k.a.: IMU)
旧称：不明
所在地：不明
国連制裁委員会による指定日：２００１年１０月６日（２０１１年１２月１３日及び２０２０
年１１月２４日
に改訂）
その他の情報：東トルキスタン・イスラム運動（３２４．に指定した団体）、イスラミック・
ジハード・グループ（４６３．に指定した団体）及びコーカサス首長国（５９０．に指定し
た団体）と関係がある。アフガニスタン・パキスタン国境地域、アフガニスタン北部及び
中央アジアにおいて活動。国連安全保障理事会決議第１８２２号（２００８年）に基づく
見直しは２０１０年６月２１日に終了した。国連安全保障理事会決議第２３６８号（２０１
７年）に基づく見直しは２０２０年１１月２４日に終了した。同団体に対するインターポー
ル（国際刑事警察機構）・国連安全保障理事会特別手配書のウェブ・リンク：
https://www.interpol.int/en/How-we-work/Notices/View-UN-Notices-Entities",EXTRACTED,REVIEW_REQUIRED,false,mofa-names-v1
126adf153bd520671b9de87b006de3863ebbbb907b1b3625168cdef117f4a794:UN:172,current_un,172,UN,,entity,true,64,126adf153bd520671b9de87b006de3863ebbbb907b1b3625168cdef117f4a794,https://www.mofa.go.jp/mofaj/files/000015952.pdf,https://www.mofa.go.jp/mofaj/files/000015952.pdf#page=64,data/raw/mofa/126adf153bd520671b9de87b006de3863ebbbb907b1b3625168cdef117f4a794.pdf.gz,"１７２．アスバト・アルアンサル
ASBAT AL-ANSAR
(original script: ة بصع راصنلأا)
旧称：不明
所在地：Ein el-Hilweh camp, Lebanon
国連制裁委員会による指定日：２００１年１０月６日（２００９年１月３０日、２０１１年１２
月１３日及び２０２０年１１月２４日に改訂）
その他の情報：イラク北部において活動。イラクのアル・カーイダ（４５３．に指定した
団体）と関係がある。国連安全保障理事会決議第１８２２号（２００８年）に基づく見直
しは２０１０年６月２１日に終了した。国連安全保障理事会決議第２３６８号（２０１７年）
に基づく見直しは２０２０年１１月２４日に終了した。同団体に対するインターポール
（国際刑事警察機構）・国連安全保障理事会特別手配書のウェブ・リンク：
https://www.interpol.int/en/How-we-work/Notices/View-UN-Notices-Entities",REVIEW_REQUIRED,REVIEW_REQUIRED,false,mofa-names-v1
126adf153bd520671b9de87b006de3863ebbbb907b1b3625168cdef117f4a794:UN:173,current_un,173,UN,,entity,true,65,126adf153bd520671b9de87b006de3863ebbbb907b1b3625168cdef117f4a794,https://www.mofa.go.jp/mofaj/files/000015952.pdf,https://www.mofa.go.jp/mofaj/files/000015952.pdf#page=65,data/raw/mofa/126adf153bd520671b9de87b006de3863ebbbb907b1b3625168cdef117f4a794.pdf.gz,"１７３．イスラム・マグレブ諸国のアル・カーイダ組織（別称：(a)ＡＱＩＭ(b)イスラム・マグ
レブ諸国のアル・カーイダ（ＡＱＭＩ））
（旧称：(a)布教と戦闘のためのサラフィスト・グループ（ＧＳＰＣ）(b)布教と戦闘のため
のサラフィスト・グループ）
THE ORGANIZATION OF AL-QAIDA IN THE ISLAMIC MAGHREB
(original script: میظنت ا قلا ةدع د لابب برغملا يملاسلاا)
(a.k.a.: (a)AQIM (b)Al Qaïda au Maghreb islamique (AQMI))
(f.k.a.: (a)Le Groupe Salafiste pour La Prédication et le Combat (GSPC) (b)Salafist
Group For Call and Combat)
所在地：(a)アルジェリア (b)マリ (c)モーリタニア (d)モロッコ (e)ニジェール (f)チュニ
ジア
国連制裁委員会による指定日：２００１年１０月６日（２００７年４月２６日、２００８年４月
７日、２００９年７月１７日、２０１１年１２月１３日及び２０２０年１１月２４日に改訂）
その他の情報：アブデルマレク・ドゥルークデル（５１６．に指定した個人）によって率い
られる。活動地域はアルジェリア、マリの一部、モーリタニア、ニジェール、チュニジア
及びモロッコ。国連安全保障理事会決議第１８２２号（２００８年）に基づく見直しは２０
１０年６月２１日に終了した。国連安全保障理事会決議第２３６８号（２０１７年）に基づ
く見直しは２０２０年１１月２４日に終了した。同団体に対するインターポール（国際刑
事 警 察 機 構 ） ・ 国 連 安 全 保 障 理 事 会 特 別 手 配 書 の ウ ェ ブ ・ リ ン ク ：
https://www.interpol.int/en/How-we-work/Notices/View-UN-Notices-Entities",REVIEW_REQUIRED,REVIEW_REQUIRED,false,mofa-names-v1
126adf153bd520671b9de87b006de3863ebbbb907b1b3625168cdef117f4a794:UN:174,current_un,174,UN,,entity,true,65,126adf153bd520671b9de87b006de3863ebbbb907b1b3625168cdef117f4a794,https://www.mofa.go.jp/mofaj/files/000015952.pdf,https://www.mofa.go.jp/mofaj/files/000015952.pdf#page=65,data/raw/mofa/126adf153bd520671b9de87b006de3863ebbbb907b1b3625168cdef117f4a794.pdf.gz,"１７４．リビア・イスラム闘争グループ（別称：ＬＩＦＧ）
LIBYAN ISLAMIC FIGHTING GROUP
(original script: ة عامجلا ةیملاسلاا ةلتاقملا ةیبیللا)
(a.k.a.: LIFG)
旧称：不明
所在地：Libya
国連制裁委員会による指定日：２００１年１０月６日（２００９年３月５日、２０１１年１２月
１３日及び２０２０年１１月２４日に改訂）
その他の情報：２００７年１１月にアフガニスタンにおけるメンバーがアル・カーイダ（１
６６．に指定した団体）と統合。国連安全保障理事会決議第１８２２号（２００８年）に基
づく見直しは２０１０年６月２１日に終了した。国連安全保障理事会決議第２３６８号（２
０１７年）に基づく見直しは２０２０年１１月２４日に終了した。同団体に対するインター
ポール（国際刑事警察機構）・国連安全保障理事会特別手配書のウェブ・リンク：
https://www.interpol.int/en/How-we-work/Notices/View-UN-Notices-Entities",REVIEW_REQUIRED,REVIEW_REQUIRED,false,mofa-names-v1
126adf153bd520671b9de87b006de3863ebbbb907b1b3625168cdef117f4a794:UN:175,current_un,175,UN,,entity,true,65;66,126adf153bd520671b9de87b006de3863ebbbb907b1b3625168cdef117f4a794,https://www.mofa.go.jp/mofaj/files/000015952.pdf,https://www.mofa.go.jp/mofaj/files/000015952.pdf#page=65,data/raw/mofa/126adf153bd520671b9de87b006de3863ebbbb907b1b3625168cdef117f4a794.pdf.gz,"１７５． アルイティハード・アルイスラミヤ（AIAI）
AL-ITIHAAD AL-ISLAMIYA / AIAI
(original script: داحتلاا يملاسلاا)
旧称：不明
所在地：不明
国連制裁委員会による指定日：２００１年１０月６日（２００７年１２月２１日、２０１１年１
２月１３日、２０１３年３月１８日、２０１９年８月９日及び２０２０年１１月２４日に改訂）
その他の情報：ソマリアとエチオピアにおいて活動していると報告されている。２０１２
年２月にアイマン・ムハンメド・ラビ・アル・ザワヒリ（１５８．に指定した個人）によってア
ル・カーイダ（１６６．に指定した団体）の支部として認められたハラカト・アル・シャバー
ブ・ムジャーヒディーン（アル・シャバーブ）に合併した。ソマリア及びエリトリアに関す
る国連安全保障理事会決議第１８４４号（２００８年）において定められた制裁措置の
対象にも指定されている（参照 https://www.un.org/sc/suborg/en/ sanctions/751）。
指導部にはハッサン・ダヒル・アウェイス（２６８．に指定した個人）がいる。AIAI はア
ル・ハラマイン・イスラム財団（ソマリア）（２８７．に指定した団体）を通じて資金を得て
いる。国連安全保障理事会決議第１８２２号（２００８年）に基づく見直しは２０１０年６
月２１日に終了した。国連安全保障理事会決議第２３６８号（２０１７年）に基づく見直し
は２０２０年１１月２４日に終了した。同団体に対するインターポール（国際刑事警察機
構 ） ・ 国 連 安 全 保 障 理 事 会 特 別 手 配 書 の ウ ェ ブ ・ リ ン ク ：
https://www.interpol.int/en/How-we-work/Notices/View-UN-Notices-Entities",REVIEW_REQUIRED,REVIEW_REQUIRED,false,mofa-names-v1
126adf153bd520671b9de87b006de3863ebbbb907b1b3625168cdef117f4a794:UN:176,current_un,176,UN,,entity,true,66,126adf153bd520671b9de87b006de3863ebbbb907b1b3625168cdef117f4a794,https://www.mofa.go.jp/mofaj/files/000015952.pdf,https://www.mofa.go.jp/mofaj/files/000015952.pdf#page=66,data/raw/mofa/126adf153bd520671b9de87b006de3863ebbbb907b1b3625168cdef117f4a794.pdf.gz,"１７６．アデン・イスラム軍
ISLAMIC ARMY OF ADEN
旧称：不明
住所：不明
国連制裁委員会による指定日：２００１年１０月６日（２０２１年１２月２９日改訂）
その他の情報：国連安全保障理事会決議第１８２２号 （２００８年）に基づく見直しは２
０１０年７月９日に終了した。国連安全保障理事会決議第２３６８号（２０１７年）に基づ
く見直しは２０２１年１１月１５日に終了した 。同団体に対するインターポール（国際刑
事 警 察 機 構 ） ・ 国 連 安 全 保 障 理 事 会 特 別 手 配 書 の ウ ェ ブ ・ リ ン ク ：
https://www.interpol.int/en/How-we-work/Notices/View-UN-Notices-Entities",EXTRACTED,REVIEW_REQUIRED,false,mofa-names-v1
126adf153bd520671b9de87b006de3863ebbbb907b1b3625168cdef117f4a794:UN:177,current_un,177,UN,,unknown,false,66,126adf153bd520671b9de87b006de3863ebbbb907b1b3625168cdef117f4a794,https://www.mofa.go.jp/mofaj/files/000015952.pdf,https://www.mofa.go.jp/mofaj/files/000015952.pdf#page=66,data/raw/mofa/126adf153bd520671b9de87b006de3863ebbbb907b1b3625168cdef117f4a794.pdf.gz,１７７． ※２０１２年８月２４日解除,HISTORICAL,REVIEW_REQUIRED,false,mofa-names-v1
126adf153bd520671b9de87b006de3863ebbbb907b1b3625168cdef117f4a794:UN:178,current_un,178,UN,,person,true,66;67,126adf153bd520671b9de87b006de3863ebbbb907b1b3625168cdef117f4a794,https://www.mofa.go.jp/mofaj/files/000015952.pdf,https://www.mofa.go.jp/mofaj/files/000015952.pdf#page=66,data/raw/mofa/126adf153bd520671b9de87b006de3863ebbbb907b1b3625168cdef117f4a794.pdf.gz,"１７８．マフフォウズ・オウルド・アル・ワリド（別名：(a)アブ・ハフス・ザ・モーリタニアン
(b)ハリド・アル・シャンキティ (c)マフォウズ・ワラド・アル・ワリド）
MAHFOUZ OULD AL-WALID
(original script: ظوفحم دلو دیلولا)
(a.k.a.: (a)Abu Hafs the Mauritanian (b)Khalid Al-Shanqiti (c)Mafouz Walad Al-Walid)
称号：不明
役職：不明
生年月日：１９７５年１月１日
出生地：モーリタニア
国籍：モーリタニア
旅券番号：不明
ＩＤ番号：不明
住所：不明
国連制裁委員会による指定日：２００１年１０月６日（２００７年６月１日、２０１１年６月１
０日及び２０２０年１１月２４日に改訂）
その他の情報：国連安全保障理事会決議第１８２２号（２００８年）に基づく見直しは２
０１０年６月１５日に終了した。国連安全保障理事会決議第２３６８号（２０１７年）に基
づく見直しは２０２０年１１月２４日に終了した。同人に対するインターポール（国際刑
事 警 察 機 構 ） ・ 国 連 安 全 保 障 理 事 会 特 別 手 配 書 の ウ ェ ブ ・ リ ン ク ：
https://www.interpol.int/en/How-we-work/Notices/View-UN-Notices-Individuals",REVIEW_REQUIRED,REVIEW_REQUIRED,false,mofa-names-v1
126adf153bd520671b9de87b006de3863ebbbb907b1b3625168cdef117f4a794:UN:179,current_un,179,UN,,unknown,false,67,126adf153bd520671b9de87b006de3863ebbbb907b1b3625168cdef117f4a794,https://www.mofa.go.jp/mofaj/files/000015952.pdf,https://www.mofa.go.jp/mofaj/files/000015952.pdf#page=67,data/raw/mofa/126adf153bd520671b9de87b006de3863ebbbb907b1b3625168cdef117f4a794.pdf.gz,１７９． ※２０１１年２月１８日解除,HISTORICAL,REVIEW_REQUIRED,false,mofa-names-v1
126adf153bd520671b9de87b006de3863ebbbb907b1b3625168cdef117f4a794:UN:180,current_un,180,UN,,person,true,67;68,126adf153bd520671b9de87b006de3863ebbbb907b1b3625168cdef117f4a794,https://www.mofa.go.jp/mofaj/files/000015952.pdf,https://www.mofa.go.jp/mofaj/files/000015952.pdf#page=67,data/raw/mofa/126adf153bd520671b9de87b006de3863ebbbb907b1b3625168cdef117f4a794.pdf.gz,"１８０．ナシュワン・アブド・アル・ラッザク・アブド・アル・バキ（別名：(a)アブダル・アル・
ハディ・アル・イラキ(b)アブド・アル・ハディ・アル・イラキ(c)オマル・ウスマン・モハンメ
ド（d）アブドゥル・ハディ・アリフ・アリ（e）アブ・アブダッラー（f）アブドゥル・ハディ・アル・
タウィール（g）アブド・アル・ハディ・アル・アンサリ（h）アブド・アル・ムハイマン（i）アブ・
アユブ）
NASHWAN ABD AL-RAZZAQ ABD AL-BAQI
(original script: ن اوشن د بع ق ازرلا د بع يقابلا)
(a.k.a.:(a)Abdal Al-Hadi Al-Iraqi (b)Abd Al-Hadi Al- Iraqi (c)Omar Uthman Mohammed
(d)Abdul Hadi Arif Ali (e)Abu Abdallah (f)Abdul Hadi al-Taweel (g)Abd al-Hadi al-Ansari
(h)Abd al-Muhayman (i)Abu Ayub)
称号：不明
役職：不明
生年月日：１９６１年
出生地：Mosul, Iraq
国籍：イラク
旅券番号：不明
ＩＤ番号：配給カード番号 0094195
住所：不明
国連制裁委員会による指定日：２００１年１０月６日（２００７年５月１４日、２００７年７月
２７日、２０１５年１２月１０日及び２０２０年１１月２４日に改訂）
その他の情報：１９９６年にアル・カーイダに参加し、当時アフガニスタンにおけるタリ
バーンとの重要な連絡係であった。２００５年の春から夏に、イラクのキルク－ク及び
ニネヴェにおける攻撃を指揮するための資金をアンサール・アル・イスラム（３４３．に
指定した団体）から受け取っていた。アル・カーイダの幹部（senior official）。２０１４年
８月時点で米国において拘留中。父親の名前は Abd al-Razzaq Abd al-Baqi。母親の
名前は Nadira Ayoub Asaad。写真はインターポール（国際刑事警察機構）･国連安全
保障理事会特別手配書に含まれているものを利用可能。国連安全保障理事会決議
第１８２２号（２００８年）に基づく見直しは２０１０年６月１５日に終了した。国連安全保
障理事会決議第２３６８号（２０１７年）に基づく見直しは２０２０年１１月２４日に終了し
た。同人に対するインターポール（国際刑事警察機構）・国連安全保障理事会特別手
配書のウェブ・リンク：https://www.interpol.int/en/How-we-work/Notices/View-UN-
Notices-Individuals",REVIEW_REQUIRED,REVIEW_REQUIRED,false,mofa-names-v1
126adf153bd520671b9de87b006de3863ebbbb907b1b3625168cdef117f4a794:UN:181,current_un,181,UN,,person,true,68,126adf153bd520671b9de87b006de3863ebbbb907b1b3625168cdef117f4a794,https://www.mofa.go.jp/mofaj/files/000015952.pdf,https://www.mofa.go.jp/mofaj/files/000015952.pdf#page=68,data/raw/mofa/126adf153bd520671b9de87b006de3863ebbbb907b1b3625168cdef117f4a794.pdf.gz,"１８１．サルワト・サーレフ・シャハータ（別名：(a)タルワト・サーレフ・アブダッラー(b)サ
ーレフ・シャハータ・シルワト(c)シャハータ・シルワト(d)サルワト・サーレフ・シャハータ・
アリ）
THARWAT SALAH SHIHATA
（original script: هتاحش حلاص تورث）
(a.k.a.: (a)Tarwat Salah Abdallah (b)Salah Shihata Thirwat (c)Shahata Thirwat
(d)Tharwat Salah Shihata Ali)
称号：不明
役職：不明
生年月日：１９６０年６月２９日
出生地：エジプト
国籍：エジプト
旅券番号：不明
ＩＤ番号：不明
住所：不明
国連制裁委員会による指定日：２００１年１０月６日（２００４年１１月２６日、２０１０年１
２月１６日、２０１９年１２月６日及び２０２３年３月１５日に改訂）
その他の情報： 国連安全保障理事会決議第１８２２号（２００８年）に基づく見直しは２
０１０年６月１５日に終了した。国連安全保障理事会決議第２３６８号（２０１７年）に基
づく見直しは２０１９年１２月４日に終了した。国連安全保障理事会決議第２６１０号（２
０２１年）に基づく見直しは２０２２年１１月８日に終了した。同人に対するインターポー
ル（国際刑事警察機構）・国連安全保障理事会特別手配書のウェブ・リンク：
https://www.interpol.int/en/How-we-work/Notices/View-UN-Notices-Individuals",REVIEW_REQUIRED,REVIEW_REQUIRED,false,mofa-names-v1
126adf153bd520671b9de87b006de3863ebbbb907b1b3625168cdef117f4a794:UN:182,current_un,182,UN,,person,true,68;69,126adf153bd520671b9de87b006de3863ebbbb907b1b3625168cdef117f4a794,https://www.mofa.go.jp/mofaj/files/000015952.pdf,https://www.mofa.go.jp/mofaj/files/000015952.pdf#page=68,data/raw/mofa/126adf153bd520671b9de87b006de3863ebbbb907b1b3625168cdef117f4a794.pdf.gz,"１８２． ターリク・アンワル・エル・サイード・アハマド（別名: (a) ハムディ・アフマド・ファ
ラグ (b) アムル・アル・ファティーフ・ファトヒ (c) ターレク・アンワル・エル・サイード・
アフマド）
TARIQ ANWAR EL SAYED AHMED
(original script: دمحا دیسلا رونأ قيراط )
(a.k.a. (a) Hamdi Ahmad Farag (b) Amr Al-Fatih Fathi (c) Tarek Anwar El Sayed Ahmad)
称号：不明
役職：不明
生年月日：１９６３年３月１５日
出生地：Alexandria, Egypt
国籍：エジプト
旅券番号：不明
ＩＤ番号：不明
住所：不明
国連制裁委員会による指定日：２００１年１０月６日（２００４年１１月２６日、２００７年７
月１８日、２０１１年５月１６日及び、２０１９年５月１日及び２０２１年１２月２９日に改訂）
その他の情報：２００１年１０月に死亡したと報告されている。国連安全保障理事会決
議第１８２２号（２００８年）に基づく見直しは２０１０年７月２９日に終了した。国連安全
保障理事会決議第２２５３号（２０１５年）に基づく見直しは２０１９年２月２１日に終了し
た。国連安全保障理事会決議第２３６８号（２０１７年）に基づく見直しは２０２１年１１月
１５日に終了した。同人に対するインターポール（国際刑事警察機構） ・国連安全保
障 理 事 会 特 別 手 配 書 の ウ ェ ブ ・ リ ン ク ： https://www.interpol.int/en/How-we-
work/Notices/View-UN-Notices-Individuals",REVIEW_REQUIRED,REVIEW_REQUIRED,false,mofa-names-v1
126adf153bd520671b9de87b006de3863ebbbb907b1b3625168cdef117f4a794:UN:183,current_un,183,UN,,unknown,false,69,126adf153bd520671b9de87b006de3863ebbbb907b1b3625168cdef117f4a794,https://www.mofa.go.jp/mofaj/files/000015952.pdf,https://www.mofa.go.jp/mofaj/files/000015952.pdf#page=69,data/raw/mofa/126adf153bd520671b9de87b006de3863ebbbb907b1b3625168cdef117f4a794.pdf.gz,１８３． ※２０１２年８月２４日解除,HISTORICAL,REVIEW_REQUIRED,false,mofa-names-v1
126adf153bd520671b9de87b006de3863ebbbb907b1b3625168cdef117f4a794:UN:184,current_un,184,UN,,entity,true,69,126adf153bd520671b9de87b006de3863ebbbb907b1b3625168cdef117f4a794,https://www.mofa.go.jp/mofaj/files/000015952.pdf,https://www.mofa.go.jp/mofaj/files/000015952.pdf#page=69,data/raw/mofa/126adf153bd520671b9de87b006de3863ebbbb907b1b3625168cdef117f4a794.pdf.gz,"１８４．マクタブ・アルキダマト（別称：(a)MAK (b)アル・キファー (c)アフガン・サービス・
ビューロー）
MAKHTAB AL-KHIDAMAT
(original script: تامدخلا بتكم)
(a.k.a.: (a)MAK (b)Al Kifah (c)Afghan Service Bureau）
旧称：不明
所在地：不明
国連制裁委員会による指定日：２００１年１０月６日（２００９年３月５日、２０１１年１２月
１３日、２０２０年１１月２４日、２０２３年３月１５日及び１１月１４日に改訂）
その他の情報：アル・カーイダ（１６６．に指定した団体）に吸収。国連安全保障理事会
決議第１８２２号（２００８年）に基づく見直しは２０１０年６月２１日に終了した。国連安
全保障理事会決議第２３６８号（２０１７年）に基づく見直しは２０２０年１１月２４日に終
了した。国連安全保障理事会決議第２６１０号（２０２１年）に基づく見直しは２０２２年
１１月８日に終了した。同団体に対するインターポール（国際刑事警察機構）・国連安
全保障理事会特別手配書のウェブ・リンク：https://www.interpol.int/en/How-we-
work/Notices/View-UN-Notices-Entities",REVIEW_REQUIRED,REVIEW_REQUIRED,false,mofa-names-v1
126adf153bd520671b9de87b006de3863ebbbb907b1b3625168cdef117f4a794:UN:185,current_un,185,UN,QDe.015,entity,true,69;70,126adf153bd520671b9de87b006de3863ebbbb907b1b3625168cdef117f4a794,https://www.mofa.go.jp/mofaj/files/000015952.pdf,https://www.mofa.go.jp/mofaj/files/000015952.pdf#page=69,data/raw/mofa/126adf153bd520671b9de87b006de3863ebbbb907b1b3625168cdef117f4a794.pdf.gz,"１８５．ワファ人道組織
WAFA HUMANITARIAN ORGANIZATION
国連参照番号：QDe.015
別称：アル・ワファ； アル・ワファ組織； ワファ・アル・イガタ・アル・イスラミア
Al Wafa; Al Wafa Organization; Wafa Al-Igatha Al-Islamia
所 在 地 ： Kuwait ( リ ス ト 掲 載 時 点 ); United Arab Emirates( リ ス ト 掲 載 時 点 );
Afghanistan(リスト掲載時点)
リスト掲載日：2001 年 10 月６日（2012 年３月 21 日、2019 年 12 月６日、2020 年９月
10 日、2022 年 11 月８日及び 2026 年８月 18 日に改訂）
その他の情報：国連安全保障理事会決議に基づく見直しは2010年６月21日、2019年
12月４日、2022年11月８日、2025年12月31日に終了した。2001年時点で本部はアフ
ガニスタンのカンダハール州にあった。2001年には、ワファはアル・カーイダ（166．に
指定した団体）の一部を成していた。同団体に対するインターポール（国際刑事警察
機 構 ） ・ 国 連 安 全 保 障 理 事 会 特 別 手 配 書 の ウ ェ ブ ・ リ ン ク ：
https://www.interpol.int/en/How-we-work/Notices/View-UN-Notices-Entities",REVIEW_REQUIRED,REVIEW_REQUIRED,false,mofa-names-v1
126adf153bd520671b9de87b006de3863ebbbb907b1b3625168cdef117f4a794:UN:186,current_un,186,UN,,entity,true,70;71,126adf153bd520671b9de87b006de3863ebbbb907b1b3625168cdef117f4a794,https://www.mofa.go.jp/mofaj/files/000015952.pdf,https://www.mofa.go.jp/mofaj/files/000015952.pdf#page=70,data/raw/mofa/126adf153bd520671b9de87b006de3863ebbbb907b1b3625168cdef117f4a794.pdf.gz,"（重複）１８６.アル・ラシード信託（別称：⒜アル・ラシード信託⒝アル・ラシード信託⒞
アル・ラシード信託⒟ウレマ援助組織（パキスタン）⒠アル・アミン福祉信託⒡アル・ア
ミン信託⒢アル・アミーン信託⒣アル・アミーン信託⒤アル・マディナ信託⒥アル・マデ
ィナ信託）
AL RASHID TRUST (a.k.a. : ⒜Al-Rasheed Trust ⒝ Al Rasheed Trust ⒞Al-Rashid
Trust ⒟Aid Organization of the Ulema, Pakistan ⒠Al Amin Welfare Trust ⒡Al Amin
Trust ⒢Al Ameen Trust ⒣Al-Ameen Trust ⒤Al Madina Trust ⒥Al-Madina Trust)
旧称：不明
所在地：⒜Kitas Ghar, Nazimabad 4, Dahgel-Iftah, Karachi, Pakistan ⒝Jamia Maajid,
Sulalman Park, Melgium Pura, Lahore, Pakistan ⒞Office Dha'rbi-M'unin, Opposite
Khyber Bank, Abbottabad Road, Mansehra, Pakistan ⒟Office Dha'rbi-M'unin ZR
Brothers, Katcherry Road, Chowk Yadgaar, Peshawar, Pakistan ⒠Office Dha'rbi-
M'unin, Rm No. 3, Moti Plaza, Near Liaquat Bagh, Muree Road, Rawalpindi, Pakistan
⒡Office Dha'rbi-M'unin, Top Floor, Dr. Dawa Khan Dental Clinic Surgeon, Main Baxae,
Mingora, Swat, Pakistan ⒢Kitab Ghar, Darul Ifta Wal Irshad, Nazimabad No. 4, Karachi,
Pakistan, Phone 6683301 ; Phone 0300－8209199 ; Fax 6623814 ⒣302b－40, Good
Earth Court, Opposite Pia Planitarium, Block 13a, Gulshan-I Igbal, Karachi,
Pakistan ;Phone 4979263 ⒤617 Clifton Center, Block 5, 6th Floor, Clifton, Karachi,
Pakistan ; Phone 587－2545 ⒥605 Landmark Plaza, 11 Chundrigar Road, Opposite
Jang Building, Karachi, Pakistan ; Phone 2623818－19 ⒦Jamia Masjid, Sulaiman Park,
Begum Pura, Lahore, Pakistan ; Phone 042－6812081
国連制裁委員会による指定日：2001年10月６日（2008年10月21日、12月10日、2011
年12月13日、2019年12月６日、2023年12月19日及び2024年２月７日に改訂）
その他の情報：現存しないと報告されている。本部はパキスタンにあった。アフガニス
タン（Herat Jalalabad、Kabul、Kandahar及びMazar Sherif）において活動。コソヴォ及び
チェチェンにおいても活動。アル・カーイダ及びタリバーンの資金調達に関与している。
この団体は、2008年10月21日まで、ウレマ援助組織（288．に記載されていた団体。
2002年４月24日に制裁対象リストに掲載され2006年７月25日に改訂された。）の名称
の下でも掲載されていた。2008年10月21日、アル・ラシード信託（186．に記載されて
いた団体）及びウレマ援助組織（288．に記載されていた団体）をこの団体に統合した。
ムフティ・ラシド・アフマド・ラディヤノイ（202．に指定した個人）によって設立された。ジ
ャイシ・モハンメド（192．に指定した団体）と関係がある。2001年10月からパキスタン
において活動が禁止された。2023年11月時点で、アル・ラシード信託名義での活動は
確認されていない。国連安全保障理事会決議第1822号（2008年）に基づく見直しは
2010年５月６日に終了した。国連安全保障理事会決議第2368号（2017年）に基づく見
直しは2019年12月４日に終了した。国連安全保障理事会決議第２６１０号（２０２１年）
に基づく見直しは２０２３年１０月３０日に終了した。同団体に対するインターポール
（国際刑事警察機構）・国連安全保障理事会特別手配書のウェブ・リンク：
https://www.interpol.int/en/How-we-work/Notices/View-UN-Notices-Entities",REVIEW_REQUIRED,REVIEW_REQUIRED,false,mofa-names-v1
126adf153bd520671b9de87b006de3863ebbbb907b1b3625168cdef117f4a794:UN:187,current_un,187,UN,,unknown,false,71,126adf153bd520671b9de87b006de3863ebbbb907b1b3625168cdef117f4a794,https://www.mofa.go.jp/mofaj/files/000015952.pdf,https://www.mofa.go.jp/mofaj/files/000015952.pdf#page=71,data/raw/mofa/126adf153bd520671b9de87b006de3863ebbbb907b1b3625168cdef117f4a794.pdf.gz,１８７． ※２０１０年９月２２日解除,HISTORICAL,REVIEW_REQUIRED,false,mofa-names-v1
126adf153bd520671b9de87b006de3863ebbbb907b1b3625168cdef117f4a794:UN:188,current_un,188,UN,,unknown,false,71,126adf153bd520671b9de87b006de3863ebbbb907b1b3625168cdef117f4a794,https://www.mofa.go.jp/mofaj/files/000015952.pdf,https://www.mofa.go.jp/mofaj/files/000015952.pdf#page=71,data/raw/mofa/126adf153bd520671b9de87b006de3863ebbbb907b1b3625168cdef117f4a794.pdf.gz,１８８． ※２００２年１月２９日解除,HISTORICAL,REVIEW_REQUIRED,false,mofa-names-v1
126adf153bd520671b9de87b006de3863ebbbb907b1b3625168cdef117f4a794:UN:189,current_un,189,UN,,unknown,false,71,126adf153bd520671b9de87b006de3863ebbbb907b1b3625168cdef117f4a794,https://www.mofa.go.jp/mofaj/files/000015952.pdf,https://www.mofa.go.jp/mofaj/files/000015952.pdf#page=71,data/raw/mofa/126adf153bd520671b9de87b006de3863ebbbb907b1b3625168cdef117f4a794.pdf.gz,１８９． ※２０１２年１２月１９日解除,HISTORICAL,REVIEW_REQUIRED,false,mofa-names-v1
126adf153bd520671b9de87b006de3863ebbbb907b1b3625168cdef117f4a794:UN:190,current_un,190,UN,,unknown,false,71,126adf153bd520671b9de87b006de3863ebbbb907b1b3625168cdef117f4a794,https://www.mofa.go.jp/mofaj/files/000015952.pdf,https://www.mofa.go.jp/mofaj/files/000015952.pdf#page=71,data/raw/mofa/126adf153bd520671b9de87b006de3863ebbbb907b1b3625168cdef117f4a794.pdf.gz,１９０． ※２０１０年９月２２日解除,HISTORICAL,REVIEW_REQUIRED,false,mofa-names-v1
126adf153bd520671b9de87b006de3863ebbbb907b1b3625168cdef117f4a794:UN:191,current_un,191,UN,,unknown,false,71,126adf153bd520671b9de87b006de3863ebbbb907b1b3625168cdef117f4a794,https://www.mofa.go.jp/mofaj/files/000015952.pdf,https://www.mofa.go.jp/mofaj/files/000015952.pdf#page=71,data/raw/mofa/126adf153bd520671b9de87b006de3863ebbbb907b1b3625168cdef117f4a794.pdf.gz,１９１． ※２０１０年９月２２日解除,HISTORICAL,REVIEW_REQUIRED,false,mofa-names-v1
126adf153bd520671b9de87b006de3863ebbbb907b1b3625168cdef117f4a794:UN:192,current_un,192,UN,,entity,true,71,126adf153bd520671b9de87b006de3863ebbbb907b1b3625168cdef117f4a794,https://www.mofa.go.jp/mofaj/files/000015952.pdf,https://www.mofa.go.jp/mofaj/files/000015952.pdf#page=71,data/raw/mofa/126adf153bd520671b9de87b006de3863ebbbb907b1b3625168cdef117f4a794.pdf.gz,"１９２．ジャイシ・モハンメド（別名：モハンメド軍）
JAISH-I-MOHAMMED (a.k.a.: Army of Mohammed)
旧称：不明
所在地：Pakistan
国連制裁委員会による指定日：２００１年１０月１７日（２０１１年１２月１３日及び２０２０
年１１月２４日に改訂）
その他の情報：パキスタンのペシャワールとムザファラバードに拠点を置く。ハルカト
ゥル・ムジャヒディン（１６９．に指定した団体）、ラシュカレ・タイバ（４５９．に指定した団
体）、アルアクタル・トラスト・インターナショナル（４６８．に指定した団体）及びハルカト
ゥル・ジハーデ・イスラミ（５７５．に指定した団体）と関係がある。パキスタンで活動が
禁止されている。国連安全保障理事会決議第１８２２号（２００８年）に基づく見直しは
２０１０年６月２１日に終了した。国連安全保障理事会決議第２３６８号（２０１７年）に
基づく見直しは２０２０年１１月２４日に終了した。同団体に対するインターポール（国
際刑事警察機構）・国連安全保障理事会特別手配書のウェブ・リンク：
https://www.interpol.int/en/How-we-work/Notices/View-UN-Notices-Entities",EXTRACTED,REVIEW_REQUIRED,false,mofa-names-v1
126adf153bd520671b9de87b006de3863ebbbb907b1b3625168cdef117f4a794:UN:193,current_un,193,UN,,entity,true,71;72,126adf153bd520671b9de87b006de3863ebbbb907b1b3625168cdef117f4a794,https://www.mofa.go.jp/mofaj/files/000015952.pdf,https://www.mofa.go.jp/mofaj/files/000015952.pdf#page=71,data/raw/mofa/126adf153bd520671b9de87b006de3863ebbbb907b1b3625168cdef117f4a794.pdf.gz,"１９３．ジャミヤ・タアウン・アル・イスラミア（別称：(a)イスラム協力協会(b)ジャミヤト・ア
ル・タアウン・アル・イスラミーヤ(c)ジト）
JAM'YAH TA'AWUN AL-ISLAMIA
(a.k.a.: (a)Society of Islamic Cooperation(b)Jam'iyat Al Ta'awun Al Islamiyya (c)Jit)
旧称：不明
所在地：Kandahar City, Afghanistan
国連制裁委員会による指定日：２００１年１０月１７日（２０１１年１２月１３日及び２０２１
年１２月２９日に改訂）
その他の情報：２００１年にウサマ・ムハンメド・アワド・ビン・ラーデン（１５６．に指定し
た個人）によって設立。国連安全保障理事会決議第１８２２号（２００８年）に基づく見
直しは２０１０年６月２１日に終了した。国連安全保障理事会決議第２３６８号（２０１７
年）に基づく見直しは２０２１年１１月１５日に終了した。同団体に対するインターポー
ル（国際刑事警察機構）・国連安全保障理事会特別手配書のウェブ・リンク：
https://www.interpol.int/en/How-we-work/Notices/View-UN-Notices-Entities",EXTRACTED,REVIEW_REQUIRED,false,mofa-names-v1
126adf153bd520671b9de87b006de3863ebbbb907b1b3625168cdef117f4a794:UN:194,current_un,194,UN,,entity,true,72,126adf153bd520671b9de87b006de3863ebbbb907b1b3625168cdef117f4a794,https://www.mofa.go.jp/mofaj/files/000015952.pdf,https://www.mofa.go.jp/mofaj/files/000015952.pdf#page=72,data/raw/mofa/126adf153bd520671b9de87b006de3863ebbbb907b1b3625168cdef117f4a794.pdf.gz,"１９４．ラビタ・トラスト
RABITA TRUST
旧称：不明
所在地：(a)Room 9a, 2nd Floor, Wahdat Road, Education Town, Lahore, Pakistan (b)
Wares Colony, Lahore, Pakistan（リスト掲載時点）
国連制裁委員会による指定日：２００１年１０月１７日（２０１２年３月２１日、２０１５年６
月１８日、２０２０年１１月２４日及び２０２３年３月１５日に改訂）
その他の情報：パキスタンにおいて活動が禁止されている。国連安全保障理事会決
議第１８２２号（２００８年）に基づく見直しは２０１０年６月２１日に終了した。国連安全
保障理事会決議第２３６８号（２０１７年）に基づく見直しは２０２０年１１月２４日に終了
した。国連安全保障理事会決議第２６１０号（２０２１年）に基づく見直しは２０２２年１１
月８日に終了した。同団体に対するインターポール（国際刑事警察機構）・国連安全
保障理事会特別手配書のウェブ・リンク：https://www.interpol.int/en/How-we-
work/Notices/View-UN-Notices-Entities",EXTRACTED,REVIEW_REQUIRED,false,mofa-names-v1
126adf153bd520671b9de87b006de3863ebbbb907b1b3625168cdef117f4a794:UN:195,current_un,195,UN,,unknown,false,72,126adf153bd520671b9de87b006de3863ebbbb907b1b3625168cdef117f4a794,https://www.mofa.go.jp/mofaj/files/000015952.pdf,https://www.mofa.go.jp/mofaj/files/000015952.pdf#page=72,data/raw/mofa/126adf153bd520671b9de87b006de3863ebbbb907b1b3625168cdef117f4a794.pdf.gz,１９５． ※２００２年１月２９日解除,HISTORICAL,REVIEW_REQUIRED,false,mofa-names-v1
126adf153bd520671b9de87b006de3863ebbbb907b1b3625168cdef117f4a794:UN:196,current_un,196,UN,,person,true,72;73,126adf153bd520671b9de87b006de3863ebbbb907b1b3625168cdef117f4a794,https://www.mofa.go.jp/mofaj/files/000015952.pdf,https://www.mofa.go.jp/mofaj/files/000015952.pdf#page=72,data/raw/mofa/126adf153bd520671b9de87b006de3863ebbbb907b1b3625168cdef117f4a794.pdf.gz,"１９６．アブドゥル・マナン・アグハ（別名：(a)アブドゥル・マナン(b)アブドゥル・マナン・サ
イイド(c)サイイド・アブドゥ・アル・マン（以前のリスト記載ぶり））
ABDUL MANAN AGHA
(original script:اغآ نانملا دبع）
(a.k.a.: (a)Abdul Manan (b)Abdul Man’am Saiyid (c)Saiyid Abd al-Man(formerly listed
as))
称号：Haji（ハッジ）
役職：不明
生年月日：不明
出生地：不明
国籍：不明
旅券番号：不明
ＩＤ番号：不明
住所：不明
国連制裁委員会による指定日：２００１年１０月１７日（２０１３年６月２６日、２０１９年５
月１日、２０２３年２月２日及び３月１５日に改訂）
その他の情報：パキスタン。国連安全保障理事会決議第１８２２号（２００８年）に基づ
く見直しは２０１０年６月１５日に終了した。国連安全保障理事会決議第２２５３号（２０
１５年）に基づく見直しは２０１９年２月２１日に終了した。国連安全保障理事会決議第
２６１０号（２０２１年）に基づく見直しは２０２２年１１月８日に終了した。",REVIEW_REQUIRED,REVIEW_REQUIRED,false,mofa-names-v1
126adf153bd520671b9de87b006de3863ebbbb907b1b3625168cdef117f4a794:UN:197,current_un,197,UN,,person,true,73,126adf153bd520671b9de87b006de3863ebbbb907b1b3625168cdef117f4a794,https://www.mofa.go.jp/mofaj/files/000015952.pdf,https://www.mofa.go.jp/mofaj/files/000015952.pdf#page=73,data/raw/mofa/126adf153bd520671b9de87b006de3863ebbbb907b1b3625168cdef117f4a794.pdf.gz,"１９７. モハンマド・ハムディ・モハンマド・サディク・アル・アフダル（別名：⒜アル・ハマ
ティ、ムハンマド⒝ムハンマド・ムハンマド・アブドゥッラー・アル・アフダル⒞モハメド・
モハメド・アブドゥッラー・アル・アフダル⒟アブ・アシム・アル・マッキ⒠アフメド）
MOHAMMAD HAMDI MOHAMMAD SADIQ AL-AHDAL
(original script: لدهلأا قداص دمحم يدمح دمحم)
(a.k.a.: (a)Al-Hamati, Muhammad (b)Muhammad Muhammad Abdullah Al-Ahdal
(c)Mohamed Mohamed Abdullah Al-Ahdal (d)Abu Asim Al-Makki (e)Ahmed)
称号：不明
役職：不明
生年月日：1971年11月19日
出生地：Medina, Saudi Arabia
国籍：イエメン
旅券番号：イエメン旅券 541939 （2000年7月31日Al-Hudaydah, Yemenにおいて
Muhammad Muhammad Abdullah Al-Ahdalの名前に対して発行）
ＩＤ番号：イエメンＩＤカード 216040
住所：Jamal street, Al-Dahima alley, Al-Hudaydah, Yemen
国連制裁委員会による指定日：2001年10月17日（2009年１月30日、2010年１月25日、
2019年12月６日及び2024年２月７日に改訂）
その他の情報：イエメンにおけるアル・カーイダ（166．に指定した団体）の財務に責任
を有する。2000年の米国海軍艦船コールに対する攻撃に関与した罪で起訴された。
2003年11月イエメンで逮捕された。イエメンの第一審特別刑事裁判所において懲役３
年１箇月の判決を受けた。刑期を終えて2006年12月25日に釈放された。国連安全保
障理事会決議第1822号（2008年）に基づく見直しは2010年７月８日に終了した。国連
安全保障理事会決議第2368号（2017年）に基づく見直しは2019年12月４日に終了し
た。国連安全保障理事会決議第２６１０号（２０２１年）に基づく見直しは２０２３年１０月
３０日に終了した。同人に対するインターポール（国際刑事警察機構）・国連安全保障
理 事 会 特 別 手 配 書 の ウ ェ ブ ・ リ ン ク ： https://www.interpol.int/en/How-we-
work/Notices/View-UN-Notices-Individuals",REVIEW_REQUIRED,REVIEW_REQUIRED,false,mofa-names-v1
126adf153bd520671b9de87b006de3863ebbbb907b1b3625168cdef117f4a794:UN:198,current_un,198,UN,,unknown,false,73,126adf153bd520671b9de87b006de3863ebbbb907b1b3625168cdef117f4a794,https://www.mofa.go.jp/mofaj/files/000015952.pdf,https://www.mofa.go.jp/mofaj/files/000015952.pdf#page=73,data/raw/mofa/126adf153bd520671b9de87b006de3863ebbbb907b1b3625168cdef117f4a794.pdf.gz,１９８． ※２０１２年１１月９日解除,HISTORICAL,REVIEW_REQUIRED,false,mofa-names-v1
126adf153bd520671b9de87b006de3863ebbbb907b1b3625168cdef117f4a794:UN:199,current_un,199,UN,,unknown,false,73,126adf153bd520671b9de87b006de3863ebbbb907b1b3625168cdef117f4a794,https://www.mofa.go.jp/mofaj/files/000015952.pdf,https://www.mofa.go.jp/mofaj/files/000015952.pdf#page=73,data/raw/mofa/126adf153bd520671b9de87b006de3863ebbbb907b1b3625168cdef117f4a794.pdf.gz,１９９． ※２０１２年３月２７日解除,HISTORICAL,REVIEW_REQUIRED,false,mofa-names-v1
126adf153bd520671b9de87b006de3863ebbbb907b1b3625168cdef117f4a794:UN:200,current_un,200,UN,,unknown,false,73,126adf153bd520671b9de87b006de3863ebbbb907b1b3625168cdef117f4a794,https://www.mofa.go.jp/mofaj/files/000015952.pdf,https://www.mofa.go.jp/mofaj/files/000015952.pdf#page=73,data/raw/mofa/126adf153bd520671b9de87b006de3863ebbbb907b1b3625168cdef117f4a794.pdf.gz,２００． ※２０１３年５月２４日解除,HISTORICAL,REVIEW_REQUIRED,false,mofa-names-v1
126adf153bd520671b9de87b006de3863ebbbb907b1b3625168cdef117f4a794:UN:201,current_un,201,UN,,person,true,73;74,126adf153bd520671b9de87b006de3863ebbbb907b1b3625168cdef117f4a794,https://www.mofa.go.jp/mofaj/files/000015952.pdf,https://www.mofa.go.jp/mofaj/files/000015952.pdf#page=73,data/raw/mofa/126adf153bd520671b9de87b006de3863ebbbb907b1b3625168cdef117f4a794.pdf.gz,"２０１．ラエド・ムハンマド・ハサン・ムハンマド・ヒジャジ（別名：(a)ラエド・Ｍ・ヒジャジ(b)
リアド・ムハンマド・ハサン・ムハンマド・ヒジャジ（アラビア語による以前のリスト記載ぶ
り【アラビア語】）(c)ラシド・アル・マグリビ（ザ・モロッカン）(d)アブ・アフマド・アル・アム
リキ（ジ・アメリカン）（e）アブ・アフマド・アル・ハウェン(f)アブ・アフマド・アル・シャヒド）
RAED MUHAMMAD HASAN MUHAMMAD HIJAZI
(original script: د ئار دمحم ن سح د محم ي زاجح)
(a.k.a. (a)Raed M. Hijazi (b)Ri’ad Muhammad Hasan Muhammad Hijazi (Previously listed
as. In Arabic: ضاير دمحم نسح دمحم ي زاجحلا) (c)Rashid Al-Maghribi(The Moroccan)
(d)Abu-Ahmad Al-Amriki(The American) (e)Abu-Ahmad Al-Hawen (f)Abu-Ahmad Al-
Shahid）
生年月日：１９６８年１２月３０日
出身地：California, U.S.A.
国籍：(a)ヨルダン (b)アメリカ合衆国
国民ＩＤ番号：(a)米国社会保障番号：548-91-5411
(b)ヨルダンID番号：9681029476
国連制裁委員会による指定日：２００１年１０月１７日（２００３年４月１０日、２０１１年５
月１６日、２０１７年３月２１日及び２０２０年１１月２４日に改訂）
その他の情報：イラクのアル・カーイダ（４５３．に指定した団体）としてリストに掲載さ
れているイラクとレバント地方のイスラム国のために要員徴募と支援を行ったため、２
０１５年２月１６日以降、ヨルダンで拘留されている。父の名はムハンマド・ヒジャジ
（Mohammad Hijazi）、母の名はサキーナ(Sakina)。国連安全保障理事会決議第１８２２
号（２００８年）に基づく見直しは２０１０年６月２１日に終了した。国連安全保障理事会
決議第２３６８号（２０１７年）に基づく見直しは２０２０年１１月２４日に終了した。同人に
対するインターポール（国際刑事警察機構）・国連安全保障理事会特別手配書のウェ
ブ・リンク： https://www.interpol.int/en/How-we-work/Notices/View-UN-Notices-
Individuals",REVIEW_REQUIRED,REVIEW_REQUIRED,false,mofa-names-v1
126adf153bd520671b9de87b006de3863ebbbb907b1b3625168cdef117f4a794:UN:202,current_un,202,UN,,unknown,false,74,126adf153bd520671b9de87b006de3863ebbbb907b1b3625168cdef117f4a794,https://www.mofa.go.jp/mofaj/files/000015952.pdf,https://www.mofa.go.jp/mofaj/files/000015952.pdf#page=74,data/raw/mofa/126adf153bd520671b9de87b006de3863ebbbb907b1b3625168cdef117f4a794.pdf.gz,２０２． ※２０１３年１２月１２日解除,HISTORICAL,REVIEW_REQUIRED,false,mofa-names-v1
126adf153bd520671b9de87b006de3863ebbbb907b1b3625168cdef117f4a794:UN:203,current_un,203,UN,,person,true,74;75,126adf153bd520671b9de87b006de3863ebbbb907b1b3625168cdef117f4a794,https://www.mofa.go.jp/mofaj/files/000015952.pdf,https://www.mofa.go.jp/mofaj/files/000015952.pdf#page=74,data/raw/mofa/126adf153bd520671b9de87b006de3863ebbbb907b1b3625168cdef117f4a794.pdf.gz,"２０３．オマル・マフムード・ウスマン（別名：⒜アル・サンマン・ウスマン⒝ウマル・ウス
マン⒞オマル・モハンメド・オスマーン⒟アブ・カタダ・アル・フィリスティニ⒠アブ・ウム
ル・タクフィリ⒡アブ・オマル・アブ・ウマル⒢アブ・ウマル・ウマル⒣アブ・イスマイル）
OMAR MAHMOUD UTHMAN
(original script: نامثع دومحم رمع)
(a.k.a.: (a)Al-Samman Uthman (b)Umar Uthman (c)Omar Mohammed Othman (d)Abu
Qatada Al-Filistini (e)Abu Umr Takfiri (f)Abu Omar Abu Umar (g)Abu Umar Umar
(h)Abu Ismail)
称号：不明
役職：不明
生年月日：⒜1960 年 12 月 30 日⒝1960 年 12 月 13 日
出生地：Bethlehem, West Bank, Palestinian Territories
国籍：ヨルダン
旅券番号：不明
ＩＤ番号：不明
住所：ヨルダン（2013 年７月以降）
国連制裁委員会による指定日：2001 年 10 月 17 日（2008 年３月 14 日、2009 年３月
24 日、2010 年１月 25 日、2013 年７月 22 日、2019 年 12 月６日及び 2024 年２月７日
に改訂）
その他の情報：英国及びその他の国々のアル・カーイダ関連団体と関係がある。
1998 年にテロ行為に関与した罪でヨルダンで本人不在のまま有罪判決を受けた。
2001 年２月に英国で逮捕され、さらに 2002 年 10 月から 2005 年３月の間及び 2005
年８月から 2008 年６月の間拘留されていた。2008 年 12 月以降拘留されている。2013
年７月７日にテロリズムの罪に問われるために英国からヨルダンに送還された。国連
安全保障理事会決議第 1822 号（2008 年）に基づく見直しは 2009 年 10 月 19 日に終
了した。国連安全保障理事会決議第 2368 号（2017 年）に基づく見直しは 2019 年 12
月４日に終了した。国連安全保障理事会決議第２６１０号（２０２１年）に基づく見直し
は２０２３年１０月３０日に終了した。同人に対するインターポール（国際刑事警察機
構 ） ・ 国 連 安 全 保 障 理 事 会 特 別 手 配 書 の ウ ェ ブ ・ リ ン ク ：
https://www.interpol.int/en/How-we-work/Notices/View-UN-Notices-Individuals",REVIEW_REQUIRED,REVIEW_REQUIRED,false,mofa-names-v1
126adf153bd520671b9de87b006de3863ebbbb907b1b3625168cdef117f4a794:UN:204,current_un,204,UN,,unknown,false,75,126adf153bd520671b9de87b006de3863ebbbb907b1b3625168cdef117f4a794,https://www.mofa.go.jp/mofaj/files/000015952.pdf,https://www.mofa.go.jp/mofaj/files/000015952.pdf#page=75,data/raw/mofa/126adf153bd520671b9de87b006de3863ebbbb907b1b3625168cdef117f4a794.pdf.gz,２０４． ※２０１２年８月２４日解除,HISTORICAL,REVIEW_REQUIRED,false,mofa-names-v1
126adf153bd520671b9de87b006de3863ebbbb907b1b3625168cdef117f4a794:UN:205,current_un,205,UN,,unknown,false,75,126adf153bd520671b9de87b006de3863ebbbb907b1b3625168cdef117f4a794,https://www.mofa.go.jp/mofaj/files/000015952.pdf,https://www.mofa.go.jp/mofaj/files/000015952.pdf#page=75,data/raw/mofa/126adf153bd520671b9de87b006de3863ebbbb907b1b3625168cdef117f4a794.pdf.gz,２０５． ※２０１０年２月５日解除,HISTORICAL,REVIEW_REQUIRED,false,mofa-names-v1
126adf153bd520671b9de87b006de3863ebbbb907b1b3625168cdef117f4a794:UN:206,current_un,206,UN,,person,true,75;76,126adf153bd520671b9de87b006de3863ebbbb907b1b3625168cdef117f4a794,https://www.mofa.go.jp/mofaj/files/000015952.pdf,https://www.mofa.go.jp/mofaj/files/000015952.pdf#page=75,data/raw/mofa/126adf153bd520671b9de87b006de3863ebbbb907b1b3625168cdef117f4a794.pdf.gz,"２０６．アブドゥッラー・アフメド・アブドゥッラー・エル・アルフィ（別名: (a)アブー・マリアム
(b)アル・マスリ、アブー・モハメド(c)サーレハ）
ABDULLAH AHMED ABDULLAH EL ALFI
(original script: يفللاا اللهدبع دمحا الله دبع)
(a.k.a.: (a) Abu Mariam (b) Al-Masri, Abu Mohamed (c) Saleh)
称号：不明
役職：不明
生年月日：１９６３年６月６日
出身地：Gharbia, Egypt
国籍：エジプト
旅券番号：不明
ＩＤ番号：不明
住所：不明
国連制裁委員会による指定日：２００１年１０月１７日（２００４年１１月２６日、２０１９年
１２月６日及び２０２３年３月１５日に改訂）
その他の情報：アフガニスタン。国連安全保障理事会決議第１８２２号（２００８年）に
基づく見直しは２０１０年６月２１日に終了した。国連安全保障理事会決議第２３６８号
（２０１７年）に基づく見直しは２０１９年１２月４日に終了した。国連安全保障理事会決
議第２６１０号（２０２１年）に基づく見直しは２０２２年１１月８日に終了した。同人に対
するインターポール（国際刑事警察機構）・国連安全保障理事会特別手配書のウェ
ブ ・ リ ン ク ： https://www.interpol.int/en/How-we-work/Notices/View-UN-Notices-
Individuals",REVIEW_REQUIRED,REVIEW_REQUIRED,false,mofa-names-v1
126adf153bd520671b9de87b006de3863ebbbb907b1b3625168cdef117f4a794:UN:207,current_un,207,UN,,unknown,false,76,126adf153bd520671b9de87b006de3863ebbbb907b1b3625168cdef117f4a794,https://www.mofa.go.jp/mofaj/files/000015952.pdf,https://www.mofa.go.jp/mofaj/files/000015952.pdf#page=76,data/raw/mofa/126adf153bd520671b9de87b006de3863ebbbb907b1b3625168cdef117f4a794.pdf.gz,２０７． ※２０１２年８月２４日解除,HISTORICAL,REVIEW_REQUIRED,false,mofa-names-v1
126adf153bd520671b9de87b006de3863ebbbb907b1b3625168cdef117f4a794:UN:208,current_un,208,UN,,unknown,false,76,126adf153bd520671b9de87b006de3863ebbbb907b1b3625168cdef117f4a794,https://www.mofa.go.jp/mofaj/files/000015952.pdf,https://www.mofa.go.jp/mofaj/files/000015952.pdf#page=76,data/raw/mofa/126adf153bd520671b9de87b006de3863ebbbb907b1b3625168cdef117f4a794.pdf.gz,２０８． ※２０１５年１１月２５日解除,HISTORICAL,REVIEW_REQUIRED,false,mofa-names-v1
126adf153bd520671b9de87b006de3863ebbbb907b1b3625168cdef117f4a794:UN:209,current_un,209,UN,,person,true,76,126adf153bd520671b9de87b006de3863ebbbb907b1b3625168cdef117f4a794,https://www.mofa.go.jp/mofaj/files/000015952.pdf,https://www.mofa.go.jp/mofaj/files/000015952.pdf#page=76,data/raw/mofa/126adf153bd520671b9de87b006de3863ebbbb907b1b3625168cdef117f4a794.pdf.gz,"２０９． アフメド・ハルファン・ガイラニ（別名：⒜アフマド、アブ・バクル⒝アフメド、アブ
バカル⒞アフメド、アブバカル・Ｋ⒟アフメド、アブバカル・ハルファン⒠アフメド、アブバ
カリ・Ｋ⒡アフメド、アフメド・ハルファン⒢アリ、アフメド・ハルファン⒣ガイラニ、アブバ
カリ・ハルファン・アフメド⒤ガイラニ、アフメド⒥ギラニ、アフマド・ハラファン⒦フセイン、
マハフド・アブバカル・アフメド・アブダッラー⒧ハルファン、アフメド⒨モハンメド、シャリ
フ・オマル⒩ヘイゼム・アル・キニ⒪タンザニアン人アフメド⒫フーピー⒬フピ⒭アフメ
ド、Ａ⒮アル・タンザニ、アフマド⒯バクル、アブ⒰ハバル、アブ）
AHMED KHALFAN GHAILANI
(a.k.a. : ⒜Ahmad, Abu Bakr ⒝Ahmed, Abubakar ⒞Ahmed, Abubakar K. ⒟Ahmed,
Abubakar Khalfan ⒠Ahmed, Abubakary K. ⒡Ahmed, Ahmed Khalfan ⒢Ali, Ahmed
Khalfan ⒣Ghailani, Abubakary Khalfan Ahmed ⒤Ghailani, Ahmed ⒥Ghilani, Ahmad
Khalafan ⒦Hussein, Mahafudh Abubakar Ahmed Abdallah ⒧Khalfan, Ahmed ⒨
Mohammed, Shariff Omar ⒩Haythem al-Kini ⒪Ahmed The Tanzanian ⒫Foopie ⒬
Fupi ⒭Ahmed, A ⒮Al Tanzani, Ahmad ⒯Bakr, Abu ⒰Khabar, Abu)
称号：不明
役職：不明
生年月日：1974 年３月 14 日又は 1974 年４月 13 日又は 1974 年４月 14 日又は 1970
年８月１日
出生地：Zanzibar, Tanzania
国籍：タンザニア
旅券番号：不明
ＩＤ番号：不明
住所：アメリカ合衆国
国連制裁委員会による指定日：2001 年 10 月 17 日（2007 年７月 27 日、2010 年 10 月
21 日、2019 年 12 月６日及び 2024 年２月７日に改訂）
その他の情報：2004 年７月に逮捕され、2010 年 10 月現在米国において裁判を受け
るため拘留されている。国連安全保障理事会決議第 1822 号（2008 年）に基づく見直
しは 2010 年６月 21 日に終了した。国連安全保障理事会決議第 2368 号（2017 年）に
基づく見直しは 2019 年 12 月４日に終了した。国連安全保障理事会決議第２６１０号
（２０２１年）に基づく見直しは２０２３年１０月３０日に終了した。同人に対するインター
ポール（国際刑事警察機構）・国連安全保障理事会特別手配書のウェブ・リンク：
https://www.interpol.int/en/How-we-work/Notices/View-UN-Notices-Individuals",REVIEW_REQUIRED,REVIEW_REQUIRED,false,mofa-names-v1
126adf153bd520671b9de87b006de3863ebbbb907b1b3625168cdef117f4a794:UN:210,current_un,210,UN,,unknown,false,76,126adf153bd520671b9de87b006de3863ebbbb907b1b3625168cdef117f4a794,https://www.mofa.go.jp/mofaj/files/000015952.pdf,https://www.mofa.go.jp/mofaj/files/000015952.pdf#page=76,data/raw/mofa/126adf153bd520671b9de87b006de3863ebbbb907b1b3625168cdef117f4a794.pdf.gz,２１０． ※２０１５年３月２７日解除,HISTORICAL,REVIEW_REQUIRED,false,mofa-names-v1
126adf153bd520671b9de87b006de3863ebbbb907b1b3625168cdef117f4a794:UN:211,current_un,211,UN,,unknown,false,77,126adf153bd520671b9de87b006de3863ebbbb907b1b3625168cdef117f4a794,https://www.mofa.go.jp/mofaj/files/000015952.pdf,https://www.mofa.go.jp/mofaj/files/000015952.pdf#page=77,data/raw/mofa/126adf153bd520671b9de87b006de3863ebbbb907b1b3625168cdef117f4a794.pdf.gz,２１１． ※２０１２年１０月２５日解除,HISTORICAL,REVIEW_REQUIRED,false,mofa-names-v1
126adf153bd520671b9de87b006de3863ebbbb907b1b3625168cdef117f4a794:UN:212,current_un,212,UN,,unknown,false,77,126adf153bd520671b9de87b006de3863ebbbb907b1b3625168cdef117f4a794,https://www.mofa.go.jp/mofaj/files/000015952.pdf,https://www.mofa.go.jp/mofaj/files/000015952.pdf#page=77,data/raw/mofa/126adf153bd520671b9de87b006de3863ebbbb907b1b3625168cdef117f4a794.pdf.gz,２１２． ※２０１５年３月２７日解除,HISTORICAL,REVIEW_REQUIRED,false,mofa-names-v1
126adf153bd520671b9de87b006de3863ebbbb907b1b3625168cdef117f4a794:UN:213,current_un,213,UN,,unknown,false,77,126adf153bd520671b9de87b006de3863ebbbb907b1b3625168cdef117f4a794,https://www.mofa.go.jp/mofaj/files/000015952.pdf,https://www.mofa.go.jp/mofaj/files/000015952.pdf#page=77,data/raw/mofa/126adf153bd520671b9de87b006de3863ebbbb907b1b3625168cdef117f4a794.pdf.gz,２１３． ※２０１２年８月２４日解除,HISTORICAL,REVIEW_REQUIRED,false,mofa-names-v1
126adf153bd520671b9de87b006de3863ebbbb907b1b3625168cdef117f4a794:UN:214,current_un,214,UN,,unknown,false,77,126adf153bd520671b9de87b006de3863ebbbb907b1b3625168cdef117f4a794,https://www.mofa.go.jp/mofaj/files/000015952.pdf,https://www.mofa.go.jp/mofaj/files/000015952.pdf#page=77,data/raw/mofa/126adf153bd520671b9de87b006de3863ebbbb907b1b3625168cdef117f4a794.pdf.gz,２１４． ※２０１２年８月２４日解除,HISTORICAL,REVIEW_REQUIRED,false,mofa-names-v1
126adf153bd520671b9de87b006de3863ebbbb907b1b3625168cdef117f4a794:UN:215,current_un,215,UN,,person,true,77,126adf153bd520671b9de87b006de3863ebbbb907b1b3625168cdef117f4a794,https://www.mofa.go.jp/mofaj/files/000015952.pdf,https://www.mofa.go.jp/mofaj/files/000015952.pdf#page=77,data/raw/mofa/126adf153bd520671b9de87b006de3863ebbbb907b1b3625168cdef117f4a794.pdf.gz,"２１５．アブドゥル・ラフマン・ヤシン（別名：⒜タハ・アブドゥル・ラフマン・Ｓ⒝タヘル・ア
ブドゥル・ラフマン・Ｓ⒞ヤシン・アブドゥル・ラフマン・サイド⒟ヤシン・アブード）
ABDUL RAHMAN YASIN
(original script: نیساي نمحرلا دبع)
(a.k.a.:(a)Taha, Abdul Rahman S.(b)Taher, Abdul Rahman S.(c)Yasin, Abdul Rahman
Said(d)Yasin, Aboud)
称号：不明
役職：不明
生年月日：1960 年４月 10 日
出生地：Bloomington, Indiana, United States of America
国籍：米国
旅券番号：⒜27082171（米国（発行日 1992 年６月 21 日、Amman, Jordan））⒝イラク
旅券ＭＯ887925
ＩＤ番号：ＳＳＮ 156－92－9858（米国）
住所：不明
国連制裁委員会による指定日：2001 年 10 月 17 日（2003 年４月 10 日、2008 年２月
28 日、2019 年 12 月６日及び 2024 年２月７日に改訂）
その他の情報：イラク滞在中。国連安全保障理事会決議第 1822 号（2008 年）に基づ
く見直しは 2010 年６月 21 日に終了した。国連安全保障理事会決議第 2368 号（2017
年）に基づく見直しは 2019 年 12 月４日に終了した。国連安全保障理事会決議第２６
１０号（２０２１年）に基づく見直しは２０２３年１０月３０日に終了した。同人に対するイ
ンターポール（国際刑事警察機構）・国連安全保障理事会特別手配書のウェブ・リン
ク ： https://www.interpol.int/en/How-we-work/Notices/View-UN-Notices-
Individuals",REVIEW_REQUIRED,REVIEW_REQUIRED,false,mofa-names-v1
126adf153bd520671b9de87b006de3863ebbbb907b1b3625168cdef117f4a794:UN:216,current_un,216,UN,,unknown,false,77,126adf153bd520671b9de87b006de3863ebbbb907b1b3625168cdef117f4a794,https://www.mofa.go.jp/mofaj/files/000015952.pdf,https://www.mofa.go.jp/mofaj/files/000015952.pdf#page=77,data/raw/mofa/126adf153bd520671b9de87b006de3863ebbbb907b1b3625168cdef117f4a794.pdf.gz,２１６． ※２００２年８月３１日解除,HISTORICAL,REVIEW_REQUIRED,false,mofa-names-v1
126adf153bd520671b9de87b006de3863ebbbb907b1b3625168cdef117f4a794:UN:217,current_un,217,UN,,unknown,false,77,126adf153bd520671b9de87b006de3863ebbbb907b1b3625168cdef117f4a794,https://www.mofa.go.jp/mofaj/files/000015952.pdf,https://www.mofa.go.jp/mofaj/files/000015952.pdf#page=77,data/raw/mofa/126adf153bd520671b9de87b006de3863ebbbb907b1b3625168cdef117f4a794.pdf.gz,２１７． ※２０１２年４月２４日解除,HISTORICAL,REVIEW_REQUIRED,false,mofa-names-v1
126adf153bd520671b9de87b006de3863ebbbb907b1b3625168cdef117f4a794:UN:218,current_un,218,UN,,unknown,false,77,126adf153bd520671b9de87b006de3863ebbbb907b1b3625168cdef117f4a794,https://www.mofa.go.jp/mofaj/files/000015952.pdf,https://www.mofa.go.jp/mofaj/files/000015952.pdf#page=77,data/raw/mofa/126adf153bd520671b9de87b006de3863ebbbb907b1b3625168cdef117f4a794.pdf.gz,２１８． ※２０１２年４月２４日解除,HISTORICAL,REVIEW_REQUIRED,false,mofa-names-v1
126adf153bd520671b9de87b006de3863ebbbb907b1b3625168cdef117f4a794:UN:219,current_un,219,UN,,unknown,false,78,126adf153bd520671b9de87b006de3863ebbbb907b1b3625168cdef117f4a794,https://www.mofa.go.jp/mofaj/files/000015952.pdf,https://www.mofa.go.jp/mofaj/files/000015952.pdf#page=78,data/raw/mofa/126adf153bd520671b9de87b006de3863ebbbb907b1b3625168cdef117f4a794.pdf.gz,２１９． ※２０１２年４月２４日解除,HISTORICAL,REVIEW_REQUIRED,false,mofa-names-v1
126adf153bd520671b9de87b006de3863ebbbb907b1b3625168cdef117f4a794:UN:220,current_un,220,UN,,unknown,false,78,126adf153bd520671b9de87b006de3863ebbbb907b1b3625168cdef117f4a794,https://www.mofa.go.jp/mofaj/files/000015952.pdf,https://www.mofa.go.jp/mofaj/files/000015952.pdf#page=78,data/raw/mofa/126adf153bd520671b9de87b006de3863ebbbb907b1b3625168cdef117f4a794.pdf.gz,２２０． ※２０１２年４月２４日解除,HISTORICAL,REVIEW_REQUIRED,false,mofa-names-v1
126adf153bd520671b9de87b006de3863ebbbb907b1b3625168cdef117f4a794:UN:221,current_un,221,UN,,unknown,false,78,126adf153bd520671b9de87b006de3863ebbbb907b1b3625168cdef117f4a794,https://www.mofa.go.jp/mofaj/files/000015952.pdf,https://www.mofa.go.jp/mofaj/files/000015952.pdf#page=78,data/raw/mofa/126adf153bd520671b9de87b006de3863ebbbb907b1b3625168cdef117f4a794.pdf.gz,２２１． ※２０１２年４月２４日解除,HISTORICAL,REVIEW_REQUIRED,false,mofa-names-v1
126adf153bd520671b9de87b006de3863ebbbb907b1b3625168cdef117f4a794:UN:222,current_un,222,UN,,unknown,false,78,126adf153bd520671b9de87b006de3863ebbbb907b1b3625168cdef117f4a794,https://www.mofa.go.jp/mofaj/files/000015952.pdf,https://www.mofa.go.jp/mofaj/files/000015952.pdf#page=78,data/raw/mofa/126adf153bd520671b9de87b006de3863ebbbb907b1b3625168cdef117f4a794.pdf.gz,２２２． ※２０１０年９月２２日解除,HISTORICAL,REVIEW_REQUIRED,false,mofa-names-v1
126adf153bd520671b9de87b006de3863ebbbb907b1b3625168cdef117f4a794:UN:223,current_un,223,UN,,unknown,false,78,126adf153bd520671b9de87b006de3863ebbbb907b1b3625168cdef117f4a794,https://www.mofa.go.jp/mofaj/files/000015952.pdf,https://www.mofa.go.jp/mofaj/files/000015952.pdf#page=78,data/raw/mofa/126adf153bd520671b9de87b006de3863ebbbb907b1b3625168cdef117f4a794.pdf.gz,２２３． ※２０１２年４月２４日解除,HISTORICAL,REVIEW_REQUIRED,false,mofa-names-v1
126adf153bd520671b9de87b006de3863ebbbb907b1b3625168cdef117f4a794:UN:224,current_un,224,UN,,unknown,false,78,126adf153bd520671b9de87b006de3863ebbbb907b1b3625168cdef117f4a794,https://www.mofa.go.jp/mofaj/files/000015952.pdf,https://www.mofa.go.jp/mofaj/files/000015952.pdf#page=78,data/raw/mofa/126adf153bd520671b9de87b006de3863ebbbb907b1b3625168cdef117f4a794.pdf.gz,２２４． ※２０１２年４月２４日解除,HISTORICAL,REVIEW_REQUIRED,false,mofa-names-v1
126adf153bd520671b9de87b006de3863ebbbb907b1b3625168cdef117f4a794:UN:225,current_un,225,UN,,unknown,false,78,126adf153bd520671b9de87b006de3863ebbbb907b1b3625168cdef117f4a794,https://www.mofa.go.jp/mofaj/files/000015952.pdf,https://www.mofa.go.jp/mofaj/files/000015952.pdf#page=78,data/raw/mofa/126adf153bd520671b9de87b006de3863ebbbb907b1b3625168cdef117f4a794.pdf.gz,２２５． ※２０１２年４月２４日解除,HISTORICAL,REVIEW_REQUIRED,false,mofa-names-v1
126adf153bd520671b9de87b006de3863ebbbb907b1b3625168cdef117f4a794:UN:226,current_un,226,UN,,unknown,false,78,126adf153bd520671b9de87b006de3863ebbbb907b1b3625168cdef117f4a794,https://www.mofa.go.jp/mofaj/files/000015952.pdf,https://www.mofa.go.jp/mofaj/files/000015952.pdf#page=78,data/raw/mofa/126adf153bd520671b9de87b006de3863ebbbb907b1b3625168cdef117f4a794.pdf.gz,２２６． ※２０１２年４月２４日解除,HISTORICAL,REVIEW_REQUIRED,false,mofa-names-v1
126adf153bd520671b9de87b006de3863ebbbb907b1b3625168cdef117f4a794:UN:227,current_un,227,UN,,unknown,false,78,126adf153bd520671b9de87b006de3863ebbbb907b1b3625168cdef117f4a794,https://www.mofa.go.jp/mofaj/files/000015952.pdf,https://www.mofa.go.jp/mofaj/files/000015952.pdf#page=78,data/raw/mofa/126adf153bd520671b9de87b006de3863ebbbb907b1b3625168cdef117f4a794.pdf.gz,２２７． ※２０１２年４月２４日解除,HISTORICAL,REVIEW_REQUIRED,false,mofa-names-v1
126adf153bd520671b9de87b006de3863ebbbb907b1b3625168cdef117f4a794:UN:228,current_un,228,UN,,unknown,false,78,126adf153bd520671b9de87b006de3863ebbbb907b1b3625168cdef117f4a794,https://www.mofa.go.jp/mofaj/files/000015952.pdf,https://www.mofa.go.jp/mofaj/files/000015952.pdf#page=78,data/raw/mofa/126adf153bd520671b9de87b006de3863ebbbb907b1b3625168cdef117f4a794.pdf.gz,２２８． ※２０１０年５月２５日解除,HISTORICAL,REVIEW_REQUIRED,false,mofa-names-v1
126adf153bd520671b9de87b006de3863ebbbb907b1b3625168cdef117f4a794:UN:229,current_un,229,UN,,unknown,false,78,126adf153bd520671b9de87b006de3863ebbbb907b1b3625168cdef117f4a794,https://www.mofa.go.jp/mofaj/files/000015952.pdf,https://www.mofa.go.jp/mofaj/files/000015952.pdf#page=78,data/raw/mofa/126adf153bd520671b9de87b006de3863ebbbb907b1b3625168cdef117f4a794.pdf.gz,２２９． ※２０１０年９月２２日解除,HISTORICAL,REVIEW_REQUIRED,false,mofa-names-v1
126adf153bd520671b9de87b006de3863ebbbb907b1b3625168cdef117f4a794:UN:230,current_un,230,UN,,unknown,false,78,126adf153bd520671b9de87b006de3863ebbbb907b1b3625168cdef117f4a794,https://www.mofa.go.jp/mofaj/files/000015952.pdf,https://www.mofa.go.jp/mofaj/files/000015952.pdf#page=78,data/raw/mofa/126adf153bd520671b9de87b006de3863ebbbb907b1b3625168cdef117f4a794.pdf.gz,２３０． ※２０１０年２月５日解除,HISTORICAL,REVIEW_REQUIRED,false,mofa-names-v1
126adf153bd520671b9de87b006de3863ebbbb907b1b3625168cdef117f4a794:UN:231,current_un,231,UN,,unknown,false,78,126adf153bd520671b9de87b006de3863ebbbb907b1b3625168cdef117f4a794,https://www.mofa.go.jp/mofaj/files/000015952.pdf,https://www.mofa.go.jp/mofaj/files/000015952.pdf#page=78,data/raw/mofa/126adf153bd520671b9de87b006de3863ebbbb907b1b3625168cdef117f4a794.pdf.gz,２３１． ※２０１１年８月５日解除,HISTORICAL,REVIEW_REQUIRED,false,mofa-names-v1
126adf153bd520671b9de87b006de3863ebbbb907b1b3625168cdef117f4a794:UN:232,current_un,232,UN,,unknown,false,78,126adf153bd520671b9de87b006de3863ebbbb907b1b3625168cdef117f4a794,https://www.mofa.go.jp/mofaj/files/000015952.pdf,https://www.mofa.go.jp/mofaj/files/000015952.pdf#page=78,data/raw/mofa/126adf153bd520671b9de87b006de3863ebbbb907b1b3625168cdef117f4a794.pdf.gz,２３２． ※２０１０年９月２２日解除,HISTORICAL,REVIEW_REQUIRED,false,mofa-names-v1
126adf153bd520671b9de87b006de3863ebbbb907b1b3625168cdef117f4a794:UN:233,current_un,233,UN,,unknown,false,78,126adf153bd520671b9de87b006de3863ebbbb907b1b3625168cdef117f4a794,https://www.mofa.go.jp/mofaj/files/000015952.pdf,https://www.mofa.go.jp/mofaj/files/000015952.pdf#page=78,data/raw/mofa/126adf153bd520671b9de87b006de3863ebbbb907b1b3625168cdef117f4a794.pdf.gz,２３３． ※２０１０年９月２２日解除,HISTORICAL,REVIEW_REQUIRED,false,mofa-names-v1
126adf153bd520671b9de87b006de3863ebbbb907b1b3625168cdef117f4a794:UN:234,current_un,234,UN,,unknown,false,78,126adf153bd520671b9de87b006de3863ebbbb907b1b3625168cdef117f4a794,https://www.mofa.go.jp/mofaj/files/000015952.pdf,https://www.mofa.go.jp/mofaj/files/000015952.pdf#page=78,data/raw/mofa/126adf153bd520671b9de87b006de3863ebbbb907b1b3625168cdef117f4a794.pdf.gz,２３４． ※２００２年８月３１日解除,HISTORICAL,REVIEW_REQUIRED,false,mofa-names-v1
126adf153bd520671b9de87b006de3863ebbbb907b1b3625168cdef117f4a794:UN:235,current_un,235,UN,,unknown,false,78,126adf153bd520671b9de87b006de3863ebbbb907b1b3625168cdef117f4a794,https://www.mofa.go.jp/mofaj/files/000015952.pdf,https://www.mofa.go.jp/mofaj/files/000015952.pdf#page=78,data/raw/mofa/126adf153bd520671b9de87b006de3863ebbbb907b1b3625168cdef117f4a794.pdf.gz,２３５． ※２０１２年４月２４日解除,HISTORICAL,REVIEW_REQUIRED,false,mofa-names-v1
126adf153bd520671b9de87b006de3863ebbbb907b1b3625168cdef117f4a794:UN:236,current_un,236,UN,,unknown,false,78,126adf153bd520671b9de87b006de3863ebbbb907b1b3625168cdef117f4a794,https://www.mofa.go.jp/mofaj/files/000015952.pdf,https://www.mofa.go.jp/mofaj/files/000015952.pdf#page=78,data/raw/mofa/126adf153bd520671b9de87b006de3863ebbbb907b1b3625168cdef117f4a794.pdf.gz,２３６． ※２０１０年２月５日解除,HISTORICAL,REVIEW_REQUIRED,false,mofa-names-v1
126adf153bd520671b9de87b006de3863ebbbb907b1b3625168cdef117f4a794:UN:237,current_un,237,UN,,unknown,false,78,126adf153bd520671b9de87b006de3863ebbbb907b1b3625168cdef117f4a794,https://www.mofa.go.jp/mofaj/files/000015952.pdf,https://www.mofa.go.jp/mofaj/files/000015952.pdf#page=78,data/raw/mofa/126adf153bd520671b9de87b006de3863ebbbb907b1b3625168cdef117f4a794.pdf.gz,２３７． ※２０１２年４月２４日解除,HISTORICAL,REVIEW_REQUIRED,false,mofa-names-v1
126adf153bd520671b9de87b006de3863ebbbb907b1b3625168cdef117f4a794:UN:238,current_un,238,UN,,unknown,false,78,126adf153bd520671b9de87b006de3863ebbbb907b1b3625168cdef117f4a794,https://www.mofa.go.jp/mofaj/files/000015952.pdf,https://www.mofa.go.jp/mofaj/files/000015952.pdf#page=78,data/raw/mofa/126adf153bd520671b9de87b006de3863ebbbb907b1b3625168cdef117f4a794.pdf.gz,２３８． ※２０１０年２月５日解除,HISTORICAL,REVIEW_REQUIRED,false,mofa-names-v1
126adf153bd520671b9de87b006de3863ebbbb907b1b3625168cdef117f4a794:UN:239,current_un,239,UN,,unknown,false,78,126adf153bd520671b9de87b006de3863ebbbb907b1b3625168cdef117f4a794,https://www.mofa.go.jp/mofaj/files/000015952.pdf,https://www.mofa.go.jp/mofaj/files/000015952.pdf#page=78,data/raw/mofa/126adf153bd520671b9de87b006de3863ebbbb907b1b3625168cdef117f4a794.pdf.gz,２３９． ※２０１０年９月２２日解除,HISTORICAL,REVIEW_REQUIRED,false,mofa-names-v1
126adf153bd520671b9de87b006de3863ebbbb907b1b3625168cdef117f4a794:UN:240,current_un,240,UN,,unknown,false,79,126adf153bd520671b9de87b006de3863ebbbb907b1b3625168cdef117f4a794,https://www.mofa.go.jp/mofaj/files/000015952.pdf,https://www.mofa.go.jp/mofaj/files/000015952.pdf#page=79,data/raw/mofa/126adf153bd520671b9de87b006de3863ebbbb907b1b3625168cdef117f4a794.pdf.gz,２４０． ※２０１２年４月２４日解除,HISTORICAL,REVIEW_REQUIRED,false,mofa-names-v1
126adf153bd520671b9de87b006de3863ebbbb907b1b3625168cdef117f4a794:UN:241,current_un,241,UN,,unknown,false,79,126adf153bd520671b9de87b006de3863ebbbb907b1b3625168cdef117f4a794,https://www.mofa.go.jp/mofaj/files/000015952.pdf,https://www.mofa.go.jp/mofaj/files/000015952.pdf#page=79,data/raw/mofa/126adf153bd520671b9de87b006de3863ebbbb907b1b3625168cdef117f4a794.pdf.gz,２４１． ※２０１２年４月２４日解除,HISTORICAL,REVIEW_REQUIRED,false,mofa-names-v1
126adf153bd520671b9de87b006de3863ebbbb907b1b3625168cdef117f4a794:UN:242,current_un,242,UN,,unknown,false,79,126adf153bd520671b9de87b006de3863ebbbb907b1b3625168cdef117f4a794,https://www.mofa.go.jp/mofaj/files/000015952.pdf,https://www.mofa.go.jp/mofaj/files/000015952.pdf#page=79,data/raw/mofa/126adf153bd520671b9de87b006de3863ebbbb907b1b3625168cdef117f4a794.pdf.gz,２４２． ※２０１２年４月２４日解除,HISTORICAL,REVIEW_REQUIRED,false,mofa-names-v1
126adf153bd520671b9de87b006de3863ebbbb907b1b3625168cdef117f4a794:UN:243,current_un,243,UN,,unknown,false,79,126adf153bd520671b9de87b006de3863ebbbb907b1b3625168cdef117f4a794,https://www.mofa.go.jp/mofaj/files/000015952.pdf,https://www.mofa.go.jp/mofaj/files/000015952.pdf#page=79,data/raw/mofa/126adf153bd520671b9de87b006de3863ebbbb907b1b3625168cdef117f4a794.pdf.gz,２４３． ※２０１２年４月２４日解除,HISTORICAL,REVIEW_REQUIRED,false,mofa-names-v1
126adf153bd520671b9de87b006de3863ebbbb907b1b3625168cdef117f4a794:UN:244,current_un,244,UN,,unknown,false,79,126adf153bd520671b9de87b006de3863ebbbb907b1b3625168cdef117f4a794,https://www.mofa.go.jp/mofaj/files/000015952.pdf,https://www.mofa.go.jp/mofaj/files/000015952.pdf#page=79,data/raw/mofa/126adf153bd520671b9de87b006de3863ebbbb907b1b3625168cdef117f4a794.pdf.gz,２４４． ※２０１２年４月２４日解除,HISTORICAL,REVIEW_REQUIRED,false,mofa-names-v1
126adf153bd520671b9de87b006de3863ebbbb907b1b3625168cdef117f4a794:UN:245,current_un,245,UN,,unknown,false,79,126adf153bd520671b9de87b006de3863ebbbb907b1b3625168cdef117f4a794,https://www.mofa.go.jp/mofaj/files/000015952.pdf,https://www.mofa.go.jp/mofaj/files/000015952.pdf#page=79,data/raw/mofa/126adf153bd520671b9de87b006de3863ebbbb907b1b3625168cdef117f4a794.pdf.gz,２４５． ※２０１２年４月２４日解除,HISTORICAL,REVIEW_REQUIRED,false,mofa-names-v1
126adf153bd520671b9de87b006de3863ebbbb907b1b3625168cdef117f4a794:UN:246,current_un,246,UN,,unknown,false,79,126adf153bd520671b9de87b006de3863ebbbb907b1b3625168cdef117f4a794,https://www.mofa.go.jp/mofaj/files/000015952.pdf,https://www.mofa.go.jp/mofaj/files/000015952.pdf#page=79,data/raw/mofa/126adf153bd520671b9de87b006de3863ebbbb907b1b3625168cdef117f4a794.pdf.gz,２４６． ※２０１２年４月２４日解除,HISTORICAL,REVIEW_REQUIRED,false,mofa-names-v1
126adf153bd520671b9de87b006de3863ebbbb907b1b3625168cdef117f4a794:UN:247,current_un,247,UN,,unknown,false,79,126adf153bd520671b9de87b006de3863ebbbb907b1b3625168cdef117f4a794,https://www.mofa.go.jp/mofaj/files/000015952.pdf,https://www.mofa.go.jp/mofaj/files/000015952.pdf#page=79,data/raw/mofa/126adf153bd520671b9de87b006de3863ebbbb907b1b3625168cdef117f4a794.pdf.gz,２４７． ※２０１２年４月２４日解除,HISTORICAL,REVIEW_REQUIRED,false,mofa-names-v1
126adf153bd520671b9de87b006de3863ebbbb907b1b3625168cdef117f4a794:UN:248,current_un,248,UN,,unknown,false,79,126adf153bd520671b9de87b006de3863ebbbb907b1b3625168cdef117f4a794,https://www.mofa.go.jp/mofaj/files/000015952.pdf,https://www.mofa.go.jp/mofaj/files/000015952.pdf#page=79,data/raw/mofa/126adf153bd520671b9de87b006de3863ebbbb907b1b3625168cdef117f4a794.pdf.gz,２４８． ※２０１２年４月２４日解除,HISTORICAL,REVIEW_REQUIRED,false,mofa-names-v1
126adf153bd520671b9de87b006de3863ebbbb907b1b3625168cdef117f4a794:UN:249,current_un,249,UN,,unknown,false,79,126adf153bd520671b9de87b006de3863ebbbb907b1b3625168cdef117f4a794,https://www.mofa.go.jp/mofaj/files/000015952.pdf,https://www.mofa.go.jp/mofaj/files/000015952.pdf#page=79,data/raw/mofa/126adf153bd520671b9de87b006de3863ebbbb907b1b3625168cdef117f4a794.pdf.gz,２４９． ※２０１２年４月２４日解除,HISTORICAL,REVIEW_REQUIRED,false,mofa-names-v1
126adf153bd520671b9de87b006de3863ebbbb907b1b3625168cdef117f4a794:UN:250,current_un,250,UN,,unknown,false,79,126adf153bd520671b9de87b006de3863ebbbb907b1b3625168cdef117f4a794,https://www.mofa.go.jp/mofaj/files/000015952.pdf,https://www.mofa.go.jp/mofaj/files/000015952.pdf#page=79,data/raw/mofa/126adf153bd520671b9de87b006de3863ebbbb907b1b3625168cdef117f4a794.pdf.gz,２５０． ※２０１０年９月２２日解除,HISTORICAL,REVIEW_REQUIRED,false,mofa-names-v1
126adf153bd520671b9de87b006de3863ebbbb907b1b3625168cdef117f4a794:UN:251,current_un,251,UN,,unknown,false,79,126adf153bd520671b9de87b006de3863ebbbb907b1b3625168cdef117f4a794,https://www.mofa.go.jp/mofaj/files/000015952.pdf,https://www.mofa.go.jp/mofaj/files/000015952.pdf#page=79,data/raw/mofa/126adf153bd520671b9de87b006de3863ebbbb907b1b3625168cdef117f4a794.pdf.gz,２５１． ※２０１２年４月２４日解除,HISTORICAL,REVIEW_REQUIRED,false,mofa-names-v1
126adf153bd520671b9de87b006de3863ebbbb907b1b3625168cdef117f4a794:UN:252,current_un,252,UN,,unknown,false,79,126adf153bd520671b9de87b006de3863ebbbb907b1b3625168cdef117f4a794,https://www.mofa.go.jp/mofaj/files/000015952.pdf,https://www.mofa.go.jp/mofaj/files/000015952.pdf#page=79,data/raw/mofa/126adf153bd520671b9de87b006de3863ebbbb907b1b3625168cdef117f4a794.pdf.gz,２５２． ※２００２年８月３１日解除,HISTORICAL,REVIEW_REQUIRED,false,mofa-names-v1
126adf153bd520671b9de87b006de3863ebbbb907b1b3625168cdef117f4a794:UN:253,current_un,253,UN,,unknown,false,79,126adf153bd520671b9de87b006de3863ebbbb907b1b3625168cdef117f4a794,https://www.mofa.go.jp/mofaj/files/000015952.pdf,https://www.mofa.go.jp/mofaj/files/000015952.pdf#page=79,data/raw/mofa/126adf153bd520671b9de87b006de3863ebbbb907b1b3625168cdef117f4a794.pdf.gz,２５３． ※２０１２年１２月１９日解除,HISTORICAL,REVIEW_REQUIRED,false,mofa-names-v1
126adf153bd520671b9de87b006de3863ebbbb907b1b3625168cdef117f4a794:UN:254,current_un,254,UN,,unknown,false,79,126adf153bd520671b9de87b006de3863ebbbb907b1b3625168cdef117f4a794,https://www.mofa.go.jp/mofaj/files/000015952.pdf,https://www.mofa.go.jp/mofaj/files/000015952.pdf#page=79,data/raw/mofa/126adf153bd520671b9de87b006de3863ebbbb907b1b3625168cdef117f4a794.pdf.gz,２５４． ※２０１０年２月５日解除,HISTORICAL,REVIEW_REQUIRED,false,mofa-names-v1
126adf153bd520671b9de87b006de3863ebbbb907b1b3625168cdef117f4a794:UN:255,current_un,255,UN,,unknown,false,79,126adf153bd520671b9de87b006de3863ebbbb907b1b3625168cdef117f4a794,https://www.mofa.go.jp/mofaj/files/000015952.pdf,https://www.mofa.go.jp/mofaj/files/000015952.pdf#page=79,data/raw/mofa/126adf153bd520671b9de87b006de3863ebbbb907b1b3625168cdef117f4a794.pdf.gz,２５５． ※２０１０年９月２２日解除,HISTORICAL,REVIEW_REQUIRED,false,mofa-names-v1
126adf153bd520671b9de87b006de3863ebbbb907b1b3625168cdef117f4a794:UN:256,current_un,256,UN,,unknown,false,79,126adf153bd520671b9de87b006de3863ebbbb907b1b3625168cdef117f4a794,https://www.mofa.go.jp/mofaj/files/000015952.pdf,https://www.mofa.go.jp/mofaj/files/000015952.pdf#page=79,data/raw/mofa/126adf153bd520671b9de87b006de3863ebbbb907b1b3625168cdef117f4a794.pdf.gz,２５６． ※２０１２年１２月１９日解除,HISTORICAL,REVIEW_REQUIRED,false,mofa-names-v1
126adf153bd520671b9de87b006de3863ebbbb907b1b3625168cdef117f4a794:UN:257,current_un,257,UN,,unknown,false,79,126adf153bd520671b9de87b006de3863ebbbb907b1b3625168cdef117f4a794,https://www.mofa.go.jp/mofaj/files/000015952.pdf,https://www.mofa.go.jp/mofaj/files/000015952.pdf#page=79,data/raw/mofa/126adf153bd520671b9de87b006de3863ebbbb907b1b3625168cdef117f4a794.pdf.gz,２５７． ※２０１０年９月２２日解除,HISTORICAL,REVIEW_REQUIRED,false,mofa-names-v1
126adf153bd520671b9de87b006de3863ebbbb907b1b3625168cdef117f4a794:UN:258,current_un,258,UN,,unknown,false,79,126adf153bd520671b9de87b006de3863ebbbb907b1b3625168cdef117f4a794,https://www.mofa.go.jp/mofaj/files/000015952.pdf,https://www.mofa.go.jp/mofaj/files/000015952.pdf#page=79,data/raw/mofa/126adf153bd520671b9de87b006de3863ebbbb907b1b3625168cdef117f4a794.pdf.gz,２５８． ※２０１２年１２月１９日解除,HISTORICAL,REVIEW_REQUIRED,false,mofa-names-v1
126adf153bd520671b9de87b006de3863ebbbb907b1b3625168cdef117f4a794:UN:259,current_un,259,UN,,unknown,false,79,126adf153bd520671b9de87b006de3863ebbbb907b1b3625168cdef117f4a794,https://www.mofa.go.jp/mofaj/files/000015952.pdf,https://www.mofa.go.jp/mofaj/files/000015952.pdf#page=79,data/raw/mofa/126adf153bd520671b9de87b006de3863ebbbb907b1b3625168cdef117f4a794.pdf.gz,２５９． ※２０１０年９月２２日解除,HISTORICAL,REVIEW_REQUIRED,false,mofa-names-v1
126adf153bd520671b9de87b006de3863ebbbb907b1b3625168cdef117f4a794:UN:260,current_un,260,UN,,unknown,false,80,126adf153bd520671b9de87b006de3863ebbbb907b1b3625168cdef117f4a794,https://www.mofa.go.jp/mofaj/files/000015952.pdf,https://www.mofa.go.jp/mofaj/files/000015952.pdf#page=80,data/raw/mofa/126adf153bd520671b9de87b006de3863ebbbb907b1b3625168cdef117f4a794.pdf.gz,２６０． ※２０１０年２月５日解除,HISTORICAL,REVIEW_REQUIRED,false,mofa-names-v1
126adf153bd520671b9de87b006de3863ebbbb907b1b3625168cdef117f4a794:UN:261,current_un,261,UN,,unknown,false,80,126adf153bd520671b9de87b006de3863ebbbb907b1b3625168cdef117f4a794,https://www.mofa.go.jp/mofaj/files/000015952.pdf,https://www.mofa.go.jp/mofaj/files/000015952.pdf#page=80,data/raw/mofa/126adf153bd520671b9de87b006de3863ebbbb907b1b3625168cdef117f4a794.pdf.gz,２６１． ※２０１０年５月２５日解除,HISTORICAL,REVIEW_REQUIRED,false,mofa-names-v1
126adf153bd520671b9de87b006de3863ebbbb907b1b3625168cdef117f4a794:UN:262,current_un,262,UN,,unknown,false,80,126adf153bd520671b9de87b006de3863ebbbb907b1b3625168cdef117f4a794,https://www.mofa.go.jp/mofaj/files/000015952.pdf,https://www.mofa.go.jp/mofaj/files/000015952.pdf#page=80,data/raw/mofa/126adf153bd520671b9de87b006de3863ebbbb907b1b3625168cdef117f4a794.pdf.gz,２６２． ※２００８年１２月１９日解除,HISTORICAL,REVIEW_REQUIRED,false,mofa-names-v1
126adf153bd520671b9de87b006de3863ebbbb907b1b3625168cdef117f4a794:UN:263,current_un,263,UN,,unknown,false,80,126adf153bd520671b9de87b006de3863ebbbb907b1b3625168cdef117f4a794,https://www.mofa.go.jp/mofaj/files/000015952.pdf,https://www.mofa.go.jp/mofaj/files/000015952.pdf#page=80,data/raw/mofa/126adf153bd520671b9de87b006de3863ebbbb907b1b3625168cdef117f4a794.pdf.gz,２６３． ※２００２年８月３１日解除,HISTORICAL,REVIEW_REQUIRED,false,mofa-names-v1
126adf153bd520671b9de87b006de3863ebbbb907b1b3625168cdef117f4a794:UN:264,current_un,264,UN,,unknown,false,80,126adf153bd520671b9de87b006de3863ebbbb907b1b3625168cdef117f4a794,https://www.mofa.go.jp/mofaj/files/000015952.pdf,https://www.mofa.go.jp/mofaj/files/000015952.pdf#page=80,data/raw/mofa/126adf153bd520671b9de87b006de3863ebbbb907b1b3625168cdef117f4a794.pdf.gz,２６４． ※２０１２年８月２４日解除,HISTORICAL,REVIEW_REQUIRED,false,mofa-names-v1
126adf153bd520671b9de87b006de3863ebbbb907b1b3625168cdef117f4a794:UN:265,current_un,265,UN,,unknown,false,80,126adf153bd520671b9de87b006de3863ebbbb907b1b3625168cdef117f4a794,https://www.mofa.go.jp/mofaj/files/000015952.pdf,https://www.mofa.go.jp/mofaj/files/000015952.pdf#page=80,data/raw/mofa/126adf153bd520671b9de87b006de3863ebbbb907b1b3625168cdef117f4a794.pdf.gz,２６５． ※２００２年８月３１日解除,HISTORICAL,REVIEW_REQUIRED,false,mofa-names-v1
126adf153bd520671b9de87b006de3863ebbbb907b1b3625168cdef117f4a794:UN:266,current_un,266,UN,,unknown,false,80,126adf153bd520671b9de87b006de3863ebbbb907b1b3625168cdef117f4a794,https://www.mofa.go.jp/mofaj/files/000015952.pdf,https://www.mofa.go.jp/mofaj/files/000015952.pdf#page=80,data/raw/mofa/126adf153bd520671b9de87b006de3863ebbbb907b1b3625168cdef117f4a794.pdf.gz,２６６． ※２００６年１１月２１日解除,HISTORICAL,REVIEW_REQUIRED,false,mofa-names-v1
126adf153bd520671b9de87b006de3863ebbbb907b1b3625168cdef117f4a794:UN:267,current_un,267,UN,,unknown,false,80,126adf153bd520671b9de87b006de3863ebbbb907b1b3625168cdef117f4a794,https://www.mofa.go.jp/mofaj/files/000015952.pdf,https://www.mofa.go.jp/mofaj/files/000015952.pdf#page=80,data/raw/mofa/126adf153bd520671b9de87b006de3863ebbbb907b1b3625168cdef117f4a794.pdf.gz,２６７． ※２０１０年９月２２日解除,HISTORICAL,REVIEW_REQUIRED,false,mofa-names-v1
126adf153bd520671b9de87b006de3863ebbbb907b1b3625168cdef117f4a794:UN:268,current_un,268,UN,,person,true,80;81,126adf153bd520671b9de87b006de3863ebbbb907b1b3625168cdef117f4a794,https://www.mofa.go.jp/mofaj/files/000015952.pdf,https://www.mofa.go.jp/mofaj/files/000015952.pdf#page=80,data/raw/mofa/126adf153bd520671b9de87b006de3863ebbbb907b1b3625168cdef117f4a794.pdf.gz,"２６８． ハッサン・ダヒル・アウェイス（別名：⒜アリ、シェイク・ハッサン・ダヒル・アウェ
イス⒝アウェス、シャイク・ハッサン・ダヒル⒞ハッサン・ダヒル・アウェイエス⒟アフメ
ド・ダヒル・アウェイス⒠モハンメド・ハッサン・イブラヒム⒡アウェイス・ハッサン・ダヒル
⒢ハッサン・ターヒル・ウワイス⒣ハッサン・ターヒル・ウワイス⒤ハッサン・ダヒル・ア
ウェス⒥シェイク・アウェイス⒦シェイク・ハッサン⒧シェイク・ハッサン・ダヒル・アウェ
イス）
HASSAN DAHIR AWEYS
(original script: سيوعرهاظ نسح)
(a.k.a.: (a)Ali, Sheikh Hassan Dahir Aweys (b)Awes, Shaykh Hassan Dahir (c)Hassen
Dahir Aweyes (d)Ahmed Dahir Aweys (e)Mohammed Hassan Ibrahim (f)Aweys Hassan
Dahir (g)Hassan Tahir Oais (h)Hassan
Tahir Uways (i)Hassan Dahir Awes (j)Sheikh Aweys (k)Sheikh Hassan (l)Sheikh Hassan
Dahir Aweys)
称号：(a) Sheikh（シェイク）(b)Colonel（カーネル）
役職：不明
生年月日：1935年
出生地：ソマリア
国籍：ソマリア
旅券番号：不明
ＩＤ番号：不明
住所：⒜2012年11月時点でソマリア南部において活動⒝2007年11月時点でエリトリア
に所在していると伝えられている。
国連制裁委員会による指定日：2001年11月９日（2007年12月21日、2010年５月11日、
2011年５月16日、2013年３月18日、2019年12月６日及び2024年２月７日に改訂）
その他の情報：ハウィエズ（Hawiye's）氏族のハビル・ゲディル（Habergidir）支族のうち
アイル（Ayr）族の出身。ソマリアのアルイティハード・アルイスラミヤ（ＡＩＡＩ）（175 ．に
指定した団体）及びヒズブル・イスラームの幹部。2010年４月12日以降、ソマリア及び
エリトリアに関する安全保障理事会決議第1844号（2008年）において定められた制裁
措置の対象にも指定されている（参照：
https://www.un.org/sc/suborg/en/sanctions/751）。国連安全保障理事会決議第
1822号（2008年）に基づく見直しは2010年６月22日に終了した。国連安全保障理事会
決議第2368号（2017年）に基づく見直しは2019年12月４日に終了した。国連安全保障
理事会決議第２６１０号（２０２１年）に基づく見直しは２０２３年１０月３０日に終了し
た。同人に対するインターポール（国際刑事警察機構）・国連安全保障理事会特別手
配書のウェブ・リンク：https://www.interpol.int/en/How-we-work/Notices/View-UN-
Notices-Individuals",REVIEW_REQUIRED,REVIEW_REQUIRED,false,mofa-names-v1
126adf153bd520671b9de87b006de3863ebbbb907b1b3625168cdef117f4a794:UN:269,current_un,269,UN,,unknown,false,81,126adf153bd520671b9de87b006de3863ebbbb907b1b3625168cdef117f4a794,https://www.mofa.go.jp/mofaj/files/000015952.pdf,https://www.mofa.go.jp/mofaj/files/000015952.pdf#page=81,data/raw/mofa/126adf153bd520671b9de87b006de3863ebbbb907b1b3625168cdef117f4a794.pdf.gz,２６９． ※２０１０年２月５日解除,HISTORICAL,REVIEW_REQUIRED,false,mofa-names-v1
126adf153bd520671b9de87b006de3863ebbbb907b1b3625168cdef117f4a794:UN:270,current_un,270,UN,,unknown,false,81,126adf153bd520671b9de87b006de3863ebbbb907b1b3625168cdef117f4a794,https://www.mofa.go.jp/mofaj/files/000015952.pdf,https://www.mofa.go.jp/mofaj/files/000015952.pdf#page=81,data/raw/mofa/126adf153bd520671b9de87b006de3863ebbbb907b1b3625168cdef117f4a794.pdf.gz,２７０． ※２００８年９月２６日解除,HISTORICAL,REVIEW_REQUIRED,false,mofa-names-v1
126adf153bd520671b9de87b006de3863ebbbb907b1b3625168cdef117f4a794:UN:271,current_un,271,UN,,unknown,false,81,126adf153bd520671b9de87b006de3863ebbbb907b1b3625168cdef117f4a794,https://www.mofa.go.jp/mofaj/files/000015952.pdf,https://www.mofa.go.jp/mofaj/files/000015952.pdf#page=81,data/raw/mofa/126adf153bd520671b9de87b006de3863ebbbb907b1b3625168cdef117f4a794.pdf.gz,２７１． ※２００２年７月１２日解除,HISTORICAL,REVIEW_REQUIRED,false,mofa-names-v1
126adf153bd520671b9de87b006de3863ebbbb907b1b3625168cdef117f4a794:UN:272,current_un,272,UN,,unknown,false,81,126adf153bd520671b9de87b006de3863ebbbb907b1b3625168cdef117f4a794,https://www.mofa.go.jp/mofaj/files/000015952.pdf,https://www.mofa.go.jp/mofaj/files/000015952.pdf#page=81,data/raw/mofa/126adf153bd520671b9de87b006de3863ebbbb907b1b3625168cdef117f4a794.pdf.gz,２７２． ※２００２年８月３１日解除,HISTORICAL,REVIEW_REQUIRED,false,mofa-names-v1
126adf153bd520671b9de87b006de3863ebbbb907b1b3625168cdef117f4a794:UN:273,current_un,273,UN,,unknown,false,81,126adf153bd520671b9de87b006de3863ebbbb907b1b3625168cdef117f4a794,https://www.mofa.go.jp/mofaj/files/000015952.pdf,https://www.mofa.go.jp/mofaj/files/000015952.pdf#page=81,data/raw/mofa/126adf153bd520671b9de87b006de3863ebbbb907b1b3625168cdef117f4a794.pdf.gz,２７３． ※２０１２年４月２４日解除,HISTORICAL,REVIEW_REQUIRED,false,mofa-names-v1
126adf153bd520671b9de87b006de3863ebbbb907b1b3625168cdef117f4a794:UN:274,current_un,274,UN,,unknown,false,81,126adf153bd520671b9de87b006de3863ebbbb907b1b3625168cdef117f4a794,https://www.mofa.go.jp/mofaj/files/000015952.pdf,https://www.mofa.go.jp/mofaj/files/000015952.pdf#page=81,data/raw/mofa/126adf153bd520671b9de87b006de3863ebbbb907b1b3625168cdef117f4a794.pdf.gz,２７４． ※２０１２年１０月２５日解除,HISTORICAL,REVIEW_REQUIRED,false,mofa-names-v1
126adf153bd520671b9de87b006de3863ebbbb907b1b3625168cdef117f4a794:UN:275,current_un,275,UN,,unknown,false,81,126adf153bd520671b9de87b006de3863ebbbb907b1b3625168cdef117f4a794,https://www.mofa.go.jp/mofaj/files/000015952.pdf,https://www.mofa.go.jp/mofaj/files/000015952.pdf#page=81,data/raw/mofa/126adf153bd520671b9de87b006de3863ebbbb907b1b3625168cdef117f4a794.pdf.gz,２７５． ※２００６年２月１６日解除,HISTORICAL,REVIEW_REQUIRED,false,mofa-names-v1
126adf153bd520671b9de87b006de3863ebbbb907b1b3625168cdef117f4a794:UN:276,current_un,276,UN,,unknown,false,81,126adf153bd520671b9de87b006de3863ebbbb907b1b3625168cdef117f4a794,https://www.mofa.go.jp/mofaj/files/000015952.pdf,https://www.mofa.go.jp/mofaj/files/000015952.pdf#page=81,data/raw/mofa/126adf153bd520671b9de87b006de3863ebbbb907b1b3625168cdef117f4a794.pdf.gz,２７６． ※２００６年２月１６日解除,HISTORICAL,REVIEW_REQUIRED,false,mofa-names-v1
126adf153bd520671b9de87b006de3863ebbbb907b1b3625168cdef117f4a794:UN:277,current_un,277,UN,,unknown,false,81,126adf153bd520671b9de87b006de3863ebbbb907b1b3625168cdef117f4a794,https://www.mofa.go.jp/mofaj/files/000015952.pdf,https://www.mofa.go.jp/mofaj/files/000015952.pdf#page=81,data/raw/mofa/126adf153bd520671b9de87b006de3863ebbbb907b1b3625168cdef117f4a794.pdf.gz,２７７． ※２０１０年５月２５日解除,HISTORICAL,REVIEW_REQUIRED,false,mofa-names-v1
126adf153bd520671b9de87b006de3863ebbbb907b1b3625168cdef117f4a794:UN:278,current_un,278,UN,QDe.068,entity,true,81;82,126adf153bd520671b9de87b006de3863ebbbb907b1b3625168cdef117f4a794,https://www.mofa.go.jp/mofaj/files/000015952.pdf,https://www.mofa.go.jp/mofaj/files/000015952.pdf#page=81,data/raw/mofa/126adf153bd520671b9de87b006de3863ebbbb907b1b3625168cdef117f4a794.pdf.gz,"２７８．ウンマ・タミーレ・ノウ
UMMAH TAMEER E-NAU (UTN)
国連参照番号：QDe.068
所在地：Street 13, Wazir Akbar Khan, Kabul, Afghanistan
リスト掲載日：2001 年 12 月 24 日（2011 年 12 月 13 日、2021 年 11 月 15 日、2026 年
8 月 13 日及び 8 月 18 日に改訂）
その他の情報：国連安全保障理事会決議に基づく見直しは 2010 年 6 月 21 日、2021
年 11 月 15 日、2025 年 12 月 31 日に終了した。指導者にはマフムード・スルタン・バ
シール・ウッディン（279．に指定した個人）がいる。パキスタンにおいて活動が禁止さ
れた。同団体に対するインターポール（国際刑事警察機構）・国連安全保障理事会特
別 手 配 書 の ウ ェ ブ ・ リ ン ク ： https://www.interpol.int/en/How-we-
work/Notices/View-UN-Notices-Entities",EXTRACTED,REVIEW_REQUIRED,false,mofa-names-v1
126adf153bd520671b9de87b006de3863ebbbb907b1b3625168cdef117f4a794:UN:279,current_un,279,UN,,person,true,82,126adf153bd520671b9de87b006de3863ebbbb907b1b3625168cdef117f4a794,https://www.mofa.go.jp/mofaj/files/000015952.pdf,https://www.mofa.go.jp/mofaj/files/000015952.pdf#page=82,data/raw/mofa/126adf153bd520671b9de87b006de3863ebbbb907b1b3625168cdef117f4a794.pdf.gz,"２７９．マフムード・スルタン・バシール・ウッディン（別名：(a) マフムード・スルタン・バ
シルッディン (b) メフムード・バシール・ウッディン博士 (c) メクムード・スルタン・バシ
ルッディン）
MAHMOOD SULTAN BASHIR-UD-DIN（a.k.a.(a) Mahmood, Sultan Bashiruddin (b)
Mehmood, Dr. Bashir Uddin (c) Mekmud, Sultan Baishiruddin）
称号：不明
役職：不明
生年月日：１９３７年～１９４５年
出生地：不明
国籍：パキスタン
旅券番号：不明
ＩＤ番号：不明
住所：Street 13, Wazir Akbar Khan, Kabul, Afghanistan
国連制裁委員会による指定日：２００１年１２月２４日（２０１９年５月１日及び２０２３年
３月１５日に改訂）
その他の情報：国連安全保障理事会決議第１８２２号（２００８年）に基づく見直しは２
０１０年６月１日に終了した。国連安全保障理事会決議第２２５３号（２０１５年）に基づ
く見直しは２０１９年２月２１日に終了した。国連安全保障理事会決議第２６１０号（２０
２１年）に基づく見直しは２０２２年１１月８日に終了した。同人に対するインターポール
（国際刑事警察機構）・国連安全保障理事会特別手配書のウェブ・リンク：
https://www.interpol.int/en/How-we-work/Notices/View-UN-Notices-Individuals",REVIEW_REQUIRED,REVIEW_REQUIRED,false,mofa-names-v1
126adf153bd520671b9de87b006de3863ebbbb907b1b3625168cdef117f4a794:UN:280,current_un,280,UN,,unknown,false,82,126adf153bd520671b9de87b006de3863ebbbb907b1b3625168cdef117f4a794,https://www.mofa.go.jp/mofaj/files/000015952.pdf,https://www.mofa.go.jp/mofaj/files/000015952.pdf#page=82,data/raw/mofa/126adf153bd520671b9de87b006de3863ebbbb907b1b3625168cdef117f4a794.pdf.gz,２８０． ※２０２６年５月２７日解除,HISTORICAL,REVIEW_REQUIRED,false,mofa-names-v1
126adf153bd520671b9de87b006de3863ebbbb907b1b3625168cdef117f4a794:UN:281,current_un,281,UN,,unknown,false,82,126adf153bd520671b9de87b006de3863ebbbb907b1b3625168cdef117f4a794,https://www.mofa.go.jp/mofaj/files/000015952.pdf,https://www.mofa.go.jp/mofaj/files/000015952.pdf#page=82,data/raw/mofa/126adf153bd520671b9de87b006de3863ebbbb907b1b3625168cdef117f4a794.pdf.gz,２８１． ※２０２６年５月２７日解除,HISTORICAL,REVIEW_REQUIRED,false,mofa-names-v1
126adf153bd520671b9de87b006de3863ebbbb907b1b3625168cdef117f4a794:UN:282,current_un,282,UN,QDe.069,entity,true,82;83,126adf153bd520671b9de87b006de3863ebbbb907b1b3625168cdef117f4a794,https://www.mofa.go.jp/mofaj/files/000015952.pdf,https://www.mofa.go.jp/mofaj/files/000015952.pdf#page=82,data/raw/mofa/126adf153bd520671b9de87b006de3863ebbbb907b1b3625168cdef117f4a794.pdf.gz,"２８２．アフガン支援委員会（ＡＳＣ）
AFGHAN SUPPORT COMMITTEE(ASC)
国連参照番号：QDe.069
別称：ラジナット･ウル･メサ･エイダトゥル･アフガニア； ジャミアット･アヤット･ウル･ラー
ス･アル･イスラミーヤ； ジャミアット･イハヤ･ウル･トゥラッタ･アル･イスラミーヤ； アハ
ヤ･ウル･トゥラス
Lajnat ul Masa Eidatul Afghania; Jamiat Ayat-ur-Rhas al Islamiac; Jamiat Ihya ul
Turath al Islamia; Ahya ul Turas
所在地：Cheprahar Hadda, Mia Omar Sabaqah School, Jalabad, Afghanistan
リスト掲載日：2002 年１月 11 日（2011 年 12 月 13 日、2021 年 11 月 15 日及び 2026
年８月 18 日に改訂）
その他の情報：国連安全保障理事会決議に基づく見直しは 2010 年６月８日、2021 年
11 月 15 日、2025 年 12 月 31 日に終了した。イスラムの遺産復興協会（283．に指定
した団体）と関係がある。アブ・バクル・アル・ジャジリ（285．に指定した個人）が財務
部門責任者を務める。同団体に対するインターポール（国際刑事警察機構）・国連安
全保障理事会特別手配書のウェブ・リンク：
https://www.interpol.int/en/How-we-work/Notices/View-UN-Notices-Entities",EXTRACTED,REVIEW_REQUIRED,false,mofa-names-v1
126adf153bd520671b9de87b006de3863ebbbb907b1b3625168cdef117f4a794:UN:283,current_un,283,UN,,entity,true,83,126adf153bd520671b9de87b006de3863ebbbb907b1b3625168cdef117f4a794,https://www.mofa.go.jp/mofaj/files/000015952.pdf,https://www.mofa.go.jp/mofaj/files/000015952.pdf#page=83,data/raw/mofa/126adf153bd520671b9de87b006de3863ebbbb907b1b3625168cdef117f4a794.pdf.gz,"２８３．イスラムの遺産復興協会(別称：(a)アフリカ大陸におけるイスラム社会遺産復
興(b)ジャミア・イヒャ・ウル・トゥラス(c)ＲＩＨＳ(d)ジャミアット・イヒア・アル・トゥラス・ア
ル・イスラミア(e)アル・フゥルカン財団福祉信託 (f)アル・フゥルカン福祉財団)
REVIVAL OF ISLAMIC HERITAGE SOCIETY
(original script: ةیعمج ءایحا ثارتلا يملاسلاا)
(a.k.a.: (a)Revival of Islamic Society Heritage on the African Continent (b)Jamia Ihya
ul Turath (c)RIHS (d)Jamiat Ihia Al-Turath Al-Islamiya (e)Al-Furqan Foundation
Welfare Trust (f)Al-Furqan Welfare Foundation)
旧称：不明
所在地：(a)パキスタン (b)アフガニスタン
国連制裁委員会による指定日：２００２年１月１１日（２００６年７月２５日、２００９年３月
５日、２０１１年１２月１３日、２０１５年６月１５日及び２０２０年１１月２４日に改訂）
その他の情報：パキスタンとアフガニスタンの事務所だけが指定された。ブブクール・
ブールギチ（２８５．に指定した個人）及びアフガン支援委員会（ＡＳＣ）（２８２．に指定
した団体）と関係がある。国連安全保障理事会決議第１８２２号（２００８年）に基づく見
直しは２０１０年６月８日に終了した。国連安全保障理事会第決議２３６８号（２０１７
年）に基づく見直しは２０２０年１１月２４日に終了した。同団体に対するインターポー
ル（国際刑事警察機構）・国連安全保障理事会特別手配書のウェブ・リンク：
https://www.interpol.int/en/How-we-work/Notices/View-UN-Notices-Entities",REVIEW_REQUIRED,REVIEW_REQUIRED,false,mofa-names-v1
126adf153bd520671b9de87b006de3863ebbbb907b1b3625168cdef117f4a794:UN:284,current_un,284,UN,QDi.057,person,true,83;84,126adf153bd520671b9de87b006de3863ebbbb907b1b3625168cdef117f4a794,https://www.mofa.go.jp/mofaj/files/000015952.pdf,https://www.mofa.go.jp/mofaj/files/000015952.pdf#page=83,data/raw/mofa/126adf153bd520671b9de87b006de3863ebbbb907b1b3625168cdef117f4a794.pdf.gz,"２８４．イブラヒム・アリ・アブ・バクル・タントゥーシ
IBRAHIM ALI ABU BAKR TANTOUSH
(original script: شوتنت ركب وبأ يلع میھاربا)
国連参照番号：QDi.057
生年月日：1966/2/2
出生地：al Aziziyya, Libya
別名：アブド・アルムフシン; イブラヒム・アリ・ムハンマド・アブ・バクル; アブドゥル・ラ
フマン; アブ・アナス; イブラヒム・アブバケル・タントゥーシェ; イブラヒム・アブバケル・
タントゥーシ; アブド・アルムフシ; アブド・アルラフマン; アブデル・イラー・サブリ（南ア
フリカ旅券434021161と関連を有する同国偽造ID番号6910275240086と関係のある偽
名。いずれの書類も没収済み。）Abd al-Muhsin; Ibrahim Ali Muhammad Abu Bakr ;
Abdul Rahman; Abu Anas ; Ibrahim Abubaker Tantouche; Ibrahim Abubaker
Tantoush; ’Abd al-Muhsi ; ’Abd al-Rahman; Abdel Ilah Sabri (false identity related
to fraudulent South African identification number 6910275240086 linked to South
African passport number 434021161, both documents have been confiscated)
確定に十分でない別名：アルリビ Al-Libi
国籍：リビア Libya
旅券番号：リビア旅券203037（リビア、トリポリにて発行）；（リビア旅券347834、Ibrahim
Ali Tantoushの名で発行、２０１４年２月２１日失効）
住所：アフガニスタン Afghanistan （２０１４年６月時点）
国連制裁委員会による指定日：２００２年１月１１日（２００６年７月３１日、２００６年１０
月４日、２０１１年５月１６日、２０１５年７月１０日、２０２０年１１月２４日及び２０２５年８
月２２日に改訂）
その他の情報：アフガン支援委員会（Afghan Support Committee (ASC)）（２８２．に指
定した団体）、イスラムの遺産復興協会（Revival of Islamic Heritage Society (RIHS)）
（２８３．に指定した団体）及びリビア・イスラム闘争グループ(Libyan Islamic Fighting
Group(LIFG))（１７４．に指定した団体）と関係を有する。写真及び指紋はインターポー
ル（国際刑事警察機構）･国連安全保障理事会特別手配書に含まれているものを利
用可能。国連安全保障理事会決議第１８２２号（２００８年）に基づく見直しは２０１０年
６月８日に終了した。国連安全保障理事会決議第２３６８号（２０１７年）に基づく見直し
は２０２０年１１月２４日に終了した。同人に対するインターポール（国際刑事警察機
構）・国連安全保障理事会特別手配書のウェブ・リンク：
https://www.interpol.int/en/How-we-work/Notices/View-UN-Notices-Individuals",REVIEW_REQUIRED,REVIEW_REQUIRED,false,mofa-names-v1
126adf153bd520671b9de87b006de3863ebbbb907b1b3625168cdef117f4a794:UN:285,current_un,285,UN,,person,true,84;85,126adf153bd520671b9de87b006de3863ebbbb907b1b3625168cdef117f4a794,https://www.mofa.go.jp/mofaj/files/000015952.pdf,https://www.mofa.go.jp/mofaj/files/000015952.pdf#page=84,data/raw/mofa/126adf153bd520671b9de87b006de3863ebbbb907b1b3625168cdef117f4a794.pdf.gz,"２８５．ブブクール・ブールギチ（別名：(a)ブバクール・ブールギツ(b)アブ・バクル・ア
ル・ジャジリ（アラビア語による以前のリスト記載ぶり【アラビア語】）(c)アブー・バクル・
アル・ジャザイリー(d)アブー・ヤーシル・エル・ジャザイリー(e)ヤシル・アル・ジャザリ(f)
アブー・ヤーシル・アル・ジャジリ）
BOUBEKEUR BOULGHITI
(a.k.a.: (a)Boubakeur Boulghit(b)Abu Bakr al-Jaziri(Previously listed as. In Arabic: ركبوبأ
يرئازجلا )
(c)Abou Bakr Al Djazairi(d)Abou Yasser El Djazairi(e)Yasir Al-Jazari (f)Abou Yasser
Al-Jaziri)
称号：不明
役職：不明
生年月日：１９７０年２月１３日
出生地：Rouiba, Algiers, Algeria
国籍：(a)アルジェリア (b)パレスチナ
旅券番号：不明
ＩＤ番号：不明
住所：アルジェリア
国連制裁委員会による指定日：２００２年１月１１日（２００７年７月１８日、２００８年２月
１日、２０１１年５月１６日、２０１７年６月２０日、２０１９年５月１日、２０２３年２月２日及
び３月１５日に改訂）
その他の情報：アフガン支援委員会（Afghan Support Committee (ASC)）（２８２．に指
定した団体）の財務部門責任者。アル・カーイダ（１６６．に指定した団体）の調整・連
絡専門家。２０１０年４月及び２０２２年５月時点でアルジェリアにいたと考えられてい
る。Mohamed AribiとFatma Aribiの息子。国連安全保障理事会決議第１８２２号（２００
８年）に基づく見直しは２０１０年６月２１日に終了した。国連安全保障理事会決議第２
２５３号（２０１５年）に基づく見直しは２０１９年２月２１日に終了した。国連安全保障理
事会決議第２６１０号（２０２１年）に基づく見直しは２０２２年１１月８日に終了した。同
人に対するインターポール（国際刑事警察機構）・国連安全保障理事会特別手配書
の ウ ェ ブ ・ リ ン ク ： https://www.interpol.int/en/How-we-work/Notices/View-UN-
Notices-Individuals",REVIEW_REQUIRED,REVIEW_REQUIRED,false,mofa-names-v1
126adf153bd520671b9de87b006de3863ebbbb907b1b3625168cdef117f4a794:UN:286,current_un,286,UN,,unknown,false,85,126adf153bd520671b9de87b006de3863ebbbb907b1b3625168cdef117f4a794,https://www.mofa.go.jp/mofaj/files/000015952.pdf,https://www.mofa.go.jp/mofaj/files/000015952.pdf#page=85,data/raw/mofa/126adf153bd520671b9de87b006de3863ebbbb907b1b3625168cdef117f4a794.pdf.gz,２８６． ※２０２２年１月２１日解除,HISTORICAL,REVIEW_REQUIRED,false,mofa-names-v1
126adf153bd520671b9de87b006de3863ebbbb907b1b3625168cdef117f4a794:UN:287,current_un,287,UN,,unknown,false,85,126adf153bd520671b9de87b006de3863ebbbb907b1b3625168cdef117f4a794,https://www.mofa.go.jp/mofaj/files/000015952.pdf,https://www.mofa.go.jp/mofaj/files/000015952.pdf#page=85,data/raw/mofa/126adf153bd520671b9de87b006de3863ebbbb907b1b3625168cdef117f4a794.pdf.gz,２８７． ※２０２２年１月２１日解除,HISTORICAL,REVIEW_REQUIRED,false,mofa-names-v1
126adf153bd520671b9de87b006de3863ebbbb907b1b3625168cdef117f4a794:UN:288,current_un,288,UN,,unknown,false,85,126adf153bd520671b9de87b006de3863ebbbb907b1b3625168cdef117f4a794,https://www.mofa.go.jp/mofaj/files/000015952.pdf,https://www.mofa.go.jp/mofaj/files/000015952.pdf#page=85,data/raw/mofa/126adf153bd520671b9de87b006de3863ebbbb907b1b3625168cdef117f4a794.pdf.gz,（重複）２８８．削除（上記１８６．と同一団体）,HISTORICAL,REVIEW_REQUIRED,false,mofa-names-v1
126adf153bd520671b9de87b006de3863ebbbb907b1b3625168cdef117f4a794:UN:289,current_un,289,UN,,unknown,false,85,126adf153bd520671b9de87b006de3863ebbbb907b1b3625168cdef117f4a794,https://www.mofa.go.jp/mofaj/files/000015952.pdf,https://www.mofa.go.jp/mofaj/files/000015952.pdf#page=85,data/raw/mofa/126adf153bd520671b9de87b006de3863ebbbb907b1b3625168cdef117f4a794.pdf.gz,２８９． ※２００８年３月２６日解除,HISTORICAL,REVIEW_REQUIRED,false,mofa-names-v1
126adf153bd520671b9de87b006de3863ebbbb907b1b3625168cdef117f4a794:UN:290,current_un,290,UN,QDi.065,person,true,85;86,126adf153bd520671b9de87b006de3863ebbbb907b1b3625168cdef117f4a794,https://www.mofa.go.jp/mofaj/files/000015952.pdf,https://www.mofa.go.jp/mofaj/files/000015952.pdf#page=85,data/raw/mofa/126adf153bd520671b9de87b006de3863ebbbb907b1b3625168cdef117f4a794.pdf.gz,"（重複）２９０．アブド・エル・カーデル・マフムード・モハメド・エッサイード
ABD EL KADER MAHMOUD MOHAMED EL SAYED
(original script: دیسلا دمحم دومحم رداقلا دبع)
国連参照番号：QDi.065
生年月日：1962/12/26
出生地：エジプト
Egypt
別名： エッサイード、カーデル; アブデル・カーデル・マフムード・モハメド・エッサイー
ド
Es Sayed, Kader; Abdel Khader Mahmoud Mohamed el Sayed
国籍：エジプト
Egypt
リスト掲載日：２００２年４月２４日（２００４年１１月２６日、２００７年６月７日、２０１１年５
月１６日、２０１９年５月１日、２０２１年１１月１５日、２０２５年１０月６日、１０月２１日改
訂）
その他の情報：Italian Fiscal Code（イタリア納税者番号）：ＳＳＹＢＬＫ６２Ｔ２６Ｚ３３６Ｌ。
２００４年２月２日にイタリアで懲役８年の判決を受けた。イタリア当局による裁判から
逃亡中と考えられている。２０１２年に殺害されたと報告されている。国連安全保障理
事会決議第１８２２号（２００８年）に基づく見直しは２０１０年４月２２日に終了した。国
連安全保障理事会決議第２２５３号（２０１５年）に基づく見直しは２０１９年２月２１日
に終了した。国連安全保障理事会決議第２３６８号（２０１７年）に基づく見直しは２０２
１年１１月１５日に終了した。同人に対するインターポール（国際刑事警察機構）・国連
安全保障理事会特別手配書のウェブ・リンク：https://www.interpol.int/en/How-we-
work/Notices/View-UN-Notices-Individuals",REVIEW_REQUIRED,REVIEW_REQUIRED,false,mofa-names-v1
126adf153bd520671b9de87b006de3863ebbbb907b1b3625168cdef117f4a794:UN:291,current_un,291,UN,,person,true,86,126adf153bd520671b9de87b006de3863ebbbb907b1b3625168cdef117f4a794,https://www.mofa.go.jp/mofaj/files/000015952.pdf,https://www.mofa.go.jp/mofaj/files/000015952.pdf#page=86,data/raw/mofa/126adf153bd520671b9de87b006de3863ebbbb907b1b3625168cdef117f4a794.pdf.gz,"（重複）２９１． ハーリド・アブド・アル・ラフマン・ハムド・アル・ファワズ（別名：⒜ハーレ
ド・アル・フォワズ⒝ハーレド・Ａ・アル・フォワズ⒞ハーリド・アル・ファッワーズ⒟ハー
リク・アル・ファッワーズ⒠ハーレド・アル・ファッワーズ⒡ハーレド・アル・ファッワーズ
⒢ハーリド・アブドゥルラフマン・Ｈ・アル・ファワズ⒣アブ・ハーリル）
KHALID ABD AL-RAHMAN HAMD AL-FAWAZ
(original script: زاوفلا دمح نمحرلا دبع دلاخ)
(a.k.a. : ⒜Khaled Al-Fauwaz ⒝Khaled A. Al-Fauwaz ⒞Khalid Al-Fawwaz ⒟Khalik
Al Fawwaz ⒠Khaled Al-Fawwaz ⒡Khaled Al Fawwaz ⒢Khalid Abdulrahman H. Al
Fawaz ⒣Abu-Khalil)
称号：不明
役職：不明
生年月日：1962年８月24日
出生地：クウェート
国籍：サウジアラビア
旅券番号：456682（1990年11月６日発行、1995年９月13日失効）
ＩＤ番号：不明
住所：米国
国連制裁委員会による指定日：2002年４月24日（2004年11月26日、2007年４月23日、
2010年10月21日、2014年８月４日、2019年12月６日、2023年12月14日及び2024年２
月７日に改訂）
その他の情報：2012年10月５日に英国から米国に引き渡された。国連安全保障理事
会決議第1822号（2008年）に基づく見直しは2010年４月22日に終了した。国連安全保
障理事会決議第2368号（2017年）に基づく見直しは2019年12月４日に終了した。国連
安全保障理事会決議第２６１０号（２０２１年）に基づく見直しは２０２３年１０月３０日に
終了した。同人に対するインターポール（国際刑事警察機構）・国連安全保障理事会
特 別 手 配 書 の ウ ェ ブ ・ リ ン ク ： https://www.interpol.int/en/How-we-
work/Notices/View-UN-Notices-Individuals",REVIEW_REQUIRED,REVIEW_REQUIRED,false,mofa-names-v1
126adf153bd520671b9de87b006de3863ebbbb907b1b3625168cdef117f4a794:UN:292,current_un,292,UN,,person,true,86;87,126adf153bd520671b9de87b006de3863ebbbb907b1b3625168cdef117f4a794,https://www.mofa.go.jp/mofaj/files/000015952.pdf,https://www.mofa.go.jp/mofaj/files/000015952.pdf#page=86,data/raw/mofa/126adf153bd520671b9de87b006de3863ebbbb907b1b3625168cdef117f4a794.pdf.gz,"（重複）２９２．モスタファ・カーメル・モスタファ・イブラヒム（別名：⒜ムスタファ・カーメ
ル・ムスタファ⒝アダム・ラムジ・イアマン⒞カーメル・ムスタファ・ムスタファ⒟ムスタフ
ァ・カーメル・ムスタファ⒠アブー・ハムザ⒡モスタファ・カーメル・モスタファ⒢アブー・
ハムザ・アル・マスリー⒣アブー・ハムザ ⒤アブー・ハムザ・アル・ミスリー）
MOSTAFA KAMEL MOSTAFA IBRAHIM
(original script: میهاربا ىفطصم لامك ىفطصم)
(a.k.a. : ⒜Mustafa Kamel Mustafa ⒝Adam Ramsey Eaman ⒞Kamel Mustapha
Mustapha ⒟Mustapha Kamel Mustapha ⒠Abu Hamza ⒡Mostafa Kamel Mostafa ⒢
Abu Hamza Al-Masri ⒣Abu Hamza ⒤Abu Hamza Al-Misri)
称号：不明
役職：不明
生年月日：1958 年４月 15 日
出生地：Alexandria, Egypt
国籍：英国
旅券番号：不明
ＩＤ番号：不明
住所：米国
国連制裁委員会による指定日：2002 年４月 24 日（2004 年 11 月 26 日、2006 年７月
25 日、2008 年３月 14 日、2010 年 10 月 21 日、2014 年８月４日、2019 年 12 月６日及
び 2024 年２月７日に改訂）
その他の情報：2012 年 10 月５日に英国から米国に引き渡された。2014 年５月に米国
裁判所において、テロの罪で有罪判決を受けた。国連安全保障理事会決議第 1822
号（2008 年）に基づく見直しは 2010 年４月 22 日に終了した。国連安全保障理事会決
議第 2368 号（2017 年）に基づく見直しは 2019 年 12 月４日に終了した。国連安全保
障理事会決議第２６１０号（２０２１年）に基づく見直しは２０２３年１０月３０日に終了し
た。同人に対するインターポール（国際刑事警察機構）・国連安全保障理事会特別手
配書のウェブ・リンク：https://www.interpol.int/en/How-we-work/Notices/View-UN-
Notices-Individuals",REVIEW_REQUIRED,REVIEW_REQUIRED,false,mofa-names-v1
126adf153bd520671b9de87b006de3863ebbbb907b1b3625168cdef117f4a794:UN:293,current_un,293,UN,,person,true,87;88,126adf153bd520671b9de87b006de3863ebbbb907b1b3625168cdef117f4a794,https://www.mofa.go.jp/mofaj/files/000015952.pdf,https://www.mofa.go.jp/mofaj/files/000015952.pdf#page=87,data/raw/mofa/126adf153bd520671b9de87b006de3863ebbbb907b1b3625168cdef117f4a794.pdf.gz,"（重複）２９３．モハメド・ラクハル（別名：⒜ラセド・ベン・ヘニ（1969年２月５日リビア国ト
リポリにて出生）⒝アル・アサド・ベン・ハニ（1969年２月５日リビア国トリポリにて出生）
⒞モハメド・ベン・ベルガーシム・アワーニー⒟モハメド・アワーニー（1970年２月５日チ
ュニジア国チュニスにて出生）（以前掲載の氏名）⒠モハメド・アブ・アブダ⒡アブ・オベ
イダ）
MOHAMED LAKHAL
(original script: لحكل دمحم)
(a.k.a. : ⒜Lased Ben Heni, born 5 Feb. 1969 in Tripoli, Libyan Arab Jamahiriya ⒝Al-
As'ad Ben Hani, born 5 Feb. 1969 in Tripoli, Libyan Arab Jamahiriya ⒞Mohamed Ben
Belgacem Awani ⒟Mohamed Aouani, born 5 Feb. 1970 in Tunis, Tunisia(formerly
listed as) ⒠Mohamed Abu Abda ⒡Abu Obeida)
称号：不明
役職：不明
生年月日：1970年２月５日
出生地：Tunis, Tunisia
国籍：チュニジア
旅券番号：不明
ＩＤ番号：チュニジア国民ＩＤ番号 Ｗ374031（2011年４月11日発行）
住所：不明
国連制裁委員会による指定日：2002年４月24日（2004年11月26日、2005年９月９日、
2006年７月31日、2010年12月23日、2014年11月24日、2019年12月６日及び2024年２
月７日に改訂）
その他の情報：化学教授。2006年８月27日にイタリアからチュニジアに追放された。
2014年に名字をAouaniからLakhalに法的に変更した。国連安全保障理事会決議第
1822号（2008年）に基づく見直しは2010年４月22日に終了した。国連安全保障理事会
決議第2368号（2017年）に基づく見直しは2019年12月４日に終了した。国連安全保障
理事会決議第２６１０号（２０２１年）に基づく見直しは２０２３年１０月３０日に終了した。
同人に対するインターポール（国際刑事警察機構）・国連安全保障理事会特別手配
書のウェブ・リンク：https://www.interpol.int/en/How-we-work/Notices/View-UN-
Notices-Individuals",REVIEW_REQUIRED,REVIEW_REQUIRED,false,mofa-names-v1
126adf153bd520671b9de87b006de3863ebbbb907b1b3625168cdef117f4a794:UN:294,current_un,294,UN,,person,true,88;89,126adf153bd520671b9de87b006de3863ebbbb907b1b3625168cdef117f4a794,https://www.mofa.go.jp/mofaj/files/000015952.pdf,https://www.mofa.go.jp/mofaj/files/000015952.pdf#page=88,data/raw/mofa/126adf153bd520671b9de87b006de3863ebbbb907b1b3625168cdef117f4a794.pdf.gz,"（重複）２９４．モハメド・ベン・ベルガーシム・ベン・アブダッラー・アル・アワーディー（別
名：⒜モハメド・ベン・ベルカーシム・アワーディー⒝ファタヒ・ハンナチ）
MOHAMED BEN BELGACEM BEN ABDALLAH AL-AOUADI
(original script: يداوعلا الله دبع نب مساقلب نب دمحم)
(a.k.a.: (a)Mohamed Ben Belkacem Aouadi (b)Fathi Hannachi)
称号：不明
役職：不明
生年月日：1974年12月11日
出生地：Tunis, Tunisia
国籍：チュニジア
旅券番号：チュニジア旅券 Ｌ191609（1996年２月28日発行、2001年２月27日失効）
ＩＤ番号：⒜04643632（1999年６月18日発行）⒝Italian Fiscal Code（イタリア納税者番
号）：DAOMMD74T11Z352Z
住所：50th Street, Number 23, Zehrouni, Tunis, Tunisia
国連制裁委員会による指定日：2002年４月24日（2003年４月10日、2004年11月26日、
2005年９月９日、12月20日、2006年７月31日、2007年６月７日、2010年12月23日、
2014年11月24日、2016年２月23日、2019年12月６日及び2024年２月７日に改訂）
その他の情報：チュニジアのアンサール・アル・シャリア（AAS-T）（675．に指定した団
体）のセキュリティ部門長。母の名前はウリダ・ビント・モハメド（Ourida Bint Mohamed）。
2004年12月１日にイタリアからチュニジアに追放された。2013年８月にチュニジアで逮
捕された。2013年９月13日にBurj al-ʻAmiriの民間刑務所に投獄された。国連安全保
障理事会決議第1822号（2008年）に基づく見直しは2010年４月22日に終了した。国連
安全保障理事会決議第2368号（2017年）に基づく見直しは2019年12月４日に終了し
た。国連安全保障理事会決議第２６１０号（２０２１年）に基づく見直しは２０２３年１０月
３０日に終了した。同人に対するインターポール（国際刑事警察機構）・国連安全保障
理 事 会 特 別 手 配 書 の ウ ェ ブ ・ リ ン ク ： https://www.interpol.int/en/How-we-
work/Notices/View-UN-Notices-Individuals",REVIEW_REQUIRED,REVIEW_REQUIRED,false,mofa-names-v1
126adf153bd520671b9de87b006de3863ebbbb907b1b3625168cdef117f4a794:UN:295,current_un,295,UN,,unknown,false,89,126adf153bd520671b9de87b006de3863ebbbb907b1b3625168cdef117f4a794,https://www.mofa.go.jp/mofaj/files/000015952.pdf,https://www.mofa.go.jp/mofaj/files/000015952.pdf#page=89,data/raw/mofa/126adf153bd520671b9de87b006de3863ebbbb907b1b3625168cdef117f4a794.pdf.gz,（重複）２９５． ※２０２０年２月２１日解除,HISTORICAL,REVIEW_REQUIRED,false,mofa-names-v1
126adf153bd520671b9de87b006de3863ebbbb907b1b3625168cdef117f4a794:UN:296,current_un,296,UN,,unknown,false,89,126adf153bd520671b9de87b006de3863ebbbb907b1b3625168cdef117f4a794,https://www.mofa.go.jp/mofaj/files/000015952.pdf,https://www.mofa.go.jp/mofaj/files/000015952.pdf#page=89,data/raw/mofa/126adf153bd520671b9de87b006de3863ebbbb907b1b3625168cdef117f4a794.pdf.gz,２９６． ※２０１２年３月２７日解除,HISTORICAL,REVIEW_REQUIRED,false,mofa-names-v1
126adf153bd520671b9de87b006de3863ebbbb907b1b3625168cdef117f4a794:UN:297,current_un,297,UN,,person,true,89,126adf153bd520671b9de87b006de3863ebbbb907b1b3625168cdef117f4a794,https://www.mofa.go.jp/mofaj/files/000015952.pdf,https://www.mofa.go.jp/mofaj/files/000015952.pdf#page=89,data/raw/mofa/126adf153bd520671b9de87b006de3863ebbbb907b1b3625168cdef117f4a794.pdf.gz,"（重複）２９７．サーミー・ベン・ハミース・ベン・サーレフ・エッセイド（別名：⒜オマル・エ
ル・ムハージル⒝サベール）
SAMI BEN KHAMIS BEN SALEH ELSSEID
(original script: دیصلا حلاص نب سیمخ نب يماس)
(a.k.a.: (a)Omar El Mouhajer (b)Saber)
称号：不明
役職：不明
生年月日：1968年２月10日
出生地：Menzel Jemil, Bizerte, Tunisia
国籍：チュニジア
旅券番号：チュニジア旅券 Ｋ929139（1995年２月14日発行、2000年２月13日失効）
ＩＤ番号：⒜00319547（1994年12月８日発行）⒝Italian Fiscal Code（イタリア納税者番
号）：ＳＳＤＳＢＮ68Ｂ10Ｚ352Ｆ
住所：Ibn Al-Haythman Street, Number 6, Manubah, Tunis, Tunisia
国連制裁委員会による指定日：2002年４月24日（2003年４月10日、2004年11月26日、
2005年９月９日、12月20日、2007年６月７日、12月21日、2009年８月10日、2010年12
月23日、2014年11月24日、2019年12月６日及び2024年２月７日に改訂）
その他の情報：母の名前はベヤ・アル・サイダニ（Beya Al-Saidani）。2008年６月２日
にイタリアからチュニジアに追放された。2014年８月にチュニジアで投獄された。国連
安全保障理事会決議第1822号（2008年）に基づく見直しは2010年４月22日に終了し
た。国連安全保障理事会決議第2368号（2017年）に基づく見直しは2019年12月４日
に終了した。国連安全保障理事会決議第２６１０号（２０２１年）に基づく見直しは２０２
３年１０月３０日に終了した。同人に対するインターポール（国際刑事警察機構）・国連
安全保障理事会特別手配書のウェブ・リンク：https://www.interpol.int/en/How-we-
work/Notices/View-UN-Notices-Individuals",REVIEW_REQUIRED,REVIEW_REQUIRED,false,mofa-names-v1
126adf153bd520671b9de87b006de3863ebbbb907b1b3625168cdef117f4a794:UN:298,current_un,298,UN,,person,true,89;90,126adf153bd520671b9de87b006de3863ebbbb907b1b3625168cdef117f4a794,https://www.mofa.go.jp/mofaj/files/000015952.pdf,https://www.mofa.go.jp/mofaj/files/000015952.pdf#page=89,data/raw/mofa/126adf153bd520671b9de87b006de3863ebbbb907b1b3625168cdef117f4a794.pdf.gz,"（重複）２９８．アーディル・ベン・アル・アズハル・ベン・ユーセフ・ハムディ（別名：⒜ア
ーディル・ベン・アル・アズハル・ベン・ユーセフ・ベン・ソルタン（1970年７月14日チュニ
ジア国チュニスにて出生）（以前掲載の氏名）⒝ザカリーヤ）
ADEL BEN AL-AZHAR BEN YOUSSEF HAMDI
(original script: يدمح فسوي نب رهزلأا نب لداع)
(a.k.a.: (a)Adel ben al-Azhar ben Youssef ben Soltane, born 14 Jul. 1970 in Tunis,
Tunisia(formerly listed as) (b)Zakariya)
称号：不明
役職：不明
生年月日：1970年７月14日
出生地：Tunis, Tunisia
国籍：チュニジア
旅券番号：チュニジア旅券 Ｍ408665（2000年10月４日発行、2005年10月３日失効）
ＩＤ番号：⒜チュニジア国民ＩＤ番号 Ｗ334061（2011年３月９日発行）⒝Italian Fiscal
Code（イタリア納税者番号）：ＢＮＳＤＬＡ70Ｌ14Ｚ352Ｂ
住所：チュニジア
国連制裁委員会による指定日：2002年９月３日（2005年12月20日、2007年６月７日、
2010年12月23日、2014年11月24日、2019年12月６日及び2024年２月７日に改訂）
その他の情報：2004年２月28日にイタリアからチュニジアに追放された。2010年１月
時点で、チュニジアにおいて外国テロ組織所属の罪で禁固12年の刑に服役中。2013
年にチュニジアで逮捕された。2014年に名字をBen SoltaneからHamdiに法的に変更
した。国連安全保障理事会決議第1822号（2008年）に基づく見直しは2010年６月21日
に終了した。国連安全保障理事会決議第2368号（2017年）に基づく見直しは2019年
12月４日に終了した。国連安全保障理事会決議第２６１０号（２０２１年）に基づく見直
しは２０２３年１０月３０日に終了した。同人に対するインターポール（国際刑事警察機
構 ） ・ 国 連 安 全 保 障 理 事 会 特 別 手 配 書 の ウ ェ ブ ・ リ ン ク ：
https://www.interpol.int/en/How-we-work/Notices/View-UN-Notices-Individuals",REVIEW_REQUIRED,REVIEW_REQUIRED,false,mofa-names-v1
126adf153bd520671b9de87b006de3863ebbbb907b1b3625168cdef117f4a794:UN:299,current_un,299,UN,,unknown,false,90,126adf153bd520671b9de87b006de3863ebbbb907b1b3625168cdef117f4a794,https://www.mofa.go.jp/mofaj/files/000015952.pdf,https://www.mofa.go.jp/mofaj/files/000015952.pdf#page=90,data/raw/mofa/126adf153bd520671b9de87b006de3863ebbbb907b1b3625168cdef117f4a794.pdf.gz,２９９．※２０１４年１０月２９日解除,HISTORICAL,REVIEW_REQUIRED,false,mofa-names-v1
126adf153bd520671b9de87b006de3863ebbbb907b1b3625168cdef117f4a794:UN:300,current_un,300,UN,,unknown,false,90,126adf153bd520671b9de87b006de3863ebbbb907b1b3625168cdef117f4a794,https://www.mofa.go.jp/mofaj/files/000015952.pdf,https://www.mofa.go.jp/mofaj/files/000015952.pdf#page=90,data/raw/mofa/126adf153bd520671b9de87b006de3863ebbbb907b1b3625168cdef117f4a794.pdf.gz,（重複）３００．※２０２４年８月２９日解除,HISTORICAL,REVIEW_REQUIRED,false,mofa-names-v1
126adf153bd520671b9de87b006de3863ebbbb907b1b3625168cdef117f4a794:UN:301,current_un,301,UN,,unknown,false,90,126adf153bd520671b9de87b006de3863ebbbb907b1b3625168cdef117f4a794,https://www.mofa.go.jp/mofaj/files/000015952.pdf,https://www.mofa.go.jp/mofaj/files/000015952.pdf#page=90,data/raw/mofa/126adf153bd520671b9de87b006de3863ebbbb907b1b3625168cdef117f4a794.pdf.gz,（重複）３０１． ※２０１５年４月３０日解除,HISTORICAL,REVIEW_REQUIRED,false,mofa-names-v1
126adf153bd520671b9de87b006de3863ebbbb907b1b3625168cdef117f4a794:UN:302,current_un,302,UN,,person,true,90;91,126adf153bd520671b9de87b006de3863ebbbb907b1b3625168cdef117f4a794,https://www.mofa.go.jp/mofaj/files/000015952.pdf,https://www.mofa.go.jp/mofaj/files/000015952.pdf#page=90,data/raw/mofa/126adf153bd520671b9de87b006de3863ebbbb907b1b3625168cdef117f4a794.pdf.gz,"（重複）３０２. メフディ・ベン・モハメド・ベン・モハメド・カンムーン（別名：サルマン）
MEHDI BEN MOHAMED BEN MOHAMED KAMMOUN
(original script: نومك دمحم نب دمحم نب يدهملا)
(a.k.a.: Salmane)
称号：不明
役職：不明
生年月日：1968年４月３日
出生地：Tunis, Tunisia
国籍：チュニジア
旅券番号：チュニジア旅券 Ｍ307707（2000年４月12日発行、2005年４月11日失効）
ＩＤ番号：不明
住所：Via Masina Number 7, Milan, Italy
国連制裁委員会による指定日：2002年９月３日（2005年12月20日、2007年６月７日、
2010年12月23日、2019年12月６日及び2024年２月７日に改訂）
その他の情報：Italian Fiscal Code（イタリア納税者番号）：ＫＭＭＭＨＤ68Ｄ03Ｚ352Ｎ。
2005年７月22日にイタリアからチュニジアに追放された。2010年１月時点で、チュニジ
アにおいて外国テロ組織所属の罪で禁固８年の刑に服役中。国連安全保障理事会
決議第1822号（2008年）に基づく見直しは2010年６月21日に終了した。国連安全保障
理事会決議第2368号（2017年）に基づく見直しは2019年12月４日に終了した。国連安
全保障理事会決議第２６１０号（２０２１年）に基づく見直しは２０２３年１０月３０日に終
了した。同人に対するインターポール（国際刑事警察機構）・国連安全保障理事会特
別 手 配 書 の ウ ェ ブ ・ リ ン ク ： https://www.interpol.int/en/How-we-
work/Notices/View-UN-Notices-Individuals",REVIEW_REQUIRED,REVIEW_REQUIRED,false,mofa-names-v1
126adf153bd520671b9de87b006de3863ebbbb907b1b3625168cdef117f4a794:UN:303,current_un,303,UN,,unknown,false,91,126adf153bd520671b9de87b006de3863ebbbb907b1b3625168cdef117f4a794,https://www.mofa.go.jp/mofaj/files/000015952.pdf,https://www.mofa.go.jp/mofaj/files/000015952.pdf#page=91,data/raw/mofa/126adf153bd520671b9de87b006de3863ebbbb907b1b3625168cdef117f4a794.pdf.gz,（重複）３０３． ※２０１５年４月３０日解除,HISTORICAL,REVIEW_REQUIRED,false,mofa-names-v1
126adf153bd520671b9de87b006de3863ebbbb907b1b3625168cdef117f4a794:UN:304,current_un,304,UN,,person,true,91,126adf153bd520671b9de87b006de3863ebbbb907b1b3625168cdef117f4a794,https://www.mofa.go.jp/mofaj/files/000015952.pdf,https://www.mofa.go.jp/mofaj/files/000015952.pdf#page=91,data/raw/mofa/126adf153bd520671b9de87b006de3863ebbbb907b1b3625168cdef117f4a794.pdf.gz,"（重複）３０４. ターレク・ベン・ハビーブ・ベン・アットウミ・アル・マアルーフィ（別名：⒜ア
ブ・イスマイル⒝アブ・イスマイル・エル・ジェンドウビ⒞アブ・イスマイル・アル・ジョンド
ウビ）
TAREK BEN HABIB BEN AL-TOUMI AL-MAAROUFI
(original script: يفورعملا يموتلا نب بیبحلا نب قراط)
(a.k.a. : ⒜Abu Ismail ⒝Abou Ismail el Jendoubi ⒞Abou Ismail Al Djoundoubi)
称号：不明
役職：不明
生年月日：1965年11月23日
出生地：Ghardimaou, Tunisia
国籍：チュニジア
旅券番号：チュニジア旅券 Ｅ590976（1987年６月19日発行、1992年６月18日失効）
ＩＤ番号：不明
住所：Rue Leon Theodore Number 107/1, 1090 Jette, Brussels, Belgium
国連制裁委員会による指定日：2002年９月３日（2004年11月26日、2005年12月20日、
2006年７月31日、2007年７月３日、2009年８月10日、2010年１月25日、12月23日、
2019年12月６日及び2024年２月７日に改訂）
その他の情報：ベルギー国籍は2009年１月26日に剥奪された。2010年10月時点で、
ベルギーのNivellesにおいて拘留されている。国連安全保障理事会決議第1822号
（2008年）に基づく見直しは2010年６月８日に終了した。国連安全保障理事会決議第
2368号（2017年）に基づく見直しは2019年12月４日に終了した。国連安全保障理事会
決議第２６１０号（２０２１年）に基づく見直しは２０２３年１０月３０日に終了した。同人に
対するインターポール（国際刑事警察機構）・国連安全保障理事会特別手配書のウェ
ブ ・ リ ン ク ： https://www.interpol.int/en/How-we-work/Notices/View-UN-Notices-
Individuals",REVIEW_REQUIRED,REVIEW_REQUIRED,false,mofa-names-v1
126adf153bd520671b9de87b006de3863ebbbb907b1b3625168cdef117f4a794:UN:305,current_un,305,UN,,person,true,91;92,126adf153bd520671b9de87b006de3863ebbbb907b1b3625168cdef117f4a794,https://www.mofa.go.jp/mofaj/files/000015952.pdf,https://www.mofa.go.jp/mofaj/files/000015952.pdf#page=91,data/raw/mofa/126adf153bd520671b9de87b006de3863ebbbb907b1b3625168cdef117f4a794.pdf.gz,"（重複）３０５．アブデルハリーム・ハーフィズ・アブデルファッターフ・レマドナ（別名：(a)
アブデルハリーム・レマドナ(b)ジャロール）
ABDELHALIM HAFED ABDELFATTAH REMADNA
(original script:اندامر حاتفلادبع ظفاح میلحلادبع)
(a.k.a.:(a) Abdelhalim Remadna (b) Jalloul )
称号：不明
役職：不明
生年月日：１９６６年４月２日
出生地：Biskra, Algeria
国籍：アルジェリア
旅券番号：不明
ＩＤ番号：不明
住所：アルジェリア
国連制裁委員会による指定日：２００２年９月３日（２００６年４月１２日、２００８年４月７
日、２００９年６月３日、２０１０年１月２５日、１２月２３日、２０１９年５月１日及び２０２３
年３月１５日に改訂）
その他の情報：２００６年８月１２日にイタリアからアルジェリアに強制送還された。国
連安全保障理事会決議第１８２２号（２００８年）に基づく見直しは２００９年１２月８日
に終了した。国連安全保障理事会決議第２２５３号（２０１５年）に基づく見直しは２０１
９年２月２１日に終了した。国連安全保障理事会決議第２６１０号（２０２１年）に基づく
見直しは２０２２年１１月８日に終了した。同人に対するインターポール（国際刑事警
察 機 構 ） ・ 国 連 安 全 保 障 理 事 会 特 別 手 配 書 の ウ ェ ブ ・ リ ン ク ：
https://www.interpol.int/en/How-we-work/Notices/View-UN-Notices-Individuals",REVIEW_REQUIRED,REVIEW_REQUIRED,false,mofa-names-v1
126adf153bd520671b9de87b006de3863ebbbb907b1b3625168cdef117f4a794:UN:306,current_un,306,UN,,person,true,92;93,126adf153bd520671b9de87b006de3863ebbbb907b1b3625168cdef117f4a794,https://www.mofa.go.jp/mofaj/files/000015952.pdf,https://www.mofa.go.jp/mofaj/files/000015952.pdf#page=92,data/raw/mofa/126adf153bd520671b9de87b006de3863ebbbb907b1b3625168cdef117f4a794.pdf.gz,"（重複）３０６. イサーム・アリ・モハメド・アルーシュ（別名：マンスール・ザエール、1974
年３月21日イラク国バグダッドにて出生）
ISAM ALI MOHAMED ALOUCHE
(original script: شولع دمحم يلع ماصع)
(a.k.a. : Mansour Thaer, born 21 March 1974 in Baghdad, Iraq)
称号：不明
役職：不明
生年月日：⒜1972年⒝1974年３月21日
出生地：Baghdad, Iraq
国籍：ヨルダン
旅券番号：不明
ＩＤ番号：不明
住所：不明
国連制裁委員会による指定日：2002年９月３日（2006年８月18日、2009年１月30日、
2019年12月６日及び2024年２月７日に改訂）
その他の情報：2005年２月にドイツからヨルダンに追放された。国連安保理決議第
1822号（2008年）に基づく見直しは2010年６月21日に終了した。国連安全保障理事会
決議第2368号（2017年）に基づく見直しは2019年12月４日に終了した。国連安全保障
理事会決議第２６１０号（２０２１年）に基づく見直しは２０２３年１０月３０日に終了した。
同人に対するインターポール（国際刑事警察機構）・国連安全保障理事会特別手配
書のウェブ・リンク：https://www.interpol.int/en/How-we-work/Notices/View-UN-
Notices-Individuals",REVIEW_REQUIRED,REVIEW_REQUIRED,false,mofa-names-v1
126adf153bd520671b9de87b006de3863ebbbb907b1b3625168cdef117f4a794:UN:307,current_un,307,UN,,unknown,false,93,126adf153bd520671b9de87b006de3863ebbbb907b1b3625168cdef117f4a794,https://www.mofa.go.jp/mofaj/files/000015952.pdf,https://www.mofa.go.jp/mofaj/files/000015952.pdf#page=93,data/raw/mofa/126adf153bd520671b9de87b006de3863ebbbb907b1b3625168cdef117f4a794.pdf.gz,（重複）３０７． ※２０１５年４月３０日解除,HISTORICAL,REVIEW_REQUIRED,false,mofa-names-v1
126adf153bd520671b9de87b006de3863ebbbb907b1b3625168cdef117f4a794:UN:308,current_un,308,UN,,unknown,false,93,126adf153bd520671b9de87b006de3863ebbbb907b1b3625168cdef117f4a794,https://www.mofa.go.jp/mofaj/files/000015952.pdf,https://www.mofa.go.jp/mofaj/files/000015952.pdf#page=93,data/raw/mofa/126adf153bd520671b9de87b006de3863ebbbb907b1b3625168cdef117f4a794.pdf.gz,３０８． ※２０１３年５月２４日解除,HISTORICAL,REVIEW_REQUIRED,false,mofa-names-v1
126adf153bd520671b9de87b006de3863ebbbb907b1b3625168cdef117f4a794:UN:309,current_un,309,UN,,unknown,false,93,126adf153bd520671b9de87b006de3863ebbbb907b1b3625168cdef117f4a794,https://www.mofa.go.jp/mofaj/files/000015952.pdf,https://www.mofa.go.jp/mofaj/files/000015952.pdf#page=93,data/raw/mofa/126adf153bd520671b9de87b006de3863ebbbb907b1b3625168cdef117f4a794.pdf.gz,３０９． ※２００８年３月２６日解除,HISTORICAL,REVIEW_REQUIRED,false,mofa-names-v1
126adf153bd520671b9de87b006de3863ebbbb907b1b3625168cdef117f4a794:UN:310,current_un,310,UN,,unknown,false,93,126adf153bd520671b9de87b006de3863ebbbb907b1b3625168cdef117f4a794,https://www.mofa.go.jp/mofaj/files/000015952.pdf,https://www.mofa.go.jp/mofaj/files/000015952.pdf#page=93,data/raw/mofa/126adf153bd520671b9de87b006de3863ebbbb907b1b3625168cdef117f4a794.pdf.gz,３１０． ※２００８年３月２６日解除,HISTORICAL,REVIEW_REQUIRED,false,mofa-names-v1
126adf153bd520671b9de87b006de3863ebbbb907b1b3625168cdef117f4a794:UN:311,current_un,311,UN,,unknown,false,93,126adf153bd520671b9de87b006de3863ebbbb907b1b3625168cdef117f4a794,https://www.mofa.go.jp/mofaj/files/000015952.pdf,https://www.mofa.go.jp/mofaj/files/000015952.pdf#page=93,data/raw/mofa/126adf153bd520671b9de87b006de3863ebbbb907b1b3625168cdef117f4a794.pdf.gz,３１１． ※２００８年３月２６日解除,HISTORICAL,REVIEW_REQUIRED,false,mofa-names-v1
126adf153bd520671b9de87b006de3863ebbbb907b1b3625168cdef117f4a794:UN:312,current_un,312,UN,,unknown,false,93,126adf153bd520671b9de87b006de3863ebbbb907b1b3625168cdef117f4a794,https://www.mofa.go.jp/mofaj/files/000015952.pdf,https://www.mofa.go.jp/mofaj/files/000015952.pdf#page=93,data/raw/mofa/126adf153bd520671b9de87b006de3863ebbbb907b1b3625168cdef117f4a794.pdf.gz,３１２． ※２００８年３月２６日解除,HISTORICAL,REVIEW_REQUIRED,false,mofa-names-v1
126adf153bd520671b9de87b006de3863ebbbb907b1b3625168cdef117f4a794:UN:313,current_un,313,UN,,unknown,false,93,126adf153bd520671b9de87b006de3863ebbbb907b1b3625168cdef117f4a794,https://www.mofa.go.jp/mofaj/files/000015952.pdf,https://www.mofa.go.jp/mofaj/files/000015952.pdf#page=93,data/raw/mofa/126adf153bd520671b9de87b006de3863ebbbb907b1b3625168cdef117f4a794.pdf.gz,３１３． ※２００８年３月２６日解除,HISTORICAL,REVIEW_REQUIRED,false,mofa-names-v1
126adf153bd520671b9de87b006de3863ebbbb907b1b3625168cdef117f4a794:UN:314,current_un,314,UN,,unknown,false,93,126adf153bd520671b9de87b006de3863ebbbb907b1b3625168cdef117f4a794,https://www.mofa.go.jp/mofaj/files/000015952.pdf,https://www.mofa.go.jp/mofaj/files/000015952.pdf#page=93,data/raw/mofa/126adf153bd520671b9de87b006de3863ebbbb907b1b3625168cdef117f4a794.pdf.gz,３１４． ※２００８年３月２６日解除,HISTORICAL,REVIEW_REQUIRED,false,mofa-names-v1
126adf153bd520671b9de87b006de3863ebbbb907b1b3625168cdef117f4a794:UN:315,current_un,315,UN,,unknown,false,93,126adf153bd520671b9de87b006de3863ebbbb907b1b3625168cdef117f4a794,https://www.mofa.go.jp/mofaj/files/000015952.pdf,https://www.mofa.go.jp/mofaj/files/000015952.pdf#page=93,data/raw/mofa/126adf153bd520671b9de87b006de3863ebbbb907b1b3625168cdef117f4a794.pdf.gz,３１５． ※２０１１年５月１８日解除,HISTORICAL,REVIEW_REQUIRED,false,mofa-names-v1
126adf153bd520671b9de87b006de3863ebbbb907b1b3625168cdef117f4a794:UN:316,current_un,316,UN,,unknown,false,93,126adf153bd520671b9de87b006de3863ebbbb907b1b3625168cdef117f4a794,https://www.mofa.go.jp/mofaj/files/000015952.pdf,https://www.mofa.go.jp/mofaj/files/000015952.pdf#page=93,data/raw/mofa/126adf153bd520671b9de87b006de3863ebbbb907b1b3625168cdef117f4a794.pdf.gz,３１６． ※２００８年３月２６日解除,HISTORICAL,REVIEW_REQUIRED,false,mofa-names-v1
126adf153bd520671b9de87b006de3863ebbbb907b1b3625168cdef117f4a794:UN:317,current_un,317,UN,,unknown,false,93,126adf153bd520671b9de87b006de3863ebbbb907b1b3625168cdef117f4a794,https://www.mofa.go.jp/mofaj/files/000015952.pdf,https://www.mofa.go.jp/mofaj/files/000015952.pdf#page=93,data/raw/mofa/126adf153bd520671b9de87b006de3863ebbbb907b1b3625168cdef117f4a794.pdf.gz,３１７． ※２００８年３月２６日解除,HISTORICAL,REVIEW_REQUIRED,false,mofa-names-v1
126adf153bd520671b9de87b006de3863ebbbb907b1b3625168cdef117f4a794:UN:318,current_un,318,UN,,unknown,false,93,126adf153bd520671b9de87b006de3863ebbbb907b1b3625168cdef117f4a794,https://www.mofa.go.jp/mofaj/files/000015952.pdf,https://www.mofa.go.jp/mofaj/files/000015952.pdf#page=93,data/raw/mofa/126adf153bd520671b9de87b006de3863ebbbb907b1b3625168cdef117f4a794.pdf.gz,３１８． ※２００８年３月２６日解除,HISTORICAL,REVIEW_REQUIRED,false,mofa-names-v1
126adf153bd520671b9de87b006de3863ebbbb907b1b3625168cdef117f4a794:UN:319,current_un,319,UN,,unknown,false,93,126adf153bd520671b9de87b006de3863ebbbb907b1b3625168cdef117f4a794,https://www.mofa.go.jp/mofaj/files/000015952.pdf,https://www.mofa.go.jp/mofaj/files/000015952.pdf#page=93,data/raw/mofa/126adf153bd520671b9de87b006de3863ebbbb907b1b3625168cdef117f4a794.pdf.gz,３１９． ※２００８年３月２６日解除,HISTORICAL,REVIEW_REQUIRED,false,mofa-names-v1
126adf153bd520671b9de87b006de3863ebbbb907b1b3625168cdef117f4a794:UN:320,current_un,320,UN,,unknown,false,93,126adf153bd520671b9de87b006de3863ebbbb907b1b3625168cdef117f4a794,https://www.mofa.go.jp/mofaj/files/000015952.pdf,https://www.mofa.go.jp/mofaj/files/000015952.pdf#page=93,data/raw/mofa/126adf153bd520671b9de87b006de3863ebbbb907b1b3625168cdef117f4a794.pdf.gz,３２０． ※２００８年３月２６日解除,HISTORICAL,REVIEW_REQUIRED,false,mofa-names-v1
126adf153bd520671b9de87b006de3863ebbbb907b1b3625168cdef117f4a794:UN:321,current_un,321,UN,,unknown,false,93,126adf153bd520671b9de87b006de3863ebbbb907b1b3625168cdef117f4a794,https://www.mofa.go.jp/mofaj/files/000015952.pdf,https://www.mofa.go.jp/mofaj/files/000015952.pdf#page=93,data/raw/mofa/126adf153bd520671b9de87b006de3863ebbbb907b1b3625168cdef117f4a794.pdf.gz,３２１． ※２０１１年５月１８日解除,HISTORICAL,REVIEW_REQUIRED,false,mofa-names-v1
126adf153bd520671b9de87b006de3863ebbbb907b1b3625168cdef117f4a794:UN:322,current_un,322,UN,,unknown,false,93,126adf153bd520671b9de87b006de3863ebbbb907b1b3625168cdef117f4a794,https://www.mofa.go.jp/mofaj/files/000015952.pdf,https://www.mofa.go.jp/mofaj/files/000015952.pdf#page=93,data/raw/mofa/126adf153bd520671b9de87b006de3863ebbbb907b1b3625168cdef117f4a794.pdf.gz,３２２． ※２００８年３月２６日解除,HISTORICAL,REVIEW_REQUIRED,false,mofa-names-v1
126adf153bd520671b9de87b006de3863ebbbb907b1b3625168cdef117f4a794:UN:323,current_un,323,UN,,unknown,false,93,126adf153bd520671b9de87b006de3863ebbbb907b1b3625168cdef117f4a794,https://www.mofa.go.jp/mofaj/files/000015952.pdf,https://www.mofa.go.jp/mofaj/files/000015952.pdf#page=93,data/raw/mofa/126adf153bd520671b9de87b006de3863ebbbb907b1b3625168cdef117f4a794.pdf.gz,３２３． ※２０１４年９月１８日解除,HISTORICAL,REVIEW_REQUIRED,false,mofa-names-v1
126adf153bd520671b9de87b006de3863ebbbb907b1b3625168cdef117f4a794:UN:324,current_un,324,UN,,entity,true,93;94,126adf153bd520671b9de87b006de3863ebbbb907b1b3625168cdef117f4a794,https://www.mofa.go.jp/mofaj/files/000015952.pdf,https://www.mofa.go.jp/mofaj/files/000015952.pdf#page=93,data/raw/mofa/126adf153bd520671b9de87b006de3863ebbbb907b1b3625168cdef117f4a794.pdf.gz,"３２４．東トルキスタン・イスラム運動（ＥＴＩＭ）（別称：(a)東トルキスタン・イスラム党(b)
東トルキスタン・イスラム神の党(c)トルキスタン・イスラム党(d)ジャマーアート・トルキ
スタン）
EASTERN TURKISTAN ISLAMIC MOVEMENT (ETIM) (a.k.a.: (a)The Eastern Turkistan
Islamic Party (b)The Eastern Turkistan Islamic Party of Allah (c)Islamic Party of
Turkestan (d)Djamaat Turkistan)
旧称：不明
所在地：不明
国連制裁委員会による指定日：２００２年９月１１日（２００８年１０月３日、２０１１年１２
月１３日及び２０２０年１１月２４日に改訂）
その他の情報：中国、南アジア及び中央アジアにおいて活動。国連安全保障理事会
決議第１８２２号（２００８年）に基づく見直しは２０１０年５月２０日に終了した。国連安
全保障理事会決議第２３６８号（２０１７年）に基づく見直しは２０２０年１１月２４日に終
了した。同団体に対するインターポール（国際刑事警察機構）・国連安全保障理事会
特 別 手 配 書 の ウ ェ ブ ・ リ ン ク ： https://www.interpol.int/en/How-we-
work/Notices/View-UN-Notices-Entities",EXTRACTED,REVIEW_REQUIRED,false,mofa-names-v1
126adf153bd520671b9de87b006de3863ebbbb907b1b3625168cdef117f4a794:UN:325,current_un,325,UN,,person,true,94,126adf153bd520671b9de87b006de3863ebbbb907b1b3625168cdef117f4a794,https://www.mofa.go.jp/mofaj/files/000015952.pdf,https://www.mofa.go.jp/mofaj/files/000015952.pdf#page=94,data/raw/mofa/126adf153bd520671b9de87b006de3863ebbbb907b1b3625168cdef117f4a794.pdf.gz,"３２５．ムニール・エル・ムタサッディク（別名：ムニール・エル・ムタサッディク）
MOUNIR EL MOTASSADEQ
(original script: رینم قدصتملا) (a.k.a.: Mounir el Moutassadeq)
称号：不明
役職：不明
生年月日：１９７４年４月３日
出生地：Marrakesh, Morocco
国籍：モロッコ
旅券番号：モロッコ旅券 H 236483
ＩＤ番号：モロッコ国民ＩＤカード E-491591
住所：ドイツの刑務所
国連制裁委員会による指定日：２００２年９月３０日（２００４年１１月２６日、２００７年９
月７日、２０１０年１２月２３日及び２０１９年１２月６日に改訂）
その他の情報：２００１年１１月２８日逮捕され、ドイツにおいて殺人幇助行為及びテロ
組織所属の罪で有罪となり２００７年１月８日に懲役１５年の判決を受けた。父の名前
は Brahim Brik、母の名前は Habiba Abbes。国連安全保障理事会決議第１８２２号
（２００８年）に基づく見直しは２０１０年５月２０日に終了した。国連安全保障理事会決
議第２３６８号（２０１７年）に基づく見直しは２０１９年１２月４日に終了した。同人に対
するインターポール（国際刑事警察機構）・国連安全保障理事会特別手配書のウェ
ブ ・ リ ン ク ： https://www.interpol.int/en/How-we-work/Notices/View-UN-Notices-
Individuals",REVIEW_REQUIRED,REVIEW_REQUIRED,false,mofa-names-v1
126adf153bd520671b9de87b006de3863ebbbb907b1b3625168cdef117f4a794:UN:326,current_un,326,UN,,person,true,94;95,126adf153bd520671b9de87b006de3863ebbbb907b1b3625168cdef117f4a794,https://www.mofa.go.jp/mofaj/files/000015952.pdf,https://www.mofa.go.jp/mofaj/files/000015952.pdf#page=94,data/raw/mofa/126adf153bd520671b9de87b006de3863ebbbb907b1b3625168cdef117f4a794.pdf.gz,"３２６．ラムジー・モハメド・アブドゥッラー・ビンアルシャイバ（別名：(a)ビンアルシェイダ、
ラムジー・モハメド・アブドゥッラー(b)ビン・アル・シャイバ、ラムジー(c)オマル、ラムジ
ー・モハメド・アブデッラー(d)モハメド・アリ・アブドゥッラー・バワジール(e)ビンアルシャ
イバ・ラムジー・モハンメド・アブドゥッラー(f)ラムジー・ビンアルシャイブ(g)ラムジー・モ
ハメド・アブデッラー・オマル・ハッサン・アルアシリ(h)ビンアルシャイバ・ラムシ・モハメ
ド・アブドゥッラー(i)アブ・ウバイダ(j)オマル・ムハンマド・アブダッラー・バアマル(k)ラム
ジー・オマル）
RAMZI MOHAMED ABDULLAH BINALSHIBH
(original script: ي زمر دمحم د بع الله ن ب ة بیشلا) (a.k.a.: (a)Binalsheidah, Ramzi Mohamed
Abdullah (b)Bin Al Shibh, Ramzi (c)Omar, Ramzi Mohamed Abdellah (d)Mohamed Ali
Abdullah Bawazir (e)Binalshibh Ramzi Mohammed Abdullah (f)Ramzi
Binalshib (g)Ramzi Mohamed Abdellah Omar Hassan Alassiri (h)Binalshibh Ramsi
Mohamed Abdullah (i)Abu Ubaydah (j)'Umar Muhammad 'Abdallah Ba' Amar (k)Ramzi
Omar)
称号：不明
役職：不明
生年月日：(a)１９７２年５月１日 (b)１９７３年９月１６日
出生地：(a) Gheil Bawazir, Hadramawt, Yemen (b) Khartoum, Sudan
国籍：イエメン
旅券番号： 00085243（イエメン国サナアにて１９９７年１１月１７日に発行）
ＩＤ番号：不明
住所：不明
国連制裁委員会による指定日：２００２年９月３０日（２００４年１１月２６日、２００６年７
月２５日、２００７年７月２日、７月２７日、２０１０年１２月２３日及び２０１９年１２月６日
に改訂）
その他の情報：２００２年９月３０日パキスタン国カラチで逮捕された。２０１０年５月時
点で米国において拘留されている。国連安全保障理事会決議第１８２２号（２００８年）
に基づく見直しは２０１０年５月２５日に終了した。国連安全保障理事会決議第２３６８
号（２０１７年）に基づく見直しは２０１９年１２月４日に終了した。同人に対するインター
ポール（国際刑事警察機構）・国連安全保障理事会特別手配書のウェブ・リンク：
https://www.interpol.int/en/How-we-work/Notices/View-UN-Notices-Individuals",REVIEW_REQUIRED,REVIEW_REQUIRED,false,mofa-names-v1
126adf153bd520671b9de87b006de3863ebbbb907b1b3625168cdef117f4a794:UN:327,current_un,327,UN,,person,true,95;96,126adf153bd520671b9de87b006de3863ebbbb907b1b3625168cdef117f4a794,https://www.mofa.go.jp/mofaj/files/000015952.pdf,https://www.mofa.go.jp/mofaj/files/000015952.pdf#page=95,data/raw/mofa/126adf153bd520671b9de87b006de3863ebbbb907b1b3625168cdef117f4a794.pdf.gz,"３２７．サイード・バーハージー(別名：(a)ゾヘイル・アル・マグリビ(b)モハメド・アバタイ
(c)アブデルラフマーン・アル・マグリビ）
SAID BAHAJI (original script: ىجاهاب دیعس)
(a.k.a.: (a)Zouheir Al Maghribi (b)Mohamed Abbattay (c)Abderrahmane Al Maghribi)
称号：不明
役職：不明
生年月日：１９７５年７月１５日
出生地：Haselünne, Lower Saxony, Germany
国籍：(a)ドイツ (b)モロッコ
旅券番号：(a)ドイツ旅券 28642163 （ハンブルク市が暫定的に発行） (b)モロッコ旅券
954242 （Meknas, Morocco にて1995年6月28日発行）（失効）
ＩＤ番号：BPA Nr. 1336597587
住所：“Bunatwiete 23, 21073 Hamburg, Germany”にかつて居住していた。
国連制裁委員会による指定日：２００２年９月３０日（２００４年１１月２６日、２００５年９
月９日、２００７年７月２日、２０１０年１２月２３日、２０１４年９月９日、２０１９年５月１日
及び２０２１年１２月２９日に改訂）
その他の情報：２０１０年４月時点でアル・カーイダ（１６６．に指定した団体）のマスメ
ディア委員会の副委員長。２００１年９月２１日ドイツ当局は同人の逮捕令状を発行し
た。国連安全保障理事会決議第１８２２号（２００８年）に基づく見直しは２０１０年５月２
０日に終了した。２０１３年９月にアフガニスタンとパキスタンの国境地帯で死亡したと
報告されている。国連安全保障理事会決議第２２５３号（２０１５年）に基づく見直しは
２０１９年２月２１日に終了した。国連安全保障理事会決議第２３６８号（２０１７年）に
基づく見直しは２０２１年１１月１５日に終了した。同人に対するインターポール（国際
刑 事 警 察 機 構 ） ・ 国 連 安 全 保 障 理 事 会 特 別 手 配 書 の ウ ェ ブ ・ リ ン ク ：
https://www.interpol.int/en/How-we-work/Notices/View-UN-Notices-Individuals",REVIEW_REQUIRED,REVIEW_REQUIRED,false,mofa-names-v1
126adf153bd520671b9de87b006de3863ebbbb907b1b3625168cdef117f4a794:UN:328,current_un,328,UN,,person,true,96,126adf153bd520671b9de87b006de3863ebbbb907b1b3625168cdef117f4a794,https://www.mofa.go.jp/mofaj/files/000015952.pdf,https://www.mofa.go.jp/mofaj/files/000015952.pdf#page=96,data/raw/mofa/126adf153bd520671b9de87b006de3863ebbbb907b1b3625168cdef117f4a794.pdf.gz,"３２８．ザカリヤ・エッサバル（別名：ザカリーヤ・エッサバル）ZAKARYA ESSABAR
(a.k.a.: Zakariya Essabar)
称号：不明
役職：不明
生年月日：１９７７年４月３日
出生地：Essaouria, Morocco
国籍：モロッコ
旅券番号：(a)モロッコ旅券 M271351（在ベルリン（ドイツ）・モロッコ大使館により２００
０年１０月２４日に発行） (b)モロッコ旅券 K-348486
ＩＤ番号：(a)モロッコ国民ＩＤ E-189935 (b)モロッコ国民ＩＤカード G-0343089
住所：不明
国連制裁委員会による指定日：２００２年９月３０日（２００４年１１月２６日及び２０１１
年６月１０日に改訂）
その他の情報：父の名前はモハメド・ベン・アフメド(Mohamed ben Ahmed)、母の名前
はスフィア・ベント・トウバリ(Sfia bent Toubali)。国連安全保障理事会決議第１８２２号
（２００８年）に基づく見直しは２０１０年５月２０日に終了した。国連安全保障理事会決
議第２３６８号（２０１７年）に基づく見直しは２０２１年１１月１５日に終了した。同人に対
するインターポール（国際刑事警察機構） ・国連安全保障理事会特別手配書のウェ
ブ ・ リ ン ク ： https://www.interpol.int/en/How-we-work/Notices/View-UN-Notices-
Individuals",EXTRACTED,REVIEW_REQUIRED,false,mofa-names-v1
126adf153bd520671b9de87b006de3863ebbbb907b1b3625168cdef117f4a794:UN:329,current_un,329,UN,,entity,true,96;97,126adf153bd520671b9de87b006de3863ebbbb907b1b3625168cdef117f4a794,https://www.mofa.go.jp/mofaj/files/000015952.pdf,https://www.mofa.go.jp/mofaj/files/000015952.pdf#page=96,data/raw/mofa/126adf153bd520671b9de87b006de3863ebbbb907b1b3625168cdef117f4a794.pdf.gz,"３２９．チュニジア・コンバタント・グループ（別称：(a)グループ・コンバッタン・チュニジア
ン(b)グループ・イスラミスト・コンバッタン・チュニジアン(c)ＧＩＣＴ）
TUNISIAN COMBATANT GROUP
(original script: ة عامجلا ةیسنوتلا ةلتاقملا)
(a.k.a.: (a)Groupe Combattant Tunisien (b)Groupe Islamiste Combattant Tunisien
(c)GICT)
旧称：不明
所在地：チュニジア
国連制裁委員会による指定日：２００２年１０月１０日（２００４年１１月２６日、２００９年
３月５日、２０１１年１２月１３日及び２０２０年１１月２４日に改訂）
その他の情報：イスラム・マグレブ諸国のアル・カーイダ組織（１７３．に指定した団体）
と関係がある。国連安全保障理事会決議第１８２２号（２００８年）に基づく見直しは２０
１０年５月６日に終了した。国連安全保障理事会決議第２３６８号（２０１７年）に基づく
見直しは２０２０年１１月２４日に終了した。同団体に対するインターポール（国際刑事
警 察 機 構 ） ・ 国 連 安 全 保 障 理 事 会 特 別 手 配 書 の ウ ェ ブ ・ リ ン ク ：
https://www.interpol.int/en/How-we-work/Notices/View-UN-Notices-Entities",REVIEW_REQUIRED,REVIEW_REQUIRED,false,mofa-names-v1
126adf153bd520671b9de87b006de3863ebbbb907b1b3625168cdef117f4a794:UN:330,current_un,330,UN,,entity,true,97,126adf153bd520671b9de87b006de3863ebbbb907b1b3625168cdef117f4a794,https://www.mofa.go.jp/mofaj/files/000015952.pdf,https://www.mofa.go.jp/mofaj/files/000015952.pdf#page=97,data/raw/mofa/126adf153bd520671b9de87b006de3863ebbbb907b1b3625168cdef117f4a794.pdf.gz,"３３０．モロッコ・イスラミック・コンバタント・グループ（別称：(a)グループ・イスラミック・コ
ンバッタン・マロケン(b)ＧＩＣＭ）
MOROCCAN ISLAMIC COMBATANT GROUP
(original script: ة عامجلا ةیملاسلاا ةیبرغملا ة لتاقملا)
(a.k.a.: (a)Groupe Islamique Combattant Marocain (b)GICM)
旧称：不明
所在地：モロッコ
国連制裁委員会による指定日：２００２年１０月１０日（２００９年３月５日、２０１１年１２
月１３日及び２０２０年１１月２４日に改訂）
その他の情報：イスラム・マグレブ諸国のアル・カーイダ組織（１７３．に指定した団体）
と関係がある。国連安全保障理事会決議第１８２２号（２００８年）に基づく見直しは２０
１０年５月２０日に終了した。国連安全保障理事会決議第２３６８号（２０１７年）に基づ
く見直しは２０２０年１１月２４日に終了した。同団体に対するインターポール（国際刑
事 警 察 機 構 ） ・ 国 連 安 全 保 障 理 事 会 特 別 手 配 書 の ウ ェ ブ ・ リ ン ク ：
https://www.interpol.int/en/How-we-work/Notices/View-UN-Notices-Entities",REVIEW_REQUIRED,REVIEW_REQUIRED,false,mofa-names-v1
126adf153bd520671b9de87b006de3863ebbbb907b1b3625168cdef117f4a794:UN:331,current_un,331,UN,,entity,true,97;98,126adf153bd520671b9de87b006de3863ebbbb907b1b3625168cdef117f4a794,https://www.mofa.go.jp/mofaj/files/000015952.pdf,https://www.mofa.go.jp/mofaj/files/000015952.pdf#page=97,data/raw/mofa/126adf153bd520671b9de87b006de3863ebbbb907b1b3625168cdef117f4a794.pdf.gz,"３３１．グローバル・リリーフ・ファウンデーション（GRF）
GLOBAL RELIEF FOUNDATION (GRF)
旧称：不明
所在地：⒜9935 South 76th Avenue, Unit 1, Bridgeview, Illinois, 60455, United States
of America ⒝P.O. Box 1406, Bridgeview, Illinois, 60455, United States of America
国連制裁委員会による指定日：2002 年 10 月 22 日（2004 年 11 月 26 日、2005 年 12
月 20 日、2006 年７月 25 日、2009 年３月 24 日、2010 年３月 11 日、３月 25 日、2011
年４月 28 日、2012 年２月 21 日、2014 年２月 14 日、2019 年 12 月６日及び 2024 年２
月７日に改訂）
その他の情報：⒜その他の所在地：Afghanistan, Bangladesh, Eritrea, Ethiopia, India,
Iraq, West Bank and Gaza, Somalia, Syria ⒝Federal Employer Identification Number
（米国）：36－3804626⒞国連安全保障理事会決議第 1822 号（2008 年）に基づく見直
しは 2010 年６月 21 日に終了した。国連安全保障理事会決議第 2368 号（2017 年）に
基づく見直しは 2019 年 12 月４日に終了した。国連安全保障理事会決議第２６１０号
（２０２１年）に基づく見直しは２０２３年１０月３０日に終了した。同団体に対するインタ
ーポール（国際刑事警察機構）・国連安全保障理事会特別手配書のウェブ・リンク：
https://www.interpol.int/en/How-we-work/Notices/View-UN-Notices-Entities",EXTRACTED,REVIEW_REQUIRED,false,mofa-names-v1
126adf153bd520671b9de87b006de3863ebbbb907b1b3625168cdef117f4a794:UN:332,current_un,332,UN,,entity,true,98,126adf153bd520671b9de87b006de3863ebbbb907b1b3625168cdef117f4a794,https://www.mofa.go.jp/mofaj/files/000015952.pdf,https://www.mofa.go.jp/mofaj/files/000015952.pdf#page=98,data/raw/mofa/126adf153bd520671b9de87b006de3863ebbbb907b1b3625168cdef117f4a794.pdf.gz,"３３２．ジュマ・イスラミーヤ（別称：(a)ジュマ・イスラミーヤ(b)ジュマ・イスラミーア(c)ジャ
マ・イスラミーヤ）
JEMAAH ISLAMIYAH
(a.k.a.: (a)Jema'ah Islamiyah; Jemaah Islamiya (b)Jemaah Islamiah (c)Jamaah
Islamiyah; Jama'ah Islamiyah)
旧称：不明
所在地：不明
国連制裁委員会による指定日：２００２年１０月２５日（２０１１年１２月１３日及び２０２０
年１１月２４日に改訂）
その他の情報：インドネシア、マレーシア及びフィリピンなど東南アジアで活動してい
る。アブ・サヤフ（１６７．に指定した団体）と関係がある。国連安全保障理事会決議第
１８２２号（２００８年）に基づく見直しは２０１０年５月２５日に終了した。国連安全保障
理事会決議第２３６８号（２０１７年）に基づく見直しは２０２０年１１月２４日に終了し
た。同団体に対するインターポール（国際刑事警察機構）・国連安全保障理事会特別
手配書のウェブ・リンク：https://www.interpol.int/en/How-we-work/Notices/View-
UN-Notices-Entities",EXTRACTED,REVIEW_REQUIRED,false,mofa-names-v1
126adf153bd520671b9de87b006de3863ebbbb907b1b3625168cdef117f4a794:UN:333,current_un,333,UN,,entity,true,98;99,126adf153bd520671b9de87b006de3863ebbbb907b1b3625168cdef117f4a794,https://www.mofa.go.jp/mofaj/files/000015952.pdf,https://www.mofa.go.jp/mofaj/files/000015952.pdf#page=98,data/raw/mofa/126adf153bd520671b9de87b006de3863ebbbb907b1b3625168cdef117f4a794.pdf.gz,"３３３． ベネヴォランス・インターナショナル・ファウンデーション（別称：⒜アル・ビル・
アル・ダワリア⒝ＢＩＦ⒞ＢＩＦ－ＵＳＡ⒟メツドナロドニ・ブラゴトヴォリテルニール・ファン
ド）
BENEVOLENCE INTERNATIONAL FOUNDATION
(a.k.a. : ⒜Al Bir Al Dawalia ⒝BIF ⒞BIF-USA ⒟Mezhdunarodnyj Blagotvoritel'nyl
Fond)
旧称：不明
所在地：⒜8820 Mobile Avenue, IA, Oak Lawn, Illinois, 60453, United States of America
⒝P.O. Box 548, Worth, Illinois, 60482, United States of America ⒞（以前の所在地）
9838 S. Roberts Road, Suite １W, Palos Hills, Illinois, 60465, United States of America
⒟（以前の所在地）20-24 Branford Place, Suite 705, Newark, New Jersey, 07102,
United States of America ⒠P.O. Box 1937, Khartoum, Sudan ⒡Bangladesh ⒢Gaza
Strip ⒣Yemen
国連制裁委員会による指定日：2002年11月21日（2003年１月24日、2011年４月28日、
2012年５月18日、2019年12月６日、2023年12月14日及び2024年２月７日に改訂）
その他の情報：現存しないと報告されている。もはやボスニア・ヘルツェゴビナでは活
動していない。雇用ＩＤ番号（米国）は36－3823186。国連安全保障理事会決議第1822
号（2008年）に基づく見直しは2010年６月22日に終了した。国連安全保障理事会決議
第2368号（2017年）に基づく見直しは2019年12月４日に終了した。国連安全保障理事
会決議第２６１０号（２０２１年）に基づく見直しは２０２３年１０月３０日に終了した。同
団体に対するインターポール（国際刑事警察機構）・国連安全保障理事会特別手配
書のウェブ・リンク：https://www.interpol.int/en/How-we-work/Notices/View-UN-
Notices-Entities",EXTRACTED,REVIEW_REQUIRED,false,mofa-names-v1
126adf153bd520671b9de87b006de3863ebbbb907b1b3625168cdef117f4a794:UN:334,current_un,334,UN,,unknown,false,99,126adf153bd520671b9de87b006de3863ebbbb907b1b3625168cdef117f4a794,https://www.mofa.go.jp/mofaj/files/000015952.pdf,https://www.mofa.go.jp/mofaj/files/000015952.pdf#page=99,data/raw/mofa/126adf153bd520671b9de87b006de3863ebbbb907b1b3625168cdef117f4a794.pdf.gz,３３４． ※２０１２年１２月１９日解除,HISTORICAL,REVIEW_REQUIRED,false,mofa-names-v1
126adf153bd520671b9de87b006de3863ebbbb907b1b3625168cdef117f4a794:UN:335,current_un,335,UN,,unknown,false,99,126adf153bd520671b9de87b006de3863ebbbb907b1b3625168cdef117f4a794,https://www.mofa.go.jp/mofaj/files/000015952.pdf,https://www.mofa.go.jp/mofaj/files/000015952.pdf#page=99,data/raw/mofa/126adf153bd520671b9de87b006de3863ebbbb907b1b3625168cdef117f4a794.pdf.gz,３３５． ※２０１２年１２月１９日解除,HISTORICAL,REVIEW_REQUIRED,false,mofa-names-v1
126adf153bd520671b9de87b006de3863ebbbb907b1b3625168cdef117f4a794:UN:336,current_un,336,UN,,unknown,false,99,126adf153bd520671b9de87b006de3863ebbbb907b1b3625168cdef117f4a794,https://www.mofa.go.jp/mofaj/files/000015952.pdf,https://www.mofa.go.jp/mofaj/files/000015952.pdf#page=99,data/raw/mofa/126adf153bd520671b9de87b006de3863ebbbb907b1b3625168cdef117f4a794.pdf.gz,３３６． ※２００９年８月１２日解除,HISTORICAL,REVIEW_REQUIRED,false,mofa-names-v1
126adf153bd520671b9de87b006de3863ebbbb907b1b3625168cdef117f4a794:UN:337,current_un,337,UN,,unknown,false,99,126adf153bd520671b9de87b006de3863ebbbb907b1b3625168cdef117f4a794,https://www.mofa.go.jp/mofaj/files/000015952.pdf,https://www.mofa.go.jp/mofaj/files/000015952.pdf#page=99,data/raw/mofa/126adf153bd520671b9de87b006de3863ebbbb907b1b3625168cdef117f4a794.pdf.gz,３３７． ※２００９年８月１２日解除,HISTORICAL,REVIEW_REQUIRED,false,mofa-names-v1
126adf153bd520671b9de87b006de3863ebbbb907b1b3625168cdef117f4a794:UN:338,current_un,338,UN,QDi.087,person,true,99;100,126adf153bd520671b9de87b006de3863ebbbb907b1b3625168cdef117f4a794,https://www.mofa.go.jp/mofaj/files/000015952.pdf,https://www.mofa.go.jp/mofaj/files/000015952.pdf#page=99,data/raw/mofa/126adf153bd520671b9de87b006de3863ebbbb907b1b3625168cdef117f4a794.pdf.gz,"３３８．ヌルジャマン・リドゥアン・イサムディン
NURJAMAN RIDUAN ISAMUDDIN
国連参照番号：QDi.087
生年月日： 1964/４/４; 1966年
出生地：Cianjur, West Java, Indonesia; Sukamanah, West Java, Indonesia
別名：ハンバリ； ヌルジャマン； イソムディン、ヌルジャマン・リドゥアン； ハンバリ・ビ
ン・エンディング； エンセプ・ヌルジャマン (誕生名)； ハンバリ・エンディング・ハンバ
リ； イサムディン・リドゥアン； イサムディン・リドワン
Hambali; Nurjaman; Isomuddin, Nurjaman Riduan; Hambali Bin Ending; Encep Nurjaman
(birth name); Hambali Ending Hambali; Isamuddin Riduan; Isamudin Ridwan
国籍：インドネシア； マレーシア
Indonesia; Malaysia
リスト掲載日：2003年１月28日（2007年７月２日、７月27日、2011年５月16日、2019年
12月６日、2022年11月８日及び2026年８月18日に改訂）
その他の情報：国連安全保障理事会決議に基づく見直しは2010年４月13日、2019年
12月４日、2022年11月８日、2025年12月31日に終了した。ジュマ・イスラミーヤ（332．
に指定した団体）の上級幹部。グン・グン・ルスマン・グナワン（499．に指定した個人）
の兄弟。2007年７月に米国で拘留される。同人に対するインターポール（国際刑事警
察 機 構 ） ・ 国 連 安 全 保 障 理 事 会 特 別 手 配 書 の ウ ェ ブ ・ リ ン ク ：
https://www.interpol.int/en/How-we-work/Notices/View-UN-Notices-Individuals",REVIEW_REQUIRED,REVIEW_REQUIRED,false,mofa-names-v1
126adf153bd520671b9de87b006de3863ebbbb907b1b3625168cdef117f4a794:UN:339,current_un,339,UN,,person,true,100,126adf153bd520671b9de87b006de3863ebbbb907b1b3625168cdef117f4a794,https://www.mofa.go.jp/mofaj/files/000015952.pdf,https://www.mofa.go.jp/mofaj/files/000015952.pdf#page=100,data/raw/mofa/126adf153bd520671b9de87b006de3863ebbbb907b1b3625168cdef117f4a794.pdf.gz,"３３９．モハマド・イクバル・アブドゥルラフマン（別名：⒜ラフマン・モハマド・イクバル⒝
Ａ・ラフマン・モハマド・イクバル⒞アブー・ジブリル・アブドゥルラフマン⒟フィキルディ
ン・ムクティ⒠フィヒルディン・ムクティ⒡アブドゥル・ラフマン・モハマド・イクバル）
MOHAMAD IQBAL ABDURRAHMAN
(a.k.a. : ⒜ Rahman, Mohamad Iqbal ⒝ A Rahman, Mohamad Iqbal ⒞ Abu Jibril
Abdurrahman ⒟Fikiruddin Muqti ⒠Fihiruddin Muqti ⒡Abdul Rahman, Mohamad
Iqbal)
称号：不明
役職：不明
生年月日：1957年８月17日
出生地：⒜Korleko-Lombok Timur, Indonesia ⒝Tirpas-Selong Village, East Lombok,
Indonesia
国籍：インドネシア
旅券番号：不明
ＩＤ番号：3603251708570001
住所：Jalan Nakula, Komplek Witana Harja III Blok C 106-107, Tangerang, Indonesia
国連制裁委員会による指定日：2003年１月28日（2004年11月26日、2011年５月16日、
６月10日、2019年12月６日及び2024年２月７日に改訂）
その他の情報：国連安全保障理事会決議第1822号（2008年）に基づく見直しは2010
年６月８日に終了した。国連安全保障理事会決議第2368号（2017年）に基づく見直し
は2019年12月４日に終了した。国連安全保障理事会決議第２６１０号（２０２１年）に基
づく見直しは２０２３年１０月３０日に終了した。同人に対するインターポール（国際刑
事 警 察 機 構 ） ・ 国 連 安 全 保 障 理 事 会 特 別 手 配 書 の ウ ェ ブ ・ リ ン ク ：
https://www.interpol.int/en/How-we-work/ Notices/View-UN-Notices-Individuals",REVIEW_REQUIRED,REVIEW_REQUIRED,false,mofa-names-v1
126adf153bd520671b9de87b006de3863ebbbb907b1b3625168cdef117f4a794:UN:340,current_un,340,UN,QDe.096,entity,true,100,126adf153bd520671b9de87b006de3863ebbbb907b1b3625168cdef117f4a794,https://www.mofa.go.jp/mofaj/files/000015952.pdf,https://www.mofa.go.jp/mofaj/files/000015952.pdf#page=100,data/raw/mofa/126adf153bd520671b9de87b006de3863ebbbb907b1b3625168cdef117f4a794.pdf.gz,"３４０．ラシュカル・イ・ジャングヴィ（ＬＪ）
LASHKAR I JHANGVI (LJ)
国連参照番号：QDe.096
リスト掲載日：2003 年２月３日（2011 年 12 月 13 日、2017 年 11 月 20 日、2021 年 11
月 15 日及び 2026 年８月 18 日に改訂）
その他の情報：国連安全保障理事会決議に基づく見直しは 2016 年 12 月 23 日、2021
年 11 月 15 日、2025 年 12 月 31 日に終了した。2010 年にパキスタンで活動が禁止さ
れた。同団体に対するインターポール（国際刑事警察機構）・国連安全保障理事会特
別 手 配 書 の ウ ェ ブ ・ リ ン ク ： https://www.interpol.int/en/How-we-
work/Notices/View-UN-Notices-Entities",EXTRACTED,REVIEW_REQUIRED,false,mofa-names-v1
126adf153bd520671b9de87b006de3863ebbbb907b1b3625168cdef117f4a794:UN:341,current_un,341,UN,,unknown,false,101,126adf153bd520671b9de87b006de3863ebbbb907b1b3625168cdef117f4a794,https://www.mofa.go.jp/mofaj/files/000015952.pdf,https://www.mofa.go.jp/mofaj/files/000015952.pdf#page=101,data/raw/mofa/126adf153bd520671b9de87b006de3863ebbbb907b1b3625168cdef117f4a794.pdf.gz,３４１． ※２０１７年２月３日解除,HISTORICAL,REVIEW_REQUIRED,false,mofa-names-v1
126adf153bd520671b9de87b006de3863ebbbb907b1b3625168cdef117f4a794:UN:342,current_un,342,UN,,unknown,false,101,126adf153bd520671b9de87b006de3863ebbbb907b1b3625168cdef117f4a794,https://www.mofa.go.jp/mofaj/files/000015952.pdf,https://www.mofa.go.jp/mofaj/files/000015952.pdf#page=101,data/raw/mofa/126adf153bd520671b9de87b006de3863ebbbb907b1b3625168cdef117f4a794.pdf.gz,３４２． ※２０１３年１２月１２日解除,HISTORICAL,REVIEW_REQUIRED,false,mofa-names-v1
126adf153bd520671b9de87b006de3863ebbbb907b1b3625168cdef117f4a794:UN:343,current_un,343,UN,,entity,true,101,126adf153bd520671b9de87b006de3863ebbbb907b1b3625168cdef117f4a794,https://www.mofa.go.jp/mofaj/files/000015952.pdf,https://www.mofa.go.jp/mofaj/files/000015952.pdf#page=101,data/raw/mofa/126adf153bd520671b9de87b006de3863ebbbb907b1b3625168cdef117f4a794.pdf.gz,"３４３．アンサール・アル・イスラム（別称：(a)デヴォーティーズ・オブ・イスラム(b)ジュン
ド・アル・イスラム(c)ソルジャーズ・オブ・イスラム(d)クルディスタン・サポーターズ・オ
ブ・イスラム(e)サポーターズ・オブ・イスラム・イン・クルディスタン(f)フォロワーズ・オ
ブ・イスラム・イン・クルディスタン(g)クルディシュ・タリバーン(h)ソルジャーズ・オブ・ゴ
ッド(i)アンサール・アル・スンナ・アーミー(j)ジェイシュ・アンサール・アル・スンナ(k)アン
サール・アル・スンナ）
ANSAR AL-ISLAM
(original script: راصنأ ملاسلاا)
(a.k.a.: (a)Devotees of Islam (b)Jund al-Islam (c)Soldiers of Islam (d)Kurdistan
Supporters of Islam (e)Supporters of Islam in Kurdistan (f)Followers of Islam in
Kurdistan (g)Kurdish Taliban (h)Soldiers of God (i)Ansar al-Sunna Army (j)Jaish
Ansar al-Sunna (k)Ansar al-Sunna)
旧称：不明
所在地：不明
国連制裁委員会による指定日：２００３年２月２４日（２００４年３月３１日、２００９年３月
５日、３月１８日、２０１０年１０月２１日、２０１１年１２月１３日及び２０２０年１１月２４日
に改訂）
その他の情報：創立者はナジュムッディン・ファラジュ・アフマド(５１０．に指定した個
人)。イラクのアル・カーイダ（４５３．に指定した団体）と関係がある。イラク北部に所在
し主にここで活動しているが、イラク西部及び中部にも進出している。国連安全保障
理事会決議第１８２２号（２００８年）に基づく見直しは２０１０年６月２１日に終了した。
国連安全保障理事会決議第２３６８号（２０１７年）に基づく見直しは２０２０年１１月２４
日に終了した。同団体に対するインターポール（国際刑事警察機構）・国連安全保障
理事会特別手配書のウェブ・リンク：https://www.interpol.int/en/How-we-
work/Notices/View-UN-Notices-Entities",REVIEW_REQUIRED,REVIEW_REQUIRED,false,mofa-names-v1
126adf153bd520671b9de87b006de3863ebbbb907b1b3625168cdef117f4a794:UN:344,current_un,344,UN,,entity,true,101;102,126adf153bd520671b9de87b006de3863ebbbb907b1b3625168cdef117f4a794,https://www.mofa.go.jp/mofaj/files/000015952.pdf,https://www.mofa.go.jp/mofaj/files/000015952.pdf#page=101,data/raw/mofa/126adf153bd520671b9de87b006de3863ebbbb907b1b3625168cdef117f4a794.pdf.gz,"３４４．イスラミック・インターナショナル・ブリゲイド（ＩＩＢ）（別称：(a)イスラミック・ピース
キーピング・ブリゲイド(b)イスラミック・ピースキーピング・アーミー(c)インターナショナ
ル・ブリゲイド(d)イスラミック・ピースキーピング・バタリオン(e)インターナショナル・バタ
リオン(f)イスラミック・ピースキーピング・インターナショナル・ブリゲイド）
ISLAMIC INTERNATIONAL BRIGADE (IIB) (a.k.a.: (a)The Islamic Peacekeeping
Brigade (b)The Islamic Peacekeeping Army (c)The International Brigade (d)Islamic
Peacekeeping Battalion (e)International Battalion (f)Islamic Peacekeeping
International Brigade)
旧称：不明
所在地：不明
国連制裁委員会による指定日：２００３年３月４日（２０１１年１２月１３日、２０１９年１２
月６日及び２０２１年１２月２９日に改訂）
その他の情報：リヤダス・サリヒン・リカナザンス・アンド・サボタージュ・バタリオン・オ
ブ・チェチェン・マーターズ（ＲＳＲＳＢＣＭ）（３４６．に指定した団体）及びスペシャル・パ
ーパス・イスラミック・レジメント（ＳＰＩＲ）（３４５．に指定した団体）とつながりがある。国
連安全保障理事会決議第１８２２号（２００８年）に基づく見直しは２０１０年５月１７日
に終了した。国連安全保障理事会決議第２３６８号（２０１７年）に基づく見直しは２０１
９年１２月４日に終了した。国連安全保障理事会決議第２３６８号（２０１７年）に基づく
見直しは２０２１年１１月１５日に終了した。同団体に対するインターポール（国際刑事
警察機構）・国連安全保障理事会特別手配書のウェブ・リンク：
https://www.interpol.int/en/How-we-work/Notices/View-UN-Notices-Entities",REVIEW_REQUIRED,REVIEW_REQUIRED,false,mofa-names-v1
126adf153bd520671b9de87b006de3863ebbbb907b1b3625168cdef117f4a794:UN:345,current_un,345,UN,,entity,true,102,126adf153bd520671b9de87b006de3863ebbbb907b1b3625168cdef117f4a794,https://www.mofa.go.jp/mofaj/files/000015952.pdf,https://www.mofa.go.jp/mofaj/files/000015952.pdf#page=102,data/raw/mofa/126adf153bd520671b9de87b006de3863ebbbb907b1b3625168cdef117f4a794.pdf.gz,"３４５．スペシャル・パーパス・イスラミック・レジメント（ＳＰＩＲ）（別称：(a)イスラミック・ス
ペシャル・パーパス・レジメント(b)アル・ジハード・フィシ・サビリラー・スペシャル・イスラ
ミック・レジメント(c)イスラミック・レジメント・オブ・スペシャル・ミーニング）
SPECIAL PURPOSE ISLAMIC REGIMENT (SPIR) (a.k.a.: (a)The Islamic Special
Purpose Regiment (b)The al-Jihad-Fisi-Sabililah Special Islamic Regiment (c)Islamic
Regiment of Special Meaning）
旧称：不明
所在地：不明
国連制裁委員会による指定日：２００３年３月４日（２００６年７月２５日、２０１１年１２月
１３日及び２０２０年１１月２４日に改訂）
その他の情報：イスラミック・インターナショナル・ブリゲイド（ＩＩＢ）（３４４．に指定した団
体）及びリヤダス・サリヒン・リカナザンス・アンド・サボタージュ・バタリオン・オブ・チェ
チェン・マーターズ（ＲＳＲＳＢＣＭ）（３４６．に指定した団体）とつながりがある。国連安
全保障理事会決議第１８２２号（２００８年）に基づく見直しは２０１０年５月１７日に終
了した。国連安全保障理事会決議第２３６８号（２０１７年）に基づく見直しは２０２０年
１１月２４日に終了した。同団体に対するインターポール（国際刑事警察機構）・国連
安全保障理事会特別手配書のウェブ・リンク：https://www.interpol.int/en/How-we-
work/Notices/View-UN-Notices-Entities",EXTRACTED,REVIEW_REQUIRED,false,mofa-names-v1
126adf153bd520671b9de87b006de3863ebbbb907b1b3625168cdef117f4a794:UN:346,current_un,346,UN,,entity,true,102;103,126adf153bd520671b9de87b006de3863ebbbb907b1b3625168cdef117f4a794,https://www.mofa.go.jp/mofaj/files/000015952.pdf,https://www.mofa.go.jp/mofaj/files/000015952.pdf#page=102,data/raw/mofa/126adf153bd520671b9de87b006de3863ebbbb907b1b3625168cdef117f4a794.pdf.gz,"３４６．リヤダス・サリヒン・リカナザンス・アンド・サボタージュ・バタリオン・オブ・チェチ
ェン・マーターズ（ＲＳＲＳＢＣＭ）（別称：(a)リヤダス・サリヒン・リカナザンス・アンド・サ
ボタージュ・バタリオン(b)リヤド・アス・サリヒーン(c)サボタージュ・アンド・ミリタリー・サ
ーベイランス・グループ・オブ・ザ・リヤド・アル・サリヒン・マーターズ(d)フィルカト・ア
ル・タフリブ・ワ・アル・イスティトラ・アル・アスカリヤ・リ・シュハダ・リヤド・アル・サリヒ
ン(e)リヤダス・サリヒン・リカナザンス・アンド・サボタージュ・バタリオン・オブ・シャヒド
（マーターズ））
RIYADUS-SALIKHIN RECONNAISSANCE AND SABOTAGE BATTALION OF
CHECHEN MARTYRS(RSRSBCM)
(a.k.a.:(a)Riyadus-Salikhin Reconnaissance and Sabotage Battalion(b)Riyadh-as-
Saliheen(c)The Sabotage and Military Surveillance Group of the Riyadh al-Salihin
Martyrs(d)Firqat al-Takhrib wa al-Istitla al-Askariyah li Shuhada Riyadh al-
Salihin(e)Riyadus-Salikhin Reconnaissance and Sabotage battalion of Shahids
(martyrs))
旧称：不明
所在地：不明
国連制裁委員会による指定日：２００３年３月４日（２００６年７月２５日、２０１１年１２月
１３日、２０２０年１１月２４日及び２０２３年３月１５日に改訂）
その他の情報：イスラミック・インターナショナル・ブリゲイド（ＩＩＢ）（３４４．に指定した団
体）、スペシャル・パーパス・イスラミック・レジメント（ＳＰＩＲ）（３４５．に指定した団体）
及びコーカサス首長国（５９０．に指定した団体）と関係がある。国連安全保障理事会
決議第１８２２号（２００８年）に基づく見直しは２０１０年５月１７日に終了した。国連安
全保障理事会決議第２３６８号（２０１７年）に基づく見直しは２０２０年１１月２４日に終
了した。国連安全保障理事会決議第２６１０号（２０２１年）に基づく見直しは２０２２年
１１月８日に終了した。同団体に対するインターポール（国際刑事警察機構）・国連安
全保障理事会特別手配書のウェブ・リンク：https://www.interpol.int/en/How-we-
work/Notices/View-UN-Notices-Entities",REVIEW_REQUIRED,REVIEW_REQUIRED,false,mofa-names-v1
126adf153bd520671b9de87b006de3863ebbbb907b1b3625168cdef117f4a794:UN:347,current_un,347,UN,,unknown,false,103,126adf153bd520671b9de87b006de3863ebbbb907b1b3625168cdef117f4a794,https://www.mofa.go.jp/mofaj/files/000015952.pdf,https://www.mofa.go.jp/mofaj/files/000015952.pdf#page=103,data/raw/mofa/126adf153bd520671b9de87b006de3863ebbbb907b1b3625168cdef117f4a794.pdf.gz,３４７． ※２０１３年５月２４日解除,HISTORICAL,REVIEW_REQUIRED,false,mofa-names-v1
126adf153bd520671b9de87b006de3863ebbbb907b1b3625168cdef117f4a794:UN:348,current_un,348,UN,,unknown,false,103,126adf153bd520671b9de87b006de3863ebbbb907b1b3625168cdef117f4a794,https://www.mofa.go.jp/mofaj/files/000015952.pdf,https://www.mofa.go.jp/mofaj/files/000015952.pdf#page=103,data/raw/mofa/126adf153bd520671b9de87b006de3863ebbbb907b1b3625168cdef117f4a794.pdf.gz,３４８． ※２０１４年５月１３日解除,HISTORICAL,REVIEW_REQUIRED,false,mofa-names-v1
126adf153bd520671b9de87b006de3863ebbbb907b1b3625168cdef117f4a794:UN:349,current_un,349,UN,,unknown,false,103,126adf153bd520671b9de87b006de3863ebbbb907b1b3625168cdef117f4a794,https://www.mofa.go.jp/mofaj/files/000015952.pdf,https://www.mofa.go.jp/mofaj/files/000015952.pdf#page=103,data/raw/mofa/126adf153bd520671b9de87b006de3863ebbbb907b1b3625168cdef117f4a794.pdf.gz,３４９． ※２０１５年１１月１２日解除,HISTORICAL,REVIEW_REQUIRED,false,mofa-names-v1
126adf153bd520671b9de87b006de3863ebbbb907b1b3625168cdef117f4a794:UN:350,current_un,350,UN,,person,true,103;104,126adf153bd520671b9de87b006de3863ebbbb907b1b3625168cdef117f4a794,https://www.mofa.go.jp/mofaj/files/000015952.pdf,https://www.mofa.go.jp/mofaj/files/000015952.pdf#page=103,data/raw/mofa/126adf153bd520671b9de87b006de3863ebbbb907b1b3625168cdef117f4a794.pdf.gz,"３５０．ムフリズ・ベン・マフムード・ベン・サーシー・アル・アムドゥーニー（別名：⒜ファ
ビオ・フスコ、1968 年５月 25 日にイタリアのナポリにて出生⒝ファビオ・フスコ、1968
年 12 月 18 日にチュニジアにて出生⒞ファビオ・フスコ、1968 年５月 25 日にアルジェ
リアにて出生⒟モハメド・ハッサン⒠メヘレズ・ハムドゥーニー⒡アムドゥーニー・ムフリ
ズ・ベン・ター、1969 年７月 14 日にチュニジアにて出生⒢メヘレズ・ベン・アフドゥード・
ベン・アムドゥーニー⒣アブー・サル）
MEHREZ BEN MAHMOUD BEN SASSI AL-AMDOUNI
(original script: ينودمعلا يساس نب دومحم نب زرحم)
(a.k.a. : ⒜Fabio Fusco, born 25 May 1968 in Naples, Italy ⒝Fabio Fusco, born 18 Dec.
1968 in Tunisia ⒞Fabio Fusco, born 25 May 1968 in Algeria ⒟Mohamed Hassan ⒠
Meherez Hamdouni ⒡Amdouni Mehrez ben Tah, born 14 Jul. 1969 in Tunisia ⒢
Meherez ben Ahdoud ben Amdouni ⒣Abu Thale)
称号：不明
役職：不明
生年月日：1969 年 12 月 18 日
出生地：Asima-Tunis, Tunisia
国籍：チュニジア
旅券番号：チュニジア旅券 Ｇ737411（1990 年 10 月 24 日発行、1997 年９月 20 日失
効）
ＩＤ番号：不明
住所：イタリア
国連制裁委員会による指定日：2003 年６月 25 日（2004 年 11 月 26 日、2005 年 12 月
20 日、2007 年 10 月 17 日、2008 年９月 16 日、2009 年３月 24 日、2010 年７月 12 日、
2011 年５月 16 日、2019 年 12 月６日及び 2024 年２月７日に改訂）
その他の情報：父の名前はマフムード・ベン・サシ（Mahmoud ben Sasi）、母の名前は
マリヤム・ビント・アル・ティジャーニ（Maryam bint al-Tijani）。シェンゲン域内（シェンゲ
ン協定国の領域内）入域不許可処分を受けている。国連安全保障理事会決議第
1822 号（2008 年）に基づく見直しは 2010 年４月 22 日に終了した。国連安全保障理
事会決議第 2368 号（2017 年）に基づく見直しは 2019 年 12 月４日に終了した。国連
安全保障理事会決議第２６１０号（２０２１年）に基づく見直しは２０２３年１０月３０日に
終了した。同人に対するインターポール（国際刑事警察機構）・国連安全保障理事会
特 別 手 配 書 の ウ ェ ブ ・ リ ン ク ： https://www.interpol.int/en/How-we-
work/Notices/View-UN-Notices-Individuals",REVIEW_REQUIRED,REVIEW_REQUIRED,false,mofa-names-v1
126adf153bd520671b9de87b006de3863ebbbb907b1b3625168cdef117f4a794:UN:351,current_un,351,UN,,unknown,false,104,126adf153bd520671b9de87b006de3863ebbbb907b1b3625168cdef117f4a794,https://www.mofa.go.jp/mofaj/files/000015952.pdf,https://www.mofa.go.jp/mofaj/files/000015952.pdf#page=104,data/raw/mofa/126adf153bd520671b9de87b006de3863ebbbb907b1b3625168cdef117f4a794.pdf.gz,３５１． ※２０１５年１１月１２日解除,HISTORICAL,REVIEW_REQUIRED,false,mofa-names-v1
126adf153bd520671b9de87b006de3863ebbbb907b1b3625168cdef117f4a794:UN:352,current_un,352,UN,,unknown,false,104,126adf153bd520671b9de87b006de3863ebbbb907b1b3625168cdef117f4a794,https://www.mofa.go.jp/mofaj/files/000015952.pdf,https://www.mofa.go.jp/mofaj/files/000015952.pdf#page=104,data/raw/mofa/126adf153bd520671b9de87b006de3863ebbbb907b1b3625168cdef117f4a794.pdf.gz,３５２． ※２０１２年５月３０日解除,HISTORICAL,REVIEW_REQUIRED,false,mofa-names-v1
126adf153bd520671b9de87b006de3863ebbbb907b1b3625168cdef117f4a794:UN:353,current_un,353,UN,,unknown,false,104,126adf153bd520671b9de87b006de3863ebbbb907b1b3625168cdef117f4a794,https://www.mofa.go.jp/mofaj/files/000015952.pdf,https://www.mofa.go.jp/mofaj/files/000015952.pdf#page=104,data/raw/mofa/126adf153bd520671b9de87b006de3863ebbbb907b1b3625168cdef117f4a794.pdf.gz,３５３． ※２０２５年２月２８日解除,HISTORICAL,REVIEW_REQUIRED,false,mofa-names-v1
126adf153bd520671b9de87b006de3863ebbbb907b1b3625168cdef117f4a794:UN:354,current_un,354,UN,,person,true,104;105,126adf153bd520671b9de87b006de3863ebbbb907b1b3625168cdef117f4a794,https://www.mofa.go.jp/mofaj/files/000015952.pdf,https://www.mofa.go.jp/mofaj/files/000015952.pdf#page=104,data/raw/mofa/126adf153bd520671b9de87b006de3863ebbbb907b1b3625168cdef117f4a794.pdf.gz,"３５４．ムーサ・ベン・オマル・ベン・アリ・エサアディ（別名：⒜ダウ・ダウ⒝アブデルラフ
マン⒞ベシール）
MOUSSA BEN OMAR BEN ALI ESSAADI
(original script : يدعسلا يلع نب رمع نب ىسوم)
(a.k.a. : ⒜Dah Dah ⒝Abdelrahmman ⒞Bechir）
称号：不明
役職：不明
生年月日：1964年12月４日
出生地：Tabarka, Tunisia
国籍：チュニジア
旅券番号：チュニジア旅券 Ｌ335915（1996年11月８日イタリアのミラノにて発行、2001
年11月７日失効）
ＩＤ番号：不明
住所：チュニジア
国連制裁委員会による指定日：2003年６月25日（2005年12月20日、2007年10月17日、
2009年８月10日、2011年５月16日、2012年７月20日、2019年12月６日、2020年9月10
日及び2024年２月７日に改訂）
その他の情報：イタリア当局による裁判から逃亡中と考えられている（2009年10月時
点）。2011年にスーダンを離れ、チュニジアに移る。国連安全保障理事会決議第1822
号（2008年）に基づく見直しは2010年６月15日に終了した。国連安全保障理事会決議
第2368号（2017年）に基づく見直しは2019年12月４日に終了した。国連安全保障理事
会決議第２６１０号（２０２１年）に基づく見直しは２０２３年１０月３０日に終了した。同
人に対するインターポール（国際刑事警察機構）・国連安全保障理事会特別手配書
のウェブ・リンク：https:// www.interpol.int/en/How-we-work/Notices/View-UN-
Notices-Individuals",REVIEW_REQUIRED,REVIEW_REQUIRED,false,mofa-names-v1
126adf153bd520671b9de87b006de3863ebbbb907b1b3625168cdef117f4a794:UN:355,current_un,355,UN,,unknown,false,105,126adf153bd520671b9de87b006de3863ebbbb907b1b3625168cdef117f4a794,https://www.mofa.go.jp/mofaj/files/000015952.pdf,https://www.mofa.go.jp/mofaj/files/000015952.pdf#page=105,data/raw/mofa/126adf153bd520671b9de87b006de3863ebbbb907b1b3625168cdef117f4a794.pdf.gz,３５５． ※２０１２年８月２４日解除,HISTORICAL,REVIEW_REQUIRED,false,mofa-names-v1
126adf153bd520671b9de87b006de3863ebbbb907b1b3625168cdef117f4a794:UN:356,current_un,356,UN,,unknown,false,105,126adf153bd520671b9de87b006de3863ebbbb907b1b3625168cdef117f4a794,https://www.mofa.go.jp/mofaj/files/000015952.pdf,https://www.mofa.go.jp/mofaj/files/000015952.pdf#page=105,data/raw/mofa/126adf153bd520671b9de87b006de3863ebbbb907b1b3625168cdef117f4a794.pdf.gz,３５６． ※２０１２年１２月１９日解除,HISTORICAL,REVIEW_REQUIRED,false,mofa-names-v1
126adf153bd520671b9de87b006de3863ebbbb907b1b3625168cdef117f4a794:UN:357,current_un,357,UN,,unknown,false,105,126adf153bd520671b9de87b006de3863ebbbb907b1b3625168cdef117f4a794,https://www.mofa.go.jp/mofaj/files/000015952.pdf,https://www.mofa.go.jp/mofaj/files/000015952.pdf#page=105,data/raw/mofa/126adf153bd520671b9de87b006de3863ebbbb907b1b3625168cdef117f4a794.pdf.gz,３５７． ※２０２２年１月２８日解除,HISTORICAL,REVIEW_REQUIRED,false,mofa-names-v1
126adf153bd520671b9de87b006de3863ebbbb907b1b3625168cdef117f4a794:UN:358,current_un,358,UN,,unknown,false,105,126adf153bd520671b9de87b006de3863ebbbb907b1b3625168cdef117f4a794,https://www.mofa.go.jp/mofaj/files/000015952.pdf,https://www.mofa.go.jp/mofaj/files/000015952.pdf#page=105,data/raw/mofa/126adf153bd520671b9de87b006de3863ebbbb907b1b3625168cdef117f4a794.pdf.gz,３５８． ※２０１２年５月３０日解除,HISTORICAL,REVIEW_REQUIRED,false,mofa-names-v1
126adf153bd520671b9de87b006de3863ebbbb907b1b3625168cdef117f4a794:UN:359,current_un,359,UN,,unknown,false,105,126adf153bd520671b9de87b006de3863ebbbb907b1b3625168cdef117f4a794,https://www.mofa.go.jp/mofaj/files/000015952.pdf,https://www.mofa.go.jp/mofaj/files/000015952.pdf#page=105,data/raw/mofa/126adf153bd520671b9de87b006de3863ebbbb907b1b3625168cdef117f4a794.pdf.gz,３５９． ※２０１５年４月３０日解除,HISTORICAL,REVIEW_REQUIRED,false,mofa-names-v1
126adf153bd520671b9de87b006de3863ebbbb907b1b3625168cdef117f4a794:UN:360,current_un,360,UN,,unknown,false,105,126adf153bd520671b9de87b006de3863ebbbb907b1b3625168cdef117f4a794,https://www.mofa.go.jp/mofaj/files/000015952.pdf,https://www.mofa.go.jp/mofaj/files/000015952.pdf#page=105,data/raw/mofa/126adf153bd520671b9de87b006de3863ebbbb907b1b3625168cdef117f4a794.pdf.gz,３６０． ※２０１２年５月３０日解除,HISTORICAL,REVIEW_REQUIRED,false,mofa-names-v1
126adf153bd520671b9de87b006de3863ebbbb907b1b3625168cdef117f4a794:UN:361,current_un,361,UN,,unknown,false,105,126adf153bd520671b9de87b006de3863ebbbb907b1b3625168cdef117f4a794,https://www.mofa.go.jp/mofaj/files/000015952.pdf,https://www.mofa.go.jp/mofaj/files/000015952.pdf#page=105,data/raw/mofa/126adf153bd520671b9de87b006de3863ebbbb907b1b3625168cdef117f4a794.pdf.gz,３６１． ※２０１５年４月３０日解除,HISTORICAL,REVIEW_REQUIRED,false,mofa-names-v1
126adf153bd520671b9de87b006de3863ebbbb907b1b3625168cdef117f4a794:UN:362,current_un,362,UN,,unknown,false,105,126adf153bd520671b9de87b006de3863ebbbb907b1b3625168cdef117f4a794,https://www.mofa.go.jp/mofaj/files/000015952.pdf,https://www.mofa.go.jp/mofaj/files/000015952.pdf#page=105,data/raw/mofa/126adf153bd520671b9de87b006de3863ebbbb907b1b3625168cdef117f4a794.pdf.gz,３６２． ※２０１５年４月３０日解除,HISTORICAL,REVIEW_REQUIRED,false,mofa-names-v1
126adf153bd520671b9de87b006de3863ebbbb907b1b3625168cdef117f4a794:UN:363,current_un,363,UN,,unknown,false,105,126adf153bd520671b9de87b006de3863ebbbb907b1b3625168cdef117f4a794,https://www.mofa.go.jp/mofaj/files/000015952.pdf,https://www.mofa.go.jp/mofaj/files/000015952.pdf#page=105,data/raw/mofa/126adf153bd520671b9de87b006de3863ebbbb907b1b3625168cdef117f4a794.pdf.gz,３６３． ※２０１２年８月２４日解除,HISTORICAL,REVIEW_REQUIRED,false,mofa-names-v1
126adf153bd520671b9de87b006de3863ebbbb907b1b3625168cdef117f4a794:UN:364,current_un,364,UN,,unknown,false,105,126adf153bd520671b9de87b006de3863ebbbb907b1b3625168cdef117f4a794,https://www.mofa.go.jp/mofaj/files/000015952.pdf,https://www.mofa.go.jp/mofaj/files/000015952.pdf#page=105,data/raw/mofa/126adf153bd520671b9de87b006de3863ebbbb907b1b3625168cdef117f4a794.pdf.gz,３６４． ※２０１１年８月５日解除,HISTORICAL,REVIEW_REQUIRED,false,mofa-names-v1
126adf153bd520671b9de87b006de3863ebbbb907b1b3625168cdef117f4a794:UN:365,current_un,365,UN,,unknown,false,105,126adf153bd520671b9de87b006de3863ebbbb907b1b3625168cdef117f4a794,https://www.mofa.go.jp/mofaj/files/000015952.pdf,https://www.mofa.go.jp/mofaj/files/000015952.pdf#page=105,data/raw/mofa/126adf153bd520671b9de87b006de3863ebbbb907b1b3625168cdef117f4a794.pdf.gz,３６５． ※２０１１年８月５日解除,HISTORICAL,REVIEW_REQUIRED,false,mofa-names-v1
126adf153bd520671b9de87b006de3863ebbbb907b1b3625168cdef117f4a794:UN:366,current_un,366,UN,,person,true,105;106,126adf153bd520671b9de87b006de3863ebbbb907b1b3625168cdef117f4a794,https://www.mofa.go.jp/mofaj/files/000015952.pdf,https://www.mofa.go.jp/mofaj/files/000015952.pdf#page=105,data/raw/mofa/126adf153bd520671b9de87b006de3863ebbbb907b1b3625168cdef117f4a794.pdf.gz,"３６６．ヤシン・シャワル（別名：(a)サリム・ヤシン (b)ヤシン・マフムード・モフタル (c)ア
ブドゥル・ハディ・ヤシン (d)ムハマド・ムバロク (e)ムハンマド・シャワル (f)ヤシン・シ
ャワル（以前掲載の氏名） (g)アブ・セタ (h)マフムード （i）アブ・ムアマル （ｊ）ムバロ
ク）
YASSIN SYAWAL
(a.k.a.： (a)Salim Yasin (b)Yasin Mahmud Mochtar (c)Abdul Hadi Yasin (d)Muhamad
Mubarok (e)Muhammad Syawal (f)Yassin Sywal(formerly listed as) (g)Abu Seta
(h)Mahmud (i)Abu Muamar (j)Mubarok)
称号：不明
役職：不明
生年月日：１９６２年９月３日
出生地：Makassar, Indonesia
国籍：インドネシア
旅券番号：不明
ＩＤ番号：不明
住所：不明
国連制裁委員会による指定日：２００３年９月９日（２０１４年１２月１２日、２０１９年３月
２９日及び２０２３年３月１５日に改訂）
その他の情報：２００３年１２月時点で逃亡中。国連安全保障理事会決議第１８２２号
（２００８年）に基づく見直しは２０１０年５月２５日に終了した。国連安全保障理事会決
議第２２５３号（２０１５年）に基づく見直しは２０１９年２月２１日に終了した。国連安全
保障理事会決議第２６１０号（２０２１年）に基づく見直しは２０２２年１１月８日に終了し
た。同人に対するインターポール（国際刑事警察機構）・国連安全保障理事会特別手
配書のウェブ・リンク：https://www.interpol.int/en/How-we-work/Notices/View-UN-
Notices-Individuals",REVIEW_REQUIRED,REVIEW_REQUIRED,false,mofa-names-v1
126adf153bd520671b9de87b006de3863ebbbb907b1b3625168cdef117f4a794:UN:367,current_un,367,UN,,person,true,106;107,126adf153bd520671b9de87b006de3863ebbbb907b1b3625168cdef117f4a794,https://www.mofa.go.jp/mofaj/files/000015952.pdf,https://www.mofa.go.jp/mofaj/files/000015952.pdf#page=106,data/raw/mofa/126adf153bd520671b9de87b006de3863ebbbb907b1b3625168cdef117f4a794.pdf.gz,"３６７．ユノス・ウムパラ・ムクリス（別名：(a)ムクリス・ユノス (b)ムクリス・ユノス (c)サ
イフッラー・ムクリス・ユノス (d)サイフッラー・ムクリス・ユノス (e)ハッジ・オーノス）
YUNOS UMPARA MOKLIS (a.k.a.: (a)Muklis Yunos (b)Mukhlis Yunos (c)Saifullah
Mukhlis Yunos (d)Saifulla Moklis Yunos (e)Hadji Onos)
称号：不明
役職：不明
生年月日：１９６６年７月７日
出生地：Lanao del Sur, Philippines
国籍：フィリピン
旅券番号：不明
ＩＤ番号：不明
住所：フィリピン（２０１７年５月時点で依然収容中）
国連制裁委員会による指定日：２００３年９月９日（２００５年９月９日、２００９年２月２３
日、６月３日、２０１１年５月１６日、２０１７年９月２２日及び２０２０年１１月２４日に改訂）
その他の情報：２０００年１２月３０日にマニラで起きた爆弾事件に関与したとして、２０
０９年１月２３日にフィリピンにおいて仮釈放期間のない終身刑を受けた。国連安全保
障理事会決議第１８２２号（２００８年）に基づく見直しは２０１０年５月２５日に終了した。
国連安全保障理事会決議第２３６８号（２０１７年）に基づく見直しは２０２０年１１月２４
日に終了した。同人に対するインターポール（国際刑事警察機構）・国連安全保障理
事 会 特 別 手 配 書 の ウ ェ ブ ・ リ ン ク ： https://www.interpol.int/en/How-we-
work/Notices/View-UN-Notices-Individuals
同ウェブ・リンクに写真が含まれている。",EXTRACTED,REVIEW_REQUIRED,false,mofa-names-v1
126adf153bd520671b9de87b006de3863ebbbb907b1b3625168cdef117f4a794:UN:368,current_un,368,UN,,unknown,false,107,126adf153bd520671b9de87b006de3863ebbbb907b1b3625168cdef117f4a794,https://www.mofa.go.jp/mofaj/files/000015952.pdf,https://www.mofa.go.jp/mofaj/files/000015952.pdf#page=107,data/raw/mofa/126adf153bd520671b9de87b006de3863ebbbb907b1b3625168cdef117f4a794.pdf.gz,３６８． ※２０１０年５月２５日解除,HISTORICAL,REVIEW_REQUIRED,false,mofa-names-v1
126adf153bd520671b9de87b006de3863ebbbb907b1b3625168cdef117f4a794:UN:369,current_un,369,UN,,unknown,false,107,126adf153bd520671b9de87b006de3863ebbbb907b1b3625168cdef117f4a794,https://www.mofa.go.jp/mofaj/files/000015952.pdf,https://www.mofa.go.jp/mofaj/files/000015952.pdf#page=107,data/raw/mofa/126adf153bd520671b9de87b006de3863ebbbb907b1b3625168cdef117f4a794.pdf.gz,３６９． ※２０１０年５月２５日解除,HISTORICAL,REVIEW_REQUIRED,false,mofa-names-v1
126adf153bd520671b9de87b006de3863ebbbb907b1b3625168cdef117f4a794:UN:370,current_un,370,UN,,person,true,107,126adf153bd520671b9de87b006de3863ebbbb907b1b3625168cdef117f4a794,https://www.mofa.go.jp/mofaj/files/000015952.pdf,https://www.mofa.go.jp/mofaj/files/000015952.pdf#page=107,data/raw/mofa/126adf153bd520671b9de87b006de3863ebbbb907b1b3625168cdef117f4a794.pdf.gz,"３７０．パルリンドゥンガン・シレガル（別名：(a)シレガル、パルリン(b)シレガル、サレ・パ
ルリンドゥンガン）
PARLINDUNGAN SIREGAR
(a.k.a.：(a)Siregar, Parlin (b)Siregar, Saleh Parlindungan)
称号：不明
役職：不明
生年月日：(a)１９５７年４月２５日 (b)１９６７年４月２５日
出生地：インドネシア
国籍：インドネシア
旅券番号：不明
ＩＤ番号：不明
住所：不明
国連制裁委員会による指定日：２００３年９月９日（２０１９年１２月６日及び２０２３年３
月１５日に改訂）
その他の情報：国連安全保障理事会決議第１８２２号（２００８年）に基づく見直しは２
０１０年５月２５日に終了した。国連安全保障理事会決議第２３６８号（２０１７年）に基
づく見直しは２０１９年１２月４日に終了した。国連安全保障理事会決議第２６１０号（２
０２１年）に基づく見直しは２０２２年１１月８日に終了した。同人に対するインターポー
ル（国際刑事警察機構）・国連安全保障理事会特別手配書のウェブ・リンク：
https://www.interpol.int/en/How-we-work/Notices/View-UN-Notices-Individuals",REVIEW_REQUIRED,REVIEW_REQUIRED,false,mofa-names-v1
126adf153bd520671b9de87b006de3863ebbbb907b1b3625168cdef117f4a794:UN:371,current_un,371,UN,QDi.114,person,true,107;108,126adf153bd520671b9de87b006de3863ebbbb907b1b3625168cdef117f4a794,https://www.mofa.go.jp/mofaj/files/000015952.pdf,https://www.mofa.go.jp/mofaj/files/000015952.pdf#page=107,data/raw/mofa/126adf153bd520671b9de87b006de3863ebbbb907b1b3625168cdef117f4a794.pdf.gz,"３７１．サリム・Y・サラムディン・ジュルキプリ
SALIM Y SALAMUDDIN JULKIPLI
国連参照番号：QDi.114
生年月日：1967/６/20
出生地：Tulay, Jolo Sulu, Philippines
別名：キプリ・サリ； ジュルキプリ・サリム
Kipli Sali; Julkipli Salim
国籍：フィリピン
Philippines
リスト掲載日：2003年９月９日（2009年２月23日、2011年12月13日、2019年12月６日、
2022年11月８日及び2026年８月18日に改訂）
その他の情報：国連安全保障理事会決議に基づく見直しは2010年５月25日、2019年
12月４日、2022年11月８日、2025年12月31日に終了した。アブ・サヤフ（167．に指定し
た団体）のメンバー。2011年５月時点でフィリピンにおいて拘留されている。同人に対
するインターポール（国際刑事警察機構）・国連安全保障理事会特別手配書のウェ
ブ・リンク：https://www.interpol.int/en/How-we-work/Notices/View-UN-Notices-
Individuals",EXTRACTED,REVIEW_REQUIRED,false,mofa-names-v1
126adf153bd520671b9de87b006de3863ebbbb907b1b3625168cdef117f4a794:UN:372,current_un,372,UN,,person,true,108,126adf153bd520671b9de87b006de3863ebbbb907b1b3625168cdef117f4a794,https://www.mofa.go.jp/mofaj/files/000015952.pdf,https://www.mofa.go.jp/mofaj/files/000015952.pdf#page=108,data/raw/mofa/126adf153bd520671b9de87b006de3863ebbbb907b1b3625168cdef117f4a794.pdf.gz,"３７２．アリス・ムナンダル
ARIS MUNANDAR
称号：不明
役職：不明
生年月日：１９７１年１月１日
出生地：Sambi, Boyolali, Java, Indonesia
国籍：インドネシア（2003 年 12 月時点）
旅券番号：不明
ＩＤ番号：不明
住所：不明
国連制裁委員会による指定日：２００３年９月９日（２００５年９月９日、２００６年１０月４
日、２０１４年１２月１２日、２０１９年５月１日、２０２３年２月２日及び３月１５日に改訂）
その他の情報：およそ２００３年１２月時点。国連安全保障理事会決議第１８２２号（２
００８年）に基づく見直しは２０１０年５月２５日に終了した。国連安全保障理事会決議
第２２５３号（２０１５年）に基づく見直しは２０１９年２月２１日に終了した。国連安全保
障理事会決議第２６１０号（２０２１年）に基づく見直しは２０２２年１１月８日に終了した。
同人に対するインターポール（国際刑事警察機構）・国連安全保障理事会特別手配
書のウェブ・リンク： https://www.interpol.int/en/How-we-work/Notices/View-UN-
Notices-Individuals",EXTRACTED,REVIEW_REQUIRED,false,mofa-names-v1
126adf153bd520671b9de87b006de3863ebbbb907b1b3625168cdef117f4a794:UN:373,current_un,373,UN,,unknown,false,108,126adf153bd520671b9de87b006de3863ebbbb907b1b3625168cdef117f4a794,https://www.mofa.go.jp/mofaj/files/000015952.pdf,https://www.mofa.go.jp/mofaj/files/000015952.pdf#page=108,data/raw/mofa/126adf153bd520671b9de87b006de3863ebbbb907b1b3625168cdef117f4a794.pdf.gz,３７３． ※２０１０年５月２５日解除,HISTORICAL,REVIEW_REQUIRED,false,mofa-names-v1
126adf153bd520671b9de87b006de3863ebbbb907b1b3625168cdef117f4a794:UN:374,current_un,374,UN,,person,true,108;109,126adf153bd520671b9de87b006de3863ebbbb907b1b3625168cdef117f4a794,https://www.mofa.go.jp/mofaj/files/000015952.pdf,https://www.mofa.go.jp/mofaj/files/000015952.pdf#page=108,data/raw/mofa/126adf153bd520671b9de87b006de3863ebbbb907b1b3625168cdef117f4a794.pdf.gz,"３７４．アグス・ドゥイカルナ
AGUS DWIKARNA
称号：不明
役職：不明
生年月日：1964 年８月 11 日
出生地：Makassar, South Sulawesi, Indonesia
国籍：インドネシア
旅券番号：インドネシア渡航文書番号 ＸＤ253038
ＩＤ番号：不明
住所：インドネシア
国連制裁委員会による指定日：2003 年９月９日（2004 年 11 月 26 日、2014 年５月 14
日、2019 年 12 月６日及び 2024 年２月７日に改訂）
その他の情報：フィリピンにおいて、2002 年３月 13 日に逮捕され、2002 年７月 12 日
に刑の言渡しを受けた。2014 年１月１日にフィリピンの拘置所から釈放され、その後
インドネシアに追放された。身体的情報；身長 165 センチメートル。写真はインターポ
ール（国際刑事警察機構）・国連安全保障理事会特別手配書に含まれているものを
利用可能。国連安全保障理事会決議第 1822 号（2008 年）に基づく見直しは 2010 年
５月 25 日に終了した。国連安全保障理事会決議第 2368 号（2017 年）に基づく見直し
は 2019 年 12 月４日に終了した。国連安全保障理事会決議第２６１０号（２０２１年）に
基づく見直しは２０２３年１０月３０日に終了した。同人に対するインターポール（国際
刑 事 警 察 機 構 ） ・ 国 連 安 全 保 障 理 事 会 特 別 手 配 書 の ウ ェ ブ ・ リ ン ク ：
https://www.interpol.int/en/How-we-work/Notices/View-UN-Notices-Individuals",EXTRACTED,REVIEW_REQUIRED,false,mofa-names-v1
126adf153bd520671b9de87b006de3863ebbbb907b1b3625168cdef117f4a794:UN:375,current_un,375,UN,,person,true,109,126adf153bd520671b9de87b006de3863ebbbb907b1b3625168cdef117f4a794,https://www.mofa.go.jp/mofaj/files/000015952.pdf,https://www.mofa.go.jp/mofaj/files/000015952.pdf#page=109,data/raw/mofa/126adf153bd520671b9de87b006de3863ebbbb907b1b3625168cdef117f4a794.pdf.gz,"３７５．アブドゥル・ハキム・ムラード（別名：⒜ムラード・アブドゥル・ハキム・ハシム⒝ム
ラード・アブドゥル・ハキム・アリ・ハシム⒞ムラード・アブドゥル・ハキム・アル・ハシム
⒟サイイド・アクマン⒠サイイド・アフメド⒡アブドゥル・ハキム・アリ・アル・ハシェム・ム
ラード）
ABDUL HAKIM MURAD
(original script: دارم میكحلا دبع)
(a.k.a. : ⒜Murad, Abdul Hakim Hasim ⒝Murad, Abdul Hakim Ali Hashim ⒞Murad,
Abdul Hakim al Hashim ⒟Saeed Akman ⒠Saeed Ahmed ⒡Abdul Hakim Ali al-
Hashem Murad)
称号：不明
役職：不明
生年月日：1968 年４月 11 日
出生地：クウェート
国籍：パキスタン
旅券番号：⒜パキスタン旅券 665334（クウェートで発行）⒝パキスタン旅券 917739
（1991 年８月８日パキスタンで発行、1996 年８月７日に失効）
ＩＤ番号：不明
住所：不明
国連制裁委員会による指定日：2003 年９月９日（2011 年５月 16 日、2019 年 12 月６
日及び 2024 年２月７日に改訂）
その他の情報：母の名前はアミーナ・アフマド・シェル・アル・バローシ（Aminah Ahmad
Sher al-Baloushi）。米国で拘留。国連安全保障理事会決議第 1822 号（2008 年）に基
づく見直しは 2010 年５月 25 日に終了した。国連安全保障理事会決議第 2368 号
（2017 年）に基づく見直しは 2019 年 12 月４日に終了した。国連安全保障理事会決議
第２６１０号（２０２１年）に基づく見直しは２０２３年１０月３０日に終了した。同人に対す
るインターポール（国際刑事警察機構）・国連安全保障理事会特別手配書のウェブ・
リ ン ク ： https://www.interpol.int/en/How-we-work/Notices/View-UN-Notices-
Individuals",REVIEW_REQUIRED,REVIEW_REQUIRED,false,mofa-names-v1
126adf153bd520671b9de87b006de3863ebbbb907b1b3625168cdef117f4a794:UN:376,current_un,376,UN,,unknown,false,110,126adf153bd520671b9de87b006de3863ebbbb907b1b3625168cdef117f4a794,https://www.mofa.go.jp/mofaj/files/000015952.pdf,https://www.mofa.go.jp/mofaj/files/000015952.pdf#page=110,data/raw/mofa/126adf153bd520671b9de87b006de3863ebbbb907b1b3625168cdef117f4a794.pdf.gz,３７６． ※２０１７年１０月６日解除,HISTORICAL,REVIEW_REQUIRED,false,mofa-names-v1
126adf153bd520671b9de87b006de3863ebbbb907b1b3625168cdef117f4a794:UN:377,current_un,377,UN,,unknown,false,110,126adf153bd520671b9de87b006de3863ebbbb907b1b3625168cdef117f4a794,https://www.mofa.go.jp/mofaj/files/000015952.pdf,https://www.mofa.go.jp/mofaj/files/000015952.pdf#page=110,data/raw/mofa/126adf153bd520671b9de87b006de3863ebbbb907b1b3625168cdef117f4a794.pdf.gz,３７７． ※２０１０年５月２５日解除,HISTORICAL,REVIEW_REQUIRED,false,mofa-names-v1
126adf153bd520671b9de87b006de3863ebbbb907b1b3625168cdef117f4a794:UN:378,current_un,378,UN,,unknown,false,110,126adf153bd520671b9de87b006de3863ebbbb907b1b3625168cdef117f4a794,https://www.mofa.go.jp/mofaj/files/000015952.pdf,https://www.mofa.go.jp/mofaj/files/000015952.pdf#page=110,data/raw/mofa/126adf153bd520671b9de87b006de3863ebbbb907b1b3625168cdef117f4a794.pdf.gz,３７８． ※２０１４年５月１３日解除,HISTORICAL,REVIEW_REQUIRED,false,mofa-names-v1
126adf153bd520671b9de87b006de3863ebbbb907b1b3625168cdef117f4a794:UN:379,current_un,379,UN,,unknown,false,110,126adf153bd520671b9de87b006de3863ebbbb907b1b3625168cdef117f4a794,https://www.mofa.go.jp/mofaj/files/000015952.pdf,https://www.mofa.go.jp/mofaj/files/000015952.pdf#page=110,data/raw/mofa/126adf153bd520671b9de87b006de3863ebbbb907b1b3625168cdef117f4a794.pdf.gz,３７９． ※２０１３年５月２４日解除,HISTORICAL,REVIEW_REQUIRED,false,mofa-names-v1
126adf153bd520671b9de87b006de3863ebbbb907b1b3625168cdef117f4a794:UN:380,current_un,380,UN,,person,true,110,126adf153bd520671b9de87b006de3863ebbbb907b1b3625168cdef117f4a794,https://www.mofa.go.jp/mofaj/files/000015952.pdf,https://www.mofa.go.jp/mofaj/files/000015952.pdf#page=110,data/raw/mofa/126adf153bd520671b9de87b006de3863ebbbb907b1b3625168cdef117f4a794.pdf.gz,"３８０．ヤジド・スファト（別名：(a)ジョー (b)アブ・ズファル）
YAZID SUFAAT
(a.k.a.: (a)Joe (b)Abu Zufar)
称号：不明
役職：不明
生年月日：１９６４年１月２０日
出生地：Johor, Malaysia
国籍：マレーシア
旅券番号：A 10472263
ＩＤ番号：640120-01-5529
住所：(a)Taman Bukit Ampang, State of Selangor, Malaysia（以前の住所）(b)Malaysia
（２０１３年から２０１９年まで刑務所内）
国連制裁委員会による指定日：２００３年９月９日（２００４年５月３日、２００８年２月１
日、２００９年８月１０日、２０１０年１月２５日、２０１１年５月１６日、２０１６年１０月１１
日、２０１７年９月２２日、２０１９年５月１日、２０２３年３月１５日及び７月２１日に改訂）
その他の情報：ジュマ・イスラミーヤ（３３２．に指定した団体）の設立メンバーで、ア
ル・カーイダ（１６６．に指定した団体）の生物兵器計画に従事し、２００１年９月１１日
の米国におけるアル・カーイダのテロ攻撃に関与した者を支援し、支援を行い、ジュ
マ・イスラミーヤの爆弾テロ作戦に関与していた。２００１年から２００８年まで、マレー
シアで投獄されていた。２０１３年にマレーシアで逮捕され、テロ活動に関する情報の
報告に不備があったとして、２０１６年１月に懲役７年の刑を宣告された。２０１９年１１
月２０日に刑期が終了した。２０２１年１１月２１日までの間、マレーシアのスランゴー
ル州において２年間の居住地制限令を課された。国連安全保障理事会決議第１９８９
号（２０１１年）に基づく見直しは２０１４年３月６日に終了した。国連安全保障理事会決
議第２２５３号（２０１５年）に基づく見直しは２０１９年２月２１日に終了した。国連安全
保障理事会決議第２６１０号（２０２１年）に基づく見直しは２０２２年１１月８日に終了し
た。同人に対するインターポール（国際刑事警察機構）・国連安全保障理事会特別手
配書のウェブ・リンク：https://www.interpol.int/en/How-we-work/Notices/View-UN-
Notices-Individuals に写真が含まれている。",EXTRACTED,REVIEW_REQUIRED,false,mofa-names-v1
126adf153bd520671b9de87b006de3863ebbbb907b1b3625168cdef117f4a794:UN:381,current_un,381,UN,,unknown,false,110,126adf153bd520671b9de87b006de3863ebbbb907b1b3625168cdef117f4a794,https://www.mofa.go.jp/mofaj/files/000015952.pdf,https://www.mofa.go.jp/mofaj/files/000015952.pdf#page=110,data/raw/mofa/126adf153bd520671b9de87b006de3863ebbbb907b1b3625168cdef117f4a794.pdf.gz,３８１． ※２０１３年５月２４日解除,HISTORICAL,REVIEW_REQUIRED,false,mofa-names-v1
126adf153bd520671b9de87b006de3863ebbbb907b1b3625168cdef117f4a794:UN:382,current_un,382,UN,,unknown,false,111,126adf153bd520671b9de87b006de3863ebbbb907b1b3625168cdef117f4a794,https://www.mofa.go.jp/mofaj/files/000015952.pdf,https://www.mofa.go.jp/mofaj/files/000015952.pdf#page=111,data/raw/mofa/126adf153bd520671b9de87b006de3863ebbbb907b1b3625168cdef117f4a794.pdf.gz,３８２． ※２００８年１０月３１日解除,HISTORICAL,REVIEW_REQUIRED,false,mofa-names-v1
126adf153bd520671b9de87b006de3863ebbbb907b1b3625168cdef117f4a794:UN:383,current_un,383,UN,,unknown,false,111,126adf153bd520671b9de87b006de3863ebbbb907b1b3625168cdef117f4a794,https://www.mofa.go.jp/mofaj/files/000015952.pdf,https://www.mofa.go.jp/mofaj/files/000015952.pdf#page=111,data/raw/mofa/126adf153bd520671b9de87b006de3863ebbbb907b1b3625168cdef117f4a794.pdf.gz,３８３． ※２０１０年９月２２日解除,HISTORICAL,REVIEW_REQUIRED,false,mofa-names-v1
126adf153bd520671b9de87b006de3863ebbbb907b1b3625168cdef117f4a794:UN:384,current_un,384,UN,,unknown,false,111,126adf153bd520671b9de87b006de3863ebbbb907b1b3625168cdef117f4a794,https://www.mofa.go.jp/mofaj/files/000015952.pdf,https://www.mofa.go.jp/mofaj/files/000015952.pdf#page=111,data/raw/mofa/126adf153bd520671b9de87b006de3863ebbbb907b1b3625168cdef117f4a794.pdf.gz,３８４． ※２０１３年５月２４日解除,HISTORICAL,REVIEW_REQUIRED,false,mofa-names-v1
126adf153bd520671b9de87b006de3863ebbbb907b1b3625168cdef117f4a794:UN:385,current_un,385,UN,,unknown,false,111,126adf153bd520671b9de87b006de3863ebbbb907b1b3625168cdef117f4a794,https://www.mofa.go.jp/mofaj/files/000015952.pdf,https://www.mofa.go.jp/mofaj/files/000015952.pdf#page=111,data/raw/mofa/126adf153bd520671b9de87b006de3863ebbbb907b1b3625168cdef117f4a794.pdf.gz,３８５． ※２０１３年５月２４日解除,HISTORICAL,REVIEW_REQUIRED,false,mofa-names-v1
126adf153bd520671b9de87b006de3863ebbbb907b1b3625168cdef117f4a794:UN:386,current_un,386,UN,,unknown,false,111,126adf153bd520671b9de87b006de3863ebbbb907b1b3625168cdef117f4a794,https://www.mofa.go.jp/mofaj/files/000015952.pdf,https://www.mofa.go.jp/mofaj/files/000015952.pdf#page=111,data/raw/mofa/126adf153bd520671b9de87b006de3863ebbbb907b1b3625168cdef117f4a794.pdf.gz,３８６． ※２０１１年８月５日解除,HISTORICAL,REVIEW_REQUIRED,false,mofa-names-v1
126adf153bd520671b9de87b006de3863ebbbb907b1b3625168cdef117f4a794:UN:387,current_un,387,UN,,unknown,false,111,126adf153bd520671b9de87b006de3863ebbbb907b1b3625168cdef117f4a794,https://www.mofa.go.jp/mofaj/files/000015952.pdf,https://www.mofa.go.jp/mofaj/files/000015952.pdf#page=111,data/raw/mofa/126adf153bd520671b9de87b006de3863ebbbb907b1b3625168cdef117f4a794.pdf.gz,３８７． ※２０１５年９月２８日解除,HISTORICAL,REVIEW_REQUIRED,false,mofa-names-v1
126adf153bd520671b9de87b006de3863ebbbb907b1b3625168cdef117f4a794:UN:388,current_un,388,UN,,unknown,false,111,126adf153bd520671b9de87b006de3863ebbbb907b1b3625168cdef117f4a794,https://www.mofa.go.jp/mofaj/files/000015952.pdf,https://www.mofa.go.jp/mofaj/files/000015952.pdf#page=111,data/raw/mofa/126adf153bd520671b9de87b006de3863ebbbb907b1b3625168cdef117f4a794.pdf.gz,３８８． ※２００５年１月７日解除,HISTORICAL,REVIEW_REQUIRED,false,mofa-names-v1
126adf153bd520671b9de87b006de3863ebbbb907b1b3625168cdef117f4a794:UN:389,current_un,389,UN,,unknown,false,111,126adf153bd520671b9de87b006de3863ebbbb907b1b3625168cdef117f4a794,https://www.mofa.go.jp/mofaj/files/000015952.pdf,https://www.mofa.go.jp/mofaj/files/000015952.pdf#page=111,data/raw/mofa/126adf153bd520671b9de87b006de3863ebbbb907b1b3625168cdef117f4a794.pdf.gz,３８９． ※２０１６年７月１５日解除,HISTORICAL,REVIEW_REQUIRED,false,mofa-names-v1
126adf153bd520671b9de87b006de3863ebbbb907b1b3625168cdef117f4a794:UN:390,current_un,390,UN,,unknown,false,111,126adf153bd520671b9de87b006de3863ebbbb907b1b3625168cdef117f4a794,https://www.mofa.go.jp/mofaj/files/000015952.pdf,https://www.mofa.go.jp/mofaj/files/000015952.pdf#page=111,data/raw/mofa/126adf153bd520671b9de87b006de3863ebbbb907b1b3625168cdef117f4a794.pdf.gz,３９０． ※２０１５年９月２８日解除,HISTORICAL,REVIEW_REQUIRED,false,mofa-names-v1
126adf153bd520671b9de87b006de3863ebbbb907b1b3625168cdef117f4a794:UN:391,current_un,391,UN,,person,true,111;112,126adf153bd520671b9de87b006de3863ebbbb907b1b3625168cdef117f4a794,https://www.mofa.go.jp/mofaj/files/000015952.pdf,https://www.mofa.go.jp/mofaj/files/000015952.pdf#page=111,data/raw/mofa/126adf153bd520671b9de87b006de3863ebbbb907b1b3625168cdef117f4a794.pdf.gz,"３９１．ジャメル・ムストファ（別名：(a)カラド・ベルカサム、１９７９年１２月３１日に出生
(b)モスタファ・ジャメル、１９７９年１２月３１日にアルジェリア、マスカラにて出生(c)モス
タファ・ジャメル、１９７３年９月２６日にアルジェリア、マフディアにて出生(d)ムスタファ・
ジャメル、１９７９年１２月３１日にアルジェリア、マスカラにて出生(e)バルカサム・カラド、
１９７３年８月２６日にアルジェリア、アルジェにて出生(f)ベカサム・カラド、１９７３年８
月２６日にアルジェリア、アルジェにて出生(g)ベルカサム・カラド、１９７３年８月２６日
にアルジェリア、アルジェにて出生(h)ダメル・モスタファ、１９７９年１２月３１日にアルジ
ェリア、アルジェにて出生(i)ジャマル・モスタファ、１９７９年１２月３１日にアルジェリア、
マスカラにて出生(j)ジャマル・モスタファ、１９８２年６月１０日に出生(k)ジャメル・モスタ
ファ、１９７９年１２月３１日にアルジェリア、マスカラにて出生(l)ジャメル・モスタファ、１
９７９年１２月３１日にアルジェリア、アルジェにて出生(m)フジャメル・ムスタファ、１９７
３年９月２８日にアルジェリア、ティアレットにて出生(n)ジャメル・ムスタファ、１９７９年１
２月３１日に出生(o)アリ・バルカニ、１９７３年８月２２日にモロッコにて出生(p)ジャメ
ル・ムスタファ、１９７９年１２月３１日にアルジェリア、マスカラにて出生(q)ムスタファ）
DJAMEL MOUSTFA
(original script: ىفطصم لامج）
(a.k.a.:(a)Kalad , born 31 Dec. 1979 (b)Mostafa Djamel, born 31 Dec. 1979 in Maskara,
Algeria (c)Mostefa Djamel, born 26 Sep. 1973 in Mahdia, Algeria (d)Mustafa Djamel,
born 31 Dec. 1979 in Mascara, Algeria (e)Balkasam Kalad, born 26 Aug. 1973 in Algiers,
Algeria (f)Bekasam Kalad, born 26 Aug. 1973 in Algiers, Algeria (g)Belkasam Kalad, born
26 Aug. 1973 in Algiers, Algeria (h)Damel Mostafa,born 31 Dec. 1979 in Algiers, Algeria
(i)Djamal Mostafa, born 31 Dec. 1979 in Maskara, Algeria (j)Djamal Mostafa, born 10
June 1982 (k)Djamel Mostafa, born 31 Dec. 1979in Maskara, Algeria (l)Djamel Mostafa,
born 31 Dec. 1979 in Algiers, Algeria (m)Fjamel Moustfa, born 28 Sep. 1973 in Tiaret,
Algeria (n)Djamel Mustafa, born 31 Dec. 1979 (o)Ali Barkani, born 22 Aug. 1973 in
Morocco (p)Djamel Mustafa, born 31 Dec. 1979 in Mascara, Algeria (q)Mustafa)
称号：不明
役職：不明
生年月日：１９７３年９月２８日
出生地：Tiaret, Algeria
国籍：アルジェリア
旅券番号：不明
ＩＤ番号：(a)デンマーク偽造運転免許証 no. 20645897、１９７３年８月２２日にモロッコ
で出生した Ali Barkani に対して発給 (b)アルジェリア出生証明書、１９７３年９月２５
日に Mehdia, Tiaret Province, Algeria で出生した Djamel Mostefa について発行
住所：アルジェリア
国連制裁委員会による指定日：２００３年９月２３日（２００７年９月７日、２００８年４月７
日、２０１０年１月２５日、２０１１年５月１６日、２０１９年５月１日及び２０２３年３月１５日
に改訂）
その他情報：父の名前はDjelalli Moustfa。母の名前はKadeja Mansore。２００７年９月、
ドイツよりアルジェリアに強制送還された。国連安全保障理事会決議第１８２２号（２０
０８年）に基づく見直しは２００９年１０月１９日に終了した。国連安全保障理事会決議
第２２５３号（２０１５年）に基づく見直しは２０１９年２月２１日に終了した。国連安全保
障理事会決議第２６１０号（２０２１年）に基づく見直しは２０２２年１１月８日に終了した。
同人に対するインターポール（国際刑事警察機構）・国連安全保障理事会特別手配
書のウェブ・リンク：https://www.interpol.int/en/How-we-work/Notices/View-UN-
Notices-Individuals",REVIEW_REQUIRED,REVIEW_REQUIRED,false,mofa-names-v1
126adf153bd520671b9de87b006de3863ebbbb907b1b3625168cdef117f4a794:UN:392,current_un,392,UN,,person,true,112;113,126adf153bd520671b9de87b006de3863ebbbb907b1b3625168cdef117f4a794,https://www.mofa.go.jp/mofaj/files/000015952.pdf,https://www.mofa.go.jp/mofaj/files/000015952.pdf#page=112,data/raw/mofa/126adf153bd520671b9de87b006de3863ebbbb907b1b3625168cdef117f4a794.pdf.gz,"３９２．ダウード・イブラヒム・カスカル（別名：（a)ダウード・エブラヒム（b）シェイク・ダウ
ード・ハッサン(c)アブドゥル・ハミド・アブドゥル・アジーズ(d)アニス・イブラヒム(e)アジー
ズ・ディリップ(f)ダウド・ハサン・シャイク・イブラヒム・カスカル(g)ダウド・イブラヒム・メ
モン・カスカル(h)ダウード・ハサン・イブラヒム・カスカル(i)ダウード・イブラヒム・メモン
(j)ダウード・サブリ(k)カスカル・ダウード・ハサン(l)シャイク・モフド・イスマイル・アブドゥ
ル・ラフマン(m)ダウード・ハッサン・シャイク・イブラヒム(n)ダウード・バーイー(o)イブラ
ヒム・シャイク・モフド・アニス(p)シャイク・イスマイル・アブドゥル(q)ヒズラ(r)シェイク・フ
ァルーキ(s)バダ・セット(t)バダ・バーイー(u)イクバル・バーイー(v)ムッチャド(w)ハジ・
サハブ)
DAWOOD IBRAHIM KASKAR (a.k.a. (a)Dawood Ebrahim (b)Sheikh Dawood Hassan
(c)Abdul Hamid Abdul Aziz (d)Anis Ibrahim (e)Aziz Dilip (f)Daud Hasan Shaikh Ibrahim
Kaskar (g)Daud Ibrahim Memon Kaskar (h)Dawood Hasan Ibrahim Kaskar (i)Dawood
Ibrahim Memon (j)Dawood Sabri (k)Kaskar Dawood Hasan (l)Shaikh Mohd Ismail Abdul
Rehman (m)Dowood Hassan Shaikh Ibrahim (n)Dawood Bhai (o)Ibrahim Shaikh Mohd
Anis (p)Shaikh Ismail Abdul (q)Hizrat (r)Sheikh Farooqi (s)Bada Seth (t)Bada Bhai
(u)Iqbal Bhai (v)Mucchad (w)Haji Sahab )
称号：Sheikh （シェイク）
役職：不明
生年月日：１９５５年１２月２６日
出生地：Kher, Ratnagiri, Maharashtra, India
国籍：インド
旅券番号：(a)インド旅券 A-333602 (1985 年 6 月 4 日インドのボンベイにて発行。そ
の後インド政府によって取り消された旅券) (b)インド旅券 M110522（1978 年 11 月 13
日ボンベイにて発行）(c)インド旅券 R841697（1981 年 11 月 26 日ボンベイにて発行）
(d)インド旅券 F823692 (JEDDAH)（1989 年 9 月 2 日在ジェッダ総領事館が発行）(e)イ
ンド旅券 A501801 (BOMBAY)（1985 年 7 月 26 日発行）(f)インド旅券 K560098
(BOMBAY)（1975 年 7 月 30 日発行）(g)V57865 (BOMBAY)（1983 年 10 月 3 日発行）
(h)P537849 (BOMBAY)（1979 年 7 月 30 日発行）(i)A717288 (MISUSE)（1985 年 8 月
18 日ドバイにて発行）(j)パキスタン旅券 G866537 (MISUSE)（1991 年 8 月 12 日ラワ
ルピンディーにて発行）(k)C-267185（1996 年 7 月カラチにて発行）(l)H-123259（2001
年 7 月ラワルピンディーにて発行）(m)G-869537（ラワルピンディーにて発行）(n)KC-
285901
ＩＤ番号：不明
住所：(a)Karachi, Pakistan(White House, Near Saudi Mosque, Clifton) (b)House Nu 37
– 30th Street – defence, Housing Ａuthority, Karachi, Pakistan (c)Palatial bungalow
in the hilly area of Noorabad in Karachi
国連制裁委員会による指定日：２００３年１１月３日（２００６年３月２１日、７月２５日、２
００７年７月２日、２０１０年３月１１日、２０１６年８月２２日及び２０２０年１１月２４日に
改訂）
その他の情報：父の名前は Sheikh Ibrahim Ali Kaskar。母の名前は Amina Bi。妻の名
前は Mehjabeen Shaikh。インド政府が国際逮捕令状を発出している。国連安全保障
理事会決議第１８２２号（２００８年）に基づく見直しは２０１０年５月２０日に終了した。
国連安全保障理事会決議第２３６８号（２０１７年）に基づく見直しは２０２０年１１月２４
日に終了した。同人に対するインターポール（国際刑事警察機構）・国連安全保障理
事 会 特 別 手 配 書 の ウ ェ ブ ・ リ ン ク ： https://www.interpol.int/en/How-we-
work/Notices/View-UN-Notices-Individuals",EXTRACTED,REVIEW_REQUIRED,false,mofa-names-v1
126adf153bd520671b9de87b006de3863ebbbb907b1b3625168cdef117f4a794:UN:393,current_un,393,UN,,person,true,113;114,126adf153bd520671b9de87b006de3863ebbbb907b1b3625168cdef117f4a794,https://www.mofa.go.jp/mofaj/files/000015952.pdf,https://www.mofa.go.jp/mofaj/files/000015952.pdf#page=113,data/raw/mofa/126adf153bd520671b9de87b006de3863ebbbb907b1b3625168cdef117f4a794.pdf.gz,"３９３．ムフタール・ビルムフタール（別名：(a)アブ・アッバース・ハーレド (b)ベラアウ
ア・ハーレド・アブ・エル・アッバース (c)ベラアウア・ハーレド・アブ・エル・アッバース
(d)ビルムフタール・ハーレド・アブ・エル・アッバース (e)ハーレド・アブ・エル・アッバー
ス (f)ハーレド・アブ・エル・アッバース (g)ハーレド・アブ・エル・アッバース (h)ハーレ
ド・アブラッバース・ナ・ウール (i)ムフタール・ビルムフタール (j)ベラアウア (k)ベラア
ウア)
MOKHTAR BELMOKHTAR
(original script:راتخملب راتخم)
(a.k.a.:(a)Abou Abbes Khaled (b)Belaouar Khaled Abou El Abass (c)Belaouer Khaled
Abou El Abass (d)Belmokhtar Khaled Abou El Abes (e)Khaled Abou El Abass (f)Khaled
Abou El Abbes (g)Khaled Abou El Abes (h)Khaled Abulabbas Na Oor (i)Mukhtar
Belmukhtar (j)Belaoua (k)Belaour)
称号：不明
役職：不明
生年月日：１９７２年６月１日
出生地：Ghardaia, Algeria
国籍：アルジェリア
旅券番号：不明
ＩＤ番号：不明
住所：不明
国連制裁委員会による指定日：２００３年１１月１１日（２００６年４月１２日、２００７年７
月２日、２００８年４月７日、２０１０年１月２５日、２０１１年５月１６日、２０１４年９月９日、
２０１９年５月１日、２０２３年２月２日及び３月１５日に改訂）
その他の情報：２０１６年１１月に死亡したと報告されている。父の名前は Mohamed。
母の名前は Zohra Chemkha。イスラム・マグレブ諸国のアル・カーイダ組織（ＡＱＩＭ）
（１７３．に指定した団体）の委員会メンバー。アル・ムワッカウーナ・ビッダム（６４６．に
指定した団体）、アル・ムラッサムーン（６４７．に指定した団体）及びアル・ムラービトゥ
ーン（６４８．に指定した団体）の指導者。国連安全保障理事会決議第１８２２号（２００
８年）に基づく見直しは２００９年７月３０日に終了した。国連安全保障理事会決議第２
２５３号（２０１５年）に基づく見直しは２０１９年２月２１日に終了した。国連安全保障理
事会決議第２６１０号（２０２１年）に基づく見直しは２０２２年１１月８日に終了した。同
人に対するインターポール（国際刑事警察機構）・国連安全保障理事会特別手配書
の ウ ェ ブ ・ リ ン ク ： https://www.interpol.int/en/How-we-work/Notices/View-UN-
Notices-Individuals",REVIEW_REQUIRED,REVIEW_REQUIRED,false,mofa-names-v1
126adf153bd520671b9de87b006de3863ebbbb907b1b3625168cdef117f4a794:UN:394,current_un,394,UN,,unknown,false,114,126adf153bd520671b9de87b006de3863ebbbb907b1b3625168cdef117f4a794,https://www.mofa.go.jp/mofaj/files/000015952.pdf,https://www.mofa.go.jp/mofaj/files/000015952.pdf#page=114,data/raw/mofa/126adf153bd520671b9de87b006de3863ebbbb907b1b3625168cdef117f4a794.pdf.gz,３９４． ※２０１０年２月５日解除,HISTORICAL,REVIEW_REQUIRED,false,mofa-names-v1
126adf153bd520671b9de87b006de3863ebbbb907b1b3625168cdef117f4a794:UN:395,current_un,395,UN,,unknown,false,114,126adf153bd520671b9de87b006de3863ebbbb907b1b3625168cdef117f4a794,https://www.mofa.go.jp/mofaj/files/000015952.pdf,https://www.mofa.go.jp/mofaj/files/000015952.pdf#page=114,data/raw/mofa/126adf153bd520671b9de87b006de3863ebbbb907b1b3625168cdef117f4a794.pdf.gz,３９５． ※２０１９年４月１３日解除,HISTORICAL,REVIEW_REQUIRED,false,mofa-names-v1
126adf153bd520671b9de87b006de3863ebbbb907b1b3625168cdef117f4a794:UN:396,current_un,396,UN,,unknown,false,114,126adf153bd520671b9de87b006de3863ebbbb907b1b3625168cdef117f4a794,https://www.mofa.go.jp/mofaj/files/000015952.pdf,https://www.mofa.go.jp/mofaj/files/000015952.pdf#page=114,data/raw/mofa/126adf153bd520671b9de87b006de3863ebbbb907b1b3625168cdef117f4a794.pdf.gz,３９６． ※２０１０年１１月１９日解除,HISTORICAL,REVIEW_REQUIRED,false,mofa-names-v1
126adf153bd520671b9de87b006de3863ebbbb907b1b3625168cdef117f4a794:UN:397,current_un,397,UN,,unknown,false,114,126adf153bd520671b9de87b006de3863ebbbb907b1b3625168cdef117f4a794,https://www.mofa.go.jp/mofaj/files/000015952.pdf,https://www.mofa.go.jp/mofaj/files/000015952.pdf#page=114,data/raw/mofa/126adf153bd520671b9de87b006de3863ebbbb907b1b3625168cdef117f4a794.pdf.gz,３９７． ※２０２１年２月２４日解除,HISTORICAL,REVIEW_REQUIRED,false,mofa-names-v1
126adf153bd520671b9de87b006de3863ebbbb907b1b3625168cdef117f4a794:UN:398,current_un,398,UN,,person,true,114;115,126adf153bd520671b9de87b006de3863ebbbb907b1b3625168cdef117f4a794,https://www.mofa.go.jp/mofaj/files/000015952.pdf,https://www.mofa.go.jp/mofaj/files/000015952.pdf#page=114,data/raw/mofa/126adf153bd520671b9de87b006de3863ebbbb907b1b3625168cdef117f4a794.pdf.gz,"３９８．イメード・ベン・メッキ・ザルカーウィー（別名：⒜ドール・ナドル、1974年１月15日
にモロッコにて出生⒝ドール・ナドル、1973年１月15日にモロッコにて出生⒞ダール・
ナドル、1975年３月31日にアルジェリアにて出生⒟イマード・ベン・アルメッキ・ベン・ア
ル・アフダル・アル・ザルカーウィ⒠ザルガ⒡ナドラ）
IMED BEN MEKKI ZARKAOUI
(original script : يواقرز يكم نب دامع)
(a.k.a. : ⒜Dour Nadre, born 15 Jan. 1974 in Morocco ⒝Dour Nadre, born 15 Jan.
1973 in Morocco ⒞Daour Nadre, born 31 Mar. 1975 in Algeria ⒟Imad ben al-Mekki
ben al-Akhdar al-Zarkaoui ⒠Zarga ⒡Nadra)
称号：不明
役職：不明
生年月日：1973年１月15日
出生地：Tunis, Tunisia
国籍：チュニジア
旅券番号：チュニジア旅券 Ｍ174950（1999年４月27日発行、2004年４月26日失効）
ＩＤ番号：不明
住所：41-45, Rue Estienne d' Orves, PréSaint Gervais, France
国連制裁委員会による指定日：2003年11月12日（2005年12月20日、2006年７月31日、
2009年８月10日、2011年５月16日、2019年12月６日、2020年９月10日及び2024年２月
７日に改訂）
その他の情報：母親の名前はZina al-Zarkaoui。イタリア・ミラノ上訴法廷にて７年１ヶ
月の懲役判決を受ける。２０１４年３月３１日に早期釈放された。国連安全保障理事会
決議第1822号（2008年）に基づく見直しは2010年５月６日に終了した。国連安全保障
理事会決議第2368号（2017年）に基づく見直しは2019年12月４日に終了した。国連安
全保障理事会決議第２６１０号（２０２１年）に基づく見直しは２０２３年１０月３０日に終
了した。同人に対するインターポール（国際刑事警察機構）・国連安全保障理事会特
別 手 配 書 の ウ ェ ブ ・ リ ン ク ： https ： //www.interpol.int/en/How-we-
work/Notices/View-UN-Notices-Individuals",REVIEW_REQUIRED,REVIEW_REQUIRED,false,mofa-names-v1
126adf153bd520671b9de87b006de3863ebbbb907b1b3625168cdef117f4a794:UN:399,current_un,399,UN,,person,true,115;116,126adf153bd520671b9de87b006de3863ebbbb907b1b3625168cdef117f4a794,https://www.mofa.go.jp/mofaj/files/000015952.pdf,https://www.mofa.go.jp/mofaj/files/000015952.pdf#page=115,data/raw/mofa/126adf153bd520671b9de87b006de3863ebbbb907b1b3625168cdef117f4a794.pdf.gz,"３９９．カマル・ベン・マウエルディ・ベン・ハッサン・アル・ハムラウィ（別名：⒜ハムロウ
ィ・カメル・ベン・モウルディ⒝ハムラウィ・カメル、1977年11月21日にモロッコにて出生
⒞ハムラウィ・カメル、1977年11月21日にチュニジアにて出生⒟ハムラウィ・カメル、
1977年10月21日にチュニジアにて出生⒠カメル⒡キモ）
KAMAL BEN MAOELDI BEN HASSAN AL-HAMRAOUI
(original script: يوارمحلا نسح نب يدلوملا نب لامك)
(a.k.a. : ⒜Hamroui Kamel ben Mouldi ⒝Hamraoui Kamel, born 21 Nov. 1977 in
Morocco ⒞Hamraoui Kamel, born 21 Nov. 1977 in Tunisia ⒟Hamraoui Kamel, born
21 Oct. 1977 in Tunisia ⒠Kamel ⒡Kimo)
称号：不明
役職：不明
生年月日：1977年10月21日
出生地：Beja, Tunisia
国籍：チュニジア
旅券番号：チュニジア旅券 Ｐ229856（2002年11月１日発行、2007年10月31日失効）
ＩＤ番号：不明
住所：⒜Via Bertesi Number 27, Cremona, Italy ⒝Via Plebiscito Number 3, Cremona,
Italy
国連制裁委員会による指定日：2003年11月12日（2005年12月20日、2006年７月31日、
2007年12月21日、2011年５月16日、2019年12月６日、2020 年９月10日及び2024年２
月７日に改訂）
その他の情報：母親の名前はKhamisah al-Kathiri。国外退去命令発出予定（同命令
は、2007年４月17日に欧州人権裁判所により執行停止中）。2008年５月20日にイタリ
アにて再逮捕。2015年５月６日にイタリアからチュニジアに追放された。シェンゲン域
内（シェンゲン協定国の領域内）入域不許可処分を受けている。国連安全保障理事
会決議第1822号（2008年）に基づく見直しは2010年５月６日に終了した。国連安全保
障理事会決議第2368号（2017年）に基づく見直しは2019年12月４日に終了した。国連
安全保障理事会決議第２６１０号（２０２１年）に基づく見直しは２０２３年１０月３０日に
終了した。同人に対するインターポール（国際刑事警察機構）・国連安全保障理事会
特 別 手 配 書 の ウ ェ ブ ・ リ ン ク ： https://www.interpol.int/en/How-we-
work/Notices/View-UN-Notices-Individuals",REVIEW_REQUIRED,REVIEW_REQUIRED,false,mofa-names-v1
126adf153bd520671b9de87b006de3863ebbbb907b1b3625168cdef117f4a794:UN:400,current_un,400,UN,,person,true,116,126adf153bd520671b9de87b006de3863ebbbb907b1b3625168cdef117f4a794,https://www.mofa.go.jp/mofaj/files/000015952.pdf,https://www.mofa.go.jp/mofaj/files/000015952.pdf#page=116,data/raw/mofa/126adf153bd520671b9de87b006de3863ebbbb907b1b3625168cdef117f4a794.pdf.gz,"４００．マクセメド・カブドゥッラー・シイス（別名：(a)マクセメド・カブドゥッラーヒ・シイス
(b)マクセメド・カブドゥッラーヒ(c)カブドゥッラー・マヤメッド・シイス）
MAXAMED CABDULLAAH CIISE (a.k.a.: (a)Maxamed Cabdullaahi Ciise (b)Maxammed
Cabdullaahi (c)Cabdullah Mayamed Ciise)
称号：不明
役職：不明
生年月日：１９７４年１０月８日
出生地：Kismaayo, Somalia
国籍：ソマリア
旅券番号：不明
ＩＤ番号：不明
住所：ソマリア
国連制裁委員会による指定日：２００３年１１月１２日（２００５年９月９日、２００９年１月
３０日、４月２０日、２０１０年１０月２１日、２０１５年８月１７日及び２０２０年１１月２４日
に改訂）
その他の情報：英国から移送された後、２００９年４月時点でソマリアにいる。国連安
全保障理事会決議第１８２２号（２００８年）に基づく見直しは２０１０年６月２１日に終
了した。国連安全保障理事会決議第２３６８号（２０１７年）に基づく見直しは２０２０年
１１月２４日に終了した。同人に対するインターポール（国際刑事警察機構）・国連安
全保障理事会特別手配書のウェブ・リンク：https://www.interpol.int/en/How-we-
work/Notices/View-UN-Notices-Individuals",EXTRACTED,REVIEW_REQUIRED,false,mofa-names-v1
126adf153bd520671b9de87b006de3863ebbbb907b1b3625168cdef117f4a794:UN:401,current_un,401,UN,,person,true,116;117,126adf153bd520671b9de87b006de3863ebbbb907b1b3625168cdef117f4a794,https://www.mofa.go.jp/mofaj/files/000015952.pdf,https://www.mofa.go.jp/mofaj/files/000015952.pdf#page=116,data/raw/mofa/126adf153bd520671b9de87b006de3863ebbbb907b1b3625168cdef117f4a794.pdf.gz,"４０１．ラーディ・アブド・エル・サーミー・アブ・エル・ヤジード・エル・アヤシ（別名：メラ
－イ）
RADI ABD EL SAMIE ABOU EL YAZID EL AYASHI
(original script: يشایعلا ديزیلاوبأ عیمسلا دبع يضار)
(a.k.a.: Mera'i)
称号：不明
役職：不明
生年月日：１９７２年１月２日
出生地：El Gharbia, Governorate, Egypt
国籍：エジプト
旅券番号：不明
ＩＤ番号：不明
住所：Via Cilea 40, Milan, Italy (Domicile)
国連制裁委員会による指定日：２００３年１１月１２日(２００５年９月９日、２００７年１２
月２１日、２０１１年５月１６日、２０１７年３月２９日、２０１９年５月１日及び２０２３年３月
１５日に改訂)
その他の情報：２００６年９月２１日にイタリア・ミラノ第一審裁判所にて懲役１０年の判
決を受ける。イタリアにて拘留中。２０１２年１月６日に釈放予定。服役後にイタリアか
ら強制退去の予定。国連安全保障理事会決議第１８２２号（２００８年）に基づく見直し
は２０１０年６月２１日に終了した。国連安全保障理事会決議第２２５３号（２０１５年）
に基づく見直しは２０１９年２月２１日に終了した。国連安全保障理事会決議第２６１０
号（２０２１年）に基づく見直しは２０２２年１１月８日に終了した。同人に対するインター
ポール（国際刑事警察機構）・国連安全保障理事会特別手配書のウェブ・リンク：
https://www.interpol.int/en/How-we-work/Notices/View-UN-Notices-Individuals",REVIEW_REQUIRED,REVIEW_REQUIRED,false,mofa-names-v1
126adf153bd520671b9de87b006de3863ebbbb907b1b3625168cdef117f4a794:UN:402,current_un,402,UN,,person,true,117;118,126adf153bd520671b9de87b006de3863ebbbb907b1b3625168cdef117f4a794,https://www.mofa.go.jp/mofaj/files/000015952.pdf,https://www.mofa.go.jp/mofaj/files/000015952.pdf#page=117,data/raw/mofa/126adf153bd520671b9de87b006de3863ebbbb907b1b3625168cdef117f4a794.pdf.gz,"４０２． ハマディ・ベン・アブドゥル・アジーズ・ベン・アリ・ブーイヒア（別名：⒜ガメル・モ
ハメド、1966年５月25日にモロッコにて出生⒝アブド・エル・ワニス・アブド・ガッワード・
アブド・エル・ラティフ・バハーア、1986年５月９日にエジプトにて出生⒞マフムード・ハ
ミド）
HAMADI BEN ABDUL AZIZ BEN ALI BOUYEHIA
(original script : يحيوب يلع نب زيزعلا دبع نب يدامح)
(a.k.a. : ⒜Gamel Mohamed, born 25 May 1966 in Morocco ⒝Abd el Wanis Abd
Gawwad Abd el Latif Bahaa, born 9 May 1986 in Egypt ⒞Mahmoud Hamid)
称号：不明
役職：不明
生年月日：1966年５月29日
出生地：Tunis, Tunisia
国籍：チュニジア
旅券番号：チュニジア旅券 Ｌ723315（1998年５月５日発行、2003年５月４日失効）
ＩＤ番号：不明
住所：Corso XXII Marzo Number 39, Milan, Italy
国連制裁委員会による指定日：2003年11月12日（2005年12月20日、2006年７月31日、
2009年１月30日、2011年５月16日、2019年12月６日、2020年９月10日及び2024年２月
７日に改訂）
その他の情報：2026年２月６日までイタリアにて服役中。国連安全保障理事会決議第
1822号（2008年）に基づく見直しは2010年６月21日に終了した。国連安全保障理事会
決議第2368号（2017年）に基づく見直しは2019年12月４日に終了した。国連安全保障
理事会決議第２６１０号（２０２１年）に基づく見直しは２０２３年１０月３０日に終了した。
同人に対するインターポール（国際刑事警察機構）・国連安全保障理事会特別手配
書のウェブ・リンク：https://www.interpol.int/en/How-we-work/Notices/View-UN-
Notices-Individuals",REVIEW_REQUIRED,REVIEW_REQUIRED,false,mofa-names-v1
126adf153bd520671b9de87b006de3863ebbbb907b1b3625168cdef117f4a794:UN:403,current_un,403,UN,,person,true,118,126adf153bd520671b9de87b006de3863ebbbb907b1b3625168cdef117f4a794,https://www.mofa.go.jp/mofaj/files/000015952.pdf,https://www.mofa.go.jp/mofaj/files/000015952.pdf#page=118,data/raw/mofa/126adf153bd520671b9de87b006de3863ebbbb907b1b3625168cdef117f4a794.pdf.gz,"４０３．モハンマド・ターヒル・ハーミド・フセイン（別名：アブデルハミード・アル・クルディ）
MOHAMMAD TAHIR HAMMID HUSSEIN
(original script: نیسح دماح رهاط دمحم)
(a.k.a.: Abdelhamid Al Kurdi）
称号：イマーム（Imam）
役職：不明
生年月日：１９７５年１１月１日
出生地：Poshok, Iraq
国籍：イラク
旅券番号：不明
ＩＤ番号：不明
住所： Sulaymaniya, Iraq
国連制裁委員会による指定日：２００３年１１月１２日（２００５年９月９日、２００７年１２
月２１日、２０１１年５月１６日、２０１５年１２月１０日、２０１９年３月２９日及び２０２３年
３月１５日に改訂）
その他の情報：母親の名前はAttia Mohiuddin Taha。２００４年１０月１８日にイタリア関
係当局が国外退去命令を発出。２００７年９月現在、イタリア当局は逃亡者として取り
扱っている。国連安全保障理事会決議第１８２２号（２００８年）に基づく見直しは２０１
０年６月８日に終了した。国連安全保障理事会決議第２２５３号（２０１５年）に基づく見
直しは２０１９年２月２１日に終了した。国連安全保障理事会決議第２６１０号（２０２１
年）に基づく見直しは２０２２年１１月８日に終了した。同人に対するインターポール（国
際 刑 事 警 察 機 構 ） ・ 国 連 安 全 保 障 理 事 会 特 別 手 配 書 の ウ ェ ブ ・ リ ン ク ：
https://www.interpol.int/en/How-we-work/Notices/View-UN-Notices-Individuals",REVIEW_REQUIRED,REVIEW_REQUIRED,false,mofa-names-v1
126adf153bd520671b9de87b006de3863ebbbb907b1b3625168cdef117f4a794:UN:404,current_un,404,UN,,unknown,false,118,126adf153bd520671b9de87b006de3863ebbbb907b1b3625168cdef117f4a794,https://www.mofa.go.jp/mofaj/files/000015952.pdf,https://www.mofa.go.jp/mofaj/files/000015952.pdf#page=118,data/raw/mofa/126adf153bd520671b9de87b006de3863ebbbb907b1b3625168cdef117f4a794.pdf.gz,４０４． ※２０１２年９月２８日解除,HISTORICAL,REVIEW_REQUIRED,false,mofa-names-v1
126adf153bd520671b9de87b006de3863ebbbb907b1b3625168cdef117f4a794:UN:405,current_un,405,UN,,unknown,false,118,126adf153bd520671b9de87b006de3863ebbbb907b1b3625168cdef117f4a794,https://www.mofa.go.jp/mofaj/files/000015952.pdf,https://www.mofa.go.jp/mofaj/files/000015952.pdf#page=118,data/raw/mofa/126adf153bd520671b9de87b006de3863ebbbb907b1b3625168cdef117f4a794.pdf.gz,４０５． ※２０１３年１０月３日解除,HISTORICAL,REVIEW_REQUIRED,false,mofa-names-v1
126adf153bd520671b9de87b006de3863ebbbb907b1b3625168cdef117f4a794:UN:406,current_un,406,UN,,person,true,118;119,126adf153bd520671b9de87b006de3863ebbbb907b1b3625168cdef117f4a794,https://www.mofa.go.jp/mofaj/files/000015952.pdf,https://www.mofa.go.jp/mofaj/files/000015952.pdf#page=118,data/raw/mofa/126adf153bd520671b9de87b006de3863ebbbb907b1b3625168cdef117f4a794.pdf.gz,"４０６．モハメド・アミーン・モスタファ
MOHAMED AMIN MOSTAFA
（original script:ىفطصم نیمأ دمحم）
称号：不明
役職：不明
生年月日：１９７５年１０月１１日
出生地：Kirkuk, Iraq
国籍：イラク
旅券番号：不明
ＩＤ番号：不明
住所：Via della Martinella 132, Parma, Italy（Domicile）
国連制裁委員会による指定日：２００３年１１月１２日（２００５年９月９日、２００７年６月
７日、２０１１年５月１６日、２０１６年１０月２５日、２０１９年５月１日、２０２３年３月１５
日及び１１月１４日に改訂）
その他の情報：２０１２年１月１５日の解除までイタリアの行政管理措置下に置かれて
いた。国連安全保障理事会決議第１８２２号（２００８年）に基づく見直しは２０１０年６
月２１日に終了した。国連安全保障理事会決議第２２５３号（２０１５年）に基づく見直し
は２０１９年２月２１日に終了した。国連安全保障理事会決議第２６１０号（２０２１年）
に基づく見直しは２０２２年１１月８日に終了した。同人に対するインターポール（国際
刑 事 警 察 機 構 ） ・ 国 連 安 全 保 障 理 事 会 特 別 手 配 書 の ウ ェ ブ ・ リ ン ク ：
https://www.interpol.int/en/How-we-work/Notices/View-UN-Notices-Individuals",REVIEW_REQUIRED,REVIEW_REQUIRED,false,mofa-names-v1
126adf153bd520671b9de87b006de3863ebbbb907b1b3625168cdef117f4a794:UN:407,current_un,407,UN,,unknown,false,119,126adf153bd520671b9de87b006de3863ebbbb907b1b3625168cdef117f4a794,https://www.mofa.go.jp/mofaj/files/000015952.pdf,https://www.mofa.go.jp/mofaj/files/000015952.pdf#page=119,data/raw/mofa/126adf153bd520671b9de87b006de3863ebbbb907b1b3625168cdef117f4a794.pdf.gz,４０７． ※２０１９年５月１４日解除,HISTORICAL,REVIEW_REQUIRED,false,mofa-names-v1
126adf153bd520671b9de87b006de3863ebbbb907b1b3625168cdef117f4a794:UN:408,current_un,408,UN,,person,true,119;120,126adf153bd520671b9de87b006de3863ebbbb907b1b3625168cdef117f4a794,https://www.mofa.go.jp/mofaj/files/000015952.pdf,https://www.mofa.go.jp/mofaj/files/000015952.pdf#page=119,data/raw/mofa/126adf153bd520671b9de87b006de3863ebbbb907b1b3625168cdef117f4a794.pdf.gz,"４０８．ヌールディン・ベン・アリ・ベン・ベルカッセム・アルドリシ（別名：(a)ドリシ・ヌール
ディン(b)アブー・アリ(c)ファイカル）
NOUREDDINE BEN ALI BEN BELKASSEM AL-DRISSI
(original script: يسيردلا مساقلب نب يلع نب نيدلا رون)
(a.k.a.:(a)Drissi Noureddine (b)Abou Ali (c)Faycal）
称号：不明
役職：不明
生年月日：１９６４年４月３０日
出生地：Tunis, Tunisia
国籍：チュニジア
旅券番号：チュニジア旅券 L851940 （１９９８年９月９日発行、２００３年９月８日失効）
ＩＤ番号：不明
住所：Via Plebiscito 3, Cremona, Italy
国連制裁委員会による指定日：２００３年１１月１２日（２００５年１２月２０日、２００６年
７月３１日、２００７年１２月２１日、２０１１年５月１６日、２０１９年１２月６日、２０２０年９
月１０日及び2024年２月７日に改訂）
その他の情報：２００８年に、国際テロリズムの罪で６年の懲役判決を受ける。２０１３
年２月１０日にイタリアからチュニジアに追放された。シェンゲン域内（シェンゲン協定
国の領域内）入域不許可処分を受けている。母親の名前はKhadijah al-Drissi。国連
安全保障理事会決議第１８２２号（２００８年）に基づく見直しは２０１０年４月２２日に
終了した。国連安全保障理事会決議第２３６８号（２０１７年）に基づく見直しは２０１９
年１２月４日に終了した。国連安全保障理事会決議第２６１０号（２０２１年）に基づく見
直しは２０２３年１０月３０日に終了した。同人に対するインターポール（国際刑事警察
機 構 ） ・ 国 連 安 全 保 障 理 事 会 特 別 手 配 書 の ウ ェ ブ ・ リ ン ク ：
https://www.interpol.int/en/How-we-work/Notices/View-UN-Notices-Individuals",REVIEW_REQUIRED,REVIEW_REQUIRED,false,mofa-names-v1
126adf153bd520671b9de87b006de3863ebbbb907b1b3625168cdef117f4a794:UN:409,current_un,409,UN,QDi.150,person,true,120,126adf153bd520671b9de87b006de3863ebbbb907b1b3625168cdef117f4a794,https://www.mofa.go.jp/mofaj/files/000015952.pdf,https://www.mofa.go.jp/mofaj/files/000015952.pdf#page=120,data/raw/mofa/126adf153bd520671b9de87b006de3863ebbbb907b1b3625168cdef117f4a794.pdf.gz,"４０９．アル・アズハル・ベン・ハリーファ・ベン・アフメド・ルイン（別名：（a)サルマン（ｂ）
ラズハル）
AL-AZHAR BEN KHALIFA BEN AHMED ROUINE
(original script: نيور دمحا نب ةفیلخ نب رهزلأا)
国連参照番号：QDi.150
生年月日：1975/11/20
出生地：Sfax, Tunisia
確定に十分でない別名：サルマン; ラズハル Salmane; Lazhar
国籍：チュニジア Tunisia
旅券番号：チュニジア旅券 P182583（２００３年９月１３日発行、２００７年９月１２日失
効）
ＩＤ番号：05258253
住所：No.2 89th Street Zehrouni, Tunis, Tunisia
国連制裁委員会による指定日：２００３年１１月１２日（２００５年１２月２０日、２００７年
１２月２１日、２００９年１月３０日、２０１１年５月１６日、２０１６年２月２３日、２０２０年１
１月２４日及び２０２５年８月２２日に改訂）
その他の情報：２００８年２月７日にイタリア・ミラノ上訴法廷にて、テロ組織に所属して
いたとして６年１０ヶ月の懲役判決を受ける。２００７年６月５日に、テロ犯罪に関わる
組織に参加したとして、チュニジアの控訴裁判所が発した命令に従ってスファックス刑
務所に投獄された（事件番号9301/207）。２年１５日の懲役判決を受け、２００８年６月
１８日に釈放された。２００８年７月時点で、イタリア当局は逃亡者として取り扱ってい
る。２００９年１月２０日、イタリア当局は、テロ関連犯罪で3年4か月29日の刑を言い渡
されたことを受け、拘置命令（No. 70/2009 S.I.E.P）を発令した。２０１０年時点で、チュ
ニジアにおいて行政管理措置下に置かれている。国連安全保障理事会決議第１８２
２号（２００８年）に基づく見直しは２０１０年６月２１日に終了した。国連安全保障理事
会決議第２３６８号（２０１７年）に基づく見直しは２０２０年１１月２４日に終了した。同
人に対するインターポール（国際刑事警察機構）・国連安全保障理事会特別手配書
の ウ ェ ブ ・ リ ン ク ： https://www.interpol.int/en/How-we-work/Notices/View-UN-
Notices-Individuals",REVIEW_REQUIRED,REVIEW_REQUIRED,false,mofa-names-v1
126adf153bd520671b9de87b006de3863ebbbb907b1b3625168cdef117f4a794:UN:410,current_un,410,UN,,unknown,false,120,126adf153bd520671b9de87b006de3863ebbbb907b1b3625168cdef117f4a794,https://www.mofa.go.jp/mofaj/files/000015952.pdf,https://www.mofa.go.jp/mofaj/files/000015952.pdf#page=120,data/raw/mofa/126adf153bd520671b9de87b006de3863ebbbb907b1b3625168cdef117f4a794.pdf.gz,４１０． ※２０１９年１１月８日解除,HISTORICAL,REVIEW_REQUIRED,false,mofa-names-v1
126adf153bd520671b9de87b006de3863ebbbb907b1b3625168cdef117f4a794:UN:411,current_un,411,UN,,person,true,120;121,126adf153bd520671b9de87b006de3863ebbbb907b1b3625168cdef117f4a794,https://www.mofa.go.jp/mofaj/files/000015952.pdf,https://www.mofa.go.jp/mofaj/files/000015952.pdf#page=120,data/raw/mofa/126adf153bd520671b9de87b006de3863ebbbb907b1b3625168cdef117f4a794.pdf.gz,"４１１．サイフィ・アマリ(別名：(a) エル・パラ（戦闘員名）(b) アブデルレザク・ル・パラ
（戦闘員名）(c) アブ・ハイダラ(d) エル・ウラシ(e)アブデルレザク・ザイムシェ(f)アブド
ゥル・ラサク・アマン・アブ・ハイドラ(g) アブダララク）
SAIFI AMMARI(original script: ي رامع يفیس)
(a.k.a.: (a) El Para (combat name) (b) Abderrezak Le Para (combat name) (c) Abou
Haidara (d) El Ourassi (e) Abderrezak Zaimeche (f) Abdul Rasak ammane Abu Haidra
(g) Abdalarak)
称号：不明
役職：不明
生年月日：(a)１９６８年１月１日 (b)１９６８年４月２３日
出生地：Kef Rih, Algeria
国籍：アルジェリア
旅券番号：不明
ＩＤ番号：不明
住所：Commune of Bouhechana, Daïra de Lakhezara, Guelma, Algeria
国連制裁委員会による指定日：２００３年１２月４日（２００８年４月７日、２０１１年５月１
６日、２０１９年１２月６日、２０２３年１２月１４日及び2024年２月７日に改訂）
その他の情報：２００４年１０月よりアルジェリアにて拘留中。２０１１年３月７日よりア
ルジェリアで投獄されている。イスラム・マグレブ諸国のアル・カーイダ組織（１７３．に
指定した団体）として記載されている「布教と戦闘のためのサラフィスト・グループ（ＧＳ
ＰＣ）」の前メンバー。父の名前はAbdellah。母の名前はDraham Belanchi。写真及び指
紋はインターポール（国際刑事警察機構）･国連安全保障理事会特別手配書に含ま
れているものを利用可能。国連安全保障理事会決議第１８２２号（２００８年）に基づく
見直しは２０１０年７月２７日に終了した。国連安全保障理事会決議第２３６８号（２０１
７年）に基づく見直しは２０１９年１２月４日に終了した。国連安全保障理事会決議第２
６１０号（２０２１年）に基づく見直しは２０２３年１０月３０日に終了した。同人に対するイ
ンターポール（国際刑事警察機構）・国連安全保障理事会特別手配書のウェブ・リン
ク ： https://www.interpol.int/en/How-we-work/Notices/View-UN-Notices-
Individuals",REVIEW_REQUIRED,REVIEW_REQUIRED,false,mofa-names-v1
126adf153bd520671b9de87b006de3863ebbbb907b1b3625168cdef117f4a794:UN:412,current_un,412,UN,,unknown,false,121,126adf153bd520671b9de87b006de3863ebbbb907b1b3625168cdef117f4a794,https://www.mofa.go.jp/mofaj/files/000015952.pdf,https://www.mofa.go.jp/mofaj/files/000015952.pdf#page=121,data/raw/mofa/126adf153bd520671b9de87b006de3863ebbbb907b1b3625168cdef117f4a794.pdf.gz,４１２． ※２０１１年８月５日解除,HISTORICAL,REVIEW_REQUIRED,false,mofa-names-v1
126adf153bd520671b9de87b006de3863ebbbb907b1b3625168cdef117f4a794:UN:413,current_un,413,UN,QDi.154,person,true,121;122,126adf153bd520671b9de87b006de3863ebbbb907b1b3625168cdef117f4a794,https://www.mofa.go.jp/mofaj/files/000015952.pdf,https://www.mofa.go.jp/mofaj/files/000015952.pdf#page=121,data/raw/mofa/126adf153bd520671b9de87b006de3863ebbbb907b1b3625168cdef117f4a794.pdf.gz,"４１３．スレイマン・ジャセム・スレイマン・アリ・アブ・ガイス（別名：アブ・ガイス）
SULAIMAN JASSEM SULAIMAN ALI ABO GHAITH
(original script: ثیغوبأ يلع نامیلس مساج نامیلس)
国連参照番号：QDi.154
生年月日：1965/12/14
出生地：クウェート Kuwait
確定に十分でない別名：アブ・ガイス Abo Ghaith 国籍：２００２年にクウェート国籍を
剥奪された。
旅券番号：クウェート旅券 849594 （１９９８年１１月２７日クウェートにて発行、２００３
年６月２４日失効）
国連制裁委員会による指定日：２００４年１月１６日（２００８年７月２３日、２０１１年６月
１０日、２０２０年１１月２４日及び２０２５年８月２２日に改訂）
その他の情報：２００１年６月にクウェートを去り、パキスタンへ向かった。クウェート国
籍は 2001 年に剥奪され、現在はアメリカ合衆国で収監されている。国連安全保障理
事会決議第１８２２号（２００８年）に基づく見直しは２０１０年６月２１日に終了した。国
連安全保障理事会決議第２３６８号（２０１７年）に基づく見直しは２０２０年１１月２４日
に終了した。同人に対するインターポール（国際刑事警察機構）・国連安全保障理事
会 特 別 手 配 書 の ウ ェ ブ ・ リ ン ク ： https://www.interpol.int/en/How-we-
work/Notices/View-UN-Notices-Individuals",REVIEW_REQUIRED,REVIEW_REQUIRED,false,mofa-names-v1
126adf153bd520671b9de87b006de3863ebbbb907b1b3625168cdef117f4a794:UN:414,current_un,414,UN,,person,true,122,126adf153bd520671b9de87b006de3863ebbbb907b1b3625168cdef117f4a794,https://www.mofa.go.jp/mofaj/files/000015952.pdf,https://www.mofa.go.jp/mofaj/files/000015952.pdf#page=122,data/raw/mofa/126adf153bd520671b9de87b006de3863ebbbb907b1b3625168cdef117f4a794.pdf.gz,"４１４．ジャメル・ルニーシー（別名：ジャマール・ルニーシー）
DJAMEL LOUNICI
(original script: لامج يسینول)
（a.k.a.: Jamal Lounici）
称号：不明
役職：不明
生年月日：１９６２年２月１日
出生地：Algiers, Algeria
国籍：アルジェリア
旅券番号：不明
ＩＤ番号：不明
住所：アルジェリア
国連制裁委員会による指定日：２００４年１月１６日（２００８年４月７日、１２月２日、２０
０９年１月３０日、２０１１年５月１６日、２０１８年２月１４日、５月２９日及び２０２０年１１
月２４日に改訂）
その他の情報：父親の名前はAbdelkader。母親の名前はDjohra Birouch。２００８年９
月にフランスからアルジェリアに戻り、同国に居住している。国連安全保障理事会決
議第１８２２号（２００８年）に基づく見直しは２０１０年７月２７日に終了した。国連安全
保障理事会決議第２３６８号（２０１７年）に基づく見直しは２０２０年１１月２４日に終了
した。同人に対するインターポール（国際刑事警察機構）・国連安全保障理事会特別
手配書のウェブ・リンク：https://www.interpol.int/en/How-we-work/Notices/View-
UN-Notices-Individuals",REVIEW_REQUIRED,REVIEW_REQUIRED,false,mofa-names-v1
126adf153bd520671b9de87b006de3863ebbbb907b1b3625168cdef117f4a794:UN:415,current_un,415,UN,,unknown,false,122,126adf153bd520671b9de87b006de3863ebbbb907b1b3625168cdef117f4a794,https://www.mofa.go.jp/mofaj/files/000015952.pdf,https://www.mofa.go.jp/mofaj/files/000015952.pdf#page=122,data/raw/mofa/126adf153bd520671b9de87b006de3863ebbbb907b1b3625168cdef117f4a794.pdf.gz,４１５． ※２０２２年１月２１日解除,HISTORICAL,REVIEW_REQUIRED,false,mofa-names-v1
126adf153bd520671b9de87b006de3863ebbbb907b1b3625168cdef117f4a794:UN:416,current_un,416,UN,QDe.104,entity,true,122;123,126adf153bd520671b9de87b006de3863ebbbb907b1b3625168cdef117f4a794,https://www.mofa.go.jp/mofaj/files/000015952.pdf,https://www.mofa.go.jp/mofaj/files/000015952.pdf#page=122,data/raw/mofa/126adf153bd520671b9de87b006de3863ebbbb907b1b3625168cdef117f4a794.pdf.gz,"４１６．アル・ハラマイン財団－パキスタン
AL-HARAMAIN FOUNDATION (PAKISTAN)
国連参照番号：QDe.104
所在地：House #279, Nazimuddin Road, F-10/1, Islamabad, Pakistan (リスト掲載時点)
リスト掲載日：2004 年１月 26 日（2012 年３月 21 日、2020 年 11 月 24 日、2022 年 11
月８日及び 2026 年８月 18 日に改訂）
その他の情報：国連安全保障理事会決議に基づく見直しは、2009 年 10 月 19 日、
2020 年 11 月 24 日、2022 年 11 月 8 日、2025 年 12 月 31 日に終了した。2025 年後
半時点では、パキスタンでの活動は確認されず、拠点はなかった。同団体に対するイ
ンターポール（国際刑事警察機構）・国連安全保障理事会特別手配書のウェブ・リン
ク：https://www.interpol.int/en/How-we-work/Notices/View-UN-Notices-Entities",EXTRACTED,REVIEW_REQUIRED,false,mofa-names-v1
126adf153bd520671b9de87b006de3863ebbbb907b1b3625168cdef117f4a794:UN:417,current_un,417,UN,,entity,true,123,126adf153bd520671b9de87b006de3863ebbbb907b1b3625168cdef117f4a794,https://www.mofa.go.jp/mofaj/files/000015952.pdf,https://www.mofa.go.jp/mofaj/files/000015952.pdf#page=123,data/raw/mofa/126adf153bd520671b9de87b006de3863ebbbb907b1b3625168cdef117f4a794.pdf.gz,"４１７．アル・ハラマイン財団－ケニア
AL-HARAMAYN FOUNDATION (KENYA)
旧称：不明
所在地：(a)Nairobi, Kenya (リスト掲載時点) (b)Garissa, Kenya (リスト掲載時点)
(c)Dadaab, Kenya (リスト掲載時点)
国連制裁委員会による指定日：２００４年１月２６日（２０１２年３月２１日、２０１９年５月
１日及び２０２３年３月１５日に改訂）
その他の情報：国連安全保障理事会決議第１８２２号（２００８年）に基づく見直しは２
０１０年６月２２日に終了した。国連安全保障理事会決議第２２５３号（２０１５年）に基
づく見直しは２０１９年２月２１日に終了した。国連安全保障理事会決議第２６１０号（２
０２１年）に基づく見直しは２０２２年１１月８日に終了した。同団体に対するインターポ
ール（国際刑事警察機構）・国連安全保障理事会特別手配書のウェブ・リンク：
https://www.interpol.int/en/How-we-work/Notices/View-UN-Notices-Entities",EXTRACTED,REVIEW_REQUIRED,false,mofa-names-v1
126adf153bd520671b9de87b006de3863ebbbb907b1b3625168cdef117f4a794:UN:418,current_un,418,UN,,entity,true,123,126adf153bd520671b9de87b006de3863ebbbb907b1b3625168cdef117f4a794,https://www.mofa.go.jp/mofaj/files/000015952.pdf,https://www.mofa.go.jp/mofaj/files/000015952.pdf#page=123,data/raw/mofa/126adf153bd520671b9de87b006de3863ebbbb907b1b3625168cdef117f4a794.pdf.gz,"４１８．アル・ハラマイン財団－タンザニア
AL-HARAMAYN FOUNDATION (TANZANIA)
旧称：不明
所在地：(a)P.O. Box 3616, Dar es Salaam, Tanzania （リスト掲載時点）(b)Tanga,
Tanzania（リスト掲載時点） (c)Singida, Tanzania（リスト掲載時点）
国連制裁委員会による指定日：２００４年１月２６日（２０１２年３月２１日、２０２０年１１
月２４日及び２０２３年３月１５日に改訂）
その他の情報：国連安全保障理事会決議第１８２２号（２００８年）に基づく見直しは２
０１０年６月２２日に終了した。国連安全保障理事会決議第２３６８号（２０１７年）に基
づく見直しは２０２０年１１月２４日に終了した。国連安全保障理事会決議第２６１０号
（２０２１年）に基づく見直しは２０２２年１１月８日に終了した。同団体に対するインター
ポール（国際刑事警察機構）・国連安全保障理事会特別手配書のウェブ・リンク：
https://www.interpol.int/en/How-we-work/Notices/View-UN-Notices-Entities",EXTRACTED,REVIEW_REQUIRED,false,mofa-names-v1
126adf153bd520671b9de87b006de3863ebbbb907b1b3625168cdef117f4a794:UN:419,current_un,419,UN,,person,true,123;124,126adf153bd520671b9de87b006de3863ebbbb907b1b3625168cdef117f4a794,https://www.mofa.go.jp/mofaj/files/000015952.pdf,https://www.mofa.go.jp/mofaj/files/000015952.pdf#page=123,data/raw/mofa/126adf153bd520671b9de87b006de3863ebbbb907b1b3625168cdef117f4a794.pdf.gz,"４１９．アブド・アル・マジド・アズィーズ・アル・ズィンダニ（別名：(a)アブデルマジド・ア
ル・ズィンダニ (b)シャイク・アブド・アル・マジド・アル・ズィンダニ (c)シェイク・アブド・
アル・メギード・アル・ザンダニ）
ABD-AL-MAJID AZIZ AL-ZINDANI
(original script: ينادنزلا زيزع دیجملا دبع)
(a.k.a.: (a)Abdelmajid Al-Zindani (b)Shaykh 'Abd Al-Majid Al-Zindani (c)Sheikh Abd Al-
Meguid Al-Zandani)
称号：シェイク(Sheikh)
役職：不明
生年月日：１９５０年
出生地：イエメン
国籍：イエメン
旅券番号：イエメン旅券 A005487（１９９５年８月１３日発行）
ＩＤ番号：不明
住所：P.O. Box 8096, Sana'a, Yemen
国連制裁委員会による指定日：２００４年２月２７日（２００６年７月２５日、２０１１年６月
１０日、２０１９年５月１日及び２０２３年３月１５日に改訂）
その他の情報：国連安全保障理事会決議第１８２２号（２００８年）に基づく見直しは２
０１０年６月２日に終了した。国連安全保障理事会決議第２２５３号（２０１５年）に基づ
く見直しは２０１９年２月２１日に終了した。国連安全保障理事会決議第２６１０号（２０
２１年）に基づく見直しは２０２２年１１月８日に終了した。同人に対するインターポール
（国際刑事警察機構）・国連安全保障理事会特別手配書のウェブ・リンク：
https://www.interpol.int/en/How-we-work/Notices/View-UN-Notices-Individuals",REVIEW_REQUIRED,REVIEW_REQUIRED,false,mofa-names-v1
126adf153bd520671b9de87b006de3863ebbbb907b1b3625168cdef117f4a794:UN:420,current_un,420,UN,,unknown,false,124,126adf153bd520671b9de87b006de3863ebbbb907b1b3625168cdef117f4a794,https://www.mofa.go.jp/mofaj/files/000015952.pdf,https://www.mofa.go.jp/mofaj/files/000015952.pdf#page=124,data/raw/mofa/126adf153bd520671b9de87b006de3863ebbbb907b1b3625168cdef117f4a794.pdf.gz,４２０． ※２０１６年１月１１日解除,HISTORICAL,REVIEW_REQUIRED,false,mofa-names-v1
126adf153bd520671b9de87b006de3863ebbbb907b1b3625168cdef117f4a794:UN:421,current_un,421,UN,,unknown,false,124,126adf153bd520671b9de87b006de3863ebbbb907b1b3625168cdef117f4a794,https://www.mofa.go.jp/mofaj/files/000015952.pdf,https://www.mofa.go.jp/mofaj/files/000015952.pdf#page=124,data/raw/mofa/126adf153bd520671b9de87b006de3863ebbbb907b1b3625168cdef117f4a794.pdf.gz,４２１． ※２０１４年５月１３日解除,HISTORICAL,REVIEW_REQUIRED,false,mofa-names-v1
126adf153bd520671b9de87b006de3863ebbbb907b1b3625168cdef117f4a794:UN:422,current_un,422,UN,,unknown,false,124,126adf153bd520671b9de87b006de3863ebbbb907b1b3625168cdef117f4a794,https://www.mofa.go.jp/mofaj/files/000015952.pdf,https://www.mofa.go.jp/mofaj/files/000015952.pdf#page=124,data/raw/mofa/126adf153bd520671b9de87b006de3863ebbbb907b1b3625168cdef117f4a794.pdf.gz,４２２． ※２０１２年９月２８日解除,HISTORICAL,REVIEW_REQUIRED,false,mofa-names-v1
126adf153bd520671b9de87b006de3863ebbbb907b1b3625168cdef117f4a794:UN:423,current_un,423,UN,,unknown,false,124,126adf153bd520671b9de87b006de3863ebbbb907b1b3625168cdef117f4a794,https://www.mofa.go.jp/mofaj/files/000015952.pdf,https://www.mofa.go.jp/mofaj/files/000015952.pdf#page=124,data/raw/mofa/126adf153bd520671b9de87b006de3863ebbbb907b1b3625168cdef117f4a794.pdf.gz,４２３． ※２０１９年４月２２日解除,HISTORICAL,REVIEW_REQUIRED,false,mofa-names-v1
126adf153bd520671b9de87b006de3863ebbbb907b1b3625168cdef117f4a794:UN:424,current_un,424,UN,,unknown,false,124,126adf153bd520671b9de87b006de3863ebbbb907b1b3625168cdef117f4a794,https://www.mofa.go.jp/mofaj/files/000015952.pdf,https://www.mofa.go.jp/mofaj/files/000015952.pdf#page=124,data/raw/mofa/126adf153bd520671b9de87b006de3863ebbbb907b1b3625168cdef117f4a794.pdf.gz,４２４． ※２０１６年６月２０日解除,HISTORICAL,REVIEW_REQUIRED,false,mofa-names-v1
126adf153bd520671b9de87b006de3863ebbbb907b1b3625168cdef117f4a794:UN:425,current_un,425,UN,,unknown,false,124,126adf153bd520671b9de87b006de3863ebbbb907b1b3625168cdef117f4a794,https://www.mofa.go.jp/mofaj/files/000015952.pdf,https://www.mofa.go.jp/mofaj/files/000015952.pdf#page=124,data/raw/mofa/126adf153bd520671b9de87b006de3863ebbbb907b1b3625168cdef117f4a794.pdf.gz,４２５． ※２０１４年２月６日解除,HISTORICAL,REVIEW_REQUIRED,false,mofa-names-v1
126adf153bd520671b9de87b006de3863ebbbb907b1b3625168cdef117f4a794:UN:426,current_un,426,UN,,unknown,false,124,126adf153bd520671b9de87b006de3863ebbbb907b1b3625168cdef117f4a794,https://www.mofa.go.jp/mofaj/files/000015952.pdf,https://www.mofa.go.jp/mofaj/files/000015952.pdf#page=124,data/raw/mofa/126adf153bd520671b9de87b006de3863ebbbb907b1b3625168cdef117f4a794.pdf.gz,４２６． ※２０１３年１２月１２日解除,HISTORICAL,REVIEW_REQUIRED,false,mofa-names-v1
126adf153bd520671b9de87b006de3863ebbbb907b1b3625168cdef117f4a794:UN:427,current_un,427,UN,,unknown,false,124,126adf153bd520671b9de87b006de3863ebbbb907b1b3625168cdef117f4a794,https://www.mofa.go.jp/mofaj/files/000015952.pdf,https://www.mofa.go.jp/mofaj/files/000015952.pdf#page=124,data/raw/mofa/126adf153bd520671b9de87b006de3863ebbbb907b1b3625168cdef117f4a794.pdf.gz,４２７． ※２０１７年７月２０日解除,HISTORICAL,REVIEW_REQUIRED,false,mofa-names-v1
126adf153bd520671b9de87b006de3863ebbbb907b1b3625168cdef117f4a794:UN:428,current_un,428,UN,,unknown,false,124,126adf153bd520671b9de87b006de3863ebbbb907b1b3625168cdef117f4a794,https://www.mofa.go.jp/mofaj/files/000015952.pdf,https://www.mofa.go.jp/mofaj/files/000015952.pdf#page=124,data/raw/mofa/126adf153bd520671b9de87b006de3863ebbbb907b1b3625168cdef117f4a794.pdf.gz,４２８． ※２０１４年５月１３日解除,HISTORICAL,REVIEW_REQUIRED,false,mofa-names-v1
126adf153bd520671b9de87b006de3863ebbbb907b1b3625168cdef117f4a794:UN:429,current_un,429,UN,,unknown,false,124,126adf153bd520671b9de87b006de3863ebbbb907b1b3625168cdef117f4a794,https://www.mofa.go.jp/mofaj/files/000015952.pdf,https://www.mofa.go.jp/mofaj/files/000015952.pdf#page=124,data/raw/mofa/126adf153bd520671b9de87b006de3863ebbbb907b1b3625168cdef117f4a794.pdf.gz,４２９． ※２０１４年２月６日解除,HISTORICAL,REVIEW_REQUIRED,false,mofa-names-v1
126adf153bd520671b9de87b006de3863ebbbb907b1b3625168cdef117f4a794:UN:430,current_un,430,UN,,unknown,false,124,126adf153bd520671b9de87b006de3863ebbbb907b1b3625168cdef117f4a794,https://www.mofa.go.jp/mofaj/files/000015952.pdf,https://www.mofa.go.jp/mofaj/files/000015952.pdf#page=124,data/raw/mofa/126adf153bd520671b9de87b006de3863ebbbb907b1b3625168cdef117f4a794.pdf.gz,４３０． ※２０１７年７月３日解除,HISTORICAL,REVIEW_REQUIRED,false,mofa-names-v1
126adf153bd520671b9de87b006de3863ebbbb907b1b3625168cdef117f4a794:UN:431,current_un,431,UN,,person,true,124;125,126adf153bd520671b9de87b006de3863ebbbb907b1b3625168cdef117f4a794,https://www.mofa.go.jp/mofaj/files/000015952.pdf,https://www.mofa.go.jp/mofaj/files/000015952.pdf#page=124,data/raw/mofa/126adf153bd520671b9de87b006de3863ebbbb907b1b3625168cdef117f4a794.pdf.gz,"４３１．カーメル・ジェルマン（別名：（a)ビラール（ｂ）アーデル（ｃ）フォディール(d)アブ
ー・アブデルジャリール）
KAMEL DJERMANE
(original script: نامرج لامك)
（a.k.a.: （a)Bilal （b)Adel （c)Fodhil (d)Abou Abdeljalil)
称号：不明
役職：不明
生年月日：１９６５年１０月１２日
出生地：Oum el Bouaghi, Algeria
国籍：アルジェリア
旅券番号：不明
ＩＤ番号：不明
住所： Sidi Argis village, Oum El-Bouaghi, Algeria
国連制裁委員会による指定日：２００４年５月３日（２００８年４月７日、２０１１年１２月１
３日、２０１９年１２月６日、２０２３年１２月１４日及び2024年２月７日に改訂）
その他の情報：２０２３年１１月時点でアルジェリアにおいて拘束されている。２０２３年
１月２５日にアルジェリアの刑事裁判所から、テロ活動を行ったとして１８年の懲役刑
を受けた。２００３年１０月９日及び２０１８年７月１８日に誘拐、窃盗及び恐喝に関与し
たとして、ドイツ当局は逮捕令状を発出した。イスラム・マグレブ諸国のアル・カーイダ
組織（１７３．に指定した団体）のターリク・イブン・ジヤード部隊（Katibat Tarek Ibn Ziad）
の元メンバー。父の名前はSliman。母の名前は Oum Hani Djermane。国連安全保障
理事会決議第１８２２号（２００８年）に基づく見直しは２０１０年７月２７日に終了した。
国連安全保障理事会決議第２３６８号（２０１７年）に基づく見直しは２０１９年１２月４
日に終了した。国連安全保障理事会決議第２６１０号（２０２１年）に基づく見直しは２０
２３年１０月３０日に終了した。同人に対するインターポール（国際刑事警察機構）・国
連安全保障理事会特別手配書のウェブ・リンク：https://www.interpol.int/en/How-
we-work/Notices/View-UN-Notices-Individuals",REVIEW_REQUIRED,REVIEW_REQUIRED,false,mofa-names-v1
126adf153bd520671b9de87b006de3863ebbbb907b1b3625168cdef117f4a794:UN:432,current_un,432,UN,,unknown,false,125,126adf153bd520671b9de87b006de3863ebbbb907b1b3625168cdef117f4a794,https://www.mofa.go.jp/mofaj/files/000015952.pdf,https://www.mofa.go.jp/mofaj/files/000015952.pdf#page=125,data/raw/mofa/126adf153bd520671b9de87b006de3863ebbbb907b1b3625168cdef117f4a794.pdf.gz,４３２． ※２０１７年７月３日解除,HISTORICAL,REVIEW_REQUIRED,false,mofa-names-v1
126adf153bd520671b9de87b006de3863ebbbb907b1b3625168cdef117f4a794:UN:433,current_un,433,UN,,unknown,false,125,126adf153bd520671b9de87b006de3863ebbbb907b1b3625168cdef117f4a794,https://www.mofa.go.jp/mofaj/files/000015952.pdf,https://www.mofa.go.jp/mofaj/files/000015952.pdf#page=125,data/raw/mofa/126adf153bd520671b9de87b006de3863ebbbb907b1b3625168cdef117f4a794.pdf.gz,４３３． ※２０１７年７月３日解除,HISTORICAL,REVIEW_REQUIRED,false,mofa-names-v1
126adf153bd520671b9de87b006de3863ebbbb907b1b3625168cdef117f4a794:UN:434,current_un,434,UN,,entity,true,125;126,126adf153bd520671b9de87b006de3863ebbbb907b1b3625168cdef117f4a794,https://www.mofa.go.jp/mofaj/files/000015952.pdf,https://www.mofa.go.jp/mofaj/files/000015952.pdf#page=125,data/raw/mofa/126adf153bd520671b9de87b006de3863ebbbb907b1b3625168cdef117f4a794.pdf.gz,"４３４．アル・フゥルカン（別称：（a）ジェミリジャティ・フゥルカン（b）ジェミジュトゥル・フゥ
ルカン（ｃ）アソシエーション・フォー・シチズンズ・ライツ・アンド・レジスタンス・トゥ・ライ
ズ（d）ジェミジュトゥル・フゥルカン（e）アソシエーション・オブ・シチズンズ・フォー・ザ・
サポート・オブ・トゥルース・アンド・サプレッション・オブ・ライズ（ｆ）シラート（ｇ）アソシエ
ーション・フォー・エジュケーション・カルチャー・アンド・ビルディング・ソサイェティー・シ
ラート（h）アソシエーション・フォー・エジュケーション・カルチュラル・アンド・トゥ・クリエ
イト・ソサイエティー・シラート（i）イスティカメト（j）イン・シラテル(k)シチズンズ・アソシエ
ーション・フォー・サポート・アンド・プリベンション・オブ・ライズ・フゥルカン）
AL FURQAN
(a.k.a.: (a)Dzemilijati Furkan (b)Dzem’ijjetul Furqan (c)Association for Citizens Rights
and Resistance to Lies (d)Dzemijetul Furkan(e)Association of Citizens for the Support
of Truth and Supression of Lies (f)Sirat (g)Association for Education, Culture and
Building Society-Sirat (h)Association for Education, Cultural, and to Create Society -
Sirat (i)Istikamet (j)In Siratel (k)Citizens’ Association for Support and Prevention of
lies-Furqan )
旧称：不明
所在地：(a）30a Put Mladih Muslimana (ex. Pavla Lukaca Street), 71 000 Sarajevo,
Bosnia and Herzegovina (b)72 ul. Strossmajerova, Zenica, Bosnia and Herzegovina
(c)42 Muhameda Hadzijahica, Sarajevo, Bosnia and Herzegovina (d)70 and 53
Strosmajerova Street, Zenica, Bosnia and Herzegovina (e)Zlatnih Ljiljana Street,
Zavidovici, Bosnia and Herzegovina
国連制裁委員会による指定日：２００４年５月１１日（２００４年１１月２６日、２００９年３
月２４日、２０１９年５月１日、２０２１年１１月１５日、２０２３年１２月１４日及び 2024 年２
月７日に改訂）
その他の情報：現存しないと報告されている。１９９７年９月２６日、ボスニア・ヘルツェ
ゴビナにてシチズンズ・アソシエーション・フォー・サポート・アンド・プリベンション・オ
ブ・ライズ・フゥルカン（Citizens’Association for Support and Prevention of lies –
Furqan）の名で市民団体として登録された。アル・フゥルカンはボスニア・ヘルツェゴビ
ナ連邦司法省の決定（決定番号：03-054-286/97、２００２年１１月８日付け）によりそ
の業務を停止。アル・フゥルカンは２００８年１２月の時点で現存していない。国連安全
保障理事会決議第１８２２号（２００８年）に基づく見直しは２０１０年６月１５日に終了し
た。国連安全保障理事会決議第２２５３号（２０１５年）に基づく見直しは２０１９年２月２
１日に終了した。国連安全保障理事会決議第２３６８号（２０１７年）に基づく見直しは２
０２１年１１月１５日に終了した。国連安全保障理事会決議第２６１０号（２０２１年）に
基づく見直しは２０２３年１０月３０日に終了した。同団体に対するインターポール（国
際 刑 事 警 察 機 構 ） ・ 国 連 安 全 保 障 理 事 会 特 別 手 配 書 の ウ ェ ブ ・ リ ン ク ：
https://www.interpol.int/en/How-we-work/Notices/View-UN-Notices-Entities",REVIEW_REQUIRED,REVIEW_REQUIRED,false,mofa-names-v1
126adf153bd520671b9de87b006de3863ebbbb907b1b3625168cdef117f4a794:UN:435,current_un,435,UN,,entity,true,126;127,126adf153bd520671b9de87b006de3863ebbbb907b1b3625168cdef117f4a794,https://www.mofa.go.jp/mofaj/files/000015952.pdf,https://www.mofa.go.jp/mofaj/files/000015952.pdf#page=126,data/raw/mofa/126adf153bd520671b9de87b006de3863ebbbb907b1b3625168cdef117f4a794.pdf.gz,"４３５．タイバ・インターナショナル・ボスニア・オフィスィズ（別称：（a)タイバ・インターナ
ショナル・エイド・エージェンシー（b）タイバ・インターナショナル・エイド・アソシエーショ
ン（c）アル・タイバ・インターナショナル（d）タイバ・インターナショナル・エイド・アソシエ
ーション）
TAIBAH INTERNATIONAL-BOSNIA OFFICES
(a.k.a.:(a)Taibah International Aid Agency (b)Taibah International Aid Association (c)Al
Taibah, Intl. (d)Taibah International Aide Association）
旧称：不明
所在地：(a)6 Avde Smajlovica Street, Novo Sarajevo, Bosnia and Herzegovina (b)26
Tabhanska Street, Visoko, Bosnia and Herzegovina (c)3 Velika Cilna Ulica, Visoko,
Bosnia and Herzegovina (d)26 Tabhanska Street, Visoko, Bosnia and Herzegovina
国連制裁委員会による指定日：２００４年５月１１日（２００９年３月２４日、２０２０年１１
月２４日、２０２３年２月２日及び３月１５日に改訂）
その他の情報：現存しないと報告されている。２００２年から２００４年の間、タイバ・イ
ンターナショナル・ボスニア・オフィスィズはボスニア・ヘルツェゴビナのサラエボのハ
ジチ(Hadzici)にあるカルチャー・ホームの建物を使用していた。この団体はタイバ・イ
ンターナショナル・エイド・アソシエーションの支部としてボスニア・ヘルツェゴビナにお
いて正式に登録されていた（登録番号７）。タイバ・インターナショナル・ボスニア・オフ
ィスィズはボスニア・ヘルツェゴビナ連邦司法省の決定(業務停止決定番号：03-05-2-
70/03）により業務を停止した。国連安全保障理事会決議第１８２２号（２００８年）に基
づく見直しは２０１０年６月２１日に終了した。国連安全保障理事会決議第２３６８号（２
０１７年）に基づく見直しは２０２０年１１月２４日に終了した。国連安全保障理事会決
議第２６１０号（２０２１年）に基づく見直しは２０２２年１１月８日に終了した。同団体に
対するインターポール（国際刑事警察機構）・国連安全保障理事会特別手配書のウェ
ブ ・ リ ン ク ： https://www.interpol.int/en/How-we-work/Notices/View-UN-Notices-
Entities",REVIEW_REQUIRED,REVIEW_REQUIRED,false,mofa-names-v1
126adf153bd520671b9de87b006de3863ebbbb907b1b3625168cdef117f4a794:UN:436,current_un,436,UN,,unknown,false,127,126adf153bd520671b9de87b006de3863ebbbb907b1b3625168cdef117f4a794,https://www.mofa.go.jp/mofaj/files/000015952.pdf,https://www.mofa.go.jp/mofaj/files/000015952.pdf#page=127,data/raw/mofa/126adf153bd520671b9de87b006de3863ebbbb907b1b3625168cdef117f4a794.pdf.gz,４３６． ※２０１３年７月４日解除,HISTORICAL,REVIEW_REQUIRED,false,mofa-names-v1
126adf153bd520671b9de87b006de3863ebbbb907b1b3625168cdef117f4a794:UN:437,current_un,437,UN,,unknown,false,127,126adf153bd520671b9de87b006de3863ebbbb907b1b3625168cdef117f4a794,https://www.mofa.go.jp/mofaj/files/000015952.pdf,https://www.mofa.go.jp/mofaj/files/000015952.pdf#page=127,data/raw/mofa/126adf153bd520671b9de87b006de3863ebbbb907b1b3625168cdef117f4a794.pdf.gz,４３７． ※２０１２年５月３０日解除,HISTORICAL,REVIEW_REQUIRED,false,mofa-names-v1
126adf153bd520671b9de87b006de3863ebbbb907b1b3625168cdef117f4a794:UN:438,current_un,438,UN,,unknown,false,127,126adf153bd520671b9de87b006de3863ebbbb907b1b3625168cdef117f4a794,https://www.mofa.go.jp/mofaj/files/000015952.pdf,https://www.mofa.go.jp/mofaj/files/000015952.pdf#page=127,data/raw/mofa/126adf153bd520671b9de87b006de3863ebbbb907b1b3625168cdef117f4a794.pdf.gz,４３８． ※２０１０年６月２５日解除,HISTORICAL,REVIEW_REQUIRED,false,mofa-names-v1
126adf153bd520671b9de87b006de3863ebbbb907b1b3625168cdef117f4a794:UN:439,current_un,439,UN,,unknown,false,127,126adf153bd520671b9de87b006de3863ebbbb907b1b3625168cdef117f4a794,https://www.mofa.go.jp/mofaj/files/000015952.pdf,https://www.mofa.go.jp/mofaj/files/000015952.pdf#page=127,data/raw/mofa/126adf153bd520671b9de87b006de3863ebbbb907b1b3625168cdef117f4a794.pdf.gz,４３９． ※２０２０年２月２１日解除,HISTORICAL,REVIEW_REQUIRED,false,mofa-names-v1
126adf153bd520671b9de87b006de3863ebbbb907b1b3625168cdef117f4a794:UN:440,current_un,440,UN,,person,true,127;128,126adf153bd520671b9de87b006de3863ebbbb907b1b3625168cdef117f4a794,https://www.mofa.go.jp/mofaj/files/000015952.pdf,https://www.mofa.go.jp/mofaj/files/000015952.pdf#page=127,data/raw/mofa/126adf153bd520671b9de87b006de3863ebbbb907b1b3625168cdef117f4a794.pdf.gz,"４４０．ハビブ・ベン・アフメド・アル・ラウビリ（別名：アル・ハビブ・ベン・アフマド・ベン・
アル・タイブ・アル・ラウビリ）
HABIB BEN AHMED AL-LOUBIRI
(original script: يریبوللا دمحا نب بیبح)
(a.k.a.: Al-Habib ben Ahmad ben al-Tayib al-Lubiri)
称号：不明
役職：不明
生年月日：１９６１年１１月１７日
出生地：Manzal Tmim, Nabul, Tunisia
国籍：チュニジア
旅券番号：チュニジア旅券 M788439（２００１年１０月２０日発行、２００６年１０月１９日
失効）
ＩＤ番号：01817002
住所：(a)Salam Marnaq Ben Arous district, Sidi Mesoud, Tunisia (b)Afghanistan
国連制裁委員会による指定日：２００４年６月２３日（２００５年１２月２０日、２００７年１
０月１７日、２００９年８月１０日、２０１１年１２月１３日、２０１６年２月２３日、２０１９年１
２月６日、２０２３年１２月１９日及び2024年２月７日に改訂）
その他の情報：Italian Fiscal Code（イタリア納税者番号）: LBR HBB 61S17 Z352F。２
００９年１２月時点でチュニジアにおいて拘留中。２０１４年６月にアフガニスタンに逃
亡したと報告されている。母の名前はFatima al-Galasi。国連安全保障理事会決議第
１８２２号（２００８年）に基づく見直しは２０１０年４月９日に終了した。国連安全保障理
事会決議第２３６８号（２０１７年）に基づく見直しは２０１９年１２月４日に終了した。国
連安全保障理事会決議第２６１０号（２０２１年）に基づく見直しは２０２３年１０月３０日
に終了した。同人に対するインターポール（国際刑事警察機構）・国連安全保障理事
会 特 別 手 配 書 の ウ ェ ブ ・ リ ン ク ： https://www.interpol.int/en/How-we-
work/Notices/View-UN-Notices-Individuals",REVIEW_REQUIRED,REVIEW_REQUIRED,false,mofa-names-v1
126adf153bd520671b9de87b006de3863ebbbb907b1b3625168cdef117f4a794:UN:441,current_un,441,UN,,unknown,false,128,126adf153bd520671b9de87b006de3863ebbbb907b1b3625168cdef117f4a794,https://www.mofa.go.jp/mofaj/files/000015952.pdf,https://www.mofa.go.jp/mofaj/files/000015952.pdf#page=128,data/raw/mofa/126adf153bd520671b9de87b006de3863ebbbb907b1b3625168cdef117f4a794.pdf.gz,４４１． ※２０１２年８月２４日解除,HISTORICAL,REVIEW_REQUIRED,false,mofa-names-v1
126adf153bd520671b9de87b006de3863ebbbb907b1b3625168cdef117f4a794:UN:442,current_un,442,UN,,entity,true,128,126adf153bd520671b9de87b006de3863ebbbb907b1b3625168cdef117f4a794,https://www.mofa.go.jp/mofaj/files/000015952.pdf,https://www.mofa.go.jp/mofaj/files/000015952.pdf#page=128,data/raw/mofa/126adf153bd520671b9de87b006de3863ebbbb907b1b3625168cdef117f4a794.pdf.gz,"４４２．アル・ハラマイン・アンド・アル・マスジド・アル・アクサー・チャリティー・ファウン
デーション（別称：(a)アル・ハラマイン・アル・マスジド・アル・アクサー(b)アル・ハラマイ
ン・アル・マスジド・アル・アクサー(c)アル・ハラマイン・アンド・アル・マスジド・アル・ア
クサー・チャリタブル・ファウンデーション(d)アル・ハラメイン・アル・マスジド・アル・アク
サー・チャリティー・ファウンデーション）
AL-HARAMAIN & AL MASJED AL-AQSA CHARITY FOUNDATION
(a.k.a.: (a)Al Haramain Al Masjed Al Aqsa (b)Al Haramayn Al Masjid Al Aqsa (c)Al-
Haramayn and Al Masjid Al Aqsa Charitable Foundation (d)Al Harammein Al Masjed
Al-Aqsa Charity Foundation)
旧称：不明
所在地：(a)支部の住所：2A Hasiba Brankovica, Sarajevo, Bosnia and Herzegovina
(b)14 Bihacka Street, Sarajevo, Bosnia and Herzegovina (c)64 Potur mahala Street,
Travnik, Bosnia and Herzegovina (d)Zenica, Bosnia and Herzegovina
国連制裁委員会による指定日：２００４年６月２８日（２００４年１１月２６日、２００８年９
月１６日、２００９年３月２４日、２０２０年１１月２４日、２０２３年２月２日及び３月１５日
に改訂）
その他の情報：現存しないと報告されている。登録番号２４番としてボスニア・ヘルツ
ェゴビナにおいて正式に登録されていた。アル・ハラマイン・アンド・アル・マスジド・ア
ル・アクサー・チャリティー・ファウンデーションはボスニア・ヘルツェゴビナ連邦司法省
の決定（業務停止決定番号：03-05-2-203/04）により業務を停止。２００８年１２月の
時点で現存していない。この団体の敷地と人道活動は政府の監督下で新団体「スレト
ナ・ブドゥーチノスト（Sretna Buducnost）」に譲渡された。国連安全保障理事会決議第
１８２２号（２００８年）に基づく見直しは２０１０年６月２２日に終了した。国連安全保障
理事会決議第２３６８号（２０１７年）に基づく見直しは２０２０年１１月２４日に終了した。
国連安全保障理事会決議第２６１０号（２０２１年）に基づく見直しは２０２２年１１月８
日に終了した。同団体に対するインターポール（国際刑事警察機構）・国連安全保障
理 事 会 特 別 手 配 書 の ウ ェ ブ ・ リ ン ク ： https://www.interpol.int/en/How-we-
work/Notices/View-UN-Notices-Entities",EXTRACTED,REVIEW_REQUIRED,false,mofa-names-v1
126adf153bd520671b9de87b006de3863ebbbb907b1b3625168cdef117f4a794:UN:443,current_un,443,UN,,unknown,false,128,126adf153bd520671b9de87b006de3863ebbbb907b1b3625168cdef117f4a794,https://www.mofa.go.jp/mofaj/files/000015952.pdf,https://www.mofa.go.jp/mofaj/files/000015952.pdf#page=128,data/raw/mofa/126adf153bd520671b9de87b006de3863ebbbb907b1b3625168cdef117f4a794.pdf.gz,４４３． ※２０１５年１月２３日解除,HISTORICAL,REVIEW_REQUIRED,false,mofa-names-v1
126adf153bd520671b9de87b006de3863ebbbb907b1b3625168cdef117f4a794:UN:444,current_un,444,UN,,unknown,false,128,126adf153bd520671b9de87b006de3863ebbbb907b1b3625168cdef117f4a794,https://www.mofa.go.jp/mofaj/files/000015952.pdf,https://www.mofa.go.jp/mofaj/files/000015952.pdf#page=128,data/raw/mofa/126adf153bd520671b9de87b006de3863ebbbb907b1b3625168cdef117f4a794.pdf.gz,４４４． ※２０１９年３月１日解除,HISTORICAL,REVIEW_REQUIRED,false,mofa-names-v1
126adf153bd520671b9de87b006de3863ebbbb907b1b3625168cdef117f4a794:UN:445,current_un,445,UN,,entity,true,128;129,126adf153bd520671b9de87b006de3863ebbbb907b1b3625168cdef117f4a794,https://www.mofa.go.jp/mofaj/files/000015952.pdf,https://www.mofa.go.jp/mofaj/files/000015952.pdf#page=128,data/raw/mofa/126adf153bd520671b9de87b006de3863ebbbb907b1b3625168cdef117f4a794.pdf.gz,"４４５．アル・ハラマイン：アフガニスタン・ブランチ
AL-HARAMAIN: AFGHANISTAN BRANCH
旧称：不明
所在地：Afghanistan（リスト掲載時点）
国連制裁委員会による指定日：２００４年７月６日（２０１２年３月２１日、２０２０年１１月
２４日及び２０２３年３月１５日に改訂）
その他の情報：国連安全保障理事会決議第１８２２号（２００８年）に基づく見直しは２
０１０年６月２２日に終了した。国連安全保障理事会決議第２３６８号（２０１７年）に基
づく見直しは２０２０年１１月２４日に終了した。国連安全保障理事会決議第２６１０号
（２０２１年）に基づく見直しは２０２２年１１月８日に終了した。同団体に対するインター
ポール（国際刑事警察機構）・国連安全保障理事会特別手配書のウェブ・リンク：
https://www.interpol.int/en/How-we-work/Notices/View-UN-Notices-Entities",REVIEW_REQUIRED,REVIEW_REQUIRED,false,mofa-names-v1
126adf153bd520671b9de87b006de3863ebbbb907b1b3625168cdef117f4a794:UN:446,current_un,446,UN,,entity,true,129,126adf153bd520671b9de87b006de3863ebbbb907b1b3625168cdef117f4a794,https://www.mofa.go.jp/mofaj/files/000015952.pdf,https://www.mofa.go.jp/mofaj/files/000015952.pdf#page=129,data/raw/mofa/126adf153bd520671b9de87b006de3863ebbbb907b1b3625168cdef117f4a794.pdf.gz,"４４６．アル・ハラマイン：アルバニア・ブランチ
AL-HARAMAIN: ALBANIA BRANCH
旧称：不明
所在地：Irfan Tomini Street, #58, Tirana, Albania（リスト掲載時点）
国連制裁委員会による指定日：２００４年７月６日（２０１２年３月２１日、２０２０年１１月
２４日及び２０２３年３月１５日に改訂）
その他の情報：国連安全保障理事会決議第１８２２号（２００８年）に基づく見直しは２
０１０年６月２２日に終了した。国連安全保障理事会決議第２３６８号（２０１７年）に基
づく見直しは２０２０年１１月２４日に終了した。国連安全保障理事会決議第２６１０号
（２０２１年）に基づく見直しは２０２２年１１月８日に終了した。同団体に対するインター
ポール（国際刑事警察機構）・国連安全保障理事会特別手配書のウェブ・リンク：
https://www.interpol.int/en/How-we-work/Notices/View-UN-Notices-Entities",REVIEW_REQUIRED,REVIEW_REQUIRED,false,mofa-names-v1
126adf153bd520671b9de87b006de3863ebbbb907b1b3625168cdef117f4a794:UN:447,current_un,447,UN,,entity,true,129,126adf153bd520671b9de87b006de3863ebbbb907b1b3625168cdef117f4a794,https://www.mofa.go.jp/mofaj/files/000015952.pdf,https://www.mofa.go.jp/mofaj/files/000015952.pdf#page=129,data/raw/mofa/126adf153bd520671b9de87b006de3863ebbbb907b1b3625168cdef117f4a794.pdf.gz,"４４７．アル・ハラマイン：バングラデシュ・ブランチ
AL-HARAMAIN: BANGLADESH BRANCH
旧称：不明
所在地：House 1, Road 1, S-6, Uttara, Dhaka, Bangladesh（リスト掲載時点）
国連制裁委員会による指定日：２００４年７月６日（２０１２年３月２１日、２０２０年１１月
２４日及び２０２３年３月１５日に改訂）
その他の情報：国連安全保障理事会決議第１８２２号（２００８年）に基づく見直しは２
０１０年６月２２日に終了した。国連安全保障理事会決議第２３６８号（２０１７年）に基
づく見直しは２０２０年１１月２４日に終了した。国連安全保障理事会決議第２６１０号
（２０２１年）に基づく見直しは２０２２年１１月８日に終了した。同団体に対するインター
ポール（国際刑事警察機構）・国連安全保障理事会特別手配書のウェブ・リンク：
https://www.interpol.int/en/How-we-work/Notices/View-UN-Notices-Entities",REVIEW_REQUIRED,REVIEW_REQUIRED,false,mofa-names-v1
126adf153bd520671b9de87b006de3863ebbbb907b1b3625168cdef117f4a794:UN:448,current_un,448,UN,,entity,true,129;130,126adf153bd520671b9de87b006de3863ebbbb907b1b3625168cdef117f4a794,https://www.mofa.go.jp/mofaj/files/000015952.pdf,https://www.mofa.go.jp/mofaj/files/000015952.pdf#page=129,data/raw/mofa/126adf153bd520671b9de87b006de3863ebbbb907b1b3625168cdef117f4a794.pdf.gz,"４４８．アル・ハラマイン：エチオピア・ブランチ
AL-HARAMAIN: ETHIOPIA BRANCH
旧称：不明
所在地：Woreda District 24 Kebele Section 13, Addis Ababa, Ethiopia（リスト掲載時点）
国連制裁委員会による指定日：２００４年７月６日（２０１２年３月２１日、２０２０年１１月
２４日及び２０２３年３月１５日に改訂）
その他の情報：国連安全保障理事会決議第１８２２号（２００８年）に基づく見直しは２
０１０年６月２２日に終了した。国連安全保障理事会決議第２３６８号（２０１７年）に基
づく見直しは２０２０年１１月２４日に終了した。国連安全保障理事会決議第２６１０号
（２０２１年）に基づく見直しは２０２２年１１月８日に終了した。同団体に対するインター
ポール（国際刑事警察機構）・国連安全保障理事会特別手配書のウェブ・リンク：
https://www.interpol.int/en/How-we-work/Notices/View-UN-Notices-Entities",REVIEW_REQUIRED,REVIEW_REQUIRED,false,mofa-names-v1
126adf153bd520671b9de87b006de3863ebbbb907b1b3625168cdef117f4a794:UN:449,current_un,449,UN,,entity,true,130,126adf153bd520671b9de87b006de3863ebbbb907b1b3625168cdef117f4a794,https://www.mofa.go.jp/mofaj/files/000015952.pdf,https://www.mofa.go.jp/mofaj/files/000015952.pdf#page=130,data/raw/mofa/126adf153bd520671b9de87b006de3863ebbbb907b1b3625168cdef117f4a794.pdf.gz,"４４９．アル・ハラマイン：オランダ・ブランチ（別称：スティッヒティング・アル・ハラマイ
ン・ヒューマニタリアン・エイド）
AL-HARAMAIN: THE NETHERLANDS BRANCH
(a.k.a.: Stichting Al Haramain Humanitarian Aid)
旧称：不明
所在地：Jan Hanzenstraat 114, 1053SV, Amsterdam, The Netherlands（リスト掲載時
点）
国連制裁委員会による指定日：２００４年７月６日（２０１２年４月１３日、２０１５年６月１
５日、２０２０年１１月２４日、２０２３年２月２日及び３月１５日に改訂）
その他の情報：現存しないと報告されている。国連安全保障理事会決議第１８２２号
（２００８年）に基づく見直しは２０１０年６月２８日に終了した。国連安全保障理事会決
議第２３６８号（２０１７年）に基づく見直しは２０２０年１１月２４日に終了した。国連安
全保障理事会決議第２６１０号（２０２１年）に基づく見直しは２０２２年１１月８日に終
了した。同団体に対するインターポール（国際刑事警察機構）・国連安全保障理事会
特 別 手 配 書 の ウ ェ ブ ・ リ ン ク ： https://www.interpol.int/en/How-we-
work/Notices/View-UN-Notices-Entities",REVIEW_REQUIRED,REVIEW_REQUIRED,false,mofa-names-v1
126adf153bd520671b9de87b006de3863ebbbb907b1b3625168cdef117f4a794:UN:450,current_un,450,UN,,unknown,false,130,126adf153bd520671b9de87b006de3863ebbbb907b1b3625168cdef117f4a794,https://www.mofa.go.jp/mofaj/files/000015952.pdf,https://www.mofa.go.jp/mofaj/files/000015952.pdf#page=130,data/raw/mofa/126adf153bd520671b9de87b006de3863ebbbb907b1b3625168cdef117f4a794.pdf.gz,４５０． ※２０１３年３月１９日解除,HISTORICAL,REVIEW_REQUIRED,false,mofa-names-v1
126adf153bd520671b9de87b006de3863ebbbb907b1b3625168cdef117f4a794:UN:451,current_un,451,UN,,entity,true,130;131,126adf153bd520671b9de87b006de3863ebbbb907b1b3625168cdef117f4a794,https://www.mofa.go.jp/mofaj/files/000015952.pdf,https://www.mofa.go.jp/mofaj/files/000015952.pdf#page=130,data/raw/mofa/126adf153bd520671b9de87b006de3863ebbbb907b1b3625168cdef117f4a794.pdf.gz,"４５１．アル・ハラマイン財団（コモロ連合）
AL-HARAMAIN FOUNDATION (UNION OF THE COMOROS)
旧称：不明
所在地：B/P: 1652 Moroni, Union of the Comoros（リスト掲載時点）
国連制裁委員会による指定日：２００４年９月２８日（２０１２年３月２１日、２０２０年１１
月２４日及び２０２３年３月１５日に改訂）
その他の情報：国連安全保障理事会決議第１８２２号（２００８年）に基づく見直しは２
０１０年６月２２日に終了した。国連安全保障理事会決議第２３６８号（２０１７年）に基
づく見直しは２０２０年１１月２４日に終了した。国連安全保障理事会決議第２６１０号
（２０２１年）に基づく見直しは２０２２年１１月８日に終了した。同団体に対するインター
ポール（国際刑事警察機構）・国連安全保障理事会特別手配書のウェブ・リンク：
https://www.interpol.int/en/How-we-work/Notices/View-UN-Notices-Entities",EXTRACTED,REVIEW_REQUIRED,false,mofa-names-v1
126adf153bd520671b9de87b006de3863ebbbb907b1b3625168cdef117f4a794:UN:452,current_un,452,UN,,unknown,false,131,126adf153bd520671b9de87b006de3863ebbbb907b1b3625168cdef117f4a794,https://www.mofa.go.jp/mofaj/files/000015952.pdf,https://www.mofa.go.jp/mofaj/files/000015952.pdf#page=131,data/raw/mofa/126adf153bd520671b9de87b006de3863ebbbb907b1b3625168cdef117f4a794.pdf.gz,４５２．※２０１４年１２月１７日解除,HISTORICAL,REVIEW_REQUIRED,false,mofa-names-v1
126adf153bd520671b9de87b006de3863ebbbb907b1b3625168cdef117f4a794:UN:453,current_un,453,UN,,entity,true,131,126adf153bd520671b9de87b006de3863ebbbb907b1b3625168cdef117f4a794,https://www.mofa.go.jp/mofaj/files/000015952.pdf,https://www.mofa.go.jp/mofaj/files/000015952.pdf#page=131,data/raw/mofa/126adf153bd520671b9de87b006de3863ebbbb907b1b3625168cdef117f4a794.pdf.gz,"４５３．イラクのアル・カーイダ（別称：(a)エー・キュー・アイ(b)アル・タウヒード(c)ザ・モノ
スィズム・アンド・ジハード・グループ(d)カーイダ・オブ・ザ・ジハード・イン・ザ・ランド・オ
ブ・ザ・ツー・リバーズ(e)アル・カーイダ・オブ・ジハード・イン・ザ・ランド・オブ・ザ・ツ
ー・リバーズ(f)ザ・オーガナイゼーション・オブ・ジハーズ・ベース・イン・ザ・カントリー・
オブ・ザ・ツー・リバーズ(g)ザ・オーガナイゼーション・ベース・オブ・ジハード／カントリ
ー・オブ・ザ・ツー・リバーズ(h)ザ・オーガナイゼーション・ベース・オブ・ジハード／メソ
ポタミア(i)タンズィム・カーイダット・アル・ジハード・フィ・ビラード・アル・ラーフィダイン
(j)タンズィーム・カーイダット・アル・ジハード／ビラード・アル・ラーフィダイニ(k)ジャマ
ーアト・アル・タウヒード・ワ・アル・ジハード(l)ジェー・ティー・ジェー(m)イラク・イスラム
国(n)アイ・エス・アイ(o)アル・ザルカウィ・ネットワーク(p)イラクとレバント地方のイスラ
ム国）
AL-QAIDA IN IRAQ
(original script: ه دعاقلا ي ف قارعلا)
(a.k.a. :(a)AQI (b)al-Tawhid (c)the Monotheism and Jihad Group (d)Qaida of the Jihad
in the Land of the Two Rivers (e)Al-Qaida of Jihad in the Land of the Two Rivers
(f)The Organization of Jihad's Base in the Country of the Two Rivers (g)The
Organization Base of Jihad/ Country of the Two Rivers (h)The Organization Base of
Jihad/ Mesopotamia (i)Tanzim Qa'idat Al-Jihad fi Bilad al-Rafidayn (j)Tanzeem Qa'idat
al Jihad/ Bilad al Raafidaini (k)Jama’at Al-Tawhid Wa’al-Jihad (l)JTJ (m)Islamic State
of Iraq (n)ISI (o)al-Zarqawi network (p)Islamic State in Iraq and the Levant)
旧称：不明
所在地：不明
国連制裁委員会による指定日：２００４年１０月１８日（２００４年１２月２日、２００９年３
月５日、２０１１年１２月１３日、２０１３年５月３０日、２０１４年５月１３日、６月２日及び２
０２０年１１月２４日に改訂）
その他の情報：国連安全保障理事会決議第１８２２号（２００８年）に基づく見直しは２
０１０年５月２５日に終了した。国連安全保障理事会決議第２３６８号（２０１７年）に基
づく見直しは２０２０年１１月２４日に終了した。同団体に対するインターポール（国際
刑 事 警 察 機 構 ） ・ 国 連 安 全 保 障 理 事 会 特 別 手 配 書 の ウ ェ ブ ・ リ ン ク ：
https://www.interpol.int/en/How-we-work/Notices/View-UN-Notices-Entities",REVIEW_REQUIRED,REVIEW_REQUIRED,false,mofa-names-v1
126adf153bd520671b9de87b006de3863ebbbb907b1b3625168cdef117f4a794:UN:454,current_un,454,UN,,unknown,false,131,126adf153bd520671b9de87b006de3863ebbbb907b1b3625168cdef117f4a794,https://www.mofa.go.jp/mofaj/files/000015952.pdf,https://www.mofa.go.jp/mofaj/files/000015952.pdf#page=131,data/raw/mofa/126adf153bd520671b9de87b006de3863ebbbb907b1b3625168cdef117f4a794.pdf.gz,４５４． ※２０１７年４月８日解除,HISTORICAL,REVIEW_REQUIRED,false,mofa-names-v1
126adf153bd520671b9de87b006de3863ebbbb907b1b3625168cdef117f4a794:UN:455,current_un,455,UN,,unknown,false,132,126adf153bd520671b9de87b006de3863ebbbb907b1b3625168cdef117f4a794,https://www.mofa.go.jp/mofaj/files/000015952.pdf,https://www.mofa.go.jp/mofaj/files/000015952.pdf#page=132,data/raw/mofa/126adf153bd520671b9de87b006de3863ebbbb907b1b3625168cdef117f4a794.pdf.gz,４５５． ※２０１２年８月２４日解除,HISTORICAL,REVIEW_REQUIRED,false,mofa-names-v1
126adf153bd520671b9de87b006de3863ebbbb907b1b3625168cdef117f4a794:UN:456,current_un,456,UN,,unknown,false,132,126adf153bd520671b9de87b006de3863ebbbb907b1b3625168cdef117f4a794,https://www.mofa.go.jp/mofaj/files/000015952.pdf,https://www.mofa.go.jp/mofaj/files/000015952.pdf#page=132,data/raw/mofa/126adf153bd520671b9de87b006de3863ebbbb907b1b3625168cdef117f4a794.pdf.gz,４５６． ※２０１３年３月１９日解除,HISTORICAL,REVIEW_REQUIRED,false,mofa-names-v1
126adf153bd520671b9de87b006de3863ebbbb907b1b3625168cdef117f4a794:UN:457,current_un,457,UN,,unknown,false,132,126adf153bd520671b9de87b006de3863ebbbb907b1b3625168cdef117f4a794,https://www.mofa.go.jp/mofaj/files/000015952.pdf,https://www.mofa.go.jp/mofaj/files/000015952.pdf#page=132,data/raw/mofa/126adf153bd520671b9de87b006de3863ebbbb907b1b3625168cdef117f4a794.pdf.gz,４５７． ※２０１２年１２月１９日解除,HISTORICAL,REVIEW_REQUIRED,false,mofa-names-v1
126adf153bd520671b9de87b006de3863ebbbb907b1b3625168cdef117f4a794:UN:458,current_un,458,UN,,person,true,132,126adf153bd520671b9de87b006de3863ebbbb907b1b3625168cdef117f4a794,https://www.mofa.go.jp/mofaj/files/000015952.pdf,https://www.mofa.go.jp/mofaj/files/000015952.pdf#page=132,data/raw/mofa/126adf153bd520671b9de87b006de3863ebbbb907b1b3625168cdef117f4a794.pdf.gz,"４５８．ムフシン・ファーディル・アーイド・アーシュール・アル・ファドリ（別名：(a)ムフシ
ン・ファーディル・アイイド・アル・ファドリ(b)ムフシン・ファディール・アーイド・アーシュー
ル・アル・ファドリ(c)アブ・マージド・サミヤ(d)アブ・サミア）
MUHSIN FADHIL AYED ASHOUR AL-FADHLI
(original script: يلضفلا روشاع دیاع لضاف ن سحم)
(a.k.a.: (a)Muhsin Fadhil ‘Ayyid al Fadhli (b)Muhsin Fadil Ayid Ashur al Fadhli (c)Abu
Majid Samiyah (d)Abu Samia)
称号：不明
役職：不明
生年月日：１９８１年４月２４日
出生地：クウェート
国籍：クウェート
旅券番号：(a)クウェート旅券 106261543 (b)クウェート旅券 1420529 （クウェートにて
発行、2006 年 3 月 31 日失効）
ＩＤ番号：不明
住所：Block Four, Street 13, House #179 Kuwait City, Al-Riqqa area, Kuwait
国連制裁委員会による指定日：２００５年２月１７日（２００８年７月２３日、２０１５年１２
月１０日、２０２０年１１月２４日及び２０２５年３月１１日に改訂）
その他の情報：クウェート治安当局の指名手配を受けている。サウジアラビア治安部
隊からも指名手配を受けている。２００８年７月現在逃亡中。２０１５年の対テロ作戦に
てシリアで死亡したと報告されている。国連安全保障理事会決議第１８２２号（２００８
年）に基づく見直しは２０１０年６月１日に終了した。国連安全保 障理事会決議第２３
６８号（２０１７年）に基づく見直しは２０２０年１１月２４日に終了した。写真はインター
ポール（国際刑事警察機構）･国連安全保障理事会特別手配書に含まれているもの
を利用可能。同人に対するインターポール（国際刑事警察機構）・国連安全保障理事
会 特 別 手 配 書 の ウ ェ ブ ・ リ ン ク ： https://www.interpol.int/en/How-we-
work/Notices/View-UN- Notices-Individuals",REVIEW_REQUIRED,REVIEW_REQUIRED,false,mofa-names-v1
126adf153bd520671b9de87b006de3863ebbbb907b1b3625168cdef117f4a794:UN:459,current_un,459,UN,,entity,true,133,126adf153bd520671b9de87b006de3863ebbbb907b1b3625168cdef117f4a794,https://www.mofa.go.jp/mofaj/files/000015952.pdf,https://www.mofa.go.jp/mofaj/files/000015952.pdf#page=133,data/raw/mofa/126adf153bd520671b9de87b006de3863ebbbb907b1b3625168cdef117f4a794.pdf.gz,"（重複）４５９． ラシュカレ・タイバ（別称：(a)ラシュカレ・タイバ(b)ラシュカレ・タイバ（c）
アル・マンスリーン（d）アル・マンスリーン（e）アーミー・オブ・ザ・ピュアー（f）アーミー・
オブ・ザ・ライチャス（g）アーミー・オブ・ザ・ピュアー・アンド・ライチャス（h）パースバー
ネ・カシミール（i）パースバーネ・アヘレ・ハディース（j）パースバーネ・カシミール（k）パ
ースバーネ・アヘレ・ハディース（l）パースバーネ・アヘレ・ハディース(m)パースハー
ネ・アヘレ・ハディース(n)ラシュカレ・タイバ(o)エル・イー・ティー(p)ジャマーアットゥド
ゥ・ダーワ(q)ジェー・ユー・ディー(r)ジャマー・アットゥル・ダーワ(s)ジャマーアットゥドゥ・
ダーワ(t)ジャマーアットゥル・ダーワ(u)ジャマーアットゥル・ダーワ(v)ジャマー・アッテ・
ダーワット(w)ジャマーアットゥドゥ・ダーワ(x)ジャマー・アットゥドゥ・ダ・アワ(y)ジャマー・
アットゥドゥ・ダ・アワ(z)ジャマーアットゥドゥ・ダーワ(aa)ファラーヒ・インサニアット財団
（ＦＩＦ））
LASHKAR-E-TAYYIBA (a.k.a.: (a)Lashkar-e-Toiba (b)Lashkar-i-Taiba (c)al
Mansoorian (d)al Mansooreen (e)Army of the Pure (f)Army of the Righteous (g)Army
of the Pure and Righteous (h)Paasban-e-Kashmir (i)Paasban-i-Ahle-Hadith
(j)Pasban-e-Kashmir (k)Pasban-e-Ahle-Hadith (l)Paasban-e-Ahle-Hadis (m)Pashan-
e-ahle Hadis (n)Lashkar e Tayyaba (o)LET (p)Jamaat-ud-Dawa (q)JUD (r)Jama'at al-
Dawa (s)Jamaat ud-Daawa (t)Jamaat ul-Dawah (u)Jamaat-ul-Dawa (v)Jama'at-i-
Dawat (w)Jamaiat-ud-Dawa (x)Jama'at-ud-Da'awah (y)Jama'at-ud-Da'awa
(z)Jamaati-ud-Dawa (aa)Falah-i-Insaniat Foundation (FIF))
旧称：不明
所在地：不明
国連制裁委員会による指定日：２００５年５月２日（２００５年１１月３日、２００８年１２月
１０日、２０１２年３月１４日、２０２０年１１月２４日及び2024年２月７日に改訂）
その他の情報：ラシュカレ・タイバの指導者であるハフィーズ・ムハンマド・サイード（５
４９．に指定した個人）と関係がある。国連安全保障理事会決議第１８２２号（２００８年）
に基づく見直しは２０１０年６月８日に終了した。国連安全保障理事会決議第２３６８号
（２０１７年）に基づく見直しは２０２０年１１月２４日に終了した。国連安全保障理事会
決議第２６１０号（２０２１年）に基づく見直しは２０２３年１０月３０日に終了した。同団
体に対するインターポール（国際刑事警察機構）・国連安全保障理事会特別手配書
の ウ ェ ブ ・ リ ン ク ： https://www.interpol.int/en/How-we-work/Notices/View-UN-
Notices-Entities",REVIEW_REQUIRED,REVIEW_REQUIRED,false,mofa-names-v1
126adf153bd520671b9de87b006de3863ebbbb907b1b3625168cdef117f4a794:UN:460,current_un,460,UN,,unknown,false,133,126adf153bd520671b9de87b006de3863ebbbb907b1b3625168cdef117f4a794,https://www.mofa.go.jp/mofaj/files/000015952.pdf,https://www.mofa.go.jp/mofaj/files/000015952.pdf#page=133,data/raw/mofa/126adf153bd520671b9de87b006de3863ebbbb907b1b3625168cdef117f4a794.pdf.gz,４６０． ※２０１１年２月１８日解除,HISTORICAL,REVIEW_REQUIRED,false,mofa-names-v1
126adf153bd520671b9de87b006de3863ebbbb907b1b3625168cdef117f4a794:UN:461,current_un,461,UN,,person,true,133;134,126adf153bd520671b9de87b006de3863ebbbb907b1b3625168cdef117f4a794,https://www.mofa.go.jp/mofaj/files/000015952.pdf,https://www.mofa.go.jp/mofaj/files/000015952.pdf#page=133,data/raw/mofa/126adf153bd520671b9de87b006de3863ebbbb907b1b3625168cdef117f4a794.pdf.gz,"４６１．アブ・ルスダン（別名：(a)アブ・トリク(b)ルスジャン(c)ルスジャン(d)ルシダン(e)ト
リクディン(f)トリクィディン(g) トリクィディン(h)トリクディン）
ABU RUSDAN
(a.k.a.:(a)Abu Thoriq (b)Rusdjan (c)Rusjan (d)Rusydan (e)Thoriquddin (f)Thoriquiddin
(g)Thoriquidin (h)Toriquddin)
称号：不明
役職：不明
生年月日：1960 年 8 月 16 日
出生地：Kudus, Central Java, Indonesia
国籍：不明
旅券番号：不明
ＩＤ番号：インドネシア国民 ID カード 1608600001
住所：不明
国連制裁委員会による指定日：２００５年５月１６ 日（２０１４ 年１２月１２日、２０１９年
５月１日、２０２３年２月２日及び３月１５日に改訂）
その他の情報：インドネシアで２０２１年に逮捕された。逮捕前には、ジュマ・イスラミー
ヤ（JI、３３２．に指定した団体）の指導者代行を務めており、依然 JI の幹部である。国
連安全保障理事会決議第１８２２号（２００８ 年）に基づく見直しは２０１０ 年６月８日
に終了した。国連安全保障理事会決議第２２５３号（２０１５年）に基づく見直しは２０１
９年２月２１日に終了した。国連安全保障理事会決議第２６１０号（２０２１年）に基づく
見直しは２０２２年１１月８日に終了した。同人に対するインターポール（国際刑事警
察機構）・国連安全保障理事会特別手配書のウェブ・リンク：
https://www.interpol.int/en/How-we-work/Notices/View-UN-Notices-Individuals",EXTRACTED,REVIEW_REQUIRED,false,mofa-names-v1
126adf153bd520671b9de87b006de3863ebbbb907b1b3625168cdef117f4a794:UN:462,current_un,462,UN,QDi.187,person,true,134;135,126adf153bd520671b9de87b006de3863ebbbb907b1b3625168cdef117f4a794,https://www.mofa.go.jp/mofaj/files/000015952.pdf,https://www.mofa.go.jp/mofaj/files/000015952.pdf#page=134,data/raw/mofa/126adf153bd520671b9de87b006de3863ebbbb907b1b3625168cdef117f4a794.pdf.gz,"４６２．アリス・スマルソノ
ARIS SUMARSONO
国連参照番号： QDi.187
生年月日： 1963/4/19
出生地： Gebang village, Masaran, Sragen, Central Java, Indonesia
別名： ズルカルナン; ズルカルナン; ズルカルニン; アリフ・スナルソ; ズルカルナエ
ン; アリス・スナルソ; ウスタド・ダウド・ズルカルナエン; ムルシッド ; ダウド; パッ・ウ
ド; ンバッ・ズル; ザイナル・アリフィン; ズル; アブドゥッラー・アブドゥラフマン; アブド
ゥル; アブドゥラフマン
Zulkarnan; Zulkarnain; Zulkarnin; Arif Sunarso; Zulkarnaen; Aris Sunarso; Ustad Daud
Zulkarnaen; Murshid; Daud; Pak Ud; Mbah Zul; Zainal Arifin; Zul; Abdullah Abdurrahman;
Abdul; Abdurrahman
国籍：インドネシア
Indonesia
住所：Desa Gebang, Kecamatan Masaran, Kabupaten Sragen, Jawa Tengah, Indonesia;
Desa Taman Fajar, Kecamatan Probolinggo, Kabupaten Lampung Timur, Lampung,
Indonesia
リスト掲載日：２００５年５月１６日（２０１９年４月１７日、２０２１年１1 月 15 日、２０２２年
５月２７日、２０２５年１０月６日に改訂）
その他の情報：２０２２年１月インドネシアにて懲役１５年の判決を受けた。国連安全
保障理事会決議第１８２２号（２００８年）に基づく見直しは２０１０年６月８日に終了し
た。国連安全保障理事会決議第２２５３号（２０１５年）に基づく見直しは２０１８年６月７
日に終了した。国連安全保障理事会決議第２３６８号（２０１７年）に基づく見直しは２０
２１年１１月１５日に終了した。同人に対するインターポール（国際刑事警察機構）・国
連安全保障理事会特別手配書のウェブ・リンク：https://www.interpol.int/en/How-
we-work/Notices/View-UN-Notices-Individuals",EXTRACTED,REVIEW_REQUIRED,false,mofa-names-v1
126adf153bd520671b9de87b006de3863ebbbb907b1b3625168cdef117f4a794:UN:463,current_un,463,UN,QDe.119,entity,true,135,126adf153bd520671b9de87b006de3863ebbbb907b1b3625168cdef117f4a794,https://www.mofa.go.jp/mofaj/files/000015952.pdf,https://www.mofa.go.jp/mofaj/files/000015952.pdf#page=135,data/raw/mofa/126adf153bd520671b9de87b006de3863ebbbb907b1b3625168cdef117f4a794.pdf.gz,"４６３．イスラミック・ジハード・グループ
ISLAMIC JIHAD GROUP
国連参照番号：QDe.119
別称：ジャマーアート・アル・ジハード； リビアン・ソサエティ； カザフ・ジャマーアート；
ジャマーアート・モジャヒディーン； ジャミヤート； ジャミアト・アル・ジハード・アル・イス
ラーミー； ジャマアート・ムジャヘッドフ； イスラミック・ジハード・グループ・オブ・ウズ
ベキスタン； アル・ジハード・アル・イスラーミー； ザマアート・ムジャヘッドフ・ツェント
ラリノイ・アージィ； イスラミック・ジハード・ユニオン
Jama’at al-Jihad; Libyan Society; Kazakh Jama’at; Jamaat Mojahedin; Jamiyat;
Jamiat al-Jihad al-Islami; Dzhamaat Modzhakhedov; Islamic Jihad Group of
Uzbekistan; al-Djihad al-Islami; Zamaat Modzhakhedov Tsentralnoy Asii; Islamic Jihad
Union
リスト掲載日：2005 年６月１日（2006 年４月 19 日、2008 年２月 20 日、2011 年 12 月
13 日、2020 年 11 月 24 日及び 2026 年８月 18 日に改訂）
その他の情報：国連安全保障理事会決議に基づく見直しは 2010 年 5 月 20 日、2020
年 11 月 24 日、2025 年 12 月 31 日に終了した。ナジミッディン・カモリッディノヴィッチ・
ジャロロフ（死亡したと報告されている）及びスハイル・ファティロエヴィッチ・ブラノフ
（死亡したと報告されている）によって設立され、率いられた。同団体の活動はアル・カ
ーイダにより資金提供され、調整されている。イスラム運動ウズベキスタン（171．に指
定した団体）及びコーカサス首長国（590．に指定した団体）と関係がある。アフガニス
タン・パキスタン国境地域、中央アジア、南アジア及び欧州において活動。同団体に
対するインターポール（国際刑事警察機構）・国連安全保障理事会特別手配書のウェ
ブ ・ リ ン ク ： https://www.interpol.int/en/How-we-work/Notices/View-UN-Notices-
Entities",EXTRACTED,REVIEW_REQUIRED,false,mofa-names-v1
126adf153bd520671b9de87b006de3863ebbbb907b1b3625168cdef117f4a794:UN:464,current_un,464,UN,,unknown,false,135,126adf153bd520671b9de87b006de3863ebbbb907b1b3625168cdef117f4a794,https://www.mofa.go.jp/mofaj/files/000015952.pdf,https://www.mofa.go.jp/mofaj/files/000015952.pdf#page=135,data/raw/mofa/126adf153bd520671b9de87b006de3863ebbbb907b1b3625168cdef117f4a794.pdf.gz,４６４． ※２０１２年８月２４日解除,HISTORICAL,REVIEW_REQUIRED,false,mofa-names-v1
126adf153bd520671b9de87b006de3863ebbbb907b1b3625168cdef117f4a794:UN:465,current_un,465,UN,,person,true,135;136,126adf153bd520671b9de87b006de3863ebbbb907b1b3625168cdef117f4a794,https://www.mofa.go.jp/mofaj/files/000015952.pdf,https://www.mofa.go.jp/mofaj/files/000015952.pdf#page=135,data/raw/mofa/126adf153bd520671b9de87b006de3863ebbbb907b1b3625168cdef117f4a794.pdf.gz,"４６５．ファイサル・ブーガンミー（別名：(a)ファイサル・ブーガンミー(b)ファイサル・ア
ル・ブーガンミー）
FAYCAL BOUGHANEMI
(original script: يمناغوب لصیف）
(a.k.a.: (a)Faical Boughanmi (b)Faysal al-Bughanimi)
称号：不明
役職：不明
生年月日：１９６６年１０月２８日
出生地：Tunis, Tunisia
国籍：チュニジア
旅券番号：不明
ＩＤ番号：不明
住所：Number 5/B viale Cambonino, Cremona, Italy
国連制裁委員会による指定日：２００５年７月２９日（２００７年６月７日、２００９年８月１
０日、９月１日、２０１１年１２月１３日、２０１９年５月１日及び２０２３年３月１５日に改
訂）
その他の情報：Italian Fiscal code（イタリア納税者番号）： BGHFCL66R28Z352G。２０
０７年６月２９日にイタリアでブレッシャ第二控訴裁判所（Brescia Second Appeals
Court）は懲役７年の判決を下した。２００９年６月時点でイタリアにおいて拘留されて
いる。国連安全保障理事会決議第１８２２号（２００８年）に基づく見直しは２００９年７
月２０日に終了した。国連安全保障理事会決議第２２５３号（２０１５年）に基づく見直し
は２０１９年２月２１日に終了した。国連安全保障理事会決議第２６１０号（２０２１年）
に基づく見直しは２０２２年１１月８日に終了した。同人に対するインターポール（国際
刑 事 警 察 機 構 ） ・ 国 連 安 全 保 障 理 事 会 特 別 手 配 書 の ウ ェ ブ ・ リ ン ク ：
https://www.interpol.int/en/How-we-work/Notices/View-UN-Notices-Individuals",REVIEW_REQUIRED,REVIEW_REQUIRED,false,mofa-names-v1
126adf153bd520671b9de87b006de3863ebbbb907b1b3625168cdef117f4a794:UN:466,current_un,466,UN,,unknown,false,136,126adf153bd520671b9de87b006de3863ebbbb907b1b3625168cdef117f4a794,https://www.mofa.go.jp/mofaj/files/000015952.pdf,https://www.mofa.go.jp/mofaj/files/000015952.pdf#page=136,data/raw/mofa/126adf153bd520671b9de87b006de3863ebbbb907b1b3625168cdef117f4a794.pdf.gz,４６６． ※２０１２年９月２８日解除,HISTORICAL,REVIEW_REQUIRED,false,mofa-names-v1
126adf153bd520671b9de87b006de3863ebbbb907b1b3625168cdef117f4a794:UN:467,current_un,467,UN,,person,true,136;137,126adf153bd520671b9de87b006de3863ebbbb907b1b3625168cdef117f4a794,https://www.mofa.go.jp/mofaj/files/000015952.pdf,https://www.mofa.go.jp/mofaj/files/000015952.pdf#page=136,data/raw/mofa/126adf153bd520671b9de87b006de3863ebbbb907b1b3625168cdef117f4a794.pdf.gz,"４６７．アブデルカーデル・ラアグウブ（別名：ラシド）
ABDELKADER LAAGOUB
(original script: بوغلا رداقلا دبع(
(a.k.a.: Rachid)
称号：不明
役職：不明
生年月日：１９６６年４月２３日
出生地：Casablanca, Morocco
国籍：モロッコ
旅券番号：モロッコ旅券 D-379312
ＩＤ番号：モロッコ国民ＩＤカード番号 DE-473900
住所：Number 4, Via Europa, Paderno Ponchielli, Cremona, Italy
国連制裁委員会による指定日：２００５年７月２９日（２００７年１２月２１日、２０１１年１
２月１３日、２０１９年１２月６日及び2024年２月７日に改訂）
その他の情報：Italian Fiscal code（イタリア納税者番号）： LGBBLK66D23Z330U。父
親の名前はMamoune Mohamed。母親の名前はFatna Ahmed。国連安全保障理事会
決議第１８２２号（２００８年）に基づく見直しは２０１０年６月８日に終了した。国連安全
保障理事会決議第２３６８号（２０１７年）に基づく見直しは２０１９年１２月４日に終了し
た。国連安全保障理事会決議第２６１０号（２０２１年）に基づく見直しは２０２３年１０月
３０日に終了した。同人に対するインターポール（国際刑事警察機構）・国連安全保障
理事会特別手配書のウェブ・リンク：https://www.interpol.int/en/How-we-
work/Notices/View-UN-Notices-Individuals",REVIEW_REQUIRED,REVIEW_REQUIRED,false,mofa-names-v1
126adf153bd520671b9de87b006de3863ebbbb907b1b3625168cdef117f4a794:UN:468,current_un,468,UN,,entity,true,137,126adf153bd520671b9de87b006de3863ebbbb907b1b3625168cdef117f4a794,https://www.mofa.go.jp/mofaj/files/000015952.pdf,https://www.mofa.go.jp/mofaj/files/000015952.pdf#page=137,data/raw/mofa/126adf153bd520671b9de87b006de3863ebbbb907b1b3625168cdef117f4a794.pdf.gz,"４６８．アルアクタル・トラスト・インターナショナル（別称：(a)アル・アクタル・トラスト(b)ア
ルアクタル・メディカル・センター(c)アクタラバード・メディカル・キャンプ(d)パキスタン・
リリーフ・ファウンデーション(e)パキスタニ・リリーフ・ファウンデーション(f)アズマッテ・
パキスタン・トラスト(g)アズマット・パキスタン・トラスト）
AL-AKHTAR TRUST INTERNATIONAL
(a.k.a.: (a)Al Akhtar Trust (b)Al-Akhtar Medical Centre (c)Akhtarabad Medical Camp
(d)Pakistan Relief Foundation (e)Pakistani Relief Foundation (f)Azmat-e-Pakistan
Trust (g)Azmat Pakistan Trust)
旧称：不明
所在地： (a)ST-1/A, Gulsahn-e-Iqbal, Block 2, Karachi, 25300, Pakistan (b)Gulistan-
e-Jauhar, Block 12, Karachi, Pakistan
国連制裁委員会による指定日：２００５年８月１７日（２００８年１２月１０日、２０１１年１
２月１３日、２０１９年５月１日及び２０２３年３月１５日に改訂）
その他の情報：パキスタンにおける地方事務所は Bahawalpur、Bawalnagar、Gilgit、
Islamabad、Mirpur Khas、Tando-Jan-Muhammad に所在する。アクタラバード・メディ
カル・キャンプはアフガニスタンの Spin Boldak に所在する。ジャイシ・モハンメド（１９
２．に指定した団体）のメンバーによって登録された。ハルカトゥル・ムジャヒディン（１６
９．に指定した団体）、ラシュカル・イ・ジャングヴィ（３４０．に指定した団体）及びラシュ
カレ・タイバ（４５９．に指定した団体）と関係がある。パキスタンにおいて活動が禁止さ
れている。国連安全保障理事会決議第１８２２号（２００８年）に基づく見直しは２００９
年９月１４日に終了した。国連安全保障理事会決議第２２５３号（２０１５年）に基づく見
直しは２０１９年２月２１日に終了した。国連安全保障理事会決議第２６１０号（２０２１
年）に基づく見直しは２０２２年１１月８日に終了した。同団体に対するインターポール
（国際刑事警察機構）・国連安全保障理事会特別手配書のウェブ・リンク：
https://www.interpol.int/en/How-we-work/Notices/View-UN-Notices-Entities",EXTRACTED,REVIEW_REQUIRED,false,mofa-names-v1
126adf153bd520671b9de87b006de3863ebbbb907b1b3625168cdef117f4a794:UN:469,current_un,469,UN,,unknown,false,137,126adf153bd520671b9de87b006de3863ebbbb907b1b3625168cdef117f4a794,https://www.mofa.go.jp/mofaj/files/000015952.pdf,https://www.mofa.go.jp/mofaj/files/000015952.pdf#page=137,data/raw/mofa/126adf153bd520671b9de87b006de3863ebbbb907b1b3625168cdef117f4a794.pdf.gz,４６９． ※２０１１年１１月１８日解除,HISTORICAL,REVIEW_REQUIRED,false,mofa-names-v1
126adf153bd520671b9de87b006de3863ebbbb907b1b3625168cdef117f4a794:UN:470,current_un,470,UN,,person,true,138,126adf153bd520671b9de87b006de3863ebbbb907b1b3625168cdef117f4a794,https://www.mofa.go.jp/mofaj/files/000015952.pdf,https://www.mofa.go.jp/mofaj/files/000015952.pdf#page=138,data/raw/mofa/126adf153bd520671b9de87b006de3863ebbbb907b1b3625168cdef117f4a794.pdf.gz,"４７０．アブダッラー・モハメド・ラガブ・アブデル・ラフマン（別名：(a)アブ・アルハイル(b)
アフマド・ハサン(c)アブ・ジハード)
ABD ALLAH MOHAMED RAGAB ABDEL RAHMAN
(original script: نمحرلا دبع بجر دمحم الله دبع)
(a.k.a.: (a)Abu Al-Khayr (b)Ahmad Hasan (c)Abu Jihad)
称号：不明
役職：不明
生年月日：１９５７年１１月３日
出生地：Kafr Al-Shaykh, Egypt
国籍：エジプト
旅券番号：不明
ＩＤ番号：不明
住所：パキスタン又はアフガニスタンと思われている。
国連制裁委員会による指定日：２００５年９月２９日（２０１１年１２月１３日、２０１９年５
月１日、２０２１年１１月１５日及び２０２５年３月１１日に改訂）
その他の情報：エジプシャン・イスラミック・ジハード団（１７０．に指定した団体）のメン
バー。２０１７年２月にシリアで死亡したと報告されている。国連安全保障理事会決議
第１８２２号（２００８年）に基づく見直しは２０１０年６月１日に終了した。国連安全保障
理事会決議第２２５３号（２０１５年）に基づく見直しは２０１９年２月２１日に終了した。
国連安全保障理事会決議第２３６８号（２０１７年） に基づく見直しは２０２１年１１月１
５日に終了した。同人に対するインターポール（国 際 刑 事 警 察 機 構 ） ・ 国
連 安 全 保 障 理 事 会 特 別 手 配 書 の ウ ェ ブ ・ リ ン ク ：
https://www.interpol.int/en/How-we-work/Notices/View-UN-Notices-Individuals",REVIEW_REQUIRED,REVIEW_REQUIRED,false,mofa-names-v1
126adf153bd520671b9de87b006de3863ebbbb907b1b3625168cdef117f4a794:UN:471,current_un,471,UN,,person,true,138;139,126adf153bd520671b9de87b006de3863ebbbb907b1b3625168cdef117f4a794,https://www.mofa.go.jp/mofaj/files/000015952.pdf,https://www.mofa.go.jp/mofaj/files/000015952.pdf#page=138,data/raw/mofa/126adf153bd520671b9de87b006de3863ebbbb907b1b3625168cdef117f4a794.pdf.gz,"４７１．ザキ・イザット・ザキ・アフマド（別名：(a)リファト・サーレム(b)アブ・ウサマ）
ZAKI EZAT ZAKI AHMED
(original script: دمحا يكز تزع ي كز)
(a.k.a.: (a)Rif’at Salim (b)Abu Usama)
称号：不明
役職：不明
生年月日：１９６０年４月２１日
出生地：(a)Sharqiyah, Egypt (b)Zaqaziq,Egypt
国籍：エジプト
旅券番号：不明
ＩＤ番号：不明
住所：シリア
国連制裁委員会による指定日：２００５年９月２９日（２０１１年１２月１３日、２０１９年５
月１日、２０２１年１１月１５日及び２０２５年３月１１日に改訂）
その他の情報：父親の名前は Ahmed Ezat Zaki。エジプシャン・イスラミック・ジハード
団（１７０．に指定した団体）のメンバー。国連安全保障理事会決議第１８２２号（２００
８年）に基づく見直しは２０１０年６月１日に終了した。国連安全保障理事会決議第２２
５３号（２０１５年）に基づく見直しは２０１９年２月２１日に終了した。国連安全保障理
事会決議第２３６８号（２０１７年）に基づく見直しは２０２１年１１月１５日に終了した。
同人に対するインターポール（国際刑事警察機構）・国連安全保障理事会特別手配
書のウェブ・リンク： https://www.interpol.int/en/How-we-work/Notices/View-UN-
Notices-Individuals",REVIEW_REQUIRED,REVIEW_REQUIRED,false,mofa-names-v1
126adf153bd520671b9de87b006de3863ebbbb907b1b3625168cdef117f4a794:UN:472,current_un,472,UN,,unknown,false,139,126adf153bd520671b9de87b006de3863ebbbb907b1b3625168cdef117f4a794,https://www.mofa.go.jp/mofaj/files/000015952.pdf,https://www.mofa.go.jp/mofaj/files/000015952.pdf#page=139,data/raw/mofa/126adf153bd520671b9de87b006de3863ebbbb907b1b3625168cdef117f4a794.pdf.gz,４７２． ※２０１５年１０月２６日解除,HISTORICAL,REVIEW_REQUIRED,false,mofa-names-v1
126adf153bd520671b9de87b006de3863ebbbb907b1b3625168cdef117f4a794:UN:473,current_un,473,UN,,unknown,false,139,126adf153bd520671b9de87b006de3863ebbbb907b1b3625168cdef117f4a794,https://www.mofa.go.jp/mofaj/files/000015952.pdf,https://www.mofa.go.jp/mofaj/files/000015952.pdf#page=139,data/raw/mofa/126adf153bd520671b9de87b006de3863ebbbb907b1b3625168cdef117f4a794.pdf.gz,４７３． ※２０１５年８月１８日解除,HISTORICAL,REVIEW_REQUIRED,false,mofa-names-v1
126adf153bd520671b9de87b006de3863ebbbb907b1b3625168cdef117f4a794:UN:474,current_un,474,UN,,person,true,139,126adf153bd520671b9de87b006de3863ebbbb907b1b3625168cdef117f4a794,https://www.mofa.go.jp/mofaj/files/000015952.pdf,https://www.mofa.go.jp/mofaj/files/000015952.pdf#page=139,data/raw/mofa/126adf153bd520671b9de87b006de3863ebbbb907b1b3625168cdef117f4a794.pdf.gz,"４７４．アリ・サイード・ムハメド・ムスタファ・バクリ（別名：(a)アリ・サーレム(b)アブドゥ
ル・アジーズ・アルマスリー）
ALI SAYYID MUHAMED MUSTAFA BAKRI
(original script: يركب ىفطصم دمحم دیسلا ىلع)
(a.k.a.: (a)Ali Salim (b)Abd Al-Aziz Al-Masri)
称号：不明
役職：不明
生年月日：１９６６年４月１８日
出生地：Beni-Suef, Egypt
国籍：エジプト
旅券番号：不明
ＩＤ番号：不明
住所：不明
国連制裁委員会による指定日：２００５年９月２９日（２０１１年１２月１３日、２０１９年１
２月６日及び２０２３年３月１５日に改訂）
その他の情報：アル・カーイダ（１６６．に指定した団体）のShura Council及びエジプシ
ャン・イスラミック・ジハード団（１７０．に指定した団体）のメンバー。国連安全保障理
事会決議第１８２２号（２００８年）に基づく見直しは２０１０年６月１日に終了した。国連
安全保障理事会決議第２３６８号（２０１７年）に基づく見直しは２０１９年１２月４日に
終了した。国連安全保障理事会決議第２６１０号（２０２１年）に基づく見直しは２０２２
年１１月８日に終了した。同人に対するインターポール（国際刑事警察機構）・国連安
全保障理事会特別手配書のウェブ・リンク：https://www.interpol.int/en/How-we-
work/Notices /View-UN-Notices-Individuals",REVIEW_REQUIRED,REVIEW_REQUIRED,false,mofa-names-v1
126adf153bd520671b9de87b006de3863ebbbb907b1b3625168cdef117f4a794:UN:475,current_un,475,UN,,unknown,false,139,126adf153bd520671b9de87b006de3863ebbbb907b1b3625168cdef117f4a794,https://www.mofa.go.jp/mofaj/files/000015952.pdf,https://www.mofa.go.jp/mofaj/files/000015952.pdf#page=139,data/raw/mofa/126adf153bd520671b9de87b006de3863ebbbb907b1b3625168cdef117f4a794.pdf.gz,４７５． ※２０１２年１２月１９日解除,HISTORICAL,REVIEW_REQUIRED,false,mofa-names-v1
126adf153bd520671b9de87b006de3863ebbbb907b1b3625168cdef117f4a794:UN:476,current_un,476,UN,,person,true,139;140,126adf153bd520671b9de87b006de3863ebbbb907b1b3625168cdef117f4a794,https://www.mofa.go.jp/mofaj/files/000015952.pdf,https://www.mofa.go.jp/mofaj/files/000015952.pdf#page=139,data/raw/mofa/126adf153bd520671b9de87b006de3863ebbbb907b1b3625168cdef117f4a794.pdf.gz,"４７６．ハニ・アッサイード・アッセバイ・ユースフ（別名：(a)ハニ・ユーセフ・アッセバイ(b)
ハニ・ユーセフ(c)ハニ・ユーセフ(d)ハニ・ユーセフ(e)ハニ・アッサイード・アッサバイ(f)
ハニ・アッサイード・エッセバイ(g)ハニ・アッサイード・アッシバイ(h)ハニ・アッサイード・
エッサバーイ(i)エッサバブト(j)アブ・トゥスニン(k)アブ・アクラム(l)ハニ・エッサイード・エ
ッセバイ・ユーセフ(m)アブ・カリーム(n)ハニ・エッサイード・ユーセフ)
HANI AL-SAYYID AL-SEBAI YUSIF
(original script: فسوي يعابسلا دیسلا يناه)
(a.k.a.: (a)Hani Yousef Al-Sebai (b)Hani Youssef (c)Hany Youseff (d)Hani Yusef (e)Hani
al-Sayyid Al-Sabai (f)Hani al-Sayyid El Sebai (g)Hani al-Sayyid Al Siba’i (h)Hani al-
Sayyid El Sabaay (i)El-Sababt (j)Abu Tusnin (k)Abu Akram (l)Hani El Sayyed Elsebai
Yusef (m)Abu Karim (n)Hany Elsayed Youssef)
称号：不明
役職：不明
生年月日：(a)１９６１年３月１日 (b)１９６０年６月１６日
出生地：Qaylubiyah, Egypt
国籍：エジプト
旅券番号：不明
ＩＤ番号：不明
住所：London, United Kingdom of Great Britain and Northern Ireland
国連制裁委員会による指定日：２００５年９月２９日（２００５年１０月６日、２００６年８月
１８日、２０１２年１月２５日、２０１９年１２月６日及び2024年２月７日に改訂）
その他の情報：父親の名前はMohamed Elsayed Elsebai。国連安全保障理事会決議
第１８２２号（２００８年）に基づく見直しは２０１０年７月２９日に終了した。国連安全保
障理事会決議第２３６８号（２０１７年）に基づく見直しは２０１９年１２月４日に終了し
た。国連安全保障理事会決議第２６１０号（２０２１年）に基づく見直しは２０２３年１０月
３０日に終了した。同人に対するインターポール（国際刑事警察機構）・国連安全保障
理事会特別手配書のウェブ・リンク：https://www.interpol.int/en/How-we-
work/Notices/View-UN-Notices-Individuals",REVIEW_REQUIRED,REVIEW_REQUIRED,false,mofa-names-v1
126adf153bd520671b9de87b006de3863ebbbb907b1b3625168cdef117f4a794:UN:477,current_un,477,UN,QDi.204,person,true,140;141,126adf153bd520671b9de87b006de3863ebbbb907b1b3625168cdef117f4a794,https://www.mofa.go.jp/mofaj/files/000015952.pdf,https://www.mofa.go.jp/mofaj/files/000015952.pdf#page=140,data/raw/mofa/126adf153bd520671b9de87b006de3863ebbbb907b1b3625168cdef117f4a794.pdf.gz,"４７７．イスニロン・トトニ・ハピロン
ISNILON TOTONI HAPILON
国連参照番号：QDi.204
生年月日：1966/３/18; 1967/３/10
出生地：Bulanza, Lantawan, Basilan, Philippines
別名：イスニロン・ハピルン； イスニルン・ハピルン； トゥアン・イスニロン
Isnilon Hapilun; Isnilun Hapilun; Tuan Isnilon
確定に十分でない別名：アブ・ムサブ； サラフディン
Abu Musab; Salahudin
国籍：フィリピン
Philippines
住所等：Basilan, Philippines (2016 年以前の住所); Lanao del Sur, Philippines (2016 年
以降の住所)
リスト掲載日：2005 年 12 月６日（2017 年 10 月４日、2019 年 12 月６日、2022 年 11 月
８日、2023 年２月２日及び 2026 年８月 18 日に改訂）
その他の情報：国連安全保障理事会決議に基づく見直しは 2010 年６月８日、2019 年
12 月４日、2022 年 11 月８日、2025 年 12 月 31 日に終了した。アブ・サヤフ（167．に
指定した団体）の上級幹部。2017 年５月時点で、イラクのアル・カーイダ(453．に指定
した団体)としてリストに掲載されている ISIL(いわゆる「イスラム国」)のフィリピン南部
における地域支部の指導者。2017 年 10 月 15 日にフィリピンの Marawi City にて殺
害された。身体的情報：目の色は茶、髪の色は茶、身長は５フィート６インチ―168ｃ
ｍ、体重は 120 ポンド―54ｋｇ、体格は細身、肌の色は薄い、顔に生まれつきのあざ
がある。フィリピン当局よりテロ犯罪について、また、アメリカ合衆国当局よりテロ行為
への関与について、指名手配されている。同人に対するインターポール（国際刑事警
察 機 構 ） ・ 国 連 安 全 保 障 理 事 会 特 別 手 配 書 の ウ ェ ブ ・ リ ン ク ：
https://www.interpol.int/en/How-we-work/Notices/View-UN-Notices-Individuals に
写真が含まれている。",EXTRACTED,REVIEW_REQUIRED,false,mofa-names-v1
126adf153bd520671b9de87b006de3863ebbbb907b1b3625168cdef117f4a794:UN:478,current_un,478,UN,,person,true,141,126adf153bd520671b9de87b006de3863ebbbb907b1b3625168cdef117f4a794,https://www.mofa.go.jp/mofaj/files/000015952.pdf,https://www.mofa.go.jp/mofaj/files/000015952.pdf#page=141,data/raw/mofa/126adf153bd520671b9de87b006de3863ebbbb907b1b3625168cdef117f4a794.pdf.gz,"４７８．ラデュラン・サヒロン（別名：(a)ラデュラン・サヒロン(b)ラデュラン・サヒルン(c)ラ
デュラン・サヒルン(d)プトル司令官)
RADULAN SAHIRON (a.k.a.:(a)Radullan Sahiron (b)Radulan Sahirun (c)Radulan Sajirun
(d)Commander Putol)
称号：不明
役職：不明
生年月日：１９５５年
出生地：Kaunayan, Patikul, Jolo Island, Philippines
国籍：フィリピン
旅券番号：不明
ＩＤ番号：不明
住所：Sulu region, Philippines（報告された場所）
国連制裁委員会による指定日：２００５年１２月６日（２０１７年９月２２日及び２０２０年
１１月２４日に改訂）
その他の情報：身体的情報：目の色は黒、髪の色は灰色、身長は５フィート６インチ―
１６８ｃｍ、体重は１４０ポンド―６４ｋｇ、体格は細身、右腕は肘より先が切断。国連安
全保障理事会決議第１８２２号（２００８年）に基づく見直しは２０１０年６月８日に終了
した。フィリピン当局よりテロ犯罪について、また、アメリカ合衆国当局より同国民の誘
拐への関与について、指名手配されている。国連安全保障理事会決議第２３６８号
（２０１７年）に基づく見直しは２０２０年１１月２４日に終了した。同人に対するインター
ポール（国際刑事警察機構）・国連安全保障理事会特別手配書のウェブ・リンク：
https://www.interpol.int/en/How-we-work/Notices/View-UN-Notices-Individuals
同ウェブ・リンクに写真が含まれている。",EXTRACTED,REVIEW_REQUIRED,false,mofa-names-v1
126adf153bd520671b9de87b006de3863ebbbb907b1b3625168cdef117f4a794:UN:479,current_un,479,UN,,unknown,false,141,126adf153bd520671b9de87b006de3863ebbbb907b1b3625168cdef117f4a794,https://www.mofa.go.jp/mofaj/files/000015952.pdf,https://www.mofa.go.jp/mofaj/files/000015952.pdf#page=141,data/raw/mofa/126adf153bd520671b9de87b006de3863ebbbb907b1b3625168cdef117f4a794.pdf.gz,４７９． ※２０１４年７月２３日解除,HISTORICAL,REVIEW_REQUIRED,false,mofa-names-v1
126adf153bd520671b9de87b006de3863ebbbb907b1b3625168cdef117f4a794:UN:480,current_un,480,UN,,unknown,false,141,126adf153bd520671b9de87b006de3863ebbbb907b1b3625168cdef117f4a794,https://www.mofa.go.jp/mofaj/files/000015952.pdf,https://www.mofa.go.jp/mofaj/files/000015952.pdf#page=141,data/raw/mofa/126adf153bd520671b9de87b006de3863ebbbb907b1b3625168cdef117f4a794.pdf.gz,４８０． ※２０１７年５月１日解除,HISTORICAL,REVIEW_REQUIRED,false,mofa-names-v1
126adf153bd520671b9de87b006de3863ebbbb907b1b3625168cdef117f4a794:UN:481,current_un,481,UN,,unknown,false,142,126adf153bd520671b9de87b006de3863ebbbb907b1b3625168cdef117f4a794,https://www.mofa.go.jp/mofaj/files/000015952.pdf,https://www.mofa.go.jp/mofaj/files/000015952.pdf#page=142,data/raw/mofa/126adf153bd520671b9de87b006de3863ebbbb907b1b3625168cdef117f4a794.pdf.gz,４８１． ※２０１７年４月２８日解除,HISTORICAL,REVIEW_REQUIRED,false,mofa-names-v1
126adf153bd520671b9de87b006de3863ebbbb907b1b3625168cdef117f4a794:UN:482,current_un,482,UN,,unknown,false,142,126adf153bd520671b9de87b006de3863ebbbb907b1b3625168cdef117f4a794,https://www.mofa.go.jp/mofaj/files/000015952.pdf,https://www.mofa.go.jp/mofaj/files/000015952.pdf#page=142,data/raw/mofa/126adf153bd520671b9de87b006de3863ebbbb907b1b3625168cdef117f4a794.pdf.gz,４８２． ※２０１５年９月９日解除,HISTORICAL,REVIEW_REQUIRED,false,mofa-names-v1
126adf153bd520671b9de87b006de3863ebbbb907b1b3625168cdef117f4a794:UN:483,current_un,483,UN,,unknown,false,142,126adf153bd520671b9de87b006de3863ebbbb907b1b3625168cdef117f4a794,https://www.mofa.go.jp/mofaj/files/000015952.pdf,https://www.mofa.go.jp/mofaj/files/000015952.pdf#page=142,data/raw/mofa/126adf153bd520671b9de87b006de3863ebbbb907b1b3625168cdef117f4a794.pdf.gz,４８３． ※２０１９年６月２８日解除,HISTORICAL,REVIEW_REQUIRED,false,mofa-names-v1
126adf153bd520671b9de87b006de3863ebbbb907b1b3625168cdef117f4a794:UN:484,current_un,484,UN,,person,true,142,126adf153bd520671b9de87b006de3863ebbbb907b1b3625168cdef117f4a794,https://www.mofa.go.jp/mofaj/files/000015952.pdf,https://www.mofa.go.jp/mofaj/files/000015952.pdf#page=142,data/raw/mofa/126adf153bd520671b9de87b006de3863ebbbb907b1b3625168cdef117f4a794.pdf.gz,"４８４．ファルハド・カナビ・アフマド（別名：(a)カウア・オマル・アチメド(b)カワ・ハマワン
ディ（以前のリスト記載ぶり） （c）カワ・オマル・アフメド）
FARHAD KANABI AHMAD
(original script: دمحأ يبانك داهرف)
(a.k.a.: (a)Kaua Omar Achmed (b)Kawa Hamawandi (previously listed as)（c）Kawa Omar
Ahmed)
称号：不明
役職：不明
生年月日：１９７１年７月１日
出生地：Arbil, Iraq
国籍：イラク
旅券番号：ドイツ渡航証明書(Reiseausweis) A 0139243（２０１２年９月取消）
ＩＤ番号：不明
住所：Arbil – Qushtuba – house no.SH11, alley 5380, Iraq
国連制裁委員会による指定日：２００５年１２月６日（２００６年７月３１日、２０１０年１月
２５日、２０１１年１２月１３日、２０１２年１１月１５日、２０１５年１２月１０日、２０１９年５
月１日及び２０２３年３月１５日に改訂）
その他の情報：母親の名前はFarida Hussein Khadir。２０１０年１２月１０日にドイツに
おいて服役後、釈放された。２０１１年１２月６日にイラクに移転した。国連安全保障理
事会決議第１８２２号（２００８年）に基づく見直しは２００９年１０月５日に終了した。国
連安全保障理事会決議第２２５３号（２０１５年）に基づく見直しは２０１９年２月２１日
に終了した。国連安全保障理事会決議第２６１０号（２０２１年）に基づく見直しは２０２
２年１１月８日に終了した。同人に対するインターポール（国際刑事警察機構）・国連
安全保障理事会特別手配書のウェブ・リンク：https://www.interpol.int/en/How-we-
work/Notices/View-UN-Notices-Individuals",REVIEW_REQUIRED,REVIEW_REQUIRED,false,mofa-names-v1
126adf153bd520671b9de87b006de3863ebbbb907b1b3625168cdef117f4a794:UN:485,current_un,485,UN,,unknown,false,142,126adf153bd520671b9de87b006de3863ebbbb907b1b3625168cdef117f4a794,https://www.mofa.go.jp/mofaj/files/000015952.pdf,https://www.mofa.go.jp/mofaj/files/000015952.pdf#page=142,data/raw/mofa/126adf153bd520671b9de87b006de3863ebbbb907b1b3625168cdef117f4a794.pdf.gz,４８５． ※２０１５年１２月１０日解除,HISTORICAL,REVIEW_REQUIRED,false,mofa-names-v1
126adf153bd520671b9de87b006de3863ebbbb907b1b3625168cdef117f4a794:UN:486,current_un,486,UN,,unknown,false,142,126adf153bd520671b9de87b006de3863ebbbb907b1b3625168cdef117f4a794,https://www.mofa.go.jp/mofaj/files/000015952.pdf,https://www.mofa.go.jp/mofaj/files/000015952.pdf#page=142,data/raw/mofa/126adf153bd520671b9de87b006de3863ebbbb907b1b3625168cdef117f4a794.pdf.gz,４８６． ※２０２０年４月１日解除,HISTORICAL,REVIEW_REQUIRED,false,mofa-names-v1
126adf153bd520671b9de87b006de3863ebbbb907b1b3625168cdef117f4a794:UN:487,current_un,487,UN,,unknown,false,142,126adf153bd520671b9de87b006de3863ebbbb907b1b3625168cdef117f4a794,https://www.mofa.go.jp/mofaj/files/000015952.pdf,https://www.mofa.go.jp/mofaj/files/000015952.pdf#page=142,data/raw/mofa/126adf153bd520671b9de87b006de3863ebbbb907b1b3625168cdef117f4a794.pdf.gz,４８７． ※２００７年１２月２０日解除,HISTORICAL,REVIEW_REQUIRED,false,mofa-names-v1
126adf153bd520671b9de87b006de3863ebbbb907b1b3625168cdef117f4a794:UN:488,current_un,488,UN,,unknown,false,142,126adf153bd520671b9de87b006de3863ebbbb907b1b3625168cdef117f4a794,https://www.mofa.go.jp/mofaj/files/000015952.pdf,https://www.mofa.go.jp/mofaj/files/000015952.pdf#page=142,data/raw/mofa/126adf153bd520671b9de87b006de3863ebbbb907b1b3625168cdef117f4a794.pdf.gz,４８８． ※２０１２年４月２４日解除,HISTORICAL,REVIEW_REQUIRED,false,mofa-names-v1
126adf153bd520671b9de87b006de3863ebbbb907b1b3625168cdef117f4a794:UN:489,current_un,489,UN,,unknown,false,143,126adf153bd520671b9de87b006de3863ebbbb907b1b3625168cdef117f4a794,https://www.mofa.go.jp/mofaj/files/000015952.pdf,https://www.mofa.go.jp/mofaj/files/000015952.pdf#page=143,data/raw/mofa/126adf153bd520671b9de87b006de3863ebbbb907b1b3625168cdef117f4a794.pdf.gz,４８９． ※２０１１年８月５日解除,HISTORICAL,REVIEW_REQUIRED,false,mofa-names-v1
126adf153bd520671b9de87b006de3863ebbbb907b1b3625168cdef117f4a794:UN:490,current_un,490,UN,,unknown,false,143,126adf153bd520671b9de87b006de3863ebbbb907b1b3625168cdef117f4a794,https://www.mofa.go.jp/mofaj/files/000015952.pdf,https://www.mofa.go.jp/mofaj/files/000015952.pdf#page=143,data/raw/mofa/126adf153bd520671b9de87b006de3863ebbbb907b1b3625168cdef117f4a794.pdf.gz,４９０． ※２０１１年８月５日解除,HISTORICAL,REVIEW_REQUIRED,false,mofa-names-v1
126adf153bd520671b9de87b006de3863ebbbb907b1b3625168cdef117f4a794:UN:491,current_un,491,UN,,unknown,false,143,126adf153bd520671b9de87b006de3863ebbbb907b1b3625168cdef117f4a794,https://www.mofa.go.jp/mofaj/files/000015952.pdf,https://www.mofa.go.jp/mofaj/files/000015952.pdf#page=143,data/raw/mofa/126adf153bd520671b9de87b006de3863ebbbb907b1b3625168cdef117f4a794.pdf.gz,４９１． ※２０１１年８月５日解除,HISTORICAL,REVIEW_REQUIRED,false,mofa-names-v1
126adf153bd520671b9de87b006de3863ebbbb907b1b3625168cdef117f4a794:UN:492,current_un,492,UN,,unknown,false,143,126adf153bd520671b9de87b006de3863ebbbb907b1b3625168cdef117f4a794,https://www.mofa.go.jp/mofaj/files/000015952.pdf,https://www.mofa.go.jp/mofaj/files/000015952.pdf#page=143,data/raw/mofa/126adf153bd520671b9de87b006de3863ebbbb907b1b3625168cdef117f4a794.pdf.gz,４９２． ※２０１１年８月５日解除,HISTORICAL,REVIEW_REQUIRED,false,mofa-names-v1
126adf153bd520671b9de87b006de3863ebbbb907b1b3625168cdef117f4a794:UN:493,current_un,493,UN,,unknown,false,143,126adf153bd520671b9de87b006de3863ebbbb907b1b3625168cdef117f4a794,https://www.mofa.go.jp/mofaj/files/000015952.pdf,https://www.mofa.go.jp/mofaj/files/000015952.pdf#page=143,data/raw/mofa/126adf153bd520671b9de87b006de3863ebbbb907b1b3625168cdef117f4a794.pdf.gz,４９３． ※２０１１年８月５日解除,HISTORICAL,REVIEW_REQUIRED,false,mofa-names-v1
126adf153bd520671b9de87b006de3863ebbbb907b1b3625168cdef117f4a794:UN:494,current_un,494,UN,,unknown,false,143,126adf153bd520671b9de87b006de3863ebbbb907b1b3625168cdef117f4a794,https://www.mofa.go.jp/mofaj/files/000015952.pdf,https://www.mofa.go.jp/mofaj/files/000015952.pdf#page=143,data/raw/mofa/126adf153bd520671b9de87b006de3863ebbbb907b1b3625168cdef117f4a794.pdf.gz,４９４． ※２０１１年８月５日解除,HISTORICAL,REVIEW_REQUIRED,false,mofa-names-v1
126adf153bd520671b9de87b006de3863ebbbb907b1b3625168cdef117f4a794:UN:495,current_un,495,UN,,unknown,false,143,126adf153bd520671b9de87b006de3863ebbbb907b1b3625168cdef117f4a794,https://www.mofa.go.jp/mofaj/files/000015952.pdf,https://www.mofa.go.jp/mofaj/files/000015952.pdf#page=143,data/raw/mofa/126adf153bd520671b9de87b006de3863ebbbb907b1b3625168cdef117f4a794.pdf.gz,４９５． ※２０１１年８月５日解除,HISTORICAL,REVIEW_REQUIRED,false,mofa-names-v1
126adf153bd520671b9de87b006de3863ebbbb907b1b3625168cdef117f4a794:UN:496,current_un,496,UN,,unknown,false,143,126adf153bd520671b9de87b006de3863ebbbb907b1b3625168cdef117f4a794,https://www.mofa.go.jp/mofaj/files/000015952.pdf,https://www.mofa.go.jp/mofaj/files/000015952.pdf#page=143,data/raw/mofa/126adf153bd520671b9de87b006de3863ebbbb907b1b3625168cdef117f4a794.pdf.gz,４９６． ※２０１１年８月５日解除,HISTORICAL,REVIEW_REQUIRED,false,mofa-names-v1
126adf153bd520671b9de87b006de3863ebbbb907b1b3625168cdef117f4a794:UN:497,current_un,497,UN,,unknown,false,143,126adf153bd520671b9de87b006de3863ebbbb907b1b3625168cdef117f4a794,https://www.mofa.go.jp/mofaj/files/000015952.pdf,https://www.mofa.go.jp/mofaj/files/000015952.pdf#page=143,data/raw/mofa/126adf153bd520671b9de87b006de3863ebbbb907b1b3625168cdef117f4a794.pdf.gz,４９７． ※２０１３年１２月１２日解除,HISTORICAL,REVIEW_REQUIRED,false,mofa-names-v1
126adf153bd520671b9de87b006de3863ebbbb907b1b3625168cdef117f4a794:UN:498,current_un,498,UN,,person,true,143;144,126adf153bd520671b9de87b006de3863ebbbb907b1b3625168cdef117f4a794,https://www.mofa.go.jp/mofaj/files/000015952.pdf,https://www.mofa.go.jp/mofaj/files/000015952.pdf#page=143,data/raw/mofa/126adf153bd520671b9de87b006de3863ebbbb907b1b3625168cdef117f4a794.pdf.gz,"４９８．アブ・バカール・バアシール（別名：(a)アブ・バカール・バアシール、１９３８年８
月１７日に Jombang, East Java, Indonesia にて出生(b)アブ・バカール・バシール、１９
３８年８月１７日に Jombang, East Java, Indonesia にて出生(c)アブドゥス・サマッド(d)ア
ブドゥス・ソマッド）
ABU BAKAR BA’ASYIR (a.k.a.: (a)Abu Bakar Baasyir, born 17 Aug. 1938 in Jombang,
East Java, Indonesia (b) Abu Bakar Bashir, born 17 Aug. 1938 in Jombang, East Java,
Indonesia (c)Abdus Samad (d)Abdus Somad)
称号：不明
役職：不明
生年月日：１９３８年８月１７日
出生地：Jombang, East Java, Indonesia
国籍：インドネシア
旅券番号：不明
ＩＤ番号：不明
住所：インドネシア
国連制裁委員会による指定日：２００６年４月２１日（２０１５年１０月１４日、２０２０年１
１月２４日及び２０２１年４月６日に改訂）
その他の情報：２００８年にジュマー・アンショール・タウヒード(JAT)（６１２．に指定した
団体）を結成。２０１０年にインドネシア・アチェ州の訓練キャンプにおけるテロの扇動
及び資金調達の罪で逮捕され、２０１１年に懲役１５年の判決を受けた。インドネシア
国内法令に従い服役した後、２０２１年１月８日、刑務所を出所した。国連安全保障理
事会決議第１８２２号（２００８年）に基づく見直しは２０１０年６月８日に終了した。国連
安全保障理事会決議第２３６８号（２０１７年）に基づく見直しは２０２０年１１月２４日に
終了した。同人に対するインターポール（国際刑事警察機構）・国連安全保障理事会
特 別 手 配 書 の ウ ェ ブ ・ リ ン ク ： https://www.interpol.int/en/How-we-
work/Notices/View-UNNotices-Individuals",REVIEW_REQUIRED,REVIEW_REQUIRED,false,mofa-names-v1
126adf153bd520671b9de87b006de3863ebbbb907b1b3625168cdef117f4a794:UN:499,current_un,499,UN,,person,true,144,126adf153bd520671b9de87b006de3863ebbbb907b1b3625168cdef117f4a794,https://www.mofa.go.jp/mofaj/files/000015952.pdf,https://www.mofa.go.jp/mofaj/files/000015952.pdf#page=144,data/raw/mofa/126adf153bd520671b9de87b006de3863ebbbb907b1b3625168cdef117f4a794.pdf.gz,"４９９．グン・グン・ルスマン・グナワン（別名：(a)グナワン、ルスマン(b)アブド・アルハデ
ィ(c)アブドゥル・ハディ(d)アブドゥル・カリム(e)ブコリ(f)ブコリィ）
GUN GUN RUSMAN GUNAWAN
(a.k.a.: (a)Gunawan, Rusman (b)Abd Al-Hadi (c)Abdul Hadi (d)Abdul Karim (e)Bukhori
(f)Bukhory)
称号：不明
役職：不明
生年月日：１９７７年７月６日
出生地：Cianjur, West Java, Indonesia
国籍：インドネシア
旅券番号：不明
ＩＤ番号：不明
住所：不明
国連制裁委員会による指定日：２００６年４月２１日（２０１１年１２月１３日、２０１９年１
２月６日及び２０２３年３月１５日に改訂）
その他の情報：ヌルジャマン・リドゥアン・イサムディン（３３８．に指定した個人）の兄
弟。国連安全保障理事会決議第１８２２号（２００８年）に基づく見直しは２０１０年６月
８日に終了した。国連安全保障理事会決議第２３６８号（２０１７年）に基づく見直しは２
０１９年１２月４日に終了した。国連安全保障理事会決議第２６１０号（２０２１年）に基
づく見直しは２０２２年１１月８日に終了した。同人に対するインターポール（国際刑事
警察機構）・国連安全保障理事会特別手配書のウェブ・リンク：
https://www.interpol.int/en/How-we-work/Notices/View-UN-Notices-Individuals",REVIEW_REQUIRED,REVIEW_REQUIRED,false,mofa-names-v1
126adf153bd520671b9de87b006de3863ebbbb907b1b3625168cdef117f4a794:UN:500,current_un,500,UN,,person,true,144;145,126adf153bd520671b9de87b006de3863ebbbb907b1b3625168cdef117f4a794,https://www.mofa.go.jp/mofaj/files/000015952.pdf,https://www.mofa.go.jp/mofaj/files/000015952.pdf#page=144,data/raw/mofa/126adf153bd520671b9de87b006de3863ebbbb907b1b3625168cdef117f4a794.pdf.gz,"５００．タウフィク・リフキ（別名：(a)レフケ、タウフェク(b)リフクィ、タウフィク(c)リフクィ、タ
ウフィク(d)アミ・イラク(e)アミ・イルザ(f)アミィ・エルジャ(g)アミィ・エルザ(h)アミィ・イッザ
(i)アミ・クソマン(j)アブ・オバイダ(k)アブ・オバイダ(l)アブ・オベイダ(m)アブ・ウバイダ(n)
オバイダ(o)アブ・オベイダ(p)イッザ・クソマン(q)ヤクブ、エリック）
TAUFIK RIFKI (a.k.a.: (a)Refke, Taufek (b)Rifqi, Taufik (c)Rifqi, Tawfiq (d)Ami Iraq
(e)Ami Irza (f)Amy Erja (g)Ammy Erza (h)Ammy Izza (i)Ami Kusoman (j)Abu Obaida
(k)Abu Obaidah (l)Abu Obeida (m)Abu Ubaidah (n)Obaidah (o)Abu Obayda (p)Izza
Kusoman (q)Yacub, Eric)
称号：不明
役職：不明
生年月日：１９７４年８月１９日
出生地：Dacusuman Surakarta, Central Java, Indonesia
国籍：インドネシア
旅券番号：不明
ＩＤ番号：不明
住所：フィリピン
国連制裁委員会による指定日：２００６年４月２１日（２０１１年１２月１３日及び２０２０
年１１月２４日に改訂）
その他の情報：２０１１年５月時点でフィリピンにおいて拘留されている。国連安全保
障理事会決議第１８２２号（２００８年）に基づく見直しは２０１０年６月８日に終了した。
国連安全保障理事会決議第２３６８号（２０１７年）に基づく見直しは２０２０年１１月２４
日に終了した。同人に対するインターポール（国際刑事警察機構）・国連安全保障理
事会特別手配書のウェブ・リンク：https://www.interpol.int/en/How-we-
work/Notices/View-UN-Notices-Individuals",REVIEW_REQUIRED,REVIEW_REQUIRED,false,mofa-names-v1
126adf153bd520671b9de87b006de3863ebbbb907b1b3625168cdef117f4a794:UN:501,current_un,501,UN,,person,true,145,126adf153bd520671b9de87b006de3863ebbbb907b1b3625168cdef117f4a794,https://www.mofa.go.jp/mofaj/files/000015952.pdf,https://www.mofa.go.jp/mofaj/files/000015952.pdf#page=145,data/raw/mofa/126adf153bd520671b9de87b006de3863ebbbb907b1b3625168cdef117f4a794.pdf.gz,"５０１．アブドゥラ・アンショリ（別名：(a)アブ・ファティ(b)トイブ、イブヌ (c)トイブ、イブヌ
(d)アブ・ファトヒ)
ABDULLAH ANSHORI
(a.k.a.:(a)Abu Fatih (b)Thoyib, Ibnu (c)Toyib, Ibnu (d)Abu Fathi)
称号：不明
役職：不明
生年月日：１９５８年
出生地：Pacitan, East Java, Indonesia
国籍：インドネシア
旅券番号：インドネシア旅券番号 T710219 (Sukoharjo、 Central Java、Indonesia で発
行）
ＩＤ番号：不明
住所：不明
国連制裁委員会による指定日：２００６年４月２１日（２０１９年１２月６日、２０２３年２月
２日及び３月１５日に改訂）
その他の情報：ジュマ・イスラミーヤ（JI、３３２．に指定した団体）の幹部。国連安全保
障理事会決議第１８２２号（２００８年）に基づく見直しは２０１０年６月８日に終了した。
国連安全保障理事会決議第２３６８号（２０１７年）に基づく見直しは２０１９年１２月４
日に終了した。国連安全保障理事会決議第２６１０号（２０２１年）に基づく見直しは２０
２２年１１月８日に終了した。同人に対するインターポール（国際刑事警察機構）・国連
安全保障理事会特別手配書のウェブ・リンク：https://www.interpol.int/en/How-we-
work/Notices/View-UN-Notices-Individuals",REVIEW_REQUIRED,REVIEW_REQUIRED,false,mofa-names-v1
126adf153bd520671b9de87b006de3863ebbbb907b1b3625168cdef117f4a794:UN:502,current_un,502,UN,,unknown,false,146,126adf153bd520671b9de87b006de3863ebbbb907b1b3625168cdef117f4a794,https://www.mofa.go.jp/mofaj/files/000015952.pdf,https://www.mofa.go.jp/mofaj/files/000015952.pdf#page=146,data/raw/mofa/126adf153bd520671b9de87b006de3863ebbbb907b1b3625168cdef117f4a794.pdf.gz,５０２． ※２０１２年３月２７日解除,HISTORICAL,REVIEW_REQUIRED,false,mofa-names-v1
126adf153bd520671b9de87b006de3863ebbbb907b1b3625168cdef117f4a794:UN:503,current_un,503,UN,,unknown,false,146,126adf153bd520671b9de87b006de3863ebbbb907b1b3625168cdef117f4a794,https://www.mofa.go.jp/mofaj/files/000015952.pdf,https://www.mofa.go.jp/mofaj/files/000015952.pdf#page=146,data/raw/mofa/126adf153bd520671b9de87b006de3863ebbbb907b1b3625168cdef117f4a794.pdf.gz,５０３． ※２０１９年３月１日解除,HISTORICAL,REVIEW_REQUIRED,false,mofa-names-v1
126adf153bd520671b9de87b006de3863ebbbb907b1b3625168cdef117f4a794:UN:504,current_un,504,UN,,person,true,146,126adf153bd520671b9de87b006de3863ebbbb907b1b3625168cdef117f4a794,https://www.mofa.go.jp/mofaj/files/000015952.pdf,https://www.mofa.go.jp/mofaj/files/000015952.pdf#page=146,data/raw/mofa/126adf153bd520671b9de87b006de3863ebbbb907b1b3625168cdef117f4a794.pdf.gz,"５０４．ネシーム・ベン・ロムダーネ・サハラーウィー（別名：(a)ダス(b)ナシーム・アル・
サハラーウィー）
NESSIM BEN ROMDHANE SAHRAOUI
(original script: م یسن ن ب ناضمر ي وارحص)
(a.k.a.: (a)Dass (b)Nasim al-Sahrawi)
称号：不明
役職：不明
生年月日：１９７３年８月３日
出生地：Bizerta, Tunisia
国籍：チュニジア
旅券番号：不明
ＩＤ番号：不明
住所：チュニジア
国連制裁委員会による指定日：２００６年８月２日（２００９年９月１日、２０１０年１月２５
日、２０１１年１２月１３日及び２０２０年１１月２４日に改訂）
その他の情報：イタリア当局による裁判から逃亡中と考えられている。２００８年１１月
２０日に本人不在のまま禁錮６年の判決を受けた。テロ活動を行った罪でチュニジア
において懲役４年の刑に処され、２００９年６月時点でチュニジアにおいて拘留されて
いる。国連安全保障理事会決議第１８２２号（２００８年）に基づく見直しは２００９年７
月２０日に終了した。国連安全保障理事会決議第２３６８号（２０１７年）に基づく見直し
は２０２０年１１月２４日に終了した。同人に対するインターポール（国際刑事警察機
構）・国連安全保障理事会特別手配書のウェブ・リンク：
https://www.interpol.int/en/How-we-work/Notices/View-UN-Notices-Individuals",REVIEW_REQUIRED,REVIEW_REQUIRED,false,mofa-names-v1
126adf153bd520671b9de87b006de3863ebbbb907b1b3625168cdef117f4a794:UN:505,current_un,505,UN,,person,true,146;147,126adf153bd520671b9de87b006de3863ebbbb907b1b3625168cdef117f4a794,https://www.mofa.go.jp/mofaj/files/000015952.pdf,https://www.mofa.go.jp/mofaj/files/000015952.pdf#page=146,data/raw/mofa/126adf153bd520671b9de87b006de3863ebbbb907b1b3625168cdef117f4a794.pdf.gz,"５０５．メライ・アブデファッターフ・ハリール・ゾグビ（別名：(a)モハメド・レバチール（１９
６８年１月１４日モロッコにて出生）(b)メリ・アブデルファッターフ・ズグバイ（１９６０年６
月４日リビアのBendasiにて出生）(c)ゾグバイ・メライ・アブドゥル・ファッターフ(d)ラツラ
グ・ファラジュ（１９６０年１１月１３日リビアにて出生）(e)ラーツグ・ベン・イラ（１９６０年８
月１１日リビアにて出生） (f)ムハンメド・エル・ベシール(g)メライ・ゾグバイ（アラビア語
による以前のリスト記載ぶり【アラビア語】） (h)フラジ・ディ・シンガポーレ(i)フラジ・イ
ル・リビコ(j)ファラグ(k)フレジ（１９６０年１１月１３日リビアにて出生））
MERAI ABDEFATTAH KHALIL ZOGHBI
(original script: يبغز لیلخ حاتفدبع يعرم)
(a.k.a.: (a)Mohamed Lebachir, born 14 Jan. 1968 in Morocco (b)Meri Albdelfattah Zgbye,
born 4 Jun. 1960 in Bendasi, Libya (c)Zoghbai Merai Abdul Fattah (d)Lazrag Faraj, born
13 Nov. 1960 in Libya (e)Larzg Ben Ila, born 11 Aug. 1960 in Libya (f)Muhammed El
Besir (g)Merai Zoghbai (previously listed as, in Arabic:يبغز يعرم)(h)F’raji di Singapore
(i)F’raji il Libico(j)Farag (k)Fredj, born 13 Nov.1960 in Libya)
称号：不明
役職：不明
生年月日：(a)１９６９年４月４日 (b)１９６０年４月４日 (c)１９６０年６月４日
出生地：Bengasi, Libya
国籍：リビア
旅券番号：不明
ＩＤ番号：不明
住所：不明
国連制裁委員会による指定日：２００６年８月２日（２００９年６月３日、９月１日、２０１１
年１２月１３日、２０１７年３月２１日、２０２０年１１月２４日、２０２３年３月１５日及び６月
２日に改訂）
その他の情報：イタリア当局による裁判から逃亡中と考えられている。２００８年１１月
２０日に本人不在のまま懲役６年の判決を受けた。リビア・イスラム闘争グループ（１７
４．に指定した団体）のメンバー。母親の名前はWanisa Abdessalam。国連安全保障理
事会決議第１８２２号（２００８年）に基づく見直しは２００９年７月２０日に終了した。国
連安全保障理事会決議第２３６８号（２０１７年）に基づく見直しは２０２０年１１月２４日
に終了した。国連安全保障理事会決議第２６１０号（２０２１年）に基づく見直しは２０２
２年１１月８日に終了した。同人に対するインターポール（国際刑事警察機構）・国連
安全保障理事会特別手配書のウェブ・リンク： https://www.interpol.int/en/How-we-
work/Notices/View-UN-Notices-Individuals",REVIEW_REQUIRED,REVIEW_REQUIRED,false,mofa-names-v1
126adf153bd520671b9de87b006de3863ebbbb907b1b3625168cdef117f4a794:UN:506,current_un,506,UN,,unknown,false,147,126adf153bd520671b9de87b006de3863ebbbb907b1b3625168cdef117f4a794,https://www.mofa.go.jp/mofaj/files/000015952.pdf,https://www.mofa.go.jp/mofaj/files/000015952.pdf#page=147,data/raw/mofa/126adf153bd520671b9de87b006de3863ebbbb907b1b3625168cdef117f4a794.pdf.gz,５０６． ※２０１５年１月２３日解除,HISTORICAL,REVIEW_REQUIRED,false,mofa-names-v1
126adf153bd520671b9de87b006de3863ebbbb907b1b3625168cdef117f4a794:UN:507,current_un,507,UN,,unknown,false,147,126adf153bd520671b9de87b006de3863ebbbb907b1b3625168cdef117f4a794,https://www.mofa.go.jp/mofaj/files/000015952.pdf,https://www.mofa.go.jp/mofaj/files/000015952.pdf#page=147,data/raw/mofa/126adf153bd520671b9de87b006de3863ebbbb907b1b3625168cdef117f4a794.pdf.gz,５０７． ※２０１３年１０月３日解除,HISTORICAL,REVIEW_REQUIRED,false,mofa-names-v1
126adf153bd520671b9de87b006de3863ebbbb907b1b3625168cdef117f4a794:UN:508,current_un,508,UN,,unknown,false,147,126adf153bd520671b9de87b006de3863ebbbb907b1b3625168cdef117f4a794,https://www.mofa.go.jp/mofaj/files/000015952.pdf,https://www.mofa.go.jp/mofaj/files/000015952.pdf#page=147,data/raw/mofa/126adf153bd520671b9de87b006de3863ebbbb907b1b3625168cdef117f4a794.pdf.gz,５０８． ※２０１４年２月６日解除,HISTORICAL,REVIEW_REQUIRED,false,mofa-names-v1
126adf153bd520671b9de87b006de3863ebbbb907b1b3625168cdef117f4a794:UN:509,current_un,509,UN,,unknown,false,147,126adf153bd520671b9de87b006de3863ebbbb907b1b3625168cdef117f4a794,https://www.mofa.go.jp/mofaj/files/000015952.pdf,https://www.mofa.go.jp/mofaj/files/000015952.pdf#page=147,data/raw/mofa/126adf153bd520671b9de87b006de3863ebbbb907b1b3625168cdef117f4a794.pdf.gz,５０９． ※２０１４年２月６日解除,HISTORICAL,REVIEW_REQUIRED,false,mofa-names-v1
126adf153bd520671b9de87b006de3863ebbbb907b1b3625168cdef117f4a794:UN:510,current_un,510,UN,,person,true,147;148,126adf153bd520671b9de87b006de3863ebbbb907b1b3625168cdef117f4a794,https://www.mofa.go.jp/mofaj/files/000015952.pdf,https://www.mofa.go.jp/mofaj/files/000015952.pdf#page=147,data/raw/mofa/126adf153bd520671b9de87b006de3863ebbbb907b1b3625168cdef117f4a794.pdf.gz,"５１０． ナジュムッディン・ファラジュ・アフマド（別名：(a)ムッラー・クレカル(b)ファテフ・
ナジムッディーン・ファッラジュ(c)ファラジュ・アフマド・ナジュムッディン)
NAJMUDDIN FARAJ AHMAD (a.k.a.: (a)Mullah Krekar (b)Fateh Najm Eddine Farraj
(c)Faraj Ahmad Najmuddin)
称号：不明
役職：不明
生年月日：１９５６年７月７日または１９６３年６月１７日
出生地：Olaqloo Sharbajer, Al-Sulaymaniyah Governorate, Iraq
国籍：イラク
旅券番号：不明
ＩＤ番号：配給カード番号 0075258
住所：Heimdalsgate 36-V, Oslo, 0578, Norway
国連制裁委員会による指定日：２００６年１２月７日（２０１５年１２月１０日及び２０２０
年１１月２４日に改訂）
その他の情報：母親の名前は Masouma Abd al-Rahman。写真はインターポール（国
際刑事警察機構）･国連安全保障理事会特別手配書に含まれているものを利用可
能。国連安全保障理事会決議第１８２２号（２００８年）に基づく見直しは２０１０年５月
２０日に終了した。国連安全保障理事会決議第２３６８号（２０１７年）に基づく見直しは
２０２０年１１月２４日に終了した。同人に対するインターポール（国際刑事警察機構）・
国連安全保障理事会特別手配書のウェブ・リンク：https://www.interpol.int/en/How-
we-work/Notices/View-UN-Notices-Individuals",EXTRACTED,REVIEW_REQUIRED,false,mofa-names-v1
126adf153bd520671b9de87b006de3863ebbbb907b1b3625168cdef117f4a794:UN:511,current_un,511,UN,,unknown,false,148,126adf153bd520671b9de87b006de3863ebbbb907b1b3625168cdef117f4a794,https://www.mofa.go.jp/mofaj/files/000015952.pdf,https://www.mofa.go.jp/mofaj/files/000015952.pdf#page=148,data/raw/mofa/126adf153bd520671b9de87b006de3863ebbbb907b1b3625168cdef117f4a794.pdf.gz,５１１． ※２０１１年８月５日解除,HISTORICAL,REVIEW_REQUIRED,false,mofa-names-v1
126adf153bd520671b9de87b006de3863ebbbb907b1b3625168cdef117f4a794:UN:512,current_un,512,UN,,person,true,148,126adf153bd520671b9de87b006de3863ebbbb907b1b3625168cdef117f4a794,https://www.mofa.go.jp/mofaj/files/000015952.pdf,https://www.mofa.go.jp/mofaj/files/000015952.pdf#page=148,data/raw/mofa/126adf153bd520671b9de87b006de3863ebbbb907b1b3625168cdef117f4a794.pdf.gz,"５１２．モハンメド・アル・ガブラ（別名：(a)モハンメド・エル・ガブラ(b)ダニアル・アダム）
MOHAMMED AL GHABRA
(a.k.a.: (a)Mohammed El’ Ghabra (b)Danial Adam)
称号：不明
役職：不明
生年月日：１９８０年６月１日
出生地：Damascus, Syrian Arab Republic
国籍：英国
旅券番号：英国旅券 094629366
ＩＤ番号：不明
住所：East London, United Kingdom
国連制裁委員会による指定日：２００６年１２月１２日（２０１１年１２月１３日、２０１５年
７月２０日、２０１９年５月１日及び２０２３年３月１５日に改訂）
その他の情報：父親の名前はMohamed Ayman Ghabra。母親の名前はDalal。国連安
全保障理事会決議第１８２２号（２００８年）に基づく見直しは２００９年１０月５日に終
了した。国連安全保障理事会決議第２２５３号（２０１５年）に基づく見直しは２０１９年
２月２１日に終了した。国連安全保障理事会決議第２６１０号（２０２１年）に基づく見直
しは２０２２年１１月８日に終了した。同人に対するインターポール（国際刑事警察機
構）・国連安全保障理事会特別手配書のウェブ・リンク：
https://www.interpol.int/en/How-we-work/Notices/View-UN-Notices-Individuals",EXTRACTED,REVIEW_REQUIRED,false,mofa-names-v1
126adf153bd520671b9de87b006de3863ebbbb907b1b3625168cdef117f4a794:UN:513,current_un,513,UN,,person,true,149,126adf153bd520671b9de87b006de3863ebbbb907b1b3625168cdef117f4a794,https://www.mofa.go.jp/mofaj/files/000015952.pdf,https://www.mofa.go.jp/mofaj/files/000015952.pdf#page=149,data/raw/mofa/126adf153bd520671b9de87b006de3863ebbbb907b1b3625168cdef117f4a794.pdf.gz,"５１３．サーレム・ノルディン・アモハメド・アッダブスキ（別名：(a)アブー・アル・ワルド(b)
アブドゥッラー・ラガブ(c)アブー・ナイム(d)アブダッラー・アル・マスリ）
SALEM NOR ELDIN AMOHAMED AL-DABSKI
(original script: يكسیبدلا دمحما نيدلا رون ملاس)
(a.k.a.: (a)Abu Al-Ward (b)Abdullah Ragab (c)Abu Naim (d)Abdallah al- Masri)
称号：不明
役職：不明
生年月日：１９６３年
出生地：Tripoli, Libya
国籍：リビア
旅券番号：(a)リビア旅券 1990/345751 (b)リビア旅券 345751
ＩＤ番号：リビア国民ＩＤカード番号 220334
住所：Bab Ben Ghasheer, Tripoli, Libyan Arab Jamahiriya
国連制裁委員会による指定日：２００７年６月８日（２０１１年１２月１３日、２０１９年５月
１日及び２０２３年３月１５日に改訂）
その他の情報：母の名前は Kalthoum Abdul Salam al-Shaftari。リビア・イスラム闘争
グループ（１７４．に指定した団体）の幹部。アル・カーイダ（１６６．に指定した団体）の
メンバー。国連安全保障理事会決議第１８２２号（２００８年）に基づく見直しは２００９
年１１月２４日に終了した。国連安全保障理事会決議第２２５３号（２０１５年）に基づく
見直しは２０１９年２月２１日に終了した。国連安全保障理事会決議第２６１０号（２０２
１年）に基づく見直しは２０２２年１１月８日に終了した。同人に対するインターポール
（国際刑事警察機構）・国連安全保障理事会特別手配書のウェブ・リンク：
https://www.interpol.int/en/How-we-work/Notices/View-UN-Notices-Individuals",REVIEW_REQUIRED,REVIEW_REQUIRED,false,mofa-names-v1
126adf153bd520671b9de87b006de3863ebbbb907b1b3625168cdef117f4a794:UN:514,current_un,514,UN,,unknown,false,149,126adf153bd520671b9de87b006de3863ebbbb907b1b3625168cdef117f4a794,https://www.mofa.go.jp/mofaj/files/000015952.pdf,https://www.mofa.go.jp/mofaj/files/000015952.pdf#page=149,data/raw/mofa/126adf153bd520671b9de87b006de3863ebbbb907b1b3625168cdef117f4a794.pdf.gz,５１４． ※２０１３年１０月３日解除,HISTORICAL,REVIEW_REQUIRED,false,mofa-names-v1
126adf153bd520671b9de87b006de3863ebbbb907b1b3625168cdef117f4a794:UN:515,current_un,515,UN,,person,true,149;150,126adf153bd520671b9de87b006de3863ebbbb907b1b3625168cdef117f4a794,https://www.mofa.go.jp/mofaj/files/000015952.pdf,https://www.mofa.go.jp/mofaj/files/000015952.pdf#page=149,data/raw/mofa/126adf153bd520671b9de87b006de3863ebbbb907b1b3625168cdef117f4a794.pdf.gz,"５１５．アリー・ソリマン・マスウード・アブドゥル・サイード（別名：(a)イブン・エル・カイム
(b)モハメド・オスマン(c)アダム）
ALY SOLIMAN MASSOUD ABDUL SAYED
(a.k.a.: (a)Ibn El Qaim (b)Mohamed Osman (c)Adam)
称号：不明
役職：不明
生年月日：１９６９年
出生地：Tripoli, Libya
国籍：リビア
旅券番号：リビア旅券 96/184442
ＩＤ番号：不明
住所：Ghout El Shamal, Tripoli, Libya
国連制裁委員会による指定日：２００７年６月８日（２０１１年１２月１３日、２０１９年５月
１日及び２０２３年３月１５日に改訂）
その他の情報：リビア・イスラム闘争グループ(１７４．に指定した団体)のメンバー。国
連安全保障理事会決議第１８２２号（２００８年）に基づく見直しは２００９年１１月２４日
に終了した。国連安全保障理事会決議第２２５３号（２０１５年）に基づく見直しは２０１
９年２月２１日に終了した。国連安全保障理事会決議第２６１０号（２０２１年）に基づく
見直しは２０２２年１１月８日に終了した。同人に対するインターポール（国際刑事警
察 機 構 ） ・ 国 連 安 全 保 障 理 事 会 特 別 手 配 書 の ウ ェ ブ ・ リ ン ク ：
https://www.interpol.int/en/How-we-work/Notices/View-UN-Notices-Individuals",EXTRACTED,REVIEW_REQUIRED,false,mofa-names-v1
126adf153bd520671b9de87b006de3863ebbbb907b1b3625168cdef117f4a794:UN:516,current_un,516,UN,,person,true,150,126adf153bd520671b9de87b006de3863ebbbb907b1b3625168cdef117f4a794,https://www.mofa.go.jp/mofaj/files/000015952.pdf,https://www.mofa.go.jp/mofaj/files/000015952.pdf#page=150,data/raw/mofa/126adf153bd520671b9de87b006de3863ebbbb907b1b3625168cdef117f4a794.pdf.gz,"５１６．アブデルマレク・ドゥルークデル（別名：アブー・モッサーブ・アブデルアドゥード）
ABDELMALEK DROUKDEL
(original script:لادكورد كلاملا دبع)
(a.k.a.: Abou Mossaab Abdelouadoud)
称号：不明
役職：不明
生年月日：１９７０年４月２０日
出生地：Meftah, Wilaya of Blida, Algeria
国籍：アルジェリア
旅券番号：不明
ＩＤ番号：不明
住所：アルジェリア
国連制裁委員会による指定日：２００７年８月２７日（２００８年４月７日、２０１１年１２月
１３日、２０１９年５月１日、２０２３年２月２日及び３月１５日に改訂）
その他の情報：２０２０年６月に死亡したと報告されている。イスラム・マグレブ諸国の
アル・カーイダ組織（１７３．に指定した団体）の指導者。２００７年３月２１日にアルジェ
リアにおいて本人不在のまま終身刑の判決を受けた。父の名前は Rabah Droukdel。
母の名前は Z’hour Zdigha。国連安全保障理事会決議第１８２２号（２００８年）に基
づく見直しは２００９年５月４日に終了した。国連安全保障理事会決議第２２５３号（２０
１５年）に基づく見直しは２０１９年２月２１日に終了した。国連安全保障理事会決議第
２６１０号（２０２１年）に基づく見直しは２０２２年１１月８日に終了した。同人に対するイ
ンターポール（国際刑事警察機構）・国連安全保障理事会特別手配書のウェブ・リン
ク：https://www.interpol.int/en/How-we-work/Notices/View-UN-Notices-
Individuals",REVIEW_REQUIRED,REVIEW_REQUIRED,false,mofa-names-v1
126adf153bd520671b9de87b006de3863ebbbb907b1b3625168cdef117f4a794:UN:517,current_un,517,UN,TAi.144,person,true,150;151,126adf153bd520671b9de87b006de3863ebbbb907b1b3625168cdef117f4a794,https://www.mofa.go.jp/mofaj/files/000015952.pdf,https://www.mofa.go.jp/mofaj/files/000015952.pdf#page=150,data/raw/mofa/126adf153bd520671b9de87b006de3863ebbbb907b1b3625168cdef117f4a794.pdf.gz,"５１７．シラージュッディーン・ジャラールッディーン・ハッカーニ
SIRAJUDDIN JALLALOUDINE HAQQANI
(original script: ىناقح نیدلا للاج نیدلا ج ارس)
国連参照番号：TAi.144
役職：（1996 年-2001 年）副司令官
Na'ib Amir (Deputy Commander) (1996-2001)
生年月日：1977 年から 1978 年の間頃; 1981/12/30
出生地：Danda, Miramshah, North Waziristan, Pakistan; Khost Province, Afghanistan;
Neka district, Paktika Province, Afghanistan; Srana village, Garda Saray district, Paktia
Province, Afghanistan; Paktia, Afghanistan
別名：シラージ・ハッカーニ; セラージュッディーン・ハカニ; シラージ・ハカニ; サラー
ジ・ハカニ; アブドゥル・サタール・アブドゥッラー
Siraj Haqqani; Serajuddin Haqani; Siraj Haqani; Saraj Haqani; Abdul Satar Abdullah
確定に十分でない別名：ハリーファ
Khalifa
国籍：アフガニスタン
Afghanistan
旅券番号： アフガニスタン旅券 P00032260（2022 年 6 月 30 日にアフガニスタンのカ
ブールで発行、2032 年 6 月 30 日に失効、氏名の英字表記：Abdul Satar Abdullah);
アフガニスタン旅券D0010367（2024年5月18 日にアフガニスタンのカブールで発行、
2029 年 5 月 18 日に失効、氏名の英字表記：Sirajuddin Haqqani); アフガニスタン旅券
P05076602（2026 年 5 月 5 日発行、2036 年 5 月 5 日失効）
住所等：Kabul, Afghanistan
リスト掲載日：2007 年 9 月 13 日（2013 年 4 月 22 日、2026 年 3 月 10 日、4 月 28 日
及び 7 月 30 日に改訂）
その他の情報：2012 年後半の時点でハッカーニ・ネットワーク（Haqqani Network）（626．
に指定した団体）を率いている。ジャラールッディーン・ハッカーニ（40．に指定した個
人）の息子。アフガニスタンのパクティア（Paktia）州ガルデサライ（Garda Saray）郡
Zadran 部族のスルターンヘール（Sultan Khel）支族に所属する。身長は 187cm また
は 180cm。国連安全保障理事会決議第 1822 号（2008 年）に基づく見直しは 2010 年
7 月 27 日に終了した。写真はインターポール（国際刑事警察機構）･国連安全保障理
事会特別手配書に含まれているものを利用可能。同人に対するインターポール（国
際 刑 事 警 察 機 構 ） ・ 国 連 安 全 保 障 理 事 会 特 別 手 配 書 の ウ ェ ブ ・ リ ン ク ：
https://www.interpol.int/en/How-we-work/Notices/View-UN-Notices-
Individuals#2007-44300.",REVIEW_REQUIRED,REVIEW_REQUIRED,false,mofa-names-v1
126adf153bd520671b9de87b006de3863ebbbb907b1b3625168cdef117f4a794:UN:518,current_un,518,UN,,unknown,false,151,126adf153bd520671b9de87b006de3863ebbbb907b1b3625168cdef117f4a794,https://www.mofa.go.jp/mofaj/files/000015952.pdf,https://www.mofa.go.jp/mofaj/files/000015952.pdf#page=151,data/raw/mofa/126adf153bd520671b9de87b006de3863ebbbb907b1b3625168cdef117f4a794.pdf.gz,５１８． ※２０１７年３月１６日解除,HISTORICAL,REVIEW_REQUIRED,false,mofa-names-v1
126adf153bd520671b9de87b006de3863ebbbb907b1b3625168cdef117f4a794:UN:519,current_un,519,UN,,unknown,false,151,126adf153bd520671b9de87b006de3863ebbbb907b1b3625168cdef117f4a794,https://www.mofa.go.jp/mofaj/files/000015952.pdf,https://www.mofa.go.jp/mofaj/files/000015952.pdf#page=151,data/raw/mofa/126adf153bd520671b9de87b006de3863ebbbb907b1b3625168cdef117f4a794.pdf.gz,５１９． ※２０１５年５月１８日解除,HISTORICAL,REVIEW_REQUIRED,false,mofa-names-v1
126adf153bd520671b9de87b006de3863ebbbb907b1b3625168cdef117f4a794:UN:520,current_un,520,UN,,unknown,false,151,126adf153bd520671b9de87b006de3863ebbbb907b1b3625168cdef117f4a794,https://www.mofa.go.jp/mofaj/files/000015952.pdf,https://www.mofa.go.jp/mofaj/files/000015952.pdf#page=151,data/raw/mofa/126adf153bd520671b9de87b006de3863ebbbb907b1b3625168cdef117f4a794.pdf.gz,５２０． ※２０１３年１０月３日解除,HISTORICAL,REVIEW_REQUIRED,false,mofa-names-v1
126adf153bd520671b9de87b006de3863ebbbb907b1b3625168cdef117f4a794:UN:521,current_un,521,UN,,person,true,151;152,126adf153bd520671b9de87b006de3863ebbbb907b1b3625168cdef117f4a794,https://www.mofa.go.jp/mofaj/files/000015952.pdf,https://www.mofa.go.jp/mofaj/files/000015952.pdf#page=151,data/raw/mofa/126adf153bd520671b9de87b006de3863ebbbb907b1b3625168cdef117f4a794.pdf.gz,"５２１．ハミド・アブダッラー・アフマド・アル・アリ（別名：(a)ハメド・アブドゥッラー・アル・
アリ博士(b)ハメド・アル・アリ(c)ハメド・ビン・アブダッラー・アル・アリ(d)ハミド・アブダッ
ラー・アル・アリ(e)ハミド・アブダッラー・アフマド・アル・アリ(f)ハミド・ビン・アブダッラ
ー・アフメド・アル・アリ(g)ハミド・アブダッラー・アフメド・アル・アリ(h)アブ・サリム)
HAMID ABDALLAH AHMAD AL-ALI
(original script: يلعلا دمحأ الله دبع دماح)
(a.k.a.: (a)Dr. Hamed Abdullah Al-Ali (b)Hamed Al-’Ali (c)Hamed bin ’Abdallah Al-’Ali
(d)Hamid ’Abdallah Al-’Ali (e)Hamid ’Abdallah Ahmad Al-’Ali (f)Hamid bin Abdallah
Ahmed Al-Ali (g)Hamid Abdallah Ahmed Al-Ali (h)Abu Salim)
称号：不明
役職：不明
生年月日：１９６０年１月２０日
出生地：クウェート
国籍：クウェート
旅券番号：クウェート旅券 1739010 （2003 年 5 月 26 日クウェートにて発行、2008
年 5 月 25 日失効）
ＩＤ番号：クウェート ID 番号 260012001546
住所：クウェート（２００９年３月時点の居住地）
国連制裁委員会による指定日：２００８年１月１６日（２００８年７月１日、７月２３日、２０
１０年１月２５日、２０１９年５月１日、２０２３年２月２日及び３月１５日に改訂）
その他の情報：国連安全保障理事会決議第１８２２号（２００８年）に基づく見直しは２
００９年９月１４日に終了した。国連安全保障理事会決議第２２５３号（２０１５年）に基
づく見直しは２０１９年２月２１日に終了した。国連安全保障理事会決議第２６１０号（２
０２１年）に基づく見直しは２０２２年１１月８日に終了した。同人に対するインターポー
ル（国際刑事警察機構）・国連安全保障理事会特別手配書のウェブ・リンク：
https://www.interpol.int/en/How-we-work/Notices/View-UN-Notices-Individuals",REVIEW_REQUIRED,REVIEW_REQUIRED,false,mofa-names-v1
126adf153bd520671b9de87b006de3863ebbbb907b1b3625168cdef117f4a794:UN:522,current_un,522,UN,,person,true,152;153,126adf153bd520671b9de87b006de3863ebbbb907b1b3625168cdef117f4a794,https://www.mofa.go.jp/mofaj/files/000015952.pdf,https://www.mofa.go.jp/mofaj/files/000015952.pdf#page=152,data/raw/mofa/126adf153bd520671b9de87b006de3863ebbbb907b1b3625168cdef117f4a794.pdf.gz,"５２２．ジャーベル・アブダッラー・ジャーベル・アフマド・アル・ジャラフマー（別名：(a)ジ
ャーベル・アル・ジャラマー(b)アブ・ムハンマド・アル・ジャラフマー(c)ジャビル・アブダ
ッラー・ジャビル・アフマド・ジャラフマー(d)ジャビル・アブダッラー・ジャビル・アフマド・
アル・ジャラマー(e)ジャビル・アル・ジャルハミ(f)アブドゥル・ガニ(g)アブ・ムハンマド)
JABER ABDALLAH JABER AHMAD AL-JALAHMAH (a.k.a.: (a)Jaber Al-Jalamah
(b)Abu Muhammad Al-Jalahmah (c)Jabir Abdallah Jabir Ahmad Jalahmah
(d)Jabir ’Abdallah Jabir Ahmad Al-Jalamah (e)Jabir Al-Jalhami (f)Abdul-Ghani (g)Abu
Muhammad)
称号：不明
役職：不明
生年月日：１９５９年９月２４日
出生地：Al-Khitan area, Kuwait
国籍：クウェート
旅券番号：(a)101423404 (b)クウェート旅券 2541451 （2017 年 2 月 16 日まで有効）
(c)クウェート旅券 002327881
ＩＤ番号：クウェート国民ＩＤ番号 259092401188
住所：クウェート（２００９年３月から２０１３年１２月までの居住地）
国連制裁委員会による指定日：２０１４年１月３日
その他の情報：以前は２００８年１月１６日から２０１４年１月３日の間、リストに掲載さ
れていた（２００８年７月１日、７月２３日及び２０１０年１月２５日に改訂）。安全保障理
事会決議１８２２（２００８年）に基づく見直しは２００９年９月１４日に終了した。",EXTRACTED,REVIEW_REQUIRED,false,mofa-names-v1
126adf153bd520671b9de87b006de3863ebbbb907b1b3625168cdef117f4a794:UN:523,current_un,523,UN,,person,true,153,126adf153bd520671b9de87b006de3863ebbbb907b1b3625168cdef117f4a794,https://www.mofa.go.jp/mofaj/files/000015952.pdf,https://www.mofa.go.jp/mofaj/files/000015952.pdf#page=153,data/raw/mofa/126adf153bd520671b9de87b006de3863ebbbb907b1b3625168cdef117f4a794.pdf.gz,"５２３．ムバラク・ムシャッハス・サナド・ムバラク・アル・バタリ（別名：(a)ムバラク・ミシュ
ヒス・サナド・アル・バタリ(b)ムバラク・ミシュヒス・サナド・アル・バダリ(c)ムバラク・ア
ル・バタリ(d)ムバラク・ミシュハス・サナド・アル・バタリ(e)ムバラク・ミシュハス・サナド・
アル・バザリ(f)モバラク・メシュハス・サナド・アル・ブサリ(g)アブ・アブドゥルラフマン)
MUBARAK MUSHAKHAS SANAD MUBARAK AL-BATHALI
(original script: يلاذبلا كرابم دنس صخشم كرابم)
(a.k.a.: (a)Mubarak Mishkhis Sanad Al-Bathali (b)Mubarak Mishkhis Sanad Al-Badhali
(c)Mubarak Al-Bathali (d)Mubarak Mishkhas Sanad Al-Bathali (e)Mubarak Mishkhas
Sanad Al-Bazali (f)Mobarak Meshkhas Sanad Al-Bthaly (g)Abu Abdulrahman)
称号：不明
役職：不明
生年月日：１９６１年１０月１日
出生地：クウェート
国籍：クウェート
旅券番号：(a)クウェート旅券 101856740 （2005 年 5 月 12 日発行、2007 年 5 月
11 日失効） (b)クウェート旅券 002955916
ＩＤ番号：クウェート国民ＩＤ番号 261122400761
住所：Al-Salibekhat area, Kuwait （２００９年３月時点の居住地）
国連制裁委員会による指定日：２００８年１月１６日（２００８年７月１日、７月２３日、２０
１０年１月２５日、２０１９年５月１日、２０２３年２月２日及び３月１５日に改訂）
その他の情報：クウェート政府により２０１８年８月２４日に懲役判決を受けた。国連安
全保障理事会決議第１８２２号（２００８年）に基づく見直しは２００９年９月１４日に終
了した。国連安全保障理事会決議第２２５３号（２０１５年）に基づく見直しは２０１９年
２月２１日に終了した。国連安全保障理事会決議第２６１０号（２０２１年）に基づく見直
しは２０２２年１１月８日に終了した。同人に対するインターポール（国際刑事警察機
構 ） ・ 国 連 安 全 保 障 理 事 会 特 別 手 配 書 の ウ ェ ブ ・ リ ン ク ：
https://www.interpol.int/en/How-we-work/Notices/View-UN-Notices-Individuals",REVIEW_REQUIRED,REVIEW_REQUIRED,false,mofa-names-v1
126adf153bd520671b9de87b006de3863ebbbb907b1b3625168cdef117f4a794:UN:524,current_un,524,UN,,unknown,false,153,126adf153bd520671b9de87b006de3863ebbbb907b1b3625168cdef117f4a794,https://www.mofa.go.jp/mofaj/files/000015952.pdf,https://www.mofa.go.jp/mofaj/files/000015952.pdf#page=153,data/raw/mofa/126adf153bd520671b9de87b006de3863ebbbb907b1b3625168cdef117f4a794.pdf.gz,５２４． ※２０１２年１２月１９日解除,HISTORICAL,REVIEW_REQUIRED,false,mofa-names-v1
126adf153bd520671b9de87b006de3863ebbbb907b1b3625168cdef117f4a794:UN:525,current_un,525,UN,,unknown,false,153,126adf153bd520671b9de87b006de3863ebbbb907b1b3625168cdef117f4a794,https://www.mofa.go.jp/mofaj/files/000015952.pdf,https://www.mofa.go.jp/mofaj/files/000015952.pdf#page=153,data/raw/mofa/126adf153bd520671b9de87b006de3863ebbbb907b1b3625168cdef117f4a794.pdf.gz,５２５． ※２０１２年１２月１９日解除,HISTORICAL,REVIEW_REQUIRED,false,mofa-names-v1
126adf153bd520671b9de87b006de3863ebbbb907b1b3625168cdef117f4a794:UN:526,current_un,526,UN,,person,true,154,126adf153bd520671b9de87b006de3863ebbbb907b1b3625168cdef117f4a794,https://www.mofa.go.jp/mofaj/files/000015952.pdf,https://www.mofa.go.jp/mofaj/files/000015952.pdf#page=154,data/raw/mofa/126adf153bd520671b9de87b006de3863ebbbb907b1b3625168cdef117f4a794.pdf.gz,"５２６．アンヘロ・ラミレス・トリニダード（別名：(a)カリブ・トリニダード(b)カリブ・トリニダ
ード(c)アブドゥル・ハリール(d)アブドゥカフリル(e)アブ・ハリール(f)アニス）
ANGELO RAMIREZ TRINIDAD (a.k.a.: (a)Calib Trinidad (b)Kalib Trinidad (c)Abdul Khalil
(d)Abdukahlil (e)Abu Khalil (f)Anis)
称号：不明
役職：不明
生年月日：１９７８年３月２０日
出生地：Gattaran, Cagayan Province, Philippines
国籍：フィリピン
旅券番号：不明
ＩＤ番号：不明
住所：3111 Ma. Bautista, Punta, Santa Ana, Manila, Philippines
国連制裁委員会による指定日：２００８年６月４日（２０１１年１２月１３日、２０１９年１２
月６日及び2024年２月７日に改訂）
その他の情報：両足に傷跡あり。ラジャ・ソレイマン運動（５３４．に指定した団体）の一
員。アブ・サヤフ（１６７．に指定した団体）及びジュマ・イスラミーヤ（３３２．に指定した
団体）と関係を有している。２０１１年５月現在フィリピンにおいて拘留されている。国
連安全保障理事会決議第１８２２号（２００８年）に基づく見直しは２０１０年５月１３日
に終了した。国連安全保障理事会決議第２３６８号（２０１７年）に基づく見直しは２０１
９年１２月４日に終了した。国連安全保障理事会決議第２６１０号（２０２１年）に基づく
見直しは２０２３年１０月３０日に終了した。同人に対するインターポール（国際刑事警
察 機 構 ） ・ 国 連 安 全 保 障 理 事 会 特 別 手 配 書 の ウ ェ ブ ・ リ ン ク ：
https://www.interpol.int/en/How-we-work/Notices/View-UN-Notices-Individuals",EXTRACTED,REVIEW_REQUIRED,false,mofa-names-v1
126adf153bd520671b9de87b006de3863ebbbb907b1b3625168cdef117f4a794:UN:527,current_un,527,UN,,person,true,154;155,126adf153bd520671b9de87b006de3863ebbbb907b1b3625168cdef117f4a794,https://www.mofa.go.jp/mofaj/files/000015952.pdf,https://www.mofa.go.jp/mofaj/files/000015952.pdf#page=154,data/raw/mofa/126adf153bd520671b9de87b006de3863ebbbb907b1b3625168cdef117f4a794.pdf.gz,"５２７．ディンノ・アモール・ロサレホス・パレハ（別名：(a)ジョニー・パレハ(b)ハリール・
パレハ(c)モハンマド(d)アクマド(e)マイティー(f)ラッシュ)
DINNO AMOR ROSALEJOS PAREJA (a.k.a.: (a)Johnny Pareja (b)Khalil Pareja
(c)Mohammad (d)Akmad (e)Mighty (f)Rash)
称号：不明
役職：不明
生年月日：１９８１年７月１９日
出生地：Cebu City, Philippines
国籍：フィリピン
旅券番号：不明
ＩＤ番号：不明
住所：Atimonana, Quezon Province, Philippines
国連制裁委員会による指定日：２００８年６月４日（２００９年６月３日、２０１１年１２月１
３日、２０１９年１２月６日及び2024年２月７日に改訂）
その他の情報：ラジャ・ソレイマン運動（５３４．に指定した団体）の一員。父の名前は
Amorsolo Jarabata Pareja。母の名前はLeonila Cambaya Rosalejos。国連安全保障
理事会決議第１８２２号（２００８年）に基づく見直しは２０１０年５月１３日に終了した。
国連安全保障理事会決議第２３６８号（２０１７年）に基づく見直しは２０１９年１２月４
日に終了した。国連安全保障理事会決議第２６１０号（２０２１年）に基づく見直しは２０
２３年１０月３０日に終了した。同人に対するインターポール（国際刑事警察機構）・国
連安全保障理事会特別手配書のウェブ・リンク：https://www.interpol.int/en/How-
we-work/Notices/View-UN-Notices-Individuals",EXTRACTED,REVIEW_REQUIRED,false,mofa-names-v1
126adf153bd520671b9de87b006de3863ebbbb907b1b3625168cdef117f4a794:UN:528,current_un,528,UN,,person,true,155,126adf153bd520671b9de87b006de3863ebbbb907b1b3625168cdef117f4a794,https://www.mofa.go.jp/mofaj/files/000015952.pdf,https://www.mofa.go.jp/mofaj/files/000015952.pdf#page=155,data/raw/mofa/126adf153bd520671b9de87b006de3863ebbbb907b1b3625168cdef117f4a794.pdf.gz,"５２８．フェリシアノ・センボリオ・デロス・レイエス・ジュニア（別名：(a)アブバカル・アブ
ディッラー(b)アブドゥル・アブディッラー）
FELICIANO SEMBORIO DELOS REYES JR.
(original script: نبلإا سیير سوليد ويروبمس ونایسلف)
(a.k.a.: (a)Abubakar Abdillah (b)Abdul Abdillah)
称号：Ustadz（ウスターズ）
役職：不明
生年月日：１９６３年１１月４日
出生地：Arco, Lamitan, Basilan, Philippines
国籍：フィリピン
旅券番号：不明
ＩＤ番号：不明
住所：フィリピン
国連制裁委員会による指定日：２００８年６月４日（２００９年６月３日、２０１１年１２月１
３日、２０１９年１２月６日及び2024年２月７日に改訂）
その他の情報：ラジャ・ソレイマン運動（５３４．に指定した団体）の一員。父の名前は
Feliciano Delos Reyes Sr.。母の名前はAurea Semborio。２０１１年５月時点でフィリピ
ンにおいて拘留されている。国連安全保障理事会決議第１８２２号（２００８年）に基づ
く見直しは２０１０年５月１３日に終了した。国連安全保障理事会決議第２３６８号（２０
１７年）に基づく見直しは２０１９年１２月４日に終了した。国連安全保障理事会決議第
２６１０号（２０２１年）に基づく見直しは２０２３年１０月３０日に終了した。同人に対する
インターポール（国際刑事警察機構）・国連安全保障理事会特別手配書のウェブ・リ
ンク：https://www.interpol.int/en/How-we-work/Notices/View-UN-Notices-
Individuals",REVIEW_REQUIRED,REVIEW_REQUIRED,false,mofa-names-v1
126adf153bd520671b9de87b006de3863ebbbb907b1b3625168cdef117f4a794:UN:529,current_un,529,UN,,person,true,155;156,126adf153bd520671b9de87b006de3863ebbbb907b1b3625168cdef117f4a794,https://www.mofa.go.jp/mofaj/files/000015952.pdf,https://www.mofa.go.jp/mofaj/files/000015952.pdf#page=155,data/raw/mofa/126adf153bd520671b9de87b006de3863ebbbb907b1b3625168cdef117f4a794.pdf.gz,"５２９．ヒラリオン・デル・ロザリオ・サントス（別名：(a)アクマド・サントス(b)アフメド・イス
ラム(c)アフマド・イスラム・サントス (d)ヒラリオン・サントス三世(e)ヒラリオン・デル・ロ
ザリオ・サントス三世(f)アブ・アブドゥッラー・サントス(g)ファイサル・サントス(h)ラカイ(i)
アキ(j)アキ(k)アブ・ハムサ）
HILARION DEL ROSARIO SANTOS (a.k.a.: (a)Akmad Santos (b)Ahmed Islam (c)Ahmad
Islam Santos (d)Hilarion Santos, III(third) (e)Hilarion Del Rosario Santos, III(third)
(f)Abu Abdullah Santos (g)Faisal Santos (h)Lakay (i)Aki (j)Aqi (k)Abu Hamsa)
称号：Amir（アミール）
役職：不明
生年月日：１９６６年３月１２日
出生地：686 A. Mabini Street, Sangandaan, Caloocan City, Philippines
国籍：フィリピン
旅券番号：フィリピン旅券 AA780554
ＩＤ番号：不明
住所：50, Purdue Street, Cubao, Quezon City, Philippines
国連制裁委員会による指定日：２００８年６月４日（２０１１年１２月１３日、２０１６年１０
月２５日、２０１７年９月２２日及び２０２０年１１月２４日に改訂）
その他の情報：ラジャ・ソレイマン運動（５３４．に指定した団体）の創始者及び指導者
であり、アブ・サヤフ（１６７．に指定した団体）と関係がある。２０１１年５月時点でフィリ
ピンにおいて拘留されている。国連安全保障理事会決議第１８２２号（２００８年）に基
づく見直しは２０１０年５月１３日に終了した。国連安全保障理事会決議第２３６８号（２
０１７年）に基づく見直しは２０２０年１１月２４日に終了した。同人に対するインターポ
ール（国際刑事警察機構）・国連安全保障理事会特別手配書のウェブ・リンク：
https://www.interpol.int/en/How-we-work/Notices/View-UN-Notices-Individuals
同ウェブ・リンクに写真が含まれている。",REVIEW_REQUIRED,REVIEW_REQUIRED,false,mofa-names-v1
126adf153bd520671b9de87b006de3863ebbbb907b1b3625168cdef117f4a794:UN:530,current_un,530,UN,,person,true,156,126adf153bd520671b9de87b006de3863ebbbb907b1b3625168cdef117f4a794,https://www.mofa.go.jp/mofaj/files/000015952.pdf,https://www.mofa.go.jp/mofaj/files/000015952.pdf#page=156,data/raw/mofa/126adf153bd520671b9de87b006de3863ebbbb907b1b3625168cdef117f4a794.pdf.gz,"５３０．ピオ・アボグネ・デ・ベラ（別名：(a)イスマエル・デ・ベラ(b)ハーリド(c)イスマエル
(d)イスマイル(e)マネックス(f)ティートー・アート(g)デイブ(h)レオ）
PIO ABOGNE DE VERA (a.k.a.: (a)Ismael De Vera (b)Khalid (c)Ismael (d)Ismail
(e)Manex (f)Tito Art (g)Dave (h)Leo)
称号：不明
役職：不明
生年月日：１９６９年１２月１９日
出生地：Bagac, Bagamanok, Catanduanes, Philippines
国籍：フィリピン
旅券番号：不明
ＩＤ番号：不明
住所：Concepcion, Zaragosa, Nueva Ecija, Philippines
国連制裁委員会による指定日：２００８年６月４日（２００９年６月３日、２０１１年１２月１
３日、２０１９年１２月６日及び2024年２月７日に改訂）
その他の情報：ラジャ・ソレイマン運動（５３４．に指定した団体）、アブ・サヤフ（１６７．
に指定した団体）及びジュマ・イスラミーヤ（３３２．に指定した団体）の一員。父の名前
はHonorio Devera。母の名前はFausta Abogne。２０１１年５月時点でフィリピンにおい
て拘留されている。国連安全保障理事会決議第１８２２号（２００８年）に基づく見直し
は２０１０年５月１３日に終了した。国連安全保障理事会決議第２３６８号（２０１７年）
に基づく見直しは２０１９年１２月４日に終了した。国連安全保障理事会決議第２６１０
号（２０２１年）に基づく見直しは２０２３年１０月３０日に終了した。同人に対するインタ
ーポール（国際刑事警察機構）・国連安全保障理事会特別手配書のウェブ・リンク：
https://www.interpol.int/en/How-we-work/Notices/View-UN-Notices-Individuals",EXTRACTED,REVIEW_REQUIRED,false,mofa-names-v1
126adf153bd520671b9de87b006de3863ebbbb907b1b3625168cdef117f4a794:UN:531,current_un,531,UN,,person,true,156;157,126adf153bd520671b9de87b006de3863ebbbb907b1b3625168cdef117f4a794,https://www.mofa.go.jp/mofaj/files/000015952.pdf,https://www.mofa.go.jp/mofaj/files/000015952.pdf#page=156,data/raw/mofa/126adf153bd520671b9de87b006de3863ebbbb907b1b3625168cdef117f4a794.pdf.gz,"５３１．レデンド・カイン・デロサ（別名：(a)アブ・イロンゴ(b)ブランドン・ベルサ(c)アブ・ム
アズ(d)アルヌルフォ・アルバラド(e)ハビル・アフマド・デロサ(f)ドドン(g)トロイ(h)ウスマ
ン）
REDENDO CAIN DELLOSA (a.k.a.: (a)Abu Ilonggo (b)Brandon Berusa (c)Abu Muadz
(d)Arnulfo Alvarado (e)Habil Ahmad Dellosa (f)Dodong (g)Troy (h)Uthman)
称号：不明
役職：不明
生年月日：１９７２年５月１５日
出生地：Punta, Santa Ana, Manila, Philippines
国籍：フィリピン
旅券番号：不明
ＩＤ番号：不明
住所：3111, Ma. Bautista, Punta, Santa Ana, Manila, Philippines
国連制裁委員会による指定日：２００８年６月４日（２００９年６月３日、２０１１年１２月１
３日、２０１９年１２月６日及び2024年２月７日に改訂）
その他の情報：ラジャ・ソレイマン運動（５３４．に指定した団体）の一員であり、アブ・
サヤフ（１６７．に指定した団体）と関係がある。父の名前はFernando Rafael Dellosa。
母の名前はEditha Parado Cain。２０１０年１月時点でフィリピンにおいて拘留されてい
る。国連安全保障理事会決議第１８２２号（２００８年）に基づく見直しは２０１０年５月１
３日に終了した。国連安全保障理事会決議第２３６８号（２０１７年）に基づく見直しは２
０１９年１２月４日に終了した。国連安全保障理事会決議第２６１０号（２０２１年）に基
づく見直しは２０２３年１０月３０日に終了した。同人に対するインターポール（国際刑
事警察機構）・国連安全保障理事会特別手配書のウェブ・リンク：
https://www.interpol.int/en/How-we-work/Notices/View-UN-Notices-Individuals",EXTRACTED,REVIEW_REQUIRED,false,mofa-names-v1
126adf153bd520671b9de87b006de3863ebbbb907b1b3625168cdef117f4a794:UN:532,current_un,532,UN,,person,true,157;158,126adf153bd520671b9de87b006de3863ebbbb907b1b3625168cdef117f4a794,https://www.mofa.go.jp/mofaj/files/000015952.pdf,https://www.mofa.go.jp/mofaj/files/000015952.pdf#page=157,data/raw/mofa/126adf153bd520671b9de87b006de3863ebbbb907b1b3625168cdef117f4a794.pdf.gz,"５３２．ルーベン・ペスタノ・ラビリア・ジュニア（別名：(a)ルーベン・ラビリア(b)シェイク・
オマル(c)ミレ・D・ラビリア(d)レイムンド・ラビリア(e)ラモ・ラビリア(f)マイク・デ・ラビリア
(g)アブドゥッラー・ムッダリス(h)アリ・オマル(i)オマル・ラビリア(j)オマル・ラベリア(k)ソ
ー(l)エソ(m)ジュンジュン)
RUBEN PESTANO LAVILLA, JR (a.k.a.: (a)Reuben Lavilla (b)Sheik Omar (c)Mile D
Lavilla (d)Reymund Lavilla (e)Ramo Lavilla (f)Mike de Lavilla (g)Abdullah Muddaris (h)Ali
Omar (i)Omar Lavilla (j)Omar Labella (k)So (l)Eso (m)Junjun)
称号：Sheik （シェイク）
役職：不明
生年月日：１９７２年１０月４日
出生地：Sitio Banga Maiti, Barangay Tranghawan, Lambunao, Iloilo, Philippines
国籍：フィリピン
旅券番号：(a)フィリピン旅券 MM611523 （２００４年） (b)フィリピン旅券 EE947317
（２０００-２００１年） (c)フィリピン旅券 P421967 （１９９５-１９９７年）
ＩＤ番号：不明
住所：10th Avenue, Caloocan City, Philippines
国連制裁委員会による指定日：２００８年６月４日（２００８年９月１６日、２０１１年１２月
１３日、２０１８年５月９日、２０１９年１２月６日及び2024年２月７日に改訂）
その他の情報：ラジャ・ソレイマン運動（５３４．に指定した団体）の精神的指導者。カ
ダフィ・アブバカル・ジャンジャラニ（死亡）と関係がある。２０１１年５月時点でフィリピ
ンにおいて拘留されている。国連安全保障理事会決議第１８２２号（２００８年）に基づ
く見直しは２０１０年５月１３日に終了した。国連安全保障理事会決議第２３６８号（２０
１７年）に基づく見直しは２０１９年１２月４日に終了した。国連安全保障理事会決議第
２６１０号（２０２１年）に基づく見直しは２０２３年１０月３０日に終了した。同人に対する
インターポール（国際刑事警察機構）・国連安全保障理事会特別手配書のウェブ・リ
ン ク ： https:// www.interpol.int/en/How-we-work/Notices/View-UN-Notices-
Individuals",EXTRACTED,REVIEW_REQUIRED,false,mofa-names-v1
126adf153bd520671b9de87b006de3863ebbbb907b1b3625168cdef117f4a794:UN:533,current_un,533,UN,,person,true,158,126adf153bd520671b9de87b006de3863ebbbb907b1b3625168cdef117f4a794,https://www.mofa.go.jp/mofaj/files/000015952.pdf,https://www.mofa.go.jp/mofaj/files/000015952.pdf#page=158,data/raw/mofa/126adf153bd520671b9de87b006de3863ebbbb907b1b3625168cdef117f4a794.pdf.gz,"５３３．リカルド・ペレス・アエラス（別名：(a)アブドゥル・カリーム・アエラス(b)アブドゥル・
カリム・アエラス(c)リッキー・アエラス(d)ジムボーイ(e)アイサック・ジェイ・ガラン・ペレス
(f)アブドゥル・ムジブ)
RICARDO PEREZ AYERAS (a.k.a.: (a)Abdul Kareem Ayeras (b)Abdul Karim Ayeras
(c)Ricky Ayeras (d)Jimboy (e)Isaac Jay Galang Perez (f)Abdul Mujib)
称号：不明
役職：不明
生年月日：１９７３年９月１５日
出生地：24 Paraiso Street, Barangay Poblacion, Mandaluyong City, Philippines
国籍：フィリピン
旅券番号：不明
ＩＤ番号：不明
住所：(a)Barangay Mangayao, Tagkawayan, Quezon, Philippines (b)Barangay Tigib,
Ayungon, Negros Oriental, Philippines
国連制裁委員会による指定日：２００８年６月４日（２０１１年１２月１３日、２０１９年１２
月６日及び2024年２月７日に改訂）
その他の情報：ラジャ・ソレイマン運動（５３４．に指定した団体）の一員。２０１１年３月
１４日にフィリピン当局に逮捕された。国連安全保障理事会決議第１８２２号（２００８
年）に基づく見直しは２０１０年５月１３日に終了した。国連安全保障理事会決議第２３
６８号（２０１７年）に基づく見直しは２０１９年１２月４日に終了した。国連安全保障理
事会決議第２６１０号（２０２１年）に基づく見直しは２０２３年１０月３０日に終了した。
同人に対するインターポール（国際刑事警察機構）・国連安全保障理事会特別手配
書のウェブ・リンク：https://www.interpol.int/en/How-we-work/Notices/View-UN-
Notices-Individuals",EXTRACTED,REVIEW_REQUIRED,false,mofa-names-v1
126adf153bd520671b9de87b006de3863ebbbb907b1b3625168cdef117f4a794:UN:534,current_un,534,UN,,entity,true,158;159,126adf153bd520671b9de87b006de3863ebbbb907b1b3625168cdef117f4a794,https://www.mofa.go.jp/mofaj/files/000015952.pdf,https://www.mofa.go.jp/mofaj/files/000015952.pdf#page=158,data/raw/mofa/126adf153bd520671b9de87b006de3863ebbbb907b1b3625168cdef117f4a794.pdf.gz,"５３４．ラジャ・ソレイマン運動（別称：(a)ラジャ・ソレイマン・イスラム運動(b)ラジャ・ソレ
イマン革命運動）
RAJAH SOLAIMAN MOVEMENT (a.k.a.:(a)Rajah Solaiman Islamic Movement
(b)Rajah Solaiman Revolutionary Movement)
旧称：不明
所在地：(a)Barangay Mal-Ong, Anda, Pangasinan Province, Philippines (b)Sitio Dueg,
Barangay Maasin, San Clemente, Tarlac Province, Philippines (c)Number 50, Purdue
Street, Cubao, Quezon City, Philippines
国連制裁委員会による指定日：２００８年６月４日（２０１１年１２月１３日、２０１８年５月
９日、２０１９年１２月６日及び２０２４年２月７日に改訂）
その他の情報：ヒラリオン・デル・ロザリオ・サントス三世（５２９．に指定した個人）によ
って創立され、率いられる。アブ・サヤフ（１６７．に指定した団体）、ジュマ・イスラミー
ヤ（３３２．に指定した団体）及びカダフィ・アブバカル・ジャンジャラニ（死亡）と関係が
ある。国連安全保障理事会決議第１８２２号（２００８年）に基づく見直しは２０１０年５
月１３日に終了した。国連安全保障理事会決議第２３６８号（２０１７年）に基づく見直し
は２０１９年１２月４日に終了した。国連安全保障理事会決議第２６１０号（２０２１年）
に基づく見直しは２０２３年１０月３０日に終了した。同団体に対するインターポール
（国際刑事警察機構）・国連安全保障理事会特別手配書のウェブ・リンク：
https://www.interpol.int/en/How-we-work/Notices/View-UN-Notices-Entities",EXTRACTED,REVIEW_REQUIRED,false,mofa-names-v1
126adf153bd520671b9de87b006de3863ebbbb907b1b3625168cdef117f4a794:UN:535,current_un,535,UN,QDi.249,person,true,159,126adf153bd520671b9de87b006de3863ebbbb907b1b3625168cdef117f4a794,https://www.mofa.go.jp/mofaj/files/000015952.pdf,https://www.mofa.go.jp/mofaj/files/000015952.pdf#page=159,data/raw/mofa/126adf153bd520671b9de87b006de3863ebbbb907b1b3625168cdef117f4a794.pdf.gz,"５３５．ヤヒヤ・ジュワーディ
YAHIA DJOUADI
(original script: يداوج ىیحي)
国連参照番号：QDi.249
生年月日：1967/１/１
出生地：M’Hamid, Wilaya (province) of Sidi Bel Abbes, Algeria
別名：ヤヒヤ・アブー・アンマール； アブー・アラ
Yahia Abou Ammar; Abou Ala
国籍：アルジェリア
Algeria
リスト掲載日：2008 年７月３日（2012 年 11 月 15 日、2021 年 11 月 15 日、2022 年 11
月８日、2023 年２月２日及び 2026 年８月 18 日に改訂）
その他の情報：国連安全保障理事会決議に基づく見直しは 2021 年 11 月 15 日、2022
年 11 月８日、2025 年 12 月 31 日に終了した。2008 年 6 月時点でマリ北部に居住し
ていた。2022 年２月 25 日にマリ・Timbuktu にて殺害されたと報告されている。イスラ
ム・マグレブ諸国のアル・カーイダ組織（173．に指定した団体）の幹部であった。母の
名前は Zohra Fares。父の名前は Mohamed。同人に対するインターポール（国際刑
事 警 察 機 構 ） ・ 国 連 安 全 保 障 理 事 会 特 別 手 配 書 の ウ ェ ブ ・ リ ン ク ：
https://www.interpol.int/en/How-we-work/Notices/View-UN-Notices-Individuals",REVIEW_REQUIRED,REVIEW_REQUIRED,false,mofa-names-v1
126adf153bd520671b9de87b006de3863ebbbb907b1b3625168cdef117f4a794:UN:536,current_un,536,UN,,person,true,159;160,126adf153bd520671b9de87b006de3863ebbbb907b1b3625168cdef117f4a794,https://www.mofa.go.jp/mofaj/files/000015952.pdf,https://www.mofa.go.jp/mofaj/files/000015952.pdf#page=159,data/raw/mofa/126adf153bd520671b9de87b006de3863ebbbb907b1b3625168cdef117f4a794.pdf.gz,"５３６．アモール・モハメド・ゲディール（別名：(a)アブデルハミド・アブー・ゼイド(b)ユー
セフ・アーデル(c)アブー・アブデッラ(d)アビード・ハンマドウ(１９６５年１２月１２日に
Touggourt, Wilaya (province) of Ouargla, Algeria において出生（以前のリスト記載ぶ
り） ))
AMOR MOHAMED GHEDEIR (original script: د محم رمع ر يدق)
(a.k.a.: (a)Abdelhamid Abou Zeid (b)Youcef Adel (c)Abou Abdellah (d)Abid Hammadou,
born on 12 Dec. 1965 in Touggourt, Wilaya (province) of Ouargla, Algeria (previously
listed as) )
称号：不明
役職：不明
生年月日：１９５８年頃
出生地：Deb-Deb, Amenas, Wilaya (province) of Illizi, Algeria
国籍：アルジェリア
旅券番号：不明
ＩＤ番号：不明
住所：不明
国連制裁委員会による指定日：２００８年７月３日（２０１２年５月１０日、１１月１５日、２
０１９年３月２９日、５月１日及び２０２１年１２月２９日に改訂）
その他の情報：イスラム・マグレブ諸国のアル・カーイダ組織（１７３．に指定した団体）
と関係がある。２００８年６月現在マリ北部に居住している。母の名前は Benarouba
Bachira。父の名前は Mabrouk。同人は、２００４年にチャドにおいて死亡したとされる
Abid Hammadou の身元を奪った。２０１３年２月２４日時点で死亡したと報告されてい
る。国連安全保障理事会決議第２２５３号（２０１５年）に基づく見直しは２０１９年２月２
１日に終了した。国連安全保障理事会決議第２３６８号（２０１７年）に基づく見直しは２
０２１年１１月１５日に終了した。同人に対するインターポール（国際刑事警察機構）・
国 連 安 全 保 障 理 事 会 特 別 手 配 書 の ウ ェ ブ ・ リ ン ク ：
https://www.interpol.int/en/How-we-work/Notices/View-UN-Notices-Individuals",REVIEW_REQUIRED,REVIEW_REQUIRED,false,mofa-names-v1
126adf153bd520671b9de87b006de3863ebbbb907b1b3625168cdef117f4a794:UN:537,current_un,537,UN,,person,true,160;161,126adf153bd520671b9de87b006de3863ebbbb907b1b3625168cdef117f4a794,https://www.mofa.go.jp/mofaj/files/000015952.pdf,https://www.mofa.go.jp/mofaj/files/000015952.pdf#page=160,data/raw/mofa/126adf153bd520671b9de87b006de3863ebbbb907b1b3625168cdef117f4a794.pdf.gz,"５３７．サーラフ・エッディーン・ガーシミ（別名：(a)アブー・モハメド・サーラフ(b)アブー・
マレク (c)ボウノウアドヘル (d)ボウノウアデル)
SALAH EDDINE GASMI
(original script: يمساق حلاص)
(a.k.a.: (a)Abou Mohamed Salah (b)Abou Malek (c)Bounouadher (d)Bounouader)
称号：不明
役職：不明
生年月日：１９７１年４月１３日
出生地：Zeribet El Oued, Wilaya (province) of Biskra, Algeria
国籍：アルジェリア
旅券番号：不明
ＩＤ番号：不明
住所： No. 7250 Zeribat El Oued, Biskra, Algeria
国連制裁委員会による指定日：２００８年７月３日（２００９年３月２４日、２０１２年１１月
１５日、２０１３年３月１４日、２０１６年２月１１日、２０２０年１１月２４日、２０２３年１２月
１４日及び2024年２月７日に改訂）
その他の情報：イスラム・マグレブ諸国のアル・カーイダ組織（１７３．に指定した団体）
の幹部であり、広報委員会（information committee）の責任者。母の名前はYamina
Soltane。父の名前はAbdelaziz。アブデルマレク・ドゥルークデル（５１６．に指定した個
人。２０２０年６月に死亡したと報告されている）と関係がある。２０１２年１２月１６日に
アルジェリアにおいて逮捕された。２０１５年８月時点で、アルジェのエル・ハラーク刑
務所にて投獄されている。２０２３年１１月時点でアルジェリアのブリダ刑務所に拘留さ
れている。写真及び指紋はインターポール（国際刑事警察機構）･国連安全保障理事
会特別手配書に含まれているものを利用可能。国連安全保障理事会決議第２３６８
号（２０１７年）に基づく見直しは２０２０年１１月２４日に終了した。国連安全保障理事
会決議第２６１０号（２０２１年）に基づく見直しは２０２３年１０月３０日に終了した。同
人に対するインターポール（国際刑事警察機構）・国連安全保障理事会特別手配書
の ウ ェ ブ ・ リ ン ク ： https://www.interpol.int/en/How-we-work/Notices/View-UN-
Notices-Individuals",REVIEW_REQUIRED,REVIEW_REQUIRED,false,mofa-names-v1
126adf153bd520671b9de87b006de3863ebbbb907b1b3625168cdef117f4a794:UN:538,current_un,538,UN,QDi.252,person,true,161,126adf153bd520671b9de87b006de3863ebbbb907b1b3625168cdef117f4a794,https://www.mofa.go.jp/mofaj/files/000015952.pdf,https://www.mofa.go.jp/mofaj/files/000015952.pdf#page=161,data/raw/mofa/126adf153bd520671b9de87b006de3863ebbbb907b1b3625168cdef117f4a794.pdf.gz,"５３８．アフメド・デグデーグ
AHMED DEGHDEGH
(original script: غادغد دمحأ)
国連参照番号：QDi.252
生年月日：1967/１/17
出生地：Anser, Wilaya (province) of Jijel, Algeria
別名：アブド・エル・イラーハ； アブデリッラー・ディット・アブデッラー・アフメド・ディット・
サイード； アブド・エル・イラー； アブー・アブデラー・アフメド； サイド・ディット・メリック
Abd El Illah; Abdellillah dit Abdellah Ahmed dit Said; ABD EL ILAH; ABOU ABDELLAH
AHMED; SAID DIT MERRIKH
国籍：アルジェリア
Algeria
住所等：Algeria
リスト掲載日：2008 年７月３日（2009 年３月 24 日、2012 年 11 月 15 日、2021 年 11 月
15 日及び 2026 年８月 18 日に改訂）
その他の情報：国連安全保障理事会決議に基づく見直しは 2021 年 11 月 15 日、2025
年 12 月 31 日に終了した。イスラム・マグレブ諸国のアル・カーイダ組織（173．に指定
した団体）の幹部。特にこの団体の財務に関与している。母の名前は Zakia Chebira。
父の名前は Lakhdar。2020 年にアルジェリアで死亡したと報じられている。同人に対
するインターポール（国際刑事警察機構）・国連安全保障理事会特別手配書のウェ
ブ・リンク ：https://www.interpol.int/en/How-we-work/Notices/View-UN-Notices-
Individuals",REVIEW_REQUIRED,REVIEW_REQUIRED,false,mofa-names-v1
126adf153bd520671b9de87b006de3863ebbbb907b1b3625168cdef117f4a794:UN:539,current_un,539,UN,,unknown,false,161,126adf153bd520671b9de87b006de3863ebbbb907b1b3625168cdef117f4a794,https://www.mofa.go.jp/mofaj/files/000015952.pdf,https://www.mofa.go.jp/mofaj/files/000015952.pdf#page=161,data/raw/mofa/126adf153bd520671b9de87b006de3863ebbbb907b1b3625168cdef117f4a794.pdf.gz,５３９．※２０２１年９月９日解除,HISTORICAL,REVIEW_REQUIRED,false,mofa-names-v1
126adf153bd520671b9de87b006de3863ebbbb907b1b3625168cdef117f4a794:UN:540,current_un,540,UN,,unknown,false,161,126adf153bd520671b9de87b006de3863ebbbb907b1b3625168cdef117f4a794,https://www.mofa.go.jp/mofaj/files/000015952.pdf,https://www.mofa.go.jp/mofaj/files/000015952.pdf#page=161,data/raw/mofa/126adf153bd520671b9de87b006de3863ebbbb907b1b3625168cdef117f4a794.pdf.gz,５４０． ※２０１５年４月２４日解除,HISTORICAL,REVIEW_REQUIRED,false,mofa-names-v1
126adf153bd520671b9de87b006de3863ebbbb907b1b3625168cdef117f4a794:UN:541,current_un,541,UN,,unknown,false,162,126adf153bd520671b9de87b006de3863ebbbb907b1b3625168cdef117f4a794,https://www.mofa.go.jp/mofaj/files/000015952.pdf,https://www.mofa.go.jp/mofaj/files/000015952.pdf#page=162,data/raw/mofa/126adf153bd520671b9de87b006de3863ebbbb907b1b3625168cdef117f4a794.pdf.gz,５４１． ※２０１７年８月２５日解除,HISTORICAL,REVIEW_REQUIRED,false,mofa-names-v1
126adf153bd520671b9de87b006de3863ebbbb907b1b3625168cdef117f4a794:UN:542,current_un,542,UN,,unknown,false,162,126adf153bd520671b9de87b006de3863ebbbb907b1b3625168cdef117f4a794,https://www.mofa.go.jp/mofaj/files/000015952.pdf,https://www.mofa.go.jp/mofaj/files/000015952.pdf#page=162,data/raw/mofa/126adf153bd520671b9de87b006de3863ebbbb907b1b3625168cdef117f4a794.pdf.gz,５４２． ※２０１１年２月１８日解除,HISTORICAL,REVIEW_REQUIRED,false,mofa-names-v1
126adf153bd520671b9de87b006de3863ebbbb907b1b3625168cdef117f4a794:UN:543,current_un,543,UN,,unknown,false,162,126adf153bd520671b9de87b006de3863ebbbb907b1b3625168cdef117f4a794,https://www.mofa.go.jp/mofaj/files/000015952.pdf,https://www.mofa.go.jp/mofaj/files/000015952.pdf#page=162,data/raw/mofa/126adf153bd520671b9de87b006de3863ebbbb907b1b3625168cdef117f4a794.pdf.gz,５４３． ※２０１１年２月１８日解除,HISTORICAL,REVIEW_REQUIRED,false,mofa-names-v1
126adf153bd520671b9de87b006de3863ebbbb907b1b3625168cdef117f4a794:UN:544,current_un,544,UN,,unknown,false,162,126adf153bd520671b9de87b006de3863ebbbb907b1b3625168cdef117f4a794,https://www.mofa.go.jp/mofaj/files/000015952.pdf,https://www.mofa.go.jp/mofaj/files/000015952.pdf#page=162,data/raw/mofa/126adf153bd520671b9de87b006de3863ebbbb907b1b3625168cdef117f4a794.pdf.gz,５４４． ※２０１１年２月１８日解除,HISTORICAL,REVIEW_REQUIRED,false,mofa-names-v1
126adf153bd520671b9de87b006de3863ebbbb907b1b3625168cdef117f4a794:UN:545,current_un,545,UN,,unknown,false,162,126adf153bd520671b9de87b006de3863ebbbb907b1b3625168cdef117f4a794,https://www.mofa.go.jp/mofaj/files/000015952.pdf,https://www.mofa.go.jp/mofaj/files/000015952.pdf#page=162,data/raw/mofa/126adf153bd520671b9de87b006de3863ebbbb907b1b3625168cdef117f4a794.pdf.gz,５４５． ※２０１７年４月２８日解除,HISTORICAL,REVIEW_REQUIRED,false,mofa-names-v1
126adf153bd520671b9de87b006de3863ebbbb907b1b3625168cdef117f4a794:UN:546,current_un,546,UN,,unknown,false,162,126adf153bd520671b9de87b006de3863ebbbb907b1b3625168cdef117f4a794,https://www.mofa.go.jp/mofaj/files/000015952.pdf,https://www.mofa.go.jp/mofaj/files/000015952.pdf#page=162,data/raw/mofa/126adf153bd520671b9de87b006de3863ebbbb907b1b3625168cdef117f4a794.pdf.gz,５４６． ※２０１６年７月５日解除,HISTORICAL,REVIEW_REQUIRED,false,mofa-names-v1
126adf153bd520671b9de87b006de3863ebbbb907b1b3625168cdef117f4a794:UN:547,current_un,547,UN,QDi.261,person,true,162,126adf153bd520671b9de87b006de3863ebbbb907b1b3625168cdef117f4a794,https://www.mofa.go.jp/mofaj/files/000015952.pdf,https://www.mofa.go.jp/mofaj/files/000015952.pdf#page=162,data/raw/mofa/126adf153bd520671b9de87b006de3863ebbbb907b1b3625168cdef117f4a794.pdf.gz,"５４７．アデム・ユルマズ
ADEM YILMAZ
国連参照番号：QDi.261
生年月日：1978/11/４
出生地：Bayburt, Turkey
確定に十分でない別名：タルハ
Talha
国籍：トルコ
Türkiye
旅券番号：トルコ旅券 TR-P 614 166 （２００６年３月２２日フランクフルトにあるトルコ
総領事館が発行、２００９年９月１５日失効）
住所等： Südliche Ringstrasse 133, 63225 Langen, Germany（以前の住所）; Atalar
Neighborhood Aslı Street 24/5, 34860 Kartal, Istanbul Türkiye； Atalar Mahallesi,
Atalar mahallesi aslı sokak no 24/5, 34862 Kartal İstanbul, Türkiye
リスト掲載日：２００８年１０月２７日（２０１１年１２月１３日、２０１９年１２月６日、２０２３
年10月30日、12月14日及び2026年８月１３日に改訂）
その他の情報：イスラミック・ジハード・ユニオン（ＩＪＵ）、別称イスラミック・ジハード・グ
ループ（４６３．に指定した団体）と関係がある。２０１９年２月にドイツからトルコに追放
された。２０２３年１１月時点で司法手続がなされている。２０１０年６月時点でドイツに
おいて拘留されている。国連安全保障理事会決議第２３６８号（２０１７年）に基づく見
直しは２０１９年１２月４日に終了した。国連安全保障理事会決議第２６１０号（２０２１
年）に基づく見直しは２０２３年１０月３０日に終了した。同人に対するインターポール
（国際刑事警察機構）・国連安全保障理事会特別手配書のウェブ・リンク：
https://www.interpol.int/en/How-we-work/Notices/View-UN-Notices-Individuals",EXTRACTED,REVIEW_REQUIRED,false,mofa-names-v1
126adf153bd520671b9de87b006de3863ebbbb907b1b3625168cdef117f4a794:UN:548,current_un,548,UN,,person,true,163,126adf153bd520671b9de87b006de3863ebbbb907b1b3625168cdef117f4a794,https://www.mofa.go.jp/mofaj/files/000015952.pdf,https://www.mofa.go.jp/mofaj/files/000015952.pdf#page=163,data/raw/mofa/126adf153bd520671b9de87b006de3863ebbbb907b1b3625168cdef117f4a794.pdf.gz,"５４８．ルドゥアン・エル・ハブハブ（別名：アブデルラフマン)REDOUANE EL HABHAB
(a.k.a.: Abdelrahman)
称号：不明
役職：不明
生年月日：１９６９年１２月２０日
出生地：Casablanca, Morocco
国籍：(a)ドイツ (b)モロッコ
旅券番号：ドイツ旅券 1005552350 （２００１年３月２７日ドイツのキール（Kiel）市当局
が発行、２０１１年３月２６日失効）
ＩＤ番号：ドイツ連邦ＩＤカード 1007850441 （２００１年３月２７日ドイツのキール（Kiel）
市当局が発行、２０１１年３月２６日失効）
住所：Iltisstrasse 58, 24143 Kiel, Germany（以前の住所）
国連制裁委員会による指定日：２００８年１１月１２日（２００９年１月３０日、３月２４日、
２０１２年１１月１５日及び２０２１年１２月２９日に改訂）
その他の情報：２０１２年４月にドイツにおいて服役後、釈放された。国連安全保障理
事会決議第２３６８号（２０１７年）に基づく見直しは２０２１年１１月１５日に終了した。
同人に対するインターポール（国際刑事警察機構）・国連安全保障理事会特別手配
書のウェブ・リンク ：https://www.interpol.int/en/How-we-work/Notices/View-UN-
Notices-Individuals",EXTRACTED,REVIEW_REQUIRED,false,mofa-names-v1
126adf153bd520671b9de87b006de3863ebbbb907b1b3625168cdef117f4a794:UN:549,current_un,549,UN,,person,true,163;164,126adf153bd520671b9de87b006de3863ebbbb907b1b3625168cdef117f4a794,https://www.mofa.go.jp/mofaj/files/000015952.pdf,https://www.mofa.go.jp/mofaj/files/000015952.pdf#page=163,data/raw/mofa/126adf153bd520671b9de87b006de3863ebbbb907b1b3625168cdef117f4a794.pdf.gz,"５４９．ハフィーズ・ムハンマド・サイード（別名：(a)ハフィーズ・モハンマド・サーヒブ(b)
ハフィーズ・モハンマド・サイード(c)ハフィーズ・ムハンマド(d)ハフィーズ・サイード(e)ハ
フィーズ・モハンマド・サイード(f)ハフィーズ・モハンマド・サイード(g)タタ・モハンマド・サ
イード(h)モハンマド・サイード(i)ムハンマド・サイード(j)ハフィーズ・ジィー)
HAFIZ MUHAMMAD SAEED (a.k.a.: (a)Hafiz Mohammad Sahib (b)Hafiz Mohammad
Sayid (c)Hafiz Muhammad (d)Hafiz Saeed (e)Hafez Mohammad Saeed (f)Hafiz
Mohammad Sayeed (g)Tata Mohammad Syeed (h)Mohammad Sayed (i)Muhammad
Saeed (j)Hafiz Ji)
称号：不明
役職：不明
生年月日：１９５０年６月５日
出生地：Sargodha, Punjab, Pakistan
国籍：パキスタン 旅券番号：不明
ＩＤ番号：パキスタン国民ＩＤ番号 3520025509842-7
住所：House No. 116E, Mohalla Johar, Lahore, Tehsil, Lahore City, Lahore District,
Pakistan（２００８年５月現在の居住地）
国連制裁委員会による指定日：２００８年１２月１０日（２００９年７月１７日、２０２３年１
２月１９日及び 2024 年２月７日に改訂）
その他の情報：ラシュカレ・タイバ（４５９．に指定した団体）の指導者。７件のテロ資金
供与に関する有罪判決を受け、２０２０年２月１２日に７８年の懲役刑に処され、パキ
スタン政府に拘留されている。国連安全保障理事会決議第２６１０号（２０２１年）に基
づく見直しは２０２３年１０月３０日に終了した。同人に対するインターポール（国際刑
事 警 察 機 構 ） ・ 国 連 安 全 保 障 理 事 会 特 別 手 配 書 の ウ ェ ブ ・ リ ン ク ：
https://www.interpol.int/en/How-we-work/Notices/View-UN-Notices-Individuals",EXTRACTED,REVIEW_REQUIRED,false,mofa-names-v1
126adf153bd520671b9de87b006de3863ebbbb907b1b3625168cdef117f4a794:UN:550,current_un,550,UN,,person,true,164,126adf153bd520671b9de87b006de3863ebbbb907b1b3625168cdef117f4a794,https://www.mofa.go.jp/mofaj/files/000015952.pdf,https://www.mofa.go.jp/mofaj/files/000015952.pdf#page=164,data/raw/mofa/126adf153bd520671b9de87b006de3863ebbbb907b1b3625168cdef117f4a794.pdf.gz,"５５０．ザキ・ウル・ラフマン・ラクヴィー（別名：(a)ザキール・ラフマン・ラクヴィー(b)ザ
キ・ウル・ラフマン・ラクヴィー(c)ザキ・ウル・ラフマン(d)ザキール・ラフマン(e)アブ・ワヒ
ード・イルシャド・アフマド・アルシャド(f)チャチャジー)
ZAKI-UR-REHMAN LAKHVI
(a.k.a.: (a)Zakir Rehman Lakvi (b)Zaki Ur-Rehman Lakvi(c)Kaki Ur-Rehman (d)Zakir
Rehman (e)Abu Waheed Irshad Ahmad Arshad (f)Chachajee)
称号：不明
役職：不明
生年月日：１９６０年１２月３０日
出生地：Okara, Pakistan
国籍：パキスタン
旅券番号：不明
ＩＤ番号：パキスタン国民ＩＤ番号 61101-9618232-1
住所：(a)Barahkoh, P.O. DO, Tehsil and District Islamabad, Pakistan（２００８年５月現
在の居住地） (b)Chak No. 18/IL, Rinala Khurd, Tehsil Rinala Khurd, District Okara,
Pakistan（以前の居住地）
国連制裁委員会による指定日：２００８年１２月１０日（２０１９年５月１日及び２０２３年
３月１５日に改訂）
その他の情報：ラシュカレ・タイバ（４５９．に指定した団体）の作戦本部長。国連安全
保障理事会決議第２２５３号（２０１５年）に基づく見直しは２０１９年２月２１日に終了し
た。国連安全保障理事会決議第２６１０号（２０２１年）に基づく見直しは２０２２年１１月
８日に終了した。同人に対するインターポール（国際刑事警察機構）・国連安全保障
理 事 会 特 別 手 配 書 の ウ ェ ブ ・ リ ン ク ： https://www.interpol.int/en/How-we-
work/Notices/View-UN-Notices-Individuals",EXTRACTED,REVIEW_REQUIRED,false,mofa-names-v1
126adf153bd520671b9de87b006de3863ebbbb907b1b3625168cdef117f4a794:UN:551,current_un,551,UN,,person,true,164;165,126adf153bd520671b9de87b006de3863ebbbb907b1b3625168cdef117f4a794,https://www.mofa.go.jp/mofaj/files/000015952.pdf,https://www.mofa.go.jp/mofaj/files/000015952.pdf#page=164,data/raw/mofa/126adf153bd520671b9de87b006de3863ebbbb907b1b3625168cdef117f4a794.pdf.gz,"５５１．ハッジ・ムハンマド・アシュラフ（別名：(a)ハッジ・Ｍ・アシュラフ(b)ムハンマド・ア
シュラフ・マンシャフ(c)ムハンマド・アシュラフ・ムンシャ)
HAJI MUHAMMAD ASHRAF
(a.k.a.: (a)Haji M. Ashraf (b)Muhammad Ashraf Manshah c)Muhammad Ashraf Munsha)
称号：不明
役職：不明
生年月日：(a)１９６５年３月１日 (b)１９５５年
出生地：Faisalabad, Pakistan
国籍：パキスタン
旅券番号：(a)パキスタン旅券 AT0712501（２００８年３月１２日に発行、２０１３年３月１
１日に失効）(b)パキスタン旅券 A-374184
ＩＤ番号： (a)パキスタン国民ＩＤ番号 6110125312507 (b)パキスタン国民ＩＤ番号
24492025390
住所：不明
国連制裁委員会による指定日：２００８年１２月１０日（２００９年７月１７日、２０１３年７
月２４日、２０１９年５月１日及び２０２３年３月１５日に改訂）
その他の情報：ラシュカレ・タイバ（４５９．に指定した団体）の財務責任者。父の名前
は Noor Muhammad。国連安全保障理事会決議第２２５３号（２０１５年）に基づく見直
しは２０１９年２月２１日に終了した。国連安全保障理事会決議第２６１０号（２０２１年）
に基づく見直しは２０２２年１１月８日に終了した。同人に対するインターポール（国際
刑 事 警 察 機 構 ） ・ 国 連 安 全 保 障 理 事 会 特 別 手 配 書 の ウ ェ ブ ・ リ ン ク ：
https://www.interpol.int/en/How-we-work/Notices/View-UN-Notices-Individuals",EXTRACTED,REVIEW_REQUIRED,false,mofa-names-v1
126adf153bd520671b9de87b006de3863ebbbb907b1b3625168cdef117f4a794:UN:552,current_un,552,UN,,person,true,165,126adf153bd520671b9de87b006de3863ebbbb907b1b3625168cdef117f4a794,https://www.mofa.go.jp/mofaj/files/000015952.pdf,https://www.mofa.go.jp/mofaj/files/000015952.pdf#page=165,data/raw/mofa/126adf153bd520671b9de87b006de3863ebbbb907b1b3625168cdef117f4a794.pdf.gz,"５５２．マフムード・モハンマド・アフメド・バハズィーク（別名：(a)バハズィーク・マフムー
ド(b)アブ・アブド・アル・アジーズ(c)アブ・アブドゥル・アジーズ(d)シャイク・サーヒブ)
MAHMOUD MOHAMMAD AHMED BAHAZIQ
(a.k.a.: (a)Bahaziq Mahmoud (b)Abu Abd al-‘Aziz (c)Abu Abdul Aziz (d)Shaykh Sahib)
称号：不明
役職：不明
生年月日：(a)１９４３年８月１７日 (b)１９４３年 (c)１９４４年
出生地：インド
国籍：サウジアラビア
旅券番号：不明
ＩＤ番号：サウジアラビア国民ＩＤ番号 4-6032-0048-1
住所：サウジアラビア
国連制裁委員会による指定日：２００８年１２月１０日（２０１９年５月１日、２０２３年２月
２日及び３月１５日に改訂）
その他の情報：ラシュカレ・タイバ（４５９．に指定した団体）の資金調達に携わる。サ
ウジアラビアにおいてラシュカレ・タイバの指導者を務めた。国連安全保障理事会決
議第２２５３号（２０１５年）に基づく見直しは２０１９年２月２１日に終了した。国連安全
保障理事会決議第２６１０号（２０２１年）に基づく見直しは２０２２年１１月８日に終了し
た。同人に対するインターポール（国際刑事警察機構）・国連安全保障理事会特別手
配書のウェブ・リンク：https://www.interpol.int/en/How-we-work/Notices/View-UN-
Notices-Individuals",EXTRACTED,REVIEW_REQUIRED,false,mofa-names-v1
126adf153bd520671b9de87b006de3863ebbbb907b1b3625168cdef117f4a794:UN:553,current_un,553,UN,,unknown,false,165,126adf153bd520671b9de87b006de3863ebbbb907b1b3625168cdef117f4a794,https://www.mofa.go.jp/mofaj/files/000015952.pdf,https://www.mofa.go.jp/mofaj/files/000015952.pdf#page=165,data/raw/mofa/126adf153bd520671b9de87b006de3863ebbbb907b1b3625168cdef117f4a794.pdf.gz,５５３． ※２０１２年５月３０日解除,HISTORICAL,REVIEW_REQUIRED,false,mofa-names-v1
126adf153bd520671b9de87b006de3863ebbbb907b1b3625168cdef117f4a794:UN:554,current_un,554,UN,,person,true,165;166,126adf153bd520671b9de87b006de3863ebbbb907b1b3625168cdef117f4a794,https://www.mofa.go.jp/mofaj/files/000015952.pdf,https://www.mofa.go.jp/mofaj/files/000015952.pdf#page=165,data/raw/mofa/126adf153bd520671b9de87b006de3863ebbbb907b1b3625168cdef117f4a794.pdf.gz,"５５４．アブドゥル・ハック（別名：(a)マイマイティミン・マイマイティー(b)アブドゥル・ヘック
(c)アブドゥ・ハケ(d)アブドゥル・ヘック・ジュンドゥッラー(e)アブドゥル・ハック(f)メメティミ
ン・メメティー(g)メメティミン・アクシム(h)メメティミン・ケケマン(i)マイユマイティミン・マイ
マイティー(j)アブドゥル・サイマイティー(k)ムハンマド・アフメド・ハーリク(l)マイマイティ
ー・イマーン(m)ムヘーリシ(n)ケルマン(o)サーイフディング）
ABDUL HAQ
(a.k.a.: (a)Maimaitiming Maimaiti (b)Abdul Heq (c)Abudu Hake (d)Abdul Heq Jundullah
(e)’Abd Al-Haq (f)Memetiming Memeti (g)Memetiming Aximu (h)Memetiming Qekeman
(i)Maiumaitimin Maimaiti (j)Abdul Saimaiti (k)Muhammad Ahmed Khaliq(l)Maimaiti Iman
(m)Muhelisi (n)Qerman (o)Saifuding)
称号：不明
役職：不明
生年月日：１９７１年１０月１０日 出生地：Hetian Area, Xinjiang Uighur Autonomous
Region, China
国籍：中国
旅券番号：不明
ＩＤ番号：中国国民ＩＤカード 653225197110100533
住所：(a)アフガニスタン（現在の所在地、２０１６年７月時点）(b)パキスタン（過去の所
在地、２００９年４月時点）
国連制裁委員会による指定日：２００９年４月１５日（２０１１年１２月１３日、２０１７年６
月２０日、２０２０年１１月２４日及び２０２５年３月１１日に改訂）
その他の情報：東トルキスタン・イスラム運動（３２４．に指定した団体）の全般的な指
導者及び司令官。この団体の資金及び要員の調達に関与している。国連安全保障
理事会決議第２３６８号（２０１７年）に基づく見直しは２０２０年１１月２４日に終了した。
写真はインターポール（国際刑事警察機構）･国連安全保障理事会特別手配書に含
まれているものを利用可能。同人に対するインターポール（国際刑事警察機構）・国
連安全保障理事会特別手配書のウェブ・リンク： https://www.interpol.int/en/How-
we-work/Notices/View-UN-Notices-Individuals",EXTRACTED,REVIEW_REQUIRED,false,mofa-names-v1
126adf153bd520671b9de87b006de3863ebbbb907b1b3625168cdef117f4a794:UN:555,current_un,555,UN,,unknown,false,166,126adf153bd520671b9de87b006de3863ebbbb907b1b3625168cdef117f4a794,https://www.mofa.go.jp/mofaj/files/000015952.pdf,https://www.mofa.go.jp/mofaj/files/000015952.pdf#page=166,data/raw/mofa/126adf153bd520671b9de87b006de3863ebbbb907b1b3625168cdef117f4a794.pdf.gz,５５５． ※２０１２年９月２８日解除,HISTORICAL,REVIEW_REQUIRED,false,mofa-names-v1
126adf153bd520671b9de87b006de3863ebbbb907b1b3625168cdef117f4a794:UN:556,current_un,556,UN,,unknown,false,166,126adf153bd520671b9de87b006de3863ebbbb907b1b3625168cdef117f4a794,https://www.mofa.go.jp/mofaj/files/000015952.pdf,https://www.mofa.go.jp/mofaj/files/000015952.pdf#page=166,data/raw/mofa/126adf153bd520671b9de87b006de3863ebbbb907b1b3625168cdef117f4a794.pdf.gz,５５６． ※２０１４年２月６日解除,HISTORICAL,REVIEW_REQUIRED,false,mofa-names-v1
126adf153bd520671b9de87b006de3863ebbbb907b1b3625168cdef117f4a794:UN:557,current_un,557,UN,,person,true,166;167,126adf153bd520671b9de87b006de3863ebbbb907b1b3625168cdef117f4a794,https://www.mofa.go.jp/mofaj/files/000015952.pdf,https://www.mofa.go.jp/mofaj/files/000015952.pdf#page=166,data/raw/mofa/126adf153bd520671b9de87b006de3863ebbbb907b1b3625168cdef117f4a794.pdf.gz,"５５７．アリフ・カスマニ
（別名：(a)ムハンマド・アリフ・カスマニ(b)ムハンマド・アリフ・カスマニ(c)モハンマド・ア
リフ・カスマニ(d)アリフ・ウマル(e)カスマニ・バーバ(f)メモン・バーバ(g)バーバ・ジィー)
ARIF QASMANI
(a.k.a.: (a)Muhammad Arif Qasmani (b)Muhammad ‘Arif Qasmani (c)Mohammad Arif
Qasmani (d)Arif Umer (e)Qasmani Baba (f)Memon Baba (g)Baba Ji)
称号：不明
役職：不明
生年月日：１９４４年頃
出生地：パキスタン
国籍：パキスタン
旅券番号：不明
ＩＤ番号：不明
住所：House Number 136, KDA Scheme No. 1, Tipu Sultan Road, Karachi, Pakistan
国連制裁委員会による指定日：２００９年６月２９日（２０１９年５月１日及び２０２３年３
月１５日に改訂）
その他の情報：ラシュカレ・タイバ（４５９．に指定した団体）及びアル・カーイダ（１６６．
に指定した団体）と関係がある。２００９年６月時点で拘留されている。国連安全保障
理事会決議第２２５３号（２０１５年）に基づく見直しは２０１９年２月２１日に終了した。
国連安全保障理事会決議第２６１０号（２０２１年）に基づく見直しは２０２２年１１月８
日に終了した。同人に対するインターポール（国際刑事警察機構）・国連安全保障理
事 会 特 別 手 配 書 の ウ ェ ブ ・ リ ン ク ： https://www.interpol.int/en/How-we-
work/Notices/View-UN-Notices-Individuals",EXTRACTED,REVIEW_REQUIRED,false,mofa-names-v1
126adf153bd520671b9de87b006de3863ebbbb907b1b3625168cdef117f4a794:UN:558,current_un,558,UN,,person,true,167,126adf153bd520671b9de87b006de3863ebbbb907b1b3625168cdef117f4a794,https://www.mofa.go.jp/mofaj/files/000015952.pdf,https://www.mofa.go.jp/mofaj/files/000015952.pdf#page=167,data/raw/mofa/126adf153bd520671b9de87b006de3863ebbbb907b1b3625168cdef117f4a794.pdf.gz,"５５８．モハンメド・ヤフヤ・ムジャヒド
（別名：モハンマド・ヤフヤ・アジーズ)
MOHAMMED YAHYA MUJAHID
(a.k.a.: Mohammad Yahya Aziz)
称号：不明
役職：不明
生年月日：１９６１年３月１２日
出生地：Lahore, Punjab Province, Pakistan
国籍：パキスタン
旅券番号：不明
ＩＤ番号：パキスタン国民ＩＤ番号 35404-1577309-9
住所：不明
国連制裁委員会による指定日：２００９年６月２９日（２０１９年５月１日及び２０２３年３
月１５日に改訂）
その他の情報：ラシュカレ・タイバ（４５９．に指定した団体）と関係がある。２００９年６
月時点で拘留されている。国連安全保障理事会決議第２２５３号（２０１５年）に基づく
見直しは２０１９年２月２１日に終了した。国連安全保障理事会決議第２６１０号（２０２
１年）に基づく見直しは２０２２年１１月８日に終了した。同人に対するインターポール
（国際刑事警察機構）・国連安全保障理事会特別手配書のウェブ・リンク：
https://www.interpol.int/en/How-we-work/Notices/View-UN-Notices-Individuals",EXTRACTED,REVIEW_REQUIRED,false,mofa-names-v1
126adf153bd520671b9de87b006de3863ebbbb907b1b3625168cdef117f4a794:UN:559,current_un,559,UN,,person,true,167;168,126adf153bd520671b9de87b006de3863ebbbb907b1b3625168cdef117f4a794,https://www.mofa.go.jp/mofaj/files/000015952.pdf,https://www.mofa.go.jp/mofaj/files/000015952.pdf#page=167,data/raw/mofa/126adf153bd520671b9de87b006de3863ebbbb907b1b3625168cdef117f4a794.pdf.gz,"５５９．ファジーラトゥル・シャイク・アブ・モハンメド・アミーン・アルペシャワリ
（別名：(a)シャイク・アミヌッラー(b)シェイク・アミヌッラー(c)アブ・モハンマド・アミヌッラ
ー・ペシャワリ(d)アブ・モハンマド・アミン・ビシャウリー(e)アブ・モハンマド・シャイク・ア
ミヌッラー・アルビシャウリー(f)シャイク・アブ・モハンメド・アミーン・アルペシャワリ(g)シ
ャイク・アミヌッラー・アルペシャワリ)
FAZEEL-A-TUL SHAYKH ABU MOHAMMED AMEEN AL-PESHAWARI
(a.k.a.:(a)Shaykh Aminullah (b)Sheik Aminullah (c)Abu Mohammad Aminullah Peshawari
(d)Abu Mohammad Amin Bishawri (e)Abu Mohammad Shaykh Aminullah Al-Bishauri
(f)Shaykh Abu Mohammed Ameen al-Peshawari (g)Shaykh
Aminullah Al-Peshawari)
称号：不明
役職：不明
生年月日：(a)１９６７年頃 (b)１９６１年頃 (c)１９７３年頃
出生地：Shunkrai village, Sarakani District, Konar Province, Afghanistan
国籍：アフガニスタン
旅券番号：不明
ＩＤ番号：不明
住所：Ganj District, Peshawar, Pakistan
国連制裁委員会による指定日：２００９年６月２９日（２０１３年７月２４日、２０１９年５月
１日及び２０２３年３月１５日に改訂）
その他の情報：アル・カーイダ（１６６．に指定した団体）と関係がある。Ganj Gate,
Phandu Road, Peshawar, Pakistan にあるガンジ･マドラサ(Ganj Madrasa) （別名：
(a)Madrasa Jamia Taleemul Quran wal Hadith (b)Madrasa Taleemul Quran wal Sunnah）
の長。国連安全保障理事会決議第２２５３号（２０１５年）に基づく見直しは２０１９年２
月２１日に終了した。国連安全保障理事会決議第２６１０号（２０２１年）に基づく見直し
は２０２２年１１月８日に終了した。同人に対するインターポール（国際刑事警察機
構 ） ・ 国 連 安 全 保 障 理 事 会 特 別 手 配 書 の ウ ェ ブ ・ リ ン ク ：
https://www.interpol.int/en/How-we-work/Notices/View-UN-Notices-Individuals",EXTRACTED,REVIEW_REQUIRED,false,mofa-names-v1
126adf153bd520671b9de87b006de3863ebbbb907b1b3625168cdef117f4a794:UN:560,current_un,560,UN,,unknown,false,168,126adf153bd520671b9de87b006de3863ebbbb907b1b3625168cdef117f4a794,https://www.mofa.go.jp/mofaj/files/000015952.pdf,https://www.mofa.go.jp/mofaj/files/000015952.pdf#page=168,data/raw/mofa/126adf153bd520671b9de87b006de3863ebbbb907b1b3625168cdef117f4a794.pdf.gz,５６０． ※２０１６年１０月１１日解除,HISTORICAL,REVIEW_REQUIRED,false,mofa-names-v1
126adf153bd520671b9de87b006de3863ebbbb907b1b3625168cdef117f4a794:UN:561,current_un,561,UN,,unknown,false,168,126adf153bd520671b9de87b006de3863ebbbb907b1b3625168cdef117f4a794,https://www.mofa.go.jp/mofaj/files/000015952.pdf,https://www.mofa.go.jp/mofaj/files/000015952.pdf#page=168,data/raw/mofa/126adf153bd520671b9de87b006de3863ebbbb907b1b3625168cdef117f4a794.pdf.gz,５６１． ※２０１５年３月２７日解除,HISTORICAL,REVIEW_REQUIRED,false,mofa-names-v1
126adf153bd520671b9de87b006de3863ebbbb907b1b3625168cdef117f4a794:UN:562,current_un,562,UN,QDe.129,entity,true,168;169,126adf153bd520671b9de87b006de3863ebbbb907b1b3625168cdef117f4a794,https://www.mofa.go.jp/mofaj/files/000015952.pdf,https://www.mofa.go.jp/mofaj/files/000015952.pdf#page=168,data/raw/mofa/126adf153bd520671b9de87b006de3863ebbbb907b1b3625168cdef117f4a794.pdf.gz,"５６２．アラビア半島のアル・カーイダ(AQAP)
AL-QAIDA IN THE ARABIAN PENINSULA (AQAP)
(original script： برعلا ةريزج يف ةدعاقلا)
国連参照番号：QDe.129
別称：アラビア半島の聖戦アル・カーイダ組織； タンジーム・カーイダト・アル・ジハー
ド・フィ・ジャジラート・アル・アラブ； アラビア半島のアル・カーイダ組織(AQAP)； 南ア
ラビア半島のアル・カーイダ； アンサール・アル・シャリア（ＡＡＳ）
Al-Qaida of Jihad Organization in the Arabian Peninsula; Tanzim Qa’idat al-Jihad fi
Jazirat al-Arab; Al-Qaida Organization in the Arabian Peninsula (AQAP); Al-Qaida in
the South Arabian Peninsula; Ansar al-Shari’a (AAS)
旧称：イエメンのアル・カーイダ（ＡＱＹ）
Al-Qaida in Yemen (AQY)
リスト掲載日：2010 年１月 19 日（2012 年 10 月４日、2015 年６月 15 日、2016 年６月
24 日、2021 年 11 月 15 日及び 2026 年８月 18 日に改訂）
その他の情報：国連安全保障理事会決議に基づく見直しは 2021 年 11 月 15 日、2025
年 12 月 31 日に終了した。ＡＱＡＰは、アル・カーイダ（166．に指定した団体）の地域支
部で、主にアラビア半島で活動する武装組織。イエメン及び（2004 年から 2006 年まで
は）サウジアラビアに拠点を置く。2009 年１月に「イエメンのアル・カーイダ」にサウジ
アラビアのアル・カーイダ要員が合流して結成された。ＡＱＡＰの指導者はサード・ビ
ン・アテフ・アル・アウラキ（Sa'ad bin Atef al-Awlaki）である。アンサール・アル・シャリ
アは 2011 年初期にＡＱＡＰによって組織され、イエメンにおける政府及び民間人の両
方に対する多発攻撃に関して責任を有する。同団体に対するインターポール（国際刑
事 警 察 機 構 ） ・ 国 連 安 全 保 障 理 事 会 特 別 手 配 書 の ウ ェ ブ ・ リ ン ク ：
https://www.interpol.int/en/How-we-work/Notices/View-UN-Notices-Entities",REVIEW_REQUIRED,REVIEW_REQUIRED,false,mofa-names-v1
126adf153bd520671b9de87b006de3863ebbbb907b1b3625168cdef117f4a794:UN:563,current_un,563,UN,,person,true,169,126adf153bd520671b9de87b006de3863ebbbb907b1b3625168cdef117f4a794,https://www.mofa.go.jp/mofaj/files/000015952.pdf,https://www.mofa.go.jp/mofaj/files/000015952.pdf#page=169,data/raw/mofa/126adf153bd520671b9de87b006de3863ebbbb907b1b3625168cdef117f4a794.pdf.gz,"５６３．アクラム・トゥルキー・ハーシム・アル・マジーダ
（別名：(a)アクラム・トゥルキー・アル・ハーシム(b)アブ・ジャラ(c)アブ・アクラム)
AKRAM TURKI HISHAN AL-MAZIDIH
(original script: هديزملا مشاه يكرت مركأ)
(a.k.a.: (a)Akram Turki Al-Hishan (b)Abu Jarrah (c)Abu Akram)
称号：不明
役職：不明
生年月日：(a)１９７４年 (b)１９７５年
出生地：不明
国籍：不明
旅券番号：不明
ＩＤ番号：不明
住所：(a)Deir ez-Zor Governorate, Syrian Arab Republic (b)Iraq
国連制裁委員会による指定日：２０１０年３月１１日（２０１５年１２月１０日、２０１６年１
月１５日、２０１９年５月１日及び２０２３年３月１５日に改訂）
その他の情報：生年月日は１９７９年である可能性もある。ガーズィー・フィーザー・ハ
ーシム・アル・マジーダ（５６４．に指定した個人）の従兄弟。２０１５年時点で、イラクの
アル・カーイダ(４５３．に指定した団体)としてリストに掲載されている ISIL(いわゆる「イ
スラム国」)の資金調達を担っている。国連安全保障理事会決議第２２５３号（２０１５
年）に基づく見直しは２０１９年２月２１日に終了した。国連安全保障理事会決議第２６
１０号（２０２１年）に基づく見直しは２０２２年１１月８日に終了した。同人に対するイン
ターポール（国際刑事警察機構）・国連安全保障理事会特別手配書のウェブ・リンク：
https://www.interpol.int/en/How-we-work/Notices/View-UN-Notices-Individuals",REVIEW_REQUIRED,REVIEW_REQUIRED,false,mofa-names-v1
126adf153bd520671b9de87b006de3863ebbbb907b1b3625168cdef117f4a794:UN:564,current_un,564,UN,,person,true,170,126adf153bd520671b9de87b006de3863ebbbb907b1b3625168cdef117f4a794,https://www.mofa.go.jp/mofaj/files/000015952.pdf,https://www.mofa.go.jp/mofaj/files/000015952.pdf#page=170,data/raw/mofa/126adf153bd520671b9de87b006de3863ebbbb907b1b3625168cdef117f4a794.pdf.gz,"５６４．ガーズィー・フィーザー・ハーシム・アル・マジーダ
（別名：(a)ガーズィー・フェザー・ハーシム(b)ムシャーリー・アブド・アジーズ・サーレフ・
シュラーシュ(c)アブ・ファイサル(d)アブ・ガーズィー)
GHAZY FEZZA HISHAN AL-MAZIDIH
(original script: هديزملا مشاه ازیف يزاغ)
(a.k.a.: (a)Ghazy Fezzaa Hishan (b)Mushari Abd Aziz Saleh Shlash (c)Abu Faysal (d)Abu
Ghazzy)
称号：不明
役職：不明
生年月日：(a)１９７４年 (b)１９７５年
出生地：不明
国籍：不明
旅券番号：不明
ＩＤ番号：不明
住所：(a)Syrian Arab Republic (b)Iraq
国連制裁委員会による指定日：２０１０年３月１１日（２０１５年１２月１０日、２０１９年５
月１日及び２０２３年３月１５日に改訂）
その他の情報：アクラム・トゥルキー・ハーシム・アル・マジーダ（５６３．に指定した個
人）の従兄弟。２０１５年時点でイラクのアル・カーイダ(４５３．に指定した団体)としてリ
ストに掲載されている ISIL(いわゆる「イスラム国」)のテロ攻撃の計画者。国連安全保
障理事会決議第２２５３号（２０１５年）に基づく見直しは２０１９年２月２１日に終了し
た。国連安全保障理事会決議第２６１０号（２０２１年）に基づく見直しは２０２２年１１月
８日に終了した。同人に対するインターポール（国際刑事警察機構）・国連安全保障
理 事 会 特 別 手 配 書 の ウ ェ ブ ・ リ ン ク ： https://www.interpol.int/en/How-we-
work/Notices/View-UN-Notices-Individuals",REVIEW_REQUIRED,REVIEW_REQUIRED,false,mofa-names-v1
126adf153bd520671b9de87b006de3863ebbbb907b1b3625168cdef117f4a794:UN:565,current_un,565,UN,,person,true,170;171,126adf153bd520671b9de87b006de3863ebbbb907b1b3625168cdef117f4a794,https://www.mofa.go.jp/mofaj/files/000015952.pdf,https://www.mofa.go.jp/mofaj/files/000015952.pdf#page=170,data/raw/mofa/126adf153bd520671b9de87b006de3863ebbbb907b1b3625168cdef117f4a794.pdf.gz,"５６５．ムサンナー・ハーリス・サルマーン・アル・ダーリー（別名：(a)ドクター・ムサンナ
ー・アル・ダーリー(b)ムサンナー・ハーリス・アル・ダーリー(c)ムサンナー・ハーリス・ス
ライマーン・ア ル・ダーリー(d)ムサンナー・ハーリス・スライマーン・アル・ダーリー(e)
ムサンナー・ハ ーリス・アル・ダーリー(f)ムサンナー・ハーリス・アル・ダーリー(g)ドク
ター・ムサンナー・ ハーリス・スライマーン・アル・ダーリー・アル・ゾバイ(h)ムサンナ
ー・ハーリス・スライマーン・アル・ダーリー・アル・ゾバイ(i)ムサンナー・ハーリス・スラ
イマーン・アル・ダーリー・アル・ゾバイ(j)ムサンナー・ハーリス・アル・ダーリー(k)ムサ
ンナー・ハーリス・アル・ダーリー(l)ドクター・ムサンナー・アル・ダーリー(m)ドクター・ム
サンナー・ハーリス・アル・ダーリー・アル・ゾバイ)
MUTHANNA HARITH SALMAN AL-DARI
(original script:يراضلا ناملس ثراح ىنثم )
(a.k.a.: (a)Dr. Muthanna Al Dari (b)Muthana Harith Al Dari (c)Muthanna Harith Sulayman
Al-Dari (d)Muthanna Harith Sulayman Al-Dhari (e)Muthanna Hareth Al Dhari
(f)Muthana Haris Al-Dhari (g)Doctor Muthanna Harith Sulayman Al Dari Al Zawba’
(h)Muthanna Harith Sulayman Al-Dari Al-Zobai (i)Muthanna Harith Sulayman Al-Dari
al-Zawba’i (j)Muthanna Hareth al-Dari (k)Muthana Haris al-Dari (l)Doctor Muthanna
al-Dari (m)Dr. Muthanna Harith al-Dari al-Zowbai)
称号：Doctor （ドクター）
役職：不明
生年月日：１９６９年６月１６日
出生地：イラク
国籍：イラク
旅券番号：不明
ＩＤ番号：配給カード番号 1729765
住所：(a)Amman, Jordan (b)Khan Dari, Iraq（過去の住所） (c)Asas Village, Abu
Ghurayb, Iraq（過去の住所） (d)Egypt（過去の住所）
国連制裁委員会による指定日：２０１０年３月２５日（２０１５年１２月１０日、２０１９年１
２月６日、2024 年２月７日及び１２月２日に改訂）
その他の情報：母親の名前は Heba Khamis Dari。父親の名前は Harith bin Salman
Al-Dari bin Mahmud al-Shammari。イラクのアル・カーイダ(４５３．に指定した団体)とし
てリストに掲載されている ISIL(いわゆる「イスラム国」)に対して、または、これを支援
して、作戦上の指導、資金援助及びその他の貢献を行った。イラク・ムスリム・ウラマ
ー協会の政治部門の長。石油の密輸に関与している。イラク治安部隊の指名手配を
受けている。写真はインターポール（国際刑事警察機構）･国連安全保障理事会特別
手配書に含まれているものを利用可能。国連安全保障理事会決議第２３６８号（２０１
７年）に基づく見直しは２０１９年１２月４日に終了した。国連安全保障理事会決議第２
６１０号（２０２１年）に基づく見直しは２０２３年１０月３０日に終了した。同人に対するイ
ンターポール（国際刑事警察機構） ・ 国連安全保障理事会特別手配書のウェブ・リ
ン ク ： https://www.interpol.int/en/How-we-work/Notices/View-UN-Notices-
Individuals",REVIEW_REQUIRED,REVIEW_REQUIRED,false,mofa-names-v1
126adf153bd520671b9de87b006de3863ebbbb907b1b3625168cdef117f4a794:UN:566,current_un,566,UN,,person,true,171;172,126adf153bd520671b9de87b006de3863ebbbb907b1b3625168cdef117f4a794,https://www.mofa.go.jp/mofaj/files/000015952.pdf,https://www.mofa.go.jp/mofaj/files/000015952.pdf#page=171,data/raw/mofa/126adf153bd520671b9de87b006de3863ebbbb907b1b3625168cdef117f4a794.pdf.gz,"５６６．モハメド・ベルカラーム（別名：(a)アブドゥルアリー・アブー・ジル(b)エル・ハラー
シー）
MOHAMED BELKALEM (original script: ملاكلب دمحم)
(a.k.a.: (a)Abdelali Abou Dher (رذ وبا يلاعلا دبع) (b)El Harrachi(يشارحلا))
称号：不明
役職：不明
生年月日：１９６９年１２月１９日
出生地：Hussein Dey, Algiers, Algeria
国籍：アルジェリア
旅券番号：不明
ＩＤ番号：不明
住所：(a)マリ (b)Cité Djenane Mabrouk, Algiers, Algeria
国連制裁委員会による指定日：２０１０年４月２２日（２０１４年４月１５日、２０１９年１２
月６日、２０２３年１２月１４日及び 2024 年２月７日に改訂）
その他の情報：２０２３年１１月時点でジャマーア・ヌスラ・アル・イスラーム・ワ・アル・
ムスリミン（７７０．に指定した団体）のメンバーと報告されている。１９９６年３月２８日
アルジェリアの裁判所において本人不在のまま有罪判決を受けた。アルジェリア国ア
ルジェのシディー・モハメッド（Sidi Mhamed）裁判所が発出した２００９年６月６日付け
のアルジェリア国際逮捕令状の番号は 03/09。マリ官憲に提出されたアルジェリアの
２００９年９月３日付け犯罪人引き渡し要請の番号は 2307/09。父の名前は Ali
Belkalem。母の名前は Fatma Saadoudi。イスラム・マグレブ諸国のアル・カーイダ組織
（１７３．に指定した団体）の一員。国連安全保障理事会決議第２３６８号（２０１７年）に
基づく見直しは２０１９年１２月４日に終了した。国連安全保障理事会決議第２６１０号
（２０２１年）に基づく見直しは２０２３年１０月３０日に終了した。写真及び指紋はインタ
ーポール（国際刑事警察機構）･国連安全保障理事会特別手配書に含まれているも
のを利用可能。同人に対するインターポール（国際刑事警察機構）・国連安全保障理
事 会 特 別 手 配 書 の ウ ェ ブ ・ リ ン ク ： https://www.interpol.int/en/How-we-
work/Notices/View-UN-Notices-Individuals",REVIEW_REQUIRED,REVIEW_REQUIRED,false,mofa-names-v1
126adf153bd520671b9de87b006de3863ebbbb907b1b3625168cdef117f4a794:UN:567,current_un,567,UN,,person,true,172;173,126adf153bd520671b9de87b006de3863ebbbb907b1b3625168cdef117f4a794,https://www.mofa.go.jp/mofaj/files/000015952.pdf,https://www.mofa.go.jp/mofaj/files/000015952.pdf#page=172,data/raw/mofa/126adf153bd520671b9de87b006de3863ebbbb907b1b3625168cdef117f4a794.pdf.gz,"５６７．タイイブ・ナーイル（別名：(a)ジャアファル・アブー・モハメド(b)アブー・ムハージ
ル(c)モハメド・オールド・アフメド・オールド・アリー（１９７６年出生））
TAYEB NAIL (original scipt: ليان بیطلا)
(a.k.a.: (a)Djaafar Abou Mohamed (دمحم وبا رفعج) (b)Abou Mouhadjir(رجاهم وبا) (c)Mohamed
Ould Ahmed Ould Ali, born in 1976)
称号：不明
役職：不明
生年月日：１９７２年頃
出生地：Faidh El Batma, Djelfa, Algeria
国籍：アルジェリア
旅券番号：不明
ＩＤ番号：不明
住所：(a)マリ (b)Cité Feradj Lakhdar, Merine, Sidi Bel Abbes, Algeria
国連制裁委員会による指定日：２０１０年４月２２日（２０１４年４月１５日、２０１９年１２
月６日、２０２３年１２月１４日及び 2024 年２月７日に改訂）
その他の情報：２０２３年１１月時点でジャマーア・ヌスラ・アル・イスラーム・ワ・アル・
ムスリミン（７７０．に指定した団体） のメンバーと報告されている。１９９６年３月２８日
アルジェリアの裁判所において本人不在のまま有罪判決を受けた。アルジェリア国ア
ルジェのシディー・モハメッド（Sidi Mhamed）裁判所が発出した２００９年６月６日付け
のアルジェリア国際逮捕令状の番号は 04/09。マリ官憲に提出されたアルジェリアの
２００９年９月３日付け犯罪人引き渡し要請の番号は 2307/09。父の名前は Benazouz
Nail。母の名前は Belkheiri Oum El Kheir。イスラム・マグレブ諸国のアル・カーイダ組
織（１７３．に指定した団体）の一員。写真及び指紋はインターポール（国際刑事警察
機構）･国連安全保障理事会特別手配書に含まれているものを利用可能。 国連安全
保障理事会決議第２３６８号（２０１７年）に基づく見直しは２０１９年１２月４日に終了し
た。国連安全保障理事会決議第２６１０号（２０２１年）に基づく見直しは２０２３年１０月
３０日に終了した。同人に対するインターポール（国際刑事警察機構）・国連安全保障
理 事 会 特 別 手 配 書 の ウ ェ ブ ・ リ ン ク ： https://www.interpol.int/en/How-we-
work/Notices/View-UN-Notices-Individuals",REVIEW_REQUIRED,REVIEW_REQUIRED,false,mofa-names-v1
126adf153bd520671b9de87b006de3863ebbbb907b1b3625168cdef117f4a794:UN:568,current_un,568,UN,,unknown,false,173,126adf153bd520671b9de87b006de3863ebbbb907b1b3625168cdef117f4a794,https://www.mofa.go.jp/mofaj/files/000015952.pdf,https://www.mofa.go.jp/mofaj/files/000015952.pdf#page=173,data/raw/mofa/126adf153bd520671b9de87b006de3863ebbbb907b1b3625168cdef117f4a794.pdf.gz,５６８． ※２０１３年１０月３日解除,HISTORICAL,REVIEW_REQUIRED,false,mofa-names-v1
126adf153bd520671b9de87b006de3863ebbbb907b1b3625168cdef117f4a794:UN:569,current_un,569,UN,,person,true,173,126adf153bd520671b9de87b006de3863ebbbb907b1b3625168cdef117f4a794,https://www.mofa.go.jp/mofaj/files/000015952.pdf,https://www.mofa.go.jp/mofaj/files/000015952.pdf#page=173,data/raw/mofa/126adf153bd520671b9de87b006de3863ebbbb907b1b3625168cdef117f4a794.pdf.gz,"５６９．カーシム・モハメド・マフディ・アル・リーミー（別名：(a)
カーシム・アル・リーミー(b) カーシム・アル・ライミー(c)カーシム・アル・ライミー(d)カー
シム・アル・ラーミー(e)カー シム・モハンメド・マフディ・アル・レーミー(f)カーシム・モハ
ンマド・マフディ・アル・リーミー（g)カーシム・ヤヒヤ・マフディ・アブドル・リーミー（h)ア
ブ・フライラ・アル・サナーイ(i) アブ・アンマール(j)アブ・フライラ）
QASIM MOHAMED MAHDI AL-RIMI
(original script: يمیرلا يدھم دمحم م ساق)
(a.k.a.: (a)Qasim Al-Rimi (b)Qasim al-Raymi (c)Qassim al-Raymi (d)Qasim al-Rami
(e)Qasim Mohammed Mahdi Al Remi (f)Qassim Mohammad Mahdi Al Rimi (g)Qasim
Yahya Mahdi ‘Abd al-Rimi (h)Abu Hurayrah al-Sana’ai (i)Abu ‘Ammar(j)Abu Hurayrah)
称号：不明
役職：不明
生年月日：１９７８年６月５日
出生地：Raymah village, Sanaa Governorate (ةمیر), Yemen
国籍：イエメン
旅券番号：イエメン旅券 00344994（1999 年 7 月 3 日 Sanaa にて発行）
ＩＤ番号：イエメン国民 ID 番号 973406（1996 年 7 月 3 日発行）
住所：イエメン
国連制裁委員会による指定日：２０１０年５月１１日（２０１４年４月１５日、２０１６年６月
２４日、２０２０年１１月２４日及び２０２５年３月１１日に改訂）
その他の情報：母親の氏名はファティマ・ムサンナー・ヤヒヤ （Fatima Muthanna
Yahya）。写真はインターポール（国際刑事警察機構）・国連安全保障理事会特別手
配書に含まれている。２０１５年６月以降、アラビア半島のアル・カイーダ（５６２．に指
定した団体）の指導者であり、アイマン・アル・ザワヒリ（１５８．に指定した個人）に忠
誠を誓った。２０２０年２月の時点で、イエメンでの対テロ作戦にて死亡したと報告され
ている。国連安全保障理事会決議第２３６８号（２０１７年）に基づく見直し は２０２０年
１１月２４日に終了した。同人に対するインターポール（国際刑事警察機構） ・ 国 連
安 全 保 障 理 事 会 特 別 手 配 書 の ウ ェ ブ ・ リ ン ク ：
https://www.interpol.int/en/How-we-work/Notices/View-UN-Notices-Individuals",REVIEW_REQUIRED,REVIEW_REQUIRED,false,mofa-names-v1
126adf153bd520671b9de87b006de3863ebbbb907b1b3625168cdef117f4a794:UN:570,current_un,570,UN,,person,true,173;174,126adf153bd520671b9de87b006de3863ebbbb907b1b3625168cdef117f4a794,https://www.mofa.go.jp/mofaj/files/000015952.pdf,https://www.mofa.go.jp/mofaj/files/000015952.pdf#page=173,data/raw/mofa/126adf153bd520671b9de87b006de3863ebbbb907b1b3625168cdef117f4a794.pdf.gz,"５７０．アミール・アブドゥッラー（別名：アミール・アブドゥッラー・サヒーブ）
AMIR ABDULLAH (a.k.a.: Amir Abdullah Sahib)
称号：不明
役職：Former Kandahar Province Deputy Taliban Governor （カンダハール州前副知
事）
生年月日：１９７２年頃
出生地：Paktika Province, Afghanistan
国籍：アフガニスタン
旅券番号：不明
ＩＤ番号：不明
住所：Karachi, Pakistan
国連制裁委員会による指定日：２０１０年７月２０日（２０１１年１１月２９日に改訂）
その他の情報：タリバーンの資金を調達するためにクウェート、サウジアラビア、リビ
ア及びアラブ首長国連邦に赴いた。アブドゥル・ガニ・バラダール・アブドゥル・アフマ
ド・トゥルク（２４．に指定した個人）の財務担当者。アフガニスタンとパキスタンの国境
地帯にいると思われている。",EXTRACTED,REVIEW_REQUIRED,false,mofa-names-v1
126adf153bd520671b9de87b006de3863ebbbb907b1b3625168cdef117f4a794:UN:571,current_un,571,UN,,person,true,174,126adf153bd520671b9de87b006de3863ebbbb907b1b3625168cdef117f4a794,https://www.mofa.go.jp/mofaj/files/000015952.pdf,https://www.mofa.go.jp/mofaj/files/000015952.pdf#page=174,data/raw/mofa/126adf153bd520671b9de87b006de3863ebbbb907b1b3625168cdef117f4a794.pdf.gz,"５７１．ナーセルッディーン・ハッカーニ（別名：(a)アリム・ガイール博士(b)ナスィール・
ハッカーニ(c)ナスィール・ハッカーニ博士(d)ナッシール・ハッカーニ(e)ナシール・ハッ
カーニ(f)ナーセルッディーン）
NASIRUDDIN HAQQANI (a.k.a.: (a)Dr. Alim Ghair (b)Naseer Haqqani (c)Dr. Naseer
Haqqani (d)Nassir Haqqani (e)Nashir Haqqani (f)Naseruddin)
称号：不明
役職：不明
生年月日：１９７０-１９７３年頃
出生地：Neka District, Paktika Province, Afghanistan
国籍：アフガニスタン
旅券番号：不明
ＩＤ番号：不明
住所：パキスタン
国連制裁委員会による指定日：２０１０年７月２０日（２０１１年７月２９日、２０１２年５月
１８日、２０１３年６月２７日及び２０１４年２月１１日に改訂）
その他の情報：パキスタンの連邦直轄部族地域（Federally Administered Tribal
Areas）にある北ワジリスタン（North Waziristan）を拠点に活動するハッカーニ・ネットワ
ーク（Haqqani Network）（６２６．に指定した団体）の指導者。ジャラルッディーン・ハッ
カーニ（４０．に指定した個人）の息子。タリバーンへ資金を調達するためにサウジアラ
ビアとアラブ首長国連邦を訪問した。２０１３年時点で死亡したと報告されている。",EXTRACTED,REVIEW_REQUIRED,false,mofa-names-v1
126adf153bd520671b9de87b006de3863ebbbb907b1b3625168cdef117f4a794:UN:572,current_un,572,UN,TAi.147,person,true,174;175,126adf153bd520671b9de87b006de3863ebbbb907b1b3625168cdef117f4a794,https://www.mofa.go.jp/mofaj/files/000015952.pdf,https://www.mofa.go.jp/mofaj/files/000015952.pdf#page=174,data/raw/mofa/126adf153bd520671b9de87b006de3863ebbbb907b1b3625168cdef117f4a794.pdf.gz,"５７２．グル・アーガー・イシャークザイ
GUL AGHA ISHAKZAI
(original script:یزقاحسا اغآ لكُ )
国連参照番号：TAi.147
生年月日：1972 年頃; 1976/7/27
出生地：Band-e-Temur, Maiwand District, Kandahar Province, Afghanistan
別名：ムラー・グル・アーガー; ムラー・グル・アーガー・アフンド; ヒダーヤトゥッラー・
バドリー; ヘダーヤトゥッラ・ヘダヤット; ヘダーヤトゥッラ・バドリー
Mullah Gul Agha; Mullah Gul Agha Akhund; Hidayatullah Badri; Hedayatullah Hedayat;
Hedayatullah Badri
(original script: يردب الله تیاده)
確定に十分でない別名：ヒダーヤトゥッラー; ハッジ・ヒダーヤトゥッラー; ハヤダトゥッ
ラー
Hidayatullah; Haji Hidayatullah; Hayadatullah
国籍：アフガニスタン
Afghanistan
旅券番号：アフガニスタン外交旅券 D0010408（2024 年 8 月 26 日にアフガニスタン・
カブールで発行、氏名の英字表記：Hedayatullah Badri、氏名のアラビア語表記：
يردب الله تیاده、
2029 年 8 月 26 日に失効）; アフガニスタン旅券 P03318995（2020 年 7 月 29 日発
行、氏名の英字表記：Hedayatullah Hedayat、2025 年 7 月 29 日に失効); アフガニス
タン外交旅券 D0010006（2022 年 9 月 28 日にアフガニスタン・カブールで発行、2027
年 9 月 28 日に失効）
住所等：Ibni-Sina Watt, Kabul, Afghanistan
リスト掲載日：2010 年 7 月 20 日（2011 年 11 月 29 日、2013 年 12 月 31 日、2026 年
3 月 10 日、4 月 13 日及び 7 月 30 日に改訂）
その他の情報：2013 年中期時点でタリバーン財務委員長。ムラー・モハンメド・オマ
ル（4.に指定した個人）と関係がある。オマルの主要な財務官であり、最も緊密なアド
バイザーの一人。Ishaqzai 部族に属する。身長は 156cm。写真はインターポール（国
際刑事警察機構）・国連安全保障理事会特別手配書に含まれているものを利用可
能。同人に対するインターポール（国際刑事警察機構）・国連安全保障理事会特別
手配書のウェブ・リンク：https://www.interpol.int/en/How-we-work/Notices/View-
UN-Notices-Individuals",REVIEW_REQUIRED,REVIEW_REQUIRED,false,mofa-names-v1
126adf153bd520671b9de87b006de3863ebbbb907b1b3625168cdef117f4a794:UN:573,current_un,573,UN,,person,true,175;176,126adf153bd520671b9de87b006de3863ebbbb907b1b3625168cdef117f4a794,https://www.mofa.go.jp/mofaj/files/000015952.pdf,https://www.mofa.go.jp/mofaj/files/000015952.pdf#page=175,data/raw/mofa/126adf153bd520671b9de87b006de3863ebbbb907b1b3625168cdef117f4a794.pdf.gz,"５７３．アンワル・ナーセル・アブドゥッラー・アル・アウラキ
（別名：(a)アンワル・アル・アウラキ(b)アンワル・アル・アウラキ(c)アンワル・アル・アウ
ラキ(d)アンワル・ナーセル・アウラキ(e)アンワル・ナーセル・アブドゥッラー・アウラキ(f)
アンワル・ナーセル・アブドゥッラー・アウラキ）
ANWAR NASSER ABDULLA AL-AULAQI
(original script: يقلوعلا اللهدبع رصان رونا）
(a.k.a.: (a)Anwar al-Aulaqi (b)Anwar al-Awlaki (c)Anwar al-Awlaqi (d)Anwar Nasser
Aulaqi (e)Anwar Nasser Abdullah Aulaqi (f)Anwar Nasser Abdulla Aulaqi)
称号：不明
役職：不明
生年月日：(a)１９７１年４月２１日 (b)１９７１年４月２２日
出生地：Las Cruces, New Mexico, United States of America
国籍：(a)米国 (b)イエメン
旅券番号：不明
ＩＤ番号：不明
住所：不明
国連制裁委員会による指定日：２０１０年７月２０日（２０１１年１１月３０日、２０１９年５
月１日、２０２１年１２月２９日及び２０２３年３月１５日に改訂）
その他の情報：２０１１年９月３０日、イエメンで死亡したことが確認された。国連安全
保障理事会決議第２２５３号（２０１５年）に基づく見直しは２０１９年２月２１日に終了し
た。国連安全保障理事会決議第２３６８号（２０１７年）に基づく見直しは２０２１年１１月
１５日に終了した。国連安全保障理事会決議第２６１０号（２０２１年）に基づく見直しは
２０２２年１１月８日に終了した。同人に対するインターポール（国際刑事警察機構）・
国連安全保障理事会特別手配書のウェブ・リンク：https://www.interpol.int/en/How-
we-work/Notices/View-UN-Notices-Individuals",REVIEW_REQUIRED,REVIEW_REQUIRED,false,mofa-names-v1
126adf153bd520671b9de87b006de3863ebbbb907b1b3625168cdef117f4a794:UN:574,current_un,574,UN,,unknown,false,176,126adf153bd520671b9de87b006de3863ebbbb907b1b3625168cdef117f4a794,https://www.mofa.go.jp/mofaj/files/000015952.pdf,https://www.mofa.go.jp/mofaj/files/000015952.pdf#page=176,data/raw/mofa/126adf153bd520671b9de87b006de3863ebbbb907b1b3625168cdef117f4a794.pdf.gz,５７４． ※２０１４年７月２３日解除,HISTORICAL,REVIEW_REQUIRED,false,mofa-names-v1
126adf153bd520671b9de87b006de3863ebbbb907b1b3625168cdef117f4a794:UN:575,current_un,575,UN,,entity,true,176,126adf153bd520671b9de87b006de3863ebbbb907b1b3625168cdef117f4a794,https://www.mofa.go.jp/mofaj/files/000015952.pdf,https://www.mofa.go.jp/mofaj/files/000015952.pdf#page=176,data/raw/mofa/126adf153bd520671b9de87b006de3863ebbbb907b1b3625168cdef117f4a794.pdf.gz,"５７５．ハルカトゥル・ジハーデ・イスラミ（別称：(a)エイチ・ユー・ジェイ・アイ(b)イスラム
聖戦運動(c)ハルカトゥル・ジハード・アル・イスラミ(d)ハルカト・アル・ジハード・ウル・イ
スラミ(e)ハルカトゥル・ジハード・アル・イスラミ(f)ハルカトゥル・ジハーデ・イスラミ）
（旧称：(a)ハルカトゥル・アンサール(b)エイチ・ユー・エー）
HARAKAT-UL JIHAD ISLAMI
(original script: تکرح داہجلا یملاسلاا)
(a.k.a.: (a)HUJI (b)Movement of Islamic Holy War (c)Harkat-ul-Jihad-al Islami
(d)Harkat-al-Jihad-ul Islami (e)Harkat-ul-Jehad-al-Islami (f)Harakat ul Jihad-e-
Islami)
(f.k.a.: (a)Harakat-ul-Ansar (b)HUA)
所在地：不明
国連制裁委員会による指定日：２０１０年８月６日（２０１１年１２月１３日及び２０２０年
１１月２４日に改訂）
その他の情報：１９８０年にアフガニスタンで創立された。１９９３年にハルカトゥル・ジ
ハーデ・イスラミはハルカトゥル・ムジャヒディン（１６９．に指定した団体）と合併してハ
ルカトゥル・アンサール（Harakat ul-Ansar）を結成した。１９９７年にハルカトゥル・ジハ
ーデ・イスラミはハルカトゥル・アンサールから分離して再び元の名称を使用し始め
た。インド、パキスタン及びアフガニスタンにおいて活動している。パキスタンにおいて
活動が禁止されている。国連安全保障理事会決議第２３６８号（２０１７年）に基づく見
直しは２０２０年１１月２４日に終了した。同団体に対するインターポール（国際刑事警
察機構）・国連安全保障理事会特別手配書のウェブ・リンク：
https://www.interpol.int/en/How-we-work/Notices/View-UN-Notices-Entities",REVIEW_REQUIRED,REVIEW_REQUIRED,false,mofa-names-v1
126adf153bd520671b9de87b006de3863ebbbb907b1b3625168cdef117f4a794:UN:576,current_un,576,UN,,unknown,false,176,126adf153bd520671b9de87b006de3863ebbbb907b1b3625168cdef117f4a794,https://www.mofa.go.jp/mofaj/files/000015952.pdf,https://www.mofa.go.jp/mofaj/files/000015952.pdf#page=176,data/raw/mofa/126adf153bd520671b9de87b006de3863ebbbb907b1b3625168cdef117f4a794.pdf.gz,５７６． ※２０１６年９月２４日解除,HISTORICAL,REVIEW_REQUIRED,false,mofa-names-v1
126adf153bd520671b9de87b006de3863ebbbb907b1b3625168cdef117f4a794:UN:577,current_un,577,UN,,unknown,false,177,126adf153bd520671b9de87b006de3863ebbbb907b1b3625168cdef117f4a794,https://www.mofa.go.jp/mofaj/files/000015952.pdf,https://www.mofa.go.jp/mofaj/files/000015952.pdf#page=177,data/raw/mofa/126adf153bd520671b9de87b006de3863ebbbb907b1b3625168cdef117f4a794.pdf.gz,５７７． ※２０１５年３月２７日解除,HISTORICAL,REVIEW_REQUIRED,false,mofa-names-v1
126adf153bd520671b9de87b006de3863ebbbb907b1b3625168cdef117f4a794:UN:578,current_un,578,UN,,unknown,false,177,126adf153bd520671b9de87b006de3863ebbbb907b1b3625168cdef117f4a794,https://www.mofa.go.jp/mofaj/files/000015952.pdf,https://www.mofa.go.jp/mofaj/files/000015952.pdf#page=177,data/raw/mofa/126adf153bd520671b9de87b006de3863ebbbb907b1b3625168cdef117f4a794.pdf.gz,５７８． ※２０１４年６月６日解除,HISTORICAL,REVIEW_REQUIRED,false,mofa-names-v1
126adf153bd520671b9de87b006de3863ebbbb907b1b3625168cdef117f4a794:UN:579,current_un,579,UN,,person,true,177,126adf153bd520671b9de87b006de3863ebbbb907b1b3625168cdef117f4a794,https://www.mofa.go.jp/mofaj/files/000015952.pdf,https://www.mofa.go.jp/mofaj/files/000015952.pdf#page=177,data/raw/mofa/126adf153bd520671b9de87b006de3863ebbbb907b1b3625168cdef117f4a794.pdf.gz,"５７９．アブドゥル・ハビーブ・アリーザイ（別名：(a)ハッジ・アーガー・ジャーン・アリーザ
イ(b)ハッジ・アーガー・ジャーン(c)アーガー・ジャーン・アラーザイ(d)ハッジ・ロイ・ラー
ラ(e)ロイ・アーガー(f)アブドゥル・ハビーブ(g)アーガー・ジャーン・アリーザイ(以前掲載
の氏名)）
ABDUL HABIB ALIZAI (a.k.a.: (a)Haji Agha Jan Alizai (b)Hajji Agha Jan (c)Agha Jan
Alazai (d)Haji Loi Lala (e)Loi Agha (f)Abdul Habib (g)Agha Jan Alizai (formerly listed
as))
称号：Haji （ハッジ）
役職：不明
生年月日：(a)１９６３年１０月１５日 (b)１９７３年２月１４日 (c)１９６７年 (d)１９５７年頃
出生地：(a)Yatimchai village, Musa Qala District, Helmand Province, Afghanistan
(b)Kandahar Province, Afghanistan
国籍：アフガニスタン
旅券番号：不明
ＩＤ番号：不明
住所：不明
国連制裁委員会による指定日：２０１０年１１月４日（２０１２年８月１３日、２０１３年１２
月３１日及び２０１４年２月１１日に改訂）
その他の情報：アフガニスタンのヘルマンド州で麻薬密売網を運営してきた。定期的
にパキスタンを訪れていた。",REVIEW_REQUIRED,REVIEW_REQUIRED,false,mofa-names-v1
126adf153bd520671b9de87b006de3863ebbbb907b1b3625168cdef117f4a794:UN:580,current_un,580,UN,,person,true,177;178,126adf153bd520671b9de87b006de3863ebbbb907b1b3625168cdef117f4a794,https://www.mofa.go.jp/mofaj/files/000015952.pdf,https://www.mofa.go.jp/mofaj/files/000015952.pdf#page=177,data/raw/mofa/126adf153bd520671b9de87b006de3863ebbbb907b1b3625168cdef117f4a794.pdf.gz,"５８０．サレー・モハンマド・カーカル・アフタール・ムハンマド（別名：サレー・モハンマ
ド）
SALEH MOHAMMAD KAKAR AKHTAR MUHAMMAD (a.k.a.: Saleh Mohammad)
称号：不明
役職：不明
生年月日：(a)１９６２年頃 (b)１９６１年
出生地：(a)Nalghan village, Panjwai District, Kandahar Province, Afghanistan
(b)Sangesar village, Panjway District, Kandahar Province, Afghanistan
国籍：アフガニスタン
旅券番号：不明
ＩＤ番号：不明
住所：Daman District, Kandahar Province, Afghanistan
国連制裁委員会による指定日：２０１０年１１月４日（２０１１年１１月２９日、２０１２年８
月１３日及び２０１３年１２月３１日に改訂）
その他の情報：アフガニスタンのカンダハール州及びヘルマンド州で密輸組織を運営
してきた。以前はアフガニスタンのカンダハール州のバンデ・チモール（Band-e-
Temur）でヘロイン加工所を経営していた。アフガニスタンのカンダハール州のMirwais
Mena, Dand Districtに自動車販売店を所有している。２０１４年２月にアフガニスタン
の刑務所から釈放された。ウバイドゥッラー・アフンド・ヤール・モハンマド・アフンド（２
２．に指定した個人）と婚姻関係を通じたつながりがある。Kakar部族に属する。",EXTRACTED,REVIEW_REQUIRED,false,mofa-names-v1
126adf153bd520671b9de87b006de3863ebbbb907b1b3625168cdef117f4a794:UN:581,current_un,581,UN,,unknown,false,178,126adf153bd520671b9de87b006de3863ebbbb907b1b3625168cdef117f4a794,https://www.mofa.go.jp/mofaj/files/000015952.pdf,https://www.mofa.go.jp/mofaj/files/000015952.pdf#page=178,data/raw/mofa/126adf153bd520671b9de87b006de3863ebbbb907b1b3625168cdef117f4a794.pdf.gz,５８１． ※２０１３年１２月１２日解除,HISTORICAL,REVIEW_REQUIRED,false,mofa-names-v1
126adf153bd520671b9de87b006de3863ebbbb907b1b3625168cdef117f4a794:UN:582,current_un,582,UN,TAi.150,person,true,178,126adf153bd520671b9de87b006de3863ebbbb907b1b3625168cdef117f4a794,https://www.mofa.go.jp/mofaj/files/000015952.pdf,https://www.mofa.go.jp/mofaj/files/000015952.pdf#page=178,data/raw/mofa/126adf153bd520671b9de87b006de3863ebbbb907b1b3625168cdef117f4a794.pdf.gz,"５８２. ハリール・アフメド・ハッカーニ
KHALIL AHMED HAQQANI
(original script: یناقح د محا لیلخ)
国連参照番号：TAi.150
称号： ハッジ
Haji
生年月日：1966/1/1; １９５８年から１９６４年までの間
出生地：Sarana Village, Garda Saray area, Waza Zadran District, Paktia Province,
Afghanistan
別名：ハリール・アル・ラフマン・ハッカーニ; ハリール・ウル・ラフマン・ハッカーニ;ハリ
ール・ハッカーニ
Khalil Al-Rahman Haqqani; Khalil ur Rahman Haqqani; Khaleel Haqqani
国籍：アフガニスタン
Afghanistan
住所等：Sarana Zadran Village, Paktia Province, Afghanistan
国連制裁委員会による指定日：２０１１年２月９日（２０１２年６月１日及び２０２６年４月
１５日に改訂）
その他の情報：アラブ首長国連邦のドバイに赴き資金を調達したことがある。ジャラル
ッディーン・ハッカーニ（４０．に指定した個人）の兄弟であり、シラージュッディーン・ジ
ャラールッディーン・ハッカーニ（５１７．に指定した個人）のおじである。２０２４年１２月
１１日に死亡したと報告されている。同人に対するインターポール（国際刑事警察機
構 ） ・ 国 連 安 全 保 障 理 事 会 特 別 手 配 書 の ウ ェ ブ ・ リ ン ク ：
https://www.interpol.int/en/How-we-work/Notices/View-UN-Notices-Individuals",REVIEW_REQUIRED,REVIEW_REQUIRED,false,mofa-names-v1
126adf153bd520671b9de87b006de3863ebbbb907b1b3625168cdef117f4a794:UN:583,current_un,583,UN,,person,true,178;179,126adf153bd520671b9de87b006de3863ebbbb907b1b3625168cdef117f4a794,https://www.mofa.go.jp/mofaj/files/000015952.pdf,https://www.mofa.go.jp/mofaj/files/000015952.pdf#page=178,data/raw/mofa/126adf153bd520671b9de87b006de3863ebbbb907b1b3625168cdef117f4a794.pdf.gz,"５８３．サイード・ジャーン・アブドゥッサラーム
（別名：(a)サイード・ジャーン・アブドゥッサラーム(b)ディラーワル・カーン・ザイン・カー
ン（１９７２年１月１日出生）(c)カジ・アブダッラー(d)カジ・アブドゥッラー(e)イブラヒム・ワ
リド(f)カシ・サイード・ジャーン(g)サイード・ジャーン(h)ファルハン・カーン(i)アジーズ・カ
イロ(j)ナンギーアリー)
SAID JAN ‘ABD AL-SALAM
(original script: ملاسلا دبع ناج دیعس)
(a.k.a.: (a)Sa'id Jan 'Abd-al-Salam (b)Dilawar Khan Zain Khan, born 1 Jan. 1972 (c)Qazi
'Abdallah (d)Qazi Abdullah (e)Ibrahim Walid (f)Qasi Sa'id Jan (g)Said Jhan (h)Farhan
Khan (i)Aziz Cairo (j)Nangiali)
称号：不明
役職：不明
生年月日：(a)１９８１年２月５日(b)１９７２年１月１日 出生地：不明
国籍：アフガニスタン
旅券番号：(a)アフガニスタン旅券 OR801168 （Said Jan ‘Abd al-Salam の名義で
2006 年 2 月 28 日に発行、2011 年 2 月 27 日に失効）(b)パキスタン旅券 4117921
（Dilawar Khan Zain Khan の名義で 2008 年 9 月 9 日に発行、2013 年 9 月 9 日に失
効）
ＩＤ番号：クウェート国民ＩＤ番号（Kuwaiti Civil Identification number） 281020505755
（Said Jan 'Abd al-Salam の名義）
住所：不明
国連制裁委員会による指定日：２０１１年２月９日（２０１９年５月１日、２０２３年３月１５
日及び１１月１４日に改訂）
その他の情報：２００５年頃にパキスタンにおいてアル・カーイダ（１６６．に指定した団
体）の「基礎訓練」キャンプを運営していた。国連安全保障理事会決議第２２５３号（２
０１５年）に基づく見直しは２０１９年２月２１日に終了した。国連安全保障理事会決議
第２６１０号（２０２１年）に基づく見直しは２０２２年１１月８日に終了した。同人に対す
るインターポール（国際刑事警察機構）・国連安全保障理事会特別手配書のウェブ・
リ ン ク ： https://www.interpol.int/en/How-we-work/Notices/View-UN-Notices-
Individuals",REVIEW_REQUIRED,REVIEW_REQUIRED,false,mofa-names-v1
126adf153bd520671b9de87b006de3863ebbbb907b1b3625168cdef117f4a794:UN:584,current_un,584,UN,,person,true,179;180,126adf153bd520671b9de87b006de3863ebbbb907b1b3625168cdef117f4a794,https://www.mofa.go.jp/mofaj/files/000015952.pdf,https://www.mofa.go.jp/mofaj/files/000015952.pdf#page=179,data/raw/mofa/126adf153bd520671b9de87b006de3863ebbbb907b1b3625168cdef117f4a794.pdf.gz,"５８４．ドク・ハマトヴィチ・ウマロフ （別名：(a)ロム・アリ・ブタエフ（ブタエフ）（1955 年
出生） （b）ドッカ・ウマロフ（1964 年 4 月 13 日出生） （c）ドッカ・ウマロフ（1965 年 4
月 13 日出生））
DOKU KHAMATOVICH UMAROV
(original script: Умаров Доку Хаматович） (a.k.a.: (a)Lom-ali
Butayev (Butaev), born in 1955 (b)Dokka Umarov, born on 13 April 1964 (c)Dokka
Umarov, born on 13 April 1965)
称号：不明
役職：不明
生年月日：（a）1964 年 4 月 13 日 （b）1965 年 4 月 13 日
（c）1964 年 5 月 12 日 （d）1955 年
出生地：Kharsenoy Village, Shatoyskiy (Sovetskiy)
District, Chechenskaya Respublika, Russian Federation
国籍：(a)ロシア (b)ソビエト社会主義共和国連邦（1991 年まで）
旅券番号：ロシア旅券 96 03 464086（2003 年 6 月 1 日発行）
ＩＤ番号：不明
住所：不明
国連制裁委員会による指定日：２０１１年３月１０日（２０１４年６月２日、２０１４年１２月
３０日、２０１９年５月１日及び２０２１年１２月２９日に改訂）
その他の情報：身体的情報：身長 180cm、黒髪、顔に 7-9cm の長い傷跡、舌の一部
が欠如、言語障害あり。2010 年 11 月時点でロシア連邦に居住している。2000 年に
国際逮捕令状が発出された。2014 年 4 月時点で死亡したと報告されている。インタ
ーポール特別手配書に生体情報が含まれている 。国連安全保障理事会決議第２
２５３号（２０１５年）に基づく見直しは２０１９年２月２１日に終了した。国連安全保障理
事会決議第２３６８号（２０１７年）に基づく見直しは２０２１年１１月１５日に終了した。
同人に対するインターポール（国際刑事警察機構）・国連安全保障理事会特別手配
書のウェブ・リンク：https://www.interpol.int/en/How-we-work/Notices/View-UN-
Notices-Individuals",REVIEW_REQUIRED,REVIEW_REQUIRED,false,mofa-names-v1
126adf153bd520671b9de87b006de3863ebbbb907b1b3625168cdef117f4a794:UN:585,current_un,585,UN,QDi.291,person,true,180;181,126adf153bd520671b9de87b006de3863ebbbb907b1b3625168cdef117f4a794,https://www.mofa.go.jp/mofaj/files/000015952.pdf,https://www.mofa.go.jp/mofaj/files/000015952.pdf#page=180,data/raw/mofa/126adf153bd520671b9de87b006de3863ebbbb907b1b3625168cdef117f4a794.pdf.gz,"５８５．イブラヒーム・ハッサン・ターリ・アル・アシーリ
IBRAHIM HASSAN TALI AL-ASIRI
(original script: يریسعلا علاط نسح میهاربإ)
国連参照番号：QDi.291
生年月日：1982/４/19; 1982/４/18; 1402/６/24（ヒジュラ暦）
出生地：Riyadh, Saudi Arabia
別名：イブラヒーム・ハッサン・ターリ・アシーリ； イブラヒーム・ハサン・ターリア・アシ
ーリ； イブラヒーム・ハッサン・アル・アシーリ； イブラヒーム・ハサン・ターリ・アシー
リ； イブラヒーム・ハッサン・ターリ・アシーリ； イブラヒーム・ハサン・ターリア・アシー
リ； イブラヒーム・ハサン・ターリ・アル・アシーリ； イブラヒーム・アル・アシーリ； イブ
ラヒーム・ハッサン・アル・アシーリ
Ibrahim Hassan Tali Asiri (يریسع علاط نسح میهاربإ); Ibrahim Hasan Talea Aseeri; Ibrahim
Hassan al-Asiri; Ibrahim Hasan Tali Asiri; Ibrahim Hassan Tali Assiri; Ibrahim Hasan
Tali'A 'Asiri; Ibrahim Hasan Tali al-'Asiri; Ibrahim al-'Asiri; Ibrahim Hassan Al Asiri
確定に十分でない別名：アブ・サーレフ； アボッサラー； アブ・サラーフ
Abu Saleh; Abosslah; Abu-Salaah
国籍：サウジアラビア
Saudi Arabia
旅券番号：サウジアラビア旅券 F654645（2005 年４月 30 日発行、2010 年３月７日失
効、ヒジュラ暦では、1426 年６月 24 日発行、1431 年３月 21 日失効）
身分登録番号：サウジアラビア国民ＩＤ番号 1028745097
住所等：Yemen
リスト掲載日：2011 年３月 24 日（2014 年４月 15 日、2015 年６月 15 日、2018 年５月９
日、2021 年 11 月 15 日、2022 年 11 月８日、2023 年２月２日及び 2026 年８月 18 日
に改訂）
その他の情報：国連安全保障理事会決議に基づく見直しは 2021 年 11 月 15 日、2022
年 11 月８日、2025 年 12 月 31 日に終了した。「アラビア半島のアル・カーイダ」（AQAP）
（562．に指定した団体）の作戦実施及び爆弾製造の主要担当者。2017 年に死亡した
と報告されている。ナーセル・アブドルカリーム・アブドゥッラー・アル・ワヒーシー（故
人）、カーシム・モハメド・マフディ・アル・リーミー（569．に指定した個人）、アンワル・ナ
ーセル・アブドゥッラー・アル・アウラキ（573．に指定した個人）（故人）と関係がある。
同人に対するインターポール（国際刑事警察機構）・国連安全保障理事会特別手配
書のウェブ・リンク：https://www.interpol.int/en/How-we-work/Notices/View-UN-
Notices-Individuals",REVIEW_REQUIRED,REVIEW_REQUIRED,false,mofa-names-v1
126adf153bd520671b9de87b006de3863ebbbb907b1b3625168cdef117f4a794:UN:586,current_un,586,UN,,unknown,false,181,126adf153bd520671b9de87b006de3863ebbbb907b1b3625168cdef117f4a794,https://www.mofa.go.jp/mofaj/files/000015952.pdf,https://www.mofa.go.jp/mofaj/files/000015952.pdf#page=181,data/raw/mofa/126adf153bd520671b9de87b006de3863ebbbb907b1b3625168cdef117f4a794.pdf.gz,５８６． ※２０１３年１２月１２日解除,HISTORICAL,REVIEW_REQUIRED,false,mofa-names-v1
126adf153bd520671b9de87b006de3863ebbbb907b1b3625168cdef117f4a794:UN:587,current_un,587,UN,,person,true,181;182,126adf153bd520671b9de87b006de3863ebbbb907b1b3625168cdef117f4a794,https://www.mofa.go.jp/mofaj/files/000015952.pdf,https://www.mofa.go.jp/mofaj/files/000015952.pdf#page=181,data/raw/mofa/126adf153bd520671b9de87b006de3863ebbbb907b1b3625168cdef117f4a794.pdf.gz,"５８７．オスマン・アフメド・オスマン・アル・ガムディ（別名：(a)オスマン・アル・ガムディ、
１９７９年５月２７日にサウジアラビアで出生 (b)ウスマン・アル・ガムディ、１９７９年５
月２７日にサウジアラビアで出生 (c)ウスマン・アル・ガーミディ、１９７９年５月２７日に
サウジアラビアで出生 (d)オスマン・ビン・アフメド・ビン・オスマン・アルガムディ (e)
オスマン・アフメド・オスマン・アル・オマイラ、１９７３年にイエメンの Shabwa で出生、
イエメン国籍 (f)ウスマン・アフマド・ウスマン・アル・ガムディ (g)オスマン・アフメド・オ
スマン・アル・オミラ (h)アル・ウマイラ・アル・ガムディ (i)オスマン・ビン・アフメド・ビン・
オスマン）
OTHMAN AHMED OTHMAN AL-GHAMDI
(original script: نامثع دمحأ نامثع يدماغلا)
(a.k.a.: (a)Othman al-Ghamdi, born 27 May 1979 in Saudi Arabia (b)Uthman al-Ghamdi,
born 27 May 1979 in Saudi Arabia (c) Uthman al-Ghamidi, born 27 May 1979 in Saudi
Arabia (d)Othman bin Ahmed bin Othman Alghamdi (e)Othman Ahmed Othman Al
Omairah, born in 1973 in Shabwa, Yemen, nationality: Yemeni (f)Uthman Ahmad
Uthman al-Ghamdi (g)Othman Ahmed Othman al-Omirah (h)Al Umairah al-Ghamdi
(i)Othman Bin Ahmed Bin Othman)
称号：不明
役職：不明
生年月日：１９７９年５月２７日
出生地：サウジアラビア
国籍：サウジアラビア
旅券番号：不明
ＩＤ番号：サウジアラビア国民ＩＤカード 1089516791
住所：イエメン
国連制裁委員会による指定日：２０１１年６月１６日（２０１４年４月１５日及び２０２０年
１１月２４日に改訂）
その他の情報：アラビア半島のアル・カーイダ（５６２．に指定した団体）の作戦司令
官。アラビア半島のアル・カーイダの作戦実行及びイエメンでの活動のために、資金
調達、武器集積に関与。カーシム・モハメド・マフディ・アル・リーミー（５６９．に指定し
た個人）及びファハド・モハンメド・アフメド・アル・クソ（死亡）との関係があることで知ら
れる。父の名前はアフメド・オスマン・アル・オミラ(Ahmed Othman Al Omirah)。国連安
全保障理事会決議第２３６８号（２０１７年）に基づく見直しは２０２０年１１月２４日に終
了した。同人に対するインターポール（国際刑事警察機構）・国連安全保障理事会特
別 手 配 書 の ウ ェ ブ ・ リ ン ク ： https://www.interpol.int/en/How-we-
work/Notices/View-UN-Notices-Individuals",REVIEW_REQUIRED,REVIEW_REQUIRED,false,mofa-names-v1
126adf153bd520671b9de87b006de3863ebbbb907b1b3625168cdef117f4a794:UN:588,current_un,588,UN,,person,true,182,126adf153bd520671b9de87b006de3863ebbbb907b1b3625168cdef117f4a794,https://www.mofa.go.jp/mofaj/files/000015952.pdf,https://www.mofa.go.jp/mofaj/files/000015952.pdf#page=182,data/raw/mofa/126adf153bd520671b9de87b006de3863ebbbb907b1b3625168cdef117f4a794.pdf.gz,"５８８．アブドゥル・ラヒーム・バアイシール（別名：(a)アブドゥル・ラヒーム・バシール(b)
アブド・アル・ラヒーム・バアシール(c)アブド・アル・ラヒーム・バシール(d)アブドッラヒー
ム・バアシール(e)アブドッラヒーム・バシール(f)アブドゥル・ラチーム・バアシール(g)ア
ブドゥル・ラチーム・バシール(h)アブドゥル・ロチーム・バアシール(i)アブドゥル・ロチー
ム・バシール(j)アブドロチーム・バアシール(k)アブドロチーム・バシール(l)アブドッロチ
ーム・バアシール(m)アブドッロチーム・バシール(n)アブドッラフマン・バアシール(o)ア
ブドッラフマン・バシール）
ABDUL RAHIM BA’AYSIR (a.k.a.:(a) Abdul Rahim Bashir (b) ‘Abd Al-Rahim Ba’asyir
(c) ‘Abd Al-Rahim Bashir (d)Abdurrahim Ba’asyir (e)Abdurrahim Bashir (f)Abdul
Rachim Ba’asyir (g)Abdul Rachim Bashir (h)Abdul Rochim Ba’asyir (i)Abdul Rochim
Bashir (j)Abdurochim Ba’asyir (k)Abdurochim Bashir (l)Abdurrochim Ba’asyir
(m)Abdurrochim Bashir (n)Abdurrahman Ba’asyir (o)Abdurrahman Bashir)
称号：不明
役職：不明
生年月日：(a)１９７７年１１月１６日 (b)１９７４年１１月１６日
出生地：(a)Solo, Indonesia (b)Sukoharjo, Central Java, Indonesia
国籍：インドネシア
旅券番号：不明
ＩＤ番号：不明
住所：インドネシア
国連制裁委員会による指定日：２０１１年７月１９日（２０２０年１１月２４日に改訂）
その他の情報：ジュマ・イスラミーヤ（３３２．に指定した団体）の上級幹部。父の名前
はアブ・バカール・バアシール（４９８．に指定した個人）。国連安全保障理事会決議第
２３６８号（２０１７年）に基づく見直しは２０２０年１１月２４日に終了した。同人に対する
インターポール（国際刑事警察機構）・国連安全保障理事会特別手配書のウェブ・リ
ン ク ： https://www.interpol.int/en/How-we-work/Notices/View-UN-Notices-
Individuals",EXTRACTED,REVIEW_REQUIRED,false,mofa-names-v1
126adf153bd520671b9de87b006de3863ebbbb907b1b3625168cdef117f4a794:UN:589,current_un,589,UN,QDi.294,person,true,182;183,126adf153bd520671b9de87b006de3863ebbbb907b1b3625168cdef117f4a794,https://www.mofa.go.jp/mofaj/files/000015952.pdf,https://www.mofa.go.jp/mofaj/files/000015952.pdf#page=182,data/raw/mofa/126adf153bd520671b9de87b006de3863ebbbb907b1b3625168cdef117f4a794.pdf.gz,"５８９．ウマル・パテク
UMAR PATEK
国連参照番号：QDi.294
生年月日：1966/７/20
出生地：Central Java, Indonesia
別名：オマル・パテク； マイク・アルサラン； ヒシャム・ビン・ゼイン； アニス・アラウィ・
ジャファール
Omar Patek; Mike Arsalan; Hisyam Bin Zein; Anis Alawi Jafar
確定に十分でない別名：パアテク； パク・テク； ウマル・ケシル； アル・アブ・シェク・
アル・ザキー； ウマンギス・マイク
Pa'tek; Pak Taek; Umar Kecil; Al Abu Syekh Al Zacky; Umangis Mike
国籍：インドネシア
Indonesia
住所等：Indonesia
リスト掲載日：2011年７月19日（2012年２月23日、2017年９月22日、2021年11月15日
及び2026年８月18日に改訂）
その他の情報：国連安全保障理事会決議に基づく見直しは 2021 年 11 月 15 日、2025
年 12 月 31 日に終了した。フィリピン及びインドネシアにおける多発テロ攻撃の計画
及び資金調達に関与したジュマ・イスラミーヤ（332．に指定した団体）の上級メンバー。
アブ・サヤフ（167．に指定した団体）へ訓練を提供した。2012 年６月に、2002 年のバ
リ島爆弾テロ事件における同人の役割に対して有罪判決を受け、20 年の拘禁刑を言
い渡された。2022 年に仮釈放され、2025 年後半時点で、インドネシア・スラバヤにお
いてビジネスを展開している。同人に対するインターポール（国際刑事警察機構）・国
連安全保障理事会特別手配書のウェブ・リンク：https://www.interpol.int/en/How-
we-work/Notices/View-UN-Notices-Individuals に写真が含まれている。",EXTRACTED,REVIEW_REQUIRED,false,mofa-names-v1
126adf153bd520671b9de87b006de3863ebbbb907b1b3625168cdef117f4a794:UN:590,current_un,590,UN,,entity,true,183,126adf153bd520671b9de87b006de3863ebbbb907b1b3625168cdef117f4a794,https://www.mofa.go.jp/mofaj/files/000015952.pdf,https://www.mofa.go.jp/mofaj/files/000015952.pdf#page=183,data/raw/mofa/126adf153bd520671b9de87b006de3863ebbbb907b1b3625168cdef117f4a794.pdf.gz,"５９０．コーカサス首長国
EMARAT KAVKAZ
(original script: Эмират Кавказ)
所在地：不明
国連制裁委員会による指定日：２０１１年７月２９日（２０２０年１１月２４日に改訂）
その他の情報：主にロシア、アフガニスタン及びパキスタンで活動。ドク・ハマトヴィチ・
ウマロフ（５８４．に指定した個人）に率いられる。国連安全保障理事会決議第２３６８
号（２０１７年）に基づく見直しは２０２０年１１月２４日に終了した。同団体に対するイン
ターポール（国際刑事警察機構）・国連安全保障理事会特別手配書のウェブ・リンク：
https://www.interpol.int/en/How-we-work/Notices/View-UN-Notices-Entities",EXTRACTED,REVIEW_REQUIRED,false,mofa-names-v1
126adf153bd520671b9de87b006de3863ebbbb907b1b3625168cdef117f4a794:UN:591,current_un,591,UN,,entity,true,183;184,126adf153bd520671b9de87b006de3863ebbbb907b1b3625168cdef117f4a794,https://www.mofa.go.jp/mofaj/files/000015952.pdf,https://www.mofa.go.jp/mofaj/files/000015952.pdf#page=183,data/raw/mofa/126adf153bd520671b9de87b006de3863ebbbb907b1b3625168cdef117f4a794.pdf.gz,"５９１．パキスタン・タリバーン運動（別名：(a)テフリキ・タリバーン・パキスタン (b)テフリ
ケ・タリバーン (c)パキスタニ・タリバーン (d)テフリーケ・タリバーン）
TEHRIK-E TALIBAN PAKISTAN (TTP)
(original script: کيرحت نابلاط ناتسکاپ)
(a.k.a.:(a)Tehrik-I-Taliban Pakistan (b) Tehrik-e-Taliban (c)Pakistani Taliban
(d)Tehreek-e-Taliban)
旧称：不明
所在地：不明
国連制裁委員会による指定日：２０１１年７月２９日（２０１５年６月１５日及び２０２０年
１１月２４日に改訂）
その他の情報：パキスタン・タリバーン運動は、アフガニスタン・パキスタン国境沿いの
部族地域に拠点を置いている。２００７年に組織され、指導者はマウラナ・ファズルッラ
ー（６９１．に指定した個人）。国連安全保障理事会決議第２３６８号（２０１７年）に基づ
く見直しは２０２０年１１月２４日に終了した。同団体に対するインターポール（国際刑
事 警 察 機 構 ） ・ 国 連 安 全 保 障 理 事 会 特 別 手 配 書 の ウ ェ ブ ・ リ ン ク ：
https://www.interpol.int/en/How-we-work/Notices/View-UN-Notices-Entities",REVIEW_REQUIRED,REVIEW_REQUIRED,false,mofa-names-v1
126adf153bd520671b9de87b006de3863ebbbb907b1b3625168cdef117f4a794:UN:592,current_un,592,UN,QDi.295,person,true,184;185,126adf153bd520671b9de87b006de3863ebbbb907b1b3625168cdef117f4a794,https://www.mofa.go.jp/mofaj/files/000015952.pdf,https://www.mofa.go.jp/mofaj/files/000015952.pdf#page=184,data/raw/mofa/126adf153bd520671b9de87b006de3863ebbbb907b1b3625168cdef117f4a794.pdf.gz,"５９２．ムハンマド・ジブリール・アブドゥル・ラフマン
MUHAMMAD JIBRIL ABDUL RAHMAN
国連参照番号：QDi.295
生年月日：1984/５/28； 1979/12/３； 1979/３/３（偽造旅券より）； 1980/８/８（偽造
インドネシア旅券 S335026 より取得された情報）
出生地：East Lombok, West Nusa Tenggara, Indonesia
別名：モハンマド・ジブリール・アブドッラフマン； ムハンマド・ジブリエル・アブドゥル・ラ
フマン； モハンマド・ジブリエル・アブドッラフマン； ムハマド・リキー・アルドハン（1980
年８月８日出生、偽造インドネシア旅券、番号：S335026 にみられる)； ムハンマド・リ
キー・アルドハン・ビン・ムハンマド・イクバル； ムハンマド・リキー・アルドハン・ビン・ア
ブー・ジブリール
Mohammad Jibril Abdurrahman; Muhammad Jibriel Abdul Rahman; Mohammad Jibriel
Abdurrahman; Muhamad Ricky Ardhan born 8 Aug. 1980, (appears in false Indonesian
passport number S335026); Muhammad Ricky Ardhan bin Muhammad Iqbal; Muhammad
Ricky Ardhan bin Abu Jibril
確定に十分でない別名：ムハンマド・ユーニス； ヘリス・シャー
Muhammad Yunus; Heris Syah
国籍：インドネシア
Indonesia
旅券番号：インドネシア旅券 S335026（偽造インドネシア旅券）
身分登録番号：インドネシア国民ＩＤカード 3219222002.2181558； 身分登録番号
2181558
住所等：Jalan M. Saidi RT 010 RW 001 Pesanggrahan, South Petukangan, South
Jakarta, Indonesia; Jalan Nakula of Witana Harja Complex Block C, Pamulang, Banten,
Indonesia
リスト掲載日：2011 年８月 12 日（2020 年 11 月 24 日、2021 年 11 月 15 日及び 2026
年８月 18 日に改訂）
その他の情報：国連安全保障理事会決議に基づく見直しは 2020 年 11 月 24 日、2021
年 11 月 15 日、2025 年 12 月 31 日に終了した。ジュマ・イスラミーヤ（332．に指定し
た団体）の上級メンバーであり、テロ攻撃のための資金獲得に直接的に関与した。
2010 年６月 29 日にインドネシアにおいて５年間の懲役判決を受けた。父の名前はモ
ハマド・イクバル・アブドゥルラフマン（339．に指定した個人）。同人に対するインター
ポール（国際刑事警察機構）・国連安全保障理事会特別手配書のウェブ・リンク：
https://www.interpol.int/en/How-we-work/Notices/View-UN-Notices-Individuals",REVIEW_REQUIRED,REVIEW_REQUIRED,false,mofa-names-v1
126adf153bd520671b9de87b006de3863ebbbb907b1b3625168cdef117f4a794:UN:593,current_un,593,UN,,unknown,false,185,126adf153bd520671b9de87b006de3863ebbbb907b1b3625168cdef117f4a794,https://www.mofa.go.jp/mofaj/files/000015952.pdf,https://www.mofa.go.jp/mofaj/files/000015952.pdf#page=185,data/raw/mofa/126adf153bd520671b9de87b006de3863ebbbb907b1b3625168cdef117f4a794.pdf.gz,５９３． ※２０１４年１０月１７日解除,HISTORICAL,REVIEW_REQUIRED,false,mofa-names-v1
126adf153bd520671b9de87b006de3863ebbbb907b1b3625168cdef117f4a794:UN:594,current_un,594,UN,,person,true,185,126adf153bd520671b9de87b006de3863ebbbb907b1b3625168cdef117f4a794,https://www.mofa.go.jp/mofaj/files/000015952.pdf,https://www.mofa.go.jp/mofaj/files/000015952.pdf#page=185,data/raw/mofa/126adf153bd520671b9de87b006de3863ebbbb907b1b3625168cdef117f4a794.pdf.gz,"５９４．マティ・ウル・レフマン・アリ・ムハンマド（別名：(a)マティ・ウル・レフマン(b)マテ
ィ・ウル・レフマン(c)マテュール・ラフマン(d)マテュール・レフマン(e)マッティ・アル・レフ
マン(f)アブドゥル・サマド(g)サマド・シアル(h)アブドゥル・サマド・シアル(i)ウスタド・タル
ハ(j)カリ・ムシュターク(k)タリク(l)フセイン）
MATI UR-REHMAN ALI MUHAMMAD
(original script: دمحم یلع نمحرلا عیطم)
(a.k.a.: (a)Mati-ur Rehman (b)Mati ur Rehman (c)Matiur Rahman (d)Matiur Rehman
(e)Matti al-Rehman (f)Abdul Samad (g)Samad Sial (h)Abdul Samad Sial (i)Ustad Talha
(j)Qari Mushtaq (k)Tariq (l)Hussain)
称号：不明
役職：不明
生年月日：１９７７年頃
出生地：Chak number 36/DNB, Rajkan, Madina Colony, Bahawalpur District, Punjab
Province, Pakistan
国籍：パキスタン
旅券番号：不明
ＩＤ番号：不明
住所：不明
国連制裁委員会による指定日：２０１１年８月２２日（２０１２年５月１０日、２０１３年１０
月１７日、２０２０年１１月２４日、２０２３年２月２日及び３月１５日に改訂）
その他の情報：身体的情報：５フィート２インチ、１５７．４センチメートル。父の名前：ア
リ・ムハンマド。ラシュカル・イ・ジャングヴィ（ＬＪ）（３４０．に指定した団体）の作戦司令
官長。ハルカトゥル・ジハーデ・イスラミ（５７５．に指定した団体）と関係がある。死亡し
たと報告されている。国連安全保障理事会決議第２３６８号（２０１７年）に基づく見直
しは２０２０年１１月２４日に終了した。国連安全保障理事会決議第２６１０号（２０２１
年）に基づく見直しは２０２２年１１月８日に終了した。同人に対するインターポール（国
際 刑 事 警 察 機 構 ） ・ 国 連 安 全 保 障 理 事 会 特 別 手 配 書 の ウ ェ ブ ・ リ ン ク ：
https://www.interpol.int/en/How-we-work/Notices/View-UN-Notices-Individuals",REVIEW_REQUIRED,REVIEW_REQUIRED,false,mofa-names-v1
126adf153bd520671b9de87b006de3863ebbbb907b1b3625168cdef117f4a794:UN:595,current_un,595,UN,,unknown,false,185,126adf153bd520671b9de87b006de3863ebbbb907b1b3625168cdef117f4a794,https://www.mofa.go.jp/mofaj/files/000015952.pdf,https://www.mofa.go.jp/mofaj/files/000015952.pdf#page=185,data/raw/mofa/126adf153bd520671b9de87b006de3863ebbbb907b1b3625168cdef117f4a794.pdf.gz,５９５． ※２０１６年９月２４日解除,HISTORICAL,REVIEW_REQUIRED,false,mofa-names-v1
126adf153bd520671b9de87b006de3863ebbbb907b1b3625168cdef117f4a794:UN:596,current_un,596,UN,,person,true,185;186,126adf153bd520671b9de87b006de3863ebbbb907b1b3625168cdef117f4a794,https://www.mofa.go.jp/mofaj/files/000015952.pdf,https://www.mofa.go.jp/mofaj/files/000015952.pdf#page=185,data/raw/mofa/126adf153bd520671b9de87b006de3863ebbbb907b1b3625168cdef117f4a794.pdf.gz,"５９６．アブド・アル・ラフマン・ウルド・ムハンマド・アル・フセイン・ウルド・ムハンマド・
サリーム（別名：(a)アブダッラフマーン・ウルド・モハメド・エル・ホーセイン・ウルド・モ
ハメド・サレム(b)【アラビア語】（ユーニス・アル・モーリタニー、シェイク・ユーニス・ア
ル・モーリタニー、 シャイク・ユーニス・ザ・モーリタニアン）(c)サリフ・ザ・モーリタニア
ン(d)モハメド・サレム (e)ユーセフ・ウルド・アブデル・ジェリル(f)エル・ハッジ・ウルド・
アブデル・ガーデル(g) アブデル・カーデル(h)アブー・スレイマン(i)チンゲイティー）
ABD AL-RAHMAN OULD MUHAMMAD AL-HUSAYN OULD MUHAMMAD SALIM
(original script: میلس دمحم دلو نیسحلا دمحم دلو نمحرلا دبع)
(a.k.a.:(a)Abdarrahmane ould Mohamed el Houcein ould Mohamed Salem (b) سنوي خیش
يناتيروملا (Yunis al-Mauritani; Younis al-Mauritani; Sheikh Yunis al-Mauritani; Shaykh
Yunis the Mauritanian) (c)Salih the Mauritanian (d)Mohamed Salem (e)Youssef Ould
Abdel Jelil (f) El Hadj Ould Abdel Ghader (g)Abdel Khader (h)Abou Souleimane
(i)Chingheity)
称号：不明
役職：不明
生年月日：１９８１年頃
出生地：サウジアラビア
国籍：モーリタニア
旅券番号：不明
ＩＤ番号：不明
住所：モーリタニア
国連制裁委員会による指定日：２０１１年９月１５日（２０２０年１１月２４日、２０２３年１
２月１４日及び 2024 年２月７日に改訂）
その他の情報：アル・カーイダ（１６６．に指定した団体）の上級指導者であり、イスラ
ム・マグレブ諸国のアル・カーイダ組織（１７３．に指定した団体）と関係している。モー
リタニア当局により指名手配されている。２０１４年にパキスタンから犯罪人引渡しが
なされて以降モーリタニアに居住している。国連安全保障理事会決議第２３６８号（２
０１７年）に基づく見直しは２０２０年１１月２４日に終了した。国連安全保障理事会決
議第２６１０号（２０２１年）に基づく見直しは２０２３年１０月３０日に終了した。同人に対
するインターポール（国際刑事警察機構）・国連安全保障理事会特別手配書のウェ
ブ ・ リ ン ク ： https://www.interpol.int/en/How-we-work/Notices/View-UN-Notices-
Individuals",REVIEW_REQUIRED,REVIEW_REQUIRED,false,mofa-names-v1
126adf153bd520671b9de87b006de3863ebbbb907b1b3625168cdef117f4a794:UN:597,current_un,597,UN,,person,true,186;187,126adf153bd520671b9de87b006de3863ebbbb907b1b3625168cdef117f4a794,https://www.mofa.go.jp/mofaj/files/000015952.pdf,https://www.mofa.go.jp/mofaj/files/000015952.pdf#page=186,data/raw/mofa/126adf153bd520671b9de87b006de3863ebbbb907b1b3625168cdef117f4a794.pdf.gz,"５９７．ファイズッラー・カーン・ヌールザイ（別名：(a)ハジ・ファイズッラー・ヌール(b)ファ
イズッラー・ヌールザイ・アクタル・モハンメド・ミラ・カーン(c)ハッジ・ファイズッラー・カ
ーン・ヌールザイ(d)ハジ・ファイズウゥッラー・カーン・ノレザイ(e)ハジ・ファイズッラー・
カーン(f)ハジ・フィアズッラー(g)ハジ・ファイズッラー・ヌーリ(h)ハジ・パズッラー・ヌール
ザイ(i)ハジ・ムッラー・ファイズッラー）
FAIZULLAH KHAN NOORZAI (a.k.a.: (a)Haji Faizullah Noor (b)Faizullah Noorzai
Akhtar Mohammed Mira Khan (c)Hajji Faizullah Khan Noorzai (d)Haji Faizuulah Khan
Norezai (e)Haji Faizullah Khan (f)Haji Fiazullah (g)Haji Faizullah Noori (h)Haji Pazullah
Noorzai (i)Haji Mullah Faizullah)
称号：Haji（ハッジ）
役職：不明
生年月日：(a)１９６６年 (b)１９６１年 (c)１９６８年から１９７０年の間 (d)１９６２年
出生地：(a)Lowy Kariz, Spin Boldak District, Kandahar Province, Afghanistan
(b)Kadanay, Spin Boldak District, Kandahar Province, Afghanistan (c)Chaman,
Baluchistan Province, Pakistan
国籍：アフガニスタン
旅券番号：不明
ＩＤ番号：不明
住所：(a)Boghra Road, Miralzei Village, Chaman, Baluchistan Province, Pakistan
(b)Kalay Rangin, Spin Boldak District, Kandahar Province, Afghanistan
国連制裁委員会による指定日：２０１１年１０月４日（２０１１年１１月２９日及び２０１２
年６月１日に改訂）
その他の情報：著名なタリバーンの資金提供者。２００９年半ば、武器、弾薬、爆発物
及び医療機器をタリバーン戦闘員に供給。タリバーンに資金を提供し、アフガニスタ
ン・パキスタン国境地域において訓練を提供。以前、アフガニスタンのカンダハール州
においてタリバーンの活動を組織し、資金を提供。２０１０年、アラブ首長国連邦のド
バイ及び日本に旅行し、ビジネスを行う。Noorzai部族、Miralzai支部族に属する。マリ
ク・ヌールザイ（５９８．に指定した個人）の兄弟。父の名前は、Akhtar Mohammed (別
名：Haji Mira Khan)。",EXTRACTED,REVIEW_REQUIRED,false,mofa-names-v1
126adf153bd520671b9de87b006de3863ebbbb907b1b3625168cdef117f4a794:UN:598,current_un,598,UN,TAi.154,person,true,187;188,126adf153bd520671b9de87b006de3863ebbbb907b1b3625168cdef117f4a794,https://www.mofa.go.jp/mofaj/files/000015952.pdf,https://www.mofa.go.jp/mofaj/files/000015952.pdf#page=187,data/raw/mofa/126adf153bd520671b9de87b006de3863ebbbb907b1b3625168cdef117f4a794.pdf.gz,"５９８．マリク・ヌールザイ
MALIK NOORZAI
(original script: ىزرون کلام)
国連参照番号 ：TAi.154
称号：ハッジ
Haji
生年月日：１９５７年; １９６０年; 1963/1/1
出生地：Chaman border town, Pakistan; Pishin, Baluchistan Province, Pakistan
別名：ハッジ・マリク・ヌールザイ; ハッジ・マラク・ヌールザイ; ハジ・マレク・ヌールザ
イ; アラー・ムハンマド
ىزرون كلام ىجاح (Hajji Malik Noorzai; Hajji Malak Noorzai; Haji Malek Noorzai); Allah
Muhammad
確定に十分でない別名：ハジ・マルク; ハジ・アミヌッラー
Haji Maluk; Haji Aminullah
国籍：アフガニスタン
Afghanistan
身分登録番号：54201-247561-5, パキスタンで発行（２０１３年時点で公式に失効措
置済み）
住所等：Boghra Road, Miralzei Village, Chaman, Baluchistan Province, Pakistan ; Kalay
Rangin, Spin Boldak District, Kandahar province, Afghanistan
リスト掲載日：2011 年 10 月 4 日（２０１１年１１月２９日、２０１２年６月１日、２０１４年２
月１１日及び２０２６年３月１０日に改訂）
その他の情報：タリバーンへの資金提供者。日本でビジネスを行い、アラブ首長国連
邦のドバイ及び日本に頻繁に旅行する。 ２００９年、リクルートやロジスティック支援
を通じてタリバーンの活動に便宜を提供した。Noorzai部族に属する。ファイズッラー・
カーン・ヌールザイ（５９７．に指定した個人）の兄弟。父親の名前はハッジ・アフター
ル・ムハンマド。同人に対するインターポール（国際刑事警察機構）・国連安全保障理
事会特別手配書のウェブ・リンク： https://www.interpol.int/en/How-we-
work/Notices/View-UN-Notices-Individuals",REVIEW_REQUIRED,REVIEW_REQUIRED,false,mofa-names-v1
126adf153bd520671b9de87b006de3863ebbbb907b1b3625168cdef117f4a794:UN:599,current_un,599,UN,,person,true,188,126adf153bd520671b9de87b006de3863ebbbb907b1b3625168cdef117f4a794,https://www.mofa.go.jp/mofaj/files/000015952.pdf,https://www.mofa.go.jp/mofaj/files/000015952.pdf#page=188,data/raw/mofa/126adf153bd520671b9de87b006de3863ebbbb907b1b3625168cdef117f4a794.pdf.gz,"５９９．アブドゥル・アジーズ・アッバーシン（別名：アブドゥル・アジーズ・マスード）
ABDUL AZIZ ABBASIN (a.k.a.:Abdul Aziz Mahsud)
称号：不明
役職：不明
生年月日：１９６９年
出生地：Sheykhan Village, Pirkowti Area, Orgun District, Paktika Province,
Afghanistan
国籍：不明
旅券番号：不明
ＩＤ番号：不明
住所：不明
国連制裁委員会による指定日：２０１１年１０月４日（２０１３年４月２２日に改訂）
その他の情報：シラージュッディーン・ジャラールッディーン・ハッカーニ（５１７．に指定
した個人）の下にあるハッカーニ・ネットワーク（Haqqani Network）（６２６．に指定した
団体）の鍵となる司令官。２０１０年初頭、パクティカ州オルグン区におけるタリバーン
の影の知事。パクティカ州における非アフガニスタン人戦闘員のための訓練キャンプ
を運営。アフガニスタンへの武器の輸送に関与してきている。",EXTRACTED,REVIEW_REQUIRED,false,mofa-names-v1
126adf153bd520671b9de87b006de3863ebbbb907b1b3625168cdef117f4a794:UN:600,current_un,600,UN,,person,true,188;189,126adf153bd520671b9de87b006de3863ebbbb907b1b3625168cdef117f4a794,https://www.mofa.go.jp/mofaj/files/000015952.pdf,https://www.mofa.go.jp/mofaj/files/000015952.pdf#page=188,data/raw/mofa/126adf153bd520671b9de87b006de3863ebbbb907b1b3625168cdef117f4a794.pdf.gz,"６００．イブラヒーム・アッワード・イブラヒーム・アリー・アル・バドリー・アル・サマッライ
（別名：(a)イブラヒーム・アッワード・イブラヒーム・アリー・アル・バドリー・アル・サマッ
ライ博士（１９７１年にイラクのサマッラにて出生（イブラヒーム・アワド・イブラヒーム・ア
ル・バドリー・アル・サマッライ、イブラヒーム・アワド・イブラヒーム・アル・サマッライ、イ
ブラヒーム・アッワード・イブラヒーム・アル・サマッライ博士））(b)【アラビア語】（（アブ
ー・ドゥアー）この戦闘員名で良く知られる） (c)イブラヒーム博士(d)【アラビア語】（アブ
ー・バクル・アル・バグダーディ・アル・フセイニ・アル・クライシ、アブー・バクル・アル・
バグダーディ））
IBRAHIM AWWAD IBRAHIM ALI AL-BADRI AL-SAMARRAI
(original script: ي ئارماسلا يردبلا يلع میھاربإ داوع میھاربإ)
(a.k.a.: (a)Dr. Ibrahim ‘Awwad Ibrahim ’Ali al-Badri al-Samarrai’ (born in 1971 in
Samarra, Iraq (Ibrahim ‘Awad Ibrahim al-Badri al-Samarrai;Ibrahim ‘Awad Ibrahim al-
Samarra’i; Dr. Ibrahim Awwad Ibrahim al-Samarra’i)) (b) ءاعد وبأ)) Abu Du’a； Abu
Duaa’) prominently known by this nom de guerre) (c)Dr. Ibrahim
(d) يشیرقلا ينیسحلا يدادغبلا ركب وبأ (Abu Bakr al-Baghdadi al-Husayni al-Quraishi; Abu Bakr
al-Baghdadi))
称号：博士
役職：不明
生年月日：１９７１年
出生地：イラク
国籍：イラク
旅券番号：不明
ＩＤ番号：配給カード番号 0134852
住所：（a）Iraq （b）Syrian Arab Republic
国連制裁委員会による指定日：２０１１年１０月５日（２０１２年７月２０日、２０１５年１２
月１０日、２０２０年１１月２４日、２０２１年１１月１５日及び２０２５年３月１１日に改訂）
その他の情報：描写：身長１６５cm、体重８５kg、髪の色及び目の色は黒で、肌の色は
白い。イラクのアル・カーイダ(４５３．に指定した団体)としてリストに掲載されている
ISIL(いわゆる「イスラム国」)の指導者。イラク及びシリアに拠点を置いていた。２０１４
年にモスルで自らを「カリフ」と公言した。イラクのアル・カーイダによる大規模な行動
に係る監督及び指示に責任を有する。妻の名前はSaja Hamid al-Dulaimi及びAsma
Fawzi Mohammed al-Kubaissi。イラク治安部隊の指名手配を受けている。写真はイン
ターポール（国際刑事警察機構）･国連安全保障理事会特別手配書に含まれているも
のを利用可能。２０１９年１０月に対テロ作戦により死亡。国連安全保障理事会決議
第２３６８号（２０１７年）に基づく見直しは２０２０年１１月２４日に終了した。国連安全
保障理事会決議第２３６８号（２０１７年）に 基づく見直しは２０２１年１１月１５日に終
了した。同人に対するインターポール（国際 刑 事 警 察 機 構 ） ・ 国 連 安 全
保 障 理 事 会 特 別 手 配 書 の ウ ェ ブ ・ リ ン ク ：
https://www.interpol.int/en/How-we-work/Notices/View-UN-Notices-Individuals",REVIEW_REQUIRED,REVIEW_REQUIRED,false,mofa-names-v1
126adf153bd520671b9de87b006de3863ebbbb907b1b3625168cdef117f4a794:UN:601,current_un,601,UN,TAi.156,person,true,189;190,126adf153bd520671b9de87b006de3863ebbbb907b1b3625168cdef117f4a794,https://www.mofa.go.jp/mofaj/files/000015952.pdf,https://www.mofa.go.jp/mofaj/files/000015952.pdf#page=189,data/raw/mofa/126adf153bd520671b9de87b006de3863ebbbb907b1b3625168cdef117f4a794.pdf.gz,"６０１．アフマド・ジア・アガ
AHMAD ZIA AGHA
(original script: اغآ ایض د محا)
国連参照番号：TAi.156
称号：ハッジ
Haji
生年月日：１９７４年; 1979/6/25
出生地：Maiwand District, Kandahar Province, Afghanistan
別名：ジア・アガ; ヌール・アフマド; ヌール・アフメド; ヌール・アフマド・アーガー
Zia Agha; Noor Ahmad; Noor Ahmed; Noor Ahmad Agha
確定に十分でない別名：シア・アガ・サイード
Sia Agha Sayeed
国籍：アフガニスタン
Afghanistan
旅券番号：アフガニスタン外交旅券 D0010409（２０２４年８月２９日にアフガニスタンの
カブールで発行、２０２９年８月２９日に失効。氏名の英字表記：Noor Ahmad Agha、２
０２９年８月２９日に失効）
住所等：Kabul, Afghanistan
リスト掲載日：2012 年 1 月 6 日（２０２６年３月１０日及び 4 月 28 日に改訂）
その他の情報：２０１１年時点でタリバーンの幹部で、軍部と財務の責任者。２０１０年
時点でタリバーン軍事評議会の指導者。２００８年及び２００９年に財務担当官として
務め、アフガニスタンとパキスタンの国境地帯でタリバーンの司令官に対して資金を
提供した。身長は１８０ｃｍ。写真はインターポール（国際刑事警察機構）･国連安全保
障理事会特別手配書に含まれているものを利用可能。同人に対するインターポール
（国際刑事警察機構）・国連安全保障理事会特別手配書のウェブ・リンク：
https://www.interpol.int/en/How-we-work/Notices/View-UN-Notices-Individuals
#2012-308182.",REVIEW_REQUIRED,REVIEW_REQUIRED,false,mofa-names-v1
126adf153bd520671b9de87b006de3863ebbbb907b1b3625168cdef117f4a794:UN:602,current_un,602,UN,,person,true,190,126adf153bd520671b9de87b006de3863ebbbb907b1b3625168cdef117f4a794,https://www.mofa.go.jp/mofaj/files/000015952.pdf,https://www.mofa.go.jp/mofaj/files/000015952.pdf#page=190,data/raw/mofa/126adf153bd520671b9de87b006de3863ebbbb907b1b3625168cdef117f4a794.pdf.gz,"６０２．ファダル・ラビ（別名：(a)ファダル・ラッビー(b)ファザル・ラビ(c)ファイサル・ラッビ
ー）
FAZL RABI (a.k.a.: (a)Fazl Rabbi (b)Fazal Rabi (c)Faisal Rabbi)
称号：不明
役職（タリバーン統治下）：クナール州の幹部（Senior official in Konar Province）
生年月日：(a)１９７２年 (b)１９７５年
出生地：(a)Kohe Safi District, Parwan Province, Afghanistan (b)Kapisa Province,
Afghanistan (c)Nangarhar Province, Afghanistan (d)Kabul Province, Afghanistan
国籍：アフガニスタン
旅券番号：不明
ＩＤ番号：不明
住所：不明
国連制裁委員会による指定日：２０１２年１月６日（２０１３年４月２２日及び５月３１日
に改訂）
その他の情報：アフガニスタンとパキスタンの国境地帯を拠点に活動するハッカーニ・
ネットワーク（６２６．に指定した団体）に財政支援やロジスティック支援を提供。タリバ
ーン財政評議会のメンバー。シラージュッディーン・ジャラールッディーン・ハッカーニ
（５１７．に指定した個人）、ジャラルッディーン・ハッカーニ（４０．に指定した個人）、ハ
ッカーニ・ネットワーク及びタリバーンの資金を調達するために海外に赴いた。アフガ
ニスタンとパキスタンの国境地帯にいると思われている。",EXTRACTED,REVIEW_REQUIRED,false,mofa-names-v1
126adf153bd520671b9de87b006de3863ebbbb907b1b3625168cdef117f4a794:UN:603,current_un,603,UN,,person,true,190;191,126adf153bd520671b9de87b006de3863ebbbb907b1b3625168cdef117f4a794,https://www.mofa.go.jp/mofaj/files/000015952.pdf,https://www.mofa.go.jp/mofaj/files/000015952.pdf#page=190,data/raw/mofa/126adf153bd520671b9de87b006de3863ebbbb907b1b3625168cdef117f4a794.pdf.gz,"６０３．モハンマド・アマン・アフンド（別名：(a)モハンメド・アマン(b)ムラー・モハンメド・
オマーン(ｃ)ムラー・モハンマド・アマン・ウスタド・ヌールザイ(ｄ)ムラー・マド・アマン・ウ
スタド・ヌールザイ(ｅ)サナウッラー）
MOHAMMAD AMAN AKHUND (a.k.a.: (a)Mohammed Aman (b)Mullah Mohammed
Oman (ｃ)Mullah Mohammad Aman Ustad Noorzai (d)Mullah Mad Aman Ustad Noorzai
(e)Sanaullah)
称号：不明
役職：不明
生年月日：１９７０年
出生地：Bande Tumur Village, Maiwand District, Kandahar Province, Afghanistan
国籍：不明
旅券番号：不明
ＩＤ番号：不明
住所：不明
国連制裁委員会による指定日：２０１２年１月６日（２０１２年５月１８日及び２０１３年６
月２７日に改訂）
その他の情報：２０１１年時点で、財務を担当するタリバーンの幹部。指導部への資金
調達にも携わっている。タリバーンの活動に対してロジスティック支援を行い、麻薬取
引の収益を武器の購入に充てた。タリバーンの指導者モハンメド・オマル（４．に指定
した個人）の秘書であり、タリバーンの上級会合においてモハンメド・オマルのメッセン
ジャーを務めている。グル・アーガー・イシャークザイ（５７２．に指定した個人）と関係
がある。タリバーン統治時代のモハンメド・オマル（４．に指定した個人）派閥のメンバ
ー。",EXTRACTED,REVIEW_REQUIRED,false,mofa-names-v1
126adf153bd520671b9de87b006de3863ebbbb907b1b3625168cdef117f4a794:UN:604,current_un,604,UN,,person,true,191;192,126adf153bd520671b9de87b006de3863ebbbb907b1b3625168cdef117f4a794,https://www.mofa.go.jp/mofaj/files/000015952.pdf,https://www.mofa.go.jp/mofaj/files/000015952.pdf#page=191,data/raw/mofa/126adf153bd520671b9de87b006de3863ebbbb907b1b3625168cdef117f4a794.pdf.gz,"６０４．アフメド・ジャン・ワジール・アフタール・モハンマド（別名：(a)アフメド・ジャン・ク
ーチー(b)アフメド・ジャン・ザドラーン）
AHMED JAN WAZIR AKHTAR MOHAMMAD (a.k.a.: (a)Ahmed Jan Kuchi (b)Ahmed Jan
Zadran)
称号：不明
役職（タリバーン統治下）：Official of the Ministry of Finance（財務省職員）
生年月日：１９６３年
出生地：Barlach Village, Qareh Bagh District, Ghazni Province, Afghanistan
国籍：不明
旅券番号：不明
ＩＤ番号：不明
住所：不明
国連制裁委員会による指定日：２０１２年１月６日（２０１３年１２月３１日及び２０１４年
２月１１日に改訂）
その他の情報：アフガニスタンとパキスタンの国境地帯を拠点に活動するハッカーニ・
ネットワーク（Haqqani Network）（６２６．に指定した団体）の鍵となる司令官。ハッカー
ニ・ネットワーク最高幹部シラージュッディーン・ジャラールッディーン・ハッカーニ（５１
７．に指定した個人）の副官、報道官及びアドバイザー。タリバーン最高評議会と連携
をとっている。海外に赴く。アフガニスタンのガズニ州（Ghazni Province）のタリバーン
の司令官と連携をとり、金銭、武器、通信機器及び援助物資を提供。２０１３年時点で
死亡したと報告されている。",EXTRACTED,REVIEW_REQUIRED,false,mofa-names-v1
126adf153bd520671b9de87b006de3863ebbbb907b1b3625168cdef117f4a794:UN:605,current_un,605,UN,QDi.300,person,true,192,126adf153bd520671b9de87b006de3863ebbbb907b1b3625168cdef117f4a794,https://www.mofa.go.jp/mofaj/files/000015952.pdf,https://www.mofa.go.jp/mofaj/files/000015952.pdf#page=192,data/raw/mofa/126adf153bd520671b9de87b006de3863ebbbb907b1b3625168cdef117f4a794.pdf.gz,"６０５．モニール・チョーカ
MONIR CHOUKA
国連参照番号：QDi.300
生年月日：1981/７/30
出生地：Bonn, Germany
別名：アブ・ハムザ
ABU HAMZA
確定に十分でない別名：アブ・アダム
Abu Adam
国籍：ドイツ； モロッコ
Germany; Morocco
旅券番号：ドイツ旅券 5208323009（2007 年２月２日ドイツの Stadt Bonn にて発行、
2012 年２月１日失効）
身分登録番号：ドイツ身分登録番号 5209530116（2006 年６月 21 日ドイツの Stadt
Bonn にて発行、2011 年６月 20 日失効）
住所等：Ungartenstraße 6, Bonn, 53229, Germany（以前）; Syrian Arab Republic （2023
年時点）
リスト掲載日：2012 年１月 25 日（2021 年 11 月 15 日及び 2026 年８月 18 日に改訂）
その他の情報：国連安全保障理事会決議に基づく見直しは 2021 年 11 月 15 日、2025
年 12 月 31 日に終了した。イスラム運動ウズベキスタン（171．に指定した団体）と関
係を有する。2015 年 10 月から 2016 年８月の間に、イラクとレバント地方のイスラム
国（ISIL）イラクのアル・カーイダ（453．に指定した団体）と関係を有した。ヤシン・チョ
ーカ（606．に指定した個人）の兄弟。ドイツ連邦裁判所の捜査判事が 2010 年 10 月５
日付けで逮捕令状を発出した。同人に対するインターポール（国際刑事警察機構）・
国連安全保障理事会特別手配書のウェブ・リンク：https://www.interpol.int/en/How-
we-work/Notices/View-UN-Notices-Individuals",EXTRACTED,REVIEW_REQUIRED,false,mofa-names-v1
126adf153bd520671b9de87b006de3863ebbbb907b1b3625168cdef117f4a794:UN:606,current_un,606,UN,,person,true,192;193,126adf153bd520671b9de87b006de3863ebbbb907b1b3625168cdef117f4a794,https://www.mofa.go.jp/mofaj/files/000015952.pdf,https://www.mofa.go.jp/mofaj/files/000015952.pdf#page=192,data/raw/mofa/126adf153bd520671b9de87b006de3863ebbbb907b1b3625168cdef117f4a794.pdf.gz,"６０６．ヤシン・チョーカ（別名：(a)アブ・イブラヒム）
YASSIN CHOUKA (a.k.a.: (a)Abu Ibraheem)
称号：不明
役職：不明
生年月日：１９８４年１２月１１日
出生地：Bonn, Germany
国籍：(a)ドイツ (b)モロッコ
旅券番号：ドイツ旅券 5204893014 （２０００年１０月５日ボンにて発行、２００５年１０
月５日失効）
ＩＤ番号：ドイツＩＤカード番号 5209445304 （２００５年９月５日にボンにて発行、２０１０
年９月４日失効）
住所：Karl-Barth-Straße 14, Bonn, 53129, Germany（以前の住所）
国連制裁委員会による指定日：２０１２年１月２５日（２０２１年１２月２９日に改訂）
その他の情報：イスラム運動ウズベキスタン（１７１．に指定した団体）と関係を有する。
モニール・チョーカ（６０５．に指定した個人）の兄弟。ドイツ連邦裁判所の捜査判事が
２０１０年１０月５日付けで逮捕令状を発出した。国連安全保障理事会決議第２３６８
号（２０１７年）に基づく見直しは２０２１年１１月１５日に終了した。同人に対するインタ
ーポール（国際刑事警察機構）・国連安全保障理事会特別手配書のウェブ・リンク：
https://www.interpol.int/en/How-we-work/Notices/View-UN-Notices-Individuals",EXTRACTED,REVIEW_REQUIRED,false,mofa-names-v1
126adf153bd520671b9de87b006de3863ebbbb907b1b3625168cdef117f4a794:UN:607,current_un,607,UN,,unknown,false,193,126adf153bd520671b9de87b006de3863ebbbb907b1b3625168cdef117f4a794,https://www.mofa.go.jp/mofaj/files/000015952.pdf,https://www.mofa.go.jp/mofaj/files/000015952.pdf#page=193,data/raw/mofa/126adf153bd520671b9de87b006de3863ebbbb907b1b3625168cdef117f4a794.pdf.gz,６０７． ※２０２２年１月７日解除,HISTORICAL,REVIEW_REQUIRED,false,mofa-names-v1
126adf153bd520671b9de87b006de3863ebbbb907b1b3625168cdef117f4a794:UN:608,current_un,608,UN,,person,true,193,126adf153bd520671b9de87b006de3863ebbbb907b1b3625168cdef117f4a794,https://www.mofa.go.jp/mofaj/files/000015952.pdf,https://www.mofa.go.jp/mofaj/files/000015952.pdf#page=193,data/raw/mofa/126adf153bd520671b9de87b006de3863ebbbb907b1b3625168cdef117f4a794.pdf.gz,"６０８．アブドゥル・サマド・アチャクザイ（別名：(a)アブドゥル・サマド）
ABDUL SAMAD ACHEKZAI (a.k.a.: (a)Abdul Samad)
称号：不明
役職：不明
生年月日：１９７０年
出生地：Afghanistan
国籍：アフガニスタン
旅券番号：不明
ＩＤ番号：不明
住所：不明
国連制裁委員会による指定日：２０１２年３月２日
その他の情報：簡易爆発物（IED）の製造に責任を有するタリバーンの幹部。アフガニ
スタンにおける自爆テロ攻撃の要員調達と配備に関与している。",EXTRACTED,REVIEW_REQUIRED,false,mofa-names-v1
126adf153bd520671b9de87b006de3863ebbbb907b1b3625168cdef117f4a794:UN:609,current_un,609,UN,,person,true,193;194,126adf153bd520671b9de87b006de3863ebbbb907b1b3625168cdef117f4a794,https://www.mofa.go.jp/mofaj/files/000015952.pdf,https://www.mofa.go.jp/mofaj/files/000015952.pdf#page=193,data/raw/mofa/126adf153bd520671b9de87b006de3863ebbbb907b1b3625168cdef117f4a794.pdf.gz,"６０９．ファザル・ラヒム（別名：(a)ファゼル・ラヒム(b)ファジル・ラヒム(c)ファジル・ラフマ
ン）
FAZAL RAHIM (original script: میحر لضف ) (a.k.a.: (a)Fazel Rahim (b)Fazil Rahim
(c)Fazil Rahman)
称号：不明
役職：不明
生年月日：(a)１９７４年１月５日 (b)１９７７年 (c)１９７５年 (d)１９７３年１月２４日
出生地：Kabul, Afghanistan
国籍：アフガニスタン
旅券番号：アフガニスタン旅券 R512768
ＩＤ番号：不明
住所：(a)Afghanistan/Pakistan border region （以前の住所） (b)A2, City Computer
Plaza, Shar-e-Now, Kabul, Afghanistan （以前の住所） (c) Microrayan 3rd, Apt. 45,
block 21, Kabul, Afghanistan （以前の住所）
国連制裁委員会による指定日：２０１２年３月６日（２０２１年１２月２９日に改訂）
その他の情報：イスラム運動ウズベキスタン（１７１．に指定した団体）及びアル・カー
イダ（１６６．に指定した団体）への資金調達を担っていた。トヒル・アブドゥルカリロビッ
チ・ユルダシェフ（２０４．に指定した個人）と関係があった。２０１０年後半の時点でパ
キスタン当局において拘留中。父親の名前は Fazal Ahmad。国連安全保障理事会決
議第２３６８号（２０１７年）に基づく見直しは２０２１年１１月１５日に終了した。同人に対
するインターポール（国際刑事警察機構）・国連安全保障理事会特別手配書のウェ
ブ ・ リ ン ク ： https://www.interpol.int/en/How-we-work/Notices/View-UN-Notices-
Individuals",REVIEW_REQUIRED,REVIEW_REQUIRED,false,mofa-names-v1
126adf153bd520671b9de87b006de3863ebbbb907b1b3625168cdef117f4a794:UN:610,current_un,610,UN,QDi.304,person,true,194,126adf153bd520671b9de87b006de3863ebbbb907b1b3625168cdef117f4a794,https://www.mofa.go.jp/mofaj/files/000015952.pdf,https://www.mofa.go.jp/mofaj/files/000015952.pdf#page=194,data/raw/mofa/126adf153bd520671b9de87b006de3863ebbbb907b1b3625168cdef117f4a794.pdf.gz,"６１０．モハンマド・アフワン
MOCHAMMAD ACHWAN
国連参照番号：QDi.304
生年月日：1948/５/４； 1946/５/４
出生地：Tulungagung, Indonesia
別名：ムハンマド・アフワン； ムハンマド・アフワン； モフタル・アフワン； モフタル・ア
フワン； モフタル・アフワン
Muhammad Achwan; Muhammad Akhwan; Mochtar Achwan; Mochtar Akhwan; Mochtar
Akwan
国籍：インドネシア
Indonesia
旅券番号：インドネシア旅券 C3967156
身分登録番号：インドネシア身分登録番号 3573010405480001； インドネシア身分登
録番号 353010405480001
住所等：Jalan Ir. H. Juanda 8/10, RT/RW 002/001, Jodipan, Blimbing, Malang, 65127，
Indonesia
リスト掲載日：2012 年３月 12 日（2021 年 11 月 15 日、2022 年５月 27 日及び 2026 年
８月 18 日に改訂）
その他の情報：国連安全保障理事会に基づく見直しは 2021 年 11 月 15 日、2025 年
12 月 31 日に終了した。ジュマー・アンショール・タウヒード(JAT)（612．に指定した団
体）の指揮官代理。アブ・バカール・バアシール（498．に指定した個人）、アブドゥル・
ラヒーム・バアイシール（588．に指定した個人）及びジュマ・イスラミーヤ（332．に指定
した団体）と関係がある。同人に対するインターポール（国際刑事警察機構）・国連安
全保障理事会特別手配書のウェブ・リンク：https://www.interpol.int/en/How-we-
work/Notices/View-UN-Notices-Individuals",EXTRACTED,REVIEW_REQUIRED,false,mofa-names-v1
126adf153bd520671b9de87b006de3863ebbbb907b1b3625168cdef117f4a794:UN:611,current_un,611,UN,,person,true,194;195,126adf153bd520671b9de87b006de3863ebbbb907b1b3625168cdef117f4a794,https://www.mofa.go.jp/mofaj/files/000015952.pdf,https://www.mofa.go.jp/mofaj/files/000015952.pdf#page=194,data/raw/mofa/126adf153bd520671b9de87b006de3863ebbbb907b1b3625168cdef117f4a794.pdf.gz,"６１１．アブドゥル・ロシド・リド・バアシール（別名：(a)アブドゥル・ロシド・リド・バアシー
ル(b)ラシード・リダ・バアシール(c)ラシード・リダ・バシール）
ABDUL ROSYID RIDHO BA’ASYIR (a.k.a.: (a)Abdul Rosyid Ridho Bashir (b)Rashid
Rida Ba’aysir (c)Rashid Rida Bashir)
称号：不明
役職：不明
生年月日：１９７４年１月３１日
出生地：Sukoharjo, Indonesia
国籍：インドネシア
旅券番号：不明
ＩＤ番号：インドネシアＩＤカード番号 1127083101740003（Abdul Rosyid Ridho Ba’asyir
の名義）
住所：Podok Pesantren AL Wayain Ngrandu, Sumber Agung Magetan, East Java,
Indonesia
国連制裁委員会による指定日：２０１２年３月１２日（２０２１年１２月２９日に改訂）
その他の情報：父親の名前はアブ・バカール・バアシール（４９８．に指定した個人）。
アブドゥル・ラヒーム・バアイシール（５８８．に指定した個人）の兄弟。ジュマー・アンシ
ョール・タウヒード(JAT)（６１２．に指定した団体）の指導部に属し、要員及び資金の調
達に関与している。ジュマ・イスラミーヤ（３３２．に指定した団体）と関係がある。国連
安全保障理事会決議第２３６８号（２０１７年）に基づく見直しは２０２１年１１月１５日に
終了した。同人に対するインターポール（国際刑事警察機構）・国連安全保障理事会
特 別 手 配 書 の ウ ェ ブ ・ リ ン ク ： https://www.interpol.int/en/How-we-
work/Notices/View-UN-Notices-Individuals",EXTRACTED,REVIEW_REQUIRED,false,mofa-names-v1
126adf153bd520671b9de87b006de3863ebbbb907b1b3625168cdef117f4a794:UN:612,current_un,612,UN,,entity,true,195,126adf153bd520671b9de87b006de3863ebbbb907b1b3625168cdef117f4a794,https://www.mofa.go.jp/mofaj/files/000015952.pdf,https://www.mofa.go.jp/mofaj/files/000015952.pdf#page=195,data/raw/mofa/126adf153bd520671b9de87b006de3863ebbbb907b1b3625168cdef117f4a794.pdf.gz,"６１２．ジュマー・アンショール・タウヒード(JAT) （別称：(a)ジュマ・アンショール・タウヒ
ード(b)ジュマー・アンシャール・タウヒード(c)ジュマー・アンシャール・タウヒード(d)ジュ
マ・アンシャール・タウヒード(e)ジャマ・アンシャール・タウヒード(f)ラスカル・99）
JEMMAH ANSHORUT TAUHID (JAT) (a.k.a.: (a)Jemaah Anshorut Tauhid (b)Jemmah
Ansharut Tauhid (c)Jem’mah Ansharut Tauhid (d)Jamaah Ansharut Tauhid
(e)Jama’ah Ansharut Tauhid (f)Laskar 99)
旧称：不明
所在地：Jl. Semenromo number 58, 04/XV Ngruki, Cemani, Grogol, Sukoharjo, Jawa
Tengah, Indonesia（電話:0271-2167285 Ｅメール・アドレス:info@ansharuttauhid.com）
国連制裁委員会による指定日：２０１２年３月１２日（２０１８年７月１７日及び２０２１年
１２月２９日に改訂）
その他の情報：イラクのアル・カーイダ(４５３．に指定した団体)としてリストに掲載され
ている ISIL(いわゆる「イスラム国」)と連携している団体であり、インドネシアにおいて
攻撃を実行した。アブ・バカール・バアシール（４９８．に指定した個人）によって設立、
率いられる。２００８年７月２７日にインドネシアのソロに設立された。ジュマ・イスラミー
ヤ（３３２．に指定した団体）と関係があった。国連安全保障理事会決議第２２５３号（２
０１５年）に基づく見直しは２０１８年６月７日に終了した。ウェブサイト http://
ansharuttauhid.com/。国連安全保障理事会決議第２３６８号（２０１７年）に基づく見直
しは２０２１年１１月１５日に終了した。同団体に対するインターポール（国際刑事警察
機 構 ） ・ 国 連 安 全 保 障 理 事 会 特 別 手 配 書 の ウ ェ ブ ・ リ ン ク ：
https://www.interpol.int/en/How-we-work/Notices/View-UN-Notices-Entities",EXTRACTED,REVIEW_REQUIRED,false,mofa-names-v1
126adf153bd520671b9de87b006de3863ebbbb907b1b3625168cdef117f4a794:UN:613,current_un,613,UN,,unknown,false,195,126adf153bd520671b9de87b006de3863ebbbb907b1b3625168cdef117f4a794,https://www.mofa.go.jp/mofaj/files/000015952.pdf,https://www.mofa.go.jp/mofaj/files/000015952.pdf#page=195,data/raw/mofa/126adf153bd520671b9de87b006de3863ebbbb907b1b3625168cdef117f4a794.pdf.gz,６１３． ※２０２６年５月２７日解除,HISTORICAL,REVIEW_REQUIRED,false,mofa-names-v1
126adf153bd520671b9de87b006de3863ebbbb907b1b3625168cdef117f4a794:UN:614,current_un,614,UN,,unknown,false,195,126adf153bd520671b9de87b006de3863ebbbb907b1b3625168cdef117f4a794,https://www.mofa.go.jp/mofaj/files/000015952.pdf,https://www.mofa.go.jp/mofaj/files/000015952.pdf#page=195,data/raw/mofa/126adf153bd520671b9de87b006de3863ebbbb907b1b3625168cdef117f4a794.pdf.gz,６１４． ※２０２６年５月２７日解除,HISTORICAL,REVIEW_REQUIRED,false,mofa-names-v1
126adf153bd520671b9de87b006de3863ebbbb907b1b3625168cdef117f4a794:UN:615,current_un,615,UN,,person,true,196,126adf153bd520671b9de87b006de3863ebbbb907b1b3625168cdef117f4a794,https://www.mofa.go.jp/mofaj/files/000015952.pdf,https://www.mofa.go.jp/mofaj/files/000015952.pdf#page=196,data/raw/mofa/126adf153bd520671b9de87b006de3863ebbbb907b1b3625168cdef117f4a794.pdf.gz,"６１５．ザファル・イクバル（別名：(a)ザファル・イクバル(b)マリク・ザファル・イクバル・シ
ャハバーズ(c)マリク・ザファル・イクバル・シャハバーズ(d)マリク・ザファル・イクバル
(e)ザファル・イクバル・チョウドリー(f)ムハンマド・ザファル・イクバル）
ZAFAR IQBAL
(a.k.a.: (a)Zaffer Iqbal (b)Malik Zafar Iqbal Shehbaz (c)Malik Zafar Iqbal Shahbaz
(d)Malik Zafar Iqbal (e)Zafar Iqbal Chaudhry (f)Muhammad Zafar Iqbal)
称号：不明
役職：不明
生年月日：１９５３年１０月４日
出生地：不明
国籍：パキスタン
旅券番号：DG5149481、（２００６年８月２２日発行、２０１１年８月２１日失効）、パスポ
ート冊子番号 A2815665
ＩＤ番号：(a)35202-4135948-7 (b)代替国民ID番号29553654234
住所：Masjid al-Qadesia, 4 Lake Road, Lahore, Pakistan
国連制裁委員会による指定日：２０１２年３月１４日（２０１９年５月１日及び２０２３年３
月１５日に改訂）
その他の情報：ラシュカレ・タイバ（ＬeＴ）（４５９．に指定した団体）の幹部及び共同創
立者であり、ＬeＴ及びその偽装組織であるジャマーアットゥドゥ・ダーワ（ＪＵＤ）（ＬeＴの
別名の一つに記載されている）において複数の幹部の地位を有している。２０１０年時
点でＬeＴ/ＪＵＤの財務部の担当者、教育部の責任者及び医療部長。国連安全保障
理事会決議第２２５３号（２０１５年）に基づく見直しは２０１９年２月２１日に終了した。
国連安全保障理事会決議第２６１０号（２０２１年）に基づく見直しは２０２２年１１月８
日に終了した。同人に対するインターポール（国際刑事警察機構）・国連安全保障理
事会特別手配書のウェブ・リンク：https://www.interpol.int/en/How-we-
work/Notices/View-UN-Notices-Individuals",EXTRACTED,REVIEW_REQUIRED,false,mofa-names-v1
126adf153bd520671b9de87b006de3863ebbbb907b1b3625168cdef117f4a794:UN:616,current_un,616,UN,,person,true,196;197,126adf153bd520671b9de87b006de3863ebbbb907b1b3625168cdef117f4a794,https://www.mofa.go.jp/mofaj/files/000015952.pdf,https://www.mofa.go.jp/mofaj/files/000015952.pdf#page=196,data/raw/mofa/126adf153bd520671b9de87b006de3863ebbbb907b1b3625168cdef117f4a794.pdf.gz,"６１６．アブドゥル・ラフマン（別名：(a)アブドゥル・ラフマン(b)アブド・ウル・ラフマン(c)ア
ブドゥル・ラフマン (d)【アラビア語】アブドゥル・ラフマン・シンド (e)【アラビア語】アブド
ゥル・ラフマン・アル・シンド (f)【アラビア語】アブドゥル・ラフマン・アル・シンド (g)【アラ
ビア語】アブドゥル・ラフマン・シンド (h)【アラビア語】アブドラフマン・シンド (i)【アラビ
ア語】アブドゥッラー・シンド (j)アブドゥル・ラフマン・ムハンマド・ヤミン）
ABDUR REHMAN (original script: نمحرلا دبع）
(a.k.a.: (a)Abdul Rehman (b)Abd Ur-Rehman (c)Abdur Rahman (d)(original script: دبع
يدنیسلا نمحرلا)Abdul Rehman Sindhi (e) (original script: يدنیسلا نمحرلا دبع) Abdul Rehman al-
Sindhi (f) (original script: يدنیسلا نمحرلا دبع) Abdur Rahman al-Sindhi (g) (original script:
يدنیسلا نمحرلا دبع) Abdur Rehman Sindhi (h) (original script: يدنیسلا نمحرلا دبع) Abdurahman
Sindhi (i) (original script: يدنسلا اللهدبع) Abdullah Sindhi (j)Abdur Rehman Muhammad
Yamin)
称号：不明
役職：不明
生年月日：１９６５年１０月３日
出生地：Mirpur Khas, Pakistan
国籍：パキスタン
旅券番号：パキスタン旅券 CV9157521（２００８年９月８日発行、２０１３年９月７日失
効）
ＩＤ番号：パキスタンＩＤカード番号 44103-5251752-5
住所：Karachi, Pakistan
国連制裁委員会による指定日：２０１２年３月１４日（２０１９年５月１日及び２０２３年３
月１５日に改訂）
その他の情報：アル・カーイダ（１６６．に指定した団体）に便宜及び資金を提供してい
る。ハルカトゥル・ジハーデ・イスラミ（５７５．に指定した団体）、ジャイシ・モハンメド（１
９２．に指定した団体）及びアルアクタル・トラスト・インターナショナル（４６８．に指定し
た団体）と関係がある。国連安全保障理事会決議第２２５３号（２０１５年）に基づく見
直しは２０１９年２月２１日に終了した。国連安全保障理事会決議第２６１０号（２０２１
年）に基づく見直しは２０２２年１１月８日に終了した。同人に対するインターポール（国
際 刑 事 警 察 機 構 ） ・ 国 連 安 全 保 障 理 事 会 特 別 手 配 書 の ウ ェ ブ ・ リ ン ク ：
https://www.interpol.int/en/How-we-work/Notices/View-UN-Notices-Individuals",REVIEW_REQUIRED,REVIEW_REQUIRED,false,mofa-names-v1
126adf153bd520671b9de87b006de3863ebbbb907b1b3625168cdef117f4a794:UN:617,current_un,617,UN,,unknown,false,197,126adf153bd520671b9de87b006de3863ebbbb907b1b3625168cdef117f4a794,https://www.mofa.go.jp/mofaj/files/000015952.pdf,https://www.mofa.go.jp/mofaj/files/000015952.pdf#page=197,data/raw/mofa/126adf153bd520671b9de87b006de3863ebbbb907b1b3625168cdef117f4a794.pdf.gz,６１７． ※２０１４年５月１３日解除,HISTORICAL,REVIEW_REQUIRED,false,mofa-names-v1
126adf153bd520671b9de87b006de3863ebbbb907b1b3625168cdef117f4a794:UN:618,current_un,618,UN,,person,true,197,126adf153bd520671b9de87b006de3863ebbbb907b1b3625168cdef117f4a794,https://www.mofa.go.jp/mofaj/files/000015952.pdf,https://www.mofa.go.jp/mofaj/files/000015952.pdf#page=197,data/raw/mofa/126adf153bd520671b9de87b006de3863ebbbb907b1b3625168cdef117f4a794.pdf.gz,"６１８．バフト・グル（別名：(a)バフタ・グル(b)バフト・グル・バハール(c)シュキブ）
BAKHT GUL (a.k.a.: (a)Bakhta Gul (b)Bakht Gul Bahar (c)Shuqib)
称号：不明
役職：不明
生年月日：１９８０年
出生地：Aki Village, Zadran District, Paktiya Province, Afghanistan
国籍：アフガニスタン
旅券番号：不明
ＩＤ番号：不明
住所：Miram Shah, North Waziristan, Federally Administered Tribal Areas, Pakistan
国連制裁委員会による指定日：２０１２年６月２７日（２０１４年２月１１日に改訂）
その他の情報：バドルッディーン・ハッカーニ（死亡）の通信補佐。アフガニスタン・パキ
スタン国境地域においてハッカーニの暴徒の活動、外国人戦闘員及び武器を調整し
ている。Zadran 部族に属する。",EXTRACTED,REVIEW_REQUIRED,false,mofa-names-v1
126adf153bd520671b9de87b006de3863ebbbb907b1b3625168cdef117f4a794:UN:619,current_un,619,UN,,person,true,198,126adf153bd520671b9de87b006de3863ebbbb907b1b3625168cdef117f4a794,https://www.mofa.go.jp/mofaj/files/000015952.pdf,https://www.mofa.go.jp/mofaj/files/000015952.pdf#page=198,data/raw/mofa/126adf153bd520671b9de87b006de3863ebbbb907b1b3625168cdef117f4a794.pdf.gz,"６１９．アブドゥル・サタール・アブドゥル・マナン（別名：(a)ハッジ・アブドゥル・サタール・
バラクザイ(b)ハッジ・アブドゥル・サタール(c)ハッジ・サタール・バラクザイ(d)アブドゥラ
サタール）
ABDUL SATAR ABDUL MANAN (a.k.a.: (a)Haji Abdul Sattar Barakzai (b)Haji Abdul
Satar (c)Haji Satar Barakzai (d)Abdulasattar)
称号：Haji （ハッジ）
役職：不明
生年月日：１９６４年
出生地：(a)Mirmandaw village, Nahr-e Saraj District, Helmand Province,
Afghanistan (b)Mirmadaw village, Gereshk District, Helmand Province,
Afghanistan (c)Qilla Abdullah, Baluchistan Province, Pakistan
国籍：不明
旅券番号：パキスタン旅券 AM5421691（２０１３年８月１１日失効）
ＩＤ番号：(a)パキスタン国民ID番号 5420250161699 （b)アフガニスタン国民ID番号
585629
住所：(a)Kachray Road, Pashtunabad, Quetta, Baluchistan Province,
Pakistan (b)Nasrullah Khan Chowk, Pashtunabad Area, Baluchistan Province,
Pakistan (c)Chaman, Baluchistan Province, Pakistan (d)Abdul Satar Food Shop, Ayno
Mina 0093, Kandahar Province, Afghanistan
国連制裁委員会による指定日：２０１２年６月２９日
その他の情報：ハッジ・ハイルッラー・ハッジ・サタール両替所(６２１．に指定した団体)
の共同所有者であり、ハイルッラー・バラクザイ(６２０．に指定した個人)と関係があ
る。Barakzai部族に属する。父親の名前はHajji ‘Abd-al-Manaf。",EXTRACTED,REVIEW_REQUIRED,false,mofa-names-v1
126adf153bd520671b9de87b006de3863ebbbb907b1b3625168cdef117f4a794:UN:620,current_un,620,UN,,person,true,198;199,126adf153bd520671b9de87b006de3863ebbbb907b1b3625168cdef117f4a794,https://www.mofa.go.jp/mofaj/files/000015952.pdf,https://www.mofa.go.jp/mofaj/files/000015952.pdf#page=198,data/raw/mofa/126adf153bd520671b9de87b006de3863ebbbb907b1b3625168cdef117f4a794.pdf.gz,"６２０．ハイルッラー・バラクザイ・フダイ・ナザール（別名：(a)ハッジ・ハイルッラー(b)ハ
ッジ・ハイル・ウッラー(c)ハッジ・ヘイルッラー(d)ハッジ・カリムッラ(e)ハッジ・ハイル・モ
ハンマド）
KHAIRULLAH BARAKZAI KHUDAI NAZAR (a.k.a.: (a)Haji Khairullah (b)Haji Khair
Ullah (c)Haji Kheirullah (d)Haji Karimullah (e)Haji Khair Mohammad)
称号：Haji （ハッジ）
役職：不明
生年月日：１９６５年
出生地：(a)Zumbaleh village, Nahr-e Saraj District, Helmand Province, Afghanistan
(b)Mirmadaw village, Gereshk District, Helmand Province, Afghanistan (c)Qilla
Abdullah, Baluchistan Province, Pakistan
国籍：不明
旅券番号：パキスタン旅券 BP4199631（２０１４年６月２５日失効、２０１３年時点で公
式に失効措置済み）
ＩＤ番号：パキスタン国民ID番号 5440005229635（２０１３年時点で公式に失効措置済
み）
住所：Abdul Manan Chowk, Pashtunabad, Quetta, Baluchistan Province, Pakistan
国連制裁委員会による指定日：２０１２年６月２９日（２０１４年２月１１日に改訂）
その他の情報：ハッジ・ハイルッラー・ハッジ・サタール両替所(６２１．に指定した団体)
の共同所有者であり、アブドゥル・サタール・アブドゥル・マナン(６１９．に指定した個
人)と関係がある。Barakzai部族に属する。父親の名前はHaji Khudai Nazar（別名：
Nazar Mohammad）。",EXTRACTED,REVIEW_REQUIRED,false,mofa-names-v1
126adf153bd520671b9de87b006de3863ebbbb907b1b3625168cdef117f4a794:UN:621,current_un,621,UN,TAe.010,entity,true,199;200,126adf153bd520671b9de87b006de3863ebbbb907b1b3625168cdef117f4a794,https://www.mofa.go.jp/mofaj/files/000015952.pdf,https://www.mofa.go.jp/mofaj/files/000015952.pdf#page=199,data/raw/mofa/126adf153bd520671b9de87b006de3863ebbbb907b1b3625168cdef117f4a794.pdf.gz,"６２１．ハッジ・ハイルッラー・ハッジ・サタール両替所
HAJI KHAIRULLAH HAJI SATTAR MONEY EXCHANGE
(original script: ی فارص راتس یجاح و لالھریخ یجاح)
国連参照番号：TAe.010
別称：ハッジ・ハイルッラー・ハッジ・サタール・サラフィー; ハッジ・ハイルッラー・アン
ド・アブドゥル・サタール・アンド・カンパニー; ハッジ・ハイルッラー両替所; ハッジ・ハ
イル・ウッラー・マネーサービス; ハッジ・サーラム・ハワラ; ハッジ・ハキム・ハワラ; ハ
ッジ・アリム・ハワラ; サラフィーイ・ハッジ・ハイルッラー・ハッジ・サタール・ハッジ・エ
スマトゥッラー
Haji Khairullah-Haji Sattar Sarafi; Haji Khairullah and Abdul Sattar and Company; Haji
Khairullah Money Exchange; Haji Khair Ullah Money Service; Haji Salam Hawala; Haji
Hakim Hawala; Haji Alim Hawala; Sarafi-yi Haji Khairullah Haji Satar Haji Esmatullah
所在地：Branch Office 6: Shop number 237, Shah Zada Market (also known as Sarai
Shahzada), Puli Khishti area, Police District 1, Kabul, Afghanistan, Telephone: +93-
202-103386, +93-202-101714, 0202-104748, Mobile: +93-797-059059, +93-702-
222222, e-mail: helmand_exchange_msp@yahoo.com; Branch Office 7: (i)Shops
number 21 and 22, 2nd Floor, Kandahar City Sarafi Market, Kandahar City, Kandahar
Province, Afghanistan (ii)New Sarafi Market, 2nd Floor, Kandahar City, Kandahar
Province, Afghanistan (iii)Safi Market, Kandahar City, Kandahar Province,
Afghanistan; Branch Office 8: Gereshk City, Nahr-e Saraj District, Helmand
Province, Afghanistan; Branch Office 9: (i)Lashkar Gah Bazaar, Lashkar Gah, Lashkar
Gah District, Helmand Province, Afghanistan (ii)Haji Ghulam Nabi Market, 2nd Floor,
Lashkar Gah District, Helmand Province, Afghanistan; Branch Office 10: (i)Suite
numbers 196-197, 3rd Floor, Khorasan Market, Herat City, Herat Province,
Afghanistan (ii)Khorasan Market, Shahre Naw, District 5, Herat City, Herat Province,
Afghanistan; Branch Office 11: (i)Sarafi Market, Zaranj District, Nimroz Province,
Afghanistan (ii)Ansari Market, 2nd Floor, Nimroz Province, Afghanistan; Branch
Office 12: Sarafi Market, Wesh, Spin Boldak District, Afghanistan; Branch Office 13:
Sarafi Market, Farah, Afghanistan; Branch Office 14: Dubai, United Arab Emirates;
Branch Office 15: Zahedan, Iran; Branch Office 16: Zabul, Iran
国連制裁委員会による指定日：２０１２年６月２９日（２０１２年８月１３日、２０１２年１０
月２５日及び２０２６年４月１５日に改訂）
その他の情報：アフガニスタン金融サービス・プロバイダ・ライセンス番号：044。２０１１
年時点でアフガニスタンにおいてハッジ・ハイルッラー・ハッジ・サタール両替所は戦
闘員や活動に対する資金をタリバーン司令官に送金するためにタリバーン指導部に
よって利用されていた。クナール州にて活動している。アブドゥル・サタール・アブドゥ
ル・マナン(６１９．に指定した個人)及びハイルッラー・バラクザイ・フダイ・ナザール(６
２０．に指定した個人)と関係がある。同団体に対するインターポール（国際刑事警察
機構）・国連安全保障理事会特別手配書のウェブ・リンク：
https://www.interpol.int/en/How-we-work/Notices/View-UN-Notices-Entities",REVIEW_REQUIRED,REVIEW_REQUIRED,false,mofa-names-v1
126adf153bd520671b9de87b006de3863ebbbb907b1b3625168cdef117f4a794:UN:622,current_un,622,UN,,entity,true,200,126adf153bd520671b9de87b006de3863ebbbb907b1b3625168cdef117f4a794,https://www.mofa.go.jp/mofaj/files/000015952.pdf,https://www.mofa.go.jp/mofaj/files/000015952.pdf#page=200,data/raw/mofa/126adf153bd520671b9de87b006de3863ebbbb907b1b3625168cdef117f4a794.pdf.gz,"６２２．ロシャン両替所（別名：(a)ロシャン・サラフィー(b)ロシャン貿易会社(c)ルシャー
ン貿易会社(d)ロシャン・シルカット(e)マウラウィ・アフメド・シャフ・ハワラ(f)ムラー・アフ
メド・シャフ・ハワラ(g)ハッジ・アフメド・シャフ・ハワラ(h)アフメド・シャフ・ハワラ）
ROSHAN MONEY EXCHANGE (a.k.a.: (a)Roshan Sarafi (b)Roshan Trading Company
(c)Rushaan Trading Company (d)Roshan Shirkat (e)Maulawi Ahmed Shah Hawala
(f)Mullah Ahmed Shah Hawala (g)Haji Ahmad Shah Hawala (h)Ahmad Shah Hawala)
旧称：不明
所在地：(a)Branch Office 1: (i)Shop number 1584, Furqan (variant Fahr Khan) Center,
Chalhor Mal Road, Quetta, Baluchistan Province, Pakistan (ii)Flat number 4, Furqan
Center, Jamaluddin Afghani Road, Quetta, Baluchistan Province, Pakistan (iii)Office
number 4, 2nd Floor , Muslim Plaza Building, Doctor Banu Road, Quetta, Baluchistan
Province, Pakistan (iv)Cholmon Road, Quetta, Baluchistan Province, Pakistan
(v)Munsafi Road, Quetta, Baluchistan Province, Pakistan (vi)Shop number 1, 1st
Floor, Kadari Place, Abdul Samad Khan Street (next to Fatima Jena Road), Quetta,
Baluchistan Province, Pakistan (b)Branch Office 2: (i)Safar Bazaar, Garmser District,
Helmand Province, Afghanistan (ii)Main Bazaar, Safar, Helmand Province,
Afghanistan (c)Branch Office 3: (i)Haji Ghulam Nabi Market, Lashkar Gah, Helmand
Province, Afghanistan (ii)Money Exchange Market, Lashkar Gah, Helmand Province,
Afghanistan (iii)Lashkar Gah Bazaar, Helmand Province, Afghanistan (d)Branch
Office 4: Hazar Joft, Garmser District, Helmand Province, Afghanistan (e)Branch
Office 5: Ismat Bazaar, Marjah District, Helmand Province, Afghanistan (f)Branch
Office 6: Zaranj, Nimruz Province, Afghanistan (g)Branch Office 7: (i)Suite number 8,
4th Floor, Sarafi Market, District number 1, Kandahar City, Kandahar Province,
Afghanistan (ii)Shop number 25, 5th Floor, Sarafi Market, Kandahar City, Kandahar
District, Kandahar Province, Afghanistan (h)Branch Office 8: Lakri City, Helmand
Province, Afghanistan (i)Branch Office 9: Gerd-e-Jangal, Chaghi District,
Baluchistan Province, Pakistan (j)Branch Office 10: Chaghi, Chaghi District,
Baluchistan Province, Pakistan (k)Branch Office 11: Aziz Market, in front of Azizi
Bank, Waish Border, Spin Boldak District, Kandahar Province, Afghanistan
国連制裁委員会による指定日：２０１２年６月２９日
その他の情報：ロシャン両替所はアフガニスタンにおけるタリバーンの軍事活動及び
麻薬取引を支援するために、資金を蓄え、送金している。",EXTRACTED,REVIEW_REQUIRED,false,mofa-names-v1
126adf153bd520671b9de87b006de3863ebbbb907b1b3625168cdef117f4a794:UN:623,current_un,623,UN,,person,true,201,126adf153bd520671b9de87b006de3863ebbbb907b1b3625168cdef117f4a794,https://www.mofa.go.jp/mofaj/files/000015952.pdf,https://www.mofa.go.jp/mofaj/files/000015952.pdf#page=201,data/raw/mofa/126adf153bd520671b9de87b006de3863ebbbb907b1b3625168cdef117f4a794.pdf.gz,"６２３．アイユーブ・バシール（別名：(a)アルハッジ・カリ・アユブ・バッシャール(b)カリ・
ムハンマド・アユブ）
AYYUB BASHIR（original script: ریشب بويا） (a.k.a.: (a)Alhaj Qari Ayub Bashar (b)Qari
Muhammad Ayub)
称号：(a)Qari （カリ） (b)Alhaj （アルハッジ）
役職：不明
生年月日：(a)１９６６年 (b)１９６４年 (c)１９６９年 (d)１９７１年
出生地：不明
国籍：(a)ウズベキスタン (b)アフガニスタン
旅券番号：不明
ＩＤ番号：不明
住所：Mir Ali, North Waziristan Agency, Federal Administered Tribal Areas, Pakistan
国連制裁委員会による指定日：２０１２年１０月１８日（２０１８年７月１７日、２０１９年５
月１日及び２０２１年１２月２９日に改訂）
その他の情報：２０１０年初期時点でイスラム運動ウズベキスタン（１７１．に指定した
団体）の指導評議会のメンバーであり、財務部門の長。２００９年から２０１２年の間、
アフガニスタン及びパキスタンにおける同団体に対する財政及びロジスティック支援
を調整。ファザル・ラヒム（６０９．に指定した個人）に対して資金を送金。２０１５年１２
月にアフガニスタンのクンドゥーズ州、Chordarにおける空爆で死亡したと報告されて
いる。国連安全保障理事会決議第２２５３号（２０１５年）に基づく見直しは２０１８年６
月７日に終了した。国連安全保障理事会決議第２２５３号（２０１５年）に基づく見直し
は２０１９年２月２１日に終了した。国連安全保障理事会決議第２３６８号（２０１７年）
に基づく見直しは２０２１年１１月１５日に終了した。同人に対するインターポール（国
際 刑 事 警 察 機 構 ） ・ 国 連 安 全 保 障 理 事 会 特 別 手 配 書 の ウ ェ ブ ・ リ ン ク ：
https://www.interpol.int/en/How-we-work/Notices/View-UN-Notices-Individuals",REVIEW_REQUIRED,REVIEW_REQUIRED,false,mofa-names-v1
126adf153bd520671b9de87b006de3863ebbbb907b1b3625168cdef117f4a794:UN:624,current_un,624,UN,,unknown,false,201,126adf153bd520671b9de87b006de3863ebbbb907b1b3625168cdef117f4a794,https://www.mofa.go.jp/mofaj/files/000015952.pdf,https://www.mofa.go.jp/mofaj/files/000015952.pdf#page=201,data/raw/mofa/126adf153bd520671b9de87b006de3863ebbbb907b1b3625168cdef117f4a794.pdf.gz,６２４． ※２０２６年５月２７日解除,HISTORICAL,REVIEW_REQUIRED,false,mofa-names-v1
126adf153bd520671b9de87b006de3863ebbbb907b1b3625168cdef117f4a794:UN:625,current_un,625,UN,TAi.164,person,true,201;202,126adf153bd520671b9de87b006de3863ebbbb907b1b3625168cdef117f4a794,https://www.mofa.go.jp/mofaj/files/000015952.pdf,https://www.mofa.go.jp/mofaj/files/000015952.pdf#page=201,data/raw/mofa/126adf153bd520671b9de87b006de3863ebbbb907b1b3625168cdef117f4a794.pdf.gz,"６２５. アブドゥル・ラウフ・ザキール
ABDUL RAUF ZAKIR
(original script: رکاذ ف ورلا د بع )
国連参照番号：TAi.164
称号：カリ
Qari
生年月日：１９６９年から１９７１年の間
出生地：Kabul Province, Afghanistan
別名：カリ・ザキール
Qari Zakir
国籍：アフガニスタン
Afghanistan
国連制裁委員会による指定日：２０１２年１１月５日（２０１３年５月３１日及び２０２６年
４月１５日に改訂）
その他の情報：シラージュッディーン・ジャラールッディーン・ハッカーニ（５１７．に指定
した個人）の下にあるハッカーニ・ネットワーク（６２６．に指定した団体）の自爆テロ攻
撃の責任者であり、カブール州、タハール州、クンドゥーズ州及びバグラン州(Kabul,
Takhar, Kunduz and Baghlan Provinces)におけるあらゆる活動の責任者でもある。自
爆テロ攻撃の訓練を監督し、簡易爆発物（IEDs）の製造方法に関する指導を行ってい
る。２０１８年９月２２日に死亡したと報告されている。同人に対するインターポール
（国際刑事警察機構）・国連安全保障理事会特別手配書のウェブ・リンク：
https://www.interpol.int/en/How-we-work/Notices/View-UN-Notices-Individuals",REVIEW_REQUIRED,REVIEW_REQUIRED,false,mofa-names-v1
126adf153bd520671b9de87b006de3863ebbbb907b1b3625168cdef117f4a794:UN:626,current_un,626,UN,,entity,true,202,126adf153bd520671b9de87b006de3863ebbbb907b1b3625168cdef117f4a794,https://www.mofa.go.jp/mofaj/files/000015952.pdf,https://www.mofa.go.jp/mofaj/files/000015952.pdf#page=202,data/raw/mofa/126adf153bd520671b9de87b006de3863ebbbb907b1b3625168cdef117f4a794.pdf.gz,"６２６．ハッカーニ・ネットワーク（ＨＱＮ）
HAQQANI NETWORK (HQN)
旧称：不明
所在地：不明
国連制裁委員会による指定日：２０１２年１１月５日
その他の情報：アフガニスタンのホースト州（Khost Province）とパキスタンの北ワジリ
スタン(North Waziristan)との国境周辺を中心とするタリバーン戦闘員のネットワーク。
ジャラルッディーン・ハッカーニ（４０．に指定した個人）によって設立され、現在は彼の
息子であるシラージュッディーン・ジャラールッディーン・ハッカーニ（５１７．に指定した
個人）によって率いられる。その他に指定されているメンバーには、ナーセルッディー
ン・ハッカーニ(５７１．に指定した個人)、サンギーン・ザドラーン・シェール・モハンマド
（５９３．に指定した個人）、アブドゥル・アジーズ・アッバーシン（５９９．に指定した個
人）、ファダル・ラビ（６０２．に指定した個人）、アフメド・ジャン・ワジール（６０４．に指
定した個人）、バフト・グル（６１８．に指定した個人）、アブドゥル・ラウフ・ザキール（６２
５．に指定した個人）がいる。アフガニスタンのカブール及びその他の州において、自
爆テロ攻撃、標的暗殺及び誘拐に関与している。アル・カーイダ（１６６．に指定した団
体）、イスラム運動ウズベキスタン（１７１．に指定した団体）、パキスタン・タリバーン運
動（５９１．に指定した団体）、ラシュカル・イ・ジャングヴィ（ＬＪ）（３４０．に指定した団
体）及びジャイシ・モハンメド（１９２．に指定した団体）と関係がある。",EXTRACTED,REVIEW_REQUIRED,false,mofa-names-v1
126adf153bd520671b9de87b006de3863ebbbb907b1b3625168cdef117f4a794:UN:627,current_un,627,UN,,person,true,202;203,126adf153bd520671b9de87b006de3863ebbbb907b1b3625168cdef117f4a794,https://www.mofa.go.jp/mofaj/files/000015952.pdf,https://www.mofa.go.jp/mofaj/files/000015952.pdf#page=202,data/raw/mofa/126adf153bd520671b9de87b006de3863ebbbb907b1b3625168cdef117f4a794.pdf.gz,"６２７．モハンメド・カシム・ミール・ワリ・フダイ・ラヒム（別名：(a)ムハンマド・カシム(b)
アブドゥル・サラーム）
MOHAMMED QASIM MIR WALI KHUDAI RAHIM (a.k.a.: (a)Muhammad Qasim (b)Abdul
Salam)
称号：Hａｊｉ （ハッジ）
役職：不明
生年月日：１９７５年から１９７６年の間
出 生 地 ： (a)Minar village, Garmser District, Helmand Province, Afghanistan (b)
Darweshan Village, Garmser District, Helmand Province
国籍：アフガニスタン
旅券番号：不明
ＩＤ番号：(a)アフガニスタン国民ＩＤカード（tazkira）番号 57388（Lashkar Gah District,
Helmand Province, Afghanistan にて発行） (b)住民票番号 665（Ayno Maina, Kandahar
Province, Afghanistan）
住所：(a)Wesh, Spin Boldak District, Kandahar Province, Afghanistan (b)Safaar Bazaar,
Garmser District, Helmand Province, Afghanistan (c)Room number 33, 5th Floor Sarafi
Market, Kandahar City, Kandahar Province, Afghanistan
国連制裁委員会による指定日：２０１２年１１月２１日（２０１３年４月２２日に改訂）
その他の情報：ラハート社(６２８．に指定した団体)の所有者。タリバーンに対する簡
易爆発物（ＩＥＤ）を含む武器供与に関与。２０１２年に逮捕され、２０１３年１月時点で
アフガニスタンにおいて拘留されている。ラハート社（６２８．に指定した団体）と関係
がある。",EXTRACTED,REVIEW_REQUIRED,false,mofa-names-v1
126adf153bd520671b9de87b006de3863ebbbb907b1b3625168cdef117f4a794:UN:628,current_un,628,UN,,entity,true,203,126adf153bd520671b9de87b006de3863ebbbb907b1b3625168cdef117f4a794,https://www.mofa.go.jp/mofaj/files/000015952.pdf,https://www.mofa.go.jp/mofaj/files/000015952.pdf#page=203,data/raw/mofa/126adf153bd520671b9de87b006de3863ebbbb907b1b3625168cdef117f4a794.pdf.gz,"６２８．ラハート社（別称：(a)ラハート貿易会社(b)ハッジ・ムハンマド・カシム・サラフィー
(c)ニュー・チャガイ・トレーディング(d)ムサ・カリム・ハワラ）
RAHAT LTD. (a.k.a.: (a)Rahat Trading Company (b)Haji Muhammad Qasim Sarafi
(c)New Chagai Trading(d)Musa Kalim Hawala)
旧称：不明
所在地：(a)Branch Office 1: Room number 33, 5th Floor, Sarafi Market, Kandahar
city, Kandahar Province, Afghanistan (b)Branch Office 2: Shop number 4, Azizi Bank,
Haji Muhammad Isa Market, Wesh, Spin Boldak, Kandahar Province, Afghanistan
(c)Branch Office 3: Safaar Bazaar, Garmser District, Helmand Province, Afghanistan
(d)Branch Office 4: Lashkar Gah, Helmand Province, Afghanistan (e)Branch Office 5:
Gereshk District, Helmand Province, Afghanistan (f)Branch Office 6: Zaranj District,
Nimroz Province, Afghanistan (g)Branch Office 7: i) Dr Barno Road, Quetta, Pakistan
ii) Haji Mohammed Plaza, Tol Aram Road, near Jamaluddin Afghani Road, Quetta,
Pakistan iii) Kandahari Bazaar, Quetta, Pakistan (h)Branch Office 8: Chaman,
Baluchistan Province, Pakistan (i)Branch Office 9: Chaghi Bazaar, Chaghi,
Baluchistan Province, Pakistan (j)Branch Office 10: Zahedan, Zabol Province, Iran
国連制裁委員会による指定日：２０１２年１１月２１日（２０１３年６月２７日に改訂）
その他の情報：２０１１年及び２０１２年時点でラハート社はタリバーンの活動の資金
供与のために、タリバーン指導部によって、外部からの援助及び麻薬取引から生じた
資金を送金することに利用されていた。所有者はモハンメド・カシム・ミール・ワリ・フダ
イ･ラヒム（６２７．に指定した個人）である。モハンマド・ナイム・バリチ・フダイダード（１
３．に指定した個人）とも関係がある。",EXTRACTED,REVIEW_REQUIRED,false,mofa-names-v1
126adf153bd520671b9de87b006de3863ebbbb907b1b3625168cdef117f4a794:UN:629,current_un,629,UN,QDe.134,entity,true,203;204,126adf153bd520671b9de87b006de3863ebbbb907b1b3625168cdef117f4a794,https://www.mofa.go.jp/mofaj/files/000015952.pdf,https://www.mofa.go.jp/mofaj/files/000015952.pdf#page=203,data/raw/mofa/126adf153bd520671b9de87b006de3863ebbbb907b1b3625168cdef117f4a794.pdf.gz,"６２９．西アフリカの一神教と聖戦集団（ＭＵＪＡＯ）
MOUVEMENT POUR L’UNIFICATION ET LE JIHAD EN AFRIQUE DE
L’OUEST(MUJAO)
(original script: ایقيرفإ برغ يف داهجلاو دیحوتلا ةكرح)
国連参照番号：QDe.134
所在地：Mali; Algeria
リスト掲載日：2012 年 12 月５日（2021 年 11 月 15 日及び 2026 年８月 18 日に改訂）
その他の情報：国連安全保障理事会決議に基づく見直しは2021年11月15日、2025年
12月31日に終了した。イスラム・マグレブ諸国のアル・カーイダ組織（173．に指定した
団体）、アル・ムラービトゥーン（648．に指定した団体）及びムフタール・ビルムフター
ル（393．に指定した個人）と関係がある。サヘル・サハラ地域で活動している。同団体
に対するインターポール（国際刑事警察機構）・国連安全保障理事会特別手配書の
ウェブ・リンク：https://www.interpol.int/en/How-we-work/Notices/View-UN-
Notices-Entities",REVIEW_REQUIRED,REVIEW_REQUIRED,false,mofa-names-v1
126adf153bd520671b9de87b006de3863ebbbb907b1b3625168cdef117f4a794:UN:630,current_un,630,UN,,person,true,204,126adf153bd520671b9de87b006de3863ebbbb907b1b3625168cdef117f4a794,https://www.mofa.go.jp/mofaj/files/000015952.pdf,https://www.mofa.go.jp/mofaj/files/000015952.pdf#page=204,data/raw/mofa/126adf153bd520671b9de87b006de3863ebbbb907b1b3625168cdef117f4a794.pdf.gz,"６３０．ジャメル・アカシャ（別名：(a)ヤヒヤ・アブー・エル・ウマーム(b)ヤヒヤ・アブー・エ
ル・ハマーム）
DJAMEL AKKACHA
(original script: ةشاكع لامج）
(a.k.a.: (a)Yahia Abou el Hoummam (b)Yahia Abou el Hammam)
称号：不明
役職：不明
生年月日：１９７８年５月９日
出生地：Rouiba, Algiers, Algeria
国籍：アルジェリア
旅券番号：不明
ＩＤ番号：不明
住所：マリ
国連制裁委員会による指定日：２０１３年２月５日（２０１９年５月１日、２０２３年２月２
日及び３月１５日に改訂）
その他の情報：父親の名前は Slimane。母親の名前は Akrouf Khadidja。イスラム・マ
グレブ諸国のアル・カーイダ組織（１７３．に指定した団体）のマリ北部における調整役。
国連安全保障理事会決議第２２５３号（２０１５年）に基づく見直しは２０１９年２月２１
日に終了した。２０１９年２月に死亡したと報告されている。国連安全保障理事会決議
第２６１０号（２０２１年）に基づく見直しは２０２２年１１月８日に終了した。同人に対す
るインターポール（国際刑事警察機構）・国連安全保障理事会特別手配書のウェブ・
リ ン ク ： https://www.interpol.int/en/How-we-work/Notices/View-UN-Notices-
Individuals",REVIEW_REQUIRED,REVIEW_REQUIRED,false,mofa-names-v1
126adf153bd520671b9de87b006de3863ebbbb907b1b3625168cdef117f4a794:UN:631,current_un,631,UN,,person,true,205,126adf153bd520671b9de87b006de3863ebbbb907b1b3625168cdef117f4a794,https://www.mofa.go.jp/mofaj/files/000015952.pdf,https://www.mofa.go.jp/mofaj/files/000015952.pdf#page=205,data/raw/mofa/126adf153bd520671b9de87b006de3863ebbbb907b1b3625168cdef117f4a794.pdf.gz,"６３１．アブデルラフマン・オールド・エル・アマル（別名：(a)アフメド・エル・ティレムシ(b)
アブデルラフマン・オールド・エル・アマル・オールド・シダフメド・ルクベイティ(c)アフマ
ド・オールド・アマル）
ABDERRAHMANE OULD EL AMAR
(original script: رماعلا دلو نمحرلا دبع )
(a.k.a.:(a)Ahmed el Tilemsi(b)Abderrahmane Ould el Amar Ould Sidahmed
Loukbeiti(c)Ahmad Ould Amar)
称号：不明
役職：不明
生年月日：１９７７年－１９８２年
出生地：Tabankort, Mali
国籍：マリ
旅券番号：不明
ＩＤ番号：不明
住所：(a)Gao, Mali (b)Tabankort, Mali (c)In Khalil, Mali (d)Al Moustarat, Mali
国連制裁委員会による指定日：２０１３年２月２２日（２０１９年５月１日、２０２３年２月２
日及び３月１５日に改訂）
その他の情報：２０１４年１２月に死亡したと報告されている。西アフリカの一神教と聖
戦集団（ＭＵＪＡＯ）（６２９．に指定した団体）の指導者。イスラム・マグレブ諸国のア
ル・カーイダ組織（１７３．に指定した団体）のメンバー。２００５年４月にモーリタニアに
おいて逮捕され、２００６年４月２６日にヌアクショットの刑務所から逃走。２００８年９月
にマリにおいて再逮捕され、２００９年４月１５日に釈放。ムフタール・ビルムフタール
（３９３．に指定した個人）と関係がある。父親の名前はLeewemere。国連安全保障理
事会決議第２２５３号（２０１５年）に基づく見直しは２０１９年２月２１日に終了した。国
連安全保障理事会決議第２６１０号（２０２１年）に基づく見直しは２０２２年１１月８日
に終了した。同人に対するインターポール（国際刑事警察機構）・国連安全保障理事
会 特 別 手 配 書 の ウ ェ ブ ・ リ ン ク ： https://www.interpol.int/en/How-we-
work/Notices/View-UN-Notices-Individuals",REVIEW_REQUIRED,REVIEW_REQUIRED,false,mofa-names-v1
126adf153bd520671b9de87b006de3863ebbbb907b1b3625168cdef117f4a794:UN:632,current_un,632,UN,,person,true,205;206,126adf153bd520671b9de87b006de3863ebbbb907b1b3625168cdef117f4a794,https://www.mofa.go.jp/mofaj/files/000015952.pdf,https://www.mofa.go.jp/mofaj/files/000015952.pdf#page=205,data/raw/mofa/126adf153bd520671b9de87b006de3863ebbbb907b1b3625168cdef117f4a794.pdf.gz,"６３２．ハマダ・オールド・モハメド・エル・カイリ（別名：(a)ハマダ・オールド・モハメド・レ
ミヌ・オールド・モハメド・エル・カイリ(b)オールド・ヘイルー (c)ハマド・エル・カイリ(d)ア
ブー・クムクム）
HAMADA OULD MOHAMED EL KHAIRY
(original script: يریخلا دمحم دلو هدامح）
(a.k.a.:(a)Hamada Ould Mohamed Lemine Ould Mohamed el Khairy (b)Ould Kheirou
(c)Hamad el Khairy (d)Abou QumQum)
称号：不明
役職：不明
生年月日：１９７０年
出生地：Nouakchott, Mauritania
国籍：(a)モーリタニア (b)マリ
旅券番号：マリ旅券 A1447120（２０１１年１０月１９日失効）
ＩＤ番号：不明
住所：Gao, Mali
国連制裁委員会による指定日：２０１３年２月２２日（２０１９年５月１日及び２０２３年３
月１５日に改訂）
その他の情報：西アフリカの一神教と聖戦集団（ＭＵＪＡＯ）（６２９．に指定した団体）
の指導者。イスラム・マグレブ諸国のアル・カーイダ組織（１７３．に指定した団体）と関
係があるthe Sahelian group Al Moulathamine（覆面部隊）にロジスティック支援を提供。
モーリタニアが国際逮捕令状を発出している。母親の名前はTijal Bint Mohamed
Dadda。国連安全保障理事会決議第２２５３号（２０１５年）に基づく見直しは２０１９年２
月２１日に終了した。国連安全保障理事会決議第２６１０号（２０２１年）に基づく見直し
は２０２２年１１月８日に終了した。同人に対するインターポール（国際刑事警察機
構 ） ・ 国 連 安 全 保 障 理 事 会 特 別 手 配 書 の ウ ェ ブ ・ リ ン ク ：
https://www.interpol.int/en/How-we-work/Notices/View-UN-Notices-Individuals",REVIEW_REQUIRED,REVIEW_REQUIRED,false,mofa-names-v1
126adf153bd520671b9de87b006de3863ebbbb907b1b3625168cdef117f4a794:UN:633,current_un,633,UN,,person,true,206,126adf153bd520671b9de87b006de3863ebbbb907b1b3625168cdef117f4a794,https://www.mofa.go.jp/mofaj/files/000015952.pdf,https://www.mofa.go.jp/mofaj/files/000015952.pdf#page=206,data/raw/mofa/126adf153bd520671b9de87b006de3863ebbbb907b1b3625168cdef117f4a794.pdf.gz,"６３３．イヤード・アグ・ガーリー（別名：シディー・モハメド・アルハリ（１９５８年１月１日
マリ Bourem Region, Bouressa にて出生））
IYAD AG GHALI
(original script: يلاغ غا دايا)
(a.k.a.: Sidi Mohamed Arhali born 1 Jan. 1958 in Bouressa, Bourem Region, Mali)
称号：不明
役職：不明
生年月日：１９５８年
出生地：Abeibara, Kidal Region, Mali
国籍：マリ
旅券番号：マリ旅券 A1037434（２００１年８月１０日発行、２０１４年１２月３１日失効）
ＩＤ番号：マリ出生証明番号 012546
住所：マリ
国連制裁委員会による指定日：２０１３年２月２５日（２０１４年９月２３日、２０１９年５月
１日、２０２３年３月１５日及び１１月１４日に改訂）
その他の情報：アンサール・エッディーン（６３５．に指定した団体）の創立者及び指導
者。Tuareg Ifogas 部族の一員。イスラム・マグレブ諸国のアル・カーイダ組織（１７３．
に指定した団体）及び西アフリカの一神教と聖戦集団（ＭＵＪＡＯ）（６２９．に指定した
団体）と関係がある。父の名前は Ag Bobacer Arhali、母の名前は Rhiachatou Wallet
Sidi。国連安全保障理事会決議第２２５３号（２０１５年）に基づく見直しは２０１９年２月
２１日に終了した。国連安全保障理事会決議第２６１０号（２０２１年）に基づく見直しは
２０２２年１１月８日に終了した。同人に対するインターポール（国際刑事警察機構）・
国連安全保障理事会特別手配書のウェブ・リンク：https://www.interpol.int/en/How-
we-work/Notices/View-UN-Notices-Individuals",REVIEW_REQUIRED,REVIEW_REQUIRED,false,mofa-names-v1
126adf153bd520671b9de87b006de3863ebbbb907b1b3625168cdef117f4a794:UN:634,current_un,634,UN,,person,true,207,126adf153bd520671b9de87b006de3863ebbbb907b1b3625168cdef117f4a794,https://www.mofa.go.jp/mofaj/files/000015952.pdf,https://www.mofa.go.jp/mofaj/files/000015952.pdf#page=207,data/raw/mofa/126adf153bd520671b9de87b006de3863ebbbb907b1b3625168cdef117f4a794.pdf.gz,"６３４．アフメド・シャフ・ヌールザイ・オバイドゥッラー（別名：(a)ムラー・アフメド・シャフ・
ヌールザイ(b)ハッジ・アフマド・シャフ(c)ハッジ・ムラー・アフマド・シャフ(d)マウラウィ・
アフメド・シャフ(e)ムラー・モハンメド・シャフ）
AHMED SHAH NOORZAI OBAIDULLAH (a.k.a.: (a)Mullah Ahmed Shah Noorzai
(b)Haji Ahmad Shah (c)Haji Mullah Ahmad Shah (d)Maulawi Ahmed Shah (e)Mullah
Mohammed Shah)
称号：(a)Mullah（ムラー） (b)Maulavi（マウラヴィ）
役職：不明
生年月日：(a)１９８５年１月１日 (b)１９８１年
出生地：Quetta, Pakistan
国籍：不明
旅券番号：パキスタン旅券 NC5140251 （２００９年１０月２３日発行、２０１４年１０月２
２日失効、２０１３年時点で公式に失効措置済み）
ＩＤ番号：パキスタン国民ＩＤカード番号 54401-2288025-9（２０１３年時点で公式に失
効措置済み）
住所：Quetta, Pakistan
国連制裁委員会による指定日：２０１３年２月２６日（２０１４年２月１１日に改訂）
その他の情報：ロシャン両替所（６２２．に指定した団体）を所有及び経営している。グ
ル・アーガー・イシャークザイ（５７２．に指定した個人）及びヘルマンド州（Helmand
Province）におけるその他のタリバーンに財政支援を行っている。",EXTRACTED,REVIEW_REQUIRED,false,mofa-names-v1
126adf153bd520671b9de87b006de3863ebbbb907b1b3625168cdef117f4a794:UN:635,current_un,635,UN,,entity,true,207,126adf153bd520671b9de87b006de3863ebbbb907b1b3625168cdef117f4a794,https://www.mofa.go.jp/mofaj/files/000015952.pdf,https://www.mofa.go.jp/mofaj/files/000015952.pdf#page=207,data/raw/mofa/126adf153bd520671b9de87b006de3863ebbbb907b1b3625168cdef117f4a794.pdf.gz,"６３５．アンサール・エッディーン（別称：アンサール・ディーン）
ANSAR EDDINE
(original script: نيدلا راصنا）
(a.k.a.: Ansar Dine)
旧称：不明
所在地：マリ
国連制裁委員会による指定日：２０１３年３月２０日（２０１９年５月１日及び２０２３年３
月１５日に改訂）
その他の情報：２０１１年１２月にイヤード・アグ・ガーリー（６３３．に指定した個人）に
よって設立された。イスラム・マグレブ諸国のアル・カーイダ組織（１７３．に指定した団
体）及び西アフリカの一神教と聖戦集団（ＭＵＪＡＯ）（６２９．に指定した団体）とつなが
りがある。アブデルマレク・ドゥルークデル（５１６．に指定した個人）と関係がある。国
連安全保障理事会決議第２２５３号（２０１５年）に基づく見直しは２０１９年２月２１日
に終了した。国連安全保障理事会決議第２６１０号（２０２１年）に基づく見直しは２０２
２年１１月８日に終了した。同団体に対するインターポール（国際刑事警察機構）・国
連安全保障理事会特別手配書のウェブ・リンク：https://www.interpol.int/en/How-
we-work/Notices/View-UN-Notices-Entities",REVIEW_REQUIRED,REVIEW_REQUIRED,false,mofa-names-v1
126adf153bd520671b9de87b006de3863ebbbb907b1b3625168cdef117f4a794:UN:636,current_un,636,UN,,person,true,207;208,126adf153bd520671b9de87b006de3863ebbbb907b1b3625168cdef117f4a794,https://www.mofa.go.jp/mofaj/files/000015952.pdf,https://www.mofa.go.jp/mofaj/files/000015952.pdf#page=207,data/raw/mofa/126adf153bd520671b9de87b006de3863ebbbb907b1b3625168cdef117f4a794.pdf.gz,"６３６．アダム・カーン・アチャクザイ（別名：(a)マウラヴィ・アダム・カーン(b)マウラヴィ・
アダム）
ADAM KHAN ACHEKZAI (a.k.a.: (a)Maulavi Adam Khan (b)Maulavi Adam)
称号：Maulavi（マウラヴィ）
役職：不明
生年月日：(a)１９７０年 (b)１９７２年 (c)１９７１年 (d)１９７３年 (e)１９７４年 (f)１９７５
年
出生地：Kandahar Province, Afghanistan
国籍：パキスタン
旅券番号：不明
ＩＤ番号：不明
住所：Chaman, Baluchistan Province, Pakistan
国連制裁委員会による指定日：２０１３年４月１６日
その他の情報：簡易爆発物の製造者及びタリバーンへの便宜提供者。２０１０年中期
時点でアフガニスタンのバドギース州(Badghis Province)を管轄するタリバーンのメン
バー。アフガニスタンのサリポル州及びサマンガン州(Sar-e Pul and Samangan
Provinces)を管轄していたタリバーンのメンバー。アフガニスタンのカンダハール州
(Kandahar Province)におけるタリバーンの軍事司令官であり、近隣の州における自爆
テロ攻撃の計画に関与していた。アブドゥル・サマド・アチャクザイ（６０８．に指定した
個人）と関係がある。",EXTRACTED,REVIEW_REQUIRED,false,mofa-names-v1
126adf153bd520671b9de87b006de3863ebbbb907b1b3625168cdef117f4a794:UN:637,current_un,637,UN,,unknown,false,208,126adf153bd520671b9de87b006de3863ebbbb907b1b3625168cdef117f4a794,https://www.mofa.go.jp/mofaj/files/000015952.pdf,https://www.mofa.go.jp/mofaj/files/000015952.pdf#page=208,data/raw/mofa/126adf153bd520671b9de87b006de3863ebbbb907b1b3625168cdef117f4a794.pdf.gz,６３７．※２０２５年１１月１２日解除,HISTORICAL,REVIEW_REQUIRED,false,mofa-names-v1
126adf153bd520671b9de87b006de3863ebbbb907b1b3625168cdef117f4a794:UN:638,current_un,638,UN,,person,true,208;209,126adf153bd520671b9de87b006de3863ebbbb907b1b3625168cdef117f4a794,https://www.mofa.go.jp/mofaj/files/000015952.pdf,https://www.mofa.go.jp/mofaj/files/000015952.pdf#page=208,data/raw/mofa/126adf153bd520671b9de87b006de3863ebbbb907b1b3625168cdef117f4a794.pdf.gz,"６３８．ムハンマド・ジャマル・アブド・アル・ラヒム・アフマド・アル・カシフ（別名：(a) ム
ハンマド・ジャマル・アブドゥ・アル・カシフ(b)ムハンマド･ジャマル・アブドゥ・アル・カシ
ェフ(c)ムハンマド･ジャマル・アブド・アル・ラヒム・アフマド・アル・カシフ(d)ムハンマド･
ジャマル・アブド・アル・ラヒム・アル・カシフ(e)ムハンマド･ジャマル・アブドゥ(f)ムハン
マド･ジャマル(g)ムハンマド・ジャマル・アブ・アフマド（戦闘員名）(h)アブ・アフマド（戦
闘員名）(i)アブ・ジャマル（戦闘員名）(j)ムハンマド･ガマル・アブ・アフメド(k)モハンマ
ド・ジャマル・アブドゥ・アフメド（戦闘員名）(l)ムハンマド･ジャマル・アブドゥ（戦闘員名）
(m)ムハンマド・ジャマル・アフマド・アブドゥ（戦闘員名）(n)リヤド（戦闘員名））
MUHAMMAD JAMAL ABD-AL RAHIM AHMAD AL-KASHIF
(original script: فشاكلا دمحأ میحرلادبع لامج دمحم）
(a.k.a.: (a)Muhammad Jamal Abdo Al-Kashif (b)Muhammad Jamal Abdo Al Kashef
(c)Muhammad Jamal Abd-Al Rahim Ahmad Al-Kashif (d)Muhammad Jamal Abd-Al
Rahim Al-Kashif (e)Muhammad Jamal Abdu (f)Muhammad Jamal (g)Muhammad Jamal
Abu Ahmad (nom de guerre) (h)Abu Ahmad (nom de guerre) (i)Abu Jamal (nom de
guerre) (j)Muhammad Gamal Abu Ahmed (k)Mohammad Jamal Abdo Ahmed (nom de
guerre) (l)Muhammad Jamal Abduh (nom de guerre) (m)Muhammad Jamal Ahmad Abdu
(nom de guerre) (n)Riyadh (nom de guerre) )
称号：不明
役職：不明
生年月日：(a)１９６４年１月１日 (b)１９６４年２月１日
出生地：Cairo, Egypt
国籍：エジプト
旅券番号：(a)エジプト旅券番号 6487(ムハンマド･ジャマル・アブドゥの名で１９８６年１
月３０日発行) (b)ムハンマド･ジャマル・アブド・アル・ラヒム・アフマド・アル・カシフの名
で１９９３年に発行されたエジプト旅券 (c)イエメン旅券番号388181(ムハンマド･ジャマ
ル・アブド・アル・ラヒム・アル・カシフの名)
ＩＤ番号：不明
住所：エジプト
国連制裁委員会による指定日：２０１３年１０月２１日（２０１９年５月１日及び２０２３年
３月１５日に改訂）
その他の情報：１９８０年代後半にアフガニスタンにてアル・カーイダ（１６６．に指定し
た団体）と共に爆弾を製造する訓練を受けた。エジプシャン・イスラミック・ジハード（１
７０．に指定した団体）の元最高軍事指導者。２０１１年以来、エジプトやリビアにおい
てムハンマド･ジャマル・ネットワーク（６３９．に指定した団体）やテロリスト訓練キャン
プを立ち上げた。アラビア半島のアル・カーイダ（５６２．に指定した団体）の支援を受
けてムハンマド･ジャマル・ネットワークのテロリスト活動を実行。２０１２年９月１１日の
リビア、ベンガジにおける米国領事館の襲撃に関与したと報告されている。２０１２年
にエジプトの Nasr 市のテロリスト集団を率いていた。アイマン･アル・ザワヒリ（１５８．
に指定した個人）及びアラビア半島のアル・カーイダやイスラム・マグレブ諸国のア
ル・カーイダ組織（１７３．に指定した団体）の指導者たちとつながりがある。２０００年
以来エジプト当局により複数回逮捕及び投獄されていた。２０１１年に釈放されたが、
２０１２年１１月にエジプト当局により再逮捕されている。２０１３年９月時点で投獄され、
公判中である。妻の名前はサマー･アリ･アル・ダハバニ（イエメン国籍）である。国連
安全保障理事会決議第２２５３号（２０１５年）に基づく見直しは２０１９年２月２１日に
終了した。国連安全保障理事会決議第２６１０号（２０２１年）に基づく見直しは２０２２
年１１月８日に終了した。同人に対するインターポール（国際刑事警察機構）・国連安
全保障理事会特別手配書のウェブ・リンク：https://www.interpol.int/en/How-we-
work/Notices/View-UN-Notices-Individuals",REVIEW_REQUIRED,REVIEW_REQUIRED,false,mofa-names-v1
126adf153bd520671b9de87b006de3863ebbbb907b1b3625168cdef117f4a794:UN:639,current_un,639,UN,,entity,true,209;210,126adf153bd520671b9de87b006de3863ebbbb907b1b3625168cdef117f4a794,https://www.mofa.go.jp/mofaj/files/000015952.pdf,https://www.mofa.go.jp/mofaj/files/000015952.pdf#page=209,data/raw/mofa/126adf153bd520671b9de87b006de3863ebbbb907b1b3625168cdef117f4a794.pdf.gz,"６３９．ムハンマド･ジャマル･ネットワーク（ＭＪＮ）（別称：(a) ムハンマド・ジャマル・グ
ループ(b)ジャマル・ネットワーク(c)アブ･アフメド･グループ(d)エジプトのアル・カーイダ
（ＡＱＥ））
MUHAMMAD JAMAL NETWORK(MJN)
(original script: لامج دمحم ةكبش）
(a.k.a.: (a)Muhammad Jamal Group (b)Jamal Network(c)Abu Ahmed Group (d)Al-Qaida
in Egypt(AQE))
旧称：不明
所在地：エジプト、リビア及びマリにて活動
国連制裁委員会による指定日：２０１３年１０月２１日（２０１９年５月１日及び２０２３年
３月１５日に改訂）
その他の情報：２０１１年にムハンマド・ジャマル・アル・カシフ（６３８．に指定した個人）
により設立されたテロ及び準軍事的集団であり、アル・カーイダ（１６６．に指定した団
体）とアイマン･アル・ザワヒリ（１５８．に指定した個人）及びアラビア半島のアル・カー
イダ（５６２．に指定した団体）とイスラム・マグレブ諸国のアル・カーイダ組織（１７３．
に指定した団体）の指導者たちとつながりがある。アラビア半島のアル・カーイダから
資金提供され、援助されている。エジプトとリビアに複数のテロリスト訓練キャンプを
有している。エジプトのシナイ半島にて、武器の獲得、訓練の実行及びテロ集団の設
立を行っていると報じられている。２０１３年９月時点でエジプト、リビア及びその他の
場所で自爆テロ犯及び外国人戦闘員の訓練並びにテロ攻撃の計画を行っている。
MJN のメンバーは２０１２年９月１１日のリビア、ベンガジの米国領事館の襲撃に関
与していると報じられている。国連安全保障理事会決議第２２５３号（２０１５年）に基
づく見直しは２０１９年２月２１日に終了した。国連安全保障理事会決議第２６１０号（２
０２１年）に基づく見直しは２０２２年１１月８日に終了した。同団体に対するインターポ
ール（国際刑事警察機構）・国連安全保障理事会特別手配書のウェブ・リンク：
https://www.interpol.int/en/How-we-work/Notices/View-UN-Notices-Entities",REVIEW_REQUIRED,REVIEW_REQUIRED,false,mofa-names-v1
126adf153bd520671b9de87b006de3863ebbbb907b1b3625168cdef117f4a794:UN:640,current_un,640,UN,,person,true,210,126adf153bd520671b9de87b006de3863ebbbb907b1b3625168cdef117f4a794,https://www.mofa.go.jp/mofaj/files/000015952.pdf,https://www.mofa.go.jp/mofaj/files/000015952.pdf#page=210,data/raw/mofa/126adf153bd520671b9de87b006de3863ebbbb907b1b3625168cdef117f4a794.pdf.gz,"６４０．モハメド・ラフボス（別名：(a)モハメド・エンヌイニ(b)ハッサン(c)ホシン）
MOHAMED LAHBOUS
(original script: سوبحل دمحم)
(a.k.a.: (a)Mohamed Ennouini (b)Hassan (c)Hocine)
称号：不明
役職：不明
生年月日：１９７８年
出生地：マリ
国籍：マリ
旅券番号：不明
ＩＤ番号：不明
住所：マリ
国連制裁委員会による指定日：２０１３年１０月２４日(２０１９年３月２９日及び２０２３年
３月１５日に改訂）
その他の情報：西アフリカの一神教と聖戦集団（６２９．に指定した団体）のメンバー。
２０１８年２月１４日時点で死亡したと報告されている。国連安全保障理事会決議第２
２５３号（２０１５年）に基づく見直しは２０１９年２月２１日に終了した。国連安全保障理
事会決議第２６１０号（２０２１年）に基づく見直しは２０２２年１１月８日に終了した。同
人に対するインターポール（国際刑事警察機構）・国連安全保障理事会特別手配書
の ウ ェ ブ ・ リ ン ク ： https://www.interpol.int/en/How-we-work/Notices/View-UN-
Notices-Individuals",REVIEW_REQUIRED,REVIEW_REQUIRED,false,mofa-names-v1
126adf153bd520671b9de87b006de3863ebbbb907b1b3625168cdef117f4a794:UN:641,current_un,641,UN,,person,true,211,126adf153bd520671b9de87b006de3863ebbbb907b1b3625168cdef117f4a794,https://www.mofa.go.jp/mofaj/files/000015952.pdf,https://www.mofa.go.jp/mofaj/files/000015952.pdf#page=211,data/raw/mofa/126adf153bd520671b9de87b006de3863ebbbb907b1b3625168cdef117f4a794.pdf.gz,"６４１．アブドゥ・アル・ハミド・アル・マスリ（別名：(a)アブドゥ・アル・ハミド・ムハンマド・
アブドゥ・アル・ハミド・アル・マスリ(b)アブドゥ・アル・ハミド・ムサッリ(c)ハミド・マスリ(d)
ハムザ・アル・ダルナウィ(e)ハムザー・アル・ダルナウィ(f)ハムザ・ダルナウィ(g)ハム
ザー・ダルナウィ(h)ハムザー・ディルナウィ(i)ハムザ・ダルナビ(j)ハムザ・アル・ダルナ
ビ(k)アブドゥッラー・ダルナウィ(l)アブ・ハムザー・アル・ダルナウィ）
ABD-AL-HAMID AL-MASLI
(original script: يلصملا دیمحلادبع)
(a.k.a.:(a)Abd-al-Hamid Muhammad Abd-al-Hamid Al-Masli (b)Abd-al-Hamid Musalli
(c)Hamid Masli (d)Hamza al-Darnawi (e)Hamzah al-Darnawi (f)Hamza Darnawi
(g)Hamzah Darnawi (h)Hamzah Dirnawi (i)Hamza Darnavi(j)Hamza al-Darnavi
(k)Abdullah Darnawi (l)Abu-Hamzah al-Darnawi)
称号：不明
役職：不明
生年月日：１９７６年
出生地：(a)Darnah, Libya (b)Danar, Libya
国籍：リビア
旅券番号：不明
ＩＤ番号：不明
住所：パキスタンの連邦直轄部族地域（Federally Administered Tribal Areas）にある
Waziristan にいると報告されている。
国連制裁委員会による指定日：２０１３年１１月２６日（２０１９年５月１日及び２０２３年
３月１５日に改訂）
その他の情報：即席の爆発物を生産するアル・カーイダ電子及び爆発物作業場の指
導者及びトレーナー。国連安全保障理事会決議第２２５３号（２０１５年）に基づく見直
しは２０１９年２月２１日に終了した。国連安全保障理事会決議第２６１０号（２０２１年）
に基づく見直しは２０２２年１１月８日に終了した。同人に対するインターポール（国際
刑 事 警 察 機 構 ） ・ 国 連 安 全 保 障 理 事 会 特 別 手 配 書 の ウ ェ ブ ・ リ ン ク ：
https://www.interpol.int/en/How-we-work/Notices/View-UN-Notices-Individuals",REVIEW_REQUIRED,REVIEW_REQUIRED,false,mofa-names-v1
126adf153bd520671b9de87b006de3863ebbbb907b1b3625168cdef117f4a794:UN:642,current_un,642,UN,,unknown,false,211,126adf153bd520671b9de87b006de3863ebbbb907b1b3625168cdef117f4a794,https://www.mofa.go.jp/mofaj/files/000015952.pdf,https://www.mofa.go.jp/mofaj/files/000015952.pdf#page=211,data/raw/mofa/126adf153bd520671b9de87b006de3863ebbbb907b1b3625168cdef117f4a794.pdf.gz,６４２． ※２０１９年３月１日解除,HISTORICAL,REVIEW_REQUIRED,false,mofa-names-v1
126adf153bd520671b9de87b006de3863ebbbb907b1b3625168cdef117f4a794:UN:643,current_un,643,UN,,person,true,211;212,126adf153bd520671b9de87b006de3863ebbbb907b1b3625168cdef117f4a794,https://www.mofa.go.jp/mofaj/files/000015952.pdf,https://www.mofa.go.jp/mofaj/files/000015952.pdf#page=211,data/raw/mofa/126adf153bd520671b9de87b006de3863ebbbb907b1b3625168cdef117f4a794.pdf.gz,"６４３．カリ･サイフッラー･トヒ（別名：(a)カリ･サイフッラー(b)カリ･サイフッラー･アル･トヒ
(c)サイフッラー･トヒ(d)カリ･サハブ）
QARI SAIFULLAH TOKHI (a.k.a.: (a)Qari Saifullah (b)Qari Saifullah Al Tokhi (c)
Saifullah Tokhi (d)Qari Sahab)
称号：Qari（カリ）
役職：不明
生年月日：１９６４年頃
出生地：Daraz Village Jaldak wa Tarnak District, Zabul Province, Afghanistan
国籍：アフガニスタン
旅券番号：不明
ＩＤ番号：不明
住所：Chalo Bawari area, Quetta City, Baluchistan Province, Pakistan
国連制裁委員会による指定日：２０１４年３月１９日
その他の情報：アフガニスタンとパキスタンの国境地帯にいると思われている。アフガ
ニスタンのザブール州(Zabul Province)のタリバーンの影の副知事及び作戦上の司令
官であり，簡易爆発装置の敷設及び自爆攻撃の準備の責任者。身体的情報；身長：
180 センチメートル、体重：約 90 キログラム、体格：がっしりとした体格、目の色：茶、
髪の色：赤、肌の色：茶。識別される身体的特徴；大きな丸い顔、口ひげとあごひげが
ある、左足下部のプラスチックの義足のために足を引きずって歩く。民族的背景：パシ
ュトゥン人、Tokhi（Torchi）部族、Barkozai(Bakorzai)亜族及び Kishta Barkorzai(lower
Barkorzai)氏族に属する。既婚。父親の名前はアガ･モハンマド。兄弟の名前はフムド
ゥッラー。",EXTRACTED,REVIEW_REQUIRED,false,mofa-names-v1
126adf153bd520671b9de87b006de3863ebbbb907b1b3625168cdef117f4a794:UN:644,current_un,644,UN,,unknown,false,212,126adf153bd520671b9de87b006de3863ebbbb907b1b3625168cdef117f4a794,https://www.mofa.go.jp/mofaj/files/000015952.pdf,https://www.mofa.go.jp/mofaj/files/000015952.pdf#page=212,data/raw/mofa/126adf153bd520671b9de87b006de3863ebbbb907b1b3625168cdef117f4a794.pdf.gz,６４４． ※２０２６年３月５日解除,HISTORICAL,REVIEW_REQUIRED,false,mofa-names-v1
126adf153bd520671b9de87b006de3863ebbbb907b1b3625168cdef117f4a794:UN:645,current_un,645,UN,,entity,true,212,126adf153bd520671b9de87b006de3863ebbbb907b1b3625168cdef117f4a794,https://www.mofa.go.jp/mofaj/files/000015952.pdf,https://www.mofa.go.jp/mofaj/files/000015952.pdf#page=212,data/raw/mofa/126adf153bd520671b9de87b006de3863ebbbb907b1b3625168cdef117f4a794.pdf.gz,"６４５．ジャマトゥ・アフリス・スンナ・リッダァワティ・ワル・ジハード（別称：(a)ジャマトゥ・
アフルス・スンナ・リッダァワティ・ワル・ジハード(b)ジャマトゥ・アフルス・スンナ・リッダ
ァワティ・ワル・ジハード(c) 【アラビア語】(d)ボコ・ハラム(e)西洋式教育は罪）
JAMA'ATU AHLIS SUNNA LIDDA'AWATI WAL-JIHAD
(a.k.a.: (a)Jama'atu Ahlus-Sunnah Lidda'Awati Wal Jihad (b)Jama'atu Ahlus-Sunna
Lidda’Awati Wal Jihad (c)د اھجلاو ةوعدلل ة نسلا لهأ ة عامج (d)Boko Haram
(e)Western Education is a Sin)
旧称：不明
所在地：ナイジェリア
国連制裁委員会による指定日：２０１４年５月２２日（２０１９年１２月６日及び 2024 年２
月７日に改訂）
その他の情報：アル・カーイダ（１６６．に指定した団体）及びイスラム・マグレブ諸国の
アル・カーイダ組織（AQIM）（１７３．に指定した団体）と関係がある。ジャマトゥ・アンサ
ルー・ムスリミナ・フィ・ビラディス・スーダン（アンサル）と連携している。指導者はアブ
バカール・シェカウ。国連安全保障理事会決議第２３６８号（２０１７年）に基づく見直し
は２０１９年１２月４日に終了した。国連安全保障理事会決議第２６１０号（２０２１年）
に基づく見直しは２０２３年１０月３０日に終了した。同団体に対するインターポール
（国際刑事警察機構）・国連安全保障理事会特別手配書のウェブ・リンク：
https://www.interpol.int/en/How-we-work/Notices/View-UN-Notices-Entities",EXTRACTED,REVIEW_REQUIRED,false,mofa-names-v1
126adf153bd520671b9de87b006de3863ebbbb907b1b3625168cdef117f4a794:UN:646,current_un,646,UN,,entity,true,213,126adf153bd520671b9de87b006de3863ebbbb907b1b3625168cdef117f4a794,https://www.mofa.go.jp/mofaj/files/000015952.pdf,https://www.mofa.go.jp/mofaj/files/000015952.pdf#page=213,data/raw/mofa/126adf153bd520671b9de87b006de3863ebbbb907b1b3625168cdef117f4a794.pdf.gz,"６４６． アル・ムワッカウーナ・ビッダム（別称：(a)血判部隊(b)血判部隊(c)血判部隊）
AL MOUAKAOUNE BIDDAM (original script : نوعقوملا مدلاب)
(a.k.a.:(a)Les Signataires par le Sang (b)Ceux Qui Signent avec le Sang (c)Those Who
Sign in Blood)
旧称：不明
所在地：マリ
国連制裁委員会による指定日：２０１４年６月２日（２０１９年１２月６日及び 2024 年２
月７日に改訂）
その他の情報：イスラム・マグレブ諸国のアル・カーイダ組織（１７３．に指定した団体）
と連携し、ムフタール・ビルムフタール（３９３．に指定した個人）に率いられている。サ
ヘル・サハラ地域で活動している。国連安全保障理事会決議第２３６８号（２０１７年）
に基づく見直しは２０１９年１２月４日に終了した。国連安全保障理事会決議第２６１０
号（２０２１年）に基づく見直しは２０２３年１０月３０日に終了した。同団体に対するイン
ターポール（国際刑事警察機構）・国連安全保障理事会特別手配書のウェブ・リンク：
https://www.interpol.int/en/How-we-work/Notices/View-UN-Notices-Entities",REVIEW_REQUIRED,REVIEW_REQUIRED,false,mofa-names-v1
126adf153bd520671b9de87b006de3863ebbbb907b1b3625168cdef117f4a794:UN:647,current_un,647,UN,,entity,true,213,126adf153bd520671b9de87b006de3863ebbbb907b1b3625168cdef117f4a794,https://www.mofa.go.jp/mofaj/files/000015952.pdf,https://www.mofa.go.jp/mofaj/files/000015952.pdf#page=213,data/raw/mofa/126adf153bd520671b9de87b006de3863ebbbb907b1b3625168cdef117f4a794.pdf.gz,"６４７． アル・ムラッサムーン（別称：(a)覆面部隊(b)覆面部隊）
AL MOULATHAMOUN (original script: نومثلملا)
(a.k.a.: (a)Les Enturbannés (b)The Veiled)
旧称：不明
所在地：(a)アルジェリア (b)マリ (c)ニジェール
国連制裁委員会による指定日：２０１４年６月２日（２０１９年１２月６日及び 2024 年２
月７日に改訂）
その他の情報：イスラム・マグレブ諸国のアル・カーイダ組織（１７３．に指定した団体）
の分派集団として２０１２年に結成。２０１３年８月２０日、アル・ムラッサムーンは西ア
フリカの一神教と聖戦集団（ＭＵＪＡＯ）（６２９．に指定した団体）と合併し、アル・ムラ
ービトゥーン（６４８．に指定した団体）を結成。イスラム・マグレブ諸国のアル・カーイ
ダ組織（１７３．に指定した団体）と連携し、ムフタール・ビルムフタール（３９３．に指定
した個人）に率いられている。サヘル・サハラ地域で活動している。国連安全保障理
事会決議第２３６８号（２０１７年）に基づく見直しは２０１９年１２月４日に終了した。国
連安全保障理事会決議第２６１０号（２０２１年）に基づく見直しは２０２３年１０月３０日
に終了した。同団体に対するインターポール（国際刑事警察機構）・国連安全保障理
事会特別手配書のウェブ・リンク：
https://www.interpol.int/en/How-we-work/Notices/View-UN-Notices-Entities",REVIEW_REQUIRED,REVIEW_REQUIRED,false,mofa-names-v1
126adf153bd520671b9de87b006de3863ebbbb907b1b3625168cdef117f4a794:UN:648,current_un,648,UN,,entity,true,213;214,126adf153bd520671b9de87b006de3863ebbbb907b1b3625168cdef117f4a794,https://www.mofa.go.jp/mofaj/files/000015952.pdf,https://www.mofa.go.jp/mofaj/files/000015952.pdf#page=213,data/raw/mofa/126adf153bd520671b9de87b006de3863ebbbb907b1b3625168cdef117f4a794.pdf.gz,"６４８． アル・ムラービトゥーン（別称：(a)番人(b)番人）
AL MOURABITOUN (original script : نوطبارملا)
（a.k.a.: (a)Les Sentinelles (b)The Sentinels）
旧称：不明
所在地：マリ
国連制裁委員会による指定日：２０１４年６月２日（２０１９年１２月６日及び 2024 年２
月７日に改訂）
その他の情報：アル・ムラッサムーン（６４７．に指定した団体）と西アフリカの一神教と
聖戦集団（ＭＵＪＡＯ）（６２９．に指定した団体）の合併の結果、２０１３年８月２０日に
結成。イスラム・マグレブ諸国のアル・カーイダ組織（１７３．に指定した団体）と連携し、
ムフタール・ビルムフタール（３９３．に指定した個人）に率いられている。サヘル・サハ
ラ地域で活動している。国連安全保障理事会決議第２３６８号（２０１７年）に基づく見
直しは２０１９年１２月４日に終了した。国連安全保障理事会決議第２６１０号（２０２１
年）に基づく見直しは２０２３年１０月３０日に終了した。同団体に対するインターポー
ル（国際刑事警察機構）・国連安全保障理事会特別手配書のウェブ・リンク：
https://www.interpol.int/en/How-we-work/Notices/View-UN-Notices-Entities",REVIEW_REQUIRED,REVIEW_REQUIRED,false,mofa-names-v1
126adf153bd520671b9de87b006de3863ebbbb907b1b3625168cdef117f4a794:UN:649,current_un,649,UN,,person,true,214;215,126adf153bd520671b9de87b006de3863ebbbb907b1b3625168cdef117f4a794,https://www.mofa.go.jp/mofaj/files/000015952.pdf,https://www.mofa.go.jp/mofaj/files/000015952.pdf#page=214,data/raw/mofa/126adf153bd520671b9de87b006de3863ebbbb907b1b3625168cdef117f4a794.pdf.gz,"６４９．アブバカル・モハンメド・シェカウ（別名：(a)アブバカル・シェカウ (b)アブ・モハン
メド・アブバカル・ビン・モハンメド (c)アブ・ムハンメド・アブバカル・ビ・モハンメド (d)シ
ェカウ (e)シェフ (f)シャキュ (g)イマーム・ダリュル・タウヒード (h)イマーム・ダリュル・
タウヒード）
ABUBAKAR MOHAMMED SHEKAU
(original script: ىوكشلا دمحم ركب وبأ)
(a.k.a.: (a)Abubakar Shekau (b)Abu Mohammed Abubakar bin Mohammed (c)Abu
Muhammed Abubakar bi Mohammed (d)Shekau (e)Shehu (f)Shayku (g)Imam Darul
Tauhid (h)Imam Darul Tawheed)
称号：イマーム（Imam）
役職：不明
生年月日：１９６９年
出生地：Shekau Village, Yobe State, Nigeria
国籍：ナイジェリア
旅券番号：不明
ＩＤ番号：不明
住所: ナイジェリア
国連制裁委員会による指定日：２０１４年６月２６日（２０１９年１２月６日及び 2024 年２
月７日に改訂）
その他の情報：カヌリ族の一員。身体的情報：目の色及び髪の色は黒。写真はインタ
ーポール（国際刑事警察機構）･国連安全保障理事会特別手配書に含まれているも
のを利用可能。ジャマトゥ・アフリス・スンナ・リッダァワティ・ワル・ジハード（ボコ・ハラ
ム）（６４５．で指定した団体）の指導者。シェカウの指導の下、ボコ・ハラムは一連の
主要なテロ攻撃を実行している。国連安全保障理事会決議第２３６８号（２０１７年）に
基づく見直しは２０１９年１２月４日に終了した。国連安全保障理事会決議第２６１０号
（２０２１年）に基づく見直しは２０２３年１０月３０日に終了した。同人に対するインター
ポール（国際刑事警察機構）・国連安全保障理事会特別手配書のウェブ・リンク：
https://www.interpol.int/en/How-we-work/Notices/View-UN-Notices-Individuals",REVIEW_REQUIRED,REVIEW_REQUIRED,false,mofa-names-v1
126adf153bd520671b9de87b006de3863ebbbb907b1b3625168cdef117f4a794:UN:650,current_un,650,UN,,entity,true,215,126adf153bd520671b9de87b006de3863ebbbb907b1b3625168cdef117f4a794,https://www.mofa.go.jp/mofaj/files/000015952.pdf,https://www.mofa.go.jp/mofaj/files/000015952.pdf#page=215,data/raw/mofa/126adf153bd520671b9de87b006de3863ebbbb907b1b3625168cdef117f4a794.pdf.gz,"６５０． アンサル・ムスリミーナ・フィー・ビラーディ・スーダン（別称：(a)アンサル (b)ア
ンサル・ムスリミーナ・フィー・ビラーディ・スーダン (c)ジャマトゥ・アンサリル・ムスリミ
ーナ・フィー・ビラーディ・スーダン（JAMBS） (d)ジャマトゥ・アンサル・ムスリミーナ・フィ
ー・ビラーディ・スーダン（JAMBS） (e)ジャマトゥ・アンサル・ムスリミーナ・フィー・ビラ
ーディ・スーダン（JAMBS） (f)ブラック・アフリカにおけるイスラム教徒保護のための先
駆者集団 (g)ブラック・アフリカにおけるイスラム教徒保護のための先駆者）
ANSARUL MUSLIMINA FI BILADIS SUDAN
(original script: نادوسلا د لاب يف نیملسملا راصنأ) (a.k.a.: (a)Ansaru (b)Ansarul
Muslimina fi Biladis Sudan (c)Jama'atu Ansaril Muslimina fi Biladis Sudan (JAMBS)
(d)Jama’atu Ansarul Muslimina fi Biladis-Sudan (JAMBS) (e)Jamma’atu Ansarul
Muslimina fi Biladis-Sudan (JAMBS) (f)Vanguards for the Protection of Muslims in
Black Africa (g)Vanguard for the Protection of Muslims in Black Africa)
旧称：不明
所在地：ナイジェリア
国連制裁委員会による指定日：２０１４年６月２６日（２０１９年１２月６日及び 2024 年２
月７日に改訂）
その他の情報：２０１２年に結成されたテロリスト・準軍事的集団であり、ナイジェリア
で活動している。イスラム・マグレブ諸国のアル・カーイダ組織（AQIM）（１７３．に指定
した団体）、ジャマトゥ・アフリス・スンナ・リッダァワティ・ワル・ジハード（ボコ・ハラム）
（６４５．で指定した団体）及びアブバカル・モハンメド・シェカウ（６４９．で指定した個人）
と連携している。国連安全保障理事会決議第２３６８号（２０１７年）に基づく見直しは２
０１９年１２月４日に終了した。国連安全保障理事会決議第２６１０号（２０２１年）に基
づく見直しは２０２３年１０月３０日に終了した。同団体に対するインターポール（国際
刑 事 警 察 機 構 ） ・ 国 連 安 全 保 障 理 事 会 特 別 手 配 書 の ウ ェ ブ ・ リ ン ク ：
https://www.interpol.int/en/How-we-work/Notices/View-UN-Notices-Entities",REVIEW_REQUIRED,REVIEW_REQUIRED,false,mofa-names-v1
126adf153bd520671b9de87b006de3863ebbbb907b1b3625168cdef117f4a794:UN:651,current_un,651,UN,,person,true,215;216,126adf153bd520671b9de87b006de3863ebbbb907b1b3625168cdef117f4a794,https://www.mofa.go.jp/mofaj/files/000015952.pdf,https://www.mofa.go.jp/mofaj/files/000015952.pdf#page=215,data/raw/mofa/126adf153bd520671b9de87b006de3863ebbbb907b1b3625168cdef117f4a794.pdf.gz,"６５１．ヤハヤー・ハッカーニ（別名：(a)ヤヤ (b)カリ・サハブ）
YAHYA HAQQANI (a.k.a.: (a)Yaya (b)Qari Sahab)
称号：不明
役職：不明
生年月日：(a)１９８２年 (b)１９７８年
出生地：不明
国籍：アフガニスタン
旅券番号：不明
ＩＤ番号：不明
住所：アフガニスタンとパキスタンの国境地帯にあるハッカーニ・マドラサ
国連制裁委員会による指定日：２０１４年７月３１日
その他の情報：ハッカーニ・ネットワーク（HQN）（６２６．に指定した団体）の幹部。同団
体の軍事，財政，宣伝活動に深く関与。脚を負傷。父の名前は Hajji Meyawar Khan
（死亡）。",EXTRACTED,REVIEW_REQUIRED,false,mofa-names-v1
126adf153bd520671b9de87b006de3863ebbbb907b1b3625168cdef117f4a794:UN:652,current_un,652,UN,,person,true,216,126adf153bd520671b9de87b006de3863ebbbb907b1b3625168cdef117f4a794,https://www.mofa.go.jp/mofaj/files/000015952.pdf,https://www.mofa.go.jp/mofaj/files/000015952.pdf#page=216,data/raw/mofa/126adf153bd520671b9de87b006de3863ebbbb907b1b3625168cdef117f4a794.pdf.gz,"６５２．サイドゥッラー・ジャン（別名：アビード・カーン）
SAIDULLAH JAN (a.k.a.: Abid Khan)
称号：不明
役職：不明
生年月日：１９８２年
出生地：Giyan District, Paktika Province, Afghanistan
国籍：不明
旅券番号：不明
ＩＤ番号：不明
住所：不明
国連制裁委員会による指定日：２０１４年７月３１日
その他の情報：２０１３年時点でハッカーニ・ネットワーク（HQN）（６２６．に指定した団
体）の幹部。HQN の弾薬を運搬する運転手及び車両に対して重要な便宜を提供。ま
た２０１１年時点で同団体の勧誘運動にも関与。父の名前は Bakhta Jan。",EXTRACTED,REVIEW_REQUIRED,false,mofa-names-v1
126adf153bd520671b9de87b006de3863ebbbb907b1b3625168cdef117f4a794:UN:653,current_un,653,UN,,person,true,216,126adf153bd520671b9de87b006de3863ebbbb907b1b3625168cdef117f4a794,https://www.mofa.go.jp/mofaj/files/000015952.pdf,https://www.mofa.go.jp/mofaj/files/000015952.pdf#page=216,data/raw/mofa/126adf153bd520671b9de87b006de3863ebbbb907b1b3625168cdef117f4a794.pdf.gz,"６５３．ムハンマド・オマル・ザドラーン（別名：モハンマド・オマル・ジャドラーン）
MUHAMMAD OMAR ZADRAN (a.k.a.: Mohammad-Omar Jadran)
称号：(a)Maulavi (b)Mullah
役職：不明
生年月日：１９５８年
出生地：Sultan Kheyl Village, Spera District, Khost Province, Afghanistan
国籍：不明
旅券番号：不明
ＩＤ番号：不明
住所：アフガニスタンとパキスタンの国境地帯
国連制裁委員会による指定日：２０１４年７月３１日
その他の情報：２０１３年時点でハッカーニ・ネットワーク（HQN）（６２６．に指定した団
体）の指導者であり，アフガニスタンの Khost Province で活動する１００名以上の戦闘
員を指揮。アフガニスタンでアフガニスタン及び国際部隊に対する攻撃準備に関与。",EXTRACTED,REVIEW_REQUIRED,false,mofa-names-v1
126adf153bd520671b9de87b006de3863ebbbb907b1b3625168cdef117f4a794:UN:654,current_un,654,UN,,person,true,216;217,126adf153bd520671b9de87b006de3863ebbbb907b1b3625168cdef117f4a794,https://www.mofa.go.jp/mofaj/files/000015952.pdf,https://www.mofa.go.jp/mofaj/files/000015952.pdf#page=216,data/raw/mofa/126adf153bd520671b9de87b006de3863ebbbb907b1b3625168cdef117f4a794.pdf.gz,"６５４． アブデルラフマン・ムハマド・ザフィル・アル・ダビディ・アル・ジャファニ（別名：
(a)アブド・アル・ラフマン・ムハンマド・ザフィル・アル・デュバイシ・アル・ジュヒニ (b)ア
ブド・アル・ラフマン・ムハンマド・ザフィル・アル・デュバイシ・アル・ジャヒニ (c)アブド・
アル・ラフマン・ムハンマド・ザフィル・アル・デュバイシ・アル・ジャハニ (d)アブド・ア
ル・ラフマン・ムハンマド・ザフィル・アル・デュバイシ・アル・ジュハニ (e)アブデュルル
フマン・モハンメド・D.アルジャハーニ (f)アブ・アル・ワファ (g)アブ・アナス (h)アブド・
アル・ラフマン・ムハンマド・ザフィル・アル・ダビシ・アル・ジャハニ (i)アブ・ワファ・ア
ル・サウディ (j)アブ・アル・ワファ (k)アブド・アル・ラフマン・ムハンマド・タフィール・ア
ル・ジャヒニ (l)アブド・アル・ラフマン・ムハンマド・アル・ジュハニ (m)アブデルラフマ
ン・ムハマド・ザフィル・アル・ダビッシ・ジュハン (n)アブデルラフマン・ムハマド・ザフィ
ル・アル・ダビッシ・ジュハニ）
ABDELRAHMAN MOUHAMAD ZAFIR AL DABIDI AL JAHANI (a.k.a.: (a)Abd Al-
Rahman Muhammad Zafir Al-Dubaysi Al-Juhni (b)Abd Al-Rahman Muhammad Zafir
al-Dubaysi al-Jahni (c)Abd Al-Rahman Muhammad Zafir al-Dubaysi al-Jahani (d)Abd
Al-Rahman Muhammad Zafir al-Dubaysi al-Juhani (e)Abdulrhman Mohammed D.
Aljahani (f)Abu al-Wafa’ (g)Abu Anas (h)Abd al-Rahman Muhammad Zafir al-Dabisi al-
Jahani (i)Abu Wafa al-Saudi (j)Abu al-Wafa (k)Abd al-Rahman Muhammad Thafir al-
Jahni (l)Abd al-Rahman Muhammad al-Juhani (m)Abdelrahman Mouhamad Zafir al
Dabissi Juhan (n)Abdelrahman Mouhamad Zafir al Dabissi Juhani )
称号：不明
役職：不明
生年月日：(a)１９７１年１２月４日 (b)１９７７年
出生地：Kharj, Saudi Arabia
国籍：サウジアラビア
旅券番号：F５０８５９１
ＩＤ番号：サウジアラビア国民ＩＤ番号１０２７５０８１５７
住所：不明
国連制裁委員会による指定日：２０１４年８月１５日（２０１９年１２月６日及び 2024 年２
月７日に改訂）
その他の情報：レバントの人々のためのアル・ヌスラ戦線（６４４．に指定した団体）と
してリストに掲載されているジャブハット・アル・ヌスラの一員及び地方司令官であり、
同団体の外国人勧誘の斡旋者。国連安全保障理事会決議第２３６８号（２０１７年）に
基づく見直しは２０１９年１２月４日に終了した。国連安全保障理事会決議第２６１０号
（２０２１年）に基づく見直しは２０２３年１０月３０日に終了した。同人に対するインター
ポール（国際刑事警察機構）・国連安全保障理事会特別手配書のウェブ・リンク：
https://www.interpol.int/en/How-we-work/Notices/View-UN-Notices-Individuals",EXTRACTED,REVIEW_REQUIRED,false,mofa-names-v1
126adf153bd520671b9de87b006de3863ebbbb907b1b3625168cdef117f4a794:UN:655,current_un,655,UN,,person,true,217;218,126adf153bd520671b9de87b006de3863ebbbb907b1b3625168cdef117f4a794,https://www.mofa.go.jp/mofaj/files/000015952.pdf,https://www.mofa.go.jp/mofaj/files/000015952.pdf#page=217,data/raw/mofa/126adf153bd520671b9de87b006de3863ebbbb907b1b3625168cdef117f4a794.pdf.gz,"６５５．アブドゥル・ムフスィン・アブダッラー・イブラヒム・アル・シャレフ（別名：(a)アブド
ゥル・ムフスィン・アブドゥッラー・イブラヒム・アル・シャリフ (b)サナフィ・アル・ナスル）
ABDUL MOHSEN ABDALLAH IBRAHIM AL CHAREKH
(a.k.a.: (a)Abdul Mohsen Abdullah Ibrahim Al-Sharikh (b)Sanafi al Nasr)
称号：不明
役職：不明
生年月日：１９８５年７月１３日
出生地：Saqra, Saudi Arabia
国籍：サウジアラビア
旅券番号：不明
ＩＤ番号：不明
住所：不明
国連制裁委員会による指定日：２０１４年８月１５日（２０１９年５月１日、２０２１年１１月
１５日及び２０２５年３月１１日に改訂）
その他の情報：久しくアル・カーイダ（１６６．に指定した団体）への便宜提供者及び資
金提供者であり、レバントの人々のためのアル・ヌスラ戦線（６４４．に指定した団体）
としてリストに掲載されているジャブハット・アル・ヌスラの地域指導者に任命されてい
る。２０１５年にシリア北西部における対テロ作戦により死亡したと報告されている。国
連安全保障理事会決議第２２５３号（２０１５年）に基づく見直しは２０１９年２月２１日
に終了した。国連安全保障理事会決議第２３６８号（２０１７年）に基づく見直しは２０２
１年１１月１５日に終了した。同人に対するインターポール（国際刑事警察機構）・ 国
連安全保障理事会特別手配書のウェブ・リンク：https://www.interpol.int/en/How-
we-work/Notices/View-UN-Notices-Individuals",EXTRACTED,REVIEW_REQUIRED,false,mofa-names-v1
126adf153bd520671b9de87b006de3863ebbbb907b1b3625168cdef117f4a794:UN:656,current_un,656,UN,,person,true,218;219,126adf153bd520671b9de87b006de3863ebbbb907b1b3625168cdef117f4a794,https://www.mofa.go.jp/mofaj/files/000015952.pdf,https://www.mofa.go.jp/mofaj/files/000015952.pdf#page=218,data/raw/mofa/126adf153bd520671b9de87b006de3863ebbbb907b1b3625168cdef117f4a794.pdf.gz,"６５６．アブー・モハメド・アル・アドナーニー（別名：(a)ヤーセル・ハラフ・ナッザール・ア
ッラーウィー (b)ジャーベル・ターハ・ファラー (c)アブー・ハッターブ (d)アブー・サーデ
ク・アッラーウィー (e)ターハ・アル・ビンチ (f)アブ・モハンメド・アル・アドナーニー (g)
ターハ・ソブヒー・ファラーハ (h)ヤーシル・ハラフ・フセイン・ナザール・アル・ラーウィ
ー (i)アブ・バケル・アル・ハッターブ (j)アブ・サーデク・アル・ラーウィー (k)ターハ・ア
ル・バンシー (l)アブ・モハメド・アル・アドナーニー (m)アブ・モハンマド・アル・アドナー
ニー・アル・シャーミー (n)ハッジ・イブラヒム）
ABOU MOHAMED AL ADNANI
(a.k.a.: (a)Yaser Khalaf Nazzal Alrawi (b)Jaber Taha Falah (c)Abou Khattab (d)Abou
Sadeq Alrawi (e)Tah al Binchi (f)Abu Mohammed al Adnani (g)Taha Sobhi Falaha
(h)Yasser Khalaf Hussein Nazal al-Rawi (i)Abu Baker al Khatab (j)Abu Sadek al-Rawi
(k)Taha al-Banshi (l)Abu Mohamed al-Adnani (m)Abu Mohammad al-Adnani al-Shami
(n)Hajj Ibrahim)
称号：不明
役職：不明
生年月日：１９７７年頃
出生地：Binnish, Syrian Arab Republic
国籍：イラク
旅券番号：不明
ＩＤ番号：不明
住所：不明
国連制裁委員会による指定日：２０１４年８月１５日（２０１９年５月１日、２０２１年１１月
１５日及び２０２５年３月１１日に改訂）
その他の情報：イラクのアル・カーイダ（４５３．に指定した団体）としてリストに掲載さ
れているイラクとレバント地方のイスラム国（ISIL）のかつての公式報道官であり、か
つシリアの ISIL の首長であり、アブ・モハンメド・アル・ジャウラニ（６３７．に指定した個
人）や、イブラヒーム・アッワード・イブラヒーム・アリー・アル・バドリー・アル・サマッライ
（６００．に指定した個人）としてリストに掲載されているアブー・バクル・アル・バグダー
ディと緊密な関係があった。２０１６年８月のシリアのアル・バーブ付近における空爆
により死亡したと報告されている。国連安全保障理事会決議第２２５３号（２０１５年）
に基づく見直しは２０１９年２月２１日に終了した。国連安全保障理事会決議第２３６８
号（２０１７年）に基づく見直しは２０２１年１１月１５日に終了した。写真はインターポー
ル（国際刑事警察機構）･国連安全保障理事会特別手配書に含まれているものを利
用可能。同人に対するインターポール（国際刑事警察機構）・国連安全保障理事会特
別 手 配 書 の ウ ェ ブ ・ リ ン ク ： https://www.interpol.int/en/How-we-
work/Notices/View-UN-Notices-Individuals",EXTRACTED,REVIEW_REQUIRED,false,mofa-names-v1
126adf153bd520671b9de87b006de3863ebbbb907b1b3625168cdef117f4a794:UN:657,current_un,657,UN,,unknown,false,219,126adf153bd520671b9de87b006de3863ebbbb907b1b3625168cdef117f4a794,https://www.mofa.go.jp/mofaj/files/000015952.pdf,https://www.mofa.go.jp/mofaj/files/000015952.pdf#page=219,data/raw/mofa/126adf153bd520671b9de87b006de3863ebbbb907b1b3625168cdef117f4a794.pdf.gz,６５７． ※２０２５年６月１６日解除,HISTORICAL,REVIEW_REQUIRED,false,mofa-names-v1
126adf153bd520671b9de87b006de3863ebbbb907b1b3625168cdef117f4a794:UN:658,current_un,658,UN,,person,true,219,126adf153bd520671b9de87b006de3863ebbbb907b1b3625168cdef117f4a794,https://www.mofa.go.jp/mofaj/files/000015952.pdf,https://www.mofa.go.jp/mofaj/files/000015952.pdf#page=219,data/raw/mofa/126adf153bd520671b9de87b006de3863ebbbb907b1b3625168cdef117f4a794.pdf.gz,"６５８． ハミド・ハマド・ハミド・アル・アリ
HAMID HAMAD HAMID AL-‘ALI
称号：不明
役職：不明
生年月日：1960 年 11 月 17 日
出生地：クウェート
国籍：クウェート
旅券番号：(a)クウェート旅券番号 001714467 (b)クウェート旅券番号 101505554
ＩＤ番号：不明
住所：不明
国連制裁委員会による指定日：2014 年 8 月 15 日（2021 年 3 月 23 日及び 12 月 29
日に改訂）
その他の情報：クウェートを拠点とし、イラクのアル・カーイダ（453．に指定した団体）
としてリストに掲載されているイラクとレバント地方のイスラム国（ISIL）及びレバントの
人々のためのアル・ヌスラ戦線（644．に指定した団体）としてリストに掲載されている
ジャブハット・アル・ヌスラへの資金提供者、リクルーターかつ便宜提供者。イブラヒー
ム・アッワード・イブラヒーム・アリー・アル・バドリー・アル・サマッライ（600．に指定した
個人）やアブ・モハンメド・アル・ジャウラニ（637．に指定した個人）と関係がある。国連
安全保障理事会決議第２３６８号（２０１７年）に基づく見直しは２０２１年１１月１５日に
終了した。同人に対するインターポール（国際刑事警察機構）・国連安全保障理事会
特 別 手 配 書 の ウ ェ ブ ・ リ ン ク ： https://www.interpol.int/en/How-we-
work/Notices/View-UN-Notices-Individuals",EXTRACTED,REVIEW_REQUIRED,false,mofa-names-v1
126adf153bd520671b9de87b006de3863ebbbb907b1b3625168cdef117f4a794:UN:659,current_un,659,UN,,person,true,219;220,126adf153bd520671b9de87b006de3863ebbbb907b1b3625168cdef117f4a794,https://www.mofa.go.jp/mofaj/files/000015952.pdf,https://www.mofa.go.jp/mofaj/files/000015952.pdf#page=219,data/raw/mofa/126adf153bd520671b9de87b006de3863ebbbb907b1b3625168cdef117f4a794.pdf.gz,"６５９． サイード・アリフ（別名：(a)サイード・モハメド・アリフ (b)オマル・ガーリブ (c)
アブドゥルラフマーン (d)アブダッラー・アル・ジャザイリー (e)スリマーン・シャバニ
(f)スレイマン (g)アブー・スレイマン (h)アブドゥッラー (i)アブダッラー (j)アブー・アブド
ゥッラー）
SAID ARIF (a.k.a.: (a)Said Mohamed Arif (b)Omar Gharib (c)Abderahmane (d)Abdallah
al-Jazairi (e)Slimane Chabani (f)Souleiman (g)Abou Souleiman (h)Abdullah (i)Abdallah
(j)Abu Abdullah)
称号：不明
役職：不明
生年月日：(a)１９６４年６月２５日 (b)１９６９年１２月５日 (c)１９６５年５月１２日
出生地：Oran, Algeria
国籍：アルジェリア
旅券番号：不明
ＩＤ番号：不明
住所：(a)78 Boulevard Bezghoud Mustapha, Oran, Algeria (b) No. 12 Rue Lyonnais, Ain
Turk, Oran, Algeria
国連制裁委員会による指定日：２０１４年８月１５日（２０１９年１２月６日、２０２３年１２
月１４日及び 2024 年２月７日に改訂）
その他の情報：２０１５年５月２５日のシリアにおける空爆で殺害されたと報告されてい
る。「Chechen Network」（リスト非掲載）及びその他テロリスト集団の元戦闘員。２００
６年にフランスで「Chechen Network」での役割及び所属の罪で有罪判決を受けた。２
０１３年１０月にレバントの人々のためのアル・ヌスラ戦線（６４４．に指定した団体）と
してリストに掲載されているジャブハット・アル・ヌスラに加入。父の名前は Mohamed。
母の名前は Saliha Boukhari。写真及び指紋はインターポール（国際刑事警察機構）･
国連安全保障理事会特別手配書に含まれているものを利用可能。国連安全保障理
事会決議第２３６８号（２０１７年）に基づく見直しは２０１９年１２月４日に終了した。国
連安全保障理事会決議第２６１０号（２０２１年）に基づく見直しは２０２３年１０月３０日
に終了した。同人に対するインターポール（国際刑事警察機構）・国連安全保障理事
会特別手配書のウェブ・リンク：https://www.
interpol.int/en/How-we-work/Notices/View-UN-Notices-Individuals",EXTRACTED,REVIEW_REQUIRED,false,mofa-names-v1
126adf153bd520671b9de87b006de3863ebbbb907b1b3625168cdef117f4a794:UN:660,current_un,660,UN,,person,true,220;221,126adf153bd520671b9de87b006de3863ebbbb907b1b3625168cdef117f4a794,https://www.mofa.go.jp/mofaj/files/000015952.pdf,https://www.mofa.go.jp/mofaj/files/000015952.pdf#page=220,data/raw/mofa/126adf153bd520671b9de87b006de3863ebbbb907b1b3625168cdef117f4a794.pdf.gz,"６６０．ラフマトゥッラー・シャー・ナワズ（別名：(a)カリ・ラフマット（以前のリスト記載ぶり）
(b)カリ・ラフマット）
RAHMATULLAH SHAH NAWAZ (a.k.a.:(a)Qari Rahmat (previously listed as) (b)Kari
Rahmat)
称号：アル・ハッジ
役職：不明
生年月日：(a)１９８１年 (b)１９８２年
出生地：Shadal (Shadaal) Bazaar, Achin District, Nangarhar Province, Afghanistan
国籍：アフガニスタン
旅券番号：不明
ＩＤ番号：不明
住所：(a)Kamkai Village, Achin District, Nangarhar Province, Afghanistan (b)Kamkai
Village, Achin District, Nangarhar Province, Afghanistan (c)Surkhel village, Achin
District, Nangarhar Province, Afghanistan (d)Batan village, Achin District, Nangarhar
Province, Afghanistan
国連制裁委員会による指定日：２０１４年８月２１日（２０１６年７月２１日に改訂）
その他の情報：身体的描写：茶色の目，黒色の髪の毛，体重は７７～８１kg，身長は１
７８cm，あごひげの長さは短いか中程度で，黒色の短髪。Shinwari 部族の Sepahi 支
部族に属する。少なくとも２０１０年２月以来タリバーン司令官。２０１５年４月時点で，
タリバーンを代表して税金や賄賂を収集。アフガニスタンの Nangarhar Province にい
るタリバーン工作員と連絡をとり，情報，指図，住居及び武器を提供し，簡易爆発物
（IED）の設置や，国際治安支援部隊（ISAF）及びアフガン部隊に対する攻撃指揮を行
っている。麻薬の密輸やアフガニスタンの Nangarhar Province, Achin District,
Abudulkhel village 所在のヘロイン製造所の活動に関与。",REVIEW_REQUIRED,REVIEW_REQUIRED,false,mofa-names-v1
126adf153bd520671b9de87b006de3863ebbbb907b1b3625168cdef117f4a794:UN:661,current_un,661,UN,,person,true,221;222,126adf153bd520671b9de87b006de3863ebbbb907b1b3625168cdef117f4a794,https://www.mofa.go.jp/mofaj/files/000015952.pdf,https://www.mofa.go.jp/mofaj/files/000015952.pdf#page=221,data/raw/mofa/126adf153bd520671b9de87b006de3863ebbbb907b1b3625168cdef117f4a794.pdf.gz,"６６１． アフメド・アブドゥッラー・サーレフ・アル・カズマリ・アル・ザフラニ（別名：(a)ア
ブ・マリャム・アル・ザフラニ (b)アブ・マリャム・アル・サウディ (c)アフメド・アブドゥッラ
ー・S・アル・ザフラニ (d)アフマド・アブドゥッラー・サリフ・アル・ザフラニ (e)アブ・マリ
ャム・アル・アザディ (f)アフメド・ビン・アブドゥッラー・サーレフ・ビン・アル・ザフラニ
(g)アフメド・アブドゥッラー・サーレフ・アル・ザフラニ・アル・コズムリ）
AHMED ABDULLAH SALEH AL-KHAZMARI AL-ZAHRANI (a.k.a.: (a)Abu Maryam al-
Zahrani (b)Abu Maryam al-Saudi (c)Ahmed Abdullah S al-Zahrani (d)Ahmad Abdullah
Salih al-Zahrani (e)Abu Maryam al-Azadi (f)Ahmed bin Abdullah Saleh bin al-Zahrani
(g)Ahmed Abdullah Saleh al-Zahrani al-Khozmri)
称号：不明
役職：不明
生年月日：１９７８年９月１５日
出生地：Dammam, Saudi Arabia
国籍：サウジアラビア
旅券番号：サウジアラビア旅券 E126785（２００２年５月２７日発行、２００７年４月３日
失効）
ＩＤ番号：不明
住所：シリア居住
国連制裁委員会による指定日：２０１４年９月２３日（２０１９年１２月６日、２０２３年１２
月１４日及び 2024 年２月７日に改訂）
その他の情報：アル・カーイダ（１６６．に指定した団体）の幹部。２０２０年１月にイエメ
ンにおいて殺害されたと報告されている。サウジアラビア政府のテロによる指名手配
を受けている。父の名前は Abdullah Saleh al Zahrani。身体的情報：目の色：黒；髪の
色：黒；肌の色：オリーブ。アラビア語を話す。写真はインターポール（国際刑事警察
機構）･国連安全保障理事会特別手配書に含まれているものを利用可能。国連安全
保障理事会決議第２３６８号（２０１７年）に基づく見直しは２０１９年１２月４日に終了し
た。国連安全保障理事会決議第２６１０号（２０２１年）に基づく見直しは２０２３年１０月
３０日に終了した。同人に対するインターポール（国際刑事警察機構）・国連安全保障
理 事 会 特 別 手 配 書 の ウ ェ ブ ・ リ ン ク ： https://www.interpol.int/en/How-we-
work/Notices/View-UN-Notices-Individuals",EXTRACTED,REVIEW_REQUIRED,false,mofa-names-v1
126adf153bd520671b9de87b006de3863ebbbb907b1b3625168cdef117f4a794:UN:662,current_un,662,UN,,person,true,222,126adf153bd520671b9de87b006de3863ebbbb907b1b3625168cdef117f4a794,https://www.mofa.go.jp/mofaj/files/000015952.pdf,https://www.mofa.go.jp/mofaj/files/000015952.pdf#page=222,data/raw/mofa/126adf153bd520671b9de87b006de3863ebbbb907b1b3625168cdef117f4a794.pdf.gz,"６６２． アッザーム・アブドゥッラー・ズレイク・アル・マウリド・アル・スブヒー（別名：(a)
マンスール・アル・ハルビ (b)アッザーム・アル・スブヒー (c)アザム・アブダッラー・ラ
ジーク・アル・ムレド・アルスブフア (d)アブ・ムスレム・アル・マキー (e)アブ・スリマ
ン・アル・ハルビ (f)アブ・アブダッラ・アル・ハルビ (g)アザム・A・R・アルスブフア）
AZZAM ABDULLAH ZUREIK AL-MAULID AL-SUBHI (a.k.a.: (a)Mansur al-Harbi
(b)Azzam al-Subhi (c)Azam Abdallah Razeeq al Mouled Alsbhua (d)Abu Muslem al-
Maky (e)Abu Suliman al-Harbi (f)Abu Abdalla al-Harbi (g)Azam A.R. Alsbhua)
称号：不明
役職：不明
生年月日：１９７６年４月１２日
出生地：Al Baraka, Saudi Arabia
国籍：サウジアラビア
旅券番号：サウジアラビア旅券 C389664（２０００年９月１５日発行）
ＩＤ番号：1024026187
住所：不明
国連制裁委員会による指定日：２０１４年９月２３日（２０１９年１２月６日、２０２０年 ９
月１０日及び 2024 年２月７日に改訂）
その他の情報：アル・カーイダ（１６６．に指定した団体）の数多くの幹部と関係を有し
ている。サウジアラビア政府のテロによる指名手配を受けている。父の名前は
Abdullah Razeeq al Mouled al Sbhua。身体的情報：目の色：黒；髪の色：黒；肌の色：
黒。アラビア語を話す。写真はインターポール（国際刑事刑事機構）･国連安全保障理
事会特別手配書に含まれているものを利用可能。国連安全保障理事会決議第２３６
８号（２０１７年）に基づく見直しは２０１９年１２月４日に終了した。国連安全保障理事
会決議第２６１０号（２０２１年）に基づく見直しは２０２３年１０月３０日に終了した。同
人に対するインターポール（国際刑事警察機構）・国連安全保障理事会特別手配書
の ウ ェ ブ ・ リ ン ク ： https://www.interpol.int/en/How-we-work/Notices/View-UN-
Notices-Individuals",EXTRACTED,REVIEW_REQUIRED,false,mofa-names-v1
126adf153bd520671b9de87b006de3863ebbbb907b1b3625168cdef117f4a794:UN:663,current_un,663,UN,,person,true,222;223,126adf153bd520671b9de87b006de3863ebbbb907b1b3625168cdef117f4a794,https://www.mofa.go.jp/mofaj/files/000015952.pdf,https://www.mofa.go.jp/mofaj/files/000015952.pdf#page=222,data/raw/mofa/126adf153bd520671b9de87b006de3863ebbbb907b1b3625168cdef117f4a794.pdf.gz,"６６３． アンネシュ・カメルーン・オステンスヴィグ・ダーレ（別名：(a)ムスリム・アブ・ア
ブドゥルラフマン (b)ノルウェーのアブ・アブドゥルラフマン (c)モロッコのアブ・アブドゥ
ルラフマン）
ANDERS CAMEROON OSTENSVIG DALE (a.k.a.: (a)Muslim Abu Abdurrahman (b)Abu
Abdurrahman the Norwegian (c)Abu Abdurrahman the Moroccan)
称号：不明
役職：不明
生年月日：１９７８年１０月１９日
出生地：Oslo, Norway
国籍：ノルウェー
旅券番号：不明
ＩＤ番号：不明
住所：不明
国連制裁委員会による指定日：２０１４年９月２３日（２０１９年１２月６日及び 2024 年２
月７日に改訂）
その他の情報：アラビア半島のアル・カーイダ（AQAP）（５６２．に指定した団体）の一
員。身体的情報：目の色：茶；髪の色：茶；身長：１８５ｃｍ。国連安全保障理事会決議
第２３６８号（２０１７年）に基づく見直しは２０１９年１２月４日に終了した。国連安全保
障理事会決議第２６１０号（２０２１年）に基づく見直しは２０２３年１０月３０日に終了し
た。同人に対するインターポール（国際刑事警察機構）・国連安全保障理事会特別手
配書のウェブ・リンク：https://www.interpol.int/en/How-we-work/Notices/View-UN-
Notices-Individuals",EXTRACTED,REVIEW_REQUIRED,false,mofa-names-v1
126adf153bd520671b9de87b006de3863ebbbb907b1b3625168cdef117f4a794:UN:664,current_un,664,UN,,person,true,223,126adf153bd520671b9de87b006de3863ebbbb907b1b3625168cdef117f4a794,https://www.mofa.go.jp/mofaj/files/000015952.pdf,https://www.mofa.go.jp/mofaj/files/000015952.pdf#page=223,data/raw/mofa/126adf153bd520671b9de87b006de3863ebbbb907b1b3625168cdef117f4a794.pdf.gz,"６６４． イブラヒム・スレイマン・ハマド・アル・ハブライン（別名：(a)バラヒム・スリマン・
H・アル・フブリアン (b)アブ・ジャバル (c)アブ・ジャバル）
IBRAHIM SULEIMAN HAMAD AL-HABLAIN (a.k.a.: (a)Barahim Suliman H. al Hblian
(b)Abu Jabal (c)Abu-Jabal)
称号：不明
役職：不明
生年月日：１９８４年１２月１７日
出生地：Buraidah, Saudi Arabia
国籍：サウジアラビア
旅券番号：サウジアラビア旅券 F800691
ＩＤ番号：1047503170
住所：不明
国連制裁委員会による指定日：２０１４年９月２３日（２０１９年１２月６日、２０２０年９月
１０日及び 2024 年２月７日に改訂）
その他の情報：アブダッラー・アッザーム・ブリゲイズ（AAB）（６７６．に指定した団体）
の爆発物専門家及び工作員。サウジアラビア政府のテロによる指名手配を受けてい
る。身体的情報：目の色：黒；髪の色：黒；肌の色：オリーブ。アラビア語を話す。写真
はインターポール（国際刑事警察機構）･国連安全保障理事会特別手配書に含まれ
ているものを利用可能。国連安全保障理事会決議第２３６８号（２０１７年）に基づく見
直しは２０１９年１２月４日に終了した。国連安全保障理事会決議第２６１０号（２０２１
年）に基づく見直しは２０２３年１０月３０日に終了した。同人に対するインターポール
（国際刑事警察機構）・国連安全保障理事会特別手配書のウェブ・リンク：
https://www.interpol.int/en/How-we-work/Notices/View-UN-Notices-Individuals",EXTRACTED,REVIEW_REQUIRED,false,mofa-names-v1
126adf153bd520671b9de87b006de3863ebbbb907b1b3625168cdef117f4a794:UN:665,current_un,665,UN,,person,true,223;224,126adf153bd520671b9de87b006de3863ebbbb907b1b3625168cdef117f4a794,https://www.mofa.go.jp/mofaj/files/000015952.pdf,https://www.mofa.go.jp/mofaj/files/000015952.pdf#page=223,data/raw/mofa/126adf153bd520671b9de87b006de3863ebbbb907b1b3625168cdef117f4a794.pdf.gz,"６６５．セイファッラー・ベン・オマル・ベン・モハメド・ベン・ハシン（別名：(a)セイフ・アッ
ラー・ベン・ホシン (b)サイファッラー・ベン・ハシン (c)サイフ・アッラー・ウマル・ビン・
ハサイン (d)セイファッラー・ベン・アモール・ベン・ハシン (e)サイフ・アッラー・ビン・フ
サイン (f)アブ・イッヤード・アル・チュニジ (g)アブ・イヤド・エル・トゥンジ (h)アブ・アッ
ヤード・アル・チュニジ (i)アブ・アーヤド (j)アブ・イヤド）
SEIFALLAH BEN OMAR BEN MOHAMED BEN HASSINE
(original script: ف یس الله نب ر مع ن ب دمحم نیسحنب)
(a.k.a.: (a)Seif Allah ben Hocine (b)Saifallah ben Hassine (c)Sayf Allah ‘Umar bin
Hassayn (d)Seifallah ben Amor ben Hassine (e)Sayf Allah bin Hussayn (f)Abu Iyyadh
al-Tunisi (g)Abou Iyadh el-Tounsi (h)Abu Ayyad al-Tunisi (i)Abou Aayadh (j)Abou
Iyadh)
称号：不明
役職：不明
生年月日：１９６５年１１月８日
出生地：Tunis, Tunisia
国籍：チュニジア
旅券番号：チュニジア旅券番号 G557170 (１９８９年１１月１６日発行)
ＩＤ番号：チュニジア国民ＩＤカード番号 05054425 (２０１１年５月３日、Hammam Lif にて
発行)
住所：(a) 60 Rue de la Libye, Hammam Lif, Ben Arous, Tunisia (b) Libya (２０１７年７月
時点で居住している可能性のある場所)
国連制裁委員会による指定日：２０１４年９月２３日（２０１７年２月１５日、２０１７年１２
月２６日及び２０２０年１１月２４日に改訂）
その他の情報：チュニジア・コンバタント・グループ（３２９．で指定した団体）の結成者
であり、チュニジアのアンサール・アル・シャリア(AAS-T)（６７５．で指定した団体）の
指導者。２０１３年８月２３日にチュニジア第一審裁判所が逮捕令状を発行した。国連
安全保障理事会決議第２３６８号（２０１７年）に基づく見直しは２０２０年１１月２４日に
終了した。同人に対するインターポール（国際刑事警察機構）・国連安全保障理事会
特 別 手 配 書 の ウ ェ ブ ・ リ ン ク ： https://www.interpol.int/en/How-we-
work/Notices/View-UN-Notices-Individuals",REVIEW_REQUIRED,REVIEW_REQUIRED,false,mofa-names-v1
126adf153bd520671b9de87b006de3863ebbbb907b1b3625168cdef117f4a794:UN:666,current_un,666,UN,,person,true,224;225,126adf153bd520671b9de87b006de3863ebbbb907b1b3625168cdef117f4a794,https://www.mofa.go.jp/mofaj/files/000015952.pdf,https://www.mofa.go.jp/mofaj/files/000015952.pdf#page=224,data/raw/mofa/126adf153bd520671b9de87b006de3863ebbbb907b1b3625168cdef117f4a794.pdf.gz,"６６６．アブド・アル・ラフマン・ビン・ウマイール・アル・ナイミー（別名：(a)アブド・アル・ラ
フマン・ビン・アミール・アル・ナイミー (b)アブド・アル・ラフマン・アル・ナイミー (c)アブ
ド・アル・ラフマン・ビン・アミール・アル・ナイミー (d)アブド・アル・ラフマン・ビン・アミー
ル・アル・ナイミー (e)アブダッラー・ムハンマド・アル・ナイミー (f)アブド・アル・ラフマ
ン・アル・ナイミー (g)A・ラフマン・アル・ナイミー (h)アブデルラフマン・イメール・アル・
ジャーベル・アル・ナイメフ (i)A・ラフマン・オマイール・J・アルナイミー (j)アブドゥルラ
フマン・オマイール・アル・ナイミー）
‘ABD AL-RAHMAN BIN ‘UMAYR AL-NU’AYMI
(a.k.a.: (a)Abd al-Rahman bin 'Amir al-Na'imi (b)'Abd al-Rahman al-Nu'aimi (c)'Abd al-
Rahman bin 'Amir al-Nu'imi (d)'Abd al-Rahman bin 'Amir al-Nu'aymi (e)'Abdallah
Muhammad al-Nu'aymi (f)'Abd al-Rahman al-Nua'ymi (g)A. Rahman al-Naimi
(h)Abdelrahman Imer al Jaber al Naimeh (i)A. Rahman Omair J Alnaimi (j)Abdulrahman
Omair al Neaimi)
称号：不明
役職：不明
生年月日：1954 年
出生地：Doha, Qatar
国籍：カタール
旅券番号：(a)カタール旅券番号 01461558（2024 年 1 月 20 日失効）(b)カタール旅券
番号 00868774（2014 年 4 月 27 日失効）
ＩＤ番号：(a)カタールＩＤ番号 25463400086 (b)カタールＩＤ番号 25463401784（2019 年
12 月 6 日失効）
住所：Al-Waab, Qatar
国連制裁委員会による指定日：2014 年 9 月 23 日（2017 年 2 月 15 日及び 2021 年 3
月 23 日に改訂）
その他の情報：アル・カーイダ（166．に指定した団体）及びイラクのアル・カーイダ
（453．に指定した団体）の資金提供者及び便宜提供者。同人に対するインターポー
ル（国際刑事警察機構）・国連安全保障理事会特別手配書のウェブ・リンク：
https://www.interpol.int/en/How-we-work/Notices/View-UN-Notices-Individuals",EXTRACTED,REVIEW_REQUIRED,false,mofa-names-v1
126adf153bd520671b9de87b006de3863ebbbb907b1b3625168cdef117f4a794:UN:667,current_un,667,UN,,person,true,225;226,126adf153bd520671b9de87b006de3863ebbbb907b1b3625168cdef117f4a794,https://www.mofa.go.jp/mofaj/files/000015952.pdf,https://www.mofa.go.jp/mofaj/files/000015952.pdf#page=225,data/raw/mofa/126adf153bd520671b9de87b006de3863ebbbb907b1b3625168cdef117f4a794.pdf.gz,"６６７．アブド・アル・ラフマン・カラフ・ウバイド・ジュダイ・アル・アニジ
（別名：(a)アブド・アル・ラフマン・カラフ・アル・アニジ (b)アブド・アル・ラフマン・カラフ・
アル・アンジ (c)アブ・ウサマ・アル・ラフマン (d)アブ・シャイマ・クワイティ (e)アブ・ウ
サマ・アル・クワイティ (f)アブ・ウサマ (g)ユスフ）
‘ABD AL-RAHMAN KHALAF ‘UBAYD JUDAY’ AL-‘ANIZI
(a.k.a.: (a)‘Abd al-Rahman Khalaf al-Anizi (b)‘Abd al-Rahman Khalaf al-‘Anzi (c)Abu
Usamah al-Rahman (d)Abu Shaima’ Kuwaiti (e)Abu Usamah al-Kuwaiti (f)Abu Usama
(g)Yusuf)
称号：不明
役職：不明
生年月日：１９７３年３月６日
出生地：不明
国籍：クウェート
旅券番号：不明
ＩＤ番号：クウェート ID 番号 273030601222
住所：シリア・アラブ共和国（２０１３年から居住）
国連制裁委員会による指定日：２０１４年９月２３日（２０１７年２月１５日、２０１９年５月
１日、２０２３年２月２日及び３月１５日に改訂）
その他の情報：２０１５年７月３０日、クウェート政府により本人不在のまま懲役１５年
の判決を受けた。シリア及びイラクにおいて、アル・カーイダ（１６６．に指定した団体）
及びイラクのアル・カーイダ（AQI）（４５３．に指定した団体）としてリストに掲載されて
いるイラクとレバント地方のイスラム国への支援を提供している。国連安全保障理事
会決議第２２５３号（２０１５年）に基づく見直しは２０１９年２月２１日に終了した。国連
安全保障理事会決議第２６１０号（２０２１年）に基づく見直しは２０２２年１１月８日に
終了した。同人に対するインターポール（国際刑事警察機構）・国連安全保障理事会
特 別 手 配 書 の ウ ェ ブ ・ リ ン ク ： https://www.interpol.int/en/How-we-
work/Notices/View-UN-Notices-Individuals",EXTRACTED,REVIEW_REQUIRED,false,mofa-names-v1
126adf153bd520671b9de87b006de3863ebbbb907b1b3625168cdef117f4a794:UN:668,current_un,668,UN,,unknown,false,226,126adf153bd520671b9de87b006de3863ebbbb907b1b3625168cdef117f4a794,https://www.mofa.go.jp/mofaj/files/000015952.pdf,https://www.mofa.go.jp/mofaj/files/000015952.pdf#page=226,data/raw/mofa/126adf153bd520671b9de87b006de3863ebbbb907b1b3625168cdef117f4a794.pdf.gz,６６８．※２０２５年１１月１２日解除,HISTORICAL,REVIEW_REQUIRED,false,mofa-names-v1
126adf153bd520671b9de87b006de3863ebbbb907b1b3625168cdef117f4a794:UN:669,current_un,669,UN,,person,true,226,126adf153bd520671b9de87b006de3863ebbbb907b1b3625168cdef117f4a794,https://www.mofa.go.jp/mofaj/files/000015952.pdf,https://www.mofa.go.jp/mofaj/files/000015952.pdf#page=226,data/raw/mofa/126adf153bd520671b9de87b006de3863ebbbb907b1b3625168cdef117f4a794.pdf.gz,"６６９． マイサール・アリ・ムサ・アブダッラー・アル・ジュブリ（別名：(a)ムヤシール・ア
ル・ジブリ (b)ムヤシール・ハララ (c)ムヤシール・アル・シャンマリ (d)ムハンマド・ハ
ーリド・ハッサン (e)アル・シャンマリ (f)ムサブ・アル・カハターニー (g)アブ・マリア・ア
ル・カターニー (h)アブ・ウマル）
MAYSAR ALI MUSA ABDALLAH AL-JUBURI
(a.k.a.: (a)Muyassir al-Jiburi (b)Muyassir Harara (c)Muyassir al-Shammari
(d)Muhammad Khalid Hassan (e)Al-Shammari (f)Mus'ab al-Qahtani (g)Abu Maria al-
Qatani (h)Abu Umar)
称号：Amir（アミール）
役職：不明
生年月日：(a)１９７６年６月１日 (b)１９７６年
出生地：(a)Al-Shura, Mosul, Iraq (b)Harara, Ninawa Province, Iraq
国籍：イラク
旅券番号：不明
ＩＤ番号：不明
住所：不明
国連制裁委員会による指定日：２０１４年９月２３日（２０１９年１２月６日、２０２４年２月
７日及び１２月２日に改訂）
その他の情報：２０１４年初期時点でレバントの人々のためのアル・ヌスラ戦線（６４４．
に指定した団体）のシャリーア上のアミール。２０２４年４月２日にシリア・アラブ共和国
で死亡したと報告されている。母親の名前は Subhah Muhammad Sayf。国連安全保
障理事会決議第２３６８号 （２０１７年）に基づく見直しは２０１９年１２月４日に終了し
た。国連安全保障理事会決議第２６１０号（２０２１年）に基づく見直しは２０２３年１０月
３０日に終了した。同人に対するインターポール（国際刑事警察機構）・国連安全保障
理 事 会 特 別 手 配 書 の ウ ェ ブ ・ リ ン ク ： https://www.interpol.int/en/How-we-
work/Notices/View-UN-Notices-Individuals",EXTRACTED,REVIEW_REQUIRED,false,mofa-names-v1
126adf153bd520671b9de87b006de3863ebbbb907b1b3625168cdef117f4a794:UN:670,current_un,670,UN,QDi.338,person,true,226;227,126adf153bd520671b9de87b006de3863ebbbb907b1b3625168cdef117f4a794,https://www.mofa.go.jp/mofaj/files/000015952.pdf,https://www.mofa.go.jp/mofaj/files/000015952.pdf#page=226,data/raw/mofa/126adf153bd520671b9de87b006de3863ebbbb907b1b3625168cdef117f4a794.pdf.gz,"６７０．シャフィー・スルタン・モハンメド・アル・アジュミー
SHAFI SULTAN MOHAMMED AL-AJMI
(original script:：يمجعلا ناطلس دمحم ناطلس يفاش)
国連参照番号：QDi.338
称号：ドクター
Doctor
生年月日：1973/1/1
出生地：Warah, Kuwait
別名：シャフィー・アル・アジュミー; シェイク・シャフィ・アル・アジュミー; シャフィー
S.M.S. アルジュミー
Shafi al-Ajmi; Sheikh Shafi al-Ajmi; Shafi S.M.S Alajmi
確定に十分でない別名：シャイク・アブ・スルタン Shaykh Abu-Sultan
国籍：クウェート
Kuwait
旅券番号：クウェート旅券番号 03111298； クウェート旅券番号 003111298（シャフィー
S M S アルジュミーの名で 2010 年９月 16 日クウェートにて発行、2020 年９月 15 日失
効、氏名のアラビア語表記： يمجعلا ناطلس دمحم ناطلس يفاش名義のもの。）；
0216155930
身分登録番号：クウェート国民識別番号 273010101204
住所等：Area 3, Street 327, Building 41, Al-Uqaylah, Kuwait
リスト掲載日：２０１４年９月２３日（２０２０年１１月２４日、２０２５年８月２２日及び 2026
年８月 13 日に改訂）
その他の情報：レバントの人々のためのアル・ヌスラ戦線（６４４．に指定した団体）の
資金調達者。2023 年 11 月、特別首長令恩赦第 225/2023 号に基づき、クウェートの
刑務所から釈放された。国連安全保障理事会決議第２３６８号（２０１７年）に基づく見
直しは２０２０年１１月２４日に終了した。同人に対するインターポール（国際刑事警察
機 構 ） ・ 国 連 安 全 保 障 理 事 会 特 別 手 配 書 の ウ ェ ブ ・ リ ン ク ：
https://www.interpol.int/en/How-we-work/Notices/View-UN-Notices-Individuals",REVIEW_REQUIRED,REVIEW_REQUIRED,false,mofa-names-v1
126adf153bd520671b9de87b006de3863ebbbb907b1b3625168cdef117f4a794:UN:671,current_un,671,UN,,person,true,227;228,126adf153bd520671b9de87b006de3863ebbbb907b1b3625168cdef117f4a794,https://www.mofa.go.jp/mofaj/files/000015952.pdf,https://www.mofa.go.jp/mofaj/files/000015952.pdf#page=227,data/raw/mofa/126adf153bd520671b9de87b006de3863ebbbb907b1b3625168cdef117f4a794.pdf.gz,"６７１． アブド・アル・ラフマン・ムハンマド・ムスタファ・アル・カドゥリ（別名：(a) アブド・
アル・ラフマン・ムハンマド・ムスタファ・シャイクラリ (b)ウマル・ムハンマド・ハリル・ム
スタファ (c)アブドゥル・ラフマン・ムハンマド・アル・バヤティ (d)ターヒル・ムハンマド・
ハリル・ムスタファ・アル・バヤティ (e)アリアズラ・ラード・アフマド (f)アブ・シュアブ (g)
ハッジ・イマーン (h)アブ・イマーン (i)アブ・アラ (j)アブ・ハサン (k)アブ・ムハンマド
(l)アブ・ザイナ）
‘ABD AL-RAHMAN MUHAMMAD MUSTAFA AL-QADULI (a.k.a.: (a)‘Abd al-Rahman
Muhammad Mustafa Shaykhlari (b)Umar Muhammad Khalil Mustafa (c)Abdul Rahman
Muhammad al-Bayati (d)Tahir Muhammad Khalil Mustafa al-Bayati (e)Aliazra Ra’ad
Ahmad (f)Abu-Shuayb (g)Hajji Iman (h)Abu Iman (i)Abu Ala (j)Abu Hasan (k)Abu
Muhammad (l)Abu Zayna)
称号：不明
役職：不明
生年月日：１９５９年
出生地：Mosul, Ninawa Province, Iraq
国籍：イラク
旅券番号：不明
ＩＤ番号：不明
住所：不明
国連制裁委員会による指定日：２０１４年９月２３日（２０１９年１２月６日、２０２３年１２
月１４日及び 2024 年２月７日に改訂）
その他の情報：イラクのアル・カーイダ（４５３．に指定した団体）としてリストに掲載さ
れているイラクとレバント地方のイスラム国（ISIL）の高官。２０１６年にシリアにおいて
殺害されたと報告されている。以前は、パキスタンにおけるアル・カーイダ（１６６．に
指定した団体）幹部に対するイラクのアル・カーイダの代表者。国連安全保障理事会
決議第２３６８号（２０１７年）に基づく見直しは２０１９年１２月４日に終了した。国連安
全保障理事会決議第２６１０号（２０２１年）に基づく見直しは２０２３年１０月３０日に終
了した。同人に対するインターポール（国際刑事警察機構）・国連安全保障理事会特
別 手 配 書 の ウ ェ ブ ・ リ ン ク ： https://www.interpol.int/en/How-we-
work/Notices/View-UN-Notices-Individuals",EXTRACTED,REVIEW_REQUIRED,false,mofa-names-v1
126adf153bd520671b9de87b006de3863ebbbb907b1b3625168cdef117f4a794:UN:672,current_un,672,UN,,person,true,228,126adf153bd520671b9de87b006de3863ebbbb907b1b3625168cdef117f4a794,https://www.mofa.go.jp/mofaj/files/000015952.pdf,https://www.mofa.go.jp/mofaj/files/000015952.pdf#page=228,data/raw/mofa/126adf153bd520671b9de87b006de3863ebbbb907b1b3625168cdef117f4a794.pdf.gz,"６７２．エミリ・エドウィジュ・コニッグ（別名：エミリ・サムラ・コニッグ）
EMILIE EDWIGE KONIG（a.k.a.: Emilie Samra Konig)
称号：不明
役職：不明
生年月日：１９８４年１２月９日
出生地：Ploemeur, France
国籍：フランス
旅券番号：フランス旅券 05AT521433（2005 年 11 月 30 日 Sous-Prefecture of
police of Lorient, France により発行）
ＩＤ番号：(a)フランス国民 ID カード番号 050456101445（2005 年 5 月 19 日 Sous-
Prefecture of police of Lorient, France により発行）（b）フランス ID カード番号
0205561020089（2002 年 5 月 30 日 Emile Edwige Konig 名義で発行）
住所：シリア・アラブ共和国（２０１３年から居住）
国連制裁委員会による指定日：２０１４年９月２３日（２０１６年６月２４日及び２０２１年
１２月２９日に改訂）
その他の情報：シリアに渡航し、イラクのアル・カーイダ（AQI）（４５３．に指定した団体）
としてリストに掲載されているイラクとレバント地方のイスラム国に加わったフランス人
テロ戦闘員。インターネットを通じた過激化とアル・カーイダ（１６６．に指定した団体）
のイデオロギー宣伝の面で活動。フランスに対する暴力的活動を扇動。テロ犯罪組
織への参加を理由として、２０１５年６月１２日、同人に対する逮捕状がパリ検察庁反
テロ部門予審判事により発行された。国連安全保障理事会決議第２３６８号（２０１７
年）に基づく見直しは２０２１年１１月１５日に終了した。同人に対するインターポール
（国際刑事警察機構）・国連安全保障理事会特別手配書のウェブ・リンク：
https://www.interpol.int/en/How-we-work/Notices/View-UN-Notices-Individuals",EXTRACTED,REVIEW_REQUIRED,false,mofa-names-v1
126adf153bd520671b9de87b006de3863ebbbb907b1b3625168cdef117f4a794:UN:673,current_un,673,UN,,person,true,228;229,126adf153bd520671b9de87b006de3863ebbbb907b1b3625168cdef117f4a794,https://www.mofa.go.jp/mofaj/files/000015952.pdf,https://www.mofa.go.jp/mofaj/files/000015952.pdf#page=228,data/raw/mofa/126adf153bd520671b9de87b006de3863ebbbb907b1b3625168cdef117f4a794.pdf.gz,"６７３．ケヴィン・ジョルダン・アクセル・ギアヴァルシュ
KEVIN JORDAN AXEL GUIAVARCH
称号：不明
役職：不明
生年月日：１９９３年３月１２日
出生地：Paris, France
国籍：フランス
旅券番号：フランス旅券番号 12CP63882.3FRA、２０１２年７月３１日発行（２０２２年７
月３０日まで有効）
ＩＤ番号：フランス国民 ID カード番号 070275Q007873、２００７年２月１６日発行（２０１
７年２月１５日まで有効）
住所：(a)Grenoble, France（１９９３年から２０１２年までの住所）(b)Syrian Arab Republic
（２０１２年から２０１６年まで居住）(c)Turkey（２０１６年６月から２０１７年１月まで
(d)France（２０１７年１月以降、収監中）
国連制裁委員会による指定日：２０１４年９月２３日（２０１６年６月２４日、２０１７年８月
２７日及び２０２１年１２月２９日に改訂）
その他の情報：レバントの人々のためのアル・ヌスラ戦線（６４４．で指定した団体）及
びイラクのアル・カーイダ(４５３．に指定した団体)としてリストに掲載されている
ISIL(いわゆる「イスラム国」)と関わりがあるフランス人テロ戦闘員。フランスからシリア
への外国人テロ戦闘員の渡航を支援した。インターネットを通じた暴力的な宣伝の面
で活動。 ２０１４年にフランス当局により発出された同人に対する逮捕令状は、２０１
６年６月に同人がトルコで逮捕され、同国から追放措置がとられたことを受けて、２０１
７年１月に執行された。国連安全保障理事会決議第２３６８号（２０１７年）に基づく見
直しは２０２１年１１月１５日に終了した。同人に対するインターポール（国際刑事警察
機 構 ） ・ 国 連 安 全 保 障 理 事 会 特 別 手 配 書 の ウ ェ ブ ・ リ ン ク ：
https://www.interpol.int/en/How-we-work/Notices/View-UN-Notices-Individuals",EXTRACTED,REVIEW_REQUIRED,false,mofa-names-v1
126adf153bd520671b9de87b006de3863ebbbb907b1b3625168cdef117f4a794:UN:674,current_un,674,UN,,person,true,229;230,126adf153bd520671b9de87b006de3863ebbbb907b1b3625168cdef117f4a794,https://www.mofa.go.jp/mofaj/files/000015952.pdf,https://www.mofa.go.jp/mofaj/files/000015952.pdf#page=229,data/raw/mofa/126adf153bd520671b9de87b006de3863ebbbb907b1b3625168cdef117f4a794.pdf.gz,"６７４． ウマール・ディアビー（別名：(a)オムセン (b)ウマール・オムセン）
OUMAR DIABY (a.k.a.: (a)Omsen (b)Oumar Omsen)
称号：不明
役職：不明
生年月日：１９７５年８月５日
出生地：Dakar, Senegal
国籍：セネガル
旅券番号：不明
ＩＤ番号：不明
住所：シリア居住
国連制裁委員会による指定日：２０１４年９月２３日（２０１９年１２月６日及び 2024 年２
月７日に改訂）
その他の情報：レバントの人々のためのアル・ヌスラ戦線（６４４．で指定した団体）と
関係がある武装集団の指導者であり、シリアの外国人テロ戦闘員ネットワークにおけ
る中心的な斡旋者。インターネットを通じたテロ宣伝の面で活動。国連安全保障理事
会決議第２３６８号（２０１７年）に基づく見直しは２０１９年１２月４日に終了した。国連
安全保障理事会決議第２６１０号（２０２１年）に基づく見直しは２０２３年１０月３０日に
終了した。同人に対するインターポール（国際刑事警察機構）・国連安全保障理事会
特 別 手 配 書 の ウ ェ ブ ・ リ ン ク ： https://www.interpol.int/en/How-we-
work/Notices/View-UN-Notices-Individuals",EXTRACTED,REVIEW_REQUIRED,false,mofa-names-v1
126adf153bd520671b9de87b006de3863ebbbb907b1b3625168cdef117f4a794:UN:675,current_un,675,UN,,entity,true,230,126adf153bd520671b9de87b006de3863ebbbb907b1b3625168cdef117f4a794,https://www.mofa.go.jp/mofaj/files/000015952.pdf,https://www.mofa.go.jp/mofaj/files/000015952.pdf#page=230,data/raw/mofa/126adf153bd520671b9de87b006de3863ebbbb907b1b3625168cdef117f4a794.pdf.gz,"６７５． チュニジアのアンサール・アル・シャリア（AAS-T）（別称：(a)チュニジアのアン
サール・アル・シャリア (b)チュニジアのアンサール・アル・シャリア (c)アンサール・ア
ル・シャリア (d)アンサール・アル・シャリア (e)イスラム法支持者 (f)アル・カイラワ
ン・メディア・ファウンデーション）
ANSAR AL-SHARI’A IN TUNISIA (AAS-T) (a.k.a.: (a)Ansar al-Sharia in Tunisia
(b)Ansar al-Shari’ah in Tunisia (c)Ansar al-Shari’ah (d)Ansar al-Sharia (e)Supporters
of Islamic Law (f)Al-Qayrawan Media Foundation)
旧称：不明
所在地：チュニジア
国連制裁委員会による指定日：２０１４年９月２３日（２０１９年１２月６日及び 2024 年２
月７日に改訂）
その他の情報：イスラム・マグレブ諸国のアル・カーイダ組織（１７３．に指定した団体）
と関係があるチュニジアの武装集団。指導者はセイファッラー・ベン・ハシン（６６５．に
指定した個人）。国連安全保障理事会決議第２３６８号（２０１７年）に基づく見直しは２
０１９年１２月４日に終了した。国連安全保障理事会決議第２６１０号（２０２１年）に基
づく見直しは２０２３年１０月３０日に終了した。同団体に対するインターポール（国際
刑 事 警 察 機 構 ） ・ 国 連 安 全 保 障 理 事 会 特 別 手 配 書 の ウ ェ ブ ・ リ ン ク ：
https://www.interpol.int/en/How-we-work/Notices/View-UN-Notices-Entities",EXTRACTED,REVIEW_REQUIRED,false,mofa-names-v1
126adf153bd520671b9de87b006de3863ebbbb907b1b3625168cdef117f4a794:UN:676,current_un,676,UN,,entity,true,230,126adf153bd520671b9de87b006de3863ebbbb907b1b3625168cdef117f4a794,https://www.mofa.go.jp/mofaj/files/000015952.pdf,https://www.mofa.go.jp/mofaj/files/000015952.pdf#page=230,data/raw/mofa/126adf153bd520671b9de87b006de3863ebbbb907b1b3625168cdef117f4a794.pdf.gz,"６７６． アブダッラー・アッザーム・ブリゲイズ（AAB）（別称：(a)アブドゥッラー・アッザー
ム・ブリゲイズ (b)アブダッラー・アッザーム・ブリゲイズのズィヤード・アル・ジャラ大
隊 (c)アブダッラー・アッザーム・ブリゲイズのユスフ・アル・ウヤイリ大隊）
ABDALLAH AZZAM BRIGADES (AAB) (a.k.a.: (a)Abdullah Azzam Brigades (b)Ziyad al-
Jarrah Battalions of the Abdallah Azzam Brigades (c)Yusuf al-'Uyayri Battalions of
the Abdallah Azzam Brigades)
旧称：不明
所在地：レバノン、シリア及びアラビア半島にて活動中
国連制裁委員会による指定日：２０１４年９月２３日（２０１９年１２月６日及び 2024 年２
月７日に改訂）
その他の情報：レバントの人々のためのアル・ヌスラ戦線（６４４．に指定した団体）と
共同攻撃を行っている武装集団。国連安全保障理事会決議第２３６８号（２０１７年）
に基づく見直しは２０１９年１２月４日に終了した。国連安全保障理事会決議第２６１０
号（２０２１年）に基づく見直しは２０２３年１０月３０日に終了した。同団体に対するイン
ターポール（国際刑事警察機構）・国連安全保障理事会特別手配書のウェブ・リンク：
https://www.interpol.int/en/How-we-work/Notices/View-UN-Notices-Entities",EXTRACTED,REVIEW_REQUIRED,false,mofa-names-v1
126adf153bd520671b9de87b006de3863ebbbb907b1b3625168cdef117f4a794:UN:677,current_un,677,UN,,entity,true,230;231,126adf153bd520671b9de87b006de3863ebbbb907b1b3625168cdef117f4a794,https://www.mofa.go.jp/mofaj/files/000015952.pdf,https://www.mofa.go.jp/mofaj/files/000015952.pdf#page=230,data/raw/mofa/126adf153bd520671b9de87b006de3863ebbbb907b1b3625168cdef117f4a794.pdf.gz,"６７７． アンサール・アル・シャリア・デルナ（別称：(a)アンサール・アル・シャリア・デル
ナ (b)アンサール・アル・シャリア・デルナ (c)アンサール・アル・シャリア【アラビア語】
(d)アンサール・アル・シャリア (e)アンサール・アル・シャリア）
ANSAR AL CHARIA DERNA
（original script: ةنرد – ةعیرشلا راصنأ）
(a.k.a.: (a)Ansar al-Charia Derna (b)Ansar al-Sharia Derna (c) (Ansar al Charia)
(d)Ansar al-Sharia (e)Ansar al Sharia)
旧称：不明
所在地：(a)リビアのデルナ及びアフダル山地にて活動中 (b)チュニジアに支援ネット
ワークあり
国連制裁委員会による指定日：２０１４年１１月１９日（２０１９年１２月６日及び 2024 年
２月７日に改訂）
その他の情報：イスラム・マグレブ諸国のアル・カーイダ組織（１７３．に指定した団体）、
チュニジアのアンサール・アル・シャリア（AAS-T）（６７５．に指定した団体）及びアンサ
ール・アル・シャリア・ベンガジ（６７８．に指定した団体）と連携している。シリア及びイ
ラクに渡航する外国人テロ戦闘員用の訓練キャンプを運営している。国連安全保障
理事会決議第２３６８号（２０１７年）に基づく見直しは２０１９年１２月４日に終了した。
国連安全保障理事会決議第２６１０号（２０２１年）に基づく見直しは２０２３年１０月３０
日に終了した。同団体に対するインターポール（国際刑事警察機構）・国連安全保障
理 事 会 特 別 手 配 書 の ウ ェ ブ ・ リ ン ク ： https://www.interpol.int/en/How-we-
work/Notices/View-UN-Notices-Entities",REVIEW_REQUIRED,REVIEW_REQUIRED,false,mofa-names-v1
126adf153bd520671b9de87b006de3863ebbbb907b1b3625168cdef117f4a794:UN:678,current_un,678,UN,,entity,true,231;232,126adf153bd520671b9de87b006de3863ebbbb907b1b3625168cdef117f4a794,https://www.mofa.go.jp/mofaj/files/000015952.pdf,https://www.mofa.go.jp/mofaj/files/000015952.pdf#page=231,data/raw/mofa/126adf153bd520671b9de87b006de3863ebbbb907b1b3625168cdef117f4a794.pdf.gz,"６７８． アンサール・アル・シャリア・ベンガジ（別称：(a)アンサール・アル・シャリア【ア
ラビア語】 (b)アンサール・アル・シャリア (c)アンサール・アル・シャリア (d)アンサー
ル・アル・シャリア・ベンガジ (e)アンサール・アル・シャリア・ベンガジ (f)リビアのアン
サール・アル・シャリア（ASL）【アラビア語】 (g)カティバト・アンサール・アル・シャリア
【アラビア語】 (h)アンサール・アル・シャリア）
ANSAR AL CHARIA BENGHAZI
(original script: يزاغنب - ةعیرشلا راصنأ)
(a.k.a.: (a) (Ansar al Charia) (b)Ansar al-Charia (c)Ansar al-Sharia (d)Ansar al-Charia
Benghazi (e)Ansar al-Sharia Benghazi (f) (Ansar al Charia in Libya (ASL)) (g) (Katibat
Ansar al Charia) (h)Ansar al Sharia)
旧称：不明
所在地：(a)リビアのベンガジにて活動中 (b)チュニジアに支援ネットワークあり
国連制裁委員会による指定日：２０１４年１１月１９日（２０１９年１２月６日及び 2024 年
２月７日に改訂）
その他の情報：イスラム・マグレブ諸国のアル・カーイダ組織（１７３．に指定した団体）、
アル・ムラービトゥーン（６４８．に指定した団体）、チュニジアのアンサール・アル・シャ
リア（AAS-T）（６７５．に指定した団体）及びアンサール・アル・シャリア・デルナ（６７７．
に指定した団体）と連携している。指導者はモハメド・アル・ザハーウィ（非掲載）。シリ
ア、イラク及びマリに渡航する外国人テロ戦闘員用の訓練キャンプを運営している。
国連安全保障理事会決議第２３６８号（２０１７年）に基づく見直しは２０１９年１２月４
日に終了した。国連安全保障理事会決議第２６１０号（２０２１年）に基づく見直しは２０
２３年１０月３０日に終了した。同団体に対するインターポール（国際刑事警察機構）・
国連安全保障理事会特別手配書のウェブ・リンク：https://www.interpol.int/en/How-
we-work/Notices/View-UN-Notices-Entities",REVIEW_REQUIRED,REVIEW_REQUIRED,false,mofa-names-v1
126adf153bd520671b9de87b006de3863ebbbb907b1b3625168cdef117f4a794:UN:679,current_un,679,UN,,person,true,232,126adf153bd520671b9de87b006de3863ebbbb907b1b3625168cdef117f4a794,https://www.mofa.go.jp/mofaj/files/000015952.pdf,https://www.mofa.go.jp/mofaj/files/000015952.pdf#page=232,data/raw/mofa/126adf153bd520671b9de87b006de3863ebbbb907b1b3625168cdef117f4a794.pdf.gz,"６７９．アシュラフ・ムハンマド・ユスフ・ウスマン・アブド・アル・サラーム（別名：(a)アシ
ュラフ・ムハンマド・ユスフ・ウスマン・アブド・アル・サラーム (b)アシュラフ・ムハンマ
ド・ユスフ・アブド・アル・サラーム （c）アシュラフ・ムハンマド・ユスフ・アブド・アル・サ
ラーム (d)ハッターブ (e)イブン・アル・ハッターブ）
ASHRAF MUHAMMAD YUSUF 'UTHMAN 'ABD AL-SALAM
(original script:ملاسلا دبع نامثع فسوي دمحم فرشا )
(a.k.a.: (a)Ashraf Muhammad Yusif 'Uthman 'Abd-al-Salam (b)Ashraf Muhammad Yusuf
'Abd-al-Salam (c)Ashraf Muhammad Yusif 'Abd al-Salam (d)Khattab (e)Ibn al-Khattab)
称号：不明
役職：不明
生年月日：1984 年
出生地：イラク
国籍：ヨルダン
旅券番号：(a)ヨルダン旅券番号 K048787 (b)ヨルダン旅券番号 486298
ＩＤ番号：不明
住所：シリア・アラブ共和国（2014 年 12 月時点の居住地）
国連制裁委員会による指定日： 2015 年 1 月 23 日（2020 年 11 月 24 日及び 2021
年 3 月 23 日に改訂）
その他の情報： 2012 年時点でアル・カーイダ（166．に指定した団体）の一員であり、
2014 年初めからシリア・アラブ共和国の戦闘員。アル・カーイダ、レバントの人々の
ためのアル・ヌスラ戦線（644．に指定した団体）及びイラクのアル・カーイダ（AQI）
（453．に指定した団体）に対して、資金、物資及び技術支援を提供。国連安全保障理
事会決議第 2368 号（2017 年）に基づく見直しは 2020 年 11 月 24 日に終了した。同
人に対するインターポール（国際刑事警察機構）・国連安全保障理事会特別手配書
の ウ ェ ブ ・ リ ン ク ： https://www.interpol.int/en/How-we-work/Notices/View-UN-
Notices-Individuals",REVIEW_REQUIRED,REVIEW_REQUIRED,false,mofa-names-v1
126adf153bd520671b9de87b006de3863ebbbb907b1b3625168cdef117f4a794:UN:680,current_un,680,UN,,person,true,232;233,126adf153bd520671b9de87b006de3863ebbbb907b1b3625168cdef117f4a794,https://www.mofa.go.jp/mofaj/files/000015952.pdf,https://www.mofa.go.jp/mofaj/files/000015952.pdf#page=232,data/raw/mofa/126adf153bd520671b9de87b006de3863ebbbb907b1b3625168cdef117f4a794.pdf.gz,"６８０．イブラヒム・イーサ・ハッジ・ムハンマド・アル・バクル （別名：(a)イブラヒム・イー
サ・ハジ・ムハンマド・アル・バカル (b)イブラヒム・イーサ・ハジ・アル・バクル (c)イブ
ラヒム・イーサ・ヒッジ・モフド・アルバケル (d)イブラヒム・イーサ・ヒッジ・ムハンマド・ア
ル・バケル (e)イブラヒム・イーサ・アル・バカル (f)イブラヒム・アル・バクル (g)アブ・
ハリール）
IBRAHIM 'ISA HAJJI MUHAMMAD AL-BAKR
(original script: رکبلا دمحم يجاح یسیع میهاربا)
(a.k.a.: (a)Ibrahim 'Issa Haji Muhammad al-Bakar (b)Ibrahim 'Isa Haji al-Bakr (c)Ibrahim
Issa Hijji Mohd Albaker (d)Ibrahim Issa Hijji Muhammad al-Baker (e)Ibrahim 'Issa al-
Bakar (f)Ibrahim al-Bakr (g)Abu-Khalil)
称号：不明
役職：不明
生年月日：1977 年 7 月 12 日
出生地：カタール
国籍：カタール
旅券番号：カタール旅券番号 01016646（2017 年 1 月 11 日失効）
ＩＤ番号：カタールＩＤ番号 27763401255
住所： Al Rayyan, Qatar
国連制裁委員会による指定日： 2015 年 1 月 23 日（2020 年 11 月 14 日、11 月 24
日及び 2021 年 3 月 23 日に改訂）
その他の情報：アル・カーイダ（166．に指定した団体）に対して、及び、これを支援して、
資金及び金融サービスを提供する便宜提供者。国連安全保障理事会決議第 2368 号
（2017 年）に基づく見直しは 2020 年 11 月 24 日に終了した。同人に対するインターポ
ール（国際刑事警察機構）・国連安全保障理事会特別手配書のウェブ・リンク：
https://www.interpol.int/en/How-we-work/Notices/View-UN-Notices-Individuals",REVIEW_REQUIRED,REVIEW_REQUIRED,false,mofa-names-v1
126adf153bd520671b9de87b006de3863ebbbb907b1b3625168cdef117f4a794:UN:681,current_un,681,UN,,person,true,233;234,126adf153bd520671b9de87b006de3863ebbbb907b1b3625168cdef117f4a794,https://www.mofa.go.jp/mofaj/files/000015952.pdf,https://www.mofa.go.jp/mofaj/files/000015952.pdf#page=233,data/raw/mofa/126adf153bd520671b9de87b006de3863ebbbb907b1b3625168cdef117f4a794.pdf.gz,"６８１．タルハン・タユムラゾビッチ・バティラシヴィリ（別名：(a)タルハン・タユムラゾビッ
チ・バティラシヴィリ (b)タルハン・バティラシヴィリ (c)オマル・シシャニ (d)ウマル・シ
シャニ (e)アブ・ウマル・アル・シシャニ (f)オマル・アル・シシャニ (g)チェチェン・オマ
ル (h)オマル・ザ・チェチェン (i)オメル・ザ・チェチェン (j)ウマル・ザ・チェチェン (k)ア
ブ・ウマル (l)アブ・ホザイファ）
TARKHAN TAYUMURAZOVICH BATIRASHVILI (a.k.a.: (a)Tarkhan Tayumurazovich
Batyrashvili (b)Tarkhan Batirashvili (c)Omar Shishani (d)Umar Shishani (e)Abu Umar
al-Shishani (f)Omar al-Shishani (g)Chechen Omar (h)Omar the Chechen (i)Omer the
Chechen (j)Umar the Chechen (k)Abu Umar (l)Abu Hudhayfah)
称号：不明
役職：不明
生年月日：(a)１９８６年１月１１日 (b)１９８２年
出生地：Akhmeta, Village Birkiani, Georgia
国籍：グルジア
旅券番号：グルジア旅券番号 09AL14455（2019 年 6 月 26 日失効）
ＩＤ番号：グルジア国民 ID 番号 08001007864
住所：シリア・アラブ共和国（2014 年 12 月時点の居住地）
国連制裁委員会による指定日：２０１５年１月２３日（２０２０年１１月２４日に改訂）
その他の情報：2014 年中頃時点で、イラクのアル・カーイダ（AQI）（４５３．に指定した
団体）としてリストに掲載されているイラクとレバント地方のイスラム国のシリアを拠点
にした上級軍事司令官かつ諮問評議会の一員。約 1,000 人の ISIL 外国人戦闘員を
率いており、シリア北部で数多くの攻撃を実行した。国連安全保障理事会決議第２３
６８号（２０１７年）に基づく見直しは２０２０年１１月２４日に終了した。同人に対するイ
ンターポール（国際刑事警察機構）・国連安全保障理事会特別手配書のウェブ・リン
ク ： https://www.interpol.int/en/How-we-work/Notices/View-UN-Notices-
Individuals",EXTRACTED,REVIEW_REQUIRED,false,mofa-names-v1
126adf153bd520671b9de87b006de3863ebbbb907b1b3625168cdef117f4a794:UN:682,current_un,682,UN,,unknown,false,234,126adf153bd520671b9de87b006de3863ebbbb907b1b3625168cdef117f4a794,https://www.mofa.go.jp/mofaj/files/000015952.pdf,https://www.mofa.go.jp/mofaj/files/000015952.pdf#page=234,data/raw/mofa/126adf153bd520671b9de87b006de3863ebbbb907b1b3625168cdef117f4a794.pdf.gz,６８２． ※２０２２年３月９日解除,HISTORICAL,REVIEW_REQUIRED,false,mofa-names-v1
126adf153bd520671b9de87b006de3863ebbbb907b1b3625168cdef117f4a794:UN:683,current_un,683,UN,,unknown,false,234,126adf153bd520671b9de87b006de3863ebbbb907b1b3625168cdef117f4a794,https://www.mofa.go.jp/mofaj/files/000015952.pdf,https://www.mofa.go.jp/mofaj/files/000015952.pdf#page=234,data/raw/mofa/126adf153bd520671b9de87b006de3863ebbbb907b1b3625168cdef117f4a794.pdf.gz,６８３． ※２０２２年１月７日解除,HISTORICAL,REVIEW_REQUIRED,false,mofa-names-v1
126adf153bd520671b9de87b006de3863ebbbb907b1b3625168cdef117f4a794:UN:684,current_un,684,UN,,person,true,234,126adf153bd520671b9de87b006de3863ebbbb907b1b3625168cdef117f4a794,https://www.mofa.go.jp/mofaj/files/000015952.pdf,https://www.mofa.go.jp/mofaj/files/000015952.pdf#page=234,data/raw/mofa/126adf153bd520671b9de87b006de3863ebbbb907b1b3625168cdef117f4a794.pdf.gz,"６８４．アンガ・ディマス・ペルシャダ（別名：(a)アンガ・ディマス・ペルサダ、1985 年 3 月
4 日に Jakarta, Indonesia にて出生 (b)アンガ・ディマス・ペルサダ、1985 年 3 月 4 日
に Jakarta, Indonesia にて出生 (c)アンガ・ディマス・プラソンダ、1985 年 3 月 4 日に
Jakarta, Indonesia にて出生）
ANGGA DIMAS PERSHADA (a.k.a.: (a)Angga Dimas Persada, born 4 Mar. 1985 in
Jakarta, Indonesia (b)Angga Dimas Persadha, born 4 Mar. 1985 in Jakarta, Indonesia
(c)Angga Dimas Prasondha, born 4 Mar. 1985 in Jakarta, Indonesia)
称号：事務局長（2014 年中期時点）
役職：不明
生年月日：１９８５年３月４日
出生地：Jakarta, Indonesia
国籍：インドネシア
旅券番号：インドネシア旅券番号 W344982（1985 年 3 月 4 日 Jakarta, Indonesia 生
まれの Angga Dimas Peshada として発行）
ＩＤ番号：不明
住所：不明
国連制裁委員会による指定日：２０１５年３月１３日（２０２０年１１月２４日に改訂）
その他の情報：ジュマ・イスラミーヤ（332．に指定した団体）のメンバーであり、インド
ネシア・ヒラル・アフマル協会（HASI）（687．に指定した団体）の指導者。国連安全保
障理事会決議第２３６８号（２０１７年）に基づく見直しは２０２０年１１月２４日に終了し
た。同人に対するインターポール（国際刑事警察機構）・国連安全保障理事会特別手
配書のウェブ・リンク：https://www.interpol.int/en/How-we-work/Notices/View-UN-
Notices-Individuals",REVIEW_REQUIRED,REVIEW_REQUIRED,false,mofa-names-v1
126adf153bd520671b9de87b006de3863ebbbb907b1b3625168cdef117f4a794:UN:685,current_un,685,UN,,person,true,234;235,126adf153bd520671b9de87b006de3863ebbbb907b1b3625168cdef117f4a794,https://www.mofa.go.jp/mofaj/files/000015952.pdf,https://www.mofa.go.jp/mofaj/files/000015952.pdf#page=234,data/raw/mofa/126adf153bd520671b9de87b006de3863ebbbb907b1b3625168cdef117f4a794.pdf.gz,"６８５．バンバン・スキルノ （別名：(a)パッ・ザフラ (b)アブ・ザフラ）
BAMBANG SUKIRNO (a.k.a.: (a)Pak Zahra (b)Abu Zahra)
称号：不明
役職：不明
生年月日：１９７５年４月５日
出生地：Indonesia
国籍：インドネシア
旅券番号：インドネシア旅券番号 A2062513
ＩＤ番号：不明
住所：不明
国連制裁委員会による指定日：２０１５年３月１３日（２０２０年１１月２４日に改訂）
その他の情報：インドネシア・ヒラル・アフマル協会（HASI）（687．に指定した団体）に
て指導的役割を担うジュマ・イスラミーヤ（332．に指定した団体）の幹部。国連安全保
障理事会決議第２３６８号（２０１７年）に基づく見直しは２０２０年１１月２４日に終了し
た。同人に対するインターポール（国際刑事警察機構）・国連安全保障理事会特別手
配書のウェブ・リンク：https://www.interpol.int/en/How-we-work/Notices/View-UN-
Notices-Individuals",EXTRACTED,REVIEW_REQUIRED,false,mofa-names-v1
126adf153bd520671b9de87b006de3863ebbbb907b1b3625168cdef117f4a794:UN:686,current_un,686,UN,,person,true,235,126adf153bd520671b9de87b006de3863ebbbb907b1b3625168cdef117f4a794,https://www.mofa.go.jp/mofaj/files/000015952.pdf,https://www.mofa.go.jp/mofaj/files/000015952.pdf#page=235,data/raw/mofa/126adf153bd520671b9de87b006de3863ebbbb907b1b3625168cdef117f4a794.pdf.gz,"６８６．ウィジ・ジョコ・サントソ （別名：(a)ウィジジョコ・サントソ、1975 年 7 月 14 日
Rembang, Jawa Tengah, Indonesia にて出生 (b)アブ・セイフ・アル・ジャウィ (c)アブ・
セイフ）
WIJI JOKO SANTOSO (a.k.a.: (a)Wijijoko Santoso, born 14 Jul. 1975 in Rembang, Jawa
Tengah, Indonesia (b)Abu Seif al-Jawi (c)Abu Seif)
称号：不明
役職：不明
生年月日：１９７５年７月１４日
出生地：Rembang, Jawa Tengah, Indonesia
国籍：インドネシア
旅券番号：インドネシア旅券番号 A2823222（1975 年 7 月 14 日 Rembang, Jawa
Tengah, Indonesia 生まれの Wiji Joko Santoso として 2012 年 5 月 28 日発行、2017 年
5 月 28 日失効）
ＩＤ番号：不明
住所：不明
国連制裁委員会による指定日：２０１５年３月１３日（２０２０年１１月２４日に改訂）
その他の情報：ジュマ・イスラミーヤ（332．に指定した団体）の外務部長でありアウトリ
ーチ活動の中心人物。インドネシア・ヒラル・アフマル協会（HASI）（687．に指定した団
体）と連携している。国連安全保障理事会決議第２３６８号（２０１７年）に基づく見直し
は２０２０年１１月２４日に終了した。同人に対するインターポール（国際刑事警察機
構 ） ・ 国 連 安 全 保 障 理 事 会 特 別 手 配 書 の ウ ェ ブ ・ リ ン ク ：
https://www.interpol.int/en/How-we-work/Notices/View-UN-Notices-Individuals",REVIEW_REQUIRED,REVIEW_REQUIRED,false,mofa-names-v1
126adf153bd520671b9de87b006de3863ebbbb907b1b3625168cdef117f4a794:UN:687,current_un,687,UN,,entity,true,235;236,126adf153bd520671b9de87b006de3863ebbbb907b1b3625168cdef117f4a794,https://www.mofa.go.jp/mofaj/files/000015952.pdf,https://www.mofa.go.jp/mofaj/files/000015952.pdf#page=235,data/raw/mofa/126adf153bd520671b9de87b006de3863ebbbb907b1b3625168cdef117f4a794.pdf.gz,"６８７．インドネシア・ヒラル・アフマル協会（HASI） （別称：(a)ヒラル・アフマル財団 (b)
シリアのためのインドネシア・ヒラル・アフマル協会）
HILAL AHMAR SOCIETY INDONESIA (HASI) (a.k.a.: (a)Yayasan Hilal Ahmar
(b)Indonesia Hilal Ahmar Society for Syria)
旧称：不明
所在地：不明
国連制裁委員会による指定日：２０１５年３月１３日（２０２０年１１月２４日に改訂）
その他の情報：表向きはジュマ・イスラミーヤ（332．に指定した団体）の人道支援部隊。
インドネシアの Lampung、Jakarta、Semarang、Yogyakarta、Solo、Surabaya、Makassar
にて活動。シリアへの外国人テロ戦闘員渡航に関し、勧誘、資金提供、便宜供与を行
っている。人道組織である国際赤十字赤新月社連盟（IFRC）と提携していない。国連
安全保障理事会決議第２３６８号（２０１７年）に基づく見直しは２０２０年１１月２４日に
終了した。同団体に対するインターポール（国際刑事警察機構）・国連安全保障理事
会 特 別 手 配 書 の ウ ェ ブ ・ リ ン ク ： https://www.interpol.int/en/How-we-
work/Notices/View-UN-Notices-Entities",EXTRACTED,REVIEW_REQUIRED,false,mofa-names-v1
126adf153bd520671b9de87b006de3863ebbbb907b1b3625168cdef117f4a794:UN:688,current_un,688,UN,,unknown,false,236,126adf153bd520671b9de87b006de3863ebbbb907b1b3625168cdef117f4a794,https://www.mofa.go.jp/mofaj/files/000015952.pdf,https://www.mofa.go.jp/mofaj/files/000015952.pdf#page=236,data/raw/mofa/126adf153bd520671b9de87b006de3863ebbbb907b1b3625168cdef117f4a794.pdf.gz,６８８． ※２０１５年７月２０日解除,HISTORICAL,REVIEW_REQUIRED,false,mofa-names-v1
126adf153bd520671b9de87b006de3863ebbbb907b1b3625168cdef117f4a794:UN:689,current_un,689,UN,,person,true,236,126adf153bd520671b9de87b006de3863ebbbb907b1b3625168cdef117f4a794,https://www.mofa.go.jp/mofaj/files/000015952.pdf,https://www.mofa.go.jp/mofaj/files/000015952.pdf#page=236,data/raw/mofa/126adf153bd520671b9de87b006de3863ebbbb907b1b3625168cdef117f4a794.pdf.gz,"６８９．アブドゥル・バシール・ヌールザイ（別名：(a)ハッジ・アブドゥル・バシール (b)ハ
ッジ・アブドゥ・アル・バシール (c)ハッジ・バシール・ヌールザイ (d)アブドゥル・バシー
ル (e)アブドゥル・バシール）
ABDUL BASIR NOORZAI (a.k.a.: (a)Haji Abdul Basir (b)Haji ‘Abd Al-Basir (c)Haji Basir
Noorzai (d) Abdul Baseer (e)Abdul Basir)
称号：Haji（ハッジ）
役職：不明
生年月日：(a)1965 年 (b)1960 年 (c)1963 年
出生地：バルチスタン、パキスタン
国籍：アフガニスタン
旅券番号：パキスタン旅券番号 AA3829182
ＩＤ番号：パキスタン国民 ID 番号 5420124679187
住所：Chaman，Baluchistan Province， Pakistan
国連制裁委員会による指定日： 2015 年 3 月 27 日
その他の情報：域内のタリバーンに金融サービスを提供しているハッジ・バシール・ア
ンド・ザルジミル・カンパニー・ハワラ（６９０．に指定した団体）の所有者。",EXTRACTED,REVIEW_REQUIRED,false,mofa-names-v1
126adf153bd520671b9de87b006de3863ebbbb907b1b3625168cdef117f4a794:UN:690,current_un,690,UN,,entity,true,236;237,126adf153bd520671b9de87b006de3863ebbbb907b1b3625168cdef117f4a794,https://www.mofa.go.jp/mofaj/files/000015952.pdf,https://www.mofa.go.jp/mofaj/files/000015952.pdf#page=236,data/raw/mofa/126adf153bd520671b9de87b006de3863ebbbb907b1b3625168cdef117f4a794.pdf.gz,"６９０．ハッジ・バシール・アンド・ザルジミル・カンパニー・ハワラ（別名：(a)ハッジ・バシ
ール・アンド・ザルジミル・ハワラ・カンパニー (b)ハッジ・アブドゥル・バシール・アンド・
ザル・ジャミール・ハワラ (c)ハッジ・バシール・ハワラ (d)ハッジ・バシール・ハワラ (e)
ハッジ・アブドゥル・バシール両替所 (f)ハッジ・バシール・アンド・ザルジミル両替所
(g)ハッジ・ザル・ジャミル、ハッジ・アブドゥル・バシール両替所）
HAJI BASIR AND ZARJMIL COMPANY HAWALA (a.k.a.: (a)Haji Bashir and Zarjmil
Hawala Company (b)Haji Abdul Basir and Zar Jameel Hawala (c)Haji Basir Hawala
(d)Haji Baseer Hawala (e)Haji Abdul Basir Exchange Shop (f)Haji Basir and Zarjamil
Currency Exchange (g)Haji Zar Jamil， Haji Abdul Baseer Money Changer)
旧称：不明
所在地：支部：(a)Sanatan (または Sanatin) Bazaar， Sanatan Bazaar Street， Trench
(または Tranch) Road， Chaman， Baluchistan Province， Pakistan (b)クエッタ、 パ
キスタン (c)ラホール、 パキスタン (d)ペシャワール、 パキスタン (e)カラチ、パキス
タン (f)イスラマバード、パキスタン (g)カンダハル県、アフガニスタン (h)へラート県、
アフガニスタン (i)ヘルマンド県、アフガニスタン (j)ドバイ、アラブ首長国連邦 (k)イラ
ン
国連制裁委員会による指定日： 2015 年 3 月 27 日
その他の情報：タリバーン指導者が域内の同組織司令官に送金する際に使用される
送金サービス業者。アブドゥル・バシール・ヌールザイ（６８９．に指定した個人）が所
有。",REVIEW_REQUIRED,REVIEW_REQUIRED,false,mofa-names-v1
126adf153bd520671b9de87b006de3863ebbbb907b1b3625168cdef117f4a794:UN:691,current_un,691,UN,,unknown,false,237,126adf153bd520671b9de87b006de3863ebbbb907b1b3625168cdef117f4a794,https://www.mofa.go.jp/mofaj/files/000015952.pdf,https://www.mofa.go.jp/mofaj/files/000015952.pdf#page=237,data/raw/mofa/126adf153bd520671b9de87b006de3863ebbbb907b1b3625168cdef117f4a794.pdf.gz,６９１． ※２０２６年５月２７日解除,HISTORICAL,REVIEW_REQUIRED,false,mofa-names-v1
126adf153bd520671b9de87b006de3863ebbbb907b1b3625168cdef117f4a794:UN:692,current_un,692,UN,,person,true,237;238,126adf153bd520671b9de87b006de3863ebbbb907b1b3625168cdef117f4a794,https://www.mofa.go.jp/mofaj/files/000015952.pdf,https://www.mofa.go.jp/mofaj/files/000015952.pdf#page=237,data/raw/mofa/126adf153bd520671b9de87b006de3863ebbbb907b1b3625168cdef117f4a794.pdf.gz,"６９２．アリ・ベン・ターヘル・ベン・ファーレフ・オウニー・ハルズィー（別名：アブー・ゾベ
イル）
ALI BEN TAHER BEN FALEH OUNI HARZI
(original script: يزرحلا ينوعلا حلافلا نب رهاطلا نب يلع） (a.k.a.: Abou Zoubair)
称号：不明
役職：不明
生年月日：1986 年3 月9 日
出生地：チュニジア、アリアナ （Ariana, Tunisia ）
国籍：チュニジア
旅券番号：チュニジア旅券番号 W342058（2011 年3 月14 日発行、2016 年3 月13
日失効）
ＩＤ番号：チュニジア国民ＩＤカード番号 08705184（2011 年2 月24 日発行）
住所：(a)チュニジア、アリアナ、18 メディテラニアン・ストリート（18 Mediterranean
Street, Ariana, Tunisia） (b)シリア・アラブ共和国（2015年3月時点で所在） (c)イラク
(（b）以外に 2015年3月時点で所在していた可能性がある住所) (d)リビア（過去に所
在）
国連制裁委員会による指定日：２０１５年４月１０日（２０１６年９月１４日、２０１９年５月
１日及び２０２１年１２月２９日に改訂）
その他の情報：身体的情報：目の色は茶、身長は171cm。写真はインターポール（国
際刑事警察機構）･国連安全保障理事会特別手配書に含まれているものを利用可能。
過去に取引仲介業に従事。外国人テロ戦闘員のリクルートや武器密輸に関与してい
るチュニジアのアンサール・アル・シャリア（６７５．に指定した団体）の構成員。2005年、
チュニジアにおいてテロを計画したとして拘束され、30か月の懲役刑。2012年9月11
日、リビアのベンガジにおいて米国総領事館に対する攻撃を計画及び実行した。チュ
ニジア国家警備隊により指名手配中（2015年3月時点）。父親の氏名はTaher Ouni
Harzi 、母親の氏名はBorkana Bedairia。2015年6月、イラクのモースルにおける空爆
で死亡したとされる。国連安全保障理事会決議第２２５３号（２０１５年）に基づく見直し
は２０１９年２月２１日に終了した。国連安全保障理事会決議第２３６８号（２０１７年）
に基づく見直しは２０２１年１１月１５日に終了した。同人に対するインターポール（国
際 刑 事 警 察 機 構 ） ・ 国 連 安 全 保 障 理 事 会 特 別 手 配 書 の ウ ェ ブ ・ リ ン ク ：
https://www.interpol.int/en/How-we-work/Notices/View-UN-Notices-Individuals",REVIEW_REQUIRED,REVIEW_REQUIRED,false,mofa-names-v1
126adf153bd520671b9de87b006de3863ebbbb907b1b3625168cdef117f4a794:UN:693,current_un,693,UN,,person,true,238,126adf153bd520671b9de87b006de3863ebbbb907b1b3625168cdef117f4a794,https://www.mofa.go.jp/mofaj/files/000015952.pdf,https://www.mofa.go.jp/mofaj/files/000015952.pdf#page=238,data/raw/mofa/126adf153bd520671b9de87b006de3863ebbbb907b1b3625168cdef117f4a794.pdf.gz,"６９３．ターラク・ベン・ターヘル・ベン・ファーレフ・オウニー・ハルズィー（別名：アブー・
オマル・アル・トゥニジ）
TARAK BEN TAHER BEN FALEH OUNI HARZI
(original script: ي زرحلا ينوعلا حلافلا نب رهاطلا نب قراط）(a.k.a.: Abou Omar Al Tounisi)
称号：不明
役職：不明
生年月日：1982年5月3日
出生地：チュニジア、チュニス(Tunis, Tunisia )
国籍：チュニジア
旅券番号：チュニジア旅券番号 Z050399（2003年12月9日発行、2008年12月8日失効）
ＩＤ番号：チュニジア国民ＩＤカード番号 04711809（2003年11月13日発行）
住所：(a)チュニジア、アリアナ、18 メディテラニアン・ストリート（18 Mediterranean
Street, Ariana, Tunisia） (b)シリア・アラブ共和国（2015年3月時点で所在） (c)イラク
(（b）以外に2015年3月時点で所在していた可能性がある住所) (d)リビア（過去に所在）
国連制裁委員会による指定日：２０１５年４月１０日（２０１６年９月１４日、２０１９年５月
１日及び２０２１年１２月２９日に改訂）
その他の情報：身体的情報：目の色は茶、身長は172cm。写真はインターポール（国
際刑事警察機構）･国連安全保障理事会特別手配書に含まれているものを利用可能。
過去に労働者(worker)として働いていた。2004年、イラクのアル・カ－イダ（４５３．に指
定した団体）において危険かつ活発な活動を行う構成員であった。また、シリアにおい
て、チュニジアのアンサール・アル・シャリア（６７５．に指定した団体）構成員の支援及
び受け入れにも従事。2007年10月30日、チュニス控訴裁判所から、テロ活動に関与
したとして本人不在のまま24年の懲役刑を受けた。父親の氏名はTaher Ouni Harzi、
母親の氏名はBorkana Bedairia。2015年6月、シリアにおいて死亡したとされる。国連
安全保障理事会決議第２２５３号（２０１５年）に基づく見直しは２０１９年２月２１日に
終了した。国連安全保障理事会決議第２３６８号（２０１７年）に基づく見直しは２０２１
年１１月１５日に終了した。同人に対するインターポール（国際刑事警察機構）・国連
安全保障理事会特別手配書のウェブ・リンク：https://www.interpol.int/en/How-we-
work/Notices/View-UN-Notices-Individuals",REVIEW_REQUIRED,REVIEW_REQUIRED,false,mofa-names-v1
126adf153bd520671b9de87b006de3863ebbbb907b1b3625168cdef117f4a794:UN:694,current_un,694,UN,,entity,true,238;239,126adf153bd520671b9de87b006de3863ebbbb907b1b3625168cdef117f4a794,https://www.mofa.go.jp/mofaj/files/000015952.pdf,https://www.mofa.go.jp/mofaj/files/000015952.pdf#page=238,data/raw/mofa/126adf153bd520671b9de87b006de3863ebbbb907b1b3625168cdef117f4a794.pdf.gz,"６９４．ザ・アーミー・オブ・エミグランツ・アンド・サポーターズ(別名:(a)バタリオン・オブ・
エミグランツ・アンド・サポーターズ (b)アーミー・オブ・エミグランツ・アンド・サポーター
ズ・オーガナイゼーション (c)バタリオン・オブ・エミグランツ・アンド・アンサール (d)ジ
ャイシュ・アル・ムハジリーン・ワル・アンサール(ＪＡＭＷＡ))
THE ARMY OF EMIGRANTS AND SUPPORTERS
(original script: میظنت شیج ن يرجاهملا و راصنلأا)
(a.k.a.: (a)Battalion of Emigrants and Supporters (b)Army of Emigrants and Supporters
organization (c)Battalion of Emigrants and Ansar (d)Jaysh al-Muhajirin wal-Ansar
(JAMWA))
所在地：Jabal Turkuman area, Lattakia Governorate, Syrian Arab Republic
国連制裁委員会による指定日：２０１５年８月６日（２０２０年１１月２４日に改訂）
その他の情報：２０１３年に外国人テロ戦闘員らによって設立された。所在地はシリ
ア・アラブ共和国。イラクのアル・カーイダ(４５３．に指定した団体)およびレバントの
人々のためのアル・ヌスラ戦線(６４４．に指定した団体）としてリストに掲載されている
ISIL(いわゆる「イスラム国」)と提携している。国連安全保障理事会決議第２３６８号（２
０１７年）に基づく見直しは２０２０年１１月２４日に終了した。同団体に対するインター
ポール（国際刑事警察機構）・国連安全保障理事会特別手配書のウェブ・リンク：
https://www.interpol.int/en/How-we-work/Notices/View-UN-Notices-Entities",REVIEW_REQUIRED,REVIEW_REQUIRED,false,mofa-names-v1
126adf153bd520671b9de87b006de3863ebbbb907b1b3625168cdef117f4a794:UN:695,current_un,695,UN,,person,true,239,126adf153bd520671b9de87b006de3863ebbbb907b1b3625168cdef117f4a794,https://www.mofa.go.jp/mofaj/files/000015952.pdf,https://www.mofa.go.jp/mofaj/files/000015952.pdf#page=239,data/raw/mofa/126adf153bd520671b9de87b006de3863ebbbb907b1b3625168cdef117f4a794.pdf.gz,"６９５．ソフィアン・ベン・ゴウモ（別名：（a）スフィアン・ビン・クーム（b）アブー・ファライ・
アル・リビー）
SOFIANE BEN GOUMO
(a.k.a.: (a)Sufyan bin Qumu (b)Abou Farai al Libi)
称号：不明
役職：不明
生年月日：１９５９年６月２６日
出生地：Derna, Libya
国籍：リビア
旅券番号：不明
ID 番号：不明
住所：リビア
国連制裁委員会による指定日：２０１５年９月３日（２０２０年１１月２４日及び２０２５年
３月１１日に改訂）
その他の情報：アンサール・アル・シャリア・デルナ（６７７．に指定した団体）の指導者。
国連安全保障理事会決議第２３６８号（２０１７年）に基づく見直しは２０２０年１１月２４
日に終了した。同人に対するインターポール（国際刑事警察機構）・国連安全保障理
事 会 特 別 手 配 書 の ウ ェ ブ ・ リ ン ク ： https://www.interpol.int/en/How-we
work/Notices/View-UN-Notices-Individuals",EXTRACTED,REVIEW_REQUIRED,false,mofa-names-v1
126adf153bd520671b9de87b006de3863ebbbb907b1b3625168cdef117f4a794:UN:696,current_un,696,UN,,unknown,false,240,126adf153bd520671b9de87b006de3863ebbbb907b1b3625168cdef117f4a794,https://www.mofa.go.jp/mofaj/files/000015952.pdf,https://www.mofa.go.jp/mofaj/files/000015952.pdf#page=240,data/raw/mofa/126adf153bd520671b9de87b006de3863ebbbb907b1b3625168cdef117f4a794.pdf.gz,６９６．※２０２３年６月９日解除,HISTORICAL,REVIEW_REQUIRED,false,mofa-names-v1
126adf153bd520671b9de87b006de3863ebbbb907b1b3625168cdef117f4a794:UN:697,current_un,697,UN,,person,true,240,126adf153bd520671b9de87b006de3863ebbbb907b1b3625168cdef117f4a794,https://www.mofa.go.jp/mofaj/files/000015952.pdf,https://www.mofa.go.jp/mofaj/files/000015952.pdf#page=240,data/raw/mofa/126adf153bd520671b9de87b006de3863ebbbb907b1b3625168cdef117f4a794.pdf.gz,"６９７．アブド・アル・ラティフ・ビン・アブダッラー・サーリハ・ムハンマド・アル・カワリ（別
名：（a）アブド・アル・ラティフ・アブダッラー・サーリハ・アル・カワリ（b）アブド・アル・ラテ
ィフ・アブダッラー・サーリハ・アル・クワリ（c）アブド・アル・ラティフ・アブダッラー・アル・
カウワリ（d）アブド・アル・ラティフ・アブダッラー・アル・カワリ（e）アブ・アリ・アル・カワ
リ）
ABD AL-LATIF BIN ABDALLAH SALIH MUHAMMAD AL-KAWARI
(original script: يراوكلا دمحم حلاص للهدبع نب فیطللادبع）
(a.k.a.: (a)Abd-al-Latif Abdallah Salih al-Kawari (b)Abd-al-Latif Abdallah Salih al-
Kuwari (c)Abd-al-Latif Abdallah al-Kawwari (d)Abd-al-Latif Abdallah al-Kawari (e)Abu
Ali al-Kawari)
称号：不明
役職：不明
生年月日：１９７３年９月２８日
出生地：不明
国籍：カタール
旅券番号：（a）カタール旅券番号 01020802（b）カタール旅券番号 00754833（2007 年
5 月 20 日発行）（c）カタール旅券番号 00490327（2001 年 7 月 28 日発行）(d)カタール
旅券番号 01538029（2025 年 3 月 14 日失効）
ID 番号：カタール ID 番号 27363400684
住所：Al Kharaitiyat, Qatar
国連制裁委員会による指定日：２０１５年９月２１日（２０１９年５月１日、２０２１年３月２
３日及び２０２３年３月１５日に改訂）
その他の情報：アル・カーイダ（１６６．に指定した団体）に金銭的サービスを提供する、
または同団体を支援するカタールを拠点とする便宜供与者。国連安全保障理事会決
議第２２５３号（２０１５年）に基づく見直しは２０１９年２月２１日に終了した。国連安全
保障理事会決議第２６１０号（２０２１年）に基づく見直しは２０２２年１１月８日に終了し
た。同人に対するインターポール（国際刑事警察機構）・国連安全保障理事会特別手
配書のウェブ・リンク：https://www.interpol.int/en/How-we-work/Notices/View-UN-
Notices-Individuals",REVIEW_REQUIRED,REVIEW_REQUIRED,false,mofa-names-v1
126adf153bd520671b9de87b006de3863ebbbb907b1b3625168cdef117f4a794:UN:698,current_un,698,UN,,unknown,false,240,126adf153bd520671b9de87b006de3863ebbbb907b1b3625168cdef117f4a794,https://www.mofa.go.jp/mofaj/files/000015952.pdf,https://www.mofa.go.jp/mofaj/files/000015952.pdf#page=240,data/raw/mofa/126adf153bd520671b9de87b006de3863ebbbb907b1b3625168cdef117f4a794.pdf.gz,６９８．※２０２３年６月９日解除,HISTORICAL,REVIEW_REQUIRED,false,mofa-names-v1
126adf153bd520671b9de87b006de3863ebbbb907b1b3625168cdef117f4a794:UN:699,current_un,699,UN,,person,true,240;241,126adf153bd520671b9de87b006de3863ebbbb907b1b3625168cdef117f4a794,https://www.mofa.go.jp/mofaj/files/000015952.pdf,https://www.mofa.go.jp/mofaj/files/000015952.pdf#page=240,data/raw/mofa/126adf153bd520671b9de87b006de3863ebbbb907b1b3625168cdef117f4a794.pdf.gz,"６９９．サアド・ビン・サアド・ムハンマド・シャリヤン・アル・カアビ（別名：（a）サアド・ビ
ン・サアド・ムハンマド・シルヤン・アル・カアビ（b）サアド・サアド・ムハンマド・シルヤ
ン・アル・カアビ（c）サアド・アル・シャルヤン・アル・カアビ（d）アブ・ハザ（e）アブ・ハッ
ザ（f）ウマル・アル・アフガーニ（g）アブ・サアド（h）アブ・スアド）
SA’D BIN SA’D MUHAMMAD SHARIYAN AL-KA’BI
(original script: د عس ن ب دعس دمحم ن ايرش يبعكلا )
(a.k.a.: (a)Sa’d bin Sa’d Muhammad Shiryan al-Ka’bi (b)Sa’d Sa’d Muhammad
Shiryan al-Ka’bi (c)Sa’d al-Sharyan al-Ka’bi (d)Abu Haza’ (e)Abu Hazza’ (f)Umar
al-Afghani (g)Abu Sa’d (h)Abu Suad)
称号：不明
役職：不明
生年月日：1972 年 2 月 15 日
出生地：不明
国籍：カタール
旅券番号：カタール旅券番号 00966737（2016 年 2 月 16 日失効）
ID 番号：カタールＩＤ番号 27263401275
住所：Umm Salal, Qatar
国連制裁委員会による指定日：2015 年 9 月 21 日（2019 年 5 月 1 日及び 2021 年 3
月 23 日に改訂）
その他の情報：レバントの人々のためのアル・ヌスラ戦線（644．に指定した団体）に金
銭的サービスを提供する、または同団体を支援するカタールを拠点とする便宜供与
者。国連安全保障理事会決議第 2253 号（2015 年）に基づく見直しは 2019 年 2 月 21
日に終了した。同人に対するインターポール（国際刑事警察機構）・国連安全保障理
事 会 特 別 手 配 書 の ウ ェ ブ ・ リ ン ク ： https://www.interpol.int/en/How-we-
work/Notices/View-UN-Notices-Individuals",REVIEW_REQUIRED,REVIEW_REQUIRED,false,mofa-names-v1
126adf153bd520671b9de87b006de3863ebbbb907b1b3625168cdef117f4a794:UN:700,current_un,700,UN,,person,true,241,126adf153bd520671b9de87b006de3863ebbbb907b1b3625168cdef117f4a794,https://www.mofa.go.jp/mofaj/files/000015952.pdf,https://www.mofa.go.jp/mofaj/files/000015952.pdf#page=241,data/raw/mofa/126adf153bd520671b9de87b006de3863ebbbb907b1b3625168cdef117f4a794.pdf.gz,"７００．アクサー・マフムード（別名：ウム・ライス）
AQSA MAHMOOD (a.k.a.: Umm Layth)
称号：不明
役職：不明
生年月日：１９９４年５月１１日
出生地：Glasgow, Scotland, United Kingdom
国籍：英国
旅券番号：英国旅券番号 720134834（２０１２年６月２７日発効、２０２２年６月２７日失
効）
ID 番号：不明
住所：(a)シリア・アラブ共和国（２０１３年１１月時点） (b)英国（以前の住所）
国連制裁委員会による指定日：２０１５年９月２８日（２０２０年１１月２４日に改訂）
その他の情報：シリア・アラブ共和国内において、イラクのアル・カーイダ（４５３．に指
定した団体）として掲載されている ISIL（いわゆる「イスラム国」）のリクルーターであり、
ISIL におけるイスラム法の解釈を強化するためにラッカにて設立された、ISIL の女性
部隊であるアル・カーンサー旅団の重要人物。性別は女性。国連安全保障理事会決
議第２３６８号（２０１７年）に基づく見直しは２０２０年１１月２４日に終了した。同人に対
するインターポール（国際刑事警察機構）・国連安全保障理事会特別手配書のウェ
ブ ・ リ ン ク ： https://www.interpol.int/en/How-we-work/Notices/View-UN-Notices-
Individuals
写真はインターポール（国際刑事警察機構）･国連安全保障理事会特別手配書に含
まれているものを利用可能。",EXTRACTED,REVIEW_REQUIRED,false,mofa-names-v1
126adf153bd520671b9de87b006de3863ebbbb907b1b3625168cdef117f4a794:UN:701,current_un,701,UN,,person,true,242,126adf153bd520671b9de87b006de3863ebbbb907b1b3625168cdef117f4a794,https://www.mofa.go.jp/mofaj/files/000015952.pdf,https://www.mofa.go.jp/mofaj/files/000015952.pdf#page=242,data/raw/mofa/126adf153bd520671b9de87b006de3863ebbbb907b1b3625168cdef117f4a794.pdf.gz,"７０１．ナセール・アフメド・ムサンナー（別名：（a）ナーセル・ムサンナー（b）アブドゥル・
ムサンナー（c）アブ・ムサンナー（d）アブ・アル・イエメニ・ムサンナー（e）アブ・ムサン
ナー）
NASSER AHMED MUTHANA (a.k.a.: (a)Nasir Muthana (b)Abdul Muthana (c)Abu
Muthana (d)Abu Al-Yemeni Muthana (e)Abu Muthanna)
称号：不明
役職：不明
生年月日：１９９４年４月２９日
出生地：Heath, Cardiff, United Kingdom of Great Britain and Northern Ireland
国籍：英国
旅券番号：英国旅券番号 210804241（２０１０年７月２７日発効、２０２０年７月２７日失
効）
ID 番号：不明
住所：(a)シリア・アラブ共和国（２０１３年１１月時点） (b)英国（２０１３年１１月以前の
住所）
国連制裁委員会による指定日：２０１５年９月２８日（２０２０年１１月２４日に改訂）
その他の情報：シリア・アラブ共和国内において、イラクのアル・カーイダ（４５３．に指
定した団体）として掲載されている ISIL（いわゆる「イスラム国」）の外国人テロ戦闘員。
英国当局により指名手配されている。髪の色は茶及び黒色。国連安全保障理事会決
議第２３６８号（２０１７年）に基づく見直しは２０２０年１１月２４日に終了した。同人に対
するインターポール（国際刑事警察機構）・国連安全保障理事会特別手配書のウェ
ブ ・ リ ン ク ： https://www.interpol.int/en/How-we-work/Notices/View-UN-Notices-
Individuals
写真はインターポール（国際刑事警察機構）･国連安全保障理事会特別手配書に含
まれているものを利用可能。",EXTRACTED,REVIEW_REQUIRED,false,mofa-names-v1
126adf153bd520671b9de87b006de3863ebbbb907b1b3625168cdef117f4a794:UN:702,current_un,702,UN,,person,true,242;243,126adf153bd520671b9de87b006de3863ebbbb907b1b3625168cdef117f4a794,https://www.mofa.go.jp/mofaj/files/000015952.pdf,https://www.mofa.go.jp/mofaj/files/000015952.pdf#page=242,data/raw/mofa/126adf153bd520671b9de87b006de3863ebbbb907b1b3625168cdef117f4a794.pdf.gz,"７０２．オマル・アリ・フセイン（別名：アブ・サイード・アル・ブリターニ）
OMAR ALI HUSSAIN (a.k.a.: Abu-Sa’id Al Britani)
称号：不明
役職：不明
生年月日：１９８７年３月２１日
出生地：High Wycombe, Buckinghamshire, United Kingdom
国籍：英国
旅券番号：英国旅券番号 205939411（２００４年７月２１日発効、２０１５年４月２１日失
効）
ID 番号：不明
住所：(a)シリア・アラブ共和国（２０１４年１月時点） (b)英国（２０１４年１月以前の住所）
国連制裁委員会による指定日：２０１５年９月２８日（２０２０年１１月２４日に改訂）
その他の情報：シリア・アラブ共和国内において、イラクのアル・カーイダ（４５３．に指
定した団体）として掲載されている ISIL（いわゆる「イスラム国」）の外国人テロ戦闘員。
目の色は茶。髪の色は黒及び茶色。国連安全保障理事会決議第２３６８号（２０１７年）
に基づく見直しは２０２０年１１月２４日に終了した。同人に対するインターポール（国
際 刑 事 警 察 機 構 ） ・ 国 連 安 全 保 障 理 事 会 特 別 手 配 書 の ウ ェ ブ ・ リ ン ク ：
https://www.interpol.int/en/How-we-work/Notices/View-UN-Notices-Individuals
写真はインターポール（国際刑事警察機構）･国連安全保障理事会特別手配書に含
まれているものを利用可能。",EXTRACTED,REVIEW_REQUIRED,false,mofa-names-v1
126adf153bd520671b9de87b006de3863ebbbb907b1b3625168cdef117f4a794:UN:703,current_un,703,UN,,person,true,243,126adf153bd520671b9de87b006de3863ebbbb907b1b3625168cdef117f4a794,https://www.mofa.go.jp/mofaj/files/000015952.pdf,https://www.mofa.go.jp/mofaj/files/000015952.pdf#page=243,data/raw/mofa/126adf153bd520671b9de87b006de3863ebbbb907b1b3625168cdef117f4a794.pdf.gz,"７０３．サリー・アン・フランシス・ジョーンズ（別名：（a）ウム・フセイン・アル・ブリターニ
（b）サキナ・フセイン）
SALLY-ANNE FRANCES JONES (a.k.a.: (a)Umm Hussain al-Britani (b)Sakinah
Hussain)
称号：不明
役職：不明
生年月日：１９６８年１１月１７日
出生地：Greenwich, Greater London, United Kingdom of Great Britain and Northern
Ireland
国籍：英国
旅券番号：英国旅券番号 519408086（２０１３年９月２３日発効、２０２３年９月２３日失
効）
ID 番号：不明
住所：(a)シリア・アラブ共和国（２０１３年時点） (b)英国（２０１３年以前の住所）
国連制裁委員会による指定日：２０１５年９月２８日（２０２０年１１月２４日に改訂）
その他の情報：シリア・アラブ共和国内において、イラクのアル・カーイダ（４５３．に指
定した団体）として掲載されている ISIL（いわゆる「イスラム国」）のリクルーター。性別
は女性。夫の名前は Junaid Hussain。国連安全保障理事会決議第２３６８号（２０１７
年）に基づく見直しは２０２０年１１月２４日に終了した。同人に対するインターポール
（国際刑事警察機構）・国連安全保障理事会特別手配書のウェブ・リンク：
https://www.interpol.int/en/How-we-work/Notices/View-UN-Notices-Individuals
写真はインターポール（国際刑事警察機構）･国連安全保障理事会特別手配書に含
まれているものを利用可能。",EXTRACTED,REVIEW_REQUIRED,false,mofa-names-v1
126adf153bd520671b9de87b006de3863ebbbb907b1b3625168cdef117f4a794:UN:704,current_un,704,UN,QDi.375,person,true,243;244,126adf153bd520671b9de87b006de3863ebbbb907b1b3625168cdef117f4a794,https://www.mofa.go.jp/mofaj/files/000015952.pdf,https://www.mofa.go.jp/mofaj/files/000015952.pdf#page=243,data/raw/mofa/126adf153bd520671b9de87b006de3863ebbbb907b1b3625168cdef117f4a794.pdf.gz,"７０４．ブーバクル・ベン・ハビブ・ベン・アル・ハキーム
BOUBAKER BEN HABIB BEN AL-HAKIM
国連参照番号：QDi.375
生年月日：1983/８/１
出生地：Paris, France
別名：ブーバクル・エル・ハキーム； ブバケ・エル・ハキーム
Boubakeur el-Hakim; Boubaker el Hakim
確定に十分でない別名：アブ・アル・ムカテル； アブ・ムカテル； アブ・ムカティル・ア
ル・チュニジ； エル・ハキーム・ブーバクル
Abou al Moukatel; Abou Mouqatel; Abu-Muqatil al-Tunisi; El Hakim Boubakeur
国籍：フランス； チュニジア
France; Tunisia
住所等：Syrian Arab Republic（2015 年９月時点）
リスト掲載日：2015 年９月 29 日（2016 年６月 24 日、2021 年 11 月 15 日及び 2026 年
８月 18 日に改訂）
その他の情報：国連安全保障理事会決議に基づく見直しは 2021 年 11 月 15 日、2025
年 12 月 31 日に終了した。イラクのアル・カーイダ（453．に指定した団体）として掲載
されている ISIL（いわゆる「イスラム国」）のフランス系チュニジア人外国人テロ戦闘員。
2016 年 11 月 26 日にシリアのラッカにて殺害されたと報告されている。同人に対する
インターポール（国際刑事警察機構）・国連安全保障理事会特別手配書のウェブ・リ
ン ク ： https://www.interpol.int/en/How-we-work/Notices/View-UN-Notices-
Individuals",EXTRACTED,REVIEW_REQUIRED,false,mofa-names-v1
126adf153bd520671b9de87b006de3863ebbbb907b1b3625168cdef117f4a794:UN:705,current_un,705,UN,QDi.376,person,true,244,126adf153bd520671b9de87b006de3863ebbbb907b1b3625168cdef117f4a794,https://www.mofa.go.jp/mofaj/files/000015952.pdf,https://www.mofa.go.jp/mofaj/files/000015952.pdf#page=244,data/raw/mofa/126adf153bd520671b9de87b006de3863ebbbb907b1b3625168cdef117f4a794.pdf.gz,"７０５．ペーター・シェリフ
PETER CHERIF
国連参照番号：QDi.376
生年月日：1982/８/26
出生地：Paris, 20th district, France
国籍：フランス
France
住所等：Al Mukalla, Hadramawt province, Yemen
リスト掲載日：2015 年９月 29 日（2016 年６月 24 日、2021 年 11 月 15 日及び 2026 年
８月 18 日に改訂）
その他の情報：国連安全保障理事会決議に基づく見直しは 2021 年 11 月 15 日、2025
年 12 月 31 日に終了した。アラビア半島のアル・カーイダ(AQAP)（562．に指定した団
体）のメンバー。2012 年、フランスで本人不在のまま懲役５年の有罪判決を受けた。
2024 年 10 月３日フランスで終身刑の判決を受けた。2015 年現在、フランス当局によ
り指名手配されている。同人に対するインターポール（国際刑事警察機構）・国連安
全保障理事会特別手配書のウェブ・リンク：https://www.interpol.int/en/How-we-
work/Notices/View-UN-Notices-Individuals",EXTRACTED,REVIEW_REQUIRED,false,mofa-names-v1
126adf153bd520671b9de87b006de3863ebbbb907b1b3625168cdef117f4a794:UN:706,current_un,706,UN,,person,true,244;245,126adf153bd520671b9de87b006de3863ebbbb907b1b3625168cdef117f4a794,https://www.mofa.go.jp/mofaj/files/000015952.pdf,https://www.mofa.go.jp/mofaj/files/000015952.pdf#page=244,data/raw/mofa/126adf153bd520671b9de87b006de3863ebbbb907b1b3625168cdef117f4a794.pdf.gz,"７０６．マキシム・オーシャール（別名：アブ・アブダッラー・アル・ファランジ）
MAXIME HAUCHARD (a.k.a.: Abou Abdallah al Faransi)
称号：不明
役職：不明
生年月日：１９９２年３月１７日
出生地：Saint Aubin les Elbeuf, Normandy, France
国籍：フランス
旅券番号：不明
ID番号：フランス国民IDカード番号 101127200129（Sous-Préfecture, Bernay, France
により発行。２０２０年１１月４日失効）
住所：シリア・アラブ共和国（２０１５年９月時点）
国連制裁委員会による指定日：２０１５年９月２９日（２０１６年６月２４日及び２０２１年
１２月２９日に改訂）
その他の情報：イラクのアル・カーイダ（４５３．に指定した団体）として掲載されている
ISIL（いわゆる「イスラム国」）のフランス人外国人テロ戦闘員。テロ組織と関わりのあ
る殺人及びテロ犯罪組織への参加を理由として、２０１５年１月２０日、同人に対する
逮捕状がパリ検察庁反テロ部門予審判事により発行された。 国連安全保障理事会
決議第２３６８号（２０１７年）に基づく見直しは２０２１年１１月１５日に終了した。同人に
対するインターポール（国際刑事警察機構）・国連安全保障理事会特別手配書のウェ
ブ ・ リ ン ク ： https://www.interpol.int/en/How-we-work/Notices/View-UN-Notices-
Individuals",EXTRACTED,REVIEW_REQUIRED,false,mofa-names-v1
126adf153bd520671b9de87b006de3863ebbbb907b1b3625168cdef117f4a794:UN:707,current_un,707,UN,,person,true,245,126adf153bd520671b9de87b006de3863ebbbb907b1b3625168cdef117f4a794,https://www.mofa.go.jp/mofaj/files/000015952.pdf,https://www.mofa.go.jp/mofaj/files/000015952.pdf#page=245,data/raw/mofa/126adf153bd520671b9de87b006de3863ebbbb907b1b3625168cdef117f4a794.pdf.gz,"７０７．アムルー・アル・アブシ（別名：（a）アムル・アル・アブシ（b）アブ・アル・アシル・ア
ムル・アル・アブシ（c）アブ・アル・アシル（d）アブ・アル・アスィル（e）アブ・アスィル（f）
アブ・アムル・アル・シャーミー（g）アブ・アル・アシル・アル・シャーミー（h）アブ・ウマ
ル・アル・アブシ）
AMRU AL-ABSI (a.k.a.: (a)Amr al Absi (b)Abu al Athir Amr al Absi (c)Abu al-Athir
(d)Abu al-Asir (e)Abu Asir (f)Abu Amr al Shami (g)Abu al-Athir al-Shami (h)Abu-Umar
al-Absi)
称号：不明
役職：不明
生年月日：１９７９年頃
出生地：サウジアラビア
国籍：不明
旅券番号：不明
ID 番号：不明
住所：Homs, Syrian Arab Republic（２０１５年９月時点の居住地）
国連制裁委員会による指定日：２０１５年９月２９日（２０１９年５月１日及び２０２３年３
月１５日に改訂）
その他の情報：イラクのアル・カーイダ（４５３．に指定した団体）として掲載されている
ISIL（いわゆる「イスラム国」）の諮問評議会メンバーであり、ISIL のメディア部門を担
当。２０１４年中旬時点で、シリア・アラブ共和国、ホムス県の指導者である。ISIL に
おける「最高の誘拐者」と称される。国連安全保障理事会決議第２２５３号（２０１５年）
に基づく見直しは２０１９年２月２１日に終了した。国連安全保障理事会決議第２６１０
号（２０２１年）に基づく見直しは２０２２年１１月８日に終了した。同人に対するインター
ポール（国際刑事警察機構）・国連安全保障理事会特別手配書のウェブ・リンク：
https://www.interpol.int/en/How-we-work/Notices/View-UN-Notices-Individuals",EXTRACTED,REVIEW_REQUIRED,false,mofa-names-v1
126adf153bd520671b9de87b006de3863ebbbb907b1b3625168cdef117f4a794:UN:708,current_un,708,UN,,person,true,245;246,126adf153bd520671b9de87b006de3863ebbbb907b1b3625168cdef117f4a794,https://www.mofa.go.jp/mofaj/files/000015952.pdf,https://www.mofa.go.jp/mofaj/files/000015952.pdf#page=245,data/raw/mofa/126adf153bd520671b9de87b006de3863ebbbb907b1b3625168cdef117f4a794.pdf.gz,"７０８．ムアタシム・ヤフヤ・アリ・アル・ルマイシュ（別名：（a）ライハナ（b）アブ・ライハナ
（c）ハンダラ（d）アブ・ライハナ・アル・アンサリ・アル・ジッダウィ）
MU’TASSIM YAHYA ‘ALI AL-RUMAYSH
(a.k.a.: (a)Rayhanah (b)Abu-Rayhanah (c)Handalah (d)Abu-Rayhanah al-‘Ansari al-
Jeddawi)
称号：不明
役職：不明
生年月日：１９７３年１月４日
出生地：Jeddah, Saudi Arabia
国籍：イエメン
旅券番号：イエメン旅券番号 01055336
ID 番号：サウジアラビア外国人登録番号 2054275397（１９９８年７月２２日発行）
住所：不明
国連制裁委員会による指定日：２０１５年９月２９日（２０１９年１２月６日及び 2024 年２
月７日に改訂）
その他の情報：イラクのアル・カーイダ（４５３．に指定した団体）として掲載されている
ISIL（いわゆる「イスラム国」）の資金および外国人戦闘員の便宜供与者。少なくとも２
０１４年６月以降、アラビア半島のアル・カーイダ(AQAP)（５６２．に指定した団体）のメ
ンバー。国連安全保障理事会決議第２３６８号（２０１７年）に基づく見直しは２０１９年
１２月４日に終了した。国連安全保障理事会決議第２６１０号（２０２１年）に基づく見直
しは２０２３年１０月３０日に終了した。同人に対するインターポール（国際刑事警察機
構 ） ・ 国 連 安 全 保 障 理 事 会 特 別 手 配 書 の ウ ェ ブ ・ リ ン ク ：
https://www.interpol.int/en/How-we-work/Notices/View-UN-Notices-Individuals",EXTRACTED,REVIEW_REQUIRED,false,mofa-names-v1
126adf153bd520671b9de87b006de3863ebbbb907b1b3625168cdef117f4a794:UN:709,current_un,709,UN,,person,true,246;247,126adf153bd520671b9de87b006de3863ebbbb907b1b3625168cdef117f4a794,https://www.mofa.go.jp/mofaj/files/000015952.pdf,https://www.mofa.go.jp/mofaj/files/000015952.pdf#page=246,data/raw/mofa/126adf153bd520671b9de87b006de3863ebbbb907b1b3625168cdef117f4a794.pdf.gz,"７０９．タラット・モハンマド・アルヌーリ・アルファーレス・アルジャルバ（別名：（a）タラッ
ト・アルジャルバ（b）アブ・モハンマド・アル・シマリ）
TARAD MOHAMMAD ALNORI ALFARES ALJARBA (a.k.a.: (a)Tarad Aljarba (b)Abu
Muhammad al-Shimali)
称号：不明
役職：不明
生年月日：１９７９年１１月２０日
出生地：イラク
国籍：サウジアラビア
旅券番号：E704088（２００３年８月２６日発行、２００８年７月２日失効）
ID 番号：1121628414
住所：不明
国連制裁委員会による指定日：２０１５年９月２９日（２０１９年１２月６日、２０２０年９月
１０日及び 2024 年２月７日に改訂）
その他の情報：２０１５年４月時点で、イラクのアル・カーイダ（４５３．に指定した団体）
として掲載されている ISIL（いわゆる「イスラム国」）の国境担当責任者であり、２０１４
年中旬時点で、ISIL のシリア・アラブ共和国およびイラクの領域外における活動の指
導者。オーストラリア、欧州および中東からの ISIL 戦闘員志願者をトルコからシリ
ア・アラブ共和国へ移動させる便宜を提供した。２０１４年時点で、シリア・アラブ共和
国のアザーズにて ISIL のゲストハウスを経営。国連安全保障理事会決議第２３６８
号（２０１７年）に基づく見直しは２０１９年１２月４日に終了した。国連安全保障理事会
決議第２６１０号（２０２１年）に基づく見直しは２０２３年１０月３０日に終了した。同人に
対するインターポール（国際刑事警察機構）・国連安全保障理事会特別手配書のウェ
ブ ・ リ ン ク ： https://www.interpol.int/en/How-we-work/Notices/View-UN-Notices-
Individuals",EXTRACTED,REVIEW_REQUIRED,false,mofa-names-v1
126adf153bd520671b9de87b006de3863ebbbb907b1b3625168cdef117f4a794:UN:710,current_un,710,UN,,unknown,false,247,126adf153bd520671b9de87b006de3863ebbbb907b1b3625168cdef117f4a794,https://www.mofa.go.jp/mofaj/files/000015952.pdf,https://www.mofa.go.jp/mofaj/files/000015952.pdf#page=247,data/raw/mofa/126adf153bd520671b9de87b006de3863ebbbb907b1b3625168cdef117f4a794.pdf.gz,７１０． ※２０１９年３月１日解除,HISTORICAL,REVIEW_REQUIRED,false,mofa-names-v1
126adf153bd520671b9de87b006de3863ebbbb907b1b3625168cdef117f4a794:UN:711,current_un,711,UN,,entity,true,247,126adf153bd520671b9de87b006de3863ebbbb907b1b3625168cdef117f4a794,https://www.mofa.go.jp/mofaj/files/000015952.pdf,https://www.mofa.go.jp/mofaj/files/000015952.pdf#page=247,data/raw/mofa/126adf153bd520671b9de87b006de3863ebbbb907b1b3625168cdef117f4a794.pdf.gz,"７１１．東インドネシアのムジャヒディン（MIT）（別称：（a）ムジャヒディン・オブ・イースタ
ン・インドネシア（b）イースト・インドネシア・ムジャヒディーン（c）ムジャヒディン・インド
ネシア・ティモール（d）ムジャヒディン・インドネシア・バラット（MIB）（e）ムジャヒディン・
オブ・ウェスタン・インドネシア）
MUJAHIDIN INDONESIAN TIMUR (MIT) (a.k.a.: (a)Mujahidin of Eastern Indonesia
(b)East Indonesia Mujahideen (c)Mujahidin Indonesia Timor (d)Mujahidin Indonesia
Barat (MIB) (e)Mujahidin of Western Indonesia)
旧称：不明
所在地：インドネシア
国連制裁委員会による指定日：２０１５年９月２９日（２０１７年３月３０日及び２０２１年
１２月２９日に改訂）
その他の情報：イラクのアル・カーイダ（４５３．に指定した団体）として掲載されている
ISIL（いわゆる「イスラム国」）、ジュマ・イスラミーヤ（JI）（３３２．に指定した団体）及び
ジュマー・アンショール・タウヒード(JAT)（６１２．に指定した団体）と関係のあるテロリ
スト団体。インドネシアのジャワ島やスラウェシ島のほか、同国東部地方でも活発に
活動。以前の指導者は Abu Wardah、別名 Santoso（死亡）。国連安全保障理事会決
議第２３６８号（２０１７年）に基づく見直しは２０２１年１１月１５日に終了した。同団体に
対するインターポール（国際刑事警察機構）・国連安全保障理事会特別手配書のウェ
ブ ・ リ ン ク ： https://www.interpol.int/en/How-we-work/Notices/View-UN-Notices-
Entities",REVIEW_REQUIRED,REVIEW_REQUIRED,false,mofa-names-v1
126adf153bd520671b9de87b006de3863ebbbb907b1b3625168cdef117f4a794:UN:712,current_un,712,UN,,entity,true,247;248,126adf153bd520671b9de87b006de3863ebbbb907b1b3625168cdef117f4a794,https://www.mofa.go.jp/mofaj/files/000015952.pdf,https://www.mofa.go.jp/mofaj/files/000015952.pdf#page=247,data/raw/mofa/126adf153bd520671b9de87b006de3863ebbbb907b1b3625168cdef117f4a794.pdf.gz,"７１２．アルジェリアのカリフ国家の戦士（JAK-A）（別名：（a）ジュンド・アル・ハリーファ
（b）ジュンド・アル・ヒラーファ・フィ・アルド・アル・ジャザイル（c）ジュンド・アル・ハリー
ファ・フィ・アルド・アル・ジャザエル（d）ソルジャーズ・オブ・ザ・カリフェイト・イン・アル
ジェリア（e）ソルジャーズ・オブ・ザ・カリフェイト・オブ・アルジェリア（ｆ）ソルジャーズ・オ
ブ・ザ・カリフェイト・イン・ザ・ランド・オブ・アルジェリア）
JUND AL-KHILAFAH IN ALGERIA (JAK-A) (a.k.a.: (a)Jund al Khalifa (b)Jund al-
Khilafah fi Ard al-Jaza’ir (c)Jund al-Khalifa fi Ard al-Jazayer (d)Soldiers of the
Caliphate in Algeria (e)Soldiers of the Caliphate of Algeria (f)Soldiers of the Caliphate
in the Land of Algeria)
旧称：不明
所在地：Kabylie region, Algeria
国連制裁委員会による指定日：２０１５年９月２９日（２０２０年１１月２４日に改訂）
その他の情報：２０１４年９月１３日に出現。フランス人のエルベ・グルデルの誘拐およ
びそれに続く斬首で最もよく知られる。アルジェリアにおける警察や憲兵への襲撃に
対する犯行声明を出し、襲撃の計画を継続。国連安全保障理事会決議第２３６８号
（２０１７年）に基づく見直しは２０２０年１１月２４日に終了した。同団体に対するインタ
ーポール（国際刑事警察機構）・国連安全保障理事会特別手配書のウェブ・リンク：
https://www.interpol.int/en/How-we-work/Notices/View-UN-Notices-Entities",EXTRACTED,REVIEW_REQUIRED,false,mofa-names-v1
126adf153bd520671b9de87b006de3863ebbbb907b1b3625168cdef117f4a794:UN:713,current_un,713,UN,,person,true,248,126adf153bd520671b9de87b006de3863ebbbb907b1b3625168cdef117f4a794,https://www.mofa.go.jp/mofaj/files/000015952.pdf,https://www.mofa.go.jp/mofaj/files/000015952.pdf#page=248,data/raw/mofa/126adf153bd520671b9de87b006de3863ebbbb907b1b3625168cdef117f4a794.pdf.gz,"７１３．アセール・ムサンナー
ASEEL MUTHANA
称号：不明
役職：不明
生年月日：１９９６年１１月２２日
出生地：Cardiff, United Kingdom of Great Britain and Northern Ireland
国籍：英国
旅券番号：英国旅券番号 516088643（２０１４年１月７日発行、２０２４年１月７日失効）
ID 番号：不明
住所：（a）シリア・アラブ共和国（２０１４年２月時点）（b）英国（以前の住所）
国連制裁委員会による指定日：２０１５年９月３０日（２０２０年１１月２４日に改訂）
その他の情報：シリア・アラブ共和国において、イラクのアル・カーイダ（４５３．に指定
した団体）として掲載されている ISIL（いわゆる「イスラム国」）の外国人テロ戦闘員。
英国当局により指名手配されている。髪の色は茶及び黒色。国連安全保障理事会決
議第２３６８号（２０１７年）に基づく見直しは２０２０年１１月２４日に終了した。同人に対
するインターポール（国際刑事警察機構）・国連安全保障理事会特別手配書のウェ
ブ ・ リ ン ク ： https://www.interpol.int/en/How-we-work/Notices/View-UN-Notices-
Individuals",EXTRACTED,REVIEW_REQUIRED,false,mofa-names-v1
126adf153bd520671b9de87b006de3863ebbbb907b1b3625168cdef117f4a794:UN:714,current_un,714,UN,,person,true,248;249,126adf153bd520671b9de87b006de3863ebbbb907b1b3625168cdef117f4a794,https://www.mofa.go.jp/mofaj/files/000015952.pdf,https://www.mofa.go.jp/mofaj/files/000015952.pdf#page=248,data/raw/mofa/126adf153bd520671b9de87b006de3863ebbbb907b1b3625168cdef117f4a794.pdf.gz,"７１４．マホメット・マホメットザキロヴィッチ・アブドゥラフマノフ（別名：（a）アブ・バナット
（【ロシア語】）（b）アブ・アル・バナット（【ロシア語】））
MAGHOMED MAGHOMEDZAKIROVICH ABDURAKHMANOV
(original script: Абдурахманов Магомед
Магомедзакирович)
(a.k.a.: (a)Abu Banat (original script: Абу Банат) (b)Abu al Banat (original
script: Абу аль Банат))
称号：不明
役職：不明
生年月日：１９７４年１１月２４日
出生地：Khadzhalmahi Village, Levashinskiy District, Republic of Dagestan, Russian
Federation
国籍：ロシア
旅券番号：ロシア海外渡航旅券番号 515458008（２０１７年５月３０日失効）
ID 番号：ロシア国民旅券番号 8200203535
住所：（a）トルコ（居住している可能性のある場所）（b）シリア・アラブ共和国（２０１２年
９月以降に確認された以前の居住地）
国連制裁委員会による指定日：２０１５年１０月２日（２０２０年１１月２４日に改訂）
その他の情報：２０１５年８月時点で、イラクのアル・カーイダ（４５３．に指定した団体）
として掲載されている ISIL（いわゆる「イスラム国」）の一部を構成する、ジャマーアー
ト・アブ・バナットというテロリスト団体のリーダーであり、シリア・アラブ共和国のアレッ
ポやイドリブの郊外で、地元シリア人の誘拐や公開処刑を行い、また彼らから資金を
巻き上げるなどの活動を行っている。目の色は茶、髪の色は黒、がっしりとした体格
で、真っ直ぐな鼻、身長は 180-185cm、ロシア語、英語及びアラビア語を話す。領域
内でテロ犯罪を行ったとして、ロシア連邦当局より指名手配されている。国連安全保
障理事会決議第２３６８号（２０１７年）に基づく見直しは２０２０年１１月２４日に終了し
た。同人に対するインターポール（国際刑事警察機構）・国連安全保障理事会特別手
配書のウェブ・リンク：https://www.interpol.int/en/How-we-work/Notices/View-UN-
Notices-Individuals
写真はインターポール（国際刑事警察機構）･国連安全保障理事会特別手配書に含
まれているものを利用可能。",REVIEW_REQUIRED,REVIEW_REQUIRED,false,mofa-names-v1
126adf153bd520671b9de87b006de3863ebbbb907b1b3625168cdef117f4a794:UN:715,current_un,715,UN,,person,true,249;250,126adf153bd520671b9de87b006de3863ebbbb907b1b3625168cdef117f4a794,https://www.mofa.go.jp/mofaj/files/000015952.pdf,https://www.mofa.go.jp/mofaj/files/000015952.pdf#page=249,data/raw/mofa/126adf153bd520671b9de87b006de3863ebbbb907b1b3625168cdef117f4a794.pdf.gz,"７１５．イスラム・セイート・ウマロヴィッチ・アタビエフ（別名：アブ・ジハード（【ロシア
語】））
ISLAM SEIT-UMAROVICH ATABIEV
(original script: Ислам Сеит-Умарович Атабиев)
(a.k.a.: Abu Jihad (original script: Абу Джихад))
称号：不明
役職：不明
生年月日：１９８３年９月２９日
出生地：Ust-Dzheguta, Republic of Karachayevo-Cherkessia, Russian Federation
国籍：ロシア
旅券番号：ロシア海外渡航旅券番号 620169661
ID 番号：ロシア国民旅券番号 9103314932（２００３年８月１５日、Department of the
Federal Migration Service of the Russian Federation for the Republic Karachayevo-
Cherkessia にて発行）
住所：（a）Moscovskiy Microrayon 6, App. 96, Ust-Dzheguta, Republic of Karachayevo-
Cherkessia, Russian Federation（b）シリア・アラブ共和国（２０１５年８月時点の居住地）
（c）イラク（２０１５年８月時点で居住している可能性のある別の場所）
国連制裁委員会による指定日：２０１５年１０月２日（２０２０年１１月２４日に改訂）
その他の情報：２０１５年８月時点で、イラクのアル・カーイダ（４５３．に指定した団体）
として掲載されている ISIL（いわゆる「イスラム国」）でロシア語圏戦闘員の首長を務め
る。ISIL の責任者の一人として、アル・ダナやイドリブなどシリア・アラブ共和国の町を
支配している。領域内でテロ犯罪を行ったとして、ロシア連邦当局より指名手配されて
いる。国連安全保障理事会決議第２３６８号（２０１７年）に基づく見直しは２０２０年１１
月２４日に終了した。同人に対するインターポール（国際刑事警察機構）・国連安全保
障 理 事 会 特 別 手 配 書 の ウ ェ ブ ・ リ ン ク ： https://www.interpol.int/en/How-we-
work/Notices/View-UN-Notices-Individuals
写真はインターポール（国際刑事警察機構）･国連安全保障理事会特別手配書に含
まれているものを利用可能。",REVIEW_REQUIRED,REVIEW_REQUIRED,false,mofa-names-v1
126adf153bd520671b9de87b006de3863ebbbb907b1b3625168cdef117f4a794:UN:716,current_un,716,UN,,person,true,250,126adf153bd520671b9de87b006de3863ebbbb907b1b3625168cdef117f4a794,https://www.mofa.go.jp/mofaj/files/000015952.pdf,https://www.mofa.go.jp/mofaj/files/000015952.pdf#page=250,data/raw/mofa/126adf153bd520671b9de87b006de3863ebbbb907b1b3625168cdef117f4a794.pdf.gz,"７１６．アフメッド・ラジャポヴィッチ・チャタエフ（別名：（a）アフマッド・シシャニ（b）デイヴ
ィッド・メイヤー（c）エルミール・スィエーニェ（d）オドゥノルキー）
AKHMED RAJAPOVICH CHATAEV (a.k.a.: (a)Akhmad Shishani (b)David Mayer
(c)Elmir Sene (d)Odnorukiy)
称号：不明
役職：不明
生年月日：１９８０年７月４日
出生地：Vedeno Village, Vedenskiy District, Republic of Chechnya, Russian Federation
国籍：ロシア
旅券番号：不明
ID 番号：ロシア国民旅券番号 9600133195（Vedensiky District, Repubic of Chechnya,
Russian Federation にて、内務省により発行）
住所：（a）シリア・アラブ共和国（２０１５年８月時点の居住地）（b）イラク（２０１５年８月
時点で居住している可能性のある別の場所）
国連制裁委員会による指定日：２０１５年１０月２日（２０１５年１２月１０日及び１２月３
０日に改訂）
その他の情報：２０１５年８月時点で、イラクのアル・カーイダ（４５３．に指定した団体）
として掲載されている ISIL（いわゆる「イスラム国」）のリーダーの一人であり、１３０人
の戦闘員を直接指揮している。目の色は茶、髪の色は黒及び体格は頑丈。目立った
特徴としては、卵形の顔、ひげがある、右手及び左足がなく、ロシア語、チェチェン語
を話すほか、ドイツ語及びアラビア語を話す可能性がある。領域内でテロ犯罪を行っ
たとして、ロシア連邦当局より指名手配されている。写真はインターポール（国際警察
刑事機構）･国連安全保障理事会特別手配者に含まれているものを利用可能。",EXTRACTED,REVIEW_REQUIRED,false,mofa-names-v1
126adf153bd520671b9de87b006de3863ebbbb907b1b3625168cdef117f4a794:UN:717,current_un,717,UN,,person,true,250;251,126adf153bd520671b9de87b006de3863ebbbb907b1b3625168cdef117f4a794,https://www.mofa.go.jp/mofaj/files/000015952.pdf,https://www.mofa.go.jp/mofaj/files/000015952.pdf#page=250,data/raw/mofa/126adf153bd520671b9de87b006de3863ebbbb907b1b3625168cdef117f4a794.pdf.gz,"７１７．タルハン・イスマイロヴィッチ・ガズィエフ（別名：（a）ラムザン・オドゥエフ（b）タル
ハン・イサエヴィッチ・ガズィエフ（c）フサン・イサエヴィッチ・ガズィエフ（d）ウマル・スリ
モフ（e）バイナフ（f）セーヴェル（g）アブ・ビラル（h）アブ・ヤシール（i）アブ・ヤシム（j）フ
サン(k)アブ・ビラル(l)アブ・ナセル）
TARKHAN ISMAILOVICH GAZIEV (original script): Тархан
Исмаилович Газиев (a.k.a.: (a)Ramzan Oduev (original script:
Рамзан Одуев) (b)Tarkhan Isaevich Gaziev (original script:
Тархан Исаевич Газиев) (c)Husan Isaevich Gaziev (original
script: Хусан Исаевич Газиев) (d)Umar Sulimov (original script:
Умар Сулимов) (e)Wainakh (original script: Вайнах) (f)Sever
(original script: Север) (g)Abu Bilal (original script: Абу-Билал)
(h)Abu Yasir (original script: Абу Ясир) (i)Abu Asim (original script: Абу
Ясим) (j)Husan (original script: Хусан) (k) Ab-Bilal (l) Abu-Naser)
称号：不明
役職：不明
生年月日：１９６５年１１月１１日
出 生 地 ： Itum-Kale, Itum-Kalinskiy District, Republic of Chechnya, Russian
Federation
国籍：ロシア連邦
旅券番号：不明
ID 番号：不明
住所：（a）シリア・アラブ共和国（２０１５年８月時点の居住地）（b）イラク（２０１５年８月
時点で居住している可能性のある別の場所）
国連制裁委員会による指定日：２０１５年１０月２日（２０１５年１２月１０日、２０１６年９
月６日及び２０２１年１２月２９日に改訂）
その他の情報：２０１５年８月時点で、イラクのアル・カーイダ（４５３．に指定した団体）
として掲載されている ISIL（いわゆる「イスラム国」）の一部を構成するテロリスト団体
である、ジャマーアート・タルハンを指揮。領域内でテロ犯罪を行ったとして、ロシア連
邦当局より国際逮捕状を通じたものを含め指名手配されている。写真はインターポー
ル（国際警察刑事機構）･国連安全保障理事会特別手配者に含まれているものを利
用可能。国連安全保障理事会決議第２３６８号（２０１７年）に基づく見直しは２０２１年
１１月１５日に終了した。同人に対するインターポール（国際刑事警察機構）・国連安
全保障理事会特別手配書のウェブ・リンク：https://www.interpol.int/en/How-we-
work/Notices/View-UN-Notices-Individuals",REVIEW_REQUIRED,REVIEW_REQUIRED,false,mofa-names-v1
126adf153bd520671b9de87b006de3863ebbbb907b1b3625168cdef117f4a794:UN:718,current_un,718,UN,,person,true,251;252,126adf153bd520671b9de87b006de3863ebbbb907b1b3625168cdef117f4a794,https://www.mofa.go.jp/mofaj/files/000015952.pdf,https://www.mofa.go.jp/mofaj/files/000015952.pdf#page=251,data/raw/mofa/126adf153bd520671b9de87b006de3863ebbbb907b1b3625168cdef117f4a794.pdf.gz,"７１８．ザウベック・サリモヴィッチ・グチャエフ（別名：（a）ベッチ（【ロシア語】）（b）ファキ
フ（【ロシア語】）（c）ヴォストチヌィ（【ロシア語】）（d）ムスリム（【ロシア語】）（e）アズィー
ズ（【ロシア語】）（f）アブドゥル・アズィーズ（【ロシア語】））
ZAURBEK SALIMOVICH GUCHAEV
(original script: Заурбек Салимович Гучаев)
(a.k.a.: (a)Bach (original script: Бэч) (b)Fackih (original script: Факих)
(c)Vostochniy (original script: Восточный) (d)Muslim (original script:
Муслим) (e)Aziz (original script: Азиз) (f)Abdul Aziz (original script:
Абул Азиз))
称号：不明
役職：不明
生年月日：１９７５年９月７日
出生地：Chegem-1 Village, Chegemskiy District, Republic of Kabardino-Balkaria,
Russian Federation
国籍：ロシア
旅券番号：ロシア海外渡航旅券番号 622641887
ID 番号：ロシア国民旅券番号 8304661431
住所：（a）シリア・アラブ共和国（２０１５年８月時点の居住地）（b）イラク（２０１５年８月
時点の居住している可能性のある別の場所）
国連制裁委員会による指定日：２０１５年１０月２日（２０２０年１１月２４日に改訂）
その他の情報：２０１５年８月時点で、ザ・アーミー・オブ・エミグランツ・アンド・サポータ
ーズ（６９４．に指定した団体）の指導者の一人。領域内でテロ犯罪を行ったとして、ロ
シア連邦当局より指名手配されている。国連安全保障理事会決議第２３６８号（２０１
７年）に基づく見直しは２０２０年１１月２４日に終了した。同人に対するインターポール
（国際刑事警察機構）・国連安全保障理事会特別手配書のウェブ・リンク：
https://www.interpol.int/en/How-we-work/Notices/View-UN-Notices-Individuals
写真はインターポール（国際刑事警察機構）･国連安全保障理事会特別手配書に含
まれているものを利用可能。",REVIEW_REQUIRED,REVIEW_REQUIRED,false,mofa-names-v1
126adf153bd520671b9de87b006de3863ebbbb907b1b3625168cdef117f4a794:UN:719,current_un,719,UN,,person,true,252;253,126adf153bd520671b9de87b006de3863ebbbb907b1b3625168cdef117f4a794,https://www.mofa.go.jp/mofaj/files/000015952.pdf,https://www.mofa.go.jp/mofaj/files/000015952.pdf#page=252,data/raw/mofa/126adf153bd520671b9de87b006de3863ebbbb907b1b3625168cdef117f4a794.pdf.gz,"７１９．シャミール・マゴメドヴィッチ・イスマイロフ（別名：（a）シャミール・マゴメドヴィッ
チ・アリエフ（【ロシア語】）（b）アブ・ハニファ（【ロシア語】））
SHAMIL MAGOMEDOVICH ISMAILOV
(original script: Шамиль Магомедович Измайлов)
(a.k.a.: (a)Shamil Magomedovich Aliev (original script: Шамиль
Магомедович Алиев) (b)Abu Hanifa (original script: Абу
Ханифа))
称号：不明
役職：不明
生年月日：１９８０年１０月２９日
出生地：Astrakhan, Russian Federation
国籍：ロシア
旅券番号：ロシア外国人旅行旅券番号 514448632（２０１０年９月８日に Alexandria,
Egypt にて、ロシア連邦総領事館により発行）
ID 番号：ロシア国民旅券番号 1200075689、２０００年１２月１５日発行（ロシア連邦に
て発行）
住所：（a）シリア・アラブ共和国（２０１５年８月時点の居住地）（b）イラク（２０１５年８月
時点で居住している可能性のある別の場所）
国連制裁委員会による指定日：２０１５年１０月２日（２０２０年１１月２４日に改訂）
その他の情報：２０１５年８月時点で、レバントの人々のためのアル・ヌスラ戦線（６４４．
に指定した団体）の一部であるテロリスト団体の、ジャマーアート・アブ・ハニファを指
揮。目の色は茶、髪の色は黒、体格は細身で、身長は 175-180cm。目立った特徴とし
ては、面長の顔と、発話障害がある。領域内でテロ犯罪を行ったとして、ロシア連邦
当局より指名手配されている。国連安全保障理事会決議第２３６８号（２０１７年）に基
づく見直しは２０２０年１１月２４日に終了した。同人に対するインターポール（国際刑
事 警 察 機 構 ） ・ 国 連 安 全 保 障 理 事 会 特 別 手 配 書 の ウ ェ ブ ・ リ ン ク ：
https://www.interpol.int/en/How-we-work/Notices/View-UN-Notices-Individuals
写真はインターポール（国際刑事警察機構）･国連安全保障理事会特別手配書に含
まれているものを利用可能。",REVIEW_REQUIRED,REVIEW_REQUIRED,false,mofa-names-v1
126adf153bd520671b9de87b006de3863ebbbb907b1b3625168cdef117f4a794:UN:720,current_un,720,UN,,person,true,253,126adf153bd520671b9de87b006de3863ebbbb907b1b3625168cdef117f4a794,https://www.mofa.go.jp/mofaj/files/000015952.pdf,https://www.mofa.go.jp/mofaj/files/000015952.pdf#page=253,data/raw/mofa/126adf153bd520671b9de87b006de3863ebbbb907b1b3625168cdef117f4a794.pdf.gz,"７２０．トレク・アガ（別名：（a）サイード・モハンメド・ハシャン（b）トラク・アガ（c）トリク・ア
ガ（d）トリク・アガ・サイード）
TOREK AGHA（original script: ا غآ ک روت）
(a.k.a.: (a)Sayed Mohammed Hashan (b)Torak Agha (c)Toriq Agha (d)Toriq Agha Sayed)
称号：Haji（ハッジ）
役職：不明
生年月日：（a）１９６０年（b）１９６２年（c）１９６５年頃
出生地：(a)Kandahar Province, Afghanistan (b)Pishin, Baluchistan Province, Pakistan
国籍：不明
旅券番号：不明
ＩＤ番号：パキスタン 5430312277059（不正取得されたため、パキスタン政府により取り
消された）
住所：Pashtunabad, Quetta, Baluchistan Province, Pakistan
国連制裁委員会による指定日：２０１５年１１月２日（２０１９年１月３０日に改訂）
その他の情報：湾岸地域に拠点を置く提供者からの資金調達に関わっている、タリバ
ーンの軍事評議会の重要な司令官。写真はインターポール（国際刑事警察機構）･国
連安全保障理事会特別手配書に含まれているものを利用可能。２０１８年１１月時点
で死亡したと報告されている。同人に対するインターポール（国際刑事警察機構）・国
連 安 全 保 障 理 事 会 特 別 手 配 書 の ウ ェ ブ ・ リ ン ク ：
https://www.interpol.int/en/notice/search/un/5905294",REVIEW_REQUIRED,REVIEW_REQUIRED,false,mofa-names-v1
126adf153bd520671b9de87b006de3863ebbbb907b1b3625168cdef117f4a794:UN:721,current_un,721,UN,,unknown,false,253,126adf153bd520671b9de87b006de3863ebbbb907b1b3625168cdef117f4a794,https://www.mofa.go.jp/mofaj/files/000015952.pdf,https://www.mofa.go.jp/mofaj/files/000015952.pdf#page=253,data/raw/mofa/126adf153bd520671b9de87b006de3863ebbbb907b1b3625168cdef117f4a794.pdf.gz,７２１． ※２０２１年２月２４日解除,HISTORICAL,REVIEW_REQUIRED,false,mofa-names-v1
126adf153bd520671b9de87b006de3863ebbbb907b1b3625168cdef117f4a794:UN:722,current_un,722,UN,,person,true,253;254,126adf153bd520671b9de87b006de3863ebbbb907b1b3625168cdef117f4a794,https://www.mofa.go.jp/mofaj/files/000015952.pdf,https://www.mofa.go.jp/mofaj/files/000015952.pdf#page=253,data/raw/mofa/126adf153bd520671b9de87b006de3863ebbbb907b1b3625168cdef117f4a794.pdf.gz,"７２２．アブド・アル・バセット・アッズーズ（別名：(a)アブデルバッセード・アズーズ (b)ア
ブドゥル・バセット・アズーズ（c）エー・エー（イニシャル））
ABD AL-BASET AZZOUZ(a.k.a.: (a)Abdelbassed Azouz (b)Abdul Baset Azouz (c)AA
(initials))
称号：不明
役職：不明
生年月日：１９６６年２月７日
出生地：Doma, Libya
国籍：リビア
旅券番号：(a)リビア旅券番号 223611 (b)英国旅券番号 C00146605
ＩＤ番号：不明
住所：リビア（判明している最新の住所）
国連制裁委員会による指定日：２０１６年２月２９日（２０２０年１１月２４日に改訂）
その他の情報：アル・カーイダ（１６６．に指定した団体）の重要な作戦実行者。アイマ
ン・アル・ザワヒリ（１５８．に指定した個人）の指示の下、リビア東部にて２００名の戦
闘員を補充した。国連安全保障理事会決議第２３６８号（２０１７年）に基づく見直しは
２０２０年１１月２４日に終了した。同人に対するインターポール（国際刑事警察機構）・
国連安全保障理事会特別手配書のウェブ・リンク：https://www.interpol.int/en/How-
we-work/Notices/View-UN-Notices-Individuals",REVIEW_REQUIRED,REVIEW_REQUIRED,false,mofa-names-v1
126adf153bd520671b9de87b006de3863ebbbb907b1b3625168cdef117f4a794:UN:723,current_un,723,UN,QDi.372,person,true,254,126adf153bd520671b9de87b006de3863ebbbb907b1b3625168cdef117f4a794,https://www.mofa.go.jp/mofaj/files/000015952.pdf,https://www.mofa.go.jp/mofaj/files/000015952.pdf#page=254,data/raw/mofa/126adf153bd520671b9de87b006de3863ebbbb907b1b3625168cdef117f4a794.pdf.gz,"７２３．グルムロド・ハリモフ
GULMUROD KHALIMOV
国連参照番号：QDi.372
生年月日：１９７５/５/１４/; １９７５年頃
出生地： Varzob area, Tajikistan; Dushanbe, Tajikistan
国籍：タジキスタン Tajikistan
住所：アフガニスタン Afghanistan Kunar and Nuristan provinces and border areas of
Zebok district, Badakhshan province
国連制裁委員会による指定日：２０１６年２月２９日（２０２０年１１月２４日及び２０２５
年８月２２日に改訂）
その他の情報：イラクのアル・カーイダ(４５３．に指定した団体)としてリストに掲載され
ている ISIL(いわゆる「イスラム国」)の、シリアに拠点を置く軍事専門家、メンバー及び
リクルーター。タジキスタン政府により指名手配を受けている。国連安全保障理事会
決議第２３６８号（２０１７年）に基づく見直しは２０２０年１１月２４日に終了した。同人に
対するインターポール（国際刑事警察機構）・国連安全保障理事会特別手配書のウェ
ブ ・ リ ン ク ： https://www.interpol.int/en/How-we-work/Notices/View-UN-Notices-
Individuals",EXTRACTED,REVIEW_REQUIRED,false,mofa-names-v1
126adf153bd520671b9de87b006de3863ebbbb907b1b3625168cdef117f4a794:UN:724,current_un,724,UN,,person,true,254;255,126adf153bd520671b9de87b006de3863ebbbb907b1b3625168cdef117f4a794,https://www.mofa.go.jp/mofaj/files/000015952.pdf,https://www.mofa.go.jp/mofaj/files/000015952.pdf#page=254,data/raw/mofa/126adf153bd520671b9de87b006de3863ebbbb907b1b3625168cdef117f4a794.pdf.gz,"７２４．ヌスレット・イマモビッチ（別名：ヌスレット・スレイマン・イマモビッチ）
NUSRET IMAMOVIC (a.k.a.: Nusret Sulejman Imamovic)
称号：不明
役職：不明
生年月日：（a）１９７１年９月２６日（b）１９７７年９月２６日
出生地：Miljanovci, Kalesija Municipality, Bosnia and Herzegovina
国籍：ボスニア・ヘルツェゴビナ
旅券番号：(a)ボスニア・ヘルツェゴビナ旅券番号 349054 (b)ボスニア・ヘルツェゴビナ
旅券番号 3490054
ＩＤ番号：不明
住所：シリア・アラブ共和国（２０１５年９月時点）
国連制裁委員会による指定日：２０１６年２月２９日（２０１９年３月２９日及び２０２３年
３月１５日に改訂）
その他の情報：シリア・アラブ共和国にて、レバントの人々のためのアル・ヌスラ戦線
（６４４．に指定した団体）と共に戦闘に参加していると見られており、２０１５年４月時
点で同団体の指導者であると報告されている。国連安全保障理事会決議第２２５３号
（２０１５年）に基づく見直しは２０１９年２月２１日に終了した。国連安全保障理事会決
議第２６１０号（２０２１年）に基づく見直しは２０２２年１１月８日に終了した。同人に対
するインターポール（国際刑事警察機構）・国連安全保障理事会特別手配書のウェ
ブ ・ リ ン ク ： https://www.interpol.int/en/How-we-work/Notices/View-UN-Notices-
Individuals",EXTRACTED,REVIEW_REQUIRED,false,mofa-names-v1
126adf153bd520671b9de87b006de3863ebbbb907b1b3625168cdef117f4a794:UN:725,current_un,725,UN,,person,true,255,126adf153bd520671b9de87b006de3863ebbbb907b1b3625168cdef117f4a794,https://www.mofa.go.jp/mofaj/files/000015952.pdf,https://www.mofa.go.jp/mofaj/files/000015952.pdf#page=255,data/raw/mofa/126adf153bd520671b9de87b006de3863ebbbb907b1b3625168cdef117f4a794.pdf.gz,"７２５．ムハンナド・アル・ナッジ（別名：（a）アリ・マナヒ・アリ・アル・マハイダリ・アル・ウ
タイビ(b)ガッサン・アル・タジキ）
MUHANNAD AL-NAJDI (a.k.a.: (a)‘Ali Manahi ‘Ali al-Mahaydali al-‘Utaybi (b)Ghassan
al-Tajiki)
称号：不明
役職：不明
生年月日：１９８４年５月１９日
出生地：al-Duwadmi, Saudi Arabia
国籍：サウジアラビア
旅券番号：不明
ＩＤ番号：不明
住所：不明
国連制裁委員会による指定日：２０１６年２月２９日（２０２０年１１月２４日に改訂）
その他の情報：シリアに拠点を置くアル・カーイダ（１６６．に指定した団体）の便宜供
与者。少なくとも２０１０年より、アフガニスタン及びシリア・アラブ共和国内で用いるた
めの簡易爆発物の開発に関わっている。国連安全保障理事会決議第２３６８号（２０１
７年）に基づく見直しは２０２０年１１月２４日に終了した。同人に対するインターポール
（国際刑事警察機構）・国連安全保障理事会特別手配書のウェブ・リンク：
https://www.interpol.int/en/How-we-work/Notices/View-UN-Notices-Individuals",EXTRACTED,REVIEW_REQUIRED,false,mofa-names-v1
126adf153bd520671b9de87b006de3863ebbbb907b1b3625168cdef117f4a794:UN:726,current_un,726,UN,,person,true,255;256,126adf153bd520671b9de87b006de3863ebbbb907b1b3625168cdef117f4a794,https://www.mofa.go.jp/mofaj/files/000015952.pdf,https://www.mofa.go.jp/mofaj/files/000015952.pdf#page=255,data/raw/mofa/126adf153bd520671b9de87b006de3863ebbbb907b1b3625168cdef117f4a794.pdf.gz,"７２６．モラド・ラーボウディ（別名：（a）アブ・イスマイル（b）アブ・イスマイル・アル・マグ
リビ）
MORAD LAABOUDI (a.k.a.: (a)Abu Ismail (b)Abu Ismail al-Maghribi)
称号：不明
役職：不明
生年月日：１９９３年２月２６日
出生地：モロッコ
国籍：モロッコ
旅券番号：モロッコ旅券番号 UZ6430184
ＩＤ番号：モロッコ国民 ID 番号 CD595054
住所：トルコ
国連制裁委員会による指定日：２０１６年２月２９日(２０２１年１２月２９日に改訂)
その他の情報：イラクのアル・カーイダ(４５３．に指定した団体)としてリストに掲載され
ている ISIL(いわゆる「イスラム国」)に参加する外国人テロ戦闘員の渡航のための便
宜供与者。国連安全保障理事会決議第２３６８号（２０１７年）に基づく見直しは２０２１
年１１月１５日に終了した。同人に対するインターポール（国際刑事警察機構）・国連
安全保障理事会特別手配書のウェブ・リンク：https://www.interpol.int/en/How-we-
work/Notices/View-UN-Notices-Individuals",EXTRACTED,REVIEW_REQUIRED,false,mofa-names-v1
126adf153bd520671b9de87b006de3863ebbbb907b1b3625168cdef117f4a794:UN:727,current_un,727,UN,,person,true,256,126adf153bd520671b9de87b006de3863ebbbb907b1b3625168cdef117f4a794,https://www.mofa.go.jp/mofaj/files/000015952.pdf,https://www.mofa.go.jp/mofaj/files/000015952.pdf#page=256,data/raw/mofa/126adf153bd520671b9de87b006de3863ebbbb907b1b3625168cdef117f4a794.pdf.gz,"７２７． アリ・ムサ・アル・シャワフ（別名：（a）アリ・ムサ・アル・シャワフ （b）アリ・ム
サ・アル・シャワフ （c）アリ・アル・ハムード・アル・シャワフ（d）イブラヒム・アル・シャワ
フ（e）ムハンマド・アリ・アル・シャワフ（f）アブ・ルクマン（g）アリ・ハムド（h）アブドゥッラ
ー・シュワール・アル・アウジャイド（i）アリ・アワス（j）アリ・ダーヴィッシュ（k）アリ・ア
ル・ハムド（l）アブ・ルクマン・アル・サール（m）アブ・ルクマン・アル・スリ（n）アブ・アッ
ユーブ）
ALI MUSA AL-SHAWAKH (a.k.a.: (a)‘Ali Musa al-Shawagh (b)‘Ali Musa al-Shawagh
(c)Ali al-Hamoud al-Shawakh (d)Ibrahim al-Shawwakh (e)Muhammad ‘Ali al-Shawakh
(f)Abu Luqman (g)Ali Hammud (h)Abdullah Shuwar al-Aujayd (i)Ali Awas (j)‘Ali Derwish
(k)‘Ali al-Hamud (l)Abu Luqman al-Sahl (m)Abu Luqman al-Suri (n)Abu Ayyub)
称号：不明
役職：不明
生年月日：１９７３年
出生地：Sahl Village, Raqqa Province, Syrian Arab Republic
国籍：シリア・アラブ共和国
旅券番号：不明
ＩＤ番号：不明
住所：シリア・アラブ共和国
国連制裁委員会による指定日：２０１６年２月２９日（２０１９年１２月６日及び 2024 年２
月７日に改訂）
その他の情報：イラクのアル・カーイダ(４５３．に指定した団体)としてリストに掲載され
ている ISIL(いわゆる「イスラム国」)の指導者。２０１５年６月時点で、同人はアレッポ
の ISIL 統治者。国連安全保障理事会決議第２３６８号（２０１７年）に基づく見直しは２
０１９年１２月４日に終了した。国連安全保障理事会決議第２６１０号（２０２１年）に基
づく見直しは２０２３年１０月３０日に終了した。同人に対するインターポール（国際刑
事 警 察 機 構 ） ・ 国 連 安 全 保 障 理 事 会 特 別 手 配 書 の ウ ェ ブ ・ リ ン ク ：
https://www.interpol.int/en/How-we-work/Notices/View-UN-Notices-Individuals",EXTRACTED,REVIEW_REQUIRED,false,mofa-names-v1
126adf153bd520671b9de87b006de3863ebbbb907b1b3625168cdef117f4a794:UN:728,current_un,728,UN,,person,true,256;257,126adf153bd520671b9de87b006de3863ebbbb907b1b3625168cdef117f4a794,https://www.mofa.go.jp/mofaj/files/000015952.pdf,https://www.mofa.go.jp/mofaj/files/000015952.pdf#page=256,data/raw/mofa/126adf153bd520671b9de87b006de3863ebbbb907b1b3625168cdef117f4a794.pdf.gz,"７２８．ハサン・アル・サラハイン・サーリハ・アル・シャーリ（別名：（a）フサイン・アル・サ
リーヒン・サリーハ・アル・シャーリ（ｂ）アブ・ハビブ・アル・リビ（c）ハサン・アブ・ハビブ）
HASAN AL-SALAHAYN SALIH AL-SHA’ARI (a.k.a.: (a)Husayn al-Salihin Salih al-
Sha‘iri (b)Abu Habib al-Libi (c)Hasan Abu Habib)
称号：不明
役職：不明
生年月日：１９７５年
出生地：Derna, Libya
国籍：リビア
旅券番号：リビア旅券番号 542858
ＩＤ番号：リビア国民 ID 番号 55252（リビア、デルナ にて発行）
住所：リビア
国連制裁委員会による指定日：２０１６年２月２９日(２０２１年１２月２９日に改訂)
その他の情報：イラクのアル・カーイダ(４５３．に指定した団体)としてリストに掲載され
ている ISIL(いわゆる「イスラム国」)の便宜供与者。国連安全保障理事会決議第２３６
８号（２０１７年）に基づく見直しは２０２１年１１月１５日に終了した。同人に対するイン
ターポール（国際刑事警察機構）・国連安全保障理事会特別手配書のウェブ・リンク：
https://www.interpol.int/en/How-we-work/Notices/View-UN-Notices-Individuals",EXTRACTED,REVIEW_REQUIRED,false,mofa-names-v1
126adf153bd520671b9de87b006de3863ebbbb907b1b3625168cdef117f4a794:UN:729,current_un,729,UN,,person,true,257,126adf153bd520671b9de87b006de3863ebbbb907b1b3625168cdef117f4a794,https://www.mofa.go.jp/mofaj/files/000015952.pdf,https://www.mofa.go.jp/mofaj/files/000015952.pdf#page=257,data/raw/mofa/126adf153bd520671b9de87b006de3863ebbbb907b1b3625168cdef117f4a794.pdf.gz,"７２９．ムニール・ベン・ダアウ・ベン・ブラヒム・ベン・ヘラル（別名：（a）ムニール・ヘレ
ル（b）ムニール・ヒレル（c）アブ・ラフマフ（d）アブ・マリヤム・アル・チュニジ）
MOUNIR BEN DHAOU BEN BRAHIM BEN HELAL (a.k.a.: (a)Mounir Helel (b)Mounir
Hilel (c)Abu Rahmah (d)Abu Maryam al-Tunisi)
称号：不明
役職：不明
生年月日：１９８３年５月１０日
出生地：Ben Guerdane, Tunisia
国籍：チュニジア
旅券番号：不明
ＩＤ番号：08619445
住所：Amria Ben Guerdane, Medenine, Tunisia
国連制裁委員会による指定日：２０１６年２月２９日(２０２１年１２月２９日及び２０２２年
５月２７日に改訂）
その他の情報：渡航経路の確立及び確保に経験のある、外国人テロ戦闘員の便宜
供与者。北アフリカにおいて、イスラム・マグレブ諸国のアル・カーイダ組織（１７３．に
指定した団体）に対する物質的援助に深く関わっている。外国人テロ戦闘員がイラク
のアル・カーイダ(４５３．に指定した団体)としてリストに掲載されている ISIL(いわゆる
「イスラム国」)へ参加するための、北アフリカ地域内及びシリア・アラブ共和国への渡
航を支援している。職業：農場労働者。母親の氏名：Mbarka Helali。国連安全保障理
事会決議第２３６８号（２０１７年）に基づく見直しは２０２１年１１月１５日に終了した。
同人に対するインターポール（国際刑事警察機構）・国連安全保障理事会特別手配
書のウェブ・リンク：https://www.interpol.int/en/How-we-work/Notices/View-UN-
Notices-Individuals",EXTRACTED,REVIEW_REQUIRED,false,mofa-names-v1
126adf153bd520671b9de87b006de3863ebbbb907b1b3625168cdef117f4a794:UN:730,current_un,730,UN,,person,true,257;258,126adf153bd520671b9de87b006de3863ebbbb907b1b3625168cdef117f4a794,https://www.mofa.go.jp/mofaj/files/000015952.pdf,https://www.mofa.go.jp/mofaj/files/000015952.pdf#page=257,data/raw/mofa/126adf153bd520671b9de87b006de3863ebbbb907b1b3625168cdef117f4a794.pdf.gz,"７３０．モハンメド・アブデル・ハリーム・ヘマイダ・サーレフ（別名：（a）ムハンマド・ハメ
イダ・サーレフ（b）ムハンマド・アブド・アル・ハリム・フマイダフ（c）ファリス・バルキスタ
ン）
MOHAMMED ABDEL-HALIM HEMAIDA SALEH (a.k.a.: (a)Muhammad Hameida Saleh
(b)Muhammad Abd-al-Halim Humaydah (c)Faris Baluchistan)
称号：不明
役職：不明
生年月日：（a）１９８８年９月２２日（b）１９８９年９月２２日
出生地：Alexandria, Egypt
国籍：エジプト
旅券番号：不明
ＩＤ番号：不明
住所：エジプト
国連制裁委員会による指定日：２０１６年２月２９日(２０２１年１２月２９日に改訂)
その他の情報：アル・カーイダ（１６６．に指定した団体）のメンバー。シリア・アラブ共
和国に向かう自爆テロ犯の採用活動及びヨーロッパにおける標的を狙ったテロ活動
の計画に関わっている。２０１３年にエジプト、カイロにて逮捕された。国連安全保障
理事会決議第２３６８号（２０１７年）に基づく見直しは２０２１年１１月１５日に終了した。
同人に対するインターポール（国際刑事警察機構）・国連安全保障理事会特別手配
書のウェブ・リンク：https://www.interpol.int/en/How-we-work/Notices/View-UN-
Notices-Individuals",EXTRACTED,REVIEW_REQUIRED,false,mofa-names-v1
126adf153bd520671b9de87b006de3863ebbbb907b1b3625168cdef117f4a794:UN:731,current_un,731,UN,,person,true,258,126adf153bd520671b9de87b006de3863ebbbb907b1b3625168cdef117f4a794,https://www.mofa.go.jp/mofaj/files/000015952.pdf,https://www.mofa.go.jp/mofaj/files/000015952.pdf#page=258,data/raw/mofa/126adf153bd520671b9de87b006de3863ebbbb907b1b3625168cdef117f4a794.pdf.gz,"７３１．サリム・ベンガレム
SALIM BENGHALEM
称号：不明
役職：不明
生年月日：１９８０年７月６日
出生地：Bourg la Reine, France
国籍：フランス
旅券番号：不明
ＩＤ番号：不明
住所：シリア・アラブ共和国（２０１５年９月時点）
国連制裁委員会による指定日：２０１６年２月２９日（２０２１年１２月２９日に改訂）
その他の情報：シリアに拠点を置くフランスの暴力的過激主義者であり、イラクのア
ル・カーイダ(４５３．に指定した団体)としてリストに掲載されている ISIL(いわゆる「イス
ラム国」)のメンバー。欧州逮捕令状の対象。国連安全保障理事会決議第２３６８号（２
０１７年）に基づく見直しは２０２１年１１月１５日に終了した。同人に対するインターポ
ール（国際刑事警察機構）・国連安全保障理事会特別手配書のウェブ・リンク：
https://www.interpol.int/en/How-we-work/Notices/View-UN-Notices-Individuals",EXTRACTED,REVIEW_REQUIRED,false,mofa-names-v1
126adf153bd520671b9de87b006de3863ebbbb907b1b3625168cdef117f4a794:UN:732,current_un,732,UN,QDi.389,person,true,258;259,126adf153bd520671b9de87b006de3863ebbbb907b1b3625168cdef117f4a794,https://www.mofa.go.jp/mofaj/files/000015952.pdf,https://www.mofa.go.jp/mofaj/files/000015952.pdf#page=258,data/raw/mofa/126adf153bd520671b9de87b006de3863ebbbb907b1b3625168cdef117f4a794.pdf.gz,"７３２．アブ・ウバイダ・ユスフ・アル・アナビ
ABU UBAYDAH YUSUF AL-ANABI
国連参照番号：QDi.389
生年月日：1969/２/７
出生地：Annaba, Algeria
別名：アブ・オバイダ・ユーセフ・アル・アンナビ； アブ・ウバイダフ・ユスフ・アル・イナ
ビ
Abou Obeida Youssef Al-Annabi; Abu-Ubaydah Yusuf Al-Inabi
確定に十分でない別名：メブラク・ヤジド； ユーセフ・アブ・オベイダ； ミブラク・ヤジド；
ユーシフ・アブ・オバイダ・ヤジド； ヤジド・メブラク； ヤジド・マブラク； ユスフ・アブ・ウ
バイダフ； アブ・ユーセフ
Mebrak Yazid; Youcef Abu Obeida; Mibrak Yazid; Yousif Abu Obayda Yazid; Yazid
Mebrak; Yazid Mabrak; Yusuf Abu Ubaydah; Abou Youcef
国籍：アルジェリア
Algeria
住所等：Algeria
リスト掲載日：2016 年２月 29 日(2021 年 11 月 15 日及び 2026 年８月 18 日に改訂)
その他の情報：国連安全保障理事会決議に基づく見直しは 2021 年 11 月 15 日、2025
年12月31日に終了した。イスラム・マグレブ諸国のアル・カーイダ組織（AQIM）（173．
に指定した団体）の指導者。父親の名前は Omar Mebrak。母親の名前は Zohra
Mebrak。写真はインターポール（国際警察刑事機構）･国連安全保障理事会特別手
配書に含まれているものを利用可能。同人に対するインターポール（国際刑事警察
機 構 ） ・ 国 連 安 全 保 障 理 事 会 特 別 手 配 書 の ウ ェ ブ ・ リ ン ク ：
https://www.interpol.int/en/How-we-work/Notices/View-UN-Notices-Individuals",EXTRACTED,REVIEW_REQUIRED,false,mofa-names-v1
126adf153bd520671b9de87b006de3863ebbbb907b1b3625168cdef117f4a794:UN:733,current_un,733,UN,,entity,true,259,126adf153bd520671b9de87b006de3863ebbbb907b1b3625168cdef117f4a794,https://www.mofa.go.jp/mofaj/files/000015952.pdf,https://www.mofa.go.jp/mofaj/files/000015952.pdf#page=259,data/raw/mofa/126adf153bd520671b9de87b006de3863ebbbb907b1b3625168cdef117f4a794.pdf.gz,"７３３．ハラカト・シャム・アル・イスラム（別名：（a）ハラケト・シャム・アル・イスラム（b）
シャム・アル・イスラム（c）シャム・アル・イスラム・ムーブメント）
HARAKAT SHAM AL-ISLAM (a.k.a.: (a)Haraket Sham al-Islam (b)Sham al-Islam
(c)Sham al-Islam Movement)
旧称：不明
所在地：シリア・アラブ共和国
国連制裁委員会による指定日：２０１６年２月２９日
その他の情報：２０１３年８月に設立された、モロッコ人が率いるテロリスト団体で、シ
リア・アラブ共和国にて活動している。主に外国人テロ戦闘員で構成されており、レバ
ントの人々のためのアル・ヌスラ戦線（６４４．に指定した団体）と連携している。",EXTRACTED,REVIEW_REQUIRED,false,mofa-names-v1
126adf153bd520671b9de87b006de3863ebbbb907b1b3625168cdef117f4a794:UN:734,current_un,734,UN,,unknown,false,259,126adf153bd520671b9de87b006de3863ebbbb907b1b3625168cdef117f4a794,https://www.mofa.go.jp/mofaj/files/000015952.pdf,https://www.mofa.go.jp/mofaj/files/000015952.pdf#page=259,data/raw/mofa/126adf153bd520671b9de87b006de3863ebbbb907b1b3625168cdef117f4a794.pdf.gz,７３４． ※２０２２年１月７日解除,HISTORICAL,REVIEW_REQUIRED,false,mofa-names-v1
126adf153bd520671b9de87b006de3863ebbbb907b1b3625168cdef117f4a794:UN:735,current_un,735,UN,,unknown,false,259,126adf153bd520671b9de87b006de3863ebbbb907b1b3625168cdef117f4a794,https://www.mofa.go.jp/mofaj/files/000015952.pdf,https://www.mofa.go.jp/mofaj/files/000015952.pdf#page=259,data/raw/mofa/126adf153bd520671b9de87b006de3863ebbbb907b1b3625168cdef117f4a794.pdf.gz,７３５． ※２０２２年１月７日解除,HISTORICAL,REVIEW_REQUIRED,false,mofa-names-v1
126adf153bd520671b9de87b006de3863ebbbb907b1b3625168cdef117f4a794:UN:736,current_un,736,UN,,person,true,260,126adf153bd520671b9de87b006de3863ebbbb907b1b3625168cdef117f4a794,https://www.mofa.go.jp/mofaj/files/000015952.pdf,https://www.mofa.go.jp/mofaj/files/000015952.pdf#page=260,data/raw/mofa/126adf153bd520671b9de87b006de3863ebbbb907b1b3625168cdef117f4a794.pdf.gz,"７３６．ファイサル・アフマド・ビン・アリ・アル・ザフラニ（別名：(a)ファイサル・アフメド・ア
リ・アルザフラニ(b)アブ・サラ・アル・サウディ(c)アブ・サラ・ザフラニ）
FAYSAL AHMAD BIN ALI AL-ZAHRANI
(original script:ينارهزلا يلع نب دمحا لصیف ）
(a.k.a.: (a)Faisal Ahmed Ali Alzahrani (b)Abu Sarah al-Saudi (c)Abu Sara Zahrani)
称号：不明
役職：不明
生年月日：１９８６年１月１９日
出生地：不明
国籍：サウジアラビア
旅券番号：(a)サウジアラビア旅券番号 K142736（２０１１年７月１４日 Al-Khafji, Saudi
Arabia にて発行）(b)サウジアラビア旅券番号 G579315
ＩＤ番号：不明
住所：シリア
国連制裁委員会による指定日：２０１６年４月２０日（２０１９年５月１日、２０２３年３月
１５日及び７月２１日に改訂）
その他の情報：死亡したと報告されている。２０１５年５月時点で、イラクのアル・カー
イダ（４５３．に指定した団体）としてリストに掲載されている ISIL（いわゆる「イスラム
国」）のメンバーであり、シリアのアル・バラカ県の石油及びガス部門のリーダーであっ
た。国連安全保障理事会決議第２２５３号（２０１５年）に基づく見直しは２０１９年２月２
１日に終了した。同人に対するインターポール（国際刑事警察機構）・国連安全保障
理 事 会 特 別 手 配 書 の ウ ェ ブ ・ リ ン ク ： https://www.interpol.int/en/How-we-
work/Notices/View-UN-Notices-Individuals",REVIEW_REQUIRED,REVIEW_REQUIRED,false,mofa-names-v1
126adf153bd520671b9de87b006de3863ebbbb907b1b3625168cdef117f4a794:UN:737,current_un,737,UN,,unknown,false,260,126adf153bd520671b9de87b006de3863ebbbb907b1b3625168cdef117f4a794,https://www.mofa.go.jp/mofaj/files/000015952.pdf,https://www.mofa.go.jp/mofaj/files/000015952.pdf#page=260,data/raw/mofa/126adf153bd520671b9de87b006de3863ebbbb907b1b3625168cdef117f4a794.pdf.gz,７３７． ※２０２２年１月７日解除,HISTORICAL,REVIEW_REQUIRED,false,mofa-names-v1
126adf153bd520671b9de87b006de3863ebbbb907b1b3625168cdef117f4a794:UN:738,current_un,738,UN,,person,true,260;261,126adf153bd520671b9de87b006de3863ebbbb907b1b3625168cdef117f4a794,https://www.mofa.go.jp/mofaj/files/000015952.pdf,https://www.mofa.go.jp/mofaj/files/000015952.pdf#page=260,data/raw/mofa/126adf153bd520671b9de87b006de3863ebbbb907b1b3625168cdef117f4a794.pdf.gz,"７３８．フサイン・ジュアイスニ（別名：(a)フセイン・モハンメド・フセイン・アルジェイスニ
(b)フサイン・ムハンマド・アル・ジュアイスニ(c)フサイン・ムハンマド・フサイン・アル・ジ
ュアイスニ(d)フサイン・ムハマド・フサイン・アル・ジュアイスニ(e)フサイン・ムハンマド・
フサイン・ジュアイスニ(f)アブ・ムアス・アル・ジュアイトニ）
HUSAYN JUAYTHINI (a.k.a.: (a)Hussein Mohammed Hussein Aljeithni (b)Husayn
Muhammad al-Juaythini (c)Husayn Muhammad Husayn al-Juaythini (d)Husayn
Muhamad Husayn al-Juaythini (e)Husayn Muhammad Husayn Juaythini (f)Abu Muath
al-Juaitni）
称号：不明
役職：不明
生年月日：１９７７年５月３日
出生地：Nuseirat Refugee Camp, Gaza Strip, Palestinian Territories
国籍：パレスチナ
旅券番号：0363464（パレスチナ暫定自治政府発行）
ＩＤ番号：不明
住所：ガザ地区、パレスチナ
国連制裁委員会による指定日：２０１６年４月２０日(２０２１年１２月２９日に改訂)
その他の情報：イラクのアル・カーイダ（４５３．に指定した団体）としてリストに掲載さ
れている ISIL（いわゆる「イスラム国」）、イブラヒーム・アッワード・イブラヒーム・アリ
ー・アル・バドリー・アル・サマッライ（６００．に指定した個人）としてリストに掲載されて
いる同組織の指導者アブー・バクル・アル・バグダーディー及びガザ地区内の武装グ
ループと関係を有する。ガザ地区内に「イスラム国」 のプレゼンスを構築するため、
資金を使用した。国連安全保障理事会決議第２３６８号（２０１７年）に基づく見直しは
２０２１年１１月１５日に終了した。同人に対するインターポール（国際刑事警察機構）・
国連安全保障理事会特別手配書のウェブ・リンク：https://www.interpol.int/en/How-
we-work/Notices/View-UN-Notices-Individuals",EXTRACTED,REVIEW_REQUIRED,false,mofa-names-v1
126adf153bd520671b9de87b006de3863ebbbb907b1b3625168cdef117f4a794:UN:739,current_un,739,UN,,person,true,261,126adf153bd520671b9de87b006de3863ebbbb907b1b3625168cdef117f4a794,https://www.mofa.go.jp/mofaj/files/000015952.pdf,https://www.mofa.go.jp/mofaj/files/000015952.pdf#page=261,data/raw/mofa/126adf153bd520671b9de87b006de3863ebbbb907b1b3625168cdef117f4a794.pdf.gz,"７３９．ムハンマド・ショレー・イブラヒム（別名：(a)モハンマド・ショレー・イブラヒム(b)ム
ハンマド・ショレー・イブロヒム(c)ムハンマド・ソレー・イブラヒム(d)ショレー・イブラヒム
(e)ムー・ショレー・イブラヒム）
MUHAMMAD SHOLEH IBRAHIM （a.k.a.: (a)Mohammad Sholeh Ibrahim (b)Muhammad
Sholeh Ibrohim (c)Muhammad Soleh Ibrahim (d)Sholeh Ibrahim (e)Muh Sholeh Ibrahim）
称号：Ustad（ウスタッド）
役職：不明
生年月日：１９５８年９月
出生地：Demak, Indonesia
国籍：インドネシア
ＩＤ番号：(a)インドネシアＩＤカード番号 3311092409580002(b)インドネシアＩＤカード番
号 3311092409580003
旅券番号：不明
住所：(a)Masjid Baitul Amin, Waringinrejo RT 01 RW 02, Grogol, Cemani, Sukoharjo,
Jawa Tengah 57572, Indonesia (b)Desa Cemani, Waringinrejo RT 001/021, Kecamatan
Grogol, Kabupaten Sukoharjo, Jawa Tengah, Indonesia
国連制裁委員会による指定日：２０１６年４月２０日(２０２１年１２月２７日及び２０２２年
５月２７日に改訂）
その他の情報：２０１４年以来、ジュマー・アンショール・タウヒード(JAT)（６１２．に指定
した団体）の指導者代行を務める人物であり、イラクのアル・カーイダ（４５３．に指定し
た団体）としてリストに掲載されている ISIL（いわゆる「イスラム国」）に対する支援を行
った。職業：講師／個人教授。国連安全保障理事会決議第２３６８号（２０１７年）に基
づく見直しは２０２１年１１月１５日に終了した。同人に対するインターポール（国際刑
事 警 察 機 構 ） ・ 国 連 安 全 保 障 理 事 会 特 別 手 配 書 の ウ ェ ブ ・ リ ン ク ：
https://www.interpol.int/en/How-we-work/Notices/View-UN-Notices-Individuals",EXTRACTED,REVIEW_REQUIRED,false,mofa-names-v1
126adf153bd520671b9de87b006de3863ebbbb907b1b3625168cdef117f4a794:UN:740,current_un,740,UN,,person,true,261;262,126adf153bd520671b9de87b006de3863ebbbb907b1b3625168cdef117f4a794,https://www.mofa.go.jp/mofaj/files/000015952.pdf,https://www.mofa.go.jp/mofaj/files/000015952.pdf#page=261,data/raw/mofa/126adf153bd520671b9de87b006de3863ebbbb907b1b3625168cdef117f4a794.pdf.gz,"７４０．アスラン・アヴガザロヴィッチ・ビュトゥカエフ（別名：(a)アミール・ハズマット(b)ア
ブバカル)
ASLAN AVGAZAROVICH BYUTUKAEV (original script: Аслан
Авгазарович Бютукаев ) (a.k.a.: (a)Amir Khazmat (original
script: Амир Хазмат) (b)Abubakar (original script: Абубакар))
称号：不明
役職：不明
生年月日：１９７４年１０月２２日
出生地：Kitaevka, Novoselitskiy District, Stavropol Region, Russian Federation
国籍：ロシア連邦
旅券番号：不明
ＩＤ番号：不明
住所：Akharkho Street, 11, Katyr-Yurt, Achkhoy-Martanovskiy District, Republic of
Chechnya, Russian Federation
国連制裁委員会による指定日：２０１６年８月３日（２０２１年１２月２９日に改訂）
その他の情報：テロ犯罪でロシア連邦当局に指名手配された。リヤダス・サリヒン・リ
カナザンス・アンド・サボタージュ・バタリオン・オブ・チェチェン・マーターズ（ＲＳＲＳＢＣ
Ｍ）（３４６．に指定した団体）の自殺大隊を指揮している。国連安全保障理事会決議
第２３６８号（２０１７年）に基づく見直しは２０２１年１１月１５日に終了した。同人に対す
るインターポール（国際刑事警察機構）・国連安全保障理事会特別手配書のウェブ・
リ ン ク ： https://www.interpol.int/en/How-we-work/Notices/View-UN-Notices-
Individuals",REVIEW_REQUIRED,REVIEW_REQUIRED,false,mofa-names-v1
126adf153bd520671b9de87b006de3863ebbbb907b1b3625168cdef117f4a794:UN:741,current_un,741,UN,,person,true,262,126adf153bd520671b9de87b006de3863ebbbb907b1b3625168cdef117f4a794,https://www.mofa.go.jp/mofaj/files/000015952.pdf,https://www.mofa.go.jp/mofaj/files/000015952.pdf#page=262,data/raw/mofa/126adf153bd520671b9de87b006de3863ebbbb907b1b3625168cdef117f4a794.pdf.gz,"７４１．アイラット・ナシモヴィッチ・ヴァヒトフ（別名：サルマン・ブルガルスキー)
AYRAT NASIMOVICH VAKHITOV (original script: Айрат Насимович
Вахитов) (a.k.a.: Salman Bulgarskiy (original script: Салман
Булгарский))
称号：不明
役職：不明
生年月日：１９７７年３月２７日
出生地：Naberezhnye Chelny, Republic of Tatarstan, Russian Federation
国籍：ロシア連邦
旅券番号：不明
ＩＤ番号：不明
住所：不明
国連制裁委員会による指定日：２０１６年８月３日(２０２１年１２月２９日に改訂)
その他の情報：シリア市民又はイラク市民の偽造旅券を使用しているかもしれない。
レバントの人々のためのアル・ヌスラ戦線（６４４．に指定した団体）の「Bulgar Group」
のメンバーで、１００人の戦闘員を率いている。写真はインターポール（国際警察刑事
警察機構）･国連安全保障理事会特別手配書に含まれているものを利用可能。国連
安全保障理事会決議第２３６８号（２０１７年）に基づく見直しは２０２１年１１月１５日に
終了した。同人に対するインターポール（国際刑事警察機構）・国連安全保障理事会
特 別 手 配 書 の ウ ェ ブ ・ リ ン ク ： https://www.interpol.int/en/How-we-
work/Notices/View-UN-Notices-Individuals",REVIEW_REQUIRED,REVIEW_REQUIRED,false,mofa-names-v1
126adf153bd520671b9de87b006de3863ebbbb907b1b3625168cdef117f4a794:UN:742,current_un,742,UN,,person,true,263,126adf153bd520671b9de87b006de3863ebbbb907b1b3625168cdef117f4a794,https://www.mofa.go.jp/mofaj/files/000015952.pdf,https://www.mofa.go.jp/mofaj/files/000015952.pdf#page=263,data/raw/mofa/126adf153bd520671b9de87b006de3863ebbbb907b1b3625168cdef117f4a794.pdf.gz,"７４２．ルスタム・マゴメドヴィッチ・アセルデロフ（別名：（a）アブ・ムハンマド（b）アブ・ム
ハンマド・アル・カダリ（c）ムハマドムフタール）
RUSTAM MAGOMEDOVICH ASELDEROV
(original script: Рустам Магомедович Асельдеров)
(a.k.a.:(a)Abu Muhammad (original script: Абу Мухаммад) (b)Abu
Muhammad Al-Kadari (original script: Абу Мухаммад Аль-
Кадари) (c)Muhamadmuhtar(original script: Мухамадмухтар))
称号：不明
役職：不明
生年月日：１９８１年３月９日
出生地： Iki-Burul Village, Iki-Burulskiy District, Republic of Kalmykia, Russian
Federation
国籍：ロシア連邦
旅券番号：ロシア旅券番号 8208 No.555627、ロシア連邦移民庁ダゲスタン共和国レニ
ンスキー事務所発行
ＩＤ番号：不明
住所：不明
国連制裁委員会による指定日：２０１６年１２月１２日（２０１７年８月９日、２０１９年５月
１日及び２０２１年１２月２９日に改訂）
その他の情報：ロシア連邦のダゲスタン共和国、チェチェン共和国及びイングーシ共
和国で活動する１６０人以上のテロリスト戦闘員グループを率いていた。２０１６年１２
月３日にロシア連邦のダゲスタン共和国のマハチカラにおいて殺害された。写真は、
インターポール（国際刑事警察機構）･国連安全保障理事会特別手配書に含まれて
いるものを利用可能。国連安全保障理事会決議第２２５３号（２０１５年）に基づく見直
しは２０１９年２月２１日に終了した。国連安全保障理事会決議第２３６８号（２０１７年）
に基づく見直しは２０２１年１１月１５日に終了した。同人に対するインターポール（国
際 刑 事 警 察 機 構 ） ・ 国 連 安 全 保 障 理 事 会 特 別 手 配 書 の ウ ェ ブ ・ リ ン ク ：
https://www.interpol.int/en/How-we-work/Notices/View-UN-Notices-Individuals",REVIEW_REQUIRED,REVIEW_REQUIRED,false,mofa-names-v1
126adf153bd520671b9de87b006de3863ebbbb907b1b3625168cdef117f4a794:UN:743,current_un,743,UN,,person,true,263;264,126adf153bd520671b9de87b006de3863ebbbb907b1b3625168cdef117f4a794,https://www.mofa.go.jp/mofaj/files/000015952.pdf,https://www.mofa.go.jp/mofaj/files/000015952.pdf#page=263,data/raw/mofa/126adf153bd520671b9de87b006de3863ebbbb907b1b3625168cdef117f4a794.pdf.gz,"７４３．バッサーム・アフマド・アル・ハスリー（別名：(a)バッサーム・アフマド・フサリ(b)ア
ブ・アフマド・アフラク(c)アブ・アフマド・アル・シャーミー）
BASSAM AHMAD AL-HASRI
(original script: يرصحلا دمحأ ماسب)
（a.k.a.: (a)Bassam Ahmad Husari (b)Abu Ahmad Akhlaq(c)Abu Ahmad al-Shami）
称号：不明
役職：不明
生年月日：（a）１９６９年１月１日（b）１９７１年頃
出生地：(a)Qalamun, Damascus Province, Syrian Arab Republic（b）Ghutah, Damascus
Province, Syrian Arab Republic（c）Tadamon, Rif Dimashq, Syrian Arab Republic
国籍：（a）シリア・アラブ共和国（b）パレスチナ
ＩＤ番号：不明
旅券番号：不明
住所：シリア・アラブ共和国（南部、２０１６年７月時点の所在）
国連制裁委員会による指定日：２０１７年２月２２日（２０２３年３月１５日に改訂）
その他の情報：２０１６年７月以来、レバントの人々のためのアル・ヌスラ戦線（６４４．
に指定した団体）のシリア・アラブ共和国南部での指導者を務める人物である。国連
安全保障理事会決議第２６１０号（２０２１年）に基づく見直しは２０２２年１１月８日に
終了した。同人に対するインターポール（国際刑事警察機構）・国連安全保障理事会
特別手配書のウェブ・リンク：https://www.interpol.int/en/How-we-
work/Notices/View-UN-Notices-Individuals",REVIEW_REQUIRED,REVIEW_REQUIRED,false,mofa-names-v1
126adf153bd520671b9de87b006de3863ebbbb907b1b3625168cdef117f4a794:UN:744,current_un,744,UN,,person,true,264,126adf153bd520671b9de87b006de3863ebbbb907b1b3625168cdef117f4a794,https://www.mofa.go.jp/mofaj/files/000015952.pdf,https://www.mofa.go.jp/mofaj/files/000015952.pdf#page=264,data/raw/mofa/126adf153bd520671b9de87b006de3863ebbbb907b1b3625168cdef117f4a794.pdf.gz,"７４４．イヤード・ナズミ・サーリフ・ハリール（別名：(a)アイヤード・ナズミ・サーリフ・ハリ
ール (b)イヤド・ナズミ・サーレハ・ハリール (c)イヤード・アル・トゥバシ(d)イヤード・ア
ル・ツバシ(e)アブ・アル・ダルダー(f)アブ・ジュライビブ・アル・ウルドゥニー(g) アブ・ジ
ュライビブ）
IYAD NAZMI SALIH KHALIL
(original script: لیلخ حلاص يمظن دايإ)
（a.k.a.: (a)Ayyad Nazmi Salih Khalil(b)Eyad Nazmi Saleh Khalil(c) Iyad al-Toubasi (d)
Iyad al-Tubasi (e)Abu al-Darda’(f)Abu-Julaybib al-Urduni(g)Abu-Julaybib）
称号：不明
役職：不明
生年月日：１９７４年
出生地：シリア・アラブ共和国
国籍：ヨルダン
ＩＤ番号：不明
旅券番号：(a)ヨルダン旅券番号654781（２００９年頃発行）(b)ヨルダン旅券番号
286062（１９９９年４月５日Zarqa,Jordanで発行、２００４年４月４日失効）
住所：シリア・アラブ共和国（沿岸部、２０１６年４月時点の所在）
国連制裁委員会による指定日：２０１７年２月２２日（２０２３年３月１５日に改訂）
その他の情報：２０１６年３月以来、レバントの人々のためのアル・ヌスラ戦線（６４４．
に指定した団体）のシリア・アラブ共和国沿岸部での指導者を務める人物である。国
連安全保障理事会決議第２６１０号（２０２１年）に基づく見直しは２０２２年１１月８日
に終了した。同人に対するインターポール（国際刑事警察機構）・国連安全保障理事
会 特 別 手 配 書 の ウ ェ ブ ・ リ ン ク ： https://www.interpol.int/en/How-we-
work/Notices/View-UN-Notices-Individuals",REVIEW_REQUIRED,REVIEW_REQUIRED,false,mofa-names-v1
126adf153bd520671b9de87b006de3863ebbbb907b1b3625168cdef117f4a794:UN:745,current_un,745,UN,,person,true,264;265,126adf153bd520671b9de87b006de3863ebbbb907b1b3625168cdef117f4a794,https://www.mofa.go.jp/mofaj/files/000015952.pdf,https://www.mofa.go.jp/mofaj/files/000015952.pdf#page=264,data/raw/mofa/126adf153bd520671b9de87b006de3863ebbbb907b1b3625168cdef117f4a794.pdf.gz,"７４５．ガーリブ・アブドゥッラー・アル・ザイーディ（別名：(a) ガーリブ・アブダッラー・ア
ル・ザイーディ (b) ガーリブ・アブダッラー・アリ・アル・ザイーディ(c) ガーリブ・アル・
ザイーディ）
GHALIB ABDULLAH AL-ZAIDI
(original script: يدیزلا اللهدبع ب لاغ)
（a.k.a.: (a)Ghalib Abdallah al-Zaydi(b)Ghalib Abdallah Ali al-Zaydi (c) Ghalib al Zaydi）
称号：不明
役職：不明
生年月日：(a)１９７５年(b)１９７０年
出生地：Raqqah Region, Marib Governorate, Yemen
国籍：イエメン
ＩＤ番号：不明
旅券番号：不明
住所：不明
国連制裁委員会による指定日：２０１７年２月２２日（２０１９年１２月６日及び2024年２
月７日に改訂）
その他の情報：２０１５年以来、アラビア半島のアル・カーイダ（ＡＱＡＰ）（５６２．に指定
した団体）のイエメンのMarib Governorateにおける指導者を務める人物であリ、同団
体への武器、資金の提供及び要員徴募に関与。国連安全保障理事会決議第２３６８
号（２０１７年）に基づく見直しは２０１９年１２月４日に終了した。国連安全保障理事会
決議第２６１０号（２０２１年）に基づく見直しは２０２３年１０月３０日に終了した。同人に
対するインターポール（国際刑事警察機構）・国連安全保障理事会特別手配書のウェ
ブ ・ リ ン ク ： https://www.interpol.int/en/How-we-work/Notices/View-UN-Notices-
Individuals",REVIEW_REQUIRED,REVIEW_REQUIRED,false,mofa-names-v1
126adf153bd520671b9de87b006de3863ebbbb907b1b3625168cdef117f4a794:UN:746,current_un,746,UN,,unknown,false,265,126adf153bd520671b9de87b006de3863ebbbb907b1b3625168cdef117f4a794,https://www.mofa.go.jp/mofaj/files/000015952.pdf,https://www.mofa.go.jp/mofaj/files/000015952.pdf#page=265,data/raw/mofa/126adf153bd520671b9de87b006de3863ebbbb907b1b3625168cdef117f4a794.pdf.gz,７４６． ※２０２２年３月９日解除,HISTORICAL,REVIEW_REQUIRED,false,mofa-names-v1
126adf153bd520671b9de87b006de3863ebbbb907b1b3625168cdef117f4a794:UN:747,current_un,747,UN,,person,true,265;266,126adf153bd520671b9de87b006de3863ebbbb907b1b3625168cdef117f4a794,https://www.mofa.go.jp/mofaj/files/000015952.pdf,https://www.mofa.go.jp/mofaj/files/000015952.pdf#page=265,data/raw/mofa/126adf153bd520671b9de87b006de3863ebbbb907b1b3625168cdef117f4a794.pdf.gz,"７４７．ファリド・サール（別名：(a)アブ・ルクマン・アル・アルマニ(b)アブ・ルグマン）
FARED SAAL
(a.k.a.:(a)Abu Luqmaan Al Almani(b)Abu Lugmaan)
称号：不明
役職：不明
生年月日：１９８９年２月１８日
出生地：Bonn, Germany
国籍：(a)ドイツ(b)アルジェリア
旅券番号：不明
ＩＤ番号：ドイツ連邦ＩＤカード 5802098444（２０１０年４月１５日、ボンにて発行。２０１６
年４月１４日失効）
住所：不明
国連制裁委員会による指定日：２０１７年６月１６日（２０２３年３月１５日に改訂）
その他の情報：イラクのアル・カーイダ(４５３．に指定した団体)として掲載されている
ISIL（いわゆる「イスラム国」）のドイツ人外国人戦闘員。身体的情報；目の色は茶、髪
の色は黒、身長は 178cm、体重は 80kg。ドイツ連邦裁判所の捜査判事が２０１４年８
月１３日付けで欧州逮捕令状を発出した。国連安全保障理事会決議第２６１０号（２０
２１年）に基づく見直しは２０２２年１１月８日に終了した。同人に対するインターポール
（国際刑事警察機構）・国連安全保障理事会特別手配書のウェブ・リンク：
https://www.interpol.int/en/How-we-work/Notices/View-UN-Notices-Individuals",EXTRACTED,REVIEW_REQUIRED,false,mofa-names-v1
126adf153bd520671b9de87b006de3863ebbbb907b1b3625168cdef117f4a794:UN:748,current_un,748,UN,,entity,true,266,126adf153bd520671b9de87b006de3863ebbbb907b1b3625168cdef117f4a794,https://www.mofa.go.jp/mofaj/files/000015952.pdf,https://www.mofa.go.jp/mofaj/files/000015952.pdf#page=266,data/raw/mofa/126adf153bd520671b9de87b006de3863ebbbb907b1b3625168cdef117f4a794.pdf.gz,"７４８．ジャマートゥル・アハラール（別称：（a）ジャマーテ・アハラール（b）パキスタン・タ
リバーン運動ジャマートゥル・アハラール (旧称：アハラール・ウル・ヒンド)）
JAMAAT-UL-AHRAR(JuA)
(original script: رارحا لا تامج)
(a.k.a.:(a)Jamaat-e-Ahrar (b)Tehrik-e Taliban Pakistan Jamaat ul Ahrar F.k.a.: Ahrar-
ul-Hind)
所在地：（a）Lalpura, Nangarhar Province, Afghanistan and Afghanistan-Pakistan
border region (２０１５年６月以降) (b) Mohmand Agency, Pakistan (２０１４年８月時点)
国連制裁委員会による指定日：２０１７年７月６日（２０２３年３月１５日に改訂）
その他の情報：パキスタン・タリバーン運動（５９１．に指定した団体）の分派組織。イラ
クのアル・カーイダ(４５３．に指定した団体)としてリストに掲載されている ISIL(いわゆ
る「イスラム国」)と連携している。２０１４年８月にパキスタンの Mohmand Agency にお
いて結成。アフガニスタンの Nangarhar Province 及びアフガニスタン・パキスタン国境
地域において活動。パキスタンにおいて２０１６年１１月２１日に禁止団体に指定。国
連安全保障理事会決議第２６１０号（２０２１年）に基づく見直しは２０２２年１１月８日
に終了した。同団体に対するインターポール（国際刑事警察機構）・国連安全保障理
事 会 特 別 手 配 書 の ウ ェ ブ ・ リ ン ク ： https://www.interpol.int/en/How-we-
work/Notices/View-UN-Notices-Entities",REVIEW_REQUIRED,REVIEW_REQUIRED,false,mofa-names-v1
126adf153bd520671b9de87b006de3863ebbbb907b1b3625168cdef117f4a794:UN:749,current_un,749,UN,,person,true,266;267,126adf153bd520671b9de87b006de3863ebbbb907b1b3625168cdef117f4a794,https://www.mofa.go.jp/mofaj/files/000015952.pdf,https://www.mofa.go.jp/mofaj/files/000015952.pdf#page=266,data/raw/mofa/126adf153bd520671b9de87b006de3863ebbbb907b1b3625168cdef117f4a794.pdf.gz,"７４９．アレクサンダ・アモーン・コテイ（別名：(a)アレクセ・コテイ(b)アレクサンダ・コテ）
ALEXANDA AMON KOTEY
(a.k.a.:(a)Alexe Kotey (b)Alexanda Kote)
称号：不明
役職：不明
生年月日：１９８３年１２月１３日
出生地：London, United Kingdom of Great Britain and Northern Ireland
国籍：英国
旅券番号：英国旅券番号 094477324（２００５年３月５日発行）
ＩＤ番号：不明
住所：アメリカ合衆国
国連制裁委員会による指定日：２０１７年７月２０日（２０２３年２月２日及び３月１５日
に改訂）
その他の情報：イラクのアル・カーイダ（４５３．に指定した団体）としてリストに掲載さ
れている ISIL（いわゆる「イスラム国」）の、シリア・アラブ共和国における外国人テロ
戦闘員。２０２２年４月２９日にアメリカ合衆国で終身刑の判決を受け、連邦刑務所の
囚人番号は 11685-509。身体的情報：目の色は濃い茶、髪の色は黒、肌の色は暗
い。目立った特徴としては、あごひげがある。民族的背景：ガーナ系キプロス人。国連
安全保障理事会決議第２６１０号（２０２１年）に基づく見直しは２０２２年１１月８日に
終了した。同人に対するインターポール（国際刑事警察機構）・国連安全保障理事会
特別手配書のウェブ・リンク：
https://www.interpol.int/en/How-we-work/Notices/View-UN-Notices-Individuals",EXTRACTED,REVIEW_REQUIRED,false,mofa-names-v1
126adf153bd520671b9de87b006de3863ebbbb907b1b3625168cdef117f4a794:UN:750,current_un,750,UN,,person,true,267,126adf153bd520671b9de87b006de3863ebbbb907b1b3625168cdef117f4a794,https://www.mofa.go.jp/mofaj/files/000015952.pdf,https://www.mofa.go.jp/mofaj/files/000015952.pdf#page=267,data/raw/mofa/126adf153bd520671b9de87b006de3863ebbbb907b1b3625168cdef117f4a794.pdf.gz,"７５０．エルシャフィー・エル・シェイク（別名：(a)エル・シャフィー・エルシェイク (b)アル
シャフィー・エルシェイク）
ELSHAFEE EL SHEIKH
(a.k.a.: (a)El Shafee Elsheikh (b)Alshafee El-Sheikh)
称号：不明
役職：不明
生年月日：１９８８年７月１６日
出生地：London, United Kingdom of Great Britain and Northern Ireland
国籍：英国
旅券番号：英国旅券番号 801121547（２０１９年６月１６日失効予定で英国旅券局よ
り２００９年６月１６日発行、２０１４年１２月に失効措置）
ＩＤ番号：不明
住所：アメリカ合衆国
国連制裁委員会による指定日：２０１７年７月２０日（２０２３年２月２日及び３月１５日
に改訂）
その他の情報：イラクのアル・カーイダ（４５３．に指定した団体）としてリストに掲載さ
れている ISIL（いわゆる「イスラム国」）の、シリア・アラブ共和国における外国人テロ
戦闘員。２０２２年８月１９日にアメリカ合衆国で終身刑の判決を受け、連邦刑務所の
囚人番号は 11698-509。身体的情報：目の色は濃い茶、髪の色は黒：肌の色は暗い。
目立った特徴としては、あごひげがある。母親の名前は Maha Elgizouli。国連安全保
障理事会決議第２６１０号（２０２１年）に基づく見直しは２０２２年１１月８日に終了した。
同人に対するインターポール（国際刑事警察機構）・国連安全保障理事会特別手配
書のウェブ・リンク：https://www.interpol.int/en/How-we-work/Notices/View-UN-
Notices-Individuals",EXTRACTED,REVIEW_REQUIRED,false,mofa-names-v1
126adf153bd520671b9de87b006de3863ebbbb907b1b3625168cdef117f4a794:UN:751,current_un,751,UN,,person,true,267;268,126adf153bd520671b9de87b006de3863ebbbb907b1b3625168cdef117f4a794,https://www.mofa.go.jp/mofaj/files/000015952.pdf,https://www.mofa.go.jp/mofaj/files/000015952.pdf#page=267,data/raw/mofa/126adf153bd520671b9de87b006de3863ebbbb907b1b3625168cdef117f4a794.pdf.gz,"７５１．ムハンマド・バフルン・ナイム・アギ・タントモ（別名：(a)バフルン・ナイム (b)ア
ギ・タントモ (c)アブ・ラヤン (d)アブ・ラヤン (e)アブ・アイシャ）
MUHAMMAD BAHRUM NAIM ANGGIH TAMTOMO
(a.k.a.: (a)Bahrun Naim (b)Anggih Tamtomo (c)Abu Rayyan (d)Abu Rayan (e)Abu
Aisyah)
称号：不明
役職：不明
生年月日：１９８３年９月６日
出生地：Surakarta, Indonesia
国籍：インドネシア
旅券番号：不明
ＩＤ番号：不明
住所：(a)Aleppo, Syrian Arab Republic (b)Raqqa, Syrian Arab Republic
国連制裁委員会による指定日：２０１７年７月２０日（２０２３年２月２日及び３月１５日
に改訂）
その他の情報：イラクのアル・カーイダ（４５３．に指定した団体）としてリストに掲載さ
れている ISIL（いわゆる「イスラム国」）の支援に関して様々な役割を負っている、シリ
アを拠点とするインドネシア人。国連安全保障理事会決議第２６１０号（２０２１年）に
基づく見直しは２０２２年１１月８日に終了した。同人に対するインターポール（国際刑
事 警 察 機 構 ） ・ 国 連 安 全 保 障 理 事 会 特 別 手 配 書 の ウ ェ ブ ・ リ ン ク ：
https://www.interpol.int/en/How-we-work/Notices/View-UN-Notices-Individuals",EXTRACTED,REVIEW_REQUIRED,false,mofa-names-v1
126adf153bd520671b9de87b006de3863ebbbb907b1b3625168cdef117f4a794:UN:752,current_un,752,UN,,person,true,268,126adf153bd520671b9de87b006de3863ebbbb907b1b3625168cdef117f4a794,https://www.mofa.go.jp/mofaj/files/000015952.pdf,https://www.mofa.go.jp/mofaj/files/000015952.pdf#page=268,data/raw/mofa/126adf153bd520671b9de87b006de3863ebbbb907b1b3625168cdef117f4a794.pdf.gz,"７５２．マリク・ルスラノヴィッチ・バルハノエフ（別名：(a)サイフディーン (b)サイフディー
ン・アル・イングーシ (c)サイフディーン・イングーシ）
Malik Ruslanovich Barkhanoev
(a.k.a.:(a)Saifuddin (b)Saifuddin al-Ingushi (c)Saifuddin Ingushi)
称号：不明
役職：不明
生年月日：１９９２年３月１４日
出 生 地 ： Ordzhonikidzevskaya village, Sunzhenskiy district, Ingushetia, Russian
Federation
国籍：ロシア連邦
旅券番号：不明
ＩＤ番号：不明
住所：Mosul, Iraq
国連制裁委員会による指定日：２０１７年７月２０日（２０２３年３月１５日に改訂）
その他の情報：２０１６年９月に、イラクのアル・カーイダ（４５３．に指定した団体）とし
てリストに掲載されている ISIL（いわゆる「イスラム国」）に参加した。国連安全保障理
事会決議第２６１０号（２０２１年）に基づく見直しは２０２２年１１月８日に終了した。同
人に対するインターポール（国際刑事警察機構）・国連安全保障理事会特別手配書
の ウ ェ ブ ・ リ ン ク ： https://www.interpol.int/en/How-we-work/Notices/View-UN-
Notices-Individuals",EXTRACTED,REVIEW_REQUIRED,false,mofa-names-v1
126adf153bd520671b9de87b006de3863ebbbb907b1b3625168cdef117f4a794:UN:753,current_un,753,UN,,person,true,268;269,126adf153bd520671b9de87b006de3863ebbbb907b1b3625168cdef117f4a794,https://www.mofa.go.jp/mofaj/files/000015952.pdf,https://www.mofa.go.jp/mofaj/files/000015952.pdf#page=268,data/raw/mofa/126adf153bd520671b9de87b006de3863ebbbb907b1b3625168cdef117f4a794.pdf.gz,"７５３．ムラド・イラクリエヴィチ・マルゴシヴィリ（別名：(a)ズラブ・イラクリエヴィチ・マル
ゴシヴィリ (b)ムラド・アフメドヴィチ・マダイェフ (c)ロヴァ・マダイェフ (d)アブ・ムスリ
ム・アル・シシャニ (e)ムスリム (f)ラヴァ (g)ジョン (h)ジョージ (i)アーサー (j)セドイ）
Murad Iraklievich Margoshvili
(a.k.a.: (a)Zurab Iraklievich Margoshvili (b)Murad Akhmedovich Madayev (c)Lova
Madayev (d)Abu-Muslim Al-Shishani (e)Muslim (f)Lava (g)John (h)George (i)Arthur
(j)Sedoy)
称号：不明
役職：不明
生年月日：１９７０年１月１５日
出生地：Grozny, Chechen Republic, Russian Federation
国籍：(a)ロシア連邦 (b)ジョージア
旅券番号：不明
ＩＤ番号：不明
住所：不明
国連制裁委員会による指定日：２０１７年７月２０日（２０２３年３月１５日に改訂）
その他の情報：レバントの人々のためのアル・ヌスラ戦線（６４４．に指定した団体）と
してリストに掲載されているジャブハット・アル・ヌスラと関係を有する。国連安全保障
理事会決議第２６１０号（２０２１年）に基づく見直しは２０２２年１１月８日に終了した。
同人に対するインターポール（国際刑事警察機構）・国連安全保障理事会特別手配
書のウェブ・リンク：https://www.interpol.int/en/How-we-work/Notices/View-UN-
Notices-Individuals",EXTRACTED,REVIEW_REQUIRED,false,mofa-names-v1
126adf153bd520671b9de87b006de3863ebbbb907b1b3625168cdef117f4a794:UN:754,current_un,754,UN,,person,true,269;270,126adf153bd520671b9de87b006de3863ebbbb907b1b3625168cdef117f4a794,https://www.mofa.go.jp/mofaj/files/000015952.pdf,https://www.mofa.go.jp/mofaj/files/000015952.pdf#page=269,data/raw/mofa/126adf153bd520671b9de87b006de3863ebbbb907b1b3625168cdef117f4a794.pdf.gz,"７５４．オマーン・ロフマン（別名：(a)オマーン・ラフマン (b)アブ・
スライマン・アマン・アブドゥルラフマン・アル・アルカビリ (c)アマン・アブドゥル・ラフマ
ン (d)アマン・アブドゥラフマン (e)アマン・アブドゥルラフマン (f)オマーン・アブドゥルロ
フマン (g)オマーン・アブドゥルラフマン (h)アマン・アブドゥルラフマン）
OMAN ROCHMAN
(a.k.a.:(a)Oman Rahman (b)Abu Sulaiman Aman Abdurrahman Al-Arkhabiliy (c)Aman
Abdul Rahman (d)Aman Abdurahman (e)Aman Abdurrachman (f)Oman Abdulrohman
(g)Oman Abdurrahman (h)Aman Abdurrahman)
称号：Ustadz（ウスターズ）
役職：不明
生年月日：１９７２年１月５日
出生地： Sumedang, Indonesia
国籍：インドネシア
旅券番号：不明
ＩＤ番号：不明
住所：Pasir Putih Prison, Nusa Kambangan Island, Indonesia
国連制裁委員会による指定日：２０１７年７月２０日（２０２３年２月２日及び３月１５日
に改訂）
その他の情報：２０１０年１２月以降インドネシアにて拘禁されているにもかかわらず、
イラクのアル・カーイダ（４５３．に指定した団体）としてリストに掲載されている ISIL（い
わゆる「イスラム国」）の、インドネシアにおけるその支持者の事実上の指導者。インド
ネシア最高裁判所により死刑判決を受けた。国連安全保障理事会決議第２６１０号
（２０２１年）に基づく見直しは２０２２年１１月８日に終了した。同人に対するインターポ
ール（国際刑事警察機構）・国連安全保障理事会特別手配書のウェブ・リンク：
https://www.interpol.int/en/How-we-work/Notices/View-UN-Notices-Individuals",EXTRACTED,REVIEW_REQUIRED,false,mofa-names-v1
126adf153bd520671b9de87b006de3863ebbbb907b1b3625168cdef117f4a794:UN:755,current_un,755,UN,,entity,true,270,126adf153bd520671b9de87b006de3863ebbbb907b1b3625168cdef117f4a794,https://www.mofa.go.jp/mofaj/files/000015952.pdf,https://www.mofa.go.jp/mofaj/files/000015952.pdf#page=270,data/raw/mofa/126adf153bd520671b9de87b006de3863ebbbb907b1b3625168cdef117f4a794.pdf.gz,"７５５．ハニファ両替所（シリア・アラブ共和国、ALBU KAMAL 支店）（別名：(a)ハニフ
ァ両替所 (b)ハニフェ両替所 (c)ハニファ両替所 (d)フナイファ・オフィス (e)ハニファ
為替会社 (f)ハニファ両替所）
HANIFA MONEY EXCHANGE OFFICE
(original script: ةفارصلل ةفینح بتكم)
(BRANCH LOCATED IN ALBU KAMAL, SYRIAN ARAB REPUBLIC)（a.k.a.:(a) Hanifah
Currency Exchange (b)Hanifeh Exchange (c)Hanifa Exchange (d)Hunaifa Office
(e)Hanifah Exchange Company (f)Hanifa Money Exchange Office）
旧称：不明
所在地：Albu Kamal (Al-Bukamal), Syrian Arab Republic
国連制裁委員会による指定日：２０１７年７月２０日（２０２３年３月１５日に改訂）
その他の情報：シリア・アラブ共和国の Albu Kamal (Al-Bukamal)における両替業者で、
イラクのアル・カーイダ（４５３．に指定した団体）としてリストに掲載されている ISIL（い
わゆる「イスラム国」）の資金移動を支援している。もっぱら ISIL 関連取引にのみ利用
されている。国連安全保障理事会決議第２６１０号（２０２１年）に基づく見直しは２０２
２年１１月８日に終了した。同団体に対するインターポール（国際刑事警察機構）・国
連安全保障理事会特別手配書のウェブ・リンク：https://www.interpol.int/en/How-
we-work/Notices/View-UN-Notices-Entities",REVIEW_REQUIRED,REVIEW_REQUIRED,false,mofa-names-v1
126adf153bd520671b9de87b006de3863ebbbb907b1b3625168cdef117f4a794:UN:756,current_un,756,UN,,entity,true,270;271,126adf153bd520671b9de87b006de3863ebbbb907b1b3625168cdef117f4a794,https://www.mofa.go.jp/mofaj/files/000015952.pdf,https://www.mofa.go.jp/mofaj/files/000015952.pdf#page=270,data/raw/mofa/126adf153bd520671b9de87b006de3863ebbbb907b1b3625168cdef117f4a794.pdf.gz,"７５６．セルセラト・アル・サハブ（別名：(a)シルシレト・アル・サハブ (b)セルセラト・ア
ル・サハブ両替所 (c)シルシラト為替会社 (d)シルシラ為替会社 (e)アル・シルシラ・
アル・ダハバ (f)シルシラト・アル・ダハブ）
SELSELAT AL-THAHAB
(original script: ةفارصلل بهذلا ةلسلس)
(a.k.a.:(a)Silsilet al Thahab (b)Selselat al Thahab For Money Exchange (c)Silsilat Money
Exchange Company (d)Silsilah Money Exchange Company (e)Al Silsilah al Dhahaba
(f)Silsalat al Dhab)
旧称：不明
所在地：(a)Al-Kadhumi Complex, Al-Harthia, Baghdad, Iraq (b) Al-Abbas Street,
Karbala, Iraq
国連制裁委員会による指定日：２０１７年７月２０日（２０２３年３月１５日に改訂）
その他の情報：イラクのアル・カーイダ（４５３．に指定した団体）としてリストに掲載さ
れている ISIL（いわゆる「イスラム国」）の資金移動を支援している両替業者（２０１６年
４月時点）。ISIL 支配領域への１００件以上の資金転送を実施。国連安全保障理事会
決議第２６１０号（２０２１年）に基づく見直しは２０２２年１１月８日に終了した。同団体
に対するインターポール（国際刑事警察機構）・国連安全保障理事会特別手配書の
ウ ェ ブ ・ リ ン ク ： https://www.interpol.int/en/How-we-work/Notices/View-UN-
Notices-Entities",REVIEW_REQUIRED,REVIEW_REQUIRED,false,mofa-names-v1
126adf153bd520671b9de87b006de3863ebbbb907b1b3625168cdef117f4a794:UN:757,current_un,757,UN,,entity,true,271,126adf153bd520671b9de87b006de3863ebbbb907b1b3625168cdef117f4a794,https://www.mofa.go.jp/mofaj/files/000015952.pdf,https://www.mofa.go.jp/mofaj/files/000015952.pdf#page=271,data/raw/mofa/126adf153bd520671b9de87b006de3863ebbbb907b1b3625168cdef117f4a794.pdf.gz,"７５７．ジャイシュ・ハリド・イブン・アル・ワリード（別名：(a)ハリド・イブン・アル・ワリド・
アーミー (b)リワ・シュハダ・アル・ヤールムク (c)ハラカト・アル・ムサンナ・アル・イス
ラミア）
Jaysh Khalid Ibn al Waleed
(a.k.a.: (a)Khalid ibn al-Walid Army (b)Liwa Shuhada al-Yarmouk (c)Harakat al-
Muthanna al-Islamia)
旧称：不明
所在地：不明
国連制裁委員会による指定日：２０１７年７月２０日（２０２３年３月１５日に改訂）
その他の情報：２０１５年５月、イラクのアル・カーイダ（４５３．に指定した団体）としてリ
ストに掲載されている ISIL（いわゆる「イスラム国」）に参加。国連安全保障理事会決
議第２６１０号（２０２１年）に基づく見直しは２０２２年１１月８日に終了した。同団体に
対するインターポール（国際刑事警察機構）・国連安全保障理事会特別手配書のウェ
ブ ・ リ ン ク ： https://www.interpol.int/en/How-we-work/Notices/View-UN-Notices-
Individuals",EXTRACTED,REVIEW_REQUIRED,false,mofa-names-v1
126adf153bd520671b9de87b006de3863ebbbb907b1b3625168cdef117f4a794:UN:758,current_un,758,UN,,entity,true,271,126adf153bd520671b9de87b006de3863ebbbb907b1b3625168cdef117f4a794,https://www.mofa.go.jp/mofaj/files/000015952.pdf,https://www.mofa.go.jp/mofaj/files/000015952.pdf#page=271,data/raw/mofa/126adf153bd520671b9de87b006de3863ebbbb907b1b3625168cdef117f4a794.pdf.gz,"７５８．ジュンド・アル・アクサー（別名：(a)ザ・ソルジャーズ・オブ・アクサー (b)ソルジャ
ーズ・オブ・アクサー (c)サラヤト・アル・クッズ）
Jund Al Aqsa
(a.k.a.:(a) The Soldiers of Aqsa (b)Soldiers of Aqsa (c)Sarayat Al Quds)
旧称：不明
所在地：(a)Idlib Governorate, Syrian Arab Republic (b)Hama Governorate, Syrian Arab
Republic
国連制裁委員会による指定日：２０１７年７月２０日（２０２３年３月１５日に改訂）
その他の情報：レバントの人々のためのアル・ヌスラ戦線（６４４．に指定した団体）と
連携。国連安全保障理事会決議第２６１０号（２０２１年）に基づく見直しは２０２２年１
１月８日に終了した。同団体に対するインターポール（国際刑事警察機構）・国連安全
保障理事会特別手配書のウェブ・リンク：https://www.interpol.int/en/How-we-
work/Notices/View-UN-Notices-Entities",EXTRACTED,REVIEW_REQUIRED,false,mofa-names-v1
126adf153bd520671b9de87b006de3863ebbbb907b1b3625168cdef117f4a794:UN:759,current_un,759,UN,,person,true,271;272,126adf153bd520671b9de87b006de3863ebbbb907b1b3625168cdef117f4a794,https://www.mofa.go.jp/mofaj/files/000015952.pdf,https://www.mofa.go.jp/mofaj/files/000015952.pdf#page=271,data/raw/mofa/126adf153bd520671b9de87b006de3863ebbbb907b1b3625168cdef117f4a794.pdf.gz,"７５９．シェーン・ドミニク・クロフォード（別名：(a)アサドゥラー（b）アブ・サアド・アットリニ
ダーディ（c）アサド）
SHANE DOMINIC CRAWFORD (a.k.a.:(a)Asadullah (b)Abu Sa’d at-Trinidadi (c)Asad)
称号：不明
役職：不明
生年月日：１９８６年２月２２日
出生地：Mount Hope, Trinidad and Tobago
国籍：トリニダード・トバゴ
旅券番号：（a）トリニダード・トバゴ旅券番号 TA959547、２０１３年１１月１９日発行（トリ
ニダード・トバゴ移民局発行､２０１８年１１月１８日失効）（b) トリニダード・トバゴ旅券
番号 T1071839、２００４年１１月８日発行（トリニダード・トバゴ入国管理部門発行、２０
１４年１１月７日失効）
ＩＤ番号：(a)トリニダード・トバゴ国民ＩＤカード 19860222007、２０１１年６月１６日発行（２
０１６年６月１６日失効)（b)トリニダード・トバゴ出生証明書 B394445、２００７年１月２３
日発行（c)トリニダード・トバゴ運転免許証 892124B、２００７年８月３０日発行(２０１０
年８月３０日失効)
住所：（a) Syrian Arab Republic (２０１４年５月時点の所在地)（b)Reyhanli, Hatay,
Turkey (過去の所在地、２０１３年１１月から２０１４年５月まで)（c) 349 Dass Branch
Trace, Dass Trace, Enterprise Chaguanas, Trinidad and Tobago (出生から２０１３年１
１月２７日まで)（d)LP# 41 Ballisier Road, Smith Field Lands, Wallerfield, County of St.
George East, Trinidad and Tobago (２０１１年９月時点の別の所在地)
国連制裁委員会による指定日：２０１７年８月１８日（２０２３年３月１５日に改訂）
その他の情報: イラクのアル・カーイダ(４５３．に指定した団体)としてリストに掲載され
ている ISIL(いわゆる「イスラム国」)の、英語によるプロパガンダ担当。トリニダード・ト
バゴにおいて、弾薬及び火器の所持、ならびに盗品譲受けについて指名手配されて
いる。身体的情報：目の色は茶、髪の色は暗い、肌の色は薄い茶、体格は中柄、身
長は１７４ｃｍ、体重は６４ｋｇ。英語とアラビア語を話す。国連安全保障理事会決議第
２６１０号（２０２１年）に基づく見直しは２０２２年１１月８日に終了した。同人に対するイ
ンターポール（国際刑事警察機構）・国連安全保障理事会特別手配書のウェブ・リン
ク：https://www.interpol.int/en/How-we-work/Notices/View-UN-Notices-
Individuals。",EXTRACTED,REVIEW_REQUIRED,false,mofa-names-v1
126adf153bd520671b9de87b006de3863ebbbb907b1b3625168cdef117f4a794:UN:760,current_un,760,UN,,person,true,272;273,126adf153bd520671b9de87b006de3863ebbbb907b1b3625168cdef117f4a794,https://www.mofa.go.jp/mofaj/files/000015952.pdf,https://www.mofa.go.jp/mofaj/files/000015952.pdf#page=272,data/raw/mofa/126adf153bd520671b9de87b006de3863ebbbb907b1b3625168cdef117f4a794.pdf.gz,"７６０．サリム・ムスタファ・ムハンマド・アル・マンスール（別名：
(a)サリム・ムスタファ・ ムハンマド・マンスール・アル・イフリ (b)サリーム・アル・イフリ
(c)サリム・マンスール・ ムスタファ (d)サリム・マンスール (e)ハッジ・サリム・アル・シ
ャクラール）
SALIM MUSTAFA MUHAMMAD AL-MANSUR
(original script: ر وصنم لا دمحم ىفطصم م لاس)
(a.k.a.: (a)Salim Mustafa Muhammad Mansur Al-Ifri (b)Saleem Al-Ifri (c)Salim Mansur
Mustafa (d)Salim Mansur (e)Hajji Salim Al-Shaklar)
称号：不明
役職：不明
生年月日：(a)１９６２年２月２０日 (b)１９５９年
出生地：(a)Baghdad, Iraq (b)Tel Afar, Nineveh Province, Iraq
国籍：イラク
旅券番号：イラク番号 A6489694、２０１３年９月２日発行（２０２１年８月３１日失効；氏
名のアラビア語表記： روصنم ل ا دمحم ىفطصم ملاس）
ＩＤ番号：(a)イラク国民ＩＤカード番号 00813602、２０１１年９月１８日発行
（氏名のアラビア語表記：روصنم لا دمحم ىفطصم ملاس ） (b)イラク国籍証明書
300397、２０１３年６月２５日発行
（氏名のアラビア語表記：دمحم ىفطصم ملاس）
住所：(a)17 Tamoz, Mosul, Iraq (以前の住所) (b)Tel Afar-Al-Saad, Mosul, Iraq (以前
の住所)
国連制裁委員会による指定日：２０１８年３月６日（２０２４年２月７日及び１２月２日に
改訂）
その他の情報：イラクのアル・カーイダ(４５３．に指定した団体)としてリストに掲載され
ている ISIL(いわゆる「イスラム国」)の財政の「アミール」。母親の名前は Khadijah
Mustafa Salih。２０１９年からイラク情報機関により拘留され、死刑を言い渡されてい
る。身体的情報：髪の色は黒、 目の色は蜂蜜色、身長は１７０ｃｍ。アラビア語を話す。
国連安全保障理事会決議第２６１０号（２０２１年）に基づく見直しは２０２３年１０月３０
日に終了した。同人に対するインターポール（国際刑事警察機構）・国連安全保障理
事 会 特 別 手 配 書 の ウ ェ ブ ・ リ ン ク ： https://www.interpol.int/en/How-we-
work/Notices/View-UN-Notices-Individuals",REVIEW_REQUIRED,REVIEW_REQUIRED,false,mofa-names-v1
126adf153bd520671b9de87b006de3863ebbbb907b1b3625168cdef117f4a794:UN:761,current_un,761,UN,,person,true,273;274,126adf153bd520671b9de87b006de3863ebbbb907b1b3625168cdef117f4a794,https://www.mofa.go.jp/mofaj/files/000015952.pdf,https://www.mofa.go.jp/mofaj/files/000015952.pdf#page=273,data/raw/mofa/126adf153bd520671b9de87b006de3863ebbbb907b1b3625168cdef117f4a794.pdf.gz,"７６１． ウマル・マフムード・イルハイイム・アル・クバイシ（別名：(a)ウマル・マフムー
ド・ラヒム・アル・クバイシ (b)オマル・マフムード・イルハイイム・アル・ファイヤド (c)ウ
マル・マフムード・ラヒム (d)ウマル・マフムード・ラヒム・アル・クバイシ (e)ウマル・マフ
ムード・アル・クバイシ・アルハイム (f)ウマル・マフムード・アルハイム (g)オマル・マフ
ムード・イルハイイム (h)オマル・マフムード・イルハイイム・アル・ファイヤド・アル・コ
バイシ (i)ウマル・アル・クバイシ）
UMAR MAHMUD IRHAYYIM AL-KUBAYSI
(original script: يسیبكلا ضایفلا میحرإ دومحم رمع)
(a.k.a.: (a) Umar Mahmud Rahim al-Kubaysi (b)Omar Mahmood Irhayyim Al-Fayyadh
(c)Umar Mahmud Rahim (d)Umar Mahmud Rahim Al-Qubaysi (e) Umar Mahmud Al-
Kubaysi Arhaym (f)Umar Mahmud Arhaym (g)Omar Mahmood Irhayyim (h)Omar
Mahmood Irhayyim Al-Fayyadh Al-Kobaisi (i)Umar al-Kubaysi)
称号：不明
役職：不明
生年月日：(a)１９６７年６月１６日 (b)１９６７年１月１日
出生地：Al-Qaim, Al-Anbar Province, Iraq
国籍：イラク
旅券番号：イラク番号 A4059346、２０１３年５月２９日にイラク、バグダッドにて発行（２
０２１年５月２７日失効）
ＩＤ番号：(a)イラク国民ＩＤカード番号 00405771、２０１３年５月２０日にイラクにて発行
（氏名のアラビア語表記：ضایفلا میحرإ دومحم رمع）(b)イラク国籍証明書 540763、
１９８４年２月１３日発行（氏名のアラビア語表記：میحرإ دومحم رمع）
住所：Al-Qaim, Al-Anbar Province, Iraq
国連制裁委員会による指定日：２０１８年３月６日 （2024 年２月７日に改訂）
その他の情報：イラクのアル・カーイダ(４５３．に指定した団体)としてリストに掲載され
ている ISIL(いわゆる「イスラム国」)の財政支援者。アル・カウサル両替所（７６２．に指
定した団体）の経営者。身体的情報：性別は男性、髪の色は黒、身長は１７５ｃｍ。ア
ラビア語を話す。国連安全保障理事会決議第２６１０号（２０２１年）に基づく見直しは
２０２３年１０月３０日に終了した。同人に対するインターポール（国際刑事警察機構）・
国連安全保障理事会特別手配書のウェブ・リンク：https://www.interpol.int/en/How-
we-work/Notices/View-UN-Notices-Individuals",REVIEW_REQUIRED,REVIEW_REQUIRED,false,mofa-names-v1
126adf153bd520671b9de87b006de3863ebbbb907b1b3625168cdef117f4a794:UN:762,current_un,762,UN,,entity,true,274,126adf153bd520671b9de87b006de3863ebbbb907b1b3625168cdef117f4a794,https://www.mofa.go.jp/mofaj/files/000015952.pdf,https://www.mofa.go.jp/mofaj/files/000015952.pdf#page=274,data/raw/mofa/126adf153bd520671b9de87b006de3863ebbbb907b1b3625168cdef117f4a794.pdf.gz,"７６２． アル・カウサル両替所（別称：(a)アル・カウサル会社 (b)アル・カウサル会社
(c)アル・カウサル・ハワラ ）
AL-KAWTHAR MONEY EXCHANGE
(a.k.a.: (a)Al Kawthar Co. (b)Al Kawthar Company(c)Al-Kawthar Hawala)
所在地：Al-Qaim, Al Anbar Province, Iraq
国連制裁委員会による指定日：２０１８年３月６日 （2024 年２月７日に改訂）
その他の情報：両替業であり、２０１６年半ば時点でウマル・マフムード・イルハイー
ム・アル・クバイシ(７６１．に指定した個人)により経営されていた。イラクのアル・カー
イダ(４５３．に指定した団体)としてリストに掲載されている ISIL(いわゆる「イスラム
国」)と関係を有する会社のために金融取引を支援。２０００年５月１７日に発行された
許可第２０２号にもとづいて２０００年に設立され、その後同許可は撤回された。国連
安全保障理事会決議第２６１０号（２０２１年）に基づく見直しは２０２３年１０月３０日に
終了した。同団体に対するインターポール（国際刑事警察機構）・国連安全保障理事
会 特 別 手 配 書 の ウ ェ ブ ・ リ ン ク ： https://www.interpol.int/en/How-we-
work/Notices/View-UN-Notices-Entities",EXTRACTED,REVIEW_REQUIRED,false,mofa-names-v1
126adf153bd520671b9de87b006de3863ebbbb907b1b3625168cdef117f4a794:UN:763,current_un,763,UN,,entity,true,274;275,126adf153bd520671b9de87b006de3863ebbbb907b1b3625168cdef117f4a794,https://www.mofa.go.jp/mofaj/files/000015952.pdf,https://www.mofa.go.jp/mofaj/files/000015952.pdf#page=274,data/raw/mofa/126adf153bd520671b9de87b006de3863ebbbb907b1b3625168cdef117f4a794.pdf.gz,"７６３．カティーバ・イマーム・アル・ブハリ（別称：カターイブ・アル・イマーム・アル・ブハ
リ）
旧称：不明
KHATIBA IMAM AL-BUKHARI (KIB)
(a.k.a.: Khataib al-Imam al-Bukhari)
所在地：(a) Afghanistan/Pakistan border area (以前の所在地) (b) Khan‑Shaykhun,
Syrian Arab Republic (Idlib の５３キロメートル南, ２０１８年３月時点の所在地) (c) Idlib,
Aleppo and Khama, Syrian Arab Republic (活動地域) d)Faryab, Badghis and Jawzjan
Provinces, Afghanistan
国連制裁委員会による指定日：２０１８年３月２９日 （２０２３年１２月１９日及び 2024
年２月７日に改訂）
その他の情報：レバントの人々のためのアル・ヌスラ戦線（６４４．に指定した団体）と
連携。シリア・アラブ共和国においてテロ攻撃を実行。２０１６年以来、中央アジア諸国
への攻撃を計画するためにアフガニスタン北部へ移動。国連安全保障理事会決議第
２６１０号（２０２１年）に基づく見直しは２０２３年１０月３０日に終了した。同団体に対す
るインターポール（国際刑事警察機構）・国連安全保障理事会特別手配書のウェブ・
リ ン ク ： https://www.interpol.int/en/How-we-work/Notices/View-UN-Notices-
Entities",EXTRACTED,REVIEW_REQUIRED,false,mofa-names-v1
126adf153bd520671b9de87b006de3863ebbbb907b1b3625168cdef117f4a794:UN:764,current_un,764,UN,,person,true,275,126adf153bd520671b9de87b006de3863ebbbb907b1b3625168cdef117f4a794,https://www.mofa.go.jp/mofaj/files/000015952.pdf,https://www.mofa.go.jp/mofaj/files/000015952.pdf#page=275,data/raw/mofa/126adf153bd520671b9de87b006de3863ebbbb907b1b3625168cdef117f4a794.pdf.gz,"７６４．ミルナ・アジジュル・マバンザ（別名：(a)ミルナ・アディジュル・マバンザ (b)ミル
ナ・アジルル・マバンザ）
MYRNA AJIJUL MABANZA (a.k.a.:(a)Myrna Adijul Mabanza (b)Myrna Ajilul Mabanza)
称号：不明
役職：不明
生年月日：１９９１年７月１１日
出生地：不明
国籍：フィリピン
旅券番号：不明
ＩＤ番号：(a)有権者ＩＤ番号 73320881AG1191MAM20000 (b)学生ＩＤ番号 200801087 (c)
その他のＩＤ番号 140000900032
住所：(a)Basilan Province, Philippines (b)Zamboanga City, Philippines (以前の住所)
(c)Jeddah, Saudi Arabia (以前の住所) (d)Daina, Saudi Arabia (以前の住所)
国連制裁委員会による指定日：２０１８年６月１８日 （2024 年２月７日に改訂）
その他の情報：イラクのアル・カーイダ(４５３．に指定した団体)としてリストに掲載され
ている ISIL(いわゆる「イスラム国」)の支援者。性別は女性。国連安全保障理事会決
議第２６１０号（２０２１年）に基づく見直しは２０２３年１０月３０日に終了した。
同人に対するインターポール（国際刑事警察機構）・国連安全保障理事会特別手配
書のウェブ・リンク： https://www.interpol.int/en/How-we-work/Notices/View-UN-
Notices-Individuals",EXTRACTED,REVIEW_REQUIRED,false,mofa-names-v1
126adf153bd520671b9de87b006de3863ebbbb907b1b3625168cdef117f4a794:UN:765,current_un,765,UN,,person,true,275;276,126adf153bd520671b9de87b006de3863ebbbb907b1b3625168cdef117f4a794,https://www.mofa.go.jp/mofaj/files/000015952.pdf,https://www.mofa.go.jp/mofaj/files/000015952.pdf#page=275,data/raw/mofa/126adf153bd520671b9de87b006de3863ebbbb907b1b3625168cdef117f4a794.pdf.gz,"７６５．アブドゥルパッタ・エスカロン・アブバカル（別名：(a)アブドゥルパッタ・アブバカ
ル・エスカロン (b)アブドゥル・パッタ・エスカロン・アブバカル (c)アブドゥル・パッタ・ア
ブ・バカル）
ABDULPATTA ESCALON ABUBAKAR
(a.k.a.:(a)Abdulpatta Abubakar Escalon (b)Abdul Patta Escalon Abubakar (c)Abdul
Patta Abu Bakar)
称号：不明
役職：不明
生年月日：(a)１９６５年３月３日 (b)１９６５年１月１日(c)１９６５年１月１１日
出生地：Tuburan, Basilan Province, Philippines
国籍：フィリピン
旅券番号：(a)フィリピン旅券 EC6530802（２０２１年１月１９日失効）(b)フィリピン旅券
EB2778599
ＩＤ番号：(a)サウジアラビアＩＤ番号 2135314355 (b)サウジアラビアＩＤ番号 202112421
住所：(a)Philippines (b)Jeddah, Saudi Arabia (以前の住所) (c)Daina, Saudi Arabia (以
前の住所)
国連制裁委員会による指定日：２０１８年６月１８日（2024 年２月７日に改訂）
その他の情報：イラクのアル・カーイダ(４５３．に指定した団体)としてリストに掲載され
ている ISIL(いわゆる「イスラム国」)の支援者。性別は男性。国連安全保障理事会決
議第２６１０号（２０２１年）に基づく見直しは２０２３年１０月３０日に終了した。
同人に対するインターポール（国際刑事警察機構）・国連安全保障理事会特別手配
書のウェブ・リンク：https://www.interpol.int/en/How-we-work/Notices/View-UN-
Notices-Individuals",EXTRACTED,REVIEW_REQUIRED,false,mofa-names-v1
126adf153bd520671b9de87b006de3863ebbbb907b1b3625168cdef117f4a794:UN:766,current_un,766,UN,,person,true,276;277,126adf153bd520671b9de87b006de3863ebbbb907b1b3625168cdef117f4a794,https://www.mofa.go.jp/mofaj/files/000015952.pdf,https://www.mofa.go.jp/mofaj/files/000015952.pdf#page=276,data/raw/mofa/126adf153bd520671b9de87b006de3863ebbbb907b1b3625168cdef117f4a794.pdf.gz,"７６６．アドナーン・アブー・ワリード・アル・サハラウィ（別名：(a)ラービブ・イドリッシ・ウ
ルド・シディー・アブディ・ウルド・サイード・ウルド・アル・バチール (b)アドナン・アブー・
ワリード・アル・サハラウィ (c)アブー・ワリード・アル・サハラウィ (d)アドナン・アブー・
ワリード・アル・サハラウィ (e)アドナン・アブー・ワリード・アル・サハラウィ (f)レービ
ブ・ウルド・アリ・ウルド・サイード・ウルド・ジュマーニ）
ADNAN ABOU WALID AL-SAHRAOUI
(original script:يوارحصلا دیلو وبأ ناندع)
(a.k.a.:(a)Lahbib Idrissi ould Sidi Abdi ould Said ould El Bachir (b)Adnan Abu Walid al-
Sahrawi (c)Abu Walid al Sahrawi (d)Adnan Abu Walid al-Sahraoui (e)Adnan Abu Waleed
al-Sahrawi (f)Lehbib Ould Ali Ould Said Ould Joumani)
称号：不明
役職：不明
生年月日：１９７３年２月１６日
出生地：Laayoune
国籍：不明
旅券番号：不明
ＩＤ番号：不明
住所：Ménaka, Gao Region, Mali
国連制裁委員会による指定日：２０１８年８月９日（２０２３年２月２日及び３月１５日に
改訂）
その他の情報：死亡したと報告されている。西アフリカの一神教と聖戦集団（ＭＵＪＡＯ）
（６２９．に指定した団体）の、以前の広報官。アル・ムラービトゥーン（６４８．に指定し
た団体）の、マリにおけるグループのアミール（Emir）。２０１５年５月に、イラクのアル・
カーイダ(４５３．に指定した団体)としてリストに掲載されている ISIL(いわゆる「イスラ
ム国」)に忠誠を誓った。国連安全保障理事会決議第２６１０号（２０２１年）に基づく見
直しは２０２２年１１月８日に終了した。同人に対するインターポール（国際刑事警察
機 構 ） ・ 国 連 安 全 保 障 理 事 会 特 別 手 配 書 の ウ ェ ブ ・ リ ン ク ：
https://www.interpol.int/en/How-we-work/Notices/View-UN-Notices-Individuals",REVIEW_REQUIRED,REVIEW_REQUIRED,false,mofa-names-v1
126adf153bd520671b9de87b006de3863ebbbb907b1b3625168cdef117f4a794:UN:767,current_un,767,UN,,person,true,277,126adf153bd520671b9de87b006de3863ebbbb907b1b3625168cdef117f4a794,https://www.mofa.go.jp/mofaj/files/000015952.pdf,https://www.mofa.go.jp/mofaj/files/000015952.pdf#page=277,data/raw/mofa/126adf153bd520671b9de87b006de3863ebbbb907b1b3625168cdef117f4a794.pdf.gz,"７６７．モハンメド・ユシプ・カリム（別名：(a)アブー・ワリード・
アル・インドゥニシ (b)ジドニ・エルマ (c)ウドゥターズ・シャイフディン (d)モハンマド・ユ
セフ・カリム・ファイズ (e)ムー・サイフディン (f)ケンバール・ハリド (g)モハマド・ユス
フ・カリム・サイフッラー・ファイズ (h)モハンマド・サイフディーン・モハンマド・ユスフ・フ
ァイズ (i)ウスターズ・ファイズ (j)サイフディン・ファイズ (k)ホリド・ファイズ (l)アブドゥ
ッラー・ファイズ (m)ファウズ・ファトゥロフマン）
MOHAMMED YUSIP KARIM (a.k.a.:(a)Abu Walid al Indunisi (b)Zidni Elma (c) Udtadz
Syaifudin (d)Mohammad Yusef Karim Faiz (e)Muh Saifudin (f)Kembar Khalid
(g)Mohamad Yusuf Karim Saifullah Faiz (h)Mohammad Saifuddin Mohammad Yusuf Faiz
(i)Ustadz Faiz (j)Saifudin Faiz (k)Kholid Faiz (l)Abdullah Faiz (m)Fauz Faturohman)
称号：不明
役職：不明
生年月日：１９７８年１０月１１日
出生地：インドネシア
国籍：インドネシア
旅券番号：不明
ＩＤ番号：不明
住所：シリア・アラブ共和国（２０１５年以降）
国連制裁委員会による指定日：２０１８年８月２３日 （2024 年２月７日に改訂）
その他の情報：イラクのアル・カーイダ(４５３．に指定した団体)としてリストに掲載され
ている ISIL(いわゆる「イスラム国」)の幹部。ISIL に登用され、テロ行為を実行するよう
オンラインビデオを通じて個人に対し指示した。身体的情報：髪の色は黒、体格は細
身。インドネシア語、アラビア語及びミンダナオの方言を話す。国連安全保障理事会
決議第２６１０号（２０２１年）に基づく見直しは２０２３年１０月３０日に終了した。
同人に対するインターポール（国際刑事警察機構）・国連安全保障理事会特別手配
書のウェブ・リンク：https://www.interpol.int/en/How-we-work/Notices/View-UN-
Notices-Individuals",EXTRACTED,REVIEW_REQUIRED,false,mofa-names-v1
126adf153bd520671b9de87b006de3863ebbbb907b1b3625168cdef117f4a794:UN:768,current_un,768,UN,,person,true,277;278,126adf153bd520671b9de87b006de3863ebbbb907b1b3625168cdef117f4a794,https://www.mofa.go.jp/mofaj/files/000015952.pdf,https://www.mofa.go.jp/mofaj/files/000015952.pdf#page=277,data/raw/mofa/126adf153bd520671b9de87b006de3863ebbbb907b1b3625168cdef117f4a794.pdf.gz,"７６８．モハマド・ラフィ・ビン・ウディン（別名：(a)モフド・ラディ・ビン・ウディン (b)アブ
ー・オーン・アル・マリジ (c)ムハンマド・ラティン (d)ムハンマド・ラフィウディーン (e)ア
ブー・ウナ・アル・マレイジー (f)ムハンマド・ラヒーム・ビン・ウディン (g)アブー・アイ
ン・トク・チト (h)ムハンマド・ラティン・ビン・ ヌルディン）MOHAMAD RAFI BIN UDIN
(a.k.a.:(a)Mohd Radi Bin Udin (b)Abu Awn al Malizi (c)Muhammad Ratin (d)Muhammad
Rafiuddin (e)Abu Una al Malayzie (f)Mhammad Rahim Bin Udin (g)Abu Ayn Tok Cit
(h)Muhammad Ratin Bin Nurdin)
称号：不明
役職：不明
生年月日：１９６６年６月３日
出生地：Negri Sembilan, Malaysia
国籍：(a)マレーシア (b)インドネシア
旅券番号：マレーシア番号 A31142734、２０１３年１１月６日発行（マレーシア移民局
発行、２０１５年１１月６日失効）
ＩＤ番号：マレーシア国民ＩＤカード 660603-05-5267（マレーシア国民登録局発行；
Mohd Rafi bin Udin に対し発行）
住所：(a)B-3B-19 Glenview Villa, Jalan 49 Off Jalan Kuari, Taman Pinggiran Cheras,
56000, Kuala Lumpur, Wilayah Persekutuan Kuala Lumpur, Malaysia (２０１４年１月３０
日時点) (b)90-00-04 Flat Sri Kota, Bandar Tun Razak, 56100, Kuala Lumpur, Wilayah
Persekutuan Kuala Lumpur, Malaysia (２０１０年４月２３日時点) (c)96-06-06 Flat Sri
Kota, Bandar Tun Razak, 56100, Kuala Lumpur, Wilayah Persekutuan Kuala Lumpur,
Malaysia (２００７年４月６日時点) (d)Syrian Arab Republic (２０１４年以降)
国連制裁委員会による指定日：２０１８年８月２３日（２０２３年１２月１４日及び 2024 年
２月７日に改訂）
その他の情報：イラクのアル・カーイダ(４５３．に指定した団体)としてリストに掲載され
ている ISIL(いわゆる「イスラム国」)の幹部。ISIL に登用され、テロ行為を実行するよう
オンラインビデオを通じて個人に対し指示した。死亡したと報告されている。身体的情
報：目の色は茶、髪の色は茶、肌の色は暗い。マレー語、英語及び一部アラビア語を
話す。国連安全保障理事会決議第２６１０号（２０２１年）に基づく見直しは２０２３年１
０月３０日に終了した。同人に対するインターポール（国際刑事警察機構）・国連安全
保障理事会特別手配書のウェブ・リンク：https://www.interpol.int/en/How-we-
work/Notices/View-UN-Notices-Individuals",EXTRACTED,REVIEW_REQUIRED,false,mofa-names-v1
126adf153bd520671b9de87b006de3863ebbbb907b1b3625168cdef117f4a794:UN:769,current_un,769,UN,,person,true,278;279,126adf153bd520671b9de87b006de3863ebbbb907b1b3625168cdef117f4a794,https://www.mofa.go.jp/mofaj/files/000015952.pdf,https://www.mofa.go.jp/mofaj/files/000015952.pdf#page=278,data/raw/mofa/126adf153bd520671b9de87b006de3863ebbbb907b1b3625168cdef117f4a794.pdf.gz,"７６９． ムハンメド・レザ・ラハマン・キラム（別名：(a)アブドゥル・ラフマン (b)アブー・ア
ブドゥル・ラフマン・アル・フィリピニ (c)アブトール・ラフマン）
MUHAMMED REZA LAHAMAN KIRAM (a.k.a.:(a)Abdul Rahman (b)Abu Abdul Rahman
al Filipini (c)Abtol Rahman)
称号：不明
役職：不明
生年月日：１９９０年３月３日
出生地：Zamboanga City, Zamboanga del Sur, Philippines
国籍：フィリピン
旅券番号：(a)フィリピン番号 XX3966391、２０１５年２月２５日発行（フィリピン外務省
発行、２０２０年２月２４日失効） (b)フィリピン番号 EC3524065
ＩＤ番号：不明
住所：(a)Brgy Recodo, Zamboanga City, Western Mindanao, Philippines (以前の住所)
(b)96 IlangIlang, Sarmiento Subdivision, Panabo, Davao City, Eastern Mindanao,
Philippines (以前の住所) (c)Syrian Arab Republic (２０１５年以降)
国連制裁委員会による指定日：２０１８年８月２３日（2024 年２月７日に改訂）
その他の情報：イラクのアル・カーイダ(４５３．に指定した団体)としてリストに掲載され
ている ISIL(いわゆる「イスラム国」)の幹部。ISIL に登用され、テロ行為を実行するよう
オンラインビデオを通じて個人に対し指示した。身体的情報：身長は１５６ｃｍ、体重は
６０ｋｇ（２０１６年９月時点）、目の色は黒、髪の色は黒、体格は中柄、頬骨が出ている。
タガログ語、英語及びアラビア語を話す。国連安全保障理事会決議第２６１０号（２０２
１年）に基づく見直しは２０２３年１０月３０日に終了した。同人に対するインターポール
（国際刑事警察機構）・国連安全保障理事会特別手配書のウェブ・リンク：
https://www.interpol.int/en/How-we-work/Notices/View-UN-Notices-Individuals",EXTRACTED,REVIEW_REQUIRED,false,mofa-names-v1
126adf153bd520671b9de87b006de3863ebbbb907b1b3625168cdef117f4a794:UN:770,current_un,770,UN,,entity,true,279,126adf153bd520671b9de87b006de3863ebbbb907b1b3625168cdef117f4a794,https://www.mofa.go.jp/mofaj/files/000015952.pdf,https://www.mofa.go.jp/mofaj/files/000015952.pdf#page=279,data/raw/mofa/126adf153bd520671b9de87b006de3863ebbbb907b1b3625168cdef117f4a794.pdf.gz,"７７０．ジャマーア・ヌスラ・アル・イスラーム・ワ・アル・ムス
リミーン（JNIM）
Jama'a Nusrat ul-Islam wa al-Muslimin (JNIM)(original script: م لاسلإا ةرصن ة عامج
نیملسملاو)
所在地：不明
国連制裁委員会による指定日：２０１８年１０月４日（2024 年２月７日に改訂）
その他の情報：アル・カーイダ（１６６．に指定した団体）、イスラム・マグレブ諸国のア
ル・カーイダ組織（１７３．に指定した団体）、アンサール・エッディーン（６３５．に指定し
た団体）及びアル・ムラービトゥーン（６４８．に指定した団体）と連携。マリ及びブルキ
ナファソにおいて活動。国連安全保障理事会決議第２６１０号（２０２１年）に基づく見
直しは２０２３年１０月３０日に終了した。同団体に対するインターポール（国際刑事警
察 機 構 ） ・ 国 連 安 全 保 障 理 事 会 特 別 手 配 書 の ウ ェ ブ ・ リ ン ク ：
https://www.interpol.int/en/How-we-work/Notices/View-UN-Notices-Entities",REVIEW_REQUIRED,REVIEW_REQUIRED,false,mofa-names-v1
126adf153bd520671b9de87b006de3863ebbbb907b1b3625168cdef117f4a794:UN:771,current_un,771,UN,,person,true,279;280,126adf153bd520671b9de87b006de3863ebbbb907b1b3625168cdef117f4a794,https://www.mofa.go.jp/mofaj/files/000015952.pdf,https://www.mofa.go.jp/mofaj/files/000015952.pdf#page=279,data/raw/mofa/126adf153bd520671b9de87b006de3863ebbbb907b1b3625168cdef117f4a794.pdf.gz,"７７１．アンジェム・チャウダリー（別名：アブ・ルクマン）
ANJEM CHOUDARY (a.k.a.: Abu Luqman)
称号：不明
役職：不明
生年月日：１９６７年１月１８日
出生地：Welling, London, United Kingdom of Great Britain and Northern Ireland
国籍：英国
旅券番号：英国旅券番号 516384722（グラスゴー旅券局より２０１３年５月６日発行、
２０２３年６月６日失効）
ＩＤ番号：不明
住所：London, United Kingdom of Great Britain and Northern Ireland
国連制裁委員会による指定日：２０１８年１０月１５日（２０１９年１０月１１日及び 2024
年２月７日に改訂）
その他の情報：２０１４年７月に、イラクのアル・カーイダ(４５３．に指定した団体)として
リストに掲載されている ISIL(いわゆる「イスラム国」)に忠誠を誓った。２０１４年９月に
英国において収監された後、２０１８年１０月に仮釈放され、２０２１年７月に刑期が終
了する。国連安全保障理事会決議第２６１０号（２０２１年）に基づく見直しは２０２３年
１０月３０日に終了した。同人に対するインターポール（国際刑事警察機構）・国連安
全保障理事会特別手配書のウェブ・リンク：https://www.interpol.int/en/How-we-
work/Notices /View-UN-Notices-Individuals",EXTRACTED,REVIEW_REQUIRED,false,mofa-names-v1
126adf153bd520671b9de87b006de3863ebbbb907b1b3625168cdef117f4a794:UN:772,current_un,772,UN,,person,true,280,126adf153bd520671b9de87b006de3863ebbbb907b1b3625168cdef117f4a794,https://www.mofa.go.jp/mofaj/files/000015952.pdf,https://www.mofa.go.jp/mofaj/files/000015952.pdf#page=280,data/raw/mofa/126adf153bd520671b9de87b006de3863ebbbb907b1b3625168cdef117f4a794.pdf.gz,"７７２．タハ・イブラヒム・アブダッラー・バクル・アル・フウェイト（別名：(a)ハッジ・アブデ
ルナーセル (b)ハッジ・アブド・アル・ナスル (c)ハッジ・アブド・アル・ナシル（以前掲
載の氏名) (d)タハ・アル・フウェイト (e)ムッラ・タハ (f)ムッラ・フウェイト）
TAHA IBRAHIM ABDALLAH BAKR AL KHUWAYT
(original script: تيوخ لا ركب الله دبع میهاربإ هط）
(a.k.a.: (a)Hajji Abdelnasser (b)Hajji Abd al-Nasr (c)Hajji 'Abd Al-Nasir (formerly listed
as) (d)Taha al-Khuwayt (e) Mullah Taha (f)Mullah Khuwayt)
称号：不明
役職：不明
生年月日：１９６５年から１９６９年の間
出生地：Tall 'Afar, Iraq
国籍：イラク
旅券番号：不明
ＩＤ番号：不明
住所：イラクの刑務所
国連制裁委員会による指定日：２０１８年１１月１９日（２０２２年５月２７日に改訂）
その他の情報：ISIL の al-Jazira 州の元知事 であり、シリア・アラブ共和国における
ISIL の軍事リーダー及び ISIL の活動に管理統制を及ぼす ISIL 弁務官委員会の議長
及びメンバー。２０１９年からイラクにて拘留中。写真はインターポール（国際刑事警
察機構）･国連安全保障理事会特別手配書に含まれているものを利用可能。同人に
対するインターポール（国際刑事警察機構）・国連安全保障理事会特別手配書のウェ
ブ ・ リ ン ク ： https://www.interpol.int/en/How-we-work/Notices/View-UN-Notices-
Individuals",REVIEW_REQUIRED,REVIEW_REQUIRED,false,mofa-names-v1
126adf153bd520671b9de87b006de3863ebbbb907b1b3625168cdef117f4a794:UN:773,current_un,773,UN,,person,true,280;281,126adf153bd520671b9de87b006de3863ebbbb907b1b3625168cdef117f4a794,https://www.mofa.go.jp/mofaj/files/000015952.pdf,https://www.mofa.go.jp/mofaj/files/000015952.pdf#page=280,data/raw/mofa/126adf153bd520671b9de87b006de3863ebbbb907b1b3625168cdef117f4a794.pdf.gz,"７７３．ハムザ・ウサマ・ムハンマド・ビン・ラーデン
HAMZA USAMA MUHAMMAD BIN LADEN
(original script: ن دلا نب دمحم ةماسأ ةزمح)
称号：不明
役職：不明
生年月日：１９８９年５月９日
出生地：Jeddah, Saudi Arabia
国籍：不明
旅券番号：不明
ＩＤ番号：不明
住所：不明
国連制裁委員会による指定日：２０１９年２月２８日（２０１９年３月１３日及び２０２５年
３月１１日に改訂）
その他の情報：ウサマ・ビン・ラーデン（死亡）の息子。アイマン・ムハンメド・ラビ・ア
ル・ザワヒリ（１５８．に指定した個人）により、アル・カーイダ（１６６．に指定した団体）
の正式メンバーとして発表された。テロ攻撃を実行するようアル・カーイダの支持者に
対し呼びかけた。アル・ザワヒリの最有力後継者とみられていた。２０１９年９月のアフ
ガニスタンとパキスタンの国境地帯における対テロ作戦により死亡したと報告されて
いる。同人に対するインターポール（国際刑事警察機構）・国連安全保障理事会特別
手配書のウェブ・リンク： https://www.interpol.int/en/How-we-work/Notices/View-
UN-Notices-Individuals",REVIEW_REQUIRED,REVIEW_REQUIRED,false,mofa-names-v1
126adf153bd520671b9de87b006de3863ebbbb907b1b3625168cdef117f4a794:UN:774,current_un,774,UN,,entity,true,281,126adf153bd520671b9de87b006de3863ebbbb907b1b3625168cdef117f4a794,https://www.mofa.go.jp/mofaj/files/000015952.pdf,https://www.mofa.go.jp/mofaj/files/000015952.pdf#page=281,data/raw/mofa/126adf153bd520671b9de87b006de3863ebbbb907b1b3625168cdef117f4a794.pdf.gz,"７７４．ターリク・ギダル・グループ(TGG)（別称：(a)テフリケ・タリバーン・ターリク・ギダ
ル・グループ (b)TTP・ターリク・ギダル・グループ (c)テフリーキ・タリバーン・パキスタ
ン・ギーダル・グループ (d)TTP・ギーダル・グループ (e)ターリク・ギーダル・グループ
(f)コマンダー・ターリク・アフリディ・グループ (g)ターリク・アフリディ・グループ (h)ター
リク・ギダル・アフリディ・グループ (i)ジ・エイジアン・タイガーズ）
TARIQ GIDAR GROUP (TGG)
(original script:پورگ ڑدیگ قراط) (a.k.a.: (a)TEHRIK-E-TALIBAN-TARIQ GIDAR GROUP
(b)TTP-TARIQ GIDAR GROUP (c)TEHREEK-I-TALIBAN PAKISTAN GEEDAR
GROUP (d)TTP GEEDAR GROUP (e)TARIQ GEEDAR GROUP (f)COMMANDER
TARIQ AFRIDI GROUP (g)TARIQ AFRIDI GROUP (h)TARIQ GIDAR AFRIDI GROUP
(i)THE ASIAN TIGERS)
所在地：Afghanistan/Pakistan border region
国連制裁委員会による指定日：２０１９年３月２２日
その他の情報：パキスタン・タリバーン運動（５９１．に指定した団体）の分派。２００７
年、パキスタンの連邦直轄部族地域（FATA）の Darra Adam Khel において結成。同団
体に対するインターポール（国際刑事警察機構）・国連安全保障理事会特別手配書
のウェブ・リンク：https://www.interpol.int/en/notice/search/une/xxxx",REVIEW_REQUIRED,REVIEW_REQUIRED,false,mofa-names-v1
126adf153bd520671b9de87b006de3863ebbbb907b1b3625168cdef117f4a794:UN:775,current_un,775,UN,,person,true,282,126adf153bd520671b9de87b006de3863ebbbb907b1b3625168cdef117f4a794,https://www.mofa.go.jp/mofaj/files/000015952.pdf,https://www.mofa.go.jp/mofaj/files/000015952.pdf#page=282,data/raw/mofa/126adf153bd520671b9de87b006de3863ebbbb907b1b3625168cdef117f4a794.pdf.gz,"７７５．モハンメド・マスード・アズハル・アルヴィ(別名：(a)マスド・アズハル(b)ワリ・アダ
ム・イサ(c)ワリ・アダム・エサ)
MOHAMMED MASOOD AZHAR ALVI
(original script: ی ولع رہظا دوعسم دمحم) (a.k.a.:(a) Masud Azhar (b) Wali Adam Isah (c)
Wali Adam Esah)
称号：不明
役職：不明
生年月日：（a）１９６８年７月１０日 (b)１９６８年６月１０日
出生地：Bahawalpur, Punjab Province, Pakistan
国籍：パキスタン
旅券番号：不明
ＩＤ番号：不明
住所：不明
国連制裁委員会による指定日：２０１９年５月１日
その他の情報：ジャイシ・モハンメド（別名：モハンメド軍）（１９２．に指定した団体）の
創始者。ハルカトゥル・ムジャヒディン（１６９．に指定した団体）の以前の指導者。同人
に対するインターポール（国際刑事警察機構）・国連安全保障理事会特別手配書の
ウェブ・リンク：https://www.interpol.int/en/notice/search/un/xxxx",REVIEW_REQUIRED,REVIEW_REQUIRED,false,mofa-names-v1
126adf153bd520671b9de87b006de3863ebbbb907b1b3625168cdef117f4a794:UN:776,current_un,776,UN,QDe.161,entity,true,282;283,126adf153bd520671b9de87b006de3863ebbbb907b1b3625168cdef117f4a794,https://www.mofa.go.jp/mofaj/files/000015952.pdf,https://www.mofa.go.jp/mofaj/files/000015952.pdf#page=282,data/raw/mofa/126adf153bd520671b9de87b006de3863ebbbb907b1b3625168cdef117f4a794.pdf.gz,"７７６．イラクとレバント地方のイスラム国ホラサン
ISLAMIC STATE IN IRAQ AND THE LEVANT-KHORASAN (ISIL-K)
国連参照番号：QDe.161
別名： ISIL ホラサン； イスラム国のホラサン州； ISIS ホラサン州； ISIL の南アジ
ア支部； ISIL に属する南アジア支部； イラクとアッシャームのイスラム国ホラサン
州； イラクとシリアのイスラム国ホラサン； ホラサン州のイラクとレバント地方のイス
ラム国； イスラム国フラサーン； ISIS-K； ISISK； IS ホラサン； IS ホラサン州
（ISKP）
ISIL KHORASAN; ISLAMIC STATE’S KHORASAN PROVINCE; ISIS WILAYAT
KHORASAN; ISIL’S SOUTH ASIA BRANCH; SOUTH ASIAN CHAPTER OF ISIL; The
Islamic State of Iraq and ash-Sham – Khorasan Province; The Islamic State of Iraq
and Syria – Khorasan; Islamic State of Iraq and Levant in Khorasan Province; Islamic
State Khurasan; ISIS-K; ISISK; IS-Khorasan; ISLAMIC STATE KHORASAN
PROVINCE (ISKP)
リスト掲載日：2019 年５月 14 日（2022 年４月１日及び 2026 年８月 14 日に改訂）
その他の情報：国連安全保障理事会決議に基づく見直しは 2024 年 11 月７日に終了
した。イラクとレバント地方のイスラム国ホラサン(ISIL-K)は、2015 年１月 10 日にパキ
スタン・タリバーン運動（５９１．に指定した団体）のかつての司令官により組織され、イ
ラクのアル・カーイダ(４５３．に指定した団体)としてリストに掲載されているイラクとレ
バント地方のイスラム国(ISIL)に忠誠を誓ったかつてのタリバーン派司令官らにより設
立された。ISIL-K は、アフガニスタン及びパキスタンでの複数の攻撃に関する犯行声
明を出した。同団体に対するインターポール（国際刑事警察機構）・国連安全保障理
事会特別手配書のウェブ・リンク：
https://www.interpol.int/en/How-we-work/Notices/View-UN-Notices-
Entities#2019-54448",REVIEW_REQUIRED,REVIEW_REQUIRED,false,mofa-names-v1
126adf153bd520671b9de87b006de3863ebbbb907b1b3625168cdef117f4a794:UN:777,current_un,777,UN,,person,true,283,126adf153bd520671b9de87b006de3863ebbbb907b1b3625168cdef117f4a794,https://www.mofa.go.jp/mofaj/files/000015952.pdf,https://www.mofa.go.jp/mofaj/files/000015952.pdf#page=283,data/raw/mofa/126adf153bd520671b9de87b006de3863ebbbb907b1b3625168cdef117f4a794.pdf.gz,"７７７．アリ・マイチョウ(別名：(a) アブドゥルラフマーン・アル・マグレビ(b) アブドゥルラ
フマーン・レ・マロケン(c)アブ・アブドゥルラフマーン・サンハジ
ALI MAYCHOU
(original script: ي لع ام وشی ) (a.k.a.:(a)Abderahmane al Maghrebi(b)Abderrahmane le
Marocain(c)Abou Abderahmane Sanhaji)
称号：不明
役職：不明
生年月日：１９８３年５月２５日
出生地：Taza, Morocco
国籍：モロッコ
旅券番号：モロッコ旅券 V06359364
ID 番号：モロッコ国民 ID カード AB704306
住所：マリ
国連制裁委員会による指定日：２０１９年８月１４日
その他の情報：イスラム・マグレブ諸国のアル・カーイダ組織（１７３．に指定した団体）、
アンサール・エッディーン（６３５．に指定した団体）及びジャマーア・ヌスラトゥル・イス
ラーム・ワ・アル・ムスリミン（７７０．に指定した団体）のメンバー。身体的情報：身長１
８５cm、体重８０kg。同人に対するインターポール（国際刑事警察機構） ・国連安全保
障 理 事 会 特 別 手 配 書 の ウ ェ ブ ・ リ ン ク ： https://www.interpol.int/en/How-we-
work/Notices/View-UN-Notices-Individuals",REVIEW_REQUIRED,REVIEW_REQUIRED,false,mofa-names-v1
126adf153bd520671b9de87b006de3863ebbbb907b1b3625168cdef117f4a794:UN:778,current_un,778,UN,,person,true,283;284,126adf153bd520671b9de87b006de3863ebbbb907b1b3625168cdef117f4a794,https://www.mofa.go.jp/mofaj/files/000015952.pdf,https://www.mofa.go.jp/mofaj/files/000015952.pdf#page=283,data/raw/mofa/126adf153bd520671b9de87b006de3863ebbbb907b1b3625168cdef117f4a794.pdf.gz,"７７８．バー・アグ・ムーサ（別名：(a)アグ・モッサ(b)アミ・サーリム）
BAH AG MOUSSA
(a.k.a.:(a)Ag Mossa(b)Ammi Salim)
称号：不明
役職：不明
生年月日：(a)１９５８年１月１日 (b)１９５２年１２月３１日 (c)１９５６年１０月２８日
出生地：不明
国籍：マリ
旅券番号：不明
ＩＤ番号：不明
住所：不明
国連制裁委員会による指定日：２０１９年８月１４日(２０１９年８月２０日及び２０２３年３
月１５日に改訂）
その他の情報：アンサール・エッディーン（６３５．に指定した団体）の設立メンバーで、
ジャマーア・ヌスラトゥル・ イスラーム・ワ・アル・ムスリミン（７７０．に指定した団体）の
作戦指導者。国連安全保障理事会決議第２６１０号（２０２１年）に基づく見直しは２０
２２年１１月８日に終了した。同人に対するインターポール（国際刑事警察機構）・国連
安全保障理事会特別手配書のウェブ・リンク：https://www.interpol.int/en/How-we-
work/Notices/View-UN-Notices-Individuals",EXTRACTED,REVIEW_REQUIRED,false,mofa-names-v1
126adf153bd520671b9de87b006de3863ebbbb907b1b3625168cdef117f4a794:UN:779,current_un,779,UN,,person,true,284,126adf153bd520671b9de87b006de3863ebbbb907b1b3625168cdef117f4a794,https://www.mofa.go.jp/mofaj/files/000015952.pdf,https://www.mofa.go.jp/mofaj/files/000015952.pdf#page=284,data/raw/mofa/126adf153bd520671b9de87b006de3863ebbbb907b1b3625168cdef117f4a794.pdf.gz,"７７９．アマドゥ・クファ（別名：(a)アマドゥ・バリー (b)アマドゥ・クファ (c)ハマドゥン・クフ
ァ (d)ハマドゥン・クファ (e)ハマドゥ・クファ (f)ハマドゥ・クファ）
AMADOU KOUFA (a.k.a.:(a)Amadou Barry (b)Amadou Kouffa (c)Hamadoun Koufa
(d)Hamadoun Kouffa (e)Hamadou Koufa (f)Hamadou Kouffa)
称号：不明
役職：不明
生年月日：１９５８年頃
出生地：Koufa, Mali
国籍：不明
旅券番号：不明
ＩＤ番号：不明
住所：Mali
国連制裁委員会による指定日：２０２０年２月４日
その他の情報：ジャマーア・ヌスラ・アル・イスラーム・ワ・アル・ムスリミーン（７７０．に
指定した団体）のマシナ大隊（Katiba Macina）の創立者で、イスラム・マグレブ諸国の
アル・カーイダ組織（１７３．に指定した団体）の幹部。目の色：茶、髪の毛：黒。同人に
対するインターポール（国際刑事警察機構）・国連安全保障理事会特別手配書のウェ
ブ ・ リ ン ク ： https://www.interpol.int/en/How-we-work/Notices/View-UN-Notices-
Individuals",EXTRACTED,REVIEW_REQUIRED,false,mofa-names-v1
126adf153bd520671b9de87b006de3863ebbbb907b1b3625168cdef117f4a794:UN:780,current_un,780,UN,,entity,true,284;285,126adf153bd520671b9de87b006de3863ebbbb907b1b3625168cdef117f4a794,https://www.mofa.go.jp/mofaj/files/000015952.pdf,https://www.mofa.go.jp/mofaj/files/000015952.pdf#page=284,data/raw/mofa/126adf153bd520671b9de87b006de3863ebbbb907b1b3625168cdef117f4a794.pdf.gz,"７８０．イスラム国西アフリカ州(ISWAP)（別称：(a)イラクとレバント地方のイスラム国西
アフリカ(ISIL-WA) (b)イラクとシリアのイスラム国西アフリカ(ISIS-WA) (c)イラクとシリ
アのイスラム国西アフリカ州(ISISWAP) (d)イラクとレバント地方のイスラム国西アフリ
カ
ISLAMIC STATE WEST AFRICA PROVINCE (ISWAP)
(a.k.a.:(a)Islamic State in Iraq and the Levant-West Africa (ISIL-WA) (b)Islamic State
of Iraq and Syria-West Africa (ISIS-WA) (c)Islamic State of Iraq and Syria West Africa
Province (ISISWAP) (d)Islamic State of Iraq and the Levant-West Africa)
旧称：不明
所在地：不明
国連制裁委員会による指定日：２０２０年２月２３日
その他の情報：イラクのアル・カーイダ（４５３．に指定した団体）としてリストに掲載さ
れているイラクとレバント地方のイスラム国（ISIL）と関係がある。２０１５年３月にアブ
バカル・シェカウ（６４９．に指定した個人）により設立された。ジャマトゥ・アフリス・スン
ナ・リッダァワティ・ワル・ジハード（ボコ・ハラム）（６４５．に指定した団体）の分派。ナイ
ジェリアにおけるテロ攻撃に関与した。同団体に対するインターポール（国際刑事警
察 機 構 ） ・ 国 連 安 全 保 障 理 事 会 特 別 手 配 書 の ウ ェ ブ ・ リ ン ク ：
https://www.interpol.int/en/How-we-work/Notices /View-UN-Notices-Entities",REVIEW_REQUIRED,REVIEW_REQUIRED,false,mofa-names-v1
126adf153bd520671b9de87b006de3863ebbbb907b1b3625168cdef117f4a794:UN:781,current_un,781,UN,,entity,true,285,126adf153bd520671b9de87b006de3863ebbbb907b1b3625168cdef117f4a794,https://www.mofa.go.jp/mofaj/files/000015952.pdf,https://www.mofa.go.jp/mofaj/files/000015952.pdf#page=285,data/raw/mofa/126adf153bd520671b9de87b006de3863ebbbb907b1b3625168cdef117f4a794.pdf.gz,"７８１．大サハラのイスラム国(ISGS)（別称：(a)大サハラのイラクとシリアのイスラム国
(ISIS-GS) (b)大サハラのイラクとシリアのイスラム国(ISIS-GS) (C)大サハラのイラクと
レバント地方のイスラム国(ISIL-GS) (d)大サヘルのイスラム国 (e)大サヘルの ISIS (f)
大サハラの ISIS (g)イスラミック・サヘルの ISIS
ISLAMIC STATE IN THE GREATER SAHARA (ISGS) (a.k.a.:(a)Islamic State in Iraq and
Syria-Greater Sahara (ISIS-GS) (b)Islamic State of Iraq and Syria-Greater Sahara
(ISIS-GS) (c)Islamic State of Iraq and the Levant-Greater Sahara (ISIL-GS) (d)Islamic
State of the Greater Sahel (e)ISIS in the Greater Sahel (f)ISIS in the Greater Sahara
(g)ISIS in the Islamic Sahel
旧称：不明
所在地：不明
国連制裁委員会による指定日：２０２０年２月２３日
その他の情報：２０１５年３月にアドナーン・アブー・ワリード・アル・サハラウィ（７６６．
に指定した個人）により設立。イラクのアル・カーイダ（４５３．に指定した団体）としてリ
ストに掲載されているイラクとレバント地方のイスラム国と関係がある。アル・ムラービ
トゥーン（６４８．に指定した団体）の分派。マリ、ニジェール及びブルキナファソにおけ
るテロ攻撃に関与した。同団体に対するインターポール（国際刑事警察機構）・国連
安全保障理事会特別手配書のウェブ・リンク：https://www.interpol.int/en/How-we-
work/Notices/View-UN-Notices-Entities",REVIEW_REQUIRED,REVIEW_REQUIRED,false,mofa-names-v1
126adf153bd520671b9de87b006de3863ebbbb907b1b3625168cdef117f4a794:UN:782,current_un,782,UN,,entity,true,285;286,126adf153bd520671b9de87b006de3863ebbbb907b1b3625168cdef117f4a794,https://www.mofa.go.jp/mofaj/files/000015952.pdf,https://www.mofa.go.jp/mofaj/files/000015952.pdf#page=285,data/raw/mofa/126adf153bd520671b9de87b006de3863ebbbb907b1b3625168cdef117f4a794.pdf.gz,"７８２. ジャマー・アンシャルット・ダウラ(別称：(a)ジェマー・アンショルット・ダウラ (b)
ジャマー・アンシャルット・ダウラット
JAMAAH ANSHARUT DAULAH
(a.k.a.: (a)Jemaah Anshorut Daulah (b)Jamaah Ansharut Daulat)
旧称：不明
所在地：不明
国連制裁委員会による指定日：２０２０年３月４日
その他の情報：２０１５年に当時のISIL指導者アブー・バクル・アル・バグダーディへの
忠誠を表明したインドネシアの過激主義者グループの上部組織として設立された。イ
ラクのアル・カーイダ（４５３．に指定した団体）としてリストに掲載されているイラクとレ
バント地方のイスラム国と関係がある。同団体に対するインターポール（国際刑事警
察 機 構 ） ・ 国 連 安 全 保 障 理 事 会 特 別 手 配 書 の ウ ェ ブ ・ リ ン ク ：
https://www.interpol.int/en/How-we-work/Notices /View-UN-Notices-Entities",REVIEW_REQUIRED,REVIEW_REQUIRED,false,mofa-names-v1
126adf153bd520671b9de87b006de3863ebbbb907b1b3625168cdef117f4a794:UN:783,current_un,783,UN,,entity,true,286,126adf153bd520671b9de87b006de3863ebbbb907b1b3625168cdef117f4a794,https://www.mofa.go.jp/mofaj/files/000015952.pdf,https://www.mofa.go.jp/mofaj/files/000015952.pdf#page=286,data/raw/mofa/126adf153bd520671b9de87b006de3863ebbbb907b1b3625168cdef117f4a794.pdf.gz,"７８３． イラクとレバント地方のイスラム国リビア（別称：(a)リビアのイラクとレバント地
方のイスラム国 (b)バルカ州 (c) フェッザーン州 (d)トリポリタニア州 (e) タラーブル
ス州 (f)アル・タラーブルス州
ISLAMIC STATE IN IRAQ AND THE LEVANT-LIBYA
(original script: ة لودلا ةیملاسلإا ي ف قارعلا م اشلاو - ایبیل)
(a.k.a.: (a)Islamic state of Iraq and the Levant in Libya (b)Wilayat Barqa (c)Wilayat
Fezzan (d)Wilayat Tripolitania (e)Wilayat Tarablus (f)Wilayat Al-Tarablus)
旧称：不明
所在地：不明
国連制裁委員会による指定日：２０２０年３月４日
その他の情報：２０１４年１１月にイブラヒーム・アッワード・イブラヒーム・アリー・アル・
バドリー・アル・サマッライ（６００．に指定した個人）としてリストに掲載されているアブ
ー・バクル・アル・バグダーディの表明に基づき設立された。イラクのアル・カーイダ（４
５３．に指定した団体）としてリストに掲載されているイラクとレバント地方のイスラム国
と関係がある。同団体に対するインターポール（国際刑事警察機構）・国連安全保障
理事会特別手配書のウェブ・リンク：https://www.interpol.int/en/ How- we-work
/Notices/View-UN-Notices-Entities",REVIEW_REQUIRED,REVIEW_REQUIRED,false,mofa-names-v1
126adf153bd520671b9de87b006de3863ebbbb907b1b3625168cdef117f4a794:UN:784,current_un,784,UN,,entity,true,286,126adf153bd520671b9de87b006de3863ebbbb907b1b3625168cdef117f4a794,https://www.mofa.go.jp/mofaj/files/000015952.pdf,https://www.mofa.go.jp/mofaj/files/000015952.pdf#page=286,data/raw/mofa/126adf153bd520671b9de87b006de3863ebbbb907b1b3625168cdef117f4a794.pdf.gz,"７８４． イラクとレバント地方のイスラム国イエメン（別称：(a)イエメンのイラクとレバン
ト地方のイスラム国 (b)イエメンのイスラム国 (c)イエメンの ISIL (d)イエメンの ISIS (e)
アル・イエメン州、イエメン州
ISLAMIC STATE IN IRAQ AND THE LEVANT-YEMEN
(original script: ة لودلا ةیملاسلإا ي ف قارعلا م اشلاو - نمیلا)
(a.k.a.: (a)Islamic State of Iraq and the Levant of Yemen (b)Islamic State in Yemen
(c)ISIL in Yemen (d)ISIS in Yemen (e)Wilayat al-Yemen, Province of Yemen)
旧称：不明
所在地：不明
国連制裁委員会による指定日：２０２０年３月４日
その他の情報：２０１４年１１月にイブラヒーム・アッワード・イブラヒーム・アリー・アル・
バドリー・アル・サマッライ（６００．に指定した個人）としてリストに掲載されているアブ
ー・バクル・アル・バグダーディが忠誠の誓いを受諾したことに基づき設立された。イラ
クのアル・カーイダ（４５３．に指定した団体）としてリストに掲載されているイラクとレバ
ント地方のイスラム国と関係がある。同団体に対するインターポール（国際刑事警察
機構）・国連安全保障理事会特別手配書のウェブ・リンク：https:// www.interpol.int/
en/How-we-work/Notices/View-UN-Notices-Entities",REVIEW_REQUIRED,REVIEW_REQUIRED,false,mofa-names-v1
126adf153bd520671b9de87b006de3863ebbbb907b1b3625168cdef117f4a794:UN:785,current_un,785,UN,,person,true,287,126adf153bd520671b9de87b006de3863ebbbb907b1b3625168cdef117f4a794,https://www.mofa.go.jp/mofaj/files/000015952.pdf,https://www.mofa.go.jp/mofaj/files/000015952.pdf#page=287,data/raw/mofa/126adf153bd520671b9de87b006de3863ebbbb907b1b3625168cdef117f4a794.pdf.gz,"７８５.アミール・ムハンマド・サイード・アブダル・ラフマン・アル・サルビー（別名：(a)ア
ブ・イブラヒム・アル・ハシミ・アル・クラシ(b)ハッジ・アブダッラー(c)アブ・ウマル・アル・
トゥルクマニ(d)アブドゥッラー・カリダッシュ(e)アブ・アブドゥッラー・カリダッシュ(f)アル・
ハッジ・アブドゥッラー・カリダッシュ(g)ハッジ・アブドゥッラー・アル・アファリ(h)アブドゥ
ル・アミール・ムハンマド・サイード・サルビ(i)ムハンマド・サイード・アブドゥ・アル・ラフ
マン・アル・マウラ(j)アミール・ムハンマド・サイード・アブドゥ・アル・ラフマン・ムハンマ
ド・アル・ムラ(k)アミール・ムハンマド・サイード・アブダル・ラフマン・アル・マウラ（以前
掲載の氏名)(l)アル・ウスターズ(m)ウスターズ・アフマド）
Amir Muhammad Sa’id Abdal-Rahman al-Salbi
(original script: يبلسلا نمحرلا دبع دیعس دمحم ریمأ)
(a.k.a.:(a)Abu Ibrahim al-Hashimi al-Qurashi(b)Hajji Abdallah(c)Abu ‘Umar al-
Turkmani(d)Abdullah Qardash(e) Abu ‘Abdullah Qardash(f)al-Hajj Abdullah
Qardash(g)Hajji Abdullah Al-Afari(h)`Abdul Amir Muhammad Sa'id Salbi(i)Muhammad
Sa'id `Abd-al-Rahman al-Mawla(j)Amir Muhammad Sa’id ‘Abd-al-Rahman
Muhammad al-Mula(k)Amir Muhammad Sa’id Abdal-Rahman al-Mawla(previously
listed as)(l)Al-Ustadh(m)Ustadh Ahmad)
称号：不明
役職：不明
生年月日：(a)１９７６年１０月５日(b)１９７６年１０月１日(c)１９７６年１月６日
出生地：(a)Tall’Afar, Iraq(b)Mosul, Iraq
国籍：イラク
旅券番号：不明
ＩＤ番号：00278640（２０１２年５月２日発行）
住所：(a)House 110, Street 704, District 704, Tall ‘Afar, Iraq (以前の住所) (b)near
Shahid Mazen Mosque and al-Khansa Hospital, Mosul, Iraq (以前の住所) (c)Idlib,
Syrian Arab Republic
国連制裁委員会による指定日：２０２０年５月２１日（２０２２年５月２７日に改訂）
その他の情報：イラクのアル・カーイダ（４５３．に指定した団体）としてリストに掲載さ
れているイラクとレバント地方のイスラム国（ISIL）の指導者。母親の氏名：Samira
Shareef (فيرش ةریمس)又は Sahra Sharif Abd al-Qader (رداقلا دبع فيرش ةرهس)。身長は 170cm、
右脚は切断されている。写真はインターポール（国際刑事警察機構）･国連安全保障
理事会特別手配書に含まれているものを利用可能。逮捕状がイラク政府により２０１
８年に発行された。２０２２年２月３日時点で死亡したと報告されている。同人に対する
インターポール（国際刑事警察機構）・国連安全保障理事会特別手配書のウェブ・リ
ンク：https://www.interpol.int/en/How-we-work/Notices/View-UN-Notices-
Individuals",REVIEW_REQUIRED,REVIEW_REQUIRED,false,mofa-names-v1
126adf153bd520671b9de87b006de3863ebbbb907b1b3625168cdef117f4a794:UN:786,current_un,786,UN,,person,true,287;288,126adf153bd520671b9de87b006de3863ebbbb907b1b3625168cdef117f4a794,https://www.mofa.go.jp/mofaj/files/000015952.pdf,https://www.mofa.go.jp/mofaj/files/000015952.pdf#page=287,data/raw/mofa/126adf153bd520671b9de87b006de3863ebbbb907b1b3625168cdef117f4a794.pdf.gz,"７８６. ヌール・ワリ・メへスード（別名：アブ・マンスール・アシム）
NOOR WALI MEHSUD
(a.k.a.:Abu Mansoor Asim)
称号：Mufti（ムフティ）
役職：不明
生年月日：１９７８年６月２６日
出生地：Gurguray, Pakistan
国籍：パキスタン
旅券番号：不明
ＩＤ番号：不明
住所：Lamman, District Barmal, Paktika Province, Afghanistan (２０２２年１１月２６日
時点)
国連制裁委員会による指定日：２０２０年７月１６日（２０２３年１２月１９日及び 2024 年
２月７日に改訂）
その他の情報: パキスタン・タリバーン運動（５９１．に指定した団体） の以前の指導
者マウラナ・ファズルッラー（６９１．に指定した個人）死亡後のパキスタン・タリバーン
運動の指導者。国連安全保障理事会決議第２６１０号（２０２１年）に基づく見直しは２
０２３年１０月３０日に終了した。同人に対するインターポール（国際刑事警察機構）・
国連安全保障理事会特別手配書のウェブ・リンク：https://www.interpol.int/en/How-
we-work/Notices/View-UN-Notices-Individuals",EXTRACTED,REVIEW_REQUIRED,false,mofa-names-v1
126adf153bd520671b9de87b006de3863ebbbb907b1b3625168cdef117f4a794:UN:787,current_un,787,UN,,person,true,288;289,126adf153bd520671b9de87b006de3863ebbbb907b1b3625168cdef117f4a794,https://www.mofa.go.jp/mofaj/files/000015952.pdf,https://www.mofa.go.jp/mofaj/files/000015952.pdf#page=288,data/raw/mofa/126adf153bd520671b9de87b006de3863ebbbb907b1b3625168cdef117f4a794.pdf.gz,"７８７. ジャマール・フセイン・ハッサン・ズィーニー（別名：(a)ジャマール・フセイン・ザイ
ニーヤ(b)アブー・マリク・エル・タレハ (c)アブー・フセイン (d)アブー・マリク・アル・アン
サーリ (e)アブー・マリク・アル・シャミー(f)アブー・マリク・アル・タリ）
JAMAL HUSSEIN HASSAN ZEINIYE
(original script: لامج نیسح نسح هینيز)
(a.k.a.:(a)Jamal Husayn Zayniyah (b)Abu Malek El Talleh (c)Abu Hussein (d)abu-Malik
al-Ansari (e)Abu-Malik al-Shami (f)Abu-Malik al-Talli)
称号：不明
役職：不明
生年月日：(a)１９７２年８月１７日 (b)１９７２年１月１日
出生地：(a)Benghazi, Libya (b)Al Tall, Syrian Arab Republic (c)Tell Mnin, Syrian Arab
Republic
国籍：シリア・アラブ共和国
旅券番号：シリア旅券 3987189
ＩＤ番号：(a)13080011550 (b)シリア ID カード 5877002 (２０１１年５月２５日発行)
住所：(a)シリア・アラブ共和国 (b)Arsal, Bekaa, Lebanon
国連制裁委員会による指定日：２０２０年１０月８日
その他の情報：シリア・アラブ共和国西カラムーン地区における、レバントの人々のた
めのアル・ヌスラ戦線（６４４．に指定した団体）の指導者。母親の名前は Amina
Tohmeh。同人に対するインターポール（国際刑事警察機構）・国連安全保障理事会
特別手配書のウェブ・リンク：https://www.interpol.int/en/How-we-work/Notices
/View-UN-Notices-Individuals",REVIEW_REQUIRED,REVIEW_REQUIRED,false,mofa-names-v1
126adf153bd520671b9de87b006de3863ebbbb907b1b3625168cdef117f4a794:UN:788,current_un,788,UN,,person,true,289,126adf153bd520671b9de87b006de3863ebbbb907b1b3625168cdef117f4a794,https://www.mofa.go.jp/mofaj/files/000015952.pdf,https://www.mofa.go.jp/mofaj/files/000015952.pdf#page=289,data/raw/mofa/126adf153bd520671b9de87b006de3863ebbbb907b1b3625168cdef117f4a794.pdf.gz,"７８８．モハンマド・アリ・アル・ハッボ（別名：(a)モハマド・アブドゥルカリム (b)ムハンマ
ド・アブド・アル・カリム (c)アル・ヘボ(d)アル・ハブ (e)アルホボ (f)ハボ (g)ヘッボ (h)
ハブ）
MOHAMMAD ALI AL HABBO
(original script:دمحم ي لع وبحلا)
(a.k.a.:(a)Mohamad Abdulkarim (b)Muhammad Abd-al-Karim (c)Al-Hebo (d)Al-Habu
(e)Alhobo (f)Habo (g)Hebbo (h)Habu)
称号：不明
役職：不明
生年月日：(a)１９８３年１０月１日 (b)１９８３年３月１５日 (c)１９８０年１月１日
出生地：Raqqa, Syrian Arab Republic
国籍：シリア・アラブ共和国
旅券番号：シリア旅券 00814L001424
ＩＤ番号：(a)シリア ID カード 10716775 (b)シリア ID カード 2020316097 (c)シリア ID カー
ド 2020409266
住所：(a)Gazantiep, Turkey (２０１６年以降) (b) Raqqa, Syrian Arab Republic
国連制裁委員会による指定日：２０２１年６月１７日
その他の情報：イラクのアル・カーイダ（４５３．に指定した団体）としてリストに掲載さ
れているイラクとレバント地方のイスラム国（ISIL）に対する金銭的サービス又はこの
団体を支援する金銭的サービスを提供する、トルコを拠点とする便宜供与者。同人に
対するインターポール（国際刑事警察機構）・国連安全保障理事会特別手配書のウェ
ブ・リンク：https://www.interpol.int/en/How-we-work/Notices/View-UN-Notices-
Individuals",REVIEW_REQUIRED,REVIEW_REQUIRED,false,mofa-names-v1
126adf153bd520671b9de87b006de3863ebbbb907b1b3625168cdef117f4a794:UN:789,current_un,789,UN,,person,true,289;290,126adf153bd520671b9de87b006de3863ebbbb907b1b3625168cdef117f4a794,https://www.mofa.go.jp/mofaj/files/000015952.pdf,https://www.mofa.go.jp/mofaj/files/000015952.pdf#page=289,data/raw/mofa/126adf153bd520671b9de87b006de3863ebbbb907b1b3625168cdef117f4a794.pdf.gz,"７８９. エムラーン・アリ（別名：アブ・ジハード ・TNT ）
EMRAAN ALI
(a.k.a.:Abu Jihad TNT)
称号：不明
役職：不明
生年月日：１９６７年７月４日
出生地：Rio Claro, Trinidad and Tobago
国籍：(a)トリニダード・トバゴ共和国 (b)アメリカ合衆国
旅券番号：(a)トリニダード・トバゴ共和国旅券 TB162181（２０１５年１月２７日発行、２
０２０年１月２６日失効） (b)アメリカ合衆国旅券 420985453（２０１７年２月６日失効）
ＩＤ番号：トリニダード・トバゴ共和国 19670704052
住所：(a)United States of America (in detention, Federal Detention Center - Miami,
Register Number: 10423-509) (b)#12 Rio Claro Mayaro Road, Rio Claro, Trinidad and
Tobago (previous location 2008-March 2015) (c)#7 GUAYAGUAYARE Road, Rio
Claro, Trinidad and Tobago (previous location circa 2003) (d)United States of
America (previous location- January 1991-2008)
国連制裁委員会による指定日：２０２１年１１月２３日（２０２２年４月１日に改訂）
その他の情報：イラクのアル・カーイダ（４５３．に指定した団体）としてリストに掲載さ
れているイラクとレバント地方のイスラム国（ISIL）の幹部。ISIL に登用され、テロ行為
を実行するよう個人に対し指示した。
身体的情報：身長は１７６ｃｍ、体重は７３ｋｇ、体格は中柄、目の色は茶、髪の色は黒
／薄毛、肌の色は茶。英語を話す。同人に対するインターポール（国際刑事警察機
構）・国連安全保障理事会特別手配書のウェブ・リンク：
https://www.interpol.int/en/How-we-work/Notices/View-UN-Notices-Individuals",REVIEW_REQUIRED,REVIEW_REQUIRED,false,mofa-names-v1
126adf153bd520671b9de87b006de3863ebbbb907b1b3625168cdef117f4a794:UN:790,current_un,790,UN,QDi.431,person,true,290;291,126adf153bd520671b9de87b006de3863ebbbb907b1b3625168cdef117f4a794,https://www.mofa.go.jp/mofaj/files/000015952.pdf,https://www.mofa.go.jp/mofaj/files/000015952.pdf#page=290,data/raw/mofa/126adf153bd520671b9de87b006de3863ebbbb907b1b3625168cdef117f4a794.pdf.gz,"７９０. サナウッラー・ガファーリー
SANAULLAH GHAFARI
(original script: یرافغ الله ء انث)
国連参照番号：QDi.431
称号：博士
Dr.
生年月日：1994/10/28; 1990/５/24
出生地：Mir Bacha, Kot District, Kabul Province, Afghanistan
別名：シャハブ・アル・ムハジル博士； シャハブ・ムハジェル； シャハブ・モハジル； シ
ャハブ・マハジャル； シハブ・アル・ムハジル； シハブ・ムハジェル； シハブ・モハジ
ル； シハブ・マハジャル
Dr. Shahab al Muhajir; Shahab Muhajer; Shahab Mohajir; Shahab Mahajar; Shihab al
Muhajir; Shihab Muhajer; Shihab Mohajir; Shihab Mahajar
国籍：アフガニスタン
Afghanistan
旅券番号：アフガニスタン旅券 O1503093 （アフガニスタンの Kabul にて 2016 年 ８月
25 日発行、2021 年８月 25 日失効）
住所等：Afghanistan (2021 年); Kunduz, Afghanistan (以前のもの)
リスト掲載日：2021 年 12 月 21 日（2024 年４月 25 日及び 2026 年９月４日に改訂）
その他の情報：イラクとレバント地方のイスラム国ホラサン(ISIL-K)（776．に指定した
団体）の指導者。情報技術の専門家。父の名前は Abdul Jabbar。祖父の名前は
Abdul Ghaffar。写真はインターポール（国際刑事警察機構）・国連安全保障理事会特
別手配書に含まれているものを利用可能。同人に対するインターポール・国連安全
保障理事会特別手配書のウェブ・リンク：https://www.interpol.int/en/How-we-
work/Notices/View-UN-Notices-Individuals",REVIEW_REQUIRED,REVIEW_REQUIRED,false,mofa-names-v1
126adf153bd520671b9de87b006de3863ebbbb907b1b3625168cdef117f4a794:UN:791,current_un,791,UN,,person,true,291,126adf153bd520671b9de87b006de3863ebbbb907b1b3625168cdef117f4a794,https://www.mofa.go.jp/mofaj/files/000015952.pdf,https://www.mofa.go.jp/mofaj/files/000015952.pdf#page=291,data/raw/mofa/126adf153bd520671b9de87b006de3863ebbbb907b1b3625168cdef117f4a794.pdf.gz,"７９１. アシュラフ・アル・キーザーニー（別名：(a)アシュラフ・アル・ギザニ (b)アブ・ウ
バイダ・ アル・カフィ(c)アチレフ・ベン・フェティ・ベン・マブルーク・ギザニ(d)アチラフ・
ベン・ファティ・ベン・マブルーク・ギザニ）
ASHRAF AL-QIZANI
(original script: ينازیقلا فرشأ )
(a.k.a.: (a) Ashraf al-Gizani (b) Abu ‘Ubaydah al-Kafi (c) Achref Ben Fethi Ben
Mabrouk Guizani (d) Achraf Ben Fathi Ben Mabrouk Guizani)
称号：不明
役職：不明
生年月日：１９９１年１０月５日
出生地：El Gouazine, Dahmani, Governorate of Le Kef, Tunisia
国籍：チュニジア
旅券番号：不明
ＩＤ番号：13601334（チュニジア）
住所：不明
国連制裁委員会による指定日：２０２１年１２月２９日
その他の情報：イラクのアル・カーイダ（４５３．に指定した団体）としてリストに掲載さ
れているイラクとレバント地方のイスラム国（ISIL）の幹部。ISIL に勧誘され、テロ行為
を実行するようオンライン・ビデオを通じて個人に対し指示した。同人に対するインタ
ーポール（国際刑事警察機構）・国連安全保障理事会特別手配書のウェブ・リンク：
https://www.interpol.int/en/How-we-work/Notices/View-UN-Notices-Individuals",REVIEW_REQUIRED,REVIEW_REQUIRED,false,mofa-names-v1
126adf153bd520671b9de87b006de3863ebbbb907b1b3625168cdef117f4a794:UN:792,current_un,792,UN,,entity,true,291;292,126adf153bd520671b9de87b006de3863ebbbb907b1b3625168cdef117f4a794,https://www.mofa.go.jp/mofaj/files/000015952.pdf,https://www.mofa.go.jp/mofaj/files/000015952.pdf#page=291,data/raw/mofa/126adf153bd520671b9de87b006de3863ebbbb907b1b3625168cdef117f4a794.pdf.gz,"７９２. チュニジアのカリフ国家の戦士（JAK-T）（別称：(a)チュニジアの ISIL (b)チュニ
ジア州の ISIL (c)ソルジャーズ・オブ・ザ・カリフェイト (d)ジュンド・アル・ヒラーファ (e)
ジュンド・アル・ヒラーファ (f)ジュンド・アル・ヒラーファ・フィ・チュニス (g)ソルジャー
ズ・オブ・ザ・カリフェイト・イン・チュニジア (h)タラ・イ・ジュンド・アル・ヒラーファ (i)ソル
ジャーズ・オブ・ザ・カリフェイトの先駆者集団 (j)ダーイシュ・チュニジア (k)アジナド）
JUND AL-KHILAFAH IN TUNISIA (JAK-T)
(original script: سنوت يف ةفلاخلا دنج )
(a.k.a.: (a) ISIL-Tunisia (b) ISIL-Tunisia Province (c) Soldiers of the Caliphate (d)
Jund al-Khilafa (e) Jund al Khilafah (f) Jund al-Khilafah fi Tunis (g) Soldiers of the
Caliphate in Tunisia (h) Tala I Jund al-Khilafah (i) Vanguards of the Soldiers of the
Caliphate (j) Daesh Tunisia (k)Ajnad
旧称：不明
所在地：不明
国連制裁委員会による指定日：２０２１年１２月２９日
その他の情報：２０１４年１１月に設立された。イラクのアル・カーイダ（４５３．に指定し
た団体）としてリストに掲載されているイラクとレバント地方のイスラム国と関係があ
る。同団体に対するインターポール（国際刑事警察機構）・国連安全保障理事会特別
手配書のウェブ・リンク：https://www.interpol.int/en/How-we-work/Notices/View-
UN-Notices-Entities",REVIEW_REQUIRED,REVIEW_REQUIRED,false,mofa-names-v1
126adf153bd520671b9de87b006de3863ebbbb907b1b3625168cdef117f4a794:UN:793,current_un,793,UN,,entity,true,292,126adf153bd520671b9de87b006de3863ebbbb907b1b3625168cdef117f4a794,https://www.mofa.go.jp/mofaj/files/000015952.pdf,https://www.mofa.go.jp/mofaj/files/000015952.pdf#page=292,data/raw/mofa/126adf153bd520671b9de87b006de3863ebbbb907b1b3625168cdef117f4a794.pdf.gz,"７９３. カティーバ ・アル・タウヒード ・ワル・ジハード (KTJ)
(別称：(a)ジャナット・オシクラリ (b)ジャマーアート ・アル・タウヒード・ワル・ジハード)
(旧称: ジャナット・オシクラリ)
KHATIBA AL-TAWHID WAL-JIHAD (KTJ)
(original script: Катиба ат-Таухид валь-Джихад)
(a.k.a.: (a)JANNAT OSHIKLARI (b)Jama`at al-Tawhid wal-Jihad)
(f.k.a.: JANNAT OSHIKLARI)
所在地：不明
国連制裁委員会による指定日：２０２２年３月７日
その他の情報：カティーバ・アル・タウヒード・ワル・ジハード (かつてジャナット・オシク
ラリとして知られていた。)は、国際テロ組織であるレバントの人々のためのアル・ヌス
ラ戦線（６４４．に指定した団体）の傘下で活動しているテロ組織である。同団体は、主
にシリア・アラブ共和国のハマ県、イドリブ県、ラタキア県で活動するが、トルコ、キル
ギスタン、ウズベキスタン、ロシア連邦、タジキスタン、カザフスタン、エジプト、アフガ
ニスタン、ウクライナでも活動している。KTＪの戦闘員数は約 500 である。ＫＴＪは、カ
ティーバ・イマーム・アル・ブハリ（７６３．に指定した団体）及びイスラミック・ジハード・
グループ（４６３．に指定した団体）のようなテロ組織とも協力している。同団体に対す
るインターポール（国際刑事警察機構）・国連安全保障理事会特別手配書のウェブ・
リンク：https://www.interpol.int/en/How-we-work/Notices/View-UN-Notices-
Entities",EXTRACTED,REVIEW_REQUIRED,false,mofa-names-v1
126adf153bd520671b9de87b006de3863ebbbb907b1b3625168cdef117f4a794:UN:794,current_un,794,UN,,unknown,false,292,126adf153bd520671b9de87b006de3863ebbbb907b1b3625168cdef117f4a794,https://www.mofa.go.jp/mofaj/files/000015952.pdf,https://www.mofa.go.jp/mofaj/files/000015952.pdf#page=292,data/raw/mofa/126adf153bd520671b9de87b006de3863ebbbb907b1b3625168cdef117f4a794.pdf.gz,７９４. ※２０２６年５月２７日解除,HISTORICAL,REVIEW_REQUIRED,false,mofa-names-v1
126adf153bd520671b9de87b006de3863ebbbb907b1b3625168cdef117f4a794:UN:795,current_un,795,UN,,entity,true,293,126adf153bd520671b9de87b006de3863ebbbb907b1b3625168cdef117f4a794,https://www.mofa.go.jp/mofaj/files/000015952.pdf,https://www.mofa.go.jp/mofaj/files/000015952.pdf#page=293,data/raw/mofa/126adf153bd520671b9de87b006de3863ebbbb907b1b3625168cdef117f4a794.pdf.gz,"（重複）７９５. 東南アジアのイラクとレバント地方のイスラム国（ISIL-SEA、ISIL 東南
アジア）（別称：(a)イスラム国東アジア支部(b)ダウラツル・イスラミーヤ・ワリヤツル・マ
シュリク）
Islamic State In Iraq And the Levant In South-East Asia (ISIL-SEA, ISIL-South East
Asia)
(original script：不明)
(a.k.a.: (a)Islamic State East Asia Division (b)Dawlatul Islamiyah Waliyatul Mashriq)
旧称：不明
所在地：不明
国連制裁委員会による指定日：２０２３年１月２７日
その他の情報：２０１６年６月、故・イスニロン・ハピロン（４７７．に指定した個人）によ
る宣言に基づき設立された。イラクのアル・カーイダ（４５３．に指定した団体）としてリ
ストに掲載されているイラクとレバント地方のイスラム国と関係がある。同団体に対す
るインターポール（国際刑事警察機構）・国連安全保障理事会特別手配書のウェブ・
リンク：https://www.interpol.int/en/How-we-work/Notices/View-UN-Notices-
Entities",EXTRACTED,REVIEW_REQUIRED,false,mofa-names-v1
126adf153bd520671b9de87b006de3863ebbbb907b1b3625168cdef117f4a794:UN:796,current_un,796,UN,,person,true,293,126adf153bd520671b9de87b006de3863ebbbb907b1b3625168cdef117f4a794,https://www.mofa.go.jp/mofaj/files/000015952.pdf,https://www.mofa.go.jp/mofaj/files/000015952.pdf#page=293,data/raw/mofa/126adf153bd520671b9de87b006de3863ebbbb907b1b3625168cdef117f4a794.pdf.gz,"７９６. マウラウィ ・ラジャブ (別名：マウラウィ・ラジャブ・サラフディン )
MAULAWI RAJAB
(original script：不明)
(a.k.a.: Maulawi Rajab Salahudin)
称号：不明
役職：不明
生年月日：１９７６年
出生地：アフガニスタン
国籍：アフガニスタン
旅券番号：不明
ＩＤ番号：不明
住所：Paghman District, Kabul Province, Afghanistan
国連制裁委員会による指定日：２０２３年４月２６日
その他の情報：イラクとレバント地方のイスラム国ホラサン(ISIL-K) (７７６.に指定した
団体)の上級幹部 （Senior leader）。同人に対するインターポール（国際刑事警察機
構 ） ・ 国 連 安 全 保 障 理 事 会 特 別 手 配 書 の ウ ェ ブ ・ リ ン ク ：
https://www.interpol.int/en/How-we-work/Notices/View-UN-Notices-Individuals",EXTRACTED,REVIEW_REQUIRED,false,mofa-names-v1
126adf153bd520671b9de87b006de3863ebbbb907b1b3625168cdef117f4a794:UN:797,current_un,797,UN,,person,true,293;294,126adf153bd520671b9de87b006de3863ebbbb907b1b3625168cdef117f4a794,https://www.mofa.go.jp/mofaj/files/000015952.pdf,https://www.mofa.go.jp/mofaj/files/000015952.pdf#page=293,data/raw/mofa/126adf153bd520671b9de87b006de3863ebbbb907b1b3625168cdef117f4a794.pdf.gz,"７９７. スルタン ・アズィーズ ・アザム
SULTAN AZIZ AZAM
(original script：不明)
(a.k.a.: 不明)
称号：不明
役職：不明
生年月日：１９８５年
出生地：アフガニスタン
国籍：アフガニスタン
旅券番号：不明
ＩＤ番号：不明
住所： アフガニスタン
国連制裁委員会による指定日：２０２３年４月２６日
その他の情報：イラクとレバント地方のイスラム国ホラサン(ISIL-K) (７７６.に指定した
団体)の報道官 (Spokesperson)。同人に対するインターポール（国際刑事警察機
構 ） ・ 国 連 安 全 保 障 理 事 会 特 別 手 配 書 の ウ ェ ブ ・ リ ン ク ：
https://www.interpol.int/en/How-we-work/Notices/View-UN-Notices-Individuals",EXTRACTED,REVIEW_REQUIRED,false,mofa-names-v1
126adf153bd520671b9de87b006de3863ebbbb907b1b3625168cdef117f4a794:UN:798,current_un,798,UN,QDi.436,person,true,294;295,126adf153bd520671b9de87b006de3863ebbbb907b1b3625168cdef117f4a794,https://www.mofa.go.jp/mofaj/files/000015952.pdf,https://www.mofa.go.jp/mofaj/files/000015952.pdf#page=294,data/raw/mofa/126adf153bd520671b9de87b006de3863ebbbb907b1b3625168cdef117f4a794.pdf.gz,"７９８. アブバカ・スワレ
ABUBAKAR SWALLEH
国連参照番号：QDi.436
生年月日：1992/１/13; 1993/３/16
出生地：Mengo, Uganda
別名：アブバカ・スワレ； トム・キユリゲ； アイザック・ムペタ
ABUBAKER SWALEH; TOM KIYURIGE; ISAAC MUPETA
国籍：ウガンダ共和国
Uganda
旅券番号：ウガンダ旅券 A00195974（2029 年 12 月 16 日に失効）
身分登録番号：ウガンダ ID 番号 CM920231090NZA； ザンビア ID 番号 Z15105123
（2020 年８月５日発行、1993 年５月９日、ザンビアの Lusaka 生まれの Isaac Mupeta
名義として登録番号 102523/29/1 を用いて不正に取得された）
住所等：Luzira Prison, Luzira, Kampala, Uganda
リスト掲載日：2025 年６月 16 日（2026 年８月 14 日及び９月４日に改訂）
その他の情報：イラクのアル・カーイダ（453．に指定した団体）として掲載されている
ISILに対して、またはその支援として、資金、物資もしくは技術支援または資金その他
のサービスを提供。同人は 2018 年以降、ISIL の仲介者として、東部及び南部アフリカ
において、資金提供や物流支援、勧誘を含めて ISIL を支援してきた。 電話番号は
+963936016952。性別は男性。写真は INTERPOL・国連安全保障理事会特別手配書
に含まれているものを利用可能。同人に対するインターポール（国際刑事警察機
構 ） ・ 国 連 安 全 保 障 理 事 会 特別 手 配書のウェブ・ リ ン ク：
https://www.interpol.int/en/How-we-work/Notices/View-UN-Notices-
Individuals#2025-47413",EXTRACTED,REVIEW_REQUIRED,false,mofa-names-v1
126adf153bd520671b9de87b006de3863ebbbb907b1b3625168cdef117f4a794:UN:799,current_un,799,UN,QDi.437,person,true,295,126adf153bd520671b9de87b006de3863ebbbb907b1b3625168cdef117f4a794,https://www.mofa.go.jp/mofaj/files/000015952.pdf,https://www.mofa.go.jp/mofaj/files/000015952.pdf#page=295,data/raw/mofa/126adf153bd520671b9de87b006de3863ebbbb907b1b3625168cdef117f4a794.pdf.gz,"７９９. サーミー・ジャシム・ムハンマド・ジャータル・ジャブリ
SAMI JASIM MUHAMMAD JAATA AL-JABURI
(original script: يروبجلا ةطاعج دمحم مساج يماس )
国連参照番号：QDi.437
生年月日：1974/7/1
出生地：イラク
Iraq
別名：ムスタファ・アドナーン ・アル・アジーズ 【アラビア語】 （身分登録番号
9080002892、シリア・アラブ共和国が発行、母親の名前は Dahiyah al-Mulhim、生年月
日：1973 年 1 月 1 日、出生地：Albu Kamal, Syria）; ムスタファ・アドナーン・アル・アジ
ーズ（トルコ在住登録番号 4118、2019 年 1 月 15 日発行）
Mustafa Adnan al-Aziz زیزعلا ناندع ىفطﺻم (National Identification card no.
9080002892, issued by the Syrian Arab Republic, mother’s name Dahiyah al-Mulhim,
DOB: 1 Jan. 1973, POB: Albu Kamal, Syria); Mustafa Adnan al-Azeez (Turkish
Residency Card no. 4118 issued on 15 Jan. 2019)
確定に十分でない別名：サーミー ・アル・アジュズ ; ハッジ ・ハミド
Sami al-Ajuz; Hajji Hamid
国籍：イラク
Iraq
住所等：Iraq
リスト掲載日：２０２６年３月２６日
その他の情報：イラクのアル・カーイダ（４５３．に指定した団体）としてリストに掲載さ
れている ISIL（ダーイシュ） において、ISIL の財務、物資面および資金源の監督を含
む複数の業務に従事していたと考えられている。いわゆる「代行委員会（Delegated
Committee）」のメンバーでもあり、同委員会は ISIL（ダーイシュ）の意思決定機関であ
る。ISIL が領域を支配していた期間中、治安部隊に対する複数のテロ作戦に参加し、
石油精製品の密輸にも関与していた。母親の名前は A’ishah Hasan。性別：男性。身
体的情報：目の色は黒、髪の色は黒。写真はインターポール（国際刑事警察機構）・
国連安全保障理事会特別手配書に含まれているものを利用可能。同人に対するイン
ターポール（国際刑事警察機構）・国連安全保障理事会特別手配書のウェブ・リンク：
https://www.interpol.int/en/How-we-work/Notices/View-UN-Notices-Individuals.",REVIEW_REQUIRED,REVIEW_REQUIRED,false,mofa-names-v1
126adf153bd520671b9de87b006de3863ebbbb907b1b3625168cdef117f4a794:UN:800,current_un,800,UN,QDi.438,person,true,295;296,126adf153bd520671b9de87b006de3863ebbbb907b1b3625168cdef117f4a794,https://www.mofa.go.jp/mofaj/files/000015952.pdf,https://www.mofa.go.jp/mofaj/files/000015952.pdf#page=295,data/raw/mofa/126adf153bd520671b9de87b006de3863ebbbb907b1b3625168cdef117f4a794.pdf.gz,"８００. アブド・エル ・ハミド ・サリム ・イブラヒム ・ブルカン ・アル・カトゥーニ
ABD EL HAMID SALIM IBRAHIM BRUKAN AL-KHATOUNI
(original script: ينوتاخلا ناكورب میهاربإ ملاس دیمحلا د بع)
国連参照番号：QDi.438
生年月日：1970/9/1
出生地：イラク
Iraq
別名：アブ ・オマル ・アル・サルラフ
Abu Omar Al Sarraf
国籍：イラク
Iraq
住所等：Iraq
リスト掲載日：２０２６年３月２６日
その他の情報： イラクのアル・カーイダ（４５３．に指定した団体）としてリストに掲載さ
れている ISIL（ダーイシュ） において、財務管理責任者として上級幹部をつとめた。母
親の名前は Khadija Hattab Ismail。性別：男性。同人に対するインターポール（国際刑
事 警 察 機 構 ） ・ 国 連 安 全 保 障 理 事 会 特 別 手 配 書 の ウ ェ ブ ・ リ ン ク ：
https://www.interpol.int/en/How-we-work/Notices/View-UN-Notices-Individuals.",REVIEW_REQUIRED,REVIEW_REQUIRED,false,mofa-names-v1
126adf153bd520671b9de87b006de3863ebbbb907b1b3625168cdef117f4a794:UN:801,current_un,801,UN,QDi.439,person,true,296,126adf153bd520671b9de87b006de3863ebbbb907b1b3625168cdef117f4a794,https://www.mofa.go.jp/mofaj/files/000015952.pdf,https://www.mofa.go.jp/mofaj/files/000015952.pdf#page=296,data/raw/mofa/126adf153bd520671b9de87b006de3863ebbbb907b1b3625168cdef117f4a794.pdf.gz,"８０１. ハミーダ・ナバガラ
HAMIDA NABAGGALA
(original script: لااجابان ةدیمح)
国連参照番号：QDi.439
生年月日：1989/２/23
出生地：ウガンダ
Uganda
確定に十分でない別名：ナバッガラ； ナバッガカ； ハミーダ； ハミーダ
Nabaggala; Nabaggaka; Hamida; Hamidah
国籍：ウガンダ
Uganda
身分登録番号：ウガンダ ID 番号 CF89095102DDAE（2025 年３月 27 日に失効）
住所等：Democratic Republic of the Congo
リスト掲載日：2026 年３月 30 日（2026 年７月８日及び８月 14 日に改訂）
その他の情報：中央アフリカにおける ISIL の資金調達チャネルで仲介役を務め、2021
年にウガンダの首都カンパラで発生した爆破事件への資金提供の罪で起訴され、ウ
ガンダにいる自身の３人の子どもをコンゴ民主共和国にあるISILのキャンプへ行かせ
るため、彼らに行くよう強要しようとした。性別：女性。写真は INTERPOL・国連安全保
障理事会特別手配書に含まれているものを利用可能。同人に対するインターポール
（国際刑事警察機構）・国連安全保障理事会特別手配書のウェブ・リンク：
https://www.interpol.int/en/How-we-work/Notices/View-UN-Notices-Individuals#2026-
23487.",REVIEW_REQUIRED,REVIEW_REQUIRED,false,mofa-names-v1
6df97c2058ad83f1bc7d79c4be28955bdf76e57b068e93fcf080824e6e3b1f68:I:1,current_1373,1,I,,entity,true,1;2,6df97c2058ad83f1bc7d79c4be28955bdf76e57b068e93fcf080824e6e3b1f68,https://www.mofa.go.jp/mofaj/files/100037860.pdf,https://www.mofa.go.jp/mofaj/files/100037860.pdf#page=1,data/raw/mofa/6df97c2058ad83f1bc7d79c4be28955bdf76e57b068e93fcf080824e6e3b1f68.pdf.gz,"1. （（重複）１８６．）アル・ラシード信託（別称：(a)アル・ラシード信託(b)アル・ラシード信
託(c)アル・ラシード信託（d）ウレマ援助組織（パキスタン）(e)アル・アミン福祉信託(f)ア
ル・アミン信託(g)アル・アミーン信託(h)アル・アミーン信託(i)アル・マディナ信託(j)アル・
マディナ信託）
AL RASHID TRUST (a.k.a.: (a)Al-Rasheed Trust (b) Al Rasheed Trust (c)Al-Rashid
Trust (d)Aid Organization of the Ulema, Pakistan (e)Al Amin Welfare Trust (f)Al Amin
Trust (g)Al Ameen Trust (h)Al-Ameen Trust (i)Al Madina Trust (j)Al-Madina Trust)
旧称：不明
所在地：(a)Kitas Ghar, Nazimabad 4, Dahgel-Iftah, Karachi, Pakistan (b)Jamia Maajid,
Sulalman Park, Melgium Pura, Lahore, Pakistan (c)Office Dha’rbi-M’unin, Opposite
Khyber Bank, Abbottabad Road, Mansehra, Pakistan (d)Office Dha’rbi-M’unin ZR
Brothers, Katcherry Road, Chowk Yadgaar, Peshawar, Pakistan (e)Office Dha’rbi-
M’unin, Rm No. 3, Moti Plaza, Near Liaquat Bagh, Muree Road, Rawalpindi, Pakistan
(f)Office Dha’rbi-M’unin, Top Floor, Dr. Dawa Khan Dental Clinic Surgeon, Main Baxae,
Mingora, Swat, Pakistan (g)Kitab Ghar, Darul Ifta Wal Irshad, Nazimabad No. 4, Karachi,
Pakistan, Phone 6683301; Phone 0300-8209199; Fax 6623814 (h)302b-40, Good Earth
Court, Opposite Pia Planitarium, Block 13a, Gulshan -I Igbal, Karachi, Pakistan; Phone
4979263 (i)617 Clifton Center, Block 5, 6th Floor, Clifton, Karachi, Pakistan; Phone 587-
2545 (j)605 Landmark Plaza, 11 Chundrigar Road, Opposite Jang Building, Karachi,
Pakistan; Phone 2623818-19 (k)Jamia Masjid, Sulaiman Park, Begum Pura, Lahore,
Pakistan; Phone 042-6812081
国連制裁委員会による指定日：２００１年１０月６日（２００８年１０月２１日、１２月１０日、
２０１１年１２月１３日、２０１９年１２月６日及び２０２３年１２月１９日に改訂）
その他の情報：現存しないと報告されている。本部はパキスタンにあった。アフガニスタ
ン（Herat Jalalabad、Kabul、Kandahar 及び Mazar Sherif）において活動。コソヴォ及び
チェチェンにおいても活動。アル・カーイダ及びタリバーンの資金調達に関与している。
この団体は、２００８年１０月２１日まで、国連の資産凍結措置対象者リストに掲載され
ていたウレマ援助組織（２００２年４月２４日に制裁対象リストに掲載され２００６年７月２
５日に改訂された。）の名称の下でも掲載されていた。２００８年１０月２１日、アル・ラシ
ード信託及びウレマ援助組織をこの団体に統合した。国連の資産凍結措置対象者リス
トに掲載されていたムフティ・ラシド・アフマド・ラディヤノイによって設立された。国連の
資産凍結措置対象者リストに掲載されているジャイシ・モハンメドと関係がある。２００１
年１０月からパキスタンにおいて活動が禁止された。２０２３年１１月時点で、アル・ラシ
ード信託名義での活動は確認されていない。国連安全保障理事会決議第１８２２号（２
００８年）に基づく見直しは２０１０年５月６日に終了した。国連安全保障理事会決議第２
３６８号（２０１７年）に基づく見直しは２０１９年１２月４日に終了した。同団体に対するイ
ンターポール（国際刑事警察機構）・国連安全保障理事会特別手配書のウェブ・リンク：
https://www.interpol.int/en/How-we-work/Notices/View-UN-Notices-Entities",REVIEW_REQUIRED,REVIEW_REQUIRED,false,mofa-names-v1
6df97c2058ad83f1bc7d79c4be28955bdf76e57b068e93fcf080824e6e3b1f68:I:2,current_1373,2,I,,unknown,false,2,6df97c2058ad83f1bc7d79c4be28955bdf76e57b068e93fcf080824e6e3b1f68,https://www.mofa.go.jp/mofaj/files/100037860.pdf,https://www.mofa.go.jp/mofaj/files/100037860.pdf#page=2,data/raw/mofa/6df97c2058ad83f1bc7d79c4be28955bdf76e57b068e93fcf080824e6e3b1f68.pdf.gz,２． 削除（２００８年３月２６日）,HISTORICAL,REVIEW_REQUIRED,false,mofa-names-v1
6df97c2058ad83f1bc7d79c4be28955bdf76e57b068e93fcf080824e6e3b1f68:I:3,current_1373,3,I,QDi.065,person,true,2;3,6df97c2058ad83f1bc7d79c4be28955bdf76e57b068e93fcf080824e6e3b1f68,https://www.mofa.go.jp/mofaj/files/100037860.pdf,https://www.mofa.go.jp/mofaj/files/100037860.pdf#page=2,data/raw/mofa/6df97c2058ad83f1bc7d79c4be28955bdf76e57b068e93fcf080824e6e3b1f68.pdf.gz,"３．（（重複）２９０．）アブド・エル・カーデル・マフムード・モハメド・エッサイード
ABD EL KADER MAHMOUD MOHAMED EL SAYED
(original script: ﺪﻴﺴﻟﺍ ﺪﻤﺤﻣ ﺩﻮﻤﺤﻣ ﺭﺩﺎﻘﻟﺍ ﺪﺒﻋ）
国連参照番号：QDi.065
生年月日：1962/12/26
出生地： エジプト
Egypt
別名：エッサイード、カーデル; アブデル・カーデル・マフムード・モハメド・エッサイード
Es Sayed, Kader; Abdel Khader Mahmoud Mohamed el Sayed
国籍：エジプト
Egypt
リスト掲載日：２００２年４月２４日（２００４年１１月２６日、２００７年６月７日、２０１１年５
月１６日、２０１９年５月１日、２０２１年１１月１５日、２０２５年１０月６日、１０月２１日改
訂）
その他の情報：Italian Fiscal Code（イタリア納税者番号）: SSYBLK62T26Z336L。２００４
年２月２日にイタリアで懲役８年の判決を受けた。イタリア当局による裁判から逃亡中と
考えられている。２０１２年に殺害されたと報告されている。国連安全保障理事会決議
第１８２２号（２００８年）に基づく見直しは２０１０年４月２２日に終了した。国連安全保障
理事会決議第２２５３号（２０１５年）に基づく見直しは２０１９年２月２１日に終了した。同
人に対するインターポール（国際刑事警察機構） ・国連安全保障理事会特別手配書の
ウェブ・リンク： https://www.interpol.int/en/How-we-work/Notices/View-UN-
Notices-Individuals",REVIEW_REQUIRED,REVIEW_REQUIRED,false,mofa-names-v1
6df97c2058ad83f1bc7d79c4be28955bdf76e57b068e93fcf080824e6e3b1f68:I:4,current_1373,4,I,,person,true,3,6df97c2058ad83f1bc7d79c4be28955bdf76e57b068e93fcf080824e6e3b1f68,https://www.mofa.go.jp/mofaj/files/100037860.pdf,https://www.mofa.go.jp/mofaj/files/100037860.pdf#page=3,data/raw/mofa/6df97c2058ad83f1bc7d79c4be28955bdf76e57b068e93fcf080824e6e3b1f68.pdf.gz,"４．（（重複）２９１．）ハーリド・アブド・アル・ラフマン・ハムド・アル・ファワズ（別名：(a)ハ
ーレド・アル・フォワズ (b)ハーレド・Ａ・アル・フォワズ (c)ハーリド・アル・ファッワーズ
(d)ハーリク・アル・ファッワーズ (e)ハーレド・アル・ファッワーズ (f)ハーレド・アル・ファ
ッワーズ (g)ハーリド・アブドゥルラフマン・Ｈ・アル・ファワズ (h)アブ・ハーリル）
KHALID ABD AL-RAHMAN HAMD AL-FAWAZ
(original script: ﺯﺍﻮﻔﻟﺍ ﺪﻤﺣ ﻦﻤﺣﺮﻟﺍ ﺪﺒﻋ ﺪﻟﺎﺧ)
(a.k.a.: (a)Khaled Al-Fauwaz (b)Khaled A. Al-Fauwaz (c)Khalid Al-Fawwaz (d)Khalik Al
Fawwaz (e)Khaled Al-Fawwaz (f)Khaled Al Fawwaz (g)Khalid Abdulrahman H. Al Fawaz
(h)Abu-Khalil)
称号：不明
役職：不明
生年月日：１９６２年８月２４日
出生地：クウェート
国籍：サウジアラビア
旅券番号：４５６６８２ （１９９０年１１月６日発行，１９９５年９月１３日失効）
ＩＤ番号：不明
住所：米国
国連制裁委員会による指定日：２００２年４月２４日（２００４年１１月２６日、２００７年４月
２３日，２０１０年１０月２１日、２０１４年８月４日、２０１９年１２月６日及び２０２３年１２月
１４日に改訂）
その他の情報：２０１２年１０月５日に英国から米国に引き渡された。国連安全保障理
事会決議第１８２２号（２００８年）に基づく見直しは２０１０年４月２２日に終了した。国連
安全保障理事会決議第２３６８号（２０１７年）に基づく見直しは２０１９年１２月４日に終
了した。同人に対するインターポール（国際刑事警察機構）・国連安全保障理事会特別
手配書のウェブ・リンク：https://www.interpol.int/en/How-we-work/Notices/View-
UN-Notices-Individuals",REVIEW_REQUIRED,REVIEW_REQUIRED,false,mofa-names-v1
6df97c2058ad83f1bc7d79c4be28955bdf76e57b068e93fcf080824e6e3b1f68:I:5,current_1373,5,I,,person,true,3;4,6df97c2058ad83f1bc7d79c4be28955bdf76e57b068e93fcf080824e6e3b1f68,https://www.mofa.go.jp/mofaj/files/100037860.pdf,https://www.mofa.go.jp/mofaj/files/100037860.pdf#page=3,data/raw/mofa/6df97c2058ad83f1bc7d79c4be28955bdf76e57b068e93fcf080824e6e3b1f68.pdf.gz,"５．（（重複）２９２．）モスタファ・カーメル・モスタファ・イブラヒム（別名：(a)ムスタファ・カ
ーメル・ムスタファ (b)アダム・ラムジ・イアマン (c)カーメル・ムスタファ・ムスタファ (d)ム
スタファ・カーメル・ムスタファ (e)アブー・ハムザ (f)モスタファ・カーメル・モスタファ (g)ア
ブー・ハムザ・アル・マスリー (h)アブー・ハムザ (i)アブー・ハムザ・アル・ミスリー）
MOSTAFA KAMEL MOSTAFA IBRAHIM
(original script: ﻢﻴﻫﺍﺮﺑﺍ ﻰﻔﻄﺼﻣ ﻝﺎﻤﻛ ﻰﻔﻄﺼﻣ) (a.k.a.: (a)Mustafa Kamel Mustafa (b)Adam
Ramsey Eaman (c)Kamel Mustapha Mustapha (d)Mustapha Kamel Mustapha (e)Abu
Hamza (f)Mostafa Kamel Mostafa (g)Abu Hamza Al-Masri (h)Abu Hamza (i)Abu Hamza
Al-Misri)
称号：不明
役職：不明
生年月日：１９５８年４月１５日
出生地：Alexandria, Egypt
国籍：英国
旅券番号：不明
ＩＤ番号：不明
住所：米国
国連制裁委員会による指定日：２００２年４月２４日（２００４年１１月２６日、２００６年７月
２５日、２００８年３月１４日，２０１０年１０月２１日、２０１４年８月４日及び２０１９年１２月
６日に改訂）
その他の情報：２０１２年１０月５日に英国から米国に引き渡された。２０１４年５月に米
国裁判所において，テロの罪で有罪判決を受けた。国連安全保障理事会決議第１８２
２号（２００８年）に基づく見直しは２０１０年４月２２日に終了した。国連安全保障理事会
決議第２３６８号（２０１７年）に基づく見直しは２０１９年１２月４日に終了した。同人に対
するインターポール（国際刑事警察機構）・国連安全保障理事会特別手配書のウェブ・
リンク：https://www.interpol.int/en/How-we-work/Notices/View-UN-Notices-
Individuals",REVIEW_REQUIRED,REVIEW_REQUIRED,false,mofa-names-v1
6df97c2058ad83f1bc7d79c4be28955bdf76e57b068e93fcf080824e6e3b1f68:I:6,current_1373,6,I,,person,true,4;5,6df97c2058ad83f1bc7d79c4be28955bdf76e57b068e93fcf080824e6e3b1f68,https://www.mofa.go.jp/mofaj/files/100037860.pdf,https://www.mofa.go.jp/mofaj/files/100037860.pdf#page=4,data/raw/mofa/6df97c2058ad83f1bc7d79c4be28955bdf76e57b068e93fcf080824e6e3b1f68.pdf.gz,"６．（（重複）２９３．）モハメド・ラクハル（別名：(a)ラセド・ベン・ヘニ（1969年2月5日リビア
国トリポリにて出生）(b)アル・アサド・ベン・ハニ（1969年2月5日リビア国トリポリにて出
生）(c)モハメド・ベン・ベルガーシム・アワーニー(d)モハメド・アワーニー（1970年2月5日
チュニジア国チュニスにて出生）(以前掲載の氏名)(e)モハメド・アブ・アブダ(f)アブ・オベ
イダ）
MOHAMED LAKHAL (original script: ﻞﺤﻜﻟ ﺪﻤﺤﻣ)
(a.k.a.: (a)Lased Ben Heni, born 5 Feb. 1969 in Tripoli, Libyan Arab Jamahiriya (b)Al-
As’ad Ben Hani, born 5 Feb. 1969 in Tripoli, Libyan Arab Jamahiriya (c)Mohamed Ben
Belgacem Awani (d)Mohamed Aouani, born 5 Feb. 1970 in Tunis, Tunisia(formerly
listed as) (e)Mohamed Abu Abda (f)Abu Obeida)
称号：不明
役職：不明
生年月日：１９７０年２月５日
出生地：Tunis, Tunisia
国籍：チュニジア
旅券番号：不明
ＩＤ番号：チュニジア国民ID番号 W374031（2011年4月11日発行）
住所：不明
国連制裁委員会による指定日：２００２年４月２４日（２００４年１１月２６日、２００５年９月
９日、２００６年７月３１日、２０１０年１２月２３日、２０１４年１１月２４日及び２０１９年１２
月６日に改訂）
その他の情報：化学教授。２００６年８月２７日にイタリアからチュニジアに追放された。
２０１４年に名字をAouaniからLakhalに法的に変更した。国連安全保障理事会決議第１
８２２号（２００８年）に基づく見直しは２０１０年４月２２日に終了した。国連安全保障理
事会決議第２３６８号（２０１７年）に基づく見直しは２０１９年１２月４日に終了した。同人
に対するインターポール（国際刑事警察機構）・国連安全保障理事会特別手配書のウ
ェブ・リンク：https://www.interpol.int/en/How-we-work/Notices/View-UN-Notices-
Individuals",REVIEW_REQUIRED,REVIEW_REQUIRED,false,mofa-names-v1
6df97c2058ad83f1bc7d79c4be28955bdf76e57b068e93fcf080824e6e3b1f68:I:7,current_1373,7,I,,person,true,5;6,6df97c2058ad83f1bc7d79c4be28955bdf76e57b068e93fcf080824e6e3b1f68,https://www.mofa.go.jp/mofaj/files/100037860.pdf,https://www.mofa.go.jp/mofaj/files/100037860.pdf#page=5,data/raw/mofa/6df97c2058ad83f1bc7d79c4be28955bdf76e57b068e93fcf080824e6e3b1f68.pdf.gz,"７．（（重複）２９４．）モハメド・ベン・ベルガーシム・ベン・アブダッラー・アル・アワーディ
ー（別名：(a)モハメド・ベン・ベルカーシム・アワーディー(b)ファタヒ・ハンナチ）
MOHAMED BEN BELGACEM BEN ABDALLAH AL-AOUADI
(original script: ﻱﺩﺍﻮﻌﻟﺍ ﷲ ﺪﺒﻋ ﻦﺑ ﻢﺳﺎﻘﻠﺑ ﻦﺑ ﺪﻤﺤﻣ) （a.k.a.: (a)Mohamed Ben Belkacem Aouadi
(b)Fathi Hannachi）
称号：不明
役職：不明
生年月日：１９７４年１２月１１日
出生地：Tunis, Tunisia
国籍：チュニジア
旅券番号：チュニジア旅券 L 191609（１９９６年２月２８日発行、２００１年２月２７日失
効）
ＩＤ番号：(a)04643632（１９９９年６月１８日発行） (b) Italian Fiscal Code（イタリア納税者
番号）: DAOMMD74T11Z352Z
住所： 50th Street, Number 23, Zehrouni, Tunis, Tunisia
国連制裁委員会による指定日：２００２年４月２４日（２００３年４月１０日、２００４年１１月
２６日、２００５年９月９日、１２月２０日、２００６年７月３１日、２００７年６月７日、２０１０
年１２月２３日、２０１４年１１月２４日、２０１６年２月２３日及び２０１９年１２月６日に改
訂）
その他の情報：チュニジアのアンサール・アル・シャリア（AAS-T）のセキュリティ部門
長。母の名前はウリダ・ビント・モハメド（Ourida Bint Mohamed）。２００４年１２月１日に
イタリアからチュニジアに追放された。２０１３年８月にチュニジアで逮捕された。２０１３
年９月１３日にBurj al- ‘Amiriの民間刑務所に投獄された。国連安全保障理事会決議
第１８２２号（２００８年）に基づく見直しは２０１０年４月２２日に終了した。国連安全保障
理事会決議第２３６８号（２０１７年）に基づく見直しは２０１９年１２月４日に終了した。同
人に対するインターポール（国際刑事警察機構）・国連安全保障理事会特別手配書の
ウェブ・リンク：https://www.interpol.int/en/How-we-work/Notices/View-UN-Notices-
Individuals",REVIEW_REQUIRED,REVIEW_REQUIRED,false,mofa-names-v1
6df97c2058ad83f1bc7d79c4be28955bdf76e57b068e93fcf080824e6e3b1f68:I:8,current_1373,8,I,,unknown,false,6,6df97c2058ad83f1bc7d79c4be28955bdf76e57b068e93fcf080824e6e3b1f68,https://www.mofa.go.jp/mofaj/files/100037860.pdf,https://www.mofa.go.jp/mofaj/files/100037860.pdf#page=6,data/raw/mofa/6df97c2058ad83f1bc7d79c4be28955bdf76e57b068e93fcf080824e6e3b1f68.pdf.gz,８．（（重複）２９５．） 削除（２０２０年３月３１日）,HISTORICAL,REVIEW_REQUIRED,false,mofa-names-v1
6df97c2058ad83f1bc7d79c4be28955bdf76e57b068e93fcf080824e6e3b1f68:I:9,current_1373,9,I,,unknown,false,6,6df97c2058ad83f1bc7d79c4be28955bdf76e57b068e93fcf080824e6e3b1f68,https://www.mofa.go.jp/mofaj/files/100037860.pdf,https://www.mofa.go.jp/mofaj/files/100037860.pdf#page=6,data/raw/mofa/6df97c2058ad83f1bc7d79c4be28955bdf76e57b068e93fcf080824e6e3b1f68.pdf.gz,９． 削除（２０１２年５月３０日）,HISTORICAL,REVIEW_REQUIRED,false,mofa-names-v1
6df97c2058ad83f1bc7d79c4be28955bdf76e57b068e93fcf080824e6e3b1f68:I:10,current_1373,10,I,,person,true,6,6df97c2058ad83f1bc7d79c4be28955bdf76e57b068e93fcf080824e6e3b1f68,https://www.mofa.go.jp/mofaj/files/100037860.pdf,https://www.mofa.go.jp/mofaj/files/100037860.pdf#page=6,data/raw/mofa/6df97c2058ad83f1bc7d79c4be28955bdf76e57b068e93fcf080824e6e3b1f68.pdf.gz,"１０．（（重複）２９７．）サーミー・ベン・ハミース・ベン・サーレフ・エッセイド(別名：(a)オマ
ル・エル・ムハージル (b)サベール)
SAMI BEN KHAMIS BEN SALEH ELSSEID
(original script: ﺪﻴﺼﻟﺍ ﺢﻟﺎﺻ ﻦﺑ ﺲﻴﻤﺧ ﻦﺑ ﻲﻣﺎﺳ) （a.k.a.: (a)Omar El Mouhajer (b)Saber）
称号：不明
役職：不明
生年月日：１９６８年２月１０日
出生地：Menzel Jemil, Bizerte, Tunisia
国籍：チュニジア
旅券番号：チュニジア旅券 K929139 （1995年2月14日発行、2000年2月13日失効）
ID番号：(a)00319547（1994年12月８日発行） (b)Italian Fiscal Code（イタリア納税者番
号）: SSDSBN68B10Z352F
住所：Ibn Al-Haythman Street, Number 6, Manubah, Tunis, Tunisia
国連制裁委員会による指定日：２００２年４月２４日（２００３年４月１０日、２００４年１１月
２６日、２００５年９月９日、１２月２０日、２００７年６月７日、１２月２１日、２００９年８月１
０日、２０１０年１２月２３日、２０１４年１１月２４日及び２０１９年１２月６日に改訂）その
他の情報：母の名前はベヤ・アル・サイダニ（Beya Al-Saidani）。２００８年６月２日にイタ
リアからチュニジアに追放された。２０１４年８月にチュニジアで投獄された。国連安全
保障理事会決議第１８２２号（２００８年）に基づく見直しは２０１０年４月２２日に終了し
た。国連安全保障理事会決議第２３６８号（２０１７年）に基づく見直しは２０１９年１２月
４日に終了した。同人に対するインターポール（国際刑事警察機構）・国連安全保障理
事会特別手配書のウェブ・リンク：https://www.interpol.int/en/How-we-
work/Notices/View-UN-Notices-Individuals",REVIEW_REQUIRED,REVIEW_REQUIRED,false,mofa-names-v1
6df97c2058ad83f1bc7d79c4be28955bdf76e57b068e93fcf080824e6e3b1f68:I:11,current_1373,11,I,,person,true,7,6df97c2058ad83f1bc7d79c4be28955bdf76e57b068e93fcf080824e6e3b1f68,https://www.mofa.go.jp/mofaj/files/100037860.pdf,https://www.mofa.go.jp/mofaj/files/100037860.pdf#page=7,data/raw/mofa/6df97c2058ad83f1bc7d79c4be28955bdf76e57b068e93fcf080824e6e3b1f68.pdf.gz,"１１．（（重複）２９８．）アーディル・ベン・アル・アズハル・ベン・ユーセフ・ハムディ（別名：
(a)アーディル・ベン・アル・アズハル・ベン・ユーセフ・ベン・ソルタン（1970年7月14日チ
ュニジア国チュニスにて出生）(以前掲載の氏名) (b)ザカリーヤ）
ADEL BEN AL-AZHAR BEN YOUSSEF HAMDI
(original script: ﻱﺪﻤﺣ ﻒﺳﻮﻳ ﻦﺑ ﺮﻫﺯﻷﺍ ﻦﺑ ﻝﺩﺎﻋ) (a.k.a.: (a)Adel ben al-Azhar ben Youssef
ben Soltane, born 14 Jul. 1970 in Tunis, Tunisia (formerly listed as) (b)Zakariya)
称号：不明
役職：不明
生年月日：１９７０年７月１４日
出生地：Tunis, Tunisia
国籍：チュニジア
旅券番号：チュニジア旅券 M408665 （2000年10月4日発行、2005年10月3日失効）
ID番号：不明(a)チュニジア国民ID番号 W334061（2011年3月9日発行） (b)Italian Fiscal
Code（イタリア納税者番号）: BNSDLA70L14Z352B
住所：チュニジア
国連制裁委員会による指定日：２００２年９月３日（２００５年１２月２０日、２００７年６月７
日、２０１０年１２月２３日、２０１４年１１月２４日及び２０１９年１２月６日に改訂）
その他の情報：２００４年２月２８日にイタリアからチュニジアに追放された。２０１０年１
月時点で、チュニジアにおいて外国テロ組織所属の罪で禁固１２年の刑に服役中。２０
１３年にチュニジアで逮捕された。２０１４年に名字をBen SoltaneからHamdiに法的に変
更した。国連安全保障理事会決議第１８２２号（２００８年）に基づく見直しは２０１０年６
月２１日に終了した。国連安全保障理事会決議第２３６８号（２０１７年）に基づく見直し
は２０１９年１２月４日に終了した。同人に対するインターポール（国際刑事警察機構）・
国連安全保障理事会特別手配書のウェブ・リンク：https://www.interpol.int/en/How-
we-work/Notices/View-UN-Notices-Individuals",REVIEW_REQUIRED,REVIEW_REQUIRED,false,mofa-names-v1
6df97c2058ad83f1bc7d79c4be28955bdf76e57b068e93fcf080824e6e3b1f68:I:12,current_1373,12,I,,unknown,false,7,6df97c2058ad83f1bc7d79c4be28955bdf76e57b068e93fcf080824e6e3b1f68,https://www.mofa.go.jp/mofaj/files/100037860.pdf,https://www.mofa.go.jp/mofaj/files/100037860.pdf#page=7,data/raw/mofa/6df97c2058ad83f1bc7d79c4be28955bdf76e57b068e93fcf080824e6e3b1f68.pdf.gz,１２．削除 （２０１５年５月２６日）,HISTORICAL,REVIEW_REQUIRED,false,mofa-names-v1
6df97c2058ad83f1bc7d79c4be28955bdf76e57b068e93fcf080824e6e3b1f68:I:13,current_1373,13,I,,unknown,false,7,6df97c2058ad83f1bc7d79c4be28955bdf76e57b068e93fcf080824e6e3b1f68,https://www.mofa.go.jp/mofaj/files/100037860.pdf,https://www.mofa.go.jp/mofaj/files/100037860.pdf#page=7,data/raw/mofa/6df97c2058ad83f1bc7d79c4be28955bdf76e57b068e93fcf080824e6e3b1f68.pdf.gz,１３．削除 （２０２５年５月２３日）,HISTORICAL,REVIEW_REQUIRED,false,mofa-names-v1
6df97c2058ad83f1bc7d79c4be28955bdf76e57b068e93fcf080824e6e3b1f68:I:14,current_1373,14,I,,unknown,false,7,6df97c2058ad83f1bc7d79c4be28955bdf76e57b068e93fcf080824e6e3b1f68,https://www.mofa.go.jp/mofaj/files/100037860.pdf,https://www.mofa.go.jp/mofaj/files/100037860.pdf#page=7,data/raw/mofa/6df97c2058ad83f1bc7d79c4be28955bdf76e57b068e93fcf080824e6e3b1f68.pdf.gz,１４． 削除 （２０１５年９月１８日）,HISTORICAL,REVIEW_REQUIRED,false,mofa-names-v1
6df97c2058ad83f1bc7d79c4be28955bdf76e57b068e93fcf080824e6e3b1f68:I:15,current_1373,15,I,,person,true,7;8,6df97c2058ad83f1bc7d79c4be28955bdf76e57b068e93fcf080824e6e3b1f68,https://www.mofa.go.jp/mofaj/files/100037860.pdf,https://www.mofa.go.jp/mofaj/files/100037860.pdf#page=7,data/raw/mofa/6df97c2058ad83f1bc7d79c4be28955bdf76e57b068e93fcf080824e6e3b1f68.pdf.gz,"１５．（（重複）３０２．）メフディ・ベン・モハメド・ベン・モハメド・カンムーン（別名：サルマ
ン） MEHDI BEN MOHAMED BEN MOHAMED KAMMOUN
(original script: ﻥﻮﻤﻛ ﺪﻤﺤﻣ ﻦﺑ ﺪﻤﺤﻣ ﻦﺑ ﻱﺪﻬﻤﻟﺍ) (a.k.a.: Salmane)
称号：不明
役職：不明
生年月日：１９６８年４月３日
出生地：Tunis, Tunisia
国籍：チュニジア
旅券番号：チュニジア旅券 M307707（2000年4月12日発行、2005年4月11日失効）
ＩＤ番号：不明
住所：Via Masina Number 7, Milan, Italy
国連制裁委員会による指定日：２００２年９月３日（２００５年１２月２０日、２００７年６月７
日、２０１０年１２月２３日及び２０１９年１２月６日に改訂）
その他の情報：Italian Fiscal Code（イタリア納税者番号）: KMMMHD68D03Z352N。２００
５年７月２２日にイタリアからチュニジアに追放された。２０１０年１月時点で、チュニジア
において外国テロ組織所属の罪で禁固８年の刑に服役中。国連安全保障理事会決議
第１８２２号（２００８年）に基づく見直しは２０１０年６月２１日に終了した。国連安全保障
理事会決議第２３６８号（２０１７年）に基づく見直しは２０１９年１２月４日に終了した。同
人に対するインターポール（国際刑事警察機構）・国連安全保障理事会特別手配書の
ウェブ・リンク：https://www.interpol.int/en/How-we-work/Notices/View-UN-Notices-
Individuals",REVIEW_REQUIRED,REVIEW_REQUIRED,false,mofa-names-v1
6df97c2058ad83f1bc7d79c4be28955bdf76e57b068e93fcf080824e6e3b1f68:I:16,current_1373,16,I,,unknown,false,8,6df97c2058ad83f1bc7d79c4be28955bdf76e57b068e93fcf080824e6e3b1f68,https://www.mofa.go.jp/mofaj/files/100037860.pdf,https://www.mofa.go.jp/mofaj/files/100037860.pdf#page=8,data/raw/mofa/6df97c2058ad83f1bc7d79c4be28955bdf76e57b068e93fcf080824e6e3b1f68.pdf.gz,１６．削除 （２０１５年９月１８日）,HISTORICAL,REVIEW_REQUIRED,false,mofa-names-v1
6df97c2058ad83f1bc7d79c4be28955bdf76e57b068e93fcf080824e6e3b1f68:I:17,current_1373,17,I,,person,true,8;9,6df97c2058ad83f1bc7d79c4be28955bdf76e57b068e93fcf080824e6e3b1f68,https://www.mofa.go.jp/mofaj/files/100037860.pdf,https://www.mofa.go.jp/mofaj/files/100037860.pdf#page=8,data/raw/mofa/6df97c2058ad83f1bc7d79c4be28955bdf76e57b068e93fcf080824e6e3b1f68.pdf.gz,"１７．（（重複）３０４．）ターレク・ベン・ハビーブ・ベン・アットウミ・アル・マアルーフィ（別
名：(a)アブ・イスマイル (b)アブ・イスマイル・エル・ジェンドウビ (c)アブ・イスマイル・ア
ル・ジョンドウビ）
TAREK BEN HABIB BEN AL-TOUMI AL-MAAROUFI
(original script: ﻲﻓﻭﺮﻌﻤﻟﺍ ﻲﻣﻮﺘﻟﺍ ﻦﺑ ﺐﻴﺒﺤﻟﺍ ﻦﺑ ﻕﺭﺎﻁ) (a.k.a.: (a)Abu Ismail (b)Abou Ismail el
Jendoubi (c)Abou Ismail Al Djoundoubi)
生年月日：１９６５年１１月２３日
出生地：Ghardimaou, Tunisia
称号：不明
役職：不明
国籍：チュニジア
旅券番号：チュニジア旅券 E590976（１９８７年６月１９日発行、１９９２年６月１８日失
効）
ＩＤ番号：不明
住所： Rue Léon Théodore Number 107/1, 1090 Jette, Brussels, Belgium
国連制裁委員会による指定日：２００２年９月３日（２００４年１１月２６日、２００５年１２月
２０日、２００６年７月３１日、２００７年７月３日、２００９年８月１０日、２０１０年１月２５
日、１２月２３日及び２０１９年１２月６日に改訂）
その他の情報：ベルギー国籍は２００９年１月２６日に剥奪された。２０１０年１０月時点
で、ベルギーのNivellesにおいて拘留されている。国連安全保障理事会決議第１８２２
号（２００８年）に基づく見直しは２０１０年６月８日に終了した。国連安全保障理事会決
議第２３６８号（２０１７年）に基づく見直しは２０１９年１２月４日に終了した。同人に対す
るインターポール（国際刑事警察機構）・国連安全保障理事会特別手配書のウェブ・リ
ンク： https://www.interpol.int/en/How-we-work/Notices/View-UN-Notices-
Individuals",REVIEW_REQUIRED,REVIEW_REQUIRED,false,mofa-names-v1
6df97c2058ad83f1bc7d79c4be28955bdf76e57b068e93fcf080824e6e3b1f68:I:18,current_1373,18,I,,person,true,9,6df97c2058ad83f1bc7d79c4be28955bdf76e57b068e93fcf080824e6e3b1f68,https://www.mofa.go.jp/mofaj/files/100037860.pdf,https://www.mofa.go.jp/mofaj/files/100037860.pdf#page=9,data/raw/mofa/6df97c2058ad83f1bc7d79c4be28955bdf76e57b068e93fcf080824e6e3b1f68.pdf.gz,"１８．（（重複）３０５．）アブデルハリーム・ハーフィズ・アブデルファッターフ・レマドナ（別
名：(a)アブデルハリーム・レマドナ(b)ジャロール）
ABDELHALIM HAFED ABDELFATTAH REMADNA
(original script:ﺎﻧﺩﺎﻣﺭ ﺡﺎﺘﻔﻟﺍﺪﺒﻋ ﻆﻓﺎﺣ ﻢﻴﻠﺤﻟﺍﺪﺒﻋ)
(a.k.a.:(a) Abdelhalim Remadna (b) Jalloul )
称号：不明
役職：不明
生年月日：１９６６年４月２日
出生地：Biskra, Algeria
国籍：アルジェリア
旅券番号：不明
ＩＤ番号：不明
住所：アルジェリア
国連制裁委員会による指定日：２００２年９月３日（２００６年４月１２日、２００８年４月７
日、２００９年６月３日、２０１０年１月２５日、１２月２３日、２０１９年５月１日及び２０２３
年３月１５日に改訂）
その他の情報：２００６年８月１２日にイタリアからアルジェリアに強制送還された。国連
安全保障理事会決議第１８２２号（２００８年）に基づく見直しは２００９年１２月８日に終
了した。国連安全保障理事会決議第２２５３号（２０１５年）に基づく見直しは２０１９年２
月２１日に終了した。国連安全保障理事会決議第２６１０号（２０２１年）に基づく見直し
は２０２２年１１月８日に終了した。同人に対するインターポール（国際刑事警察機構）・
国連安全保障理事会特別手配書のウェブ・リンク：https://www.interpol.int/en/How-
we-work/Notices/View-UN-Notices-Individuals",REVIEW_REQUIRED,REVIEW_REQUIRED,false,mofa-names-v1
6df97c2058ad83f1bc7d79c4be28955bdf76e57b068e93fcf080824e6e3b1f68:I:19,current_1373,19,I,,person,true,9;10,6df97c2058ad83f1bc7d79c4be28955bdf76e57b068e93fcf080824e6e3b1f68,https://www.mofa.go.jp/mofaj/files/100037860.pdf,https://www.mofa.go.jp/mofaj/files/100037860.pdf#page=9,data/raw/mofa/6df97c2058ad83f1bc7d79c4be28955bdf76e57b068e93fcf080824e6e3b1f68.pdf.gz,"１９．（（重複）３０６．）イサーム・アリ・モハメド・アルーシュ（別名：マンスール・ザエー
ル、１９７４年３月２１日イラク国バグダッドにて出生）
ISAM ALI MOHAMED ALOUCHE
(original script: ﺵﻮﻠﻋ ﺪﻤﺤﻣ ﻲ ﻠﻋ ﻡﺎﺼﻋ) (a.k.a.: Mansour Thaer, born 21 March 1974 in
Baghdad, Iraq)
称号：不明
役職：不明
生年月日：(a)１９７２年 (b)１９７４年３月２１日
出生地：Baghdad, Iraq
国籍：ヨルダン
旅券番号：不明
ＩＤ番号：不明
住所：不明
国連制裁委員会による指定日：２００２年９月３日（２００６年８月１８日、２００９年１月３０
日及び２０１９年１２月６日に改訂）
その他の情報：２００５年２月にドイツからヨルダンに追放された。国連安全保障理事会
決議第１８２２号（２００８年）に基づく見直しは２０１０年６月２１日に終了した。国連安全
保障理事会決議第２３６８号（２０１７年）に基づく見直しは２０１９年１２月４日に終了し
た。同人に対するインターポール（国際刑事警察機構）・国連安全保障理事会特別手
配書のウェブ・リンク： https://www.interpol.int/en/How-we-work/Notices/View-UN-
Notices-Individuals",REVIEW_REQUIRED,REVIEW_REQUIRED,false,mofa-names-v1
6df97c2058ad83f1bc7d79c4be28955bdf76e57b068e93fcf080824e6e3b1f68:I:20,current_1373,20,I,,unknown,false,10,6df97c2058ad83f1bc7d79c4be28955bdf76e57b068e93fcf080824e6e3b1f68,https://www.mofa.go.jp/mofaj/files/100037860.pdf,https://www.mofa.go.jp/mofaj/files/100037860.pdf#page=10,data/raw/mofa/6df97c2058ad83f1bc7d79c4be28955bdf76e57b068e93fcf080824e6e3b1f68.pdf.gz,２０．削除 （２０１５年９月１８日）,HISTORICAL,REVIEW_REQUIRED,false,mofa-names-v1
6df97c2058ad83f1bc7d79c4be28955bdf76e57b068e93fcf080824e6e3b1f68:I:21,current_1373,21,I,,unknown,false,10,6df97c2058ad83f1bc7d79c4be28955bdf76e57b068e93fcf080824e6e3b1f68,https://www.mofa.go.jp/mofaj/files/100037860.pdf,https://www.mofa.go.jp/mofaj/files/100037860.pdf#page=10,data/raw/mofa/6df97c2058ad83f1bc7d79c4be28955bdf76e57b068e93fcf080824e6e3b1f68.pdf.gz,２１．削除 （２０１３年５月２４日）,HISTORICAL,REVIEW_REQUIRED,false,mofa-names-v1
6df97c2058ad83f1bc7d79c4be28955bdf76e57b068e93fcf080824e6e3b1f68:I:22,current_1373,22,I,,unknown,false,10,6df97c2058ad83f1bc7d79c4be28955bdf76e57b068e93fcf080824e6e3b1f68,https://www.mofa.go.jp/mofaj/files/100037860.pdf,https://www.mofa.go.jp/mofaj/files/100037860.pdf#page=10,data/raw/mofa/6df97c2058ad83f1bc7d79c4be28955bdf76e57b068e93fcf080824e6e3b1f68.pdf.gz,２２．削除 （２００８年３月２６日）,HISTORICAL,REVIEW_REQUIRED,false,mofa-names-v1
6df97c2058ad83f1bc7d79c4be28955bdf76e57b068e93fcf080824e6e3b1f68:I:23,current_1373,23,I,,unknown,false,10,6df97c2058ad83f1bc7d79c4be28955bdf76e57b068e93fcf080824e6e3b1f68,https://www.mofa.go.jp/mofaj/files/100037860.pdf,https://www.mofa.go.jp/mofaj/files/100037860.pdf#page=10,data/raw/mofa/6df97c2058ad83f1bc7d79c4be28955bdf76e57b068e93fcf080824e6e3b1f68.pdf.gz,２３．削除 （２００８年３月２６日）,HISTORICAL,REVIEW_REQUIRED,false,mofa-names-v1
6df97c2058ad83f1bc7d79c4be28955bdf76e57b068e93fcf080824e6e3b1f68:I:24,current_1373,24,I,,unknown,false,10,6df97c2058ad83f1bc7d79c4be28955bdf76e57b068e93fcf080824e6e3b1f68,https://www.mofa.go.jp/mofaj/files/100037860.pdf,https://www.mofa.go.jp/mofaj/files/100037860.pdf#page=10,data/raw/mofa/6df97c2058ad83f1bc7d79c4be28955bdf76e57b068e93fcf080824e6e3b1f68.pdf.gz,２４．削除 （２００８年３月２６日）,HISTORICAL,REVIEW_REQUIRED,false,mofa-names-v1
6df97c2058ad83f1bc7d79c4be28955bdf76e57b068e93fcf080824e6e3b1f68:I:25,current_1373,25,I,,unknown,false,10,6df97c2058ad83f1bc7d79c4be28955bdf76e57b068e93fcf080824e6e3b1f68,https://www.mofa.go.jp/mofaj/files/100037860.pdf,https://www.mofa.go.jp/mofaj/files/100037860.pdf#page=10,data/raw/mofa/6df97c2058ad83f1bc7d79c4be28955bdf76e57b068e93fcf080824e6e3b1f68.pdf.gz,２５．削除 （２００８年３月２６日）,HISTORICAL,REVIEW_REQUIRED,false,mofa-names-v1
6df97c2058ad83f1bc7d79c4be28955bdf76e57b068e93fcf080824e6e3b1f68:I:26,current_1373,26,I,,unknown,false,10,6df97c2058ad83f1bc7d79c4be28955bdf76e57b068e93fcf080824e6e3b1f68,https://www.mofa.go.jp/mofaj/files/100037860.pdf,https://www.mofa.go.jp/mofaj/files/100037860.pdf#page=10,data/raw/mofa/6df97c2058ad83f1bc7d79c4be28955bdf76e57b068e93fcf080824e6e3b1f68.pdf.gz,２６．削除 （２００８年３月２６日）,HISTORICAL,REVIEW_REQUIRED,false,mofa-names-v1
6df97c2058ad83f1bc7d79c4be28955bdf76e57b068e93fcf080824e6e3b1f68:I:27,current_1373,27,I,,unknown,false,10,6df97c2058ad83f1bc7d79c4be28955bdf76e57b068e93fcf080824e6e3b1f68,https://www.mofa.go.jp/mofaj/files/100037860.pdf,https://www.mofa.go.jp/mofaj/files/100037860.pdf#page=10,data/raw/mofa/6df97c2058ad83f1bc7d79c4be28955bdf76e57b068e93fcf080824e6e3b1f68.pdf.gz,２７．削除 （２００８年３月２６日）,HISTORICAL,REVIEW_REQUIRED,false,mofa-names-v1
6df97c2058ad83f1bc7d79c4be28955bdf76e57b068e93fcf080824e6e3b1f68:I:28,current_1373,28,I,,unknown,false,11,6df97c2058ad83f1bc7d79c4be28955bdf76e57b068e93fcf080824e6e3b1f68,https://www.mofa.go.jp/mofaj/files/100037860.pdf,https://www.mofa.go.jp/mofaj/files/100037860.pdf#page=11,data/raw/mofa/6df97c2058ad83f1bc7d79c4be28955bdf76e57b068e93fcf080824e6e3b1f68.pdf.gz,２８．削除 （２０１１年５月１８日）,HISTORICAL,REVIEW_REQUIRED,false,mofa-names-v1
6df97c2058ad83f1bc7d79c4be28955bdf76e57b068e93fcf080824e6e3b1f68:I:29,current_1373,29,I,,unknown,false,11,6df97c2058ad83f1bc7d79c4be28955bdf76e57b068e93fcf080824e6e3b1f68,https://www.mofa.go.jp/mofaj/files/100037860.pdf,https://www.mofa.go.jp/mofaj/files/100037860.pdf#page=11,data/raw/mofa/6df97c2058ad83f1bc7d79c4be28955bdf76e57b068e93fcf080824e6e3b1f68.pdf.gz,２９．削除 （２００８年３月２６日）,HISTORICAL,REVIEW_REQUIRED,false,mofa-names-v1
6df97c2058ad83f1bc7d79c4be28955bdf76e57b068e93fcf080824e6e3b1f68:I:30,current_1373,30,I,,unknown,false,11,6df97c2058ad83f1bc7d79c4be28955bdf76e57b068e93fcf080824e6e3b1f68,https://www.mofa.go.jp/mofaj/files/100037860.pdf,https://www.mofa.go.jp/mofaj/files/100037860.pdf#page=11,data/raw/mofa/6df97c2058ad83f1bc7d79c4be28955bdf76e57b068e93fcf080824e6e3b1f68.pdf.gz,３０．削除 （２００８年３月２６日）,HISTORICAL,REVIEW_REQUIRED,false,mofa-names-v1
6df97c2058ad83f1bc7d79c4be28955bdf76e57b068e93fcf080824e6e3b1f68:I:31,current_1373,31,I,,unknown,false,11,6df97c2058ad83f1bc7d79c4be28955bdf76e57b068e93fcf080824e6e3b1f68,https://www.mofa.go.jp/mofaj/files/100037860.pdf,https://www.mofa.go.jp/mofaj/files/100037860.pdf#page=11,data/raw/mofa/6df97c2058ad83f1bc7d79c4be28955bdf76e57b068e93fcf080824e6e3b1f68.pdf.gz,３１．削除 （２００８年３月２６日）,HISTORICAL,REVIEW_REQUIRED,false,mofa-names-v1
6df97c2058ad83f1bc7d79c4be28955bdf76e57b068e93fcf080824e6e3b1f68:I:32,current_1373,32,I,,unknown,false,11,6df97c2058ad83f1bc7d79c4be28955bdf76e57b068e93fcf080824e6e3b1f68,https://www.mofa.go.jp/mofaj/files/100037860.pdf,https://www.mofa.go.jp/mofaj/files/100037860.pdf#page=11,data/raw/mofa/6df97c2058ad83f1bc7d79c4be28955bdf76e57b068e93fcf080824e6e3b1f68.pdf.gz,３２．削除 （２００８年３月２６日）,HISTORICAL,REVIEW_REQUIRED,false,mofa-names-v1
6df97c2058ad83f1bc7d79c4be28955bdf76e57b068e93fcf080824e6e3b1f68:I:33,current_1373,33,I,,unknown,false,11,6df97c2058ad83f1bc7d79c4be28955bdf76e57b068e93fcf080824e6e3b1f68,https://www.mofa.go.jp/mofaj/files/100037860.pdf,https://www.mofa.go.jp/mofaj/files/100037860.pdf#page=11,data/raw/mofa/6df97c2058ad83f1bc7d79c4be28955bdf76e57b068e93fcf080824e6e3b1f68.pdf.gz,３３．削除 （２００８年３月２６日）,HISTORICAL,REVIEW_REQUIRED,false,mofa-names-v1
6df97c2058ad83f1bc7d79c4be28955bdf76e57b068e93fcf080824e6e3b1f68:I:34,current_1373,34,I,,unknown,false,11,6df97c2058ad83f1bc7d79c4be28955bdf76e57b068e93fcf080824e6e3b1f68,https://www.mofa.go.jp/mofaj/files/100037860.pdf,https://www.mofa.go.jp/mofaj/files/100037860.pdf#page=11,data/raw/mofa/6df97c2058ad83f1bc7d79c4be28955bdf76e57b068e93fcf080824e6e3b1f68.pdf.gz,３４．削除 （２０１１年５月１８日）,HISTORICAL,REVIEW_REQUIRED,false,mofa-names-v1
6df97c2058ad83f1bc7d79c4be28955bdf76e57b068e93fcf080824e6e3b1f68:I:35,current_1373,35,I,,unknown,false,11,6df97c2058ad83f1bc7d79c4be28955bdf76e57b068e93fcf080824e6e3b1f68,https://www.mofa.go.jp/mofaj/files/100037860.pdf,https://www.mofa.go.jp/mofaj/files/100037860.pdf#page=11,data/raw/mofa/6df97c2058ad83f1bc7d79c4be28955bdf76e57b068e93fcf080824e6e3b1f68.pdf.gz,３５．削除 （２００８年３月２６日）,HISTORICAL,REVIEW_REQUIRED,false,mofa-names-v1
6df97c2058ad83f1bc7d79c4be28955bdf76e57b068e93fcf080824e6e3b1f68:II:1,current_1373,1,II,,unknown,false,12,6df97c2058ad83f1bc7d79c4be28955bdf76e57b068e93fcf080824e6e3b1f68,https://www.mofa.go.jp/mofaj/files/100037860.pdf,https://www.mofa.go.jp/mofaj/files/100037860.pdf#page=12,data/raw/mofa/6df97c2058ad83f1bc7d79c4be28955bdf76e57b068e93fcf080824e6e3b1f68.pdf.gz,１． 削除（２０１４年１０月１７日）,HISTORICAL,REVIEW_REQUIRED,false,mofa-names-v1
6df97c2058ad83f1bc7d79c4be28955bdf76e57b068e93fcf080824e6e3b1f68:II:2,current_1373,2,II,,person,true,12,6df97c2058ad83f1bc7d79c4be28955bdf76e57b068e93fcf080824e6e3b1f68,https://www.mofa.go.jp/mofaj/files/100037860.pdf,https://www.mofa.go.jp/mofaj/files/100037860.pdf#page=12,data/raw/mofa/6df97c2058ad83f1bc7d79c4be28955bdf76e57b068e93fcf080824e6e3b1f68.pdf.gz,"２．ハサン・イズ・アル・ディン（別名 アフメド・ガルバヤ、サイード、サミール・サルワン）
Hasan Izz-al-Din(Ahmed Garbaya, Sa-id, Samir Salwwan)
生年月日：１９６３年
出生地：レバノン
国籍：レバノン",REVIEW_REQUIRED,REVIEW_REQUIRED,false,mofa-names-v1
6df97c2058ad83f1bc7d79c4be28955bdf76e57b068e93fcf080824e6e3b1f68:II:3,current_1373,3,II,,person,true,12,6df97c2058ad83f1bc7d79c4be28955bdf76e57b068e93fcf080824e6e3b1f68,https://www.mofa.go.jp/mofaj/files/100037860.pdf,https://www.mofa.go.jp/mofaj/files/100037860.pdf#page=12,data/raw/mofa/6df97c2058ad83f1bc7d79c4be28955bdf76e57b068e93fcf080824e6e3b1f68.pdf.gz,"３．アリ・アトワ（別名 アマール・マンスール・ボウスリム、ハッサン・ロストム・サリム）
Ali Atwa (a.k.a. Ammar Mansour Bouslim, Hassan Rostom Salim)
生年月日：１９６０年
出生地：レバノン
国籍：レバノン",REVIEW_REQUIRED,REVIEW_REQUIRED,false,mofa-names-v1
6df97c2058ad83f1bc7d79c4be28955bdf76e57b068e93fcf080824e6e3b1f68:II:4,current_1373,4,II,,person,true,12,6df97c2058ad83f1bc7d79c4be28955bdf76e57b068e93fcf080824e6e3b1f68,https://www.mofa.go.jp/mofaj/files/100037860.pdf,https://www.mofa.go.jp/mofaj/files/100037860.pdf#page=12,data/raw/mofa/6df97c2058ad83f1bc7d79c4be28955bdf76e57b068e93fcf080824e6e3b1f68.pdf.gz,"４．ハーリド・シャイク・ムハンマド（別名 サレム・アリ、ファハド・ビン・アドゥバラフ・ビ
ン・ハーリド、アシュラフ・レファアト・ナビス・ヘニン、ハーリド・アドブル・ワドゥード）
Khalid Shaikh Mohammed (a.k.a. Salem Ali, Fahd Bin Adballah Bin Khalid, Ashraf
Refaat Nabith Henin, Khalid Adbul Wadood)
生年月日：１９６５年４月１４日又は１９６４年３月１日
出生地：クウェイト
国籍：クウェイト",REVIEW_REQUIRED,REVIEW_REQUIRED,false,mofa-names-v1
6df97c2058ad83f1bc7d79c4be28955bdf76e57b068e93fcf080824e6e3b1f68:II:5,current_1373,5,II,,person,true,12,6df97c2058ad83f1bc7d79c4be28955bdf76e57b068e93fcf080824e6e3b1f68,https://www.mofa.go.jp/mofaj/files/100037860.pdf,https://www.mofa.go.jp/mofaj/files/100037860.pdf#page=12,data/raw/mofa/6df97c2058ad83f1bc7d79c4be28955bdf76e57b068e93fcf080824e6e3b1f68.pdf.gz,"５．アハマド・イブラヒム・アル・ムガシル（別名 アブ・オムラン、アハメド・イブラヒム・ア
ル・ムガシル）
Ahmad Ibrahim al-Mughassil (a.k.a. Abu Omran, Ahmed Ibrahim al-Mughassil)
生年月日：１９６７年６月２６日
出生地：サウディ・アラビア（カティフ・バブ・アル・シャマル）
国籍：サウディ・アラビア",REVIEW_REQUIRED,REVIEW_REQUIRED,false,mofa-names-v1
6df97c2058ad83f1bc7d79c4be28955bdf76e57b068e93fcf080824e6e3b1f68:II:6,current_1373,6,II,,person,true,12;13,6df97c2058ad83f1bc7d79c4be28955bdf76e57b068e93fcf080824e6e3b1f68,https://www.mofa.go.jp/mofaj/files/100037860.pdf,https://www.mofa.go.jp/mofaj/files/100037860.pdf#page=12,data/raw/mofa/6df97c2058ad83f1bc7d79c4be28955bdf76e57b068e93fcf080824e6e3b1f68.pdf.gz,"６．アリ・サイド・ビン・アリ・エル・ホーリエ（別名 アリ・サイド・ビン・アリ・アル・ホウリ、
アリ・サイド・ビン・アリ・エル・ホウリ）
Ali Saed bin Ali el-Hoorie (a.k.a. Ali Saed Bin Ali al-Houri, Ali Saed Bin Ali el-Houri)
生年月日：１９６５年７月１０日又は１９６５年７月１１日
出生地：サウディ・アラビア（エル・ディバビヤ）
国籍：サウディ・アラビア",REVIEW_REQUIRED,REVIEW_REQUIRED,false,mofa-names-v1
6df97c2058ad83f1bc7d79c4be28955bdf76e57b068e93fcf080824e6e3b1f68:II:7,current_1373,7,II,,person,true,13,6df97c2058ad83f1bc7d79c4be28955bdf76e57b068e93fcf080824e6e3b1f68,https://www.mofa.go.jp/mofaj/files/100037860.pdf,https://www.mofa.go.jp/mofaj/files/100037860.pdf#page=13,data/raw/mofa/6df97c2058ad83f1bc7d79c4be28955bdf76e57b068e93fcf080824e6e3b1f68.pdf.gz,"７．イブラヒム・サリーフ・ムハンマド・アル・ヤコブ
Ibrahim Salih Mohammed al-Yacoub
生年月日：１９６６年１０月１６日
出生地：サウディ・アラビア（タルート）
国籍：サウディ・アラビア",EXTRACTED,REVIEW_REQUIRED,false,mofa-names-v1
6df97c2058ad83f1bc7d79c4be28955bdf76e57b068e93fcf080824e6e3b1f68:II:8,current_1373,8,II,,unknown,true,13,6df97c2058ad83f1bc7d79c4be28955bdf76e57b068e93fcf080824e6e3b1f68,https://www.mofa.go.jp/mofaj/files/100037860.pdf,https://www.mofa.go.jp/mofaj/files/100037860.pdf#page=13,data/raw/mofa/6df97c2058ad83f1bc7d79c4be28955bdf76e57b068e93fcf080824e6e3b1f68.pdf.gz,"８．アブドルカリーム・フセイン・モハメド・アル・ナセル
Abdelkarim Hussein Mohamed al-Nasser
出生地：サウディ・アラビア（アル・イハサ）
国籍：サウディ・アラビア",REVIEW_REQUIRED,REVIEW_REQUIRED,false,mofa-names-v1
6df97c2058ad83f1bc7d79c4be28955bdf76e57b068e93fcf080824e6e3b1f68:II:9,current_1373,9,II,,entity,true,13,6df97c2058ad83f1bc7d79c4be28955bdf76e57b068e93fcf080824e6e3b1f68,https://www.mofa.go.jp/mofaj/files/100037860.pdf,https://www.mofa.go.jp/mofaj/files/100037860.pdf#page=13,data/raw/mofa/6df97c2058ad83f1bc7d79c4be28955bdf76e57b068e93fcf080824e6e3b1f68.pdf.gz,"９．ホーリー・ランド・ファウンデーション・フォア・リリーフ・アンド・デベロップメント（以前
の呼称 オキュパイド・ランド・ファウンデーション）
Holy Land Foundation for Relief and Development (f.k.a. Occupied Land Foudation)
所在地
・ 525, International Parkway, Suite 509, Richardson, Texas 75081, U.S.A.
・ P.O. Box 832390, Richardson, Texas 75083, U.S.A.
・ 9250 S. Harlem Avenue, Bridgeview, Illinois, U.S.A.
・ 345 E. Railway Avenue, Patterson, New Jersey 07503, U.S.A.
・ 12798 Rancho Penasquitos Blvd., Suite F, San Diego, California 92128, U.S.A.
その他の活動地域
・ 西岸・ガザ地区及び米国内での上記以外の地域",EXTRACTED,REVIEW_REQUIRED,false,mofa-names-v1
6df97c2058ad83f1bc7d79c4be28955bdf76e57b068e93fcf080824e6e3b1f68:II:10,current_1373,10,II,,unknown,false,13,6df97c2058ad83f1bc7d79c4be28955bdf76e57b068e93fcf080824e6e3b1f68,https://www.mofa.go.jp/mofaj/files/100037860.pdf,https://www.mofa.go.jp/mofaj/files/100037860.pdf#page=13,data/raw/mofa/6df97c2058ad83f1bc7d79c4be28955bdf76e57b068e93fcf080824e6e3b1f68.pdf.gz,１０．削除（２００３年１０月１日）,HISTORICAL,REVIEW_REQUIRED,false,mofa-names-v1
6df97c2058ad83f1bc7d79c4be28955bdf76e57b068e93fcf080824e6e3b1f68:II:11,current_1373,11,II,,unknown,true,13,6df97c2058ad83f1bc7d79c4be28955bdf76e57b068e93fcf080824e6e3b1f68,https://www.mofa.go.jp/mofaj/files/100037860.pdf,https://www.mofa.go.jp/mofaj/files/100037860.pdf#page=13,data/raw/mofa/6df97c2058ad83f1bc7d79c4be28955bdf76e57b068e93fcf080824e6e3b1f68.pdf.gz,"１１．パレスティナ・イスラミック・ジハード
Palestinian Islamic Jihad(PIJ)",REVIEW_REQUIRED,REVIEW_REQUIRED,false,mofa-names-v1
6df97c2058ad83f1bc7d79c4be28955bdf76e57b068e93fcf080824e6e3b1f68:II:12,current_1373,12,II,,entity,true,13;14,6df97c2058ad83f1bc7d79c4be28955bdf76e57b068e93fcf080824e6e3b1f68,https://www.mofa.go.jp/mofaj/files/100037860.pdf,https://www.mofa.go.jp/mofaj/files/100037860.pdf#page=13,data/raw/mofa/6df97c2058ad83f1bc7d79c4be28955bdf76e57b068e93fcf080824e6e3b1f68.pdf.gz,"１２．（（重複）４５９．）ラシュカレ・タイバ（別称：(a)ラシュカレ・タイバ(b)ラシュカレ・タイバ
（c）アル・マンスリーン（d）アル・マンスリーン（e）アーミー・オブ・ザ・ピュアー（f）アーミ
ー・オブ・ザ・ライチャス（g）アーミー・オブ・ザ・ピュアー・アンド・ライチャス（h）パースバ
ーネ・カシミール（i）パースバーネ・アヘレ・ハディース（j）パースバーネ・カシミール（k）
パースバーネ・アヘレ・ハディース（l）パースバーネ・アヘレ・ハディース(m)パースハー
ネ・アヘレ・ハディース(n)ラシュカレ・タイバ(o)エル・イー・ティー(p)ジャマーアットゥドゥ・
ダーワ(q)ジェー・ユー・ディー(r)ジャマー・アットゥル・ダーワ(s)ジャマーアットゥドゥ・ダー
ワ(t)ジャマーアットゥル・ダーワ(u)ジャマーアットゥル・ダーワ(v)ジャマー・アッテ・ダーワ
ット(w)ジャマーアットゥドゥ・ダーワ(x)ジャマー・アットゥドゥ・ダ・アワ(y)ジャマー・アットゥ
ドゥ・ダ・アワ(z)ジャマーアットゥドゥ・ダーワ(aa)ファラーヒ・インサニアット財団（ＦＩＦ））
LASHKAR-E-TAYYIBA (a.k.a.: (a)Lashkar-e-Toiba (b)Lashkar-i-Taiba (c)al
Mansoorian (d)al Mansooreen (e)Army of the Pure (f)Army of the Righteous (g)Army
of the Pure and Righteous (h)Paasban-e-Kashmir (i)Paasban-i-Ahle-Hadith
(j)Pasban-e-Kashmir (k)Pasban-e-Ahle-Hadith (l)Paasban-e-Ahle-Hadis (m)Pashan-
e-ahle Hadis (n)Lashkar e Tayyaba (o)LET (p)Jamaat-ud-Dawa (q)JUD (r)Jama'at al-
Dawa (s)Jamaat ud-Daawa (t)Jamaat ul-Dawah (u)Jamaat-ul-Dawa (v)Jama'at-i-
Dawat (w)Jamaiat-ud-Dawa (x)Jama'at-ud-Da'awah (y)Jama'at-ud-Da'awa
(z)Jamaati-ud-Dawa (aa)Falah-i-Insaniat Foundation (FIF))
旧称：不明
所在地：不明
国連制裁委員会による指定日：２００５年５月２日（２００５年１１月３日、２００８年１２月１
０日、２０１２年３月１４日、２０２０年１１月２４日及び２０２４年２月7日に改訂）
その他の情報：ラシュカレ・タイバの指導者であるハフィーズ・ムハンマド・サイードと関
係がある。国連安全保障理事会決議第１８２２号（２００８年）に基づく見直しは２０１０年
６月８日に終了した。国連安全保障理事会決議第２３６８号（２０１７年）に基づく見直し
は２０２０年１１月２４日に終了した。国連安全保障理事会決議第２６１０号（２０２１年）
に基づく見直しは２０２３年１０月３０日に終了した。同団体に対するインターポール（国
際刑事警察機構）・国連安全保障理事会特別手配書のウェブ・リンク：
https://www.interpol.int/en/How-we-work/Notices/View-UN-Notices-Entities",REVIEW_REQUIRED,REVIEW_REQUIRED,false,mofa-names-v1
6df97c2058ad83f1bc7d79c4be28955bdf76e57b068e93fcf080824e6e3b1f68:II:13,current_1373,13,II,,unknown,true,14,6df97c2058ad83f1bc7d79c4be28955bdf76e57b068e93fcf080824e6e3b1f68,https://www.mofa.go.jp/mofaj/files/100037860.pdf,https://www.mofa.go.jp/mofaj/files/100037860.pdf#page=14,data/raw/mofa/6df97c2058ad83f1bc7d79c4be28955bdf76e57b068e93fcf080824e6e3b1f68.pdf.gz,"１３．アブ・ニダル組織（ANO）（別名：ファタハ・レボルーショナリー・カウンシル、アラブ・
レボルーショナリー・ブリゲイズ、ブラック・セプテンバー、レボルーショナリー・オーガニ
ゼーション・オブ・ソーシャリスト・ムスリムズ）
Abu Nidal Organisation (ANO), (a.k.a. Fatah Revolutionary Council, Arab Revolutionary
Brigades, Black September, Revolutionary Organisation of Socialist Muslims)",REVIEW_REQUIRED,REVIEW_REQUIRED,false,mofa-names-v1
6df97c2058ad83f1bc7d79c4be28955bdf76e57b068e93fcf080824e6e3b1f68:II:14,current_1373,14,II,,unknown,true,15,6df97c2058ad83f1bc7d79c4be28955bdf76e57b068e93fcf080824e6e3b1f68,https://www.mofa.go.jp/mofaj/files/100037860.pdf,https://www.mofa.go.jp/mofaj/files/100037860.pdf#page=15,data/raw/mofa/6df97c2058ad83f1bc7d79c4be28955bdf76e57b068e93fcf080824e6e3b1f68.pdf.gz,"１４．ガマーア・アル・イスラミーヤ（イスラム集団（IG））（別名：アル・ガマーア・アル・イス
ラミーヤ）
Gama’a al-Islamiyya (Islamic Group（IG）), (a.k.a. Al-Gama’a al-Islamiyya)",REVIEW_REQUIRED,REVIEW_REQUIRED,false,mofa-names-v1
6df97c2058ad83f1bc7d79c4be28955bdf76e57b068e93fcf080824e6e3b1f68:II:15,current_1373,15,II,,unknown,true,15,6df97c2058ad83f1bc7d79c4be28955bdf76e57b068e93fcf080824e6e3b1f68,https://www.mofa.go.jp/mofaj/files/100037860.pdf,https://www.mofa.go.jp/mofaj/files/100037860.pdf#page=15,data/raw/mofa/6df97c2058ad83f1bc7d79c4be28955bdf76e57b068e93fcf080824e6e3b1f68.pdf.gz,"１５．カッハ及びカハネ・ハイ
Kahane Chai (Kach)",REVIEW_REQUIRED,REVIEW_REQUIRED,false,mofa-names-v1
6df97c2058ad83f1bc7d79c4be28955bdf76e57b068e93fcf080824e6e3b1f68:II:16,current_1373,16,II,,unknown,true,15,6df97c2058ad83f1bc7d79c4be28955bdf76e57b068e93fcf080824e6e3b1f68,https://www.mofa.go.jp/mofaj/files/100037860.pdf,https://www.mofa.go.jp/mofaj/files/100037860.pdf#page=15,data/raw/mofa/6df97c2058ad83f1bc7d79c4be28955bdf76e57b068e93fcf080824e6e3b1f68.pdf.gz,"１６．クルド労働者党
Kurdistan Workers’ Party (PKK)",REVIEW_REQUIRED,REVIEW_REQUIRED,false,mofa-names-v1
6df97c2058ad83f1bc7d79c4be28955bdf76e57b068e93fcf080824e6e3b1f68:II:17,current_1373,17,II,,unknown,false,15,6df97c2058ad83f1bc7d79c4be28955bdf76e57b068e93fcf080824e6e3b1f68,https://www.mofa.go.jp/mofaj/files/100037860.pdf,https://www.mofa.go.jp/mofaj/files/100037860.pdf#page=15,data/raw/mofa/6df97c2058ad83f1bc7d79c4be28955bdf76e57b068e93fcf080824e6e3b1f68.pdf.gz,１７．削除（２０１３年５月２４日）,HISTORICAL,REVIEW_REQUIRED,false,mofa-names-v1
6df97c2058ad83f1bc7d79c4be28955bdf76e57b068e93fcf080824e6e3b1f68:II:18,current_1373,18,II,,unknown,true,15,6df97c2058ad83f1bc7d79c4be28955bdf76e57b068e93fcf080824e6e3b1f68,https://www.mofa.go.jp/mofaj/files/100037860.pdf,https://www.mofa.go.jp/mofaj/files/100037860.pdf#page=15,data/raw/mofa/6df97c2058ad83f1bc7d79c4be28955bdf76e57b068e93fcf080824e6e3b1f68.pdf.gz,"１８．パレスチナ解放戦線
Palestine Liberation Front (PLF)",REVIEW_REQUIRED,REVIEW_REQUIRED,false,mofa-names-v1
6df97c2058ad83f1bc7d79c4be28955bdf76e57b068e93fcf080824e6e3b1f68:II:19,current_1373,19,II,,unknown,true,15,6df97c2058ad83f1bc7d79c4be28955bdf76e57b068e93fcf080824e6e3b1f68,https://www.mofa.go.jp/mofaj/files/100037860.pdf,https://www.mofa.go.jp/mofaj/files/100037860.pdf#page=15,data/raw/mofa/6df97c2058ad83f1bc7d79c4be28955bdf76e57b068e93fcf080824e6e3b1f68.pdf.gz,"１９．パレスチナ人民解放戦線
Popular Front for the Liberation of Palestine (PFLP)",REVIEW_REQUIRED,REVIEW_REQUIRED,false,mofa-names-v1
6df97c2058ad83f1bc7d79c4be28955bdf76e57b068e93fcf080824e6e3b1f68:II:20,current_1373,20,II,,unknown,true,15,6df97c2058ad83f1bc7d79c4be28955bdf76e57b068e93fcf080824e6e3b1f68,https://www.mofa.go.jp/mofaj/files/100037860.pdf,https://www.mofa.go.jp/mofaj/files/100037860.pdf#page=15,data/raw/mofa/6df97c2058ad83f1bc7d79c4be28955bdf76e57b068e93fcf080824e6e3b1f68.pdf.gz,"２０．パレスチナ人民解放戦線－総司令部派（別名：PFLP-ジェネラル・コマンド、
PFLP-GC）
Popular Front for the Liberation of Palestine-General Command, (a.k.a. PFLP-General
Command, PFLP-GC)",REVIEW_REQUIRED,REVIEW_REQUIRED,false,mofa-names-v1
6df97c2058ad83f1bc7d79c4be28955bdf76e57b068e93fcf080824e6e3b1f68:II:21,current_1373,21,II,,unknown,true,15,6df97c2058ad83f1bc7d79c4be28955bdf76e57b068e93fcf080824e6e3b1f68,https://www.mofa.go.jp/mofaj/files/100037860.pdf,https://www.mofa.go.jp/mofaj/files/100037860.pdf#page=15,data/raw/mofa/6df97c2058ad83f1bc7d79c4be28955bdf76e57b068e93fcf080824e6e3b1f68.pdf.gz,"２１．革命人民解放党／戦線（DHKP/C）（別名：デブリジ・ソル（レボルーショナリー・レ
フト）、デブ・ソル）
Revolutionary People’s Liberation Army/Front/Party (DHKP/C), (a.k.a. Devrimci Sol
(Revolutionary Left), Dev Sol)",REVIEW_REQUIRED,REVIEW_REQUIRED,false,mofa-names-v1
6df97c2058ad83f1bc7d79c4be28955bdf76e57b068e93fcf080824e6e3b1f68:II:22,current_1373,22,II,,unknown,true,15,6df97c2058ad83f1bc7d79c4be28955bdf76e57b068e93fcf080824e6e3b1f68,https://www.mofa.go.jp/mofaj/files/100037860.pdf,https://www.mofa.go.jp/mofaj/files/100037860.pdf#page=15,data/raw/mofa/6df97c2058ad83f1bc7d79c4be28955bdf76e57b068e93fcf080824e6e3b1f68.pdf.gz,"２２．センデロ・ルミノソ（輝く道）
Shining Path (SL) (Sendero Luminoso)",REVIEW_REQUIRED,REVIEW_REQUIRED,false,mofa-names-v1
6df97c2058ad83f1bc7d79c4be28955bdf76e57b068e93fcf080824e6e3b1f68:II:23,current_1373,23,II,,unknown,true,15,6df97c2058ad83f1bc7d79c4be28955bdf76e57b068e93fcf080824e6e3b1f68,https://www.mofa.go.jp/mofaj/files/100037860.pdf,https://www.mofa.go.jp/mofaj/files/100037860.pdf#page=15,data/raw/mofa/6df97c2058ad83f1bc7d79c4be28955bdf76e57b068e93fcf080824e6e3b1f68.pdf.gz,"２３．アル・アクサー殉教者旅団
Al-Aqsa Martyr’s Brigade",REVIEW_REQUIRED,REVIEW_REQUIRED,false,mofa-names-v1
6df97c2058ad83f1bc7d79c4be28955bdf76e57b068e93fcf080824e6e3b1f68:II:24,current_1373,24,II,,unknown,true,15;16,6df97c2058ad83f1bc7d79c4be28955bdf76e57b068e93fcf080824e6e3b1f68,https://www.mofa.go.jp/mofaj/files/100037860.pdf,https://www.mofa.go.jp/mofaj/files/100037860.pdf#page=15,data/raw/mofa/6df97c2058ad83f1bc7d79c4be28955bdf76e57b068e93fcf080824e6e3b1f68.pdf.gz,"２４．ババル・カルサ（別名：ババル・カルサ・インターナショナル）
Babbar Khalsa (a.k.a. Babbar Khalsa International)",REVIEW_REQUIRED,REVIEW_REQUIRED,false,mofa-names-v1
6df97c2058ad83f1bc7d79c4be28955bdf76e57b068e93fcf080824e6e3b1f68:II:25,current_1373,25,II,,unknown,true,16,6df97c2058ad83f1bc7d79c4be28955bdf76e57b068e93fcf080824e6e3b1f68,https://www.mofa.go.jp/mofaj/files/100037860.pdf,https://www.mofa.go.jp/mofaj/files/100037860.pdf#page=16,data/raw/mofa/6df97c2058ad83f1bc7d79c4be28955bdf76e57b068e93fcf080824e6e3b1f68.pdf.gz,"２５．国際シーク青年連盟
International Sikh Youth Federation (ISYF)",REVIEW_REQUIRED,REVIEW_REQUIRED,false,mofa-names-v1
6df97c2058ad83f1bc7d79c4be28955bdf76e57b068e93fcf080824e6e3b1f68:II:26,current_1373,26,II,,unknown,true,16,6df97c2058ad83f1bc7d79c4be28955bdf76e57b068e93fcf080824e6e3b1f68,https://www.mofa.go.jp/mofaj/files/100037860.pdf,https://www.mofa.go.jp/mofaj/files/100037860.pdf#page=16,data/raw/mofa/6df97c2058ad83f1bc7d79c4be28955bdf76e57b068e93fcf080824e6e3b1f68.pdf.gz,"２６．ハマス（ハマス・イッザッディーン・アル・カッサームを含む）
Hamas (including Hamas-Izz al-Din al-Qassem)",REVIEW_REQUIRED,REVIEW_REQUIRED,false,mofa-names-v1
6df97c2058ad83f1bc7d79c4be28955bdf76e57b068e93fcf080824e6e3b1f68:II:27,current_1373,27,II,,unknown,false,16,6df97c2058ad83f1bc7d79c4be28955bdf76e57b068e93fcf080824e6e3b1f68,https://www.mofa.go.jp/mofaj/files/100037860.pdf,https://www.mofa.go.jp/mofaj/files/100037860.pdf#page=16,data/raw/mofa/6df97c2058ad83f1bc7d79c4be28955bdf76e57b068e93fcf080824e6e3b1f68.pdf.gz,２７．削除（２０２４年５月１０日）,HISTORICAL,REVIEW_REQUIRED,false,mofa-names-v1
6df97c2058ad83f1bc7d79c4be28955bdf76e57b068e93fcf080824e6e3b1f68:II:28,current_1373,28,II,,unknown,false,16,6df97c2058ad83f1bc7d79c4be28955bdf76e57b068e93fcf080824e6e3b1f68,https://www.mofa.go.jp/mofaj/files/100037860.pdf,https://www.mofa.go.jp/mofaj/files/100037860.pdf#page=16,data/raw/mofa/6df97c2058ad83f1bc7d79c4be28955bdf76e57b068e93fcf080824e6e3b1f68.pdf.gz,２８．削除（２０２４年５月１０日）,HISTORICAL,REVIEW_REQUIRED,false,mofa-names-v1
6df97c2058ad83f1bc7d79c4be28955bdf76e57b068e93fcf080824e6e3b1f68:II:29,current_1373,29,II,,unknown,true,16,6df97c2058ad83f1bc7d79c4be28955bdf76e57b068e93fcf080824e6e3b1f68,https://www.mofa.go.jp/mofaj/files/100037860.pdf,https://www.mofa.go.jp/mofaj/files/100037860.pdf#page=16,data/raw/mofa/6df97c2058ad83f1bc7d79c4be28955bdf76e57b068e93fcf080824e6e3b1f68.pdf.gz,"２９．国民解放軍
National Liberation Army (ELN)",REVIEW_REQUIRED,REVIEW_REQUIRED,false,mofa-names-v1
6df97c2058ad83f1bc7d79c4be28955bdf76e57b068e93fcf080824e6e3b1f68:II:30,current_1373,30,II,,unknown,true,16,6df97c2058ad83f1bc7d79c4be28955bdf76e57b068e93fcf080824e6e3b1f68,https://www.mofa.go.jp/mofaj/files/100037860.pdf,https://www.mofa.go.jp/mofaj/files/100037860.pdf#page=16,data/raw/mofa/6df97c2058ad83f1bc7d79c4be28955bdf76e57b068e93fcf080824e6e3b1f68.pdf.gz,"３０．新人民軍
New People’s Army（NPA）",REVIEW_REQUIRED,REVIEW_REQUIRED,false,mofa-names-v1
6df97c2058ad83f1bc7d79c4be28955bdf76e57b068e93fcf080824e6e3b1f68:II:31,current_1373,31,II,,unknown,true,16,6df97c2058ad83f1bc7d79c4be28955bdf76e57b068e93fcf080824e6e3b1f68,https://www.mofa.go.jp/mofaj/files/100037860.pdf,https://www.mofa.go.jp/mofaj/files/100037860.pdf#page=16,data/raw/mofa/6df97c2058ad83f1bc7d79c4be28955bdf76e57b068e93fcf080824e6e3b1f68.pdf.gz,"３１．アル・シャバーブ
Al-Shabaab",REVIEW_REQUIRED,REVIEW_REQUIRED,false,mofa-names-v1
6df97c2058ad83f1bc7d79c4be28955bdf76e57b068e93fcf080824e6e3b1f68:II:32,current_1373,32,II,,unknown,true,16,6df97c2058ad83f1bc7d79c4be28955bdf76e57b068e93fcf080824e6e3b1f68,https://www.mofa.go.jp/mofaj/files/100037860.pdf,https://www.mofa.go.jp/mofaj/files/100037860.pdf#page=16,data/raw/mofa/6df97c2058ad83f1bc7d79c4be28955bdf76e57b068e93fcf080824e6e3b1f68.pdf.gz,"３２．ISIL シナイ州
ISIL Sinai Province",REVIEW_REQUIRED,REVIEW_REQUIRED,false,mofa-names-v1
6df97c2058ad83f1bc7d79c4be28955bdf76e57b068e93fcf080824e6e3b1f68:II:33,current_1373,33,II,,entity,true,16;17,6df97c2058ad83f1bc7d79c4be28955bdf76e57b068e93fcf080824e6e3b1f68,https://www.mofa.go.jp/mofaj/files/100037860.pdf,https://www.mofa.go.jp/mofaj/files/100037860.pdf#page=16,data/raw/mofa/6df97c2058ad83f1bc7d79c4be28955bdf76e57b068e93fcf080824e6e3b1f68.pdf.gz,"３３．（（重複）７９５） 東南アジアのイラクとレバント地方のイスラム国（ISIL-SEA、ISIL 東
南アジア）（別称：(a)イスラム国東アジア支部(b)ダウラツル・イスラミーヤ・ワリヤツル・
マシュリク）
Islamic State In Iraq And the Levant In South-East Asia (ISIL-SEA, ISIL-South East
Asia)
(original script：不明)
(a.k.a.: (a)Islamic State East Asia Division (b)Dawlatul Islamiyah Waliyatul Mashriq)
旧称：不明
所在地：不明
国連制裁委員会による指定日：２０２３年１月２７日
その他の情報：２０１６年６月、故・イスニロン・ハピロンによる宣言に基づき設立され
た。イラクのアル・カーイダとして国連の資産凍結措置対象者リストに掲載されているイ
ラクとレバント地方のイスラム国と関係がある。同団体に対するインターポール（国際
刑事警察機構）・国連安全保障理事会特別手配書のウェブ・リンク：
https://www.interpol.int/en/How-we-work/Notices/View-UN-Notices-Entities",EXTRACTED,REVIEW_REQUIRED,false,mofa-names-v1
6df97c2058ad83f1bc7d79c4be28955bdf76e57b068e93fcf080824e6e3b1f68:II:34,current_1373,34,II,,unknown,true,17,6df97c2058ad83f1bc7d79c4be28955bdf76e57b068e93fcf080824e6e3b1f68,https://www.mofa.go.jp/mofaj/files/100037860.pdf,https://www.mofa.go.jp/mofaj/files/100037860.pdf#page=17,data/raw/mofa/6df97c2058ad83f1bc7d79c4be28955bdf76e57b068e93fcf080824e6e3b1f68.pdf.gz,"３４．マウテ・グループ
The Maute Group",REVIEW_REQUIRED,REVIEW_REQUIRED,false,mofa-names-v1
6df97c2058ad83f1bc7d79c4be28955bdf76e57b068e93fcf080824e6e3b1f68:II:35,current_1373,35,II,,unknown,true,17,6df97c2058ad83f1bc7d79c4be28955bdf76e57b068e93fcf080824e6e3b1f68,https://www.mofa.go.jp/mofaj/files/100037860.pdf,https://www.mofa.go.jp/mofaj/files/100037860.pdf#page=17,data/raw/mofa/6df97c2058ad83f1bc7d79c4be28955bdf76e57b068e93fcf080824e6e3b1f68.pdf.gz,"３５． インディアン・ムジャヒディン
Indian Mujahideen (IM)",REVIEW_REQUIRED,REVIEW_REQUIRED,false,mofa-names-v1
6df97c2058ad83f1bc7d79c4be28955bdf76e57b068e93fcf080824e6e3b1f68:II:36,current_1373,36,II,,unknown,true,17,6df97c2058ad83f1bc7d79c4be28955bdf76e57b068e93fcf080824e6e3b1f68,https://www.mofa.go.jp/mofaj/files/100037860.pdf,https://www.mofa.go.jp/mofaj/files/100037860.pdf#page=17,data/raw/mofa/6df97c2058ad83f1bc7d79c4be28955bdf76e57b068e93fcf080824e6e3b1f68.pdf.gz,"３６． インド亜大陸のアル・カーイダ
al-Qa’ida in the Indian Subcontinent (AQIS)",REVIEW_REQUIRED,REVIEW_REQUIRED,false,mofa-names-v1
6df97c2058ad83f1bc7d79c4be28955bdf76e57b068e93fcf080824e6e3b1f68:II:37,current_1373,37,II,,unknown,true,17,6df97c2058ad83f1bc7d79c4be28955bdf76e57b068e93fcf080824e6e3b1f68,https://www.mofa.go.jp/mofaj/files/100037860.pdf,https://www.mofa.go.jp/mofaj/files/100037860.pdf#page=17,data/raw/mofa/6df97c2058ad83f1bc7d79c4be28955bdf76e57b068e93fcf080824e6e3b1f68.pdf.gz,"３７． ネオ JMB
Neo-JMB",REVIEW_REQUIRED,REVIEW_REQUIRED,false,mofa-names-v1
6df97c2058ad83f1bc7d79c4be28955bdf76e57b068e93fcf080824e6e3b1f68:II:38,current_1373,38,II,,person,true,17,6df97c2058ad83f1bc7d79c4be28955bdf76e57b068e93fcf080824e6e3b1f68,https://www.mofa.go.jp/mofaj/files/100037860.pdf,https://www.mofa.go.jp/mofaj/files/100037860.pdf#page=17,data/raw/mofa/6df97c2058ad83f1bc7d79c4be28955bdf76e57b068e93fcf080824e6e3b1f68.pdf.gz,"３８． ムーサー・ムハンマド・サーレム・ドゥッディーン（別名：(a) ドウディーン、モウサー
(b)ドゥッディーン、ムーサー (c)ドゥッディーン、ムーサー）
Musa Muhammad Salim DUDIN (a.k.a.:(a) DOUDIN, Mousa (b)DODIN, Mussa (c)DUDIN,
Musa)
生年月日：1972 年 6 月 12 日
国籍：パレスチナ",REVIEW_REQUIRED,REVIEW_REQUIRED,false,mofa-names-v1
6df97c2058ad83f1bc7d79c4be28955bdf76e57b068e93fcf080824e6e3b1f68:II:39,current_1373,39,II,,person,true,17;18,6df97c2058ad83f1bc7d79c4be28955bdf76e57b068e93fcf080824e6e3b1f68,https://www.mofa.go.jp/mofaj/files/100037860.pdf,https://www.mofa.go.jp/mofaj/files/100037860.pdf#page=17,data/raw/mofa/6df97c2058ad83f1bc7d79c4be28955bdf76e57b068e93fcf080824e6e3b1f68.pdf.gz,"３９． アブドルバースィト・ハムザ・アルハサン・ムハンマド・ハイル（別名：(a)ハムザ、ア
ブドルバースィト (b)ハムザ、 アブド・アルバースィト）
Abdelbasit Hamza Elhassan Mohamed KHAIR (a.k.a.:(a) HAMZA, Abdelbasit (b)HAMZA,
Abd al-Basit)
生年月日：1955 年 8 月 28 日
出生地：Marawi, Sudan
国籍：スーダン",REVIEW_REQUIRED,REVIEW_REQUIRED,false,mofa-names-v1
6df97c2058ad83f1bc7d79c4be28955bdf76e57b068e93fcf080824e6e3b1f68:II:40,current_1373,40,II,,person,true,18,6df97c2058ad83f1bc7d79c4be28955bdf76e57b068e93fcf080824e6e3b1f68,https://www.mofa.go.jp/mofaj/files/100037860.pdf,https://www.mofa.go.jp/mofaj/files/100037860.pdf#page=18,data/raw/mofa/6df97c2058ad83f1bc7d79c4be28955bdf76e57b068e93fcf080824e6e3b1f68.pdf.gz,"４０． アーミル・カマール・シャリーフ・アッシャワー（別名：(a)アッシャワー、アーミル・カ
マール (b)アッシャワー、 アーミル (c)アッシャワー、アーミル (d)アッシャワー、アマル
(e) アッシャワー、アーミル）
Amer Kamal Sharif ALSHAWA (a.k.a.:(a) ALSHAWA, Amer Kamel (b)ALSHAVA, Amer
(c)AL-SHAVA, Amer (d)AL-SHAVA, Amar (e)AL-SHAWA, Amer)
生年月日：1964 年 4 月 29 日
出生地：Kuwait
国籍：トルコ、ヨルダン",REVIEW_REQUIRED,REVIEW_REQUIRED,false,mofa-names-v1
6df97c2058ad83f1bc7d79c4be28955bdf76e57b068e93fcf080824e6e3b1f68:II:41,current_1373,41,II,,person,true,18,6df97c2058ad83f1bc7d79c4be28955bdf76e57b068e93fcf080824e6e3b1f68,https://www.mofa.go.jp/mofaj/files/100037860.pdf,https://www.mofa.go.jp/mofaj/files/100037860.pdf#page=18,data/raw/mofa/6df97c2058ad83f1bc7d79c4be28955bdf76e57b068e93fcf080824e6e3b1f68.pdf.gz,"４１． アフマド・サドゥ・ジャフレブ（別名：(a)ジャフレブ、 アフマド・サドゥ・ユーセフ (b)ジ
ャフレブ、アフマド (c)アルジャフレブ、ユーセフ (d)ジャフレブ、アフマド・サドゥ・ユース
フ）
Ahmed Sadu JAHLEB (a.k.a.:(a) JAHLEB, Ahmed Sadu Yousef(b)JAHLEB, Ahmed
(c)ALJIHLIB, Yousef (d)JAKHLAB, Ahmad Saado Yusuf)
生年月日：1976 年 12 月 23 日
国籍：エジプト",REVIEW_REQUIRED,REVIEW_REQUIRED,false,mofa-names-v1
6df97c2058ad83f1bc7d79c4be28955bdf76e57b068e93fcf080824e6e3b1f68:II:42,current_1373,42,II,,person,true,18,6df97c2058ad83f1bc7d79c4be28955bdf76e57b068e93fcf080824e6e3b1f68,https://www.mofa.go.jp/mofaj/files/100037860.pdf,https://www.mofa.go.jp/mofaj/files/100037860.pdf#page=18,data/raw/mofa/6df97c2058ad83f1bc7d79c4be28955bdf76e57b068e93fcf080824e6e3b1f68.pdf.gz,"４２． アイマン・アフマド・アッドゥウェイク（別名：(a)アッドゥウェイク、アイマン・アフマド・
ラシード (b)アルドゥウェイク、アイマン・アフマド・ R）
Aiman Ahmad AL-DUWAIK (a.k.a.:(a) AL-DUWAIK, Aiman Ahmad Rashed (b)AL
DUWAIK, Aiman Ahmad R)
生年月日：1962 年 9 月 24 日
国籍：ヨルダン",REVIEW_REQUIRED,REVIEW_REQUIRED,false,mofa-names-v1
6df97c2058ad83f1bc7d79c4be28955bdf76e57b068e93fcf080824e6e3b1f68:II:43,current_1373,43,II,,person,true,18,6df97c2058ad83f1bc7d79c4be28955bdf76e57b068e93fcf080824e6e3b1f68,https://www.mofa.go.jp/mofaj/files/100037860.pdf,https://www.mofa.go.jp/mofaj/files/100037860.pdf#page=18,data/raw/mofa/6df97c2058ad83f1bc7d79c4be28955bdf76e57b068e93fcf080824e6e3b1f68.pdf.gz,"４３． ワリード・ムハンマド・ムスタファー・ジャードッラー（別名：(a)ジャド・アッラー、ワリ
ード・ムハンマド・ムスタファー (b) ジャードッラー、ワリード）
Walid Mohammed Mustafa JADALLAH (a.k.a.:(a) JAD ALLAH, Waleed Mohammad
Mustafa (b)JADALLAH, Walid)
生年月日：1958 年 1 月 1 日
国籍：ヨルダン",REVIEW_REQUIRED,REVIEW_REQUIRED,false,mofa-names-v1
6df97c2058ad83f1bc7d79c4be28955bdf76e57b068e93fcf080824e6e3b1f68:II:44,current_1373,44,II,,person,true,19,6df97c2058ad83f1bc7d79c4be28955bdf76e57b068e93fcf080824e6e3b1f68,https://www.mofa.go.jp/mofaj/files/100037860.pdf,https://www.mofa.go.jp/mofaj/files/100037860.pdf#page=19,data/raw/mofa/6df97c2058ad83f1bc7d79c4be28955bdf76e57b068e93fcf080824e6e3b1f68.pdf.gz,"４４． ムハンマド・アフマド・アブドルダーイム・ナスラッラー（別名：(a)ナスラッラー、ム
ハンマド (b)アブドルダーイム、ムハンマド・アフマド (c)アビド・アル・ダーイム・ナスル・
アッラー、ムハンマド・アフマド (d)ナスル、ムハンマド (e)アブド・エル・ダーイム、ムハン
マド・アフマド (f) アビド・アルダーイム・ナスル・アッラー、ムハンマド・アフマド (g)ナスラ
ッラー、ムハンマド (h)アブドル・ダーイム・ナスラッラー、ムハンマド・アフマド）
Muhammad Ahmad‘ABD-AL-DAYIM NASRALLAH (a.k.a.:(a)NASRALLAH, Muhammad
(b)'ABD-AL-DA'IM, Muhammad Ahmad (c)ABID AL DAIM NASR ALLAH, Mohammad
Ahmad (d)NASR, Muhammad (e)ABD EL DAIM, Mohamed Ahmed (f)ABID ALDAIM
NASR ALLAH, Mohammad Ahmad (g)NASRALLAH, Mohammed (h)ABDUL DA'IM
NASRALLAH, Mohammed Ahmed)
生年月日：1964 年 10 月 3 日
出生地：Aqbat Jabr, Jordan
国籍：ヨルダン",REVIEW_REQUIRED,REVIEW_REQUIRED,false,mofa-names-v1
6df97c2058ad83f1bc7d79c4be28955bdf76e57b068e93fcf080824e6e3b1f68:II:45,current_1373,45,II,,person,true,19,6df97c2058ad83f1bc7d79c4be28955bdf76e57b068e93fcf080824e6e3b1f68,https://www.mofa.go.jp/mofaj/files/100037860.pdf,https://www.mofa.go.jp/mofaj/files/100037860.pdf#page=19,data/raw/mofa/6df97c2058ad83f1bc7d79c4be28955bdf76e57b068e93fcf080824e6e3b1f68.pdf.gz,"４５． アイマン・ノーファル
Ayman NOFAL
生年月日：1965 年
出生地：Gaza Strip
国籍：パレスチナ",EXTRACTED,REVIEW_REQUIRED,false,mofa-names-v1
6df97c2058ad83f1bc7d79c4be28955bdf76e57b068e93fcf080824e6e3b1f68:II:46,current_1373,46,II,,person,true,19,6df97c2058ad83f1bc7d79c4be28955bdf76e57b068e93fcf080824e6e3b1f68,https://www.mofa.go.jp/mofaj/files/100037860.pdf,https://www.mofa.go.jp/mofaj/files/100037860.pdf#page=19,data/raw/mofa/6df97c2058ad83f1bc7d79c4be28955bdf76e57b068e93fcf080824e6e3b1f68.pdf.gz,"４６． アフマド・M・M・アルアッカード（別名：(a)アルアッカード、アブー・ヤミーン (b)アル
アッカード、アフマド (c)アルアッカード、アフマド）
Ahmed M. M. ALAQAD (a.k.a.:(a) ALAQAD, Abu Yamin (b)ALAQAD, Ahmed (c)AL-
AQAD, Ahmed)
生年月日：1978 年 11 月 21 日
出生地：Khan Yunis, Gaza Strip
国籍：パレスチナ",REVIEW_REQUIRED,REVIEW_REQUIRED,false,mofa-names-v1
6df97c2058ad83f1bc7d79c4be28955bdf76e57b068e93fcf080824e6e3b1f68:II:47,current_1373,47,II,,unknown,true,19,6df97c2058ad83f1bc7d79c4be28955bdf76e57b068e93fcf080824e6e3b1f68,https://www.mofa.go.jp/mofaj/files/100037860.pdf,https://www.mofa.go.jp/mofaj/files/100037860.pdf#page=19,data/raw/mofa/6df97c2058ad83f1bc7d79c4be28955bdf76e57b068e93fcf080824e6e3b1f68.pdf.gz,"４７． バイ・キャッシュ・マネー・アンド・マネー・トランスファー・カンパニー（別称：バイ・
キャッシュ）
BUY CASH MONEY AND MONEY TRANSFER COMPANY (a.k.a.: BUY CASH)",REVIEW_REQUIRED,REVIEW_REQUIRED,false,mofa-names-v1
6df97c2058ad83f1bc7d79c4be28955bdf76e57b068e93fcf080824e6e3b1f68:II:48,current_1373,48,II,,person,true,19;20,6df97c2058ad83f1bc7d79c4be28955bdf76e57b068e93fcf080824e6e3b1f68,https://www.mofa.go.jp/mofaj/files/100037860.pdf,https://www.mofa.go.jp/mofaj/files/100037860.pdf#page=19,data/raw/mofa/6df97c2058ad83f1bc7d79c4be28955bdf76e57b068e93fcf080824e6e3b1f68.pdf.gz,"４８． ヤヒヤ・シンワル（別名：(a)シンワル、ヤヒヤ・イブラヒム・ハッサン (b)アル・シン
ワル、イェヒヤ (c)シンワル、イェヒア (d)シンワル、イェヒイェ）
Yahya SINWAR (a.k.a.:(a)SINWAR, Yahya Ibrahim Hassan (b)AL-SINWAR, Yehya
(c)SINWAR, Yehia (d)SINWAR, Yehiyeh)
生年月日：1961 年 1 月 1 日から 1963 年 12 月 31 日の間
国籍：不明",REVIEW_REQUIRED,REVIEW_REQUIRED,false,mofa-names-v1
6df97c2058ad83f1bc7d79c4be28955bdf76e57b068e93fcf080824e6e3b1f68:II:49,current_1373,49,II,,person,true,20,6df97c2058ad83f1bc7d79c4be28955bdf76e57b068e93fcf080824e6e3b1f68,https://www.mofa.go.jp/mofaj/files/100037860.pdf,https://www.mofa.go.jp/mofaj/files/100037860.pdf#page=20,data/raw/mofa/6df97c2058ad83f1bc7d79c4be28955bdf76e57b068e93fcf080824e6e3b1f68.pdf.gz,"４９． ムハンマド・デイフ（別名：(a)アル・ダイフ、ムハンマド (b)アル・マスリ、モハンメ
ド）
Muhammed DEIF (a.k.a.:(a)AL-DAYF, Muhammad (b)AL-MASRI, Mohammed)
生年月日：1963 年 1 月 1 日から 1965 年 12 月 31 日の間
出生地：Khan Younis, Gaza
国籍：パレスチナ",REVIEW_REQUIRED,REVIEW_REQUIRED,false,mofa-names-v1
6df97c2058ad83f1bc7d79c4be28955bdf76e57b068e93fcf080824e6e3b1f68:II:50,current_1373,50,II,,person,true,20,6df97c2058ad83f1bc7d79c4be28955bdf76e57b068e93fcf080824e6e3b1f68,https://www.mofa.go.jp/mofaj/files/100037860.pdf,https://www.mofa.go.jp/mofaj/files/100037860.pdf#page=20,data/raw/mofa/6df97c2058ad83f1bc7d79c4be28955bdf76e57b068e93fcf080824e6e3b1f68.pdf.gz,"５０． マルワン・イーサー（別名：イーサー、マルワン）
Marwan ISSA (a.k.a.:'ISSA, Marwan)
生年月日：1965 年
出生地：Gaza
国籍：パレスチナ",REVIEW_REQUIRED,REVIEW_REQUIRED,false,mofa-names-v1
6df97c2058ad83f1bc7d79c4be28955bdf76e57b068e93fcf080824e6e3b1f68:II:51,current_1373,51,II,,unknown,true,20,6df97c2058ad83f1bc7d79c4be28955bdf76e57b068e93fcf080824e6e3b1f68,https://www.mofa.go.jp/mofaj/files/100037860.pdf,https://www.mofa.go.jp/mofaj/files/100037860.pdf#page=20,data/raw/mofa/6df97c2058ad83f1bc7d79c4be28955bdf76e57b068e93fcf080824e6e3b1f68.pdf.gz,"５１． ザワヤ・グループ・フォー・デベロップメント・アンド・インベストメント・カンパニー・リ
ミテッド（別称：（a）ザワヤ・グループ・フォー・デベロップメント・アンド・インベストメント
（b）ザワヤ・グループ・カンパニー（c）ザワヤ・グループ・フォー・デベロップメント・アン
ド・インベストメント・カンパニー（d）ザワヤ・グループ・フォー・デベロップメント・アンド・イ
ンベストメント・カンパニー）
ZAWAYA GROUP FOR DEVELOPMENT AND INVESTMENT CO., LTD.（a.k.a.：（a）
ZAWAYA GROUP FOR DEVELOPMENT AND INVESTMENT（b）ZAWAYA GROUP CO
（c）ZAWAYA GROUP FOR DEVELOPMENT AND INVESTMENT COMPANY（d）
ZAWAYA GROUP FOR DEVELOPMENT AND INVESTMENT CO.）",REVIEW_REQUIRED,REVIEW_REQUIRED,false,mofa-names-v1
6df97c2058ad83f1bc7d79c4be28955bdf76e57b068e93fcf080824e6e3b1f68:II:52,current_1373,52,II,,unknown,true,20,6df97c2058ad83f1bc7d79c4be28955bdf76e57b068e93fcf080824e6e3b1f68,https://www.mofa.go.jp/mofaj/files/100037860.pdf,https://www.mofa.go.jp/mofaj/files/100037860.pdf#page=20,data/raw/mofa/6df97c2058ad83f1bc7d79c4be28955bdf76e57b068e93fcf080824e6e3b1f68.pdf.gz,"５２． アル・ザワヤ・グループ・フォー・デベロップメント・アンド・インベストメント・ソシエ
ダッド・リミターダ
AL ZAWAYA GROUP FOR DEVELOPMENT AND INVESTMENT SOCIEDAD
LIMITADA",REVIEW_REQUIRED,REVIEW_REQUIRED,false,mofa-names-v1
6df97c2058ad83f1bc7d79c4be28955bdf76e57b068e93fcf080824e6e3b1f68:II:53,current_1373,53,II,,unknown,true,21,6df97c2058ad83f1bc7d79c4be28955bdf76e57b068e93fcf080824e6e3b1f68,https://www.mofa.go.jp/mofaj/files/100037860.pdf,https://www.mofa.go.jp/mofaj/files/100037860.pdf#page=21,data/raw/mofa/6df97c2058ad83f1bc7d79c4be28955bdf76e57b068e93fcf080824e6e3b1f68.pdf.gz,"５３． ラリーコム・フォー・インベストメント・リミテッド
LARRYCOM FOR INVESTMENT LTD",REVIEW_REQUIRED,REVIEW_REQUIRED,false,mofa-names-v1
6df97c2058ad83f1bc7d79c4be28955bdf76e57b068e93fcf080824e6e3b1f68:II:54,current_1373,54,II,,unknown,true,21,6df97c2058ad83f1bc7d79c4be28955bdf76e57b068e93fcf080824e6e3b1f68,https://www.mofa.go.jp/mofaj/files/100037860.pdf,https://www.mofa.go.jp/mofaj/files/100037860.pdf#page=21,data/raw/mofa/6df97c2058ad83f1bc7d79c4be28955bdf76e57b068e93fcf080824e6e3b1f68.pdf.gz,"５４． ナビール・シューマーン・アンド・カンパニー（別称：（a）ナビール・シューマーン・ア
ンド・カンパニー （b）ナビール・シューマーン・アンド・パートナーズ・エクスチェンジ・カン
パニー （c）シューマーン・カレンシー・エクスチェンジ （d）スーマーン・カレンシー・エクス
チェンジ・エス・アー・エール・エル （e）シューマーン・グループ）
NABIL CHOUMAN & CO （a.k.a.：（a）NABIL CHOUMAN AND CO （b）NABIL SHOMAN
AND PARTNERS EXCHANGE COMPANY （c）SHUMAN CURRENCY EXCHANGE （d）
SUMAN CURRENCY EXCHANGE SARL （e）SHUMAN GROUP）",REVIEW_REQUIRED,REVIEW_REQUIRED,false,mofa-names-v1
6df97c2058ad83f1bc7d79c4be28955bdf76e57b068e93fcf080824e6e3b1f68:II:55,current_1373,55,II,,person,true,21,6df97c2058ad83f1bc7d79c4be28955bdf76e57b068e93fcf080824e6e3b1f68,https://www.mofa.go.jp/mofaj/files/100037860.pdf,https://www.mofa.go.jp/mofaj/files/100037860.pdf#page=21,data/raw/mofa/6df97c2058ad83f1bc7d79c4be28955bdf76e57b068e93fcf080824e6e3b1f68.pdf.gz,"５５．ナビール・ハーレド・ハリル・シューマーン（別名：（a）シューマーン・ナビール・ハー
レド・ハリール （b）シューマーン・ナビール （c）シューマーン・ナビール）
Nabil Khaled Halil CHOUMAN,（a.k.a.：（a）SHOMAN, NABIL KHALED KHALIL （b）
SHUMAN, NABIL （c）CHOUMAN, NABIL）
生年月日：1954 年 9 月 1 日
国籍：レバノン",REVIEW_REQUIRED,REVIEW_REQUIRED,false,mofa-names-v1
6df97c2058ad83f1bc7d79c4be28955bdf76e57b068e93fcf080824e6e3b1f68:II:56,current_1373,56,II,,person,true,21,6df97c2058ad83f1bc7d79c4be28955bdf76e57b068e93fcf080824e6e3b1f68,https://www.mofa.go.jp/mofaj/files/100037860.pdf,https://www.mofa.go.jp/mofaj/files/100037860.pdf#page=21,data/raw/mofa/6df97c2058ad83f1bc7d79c4be28955bdf76e57b068e93fcf080824e6e3b1f68.pdf.gz,"５６．ハーレド・シューマーン（別名：シューマン・ハーレド・ハリール）
Khaled CHOUMAN,（a.k.a.：SHOMAN, KHALED KHALIL）
生年月日：1987 年 4 月 2 日
国籍：レバノン",REVIEW_REQUIRED,REVIEW_REQUIRED,false,mofa-names-v1
6df97c2058ad83f1bc7d79c4be28955bdf76e57b068e93fcf080824e6e3b1f68:II:57,current_1373,57,II,,person,true,21,6df97c2058ad83f1bc7d79c4be28955bdf76e57b068e93fcf080824e6e3b1f68,https://www.mofa.go.jp/mofaj/files/100037860.pdf,https://www.mofa.go.jp/mofaj/files/100037860.pdf#page=21,data/raw/mofa/6df97c2058ad83f1bc7d79c4be28955bdf76e57b068e93fcf080824e6e3b1f68.pdf.gz,"５７．アフメド・シャリーフ・アブダッラー・オデー（別名：（a）オウダ・アフメド・シャリーフ・ア
ブデッラー（b）ウディ・アハマド（c）オデー・アフマド（d）オデー・アハメド（e）オデー・アフメ
ド・シャリーフ・アブドゥッラー）
Ahmed Sharif Abdallah ODEH（a.k.a.：（a）OUDA, Ahmed Charif Abdellah（b）UDIH, Ahmad
（c）ODEH, Ahmad（d）ODEH, Ahmed（e）ODEH, Ahmed Sharif Abdullah）
生年月日：1951 年 1 月 1 日
国籍：ヨルダン",REVIEW_REQUIRED,REVIEW_REQUIRED,false,mofa-names-v1
6df97c2058ad83f1bc7d79c4be28955bdf76e57b068e93fcf080824e6e3b1f68:II:58,current_1373,58,II,,person,true,21;22,6df97c2058ad83f1bc7d79c4be28955bdf76e57b068e93fcf080824e6e3b1f68,https://www.mofa.go.jp/mofaj/files/100037860.pdf,https://www.mofa.go.jp/mofaj/files/100037860.pdf#page=21,data/raw/mofa/6df97c2058ad83f1bc7d79c4be28955bdf76e57b068e93fcf080824e6e3b1f68.pdf.gz,"５８．レダー・アリー・ハミース
Reda Ali KHAMIS
生年月日：1967 年 9 月 20 日
国籍：レバノン",EXTRACTED,REVIEW_REQUIRED,false,mofa-names-v1
6df97c2058ad83f1bc7d79c4be28955bdf76e57b068e93fcf080824e6e3b1f68:II:59,current_1373,59,II,,person,true,22,6df97c2058ad83f1bc7d79c4be28955bdf76e57b068e93fcf080824e6e3b1f68,https://www.mofa.go.jp/mofaj/files/100037860.pdf,https://www.mofa.go.jp/mofaj/files/100037860.pdf#page=22,data/raw/mofa/6df97c2058ad83f1bc7d79c4be28955bdf76e57b068e93fcf080824e6e3b1f68.pdf.gz,"５９．マフムード・ハーレド・ザハール（別名：（a）アル・ザハール・マフムード・ハーレド
（b）ザハール・マフムード（c）アル・ザハール・マフムード）
Mahmoud Khaled ZAHHAR （ a.k.a. ： （ a ） AL ZAHAR, Mahmoud Khaled （ b ） ZAHAR,
Mahmoud（c）AL-ZAHAR, Mahmoud）
生年月日：1945 年
国籍：パレスチナ",REVIEW_REQUIRED,REVIEW_REQUIRED,false,mofa-names-v1
6df97c2058ad83f1bc7d79c4be28955bdf76e57b068e93fcf080824e6e3b1f68:II:60,current_1373,60,II,,person,true,22,6df97c2058ad83f1bc7d79c4be28955bdf76e57b068e93fcf080824e6e3b1f68,https://www.mofa.go.jp/mofaj/files/100037860.pdf,https://www.mofa.go.jp/mofaj/files/100037860.pdf#page=22,data/raw/mofa/6df97c2058ad83f1bc7d79c4be28955bdf76e57b068e93fcf080824e6e3b1f68.pdf.gz,"６０．アリー・アブドル・ラフマーン・バラカ（別名：（a）バラカ・アリ（b）バラカ・アリ）
Ali Abed Al Rahman BARAKA（a.k.a.：（a）BARAKAH, Ali（b）BARAKA, Ali）
生年月日：1966 年
国籍：レバノン",REVIEW_REQUIRED,REVIEW_REQUIRED,false,mofa-names-v1
6df97c2058ad83f1bc7d79c4be28955bdf76e57b068e93fcf080824e6e3b1f68:II:61,current_1373,61,II,,person,true,22,6df97c2058ad83f1bc7d79c4be28955bdf76e57b068e93fcf080824e6e3b1f68,https://www.mofa.go.jp/mofaj/files/100037860.pdf,https://www.mofa.go.jp/mofaj/files/100037860.pdf#page=22,data/raw/mofa/6df97c2058ad83f1bc7d79c4be28955bdf76e57b068e93fcf080824e6e3b1f68.pdf.gz,"６１．マーヘル・リブヒー・オベイド（別名：（a）オベイド・マーヘル・リブヒー・ナムル（b）オ
ベエド・マーヘル・リブヒー・ニムル（c）オベイド・マーヘル（d）オベイド・マーヘル・ビン・リ
ブヒー（e）オベイド・マーヘル・ビン・リブヒー・ビン・ナムル（f）オベエド・マーヘル）
Maher Rebhi OBEID（a.k.a.：（a）OBEID, Maher Rebhi Namr（b）OBAID, Maher Ribhi Nimr
（c）OBEID, Maher（d）OBEID, Maher bin Rebhi（e）OBEID, Maher bin Rebhi bin Namr（f）
OBAID, Maher）
生年月日：1958 年 3 月 10 日
国籍：パレスチナ",REVIEW_REQUIRED,REVIEW_REQUIRED,false,mofa-names-v1
6df97c2058ad83f1bc7d79c4be28955bdf76e57b068e93fcf080824e6e3b1f68:II:62,current_1373,62,II,,person,true,22,6df97c2058ad83f1bc7d79c4be28955bdf76e57b068e93fcf080824e6e3b1f68,https://www.mofa.go.jp/mofaj/files/100037860.pdf,https://www.mofa.go.jp/mofaj/files/100037860.pdf#page=22,data/raw/mofa/6df97c2058ad83f1bc7d79c4be28955bdf76e57b068e93fcf080824e6e3b1f68.pdf.gz,"６２．イスマーイール・ムーサー・アフマド・バルフーム（別名：（a）バルフーム・イスマーイ
ール・ムーサー・アフマド（b）バルフーム・イスマーイール）
Ismail Musa Ahmad BARHUM（a.k.a.：（a）BARHUM, Isma’il Musa Ahmad（b）BARHOUM,
Ismail）
生年月日：1968 年 12 月 23 日
国籍：パレスチナ",REVIEW_REQUIRED,REVIEW_REQUIRED,false,mofa-names-v1
6df97c2058ad83f1bc7d79c4be28955bdf76e57b068e93fcf080824e6e3b1f68:II:63,current_1373,63,II,,person,true,22,6df97c2058ad83f1bc7d79c4be28955bdf76e57b068e93fcf080824e6e3b1f68,https://www.mofa.go.jp/mofaj/files/100037860.pdf,https://www.mofa.go.jp/mofaj/files/100037860.pdf#page=22,data/raw/mofa/6df97c2058ad83f1bc7d79c4be28955bdf76e57b068e93fcf080824e6e3b1f68.pdf.gz,"６３．ハッサン・アルワルディヤーン（別名：（a）ワルディヤーン・ハサン（b）アルワルディ
ヤーン・ハサン・モハメド・アリー（c）アルワルディヤーン・ハッサン・ムハンマド・アリー）
Hassan AL-WARDIAN（a.k.a.：（a）WARDYAN, Hasan（b）ALWARDIAN, Hasan Mohamed
Ali（c）AL-WARDIAN, Hassan Muhammad ‘Ali）
生年月日：1954 年 12 月 28 日
国籍：パレスチナ",REVIEW_REQUIRED,REVIEW_REQUIRED,false,mofa-names-v1
6df97c2058ad83f1bc7d79c4be28955bdf76e57b068e93fcf080824e6e3b1f68:II:64,current_1373,64,II,,person,true,23,6df97c2058ad83f1bc7d79c4be28955bdf76e57b068e93fcf080824e6e3b1f68,https://www.mofa.go.jp/mofaj/files/100037860.pdf,https://www.mofa.go.jp/mofaj/files/100037860.pdf#page=23,data/raw/mofa/6df97c2058ad83f1bc7d79c4be28955bdf76e57b068e93fcf080824e6e3b1f68.pdf.gz,"６４．ズハイル・シャムラク（別名：（a）シュマラーク・ザヒール・ユーニス（b）シャムラーク・
ズヘイル（c）シャマラーク・ズヒール・ユーヌス・ハンメド）
Zuhair SHAMLAKH（a.k.a.：（a）SHMALACH, Zahir Younes（b）SHAMLAKH, Zuheir（c）
SHAMALCH, Zuhir Yunes Hammed）
生年月日：1980 年 11 月 15 日
国籍：パレスチナ",REVIEW_REQUIRED,REVIEW_REQUIRED,false,mofa-names-v1
