action,match_key,display_name,sources,status,remark
HOLD_LEGACY_NOT_IN_CURRENT,(ooo)microelectronicproductioncomplex(mpk)milandr,(OOO) Microelectronic Production Complex (MPK) Milandr,経産省,有効,制裁リスト（経産省）
HOLD_LEGACY_NOT_IN_CURRENT,(有限会社)マイクロエレクトロニクスコンプレックス(mpk)ミランドル,（有限会社）マイクロエレクトロニクスコンプレックス（MPK）ミランドル,経産省,有効,制裁リスト（経産省）
HOLD_LEGACY_NOT_IN_CURRENT,10thresearchinstituteofchinaelectronictechnologygroupcorporation(cetc),10th Research Institute of China Electronic Technology Group Corporation (CETC),経産省,有効,制裁リスト（経産省）
HOLD_LEGACY_NOT_IN_CURRENT,121arz,121 ARZ,経産省,有効,制裁リスト（経産省）
HOLD_LEGACY_NOT_IN_CURRENT,123arz,123 ARZ,経産省,有効,制裁リスト（経産省）
HOLD_LEGACY_NOT_IN_CURRENT,"13thresearchinstitute,9thacademy,chinaaerospacescienceandtechnologycorporation(casc)","13th Research Institute, 9th Academy, China Aerospace Science and Technology Corporation (CASC)",経産省,有効,制裁リスト（経産省）
HOLD_LEGACY_NOT_IN_CURRENT,140repairplantjsc,140 Repair Plant JSC,経産省,有効,制裁リスト（経産省）
HOLD_LEGACY_NOT_IN_CURRENT,163bronetankovyremontnyzavodoao,163 Bronetankovy Remontny Zavod OAO,OFAC;経産省;財務省,有効,制裁リスト（財務省：ロシア連邦(団体(特定銀行を除く))／経産省／OFAC：SDN）
HOLD_LEGACY_NOT_IN_CURRENT,170rzsop,170 RZ SOP,経産省,有効,制裁リスト（経産省）
HOLD_LEGACY_NOT_IN_CURRENT,20arz,20 ARZ,経産省,有効,制裁リスト（経産省）
HOLD_LEGACY_NOT_IN_CURRENT,20thresearchinstituteofchinaelectronictechnologygroupcorporation(cetc),20th Research Institute of China Electronic Technology Group Corporation (CETC),経産省,有効,制裁リスト（経産省）
HOLD_LEGACY_NOT_IN_CURRENT,218arz,218 ARZ,経産省,有効,制裁リスト（経産省）
HOLD_LEGACY_NOT_IN_CURRENT,2566radioelectronicarmamentrepairplantjsc,2566 Radioelectronic Armament Repair Plant JSC,経産省,有効,制裁リスト（経産省）
HOLD_LEGACY_NOT_IN_CURRENT,275arz,275 ARZ,経産省,有効,制裁リスト（経産省）
HOLD_LEGACY_NOT_IN_CURRENT,27thcentralscientificresearchinstitute,27th Central Scientific Research Institute,経産省,有効,制裁リスト（経産省）
HOLD_LEGACY_NOT_IN_CURRENT,27thcentralscientificresearchinstitute(tsnii),27th Central Scientific Research Institute (TsNII),経産省,有効,制裁リスト（経産省）
HOLD_LEGACY_NOT_IN_CURRENT,27thmilitaryscientificcentre,27th Military Scientific Centre,経産省,有効,制裁リスト（経産省）
HOLD_LEGACY_NOT_IN_CURRENT,27thresearchanddevelopmentcentreoftheministryofdefence,27th Research and Development Centre of the Ministry of Defence,経産省,有効,制裁リスト（経産省）
HOLD_LEGACY_NOT_IN_CURRENT,27thresearchanddevelopmentcentreoftheministryofdefence.,27th Research and Development Centre of the Ministry of Defence.,経産省,有効,制裁リスト（経産省）
HOLD_LEGACY_NOT_IN_CURRENT,27thtsnii,27th TsNII,経産省,有効,制裁リスト（経産省）
HOLD_LEGACY_NOT_IN_CURRENT,308arz,308 ARZ,経産省,有効,制裁リスト（経産省）
HOLD_LEGACY_NOT_IN_CURRENT,322arz,322 ARZ,経産省,有効,制裁リスト（経産省）
HOLD_LEGACY_NOT_IN_CURRENT,325arz,325 ARZ,経産省,有効,制裁リスト（経産省）
HOLD_LEGACY_NOT_IN_CURRENT,32rzsop,32 RZ SOP,経産省,有効,制裁リスト（経産省）
HOLD_LEGACY_NOT_IN_CURRENT,33rdcentralexperimentalinstituteforscientificresearchoftheministryof,33rd Central Experimental Institute for Scientific Research of the Ministry of,経産省,有効,制裁リスト（経産省）
HOLD_LEGACY_NOT_IN_CURRENT,33rdcentralexperimentalinstituteforscientificresearchoftheministryofdefence,33rd Central Experimental Institute for Scientific Research of the Ministry of Defence,経産省,有効,制裁リスト（経産省）
HOLD_LEGACY_NOT_IN_CURRENT,33rdcentralresearchandtestinginstituteoftheministryofdefenceoftherussian,33rd Central Research and Testing Institute of the Ministry of Defence of the Russian,経産省,有効,制裁リスト（経産省）
HOLD_LEGACY_NOT_IN_CURRENT,33rdcentralresearchandtestinginstituteoftheministryofdefenceoftherussianfederation,33rd Central Research and Testing Institute of the Ministry of Defence of the Russian Federation,経産省,有効,制裁リスト（経産省）
HOLD_LEGACY_NOT_IN_CURRENT,33rdcentralscientificresearchinstitute,33rd Central Scientific Research Institute,経産省,有効,制裁リスト（経産省）
HOLD_LEGACY_NOT_IN_CURRENT,33rdcentralscientificresearchinstitute(tsnii),33rd Central Scientific Research Institute (TsNII),経産省,有効,制裁リスト（経産省）
HOLD_LEGACY_NOT_IN_CURRENT,33rdmilitaryscientificcentre,33rd Military Scientific Centre,経産省,有効,制裁リスト（経産省）
HOLD_LEGACY_NOT_IN_CURRENT,33rdresearchanddevelopmentcentreoftheministryofdefence,33rd Research and Development Centre of the Ministry of Defence,経産省,有効,制裁リスト（経産省）
HOLD_LEGACY_NOT_IN_CURRENT,33rdresearchanddevelopmentcentreoftheministryofdefence.,33rd Research and Development Centre of the Ministry of Defence.,経産省,有効,制裁リスト（経産省）
HOLD_LEGACY_NOT_IN_CURRENT,360arz,360 ARZ,経産省,有効,制裁リスト（経産省）
HOLD_LEGACY_NOT_IN_CURRENT,4.27co.pyongyangbranch,4.27 Co. Pyongyang Branch,経産省,有効,制裁リスト（経産省）
HOLD_LEGACY_NOT_IN_CURRENT,4.27貿易会社平壌支社,4.27貿易会社平壌支社,経産省,有効,制裁リスト（経産省）
HOLD_LEGACY_NOT_IN_CURRENT,46thtsniicentralscientificresearchinstitute,46th TSNII Central Scientific Research Institute,経産省,有効,制裁リスト（経産省）
HOLD_LEGACY_NOT_IN_CURRENT,46tsnii,46 TsNII,経産省,有効,制裁リスト（経産省）
HOLD_LEGACY_NOT_IN_CURRENT,46tsniimorf,46 TsNII MO RF,経産省,有効,制裁リスト（経産省）
HOLD_LEGACY_NOT_IN_CURRENT,48thcentralscientificresearchinstitute,48th Central Scientific Research Institute,経産省,有効,制裁リスト（経産省）
HOLD_LEGACY_NOT_IN_CURRENT,48thcentralscientificresearchinstitute(tsnii),48th Central Scientific Research Institute (TsNII),経産省,有効,制裁リスト（経産省）
HOLD_LEGACY_NOT_IN_CURRENT,48thtsnii,48th TsNII,経産省,有効,制裁リスト（経産省）
HOLD_LEGACY_NOT_IN_CURRENT,5-ysudoremontnyyzavod,5-y Sudoremontnyy Zavod,経産省,有効,制裁リスト（経産省）
HOLD_LEGACY_NOT_IN_CURRENT,514arz,514 ARZ,経産省,有効,制裁リスト（経産省）
HOLD_LEGACY_NOT_IN_CURRENT,558aircraftrepairplantjsc,558 Aircraft Repair Plant JSC,経産省,有効,制裁リスト（経産省）
HOLD_LEGACY_NOT_IN_CURRENT,5srz,5 SRZ,経産省,有効,制裁リスト（経産省）
HOLD_LEGACY_NOT_IN_CURRENT,5thshipyard,5th Shipyard,経産省,有効,制裁リスト（経産省）
HOLD_LEGACY_NOT_IN_CURRENT,680arz,680 ARZ,経産省,有効,制裁リスト（経産省）
HOLD_LEGACY_NOT_IN_CURRENT,711arz,711 ARZ,経産省,有効,制裁リスト（経産省）
HOLD_LEGACY_NOT_IN_CURRENT,720rzsop,720 RZ SOP,経産省,有効,制裁リスト（経産省）
HOLD_LEGACY_NOT_IN_CURRENT,929glitsvvs,929 GLITs VVS,経産省,有効,制裁リスト（経産省）
HOLD_LEGACY_NOT_IN_CURRENT,929gosudarstvenniyletno-ispytatelniytsentrministerstvooboronirossiiskoi,929 Gosudarstvenniy Letno-Ispytatelniy Tsentr Ministerstvo Oboroni Rossiiskoi,経産省,有効,制裁リスト（経産省）
HOLD_LEGACY_NOT_IN_CURRENT,929v.p.チカロフ名称ロシア連邦国防省国立飛行試験センタ-,929 V.P.チカロフ名称ロシア連邦国防省国立飛行試験センター,経産省,有効,制裁リスト（経産省）
HOLD_LEGACY_NOT_IN_CURRENT,929国立飛行実験センタ-,929国立飛行実験センター,経産省,有効,制裁リスト（経産省）
HOLD_LEGACY_NOT_IN_CURRENT,"a.a.kharkevichinstituteforinformationtransmissionproblems(iitp),russianacademyofsciences(ras)","A.A. Kharkevich Institute for Information Transmission Problems (IITP), Russian Academy of Sciences (RAS)",経産省,有効,制裁リスト（経産省）
HOLD_LEGACY_NOT_IN_CURRENT,a.a.クラコフ名称株式会社プラント,A.A.クラコフ名 称株式会社プラント,経産省,有効,制裁リスト（経産省）
HOLD_LEGACY_NOT_IN_CURRENT,a.i.ヤスキン名称学術生産企業スタルト,A.I.ヤスキン名称学術生産企業スタルト,経産省,有効,制裁リスト（経産省）
HOLD_LEGACY_NOT_IN_CURRENT,a.l.ミンツ名称無線技術研究所,A.L.ミンツ名称無線技術研究所,経産省,有効,制裁リスト（経産省）
HOLD_LEGACY_NOT_IN_CURRENT,a.lyulkiexperimental-designbureau,A. Lyulki Experimental-Design Bureau,経産省,有効,制裁リスト（経産省）
HOLD_LEGACY_NOT_IN_CURRENT,a.lyulkiexperimental-designbureaubranchofuec-umpo,A. Lyulki Experimental-Design Bureau Branch of UEC-UMPO,経産省,有効,制裁リスト（経産省）
HOLD_LEGACY_NOT_IN_CURRENT,a.lyulkiokb,A. Lyulki OKB,経産省,有効,制裁リスト（経産省）
HOLD_LEGACY_NOT_IN_CURRENT,a.lyulkiscienceandtechnologycenter,A. Lyulki Science and Technology Center,経産省,有効,制裁リスト（経産省）
HOLD_LEGACY_NOT_IN_CURRENT,a.m.isayevchemicalengineeringdesignbureau,A.M. Isayev Chemical Engineering Design Bureau,経産省,有効,制裁リスト（経産省）
HOLD_LEGACY_NOT_IN_CURRENT,a.m.イサエフ名称化学工学設計局,A.M.イサエフ名称化学工学設計局,経産省,有効,制裁リスト（経産省）
HOLD_LEGACY_NOT_IN_CURRENT,a.s.yakovlevedb,A.S. Yakovlev EDB,経産省,有効,制裁リスト（経産省）
HOLD_LEGACY_NOT_IN_CURRENT,a.s.ヤコヴレフedb,A.S.ヤコヴレフ EDB,経産省,有効,制裁リスト（経産省）
HOLD_LEGACY_NOT_IN_CURRENT,a.v.ルジャノフ名称半導体物理学研究所,Ａ．Ｖ．ルジャノフ名称半導体物理学研究所,経産省,有効,制裁リスト（経産省）
HOLD_LEGACY_NOT_IN_CURRENT,a.リュリキokb,Ａ．リュリキ OKB,経産省,有効,制裁リスト（経産省）
HOLD_LEGACY_NOT_IN_CURRENT,a.リュリキ科学技術センタ-,Ａ．リュリキ科学技術センター,経産省,有効,制裁リスト（経産省）
HOLD_LEGACY_NOT_IN_CURRENT,a.リュリキ試験設計局,Ａ．リュリキ試験設計局,経産省,有効,制裁リスト（経産省）
HOLD_LEGACY_NOT_IN_CURRENT,aarz,AARZ,経産省,有効,制裁リスト（経産省）
HOLD_LEGACY_NOT_IN_CURRENT,academiciana.l.mintsradiotechnicalinstitute,Academician A.L. Mints Radiotechnical Institute,経産省,有効,制裁リスト（経産省）
HOLD_LEGACY_NOT_IN_CURRENT,academyofaerospacesolidpropulsiontechnology,Academy of Aerospace Solid Propulsion Technology,経産省,有効,制裁リスト（経産省）
HOLD_LEGACY_NOT_IN_CURRENT,academyofhealthandfoodscience,Academy of Health and Food Science,経産省,有効,制裁リスト（経産省）
HOLD_LEGACY_NOT_IN_CURRENT,aeccbeijinginstituteofaeronauticalmaterials,AECC Beijing Institute of Aeronautical Materials,経産省,有効,制裁リスト（経産省）
HOLD_LEGACY_NOT_IN_CURRENT,aeccsouthindustrycompanylimited,AECC South Industry Company Limited,経産省,有効,制裁リスト（経産省）
HOLD_LEGACY_NOT_IN_CURRENT,aerocomposit,Aerocomposit,経産省,有効,制裁リスト（経産省）
HOLD_LEGACY_NOT_IN_CURRENT,agat-controlsystems,AGAT – Control Systems,経産省,有効,制裁リスト（経産省）
HOLD_LEGACY_NOT_IN_CURRENT,agat-controlsystems-managingcompanyofgeoinformationcontrolsystemsholdingjsc,AGAT – Control Systems – Managing Company of Geoinformation Control Systems Holding JSC,経産省,有効,制裁リスト（経産省）
HOLD_LEGACY_NOT_IN_CURRENT,agat-electromechanicalplantojsc,AGAT-Electromechanical Plant OJSC,経産省,有効,制裁リスト（経産省）
HOLD_LEGACY_NOT_IN_CURRENT,agat-elektromekhanicheskizavod,Agat-Elektromekhanicheski Zavod,経産省,有効,制裁リスト（経産省）
HOLD_LEGACY_NOT_IN_CURRENT,agat-system,Agat-System,経産省,有効,制裁リスト（経産省）
HOLD_LEGACY_NOT_IN_CURRENT,aguinformationtechnologycolimited,AGU INFORMATION TECHNOLOGY CO LIMITED,OFAC;経産省,有効,制裁リスト（経産省／OFAC：SDN）
HOLD_LEGACY_NOT_IN_CURRENT,airforceofbelarus,Air Force of Belarus,経産省,有効,制裁リスト（経産省）
HOLD_LEGACY_NOT_IN_CURRENT,airforceofrussia,Air Force of Russia,経産省,有効,制裁リスト（経産省）
HOLD_LEGACY_NOT_IN_CURRENT,akbarsholding,Ak Bars Holding,経産省,有効,制裁リスト（経産省）
HOLD_LEGACY_NOT_IN_CURRENT,"aktcionernoeobshestvo""sredne-nevskysudostroyelnyplant",Aktcionernoe Obshestvo “Sredne - Nevsky Sudostroyelny Plant”,経産省,有効,制裁リスト（経産省）
HOLD_LEGACY_NOT_IN_CURRENT,"aktsionernoeobshchestvo""konstruktorskoebyuro""rubin-sever",Aktsionernoe Obshchestvo “Konstruktorskoe Byuro “Rubin-Sever”,経産省,有効,制裁リスト（経産省）
HOLD_LEGACY_NOT_IN_CURRENT,"aktsionernoeobshchestvo""krasnygidropress",Aktsionernoe Obshchestvo “Krasny Gidropress”,経産省,有効,制裁リスト（経産省）
HOLD_LEGACY_NOT_IN_CURRENT,"aktsionernoeobshchestvo""mashinostroitelnoekonstruktorskoebyuro""iskra",Aktsionernoe Obshchestvo “Mashinostroitelnoe Konstruktorskoe Byuro “Iskra”,経産省,有効,制裁リスト（経産省）
HOLD_LEGACY_NOT_IN_CURRENT,"aktsionernoeobshchestvo""pribaltiskisudostroitelnyzavod""yantar",Aktsionernoe Obshchestvo “Pribaltiski Sudostroitelny Zavod “Yantar”,経産省,有効,制裁リスト（経産省）
HOLD_LEGACY_NOT_IN_CURRENT,"aktsionernoeobshchestvo""sudostroitelnyzavod""vympel",Aktsionernoe Obshchestvo “Sudostroitelny Zavod “Vympel”,経産省,有効,制裁リスト（経産省）
HOLD_LEGACY_NOT_IN_CURRENT,"aktsionernoeobshchestvogosudarstvennoenauchno-proizvodstvennoepredpriyatie""region",Aktsionernoe Obshchestvo Gosudarstvennoe Nauchno-Proizvodstvennoe Predpriyatie “Region”,経産省,有効,制裁リスト（経産省）
HOLD_LEGACY_NOT_IN_CURRENT,aktsionernoeobshchestvolls.,Aktsionernoe Obshchestvo LLS.,経産省,有効,制裁リスト（経産省）
HOLD_LEGACY_NOT_IN_CURRENT,aktsionernoeobshchestvoosobayaekonomicheskayazonapromyshlenno-,Aktsionernoe Obshchestvo Osobaya Ekonomicheskaya Zona Promyshlenno-,経産省,有効,制裁リスト（経産省）
HOLD_LEGACY_NOT_IN_CURRENT,aktsionernoeobshchestvopapilon,Aktsionernoe Obshchestvo Papilon,経産省,有効,制裁リスト（経産省）
HOLD_LEGACY_NOT_IN_CURRENT,aktsionernoeobshchestvopribaltiskisudostroitelnyzavodyantar,"Pribaltiski Sudostroitelny Zavod Yantar, Aktsionernoe Obshchestvo",経産省,有効,制裁リスト（経産省）
HOLD_LEGACY_NOT_IN_CURRENT,aktsionernoeobshchestvoproton,Aktsionernoe Obshchestvo Proton,OFAC;経産省,有効,制裁リスト（経産省／OFAC：SDN）
HOLD_LEGACY_NOT_IN_CURRENT,aktsionernoeobshchestvorubin,Aktsionernoe Obshchestvo Rubin,経産省,有効,制裁リスト（経産省）
HOLD_LEGACY_NOT_IN_CURRENT,aktsionernoeobshchestvosudostroitelnyzavodvympel,"Sudostroitelny Zavod Vympel, Aktsionernoe Obshchestvo",経産省,有効,制裁リスト（経産省）
HOLD_LEGACY_NOT_IN_CURRENT,aktsionernoeobshchestvotsentralnoekonstruktorskoebyurolazurit,Aktsionernoe Obshchestvo Tsentralnoe Konstruktorskoe Byuro Lazurit,経産省,有効,制裁リスト（経産省）
HOLD_LEGACY_NOT_IN_CURRENT,aktsionernoeobshchestvoturaevskoemashinostroitelnoekonstruktorskoebyuro,Aktsionernoe Obshchestvo Turaevskoe Mashinostroitelnoe Konstruktorskoe Byuro,経産省,有効,制裁リスト（経産省）
HOLD_LEGACY_NOT_IN_CURRENT,"aktsionernoeobshchestvouralskoeproektno-konstruktorskoebyuro""detal",Aktsionernoe Obshchestvo Uralskoe Proektno-Konstruktorskoe Byuro “Detal”,経産省,有効,制裁リスト（経産省）
HOLD_LEGACY_NOT_IN_CURRENT,aktsionernoeoschevstvogolovnoeproizvodstvenno-tehnicheskoepredpriyatiegranit,Aktsionernoe Oschevstvo Golovnoe Proizvodstvenno-Tehnicheskoe Predpriyatie Granit,OFAC;経産省;財務省,有効,制裁リスト（財務省：ロシア連邦(団体(特定銀行を除く))／経産省／OFAC：SDN）
HOLD_LEGACY_NOT_IN_CURRENT,alabuga-fibrellc,Alabuga-Fibre LLC,経産省,有効,制裁リスト（経産省）
HOLD_LEGACY_NOT_IN_CURRENT,alagirresistorfactory,Alagir Resistor Factory,経産省,有効,制裁リスト（経産省）
HOLD_LEGACY_NOT_IN_CURRENT,alagirskyresistorfactory,Alagirsky Resistor Factory,経産省,有効,制裁リスト（経産省）
HOLD_LEGACY_NOT_IN_CURRENT,alekseybudnev,Aleksey Budnev,OFAC;経産省;財務省,有効,制裁リスト（財務省：ロシア連邦(個人)／経産省／OFAC：SDN）
HOLD_LEGACY_NOT_IN_CURRENT,all-russianresearchinstituteforopticalandphysicalmeasurementsfederalstate,All-Russian Research Institute for Optical and Physical Measurements Federal State,経産省,有効,制裁リスト（経産省）
HOLD_LEGACY_NOT_IN_CURRENT,all-russianscientific-researchinstituteetalonjsc,All-Russian Scientific-Research Institute Etalon JSC,経産省,有効,制裁リスト（経産省）
HOLD_LEGACY_NOT_IN_CURRENT,"allpartstradingco.,ltd","Allparts Trading Co., Ltd",経産省,有効,制裁リスト（経産省）
HOLD_LEGACY_NOT_IN_CURRENT,allpartstradingcompanylimited,All Parts Trading Company Limited,経産省,有効,制裁リスト（経産省）
HOLD_LEGACY_NOT_IN_CURRENT,allpartstradingcompanylimited.,All Parts Trading Company Limited.,経産省,有効,制裁リスト（経産省）
HOLD_LEGACY_NOT_IN_CURRENT,allrussiascientificresearchinstituteofopticalphysicalmeasurements,All Russia Scientific Research Institute of Optical Physical Measurements,経産省,有効,制裁リスト（経産省）
HOLD_LEGACY_NOT_IN_CURRENT,almaz,Almaz,経産省,有効,制裁リスト（経産省）
HOLD_LEGACY_NOT_IN_CURRENT,almazjsc,Almaz JSC,経産省,有効,制裁リスト（経産省）
HOLD_LEGACY_NOT_IN_CURRENT,alphatradinginvestments,Alpha Trading Investments,経産省,有効,制裁リスト（経産省）
HOLD_LEGACY_NOT_IN_CURRENT,alphatradinginvestmentslimited,ALPHA TRADING INVESTMENTS LIMITED,OFAC;経産省,有効,制裁リスト（経産省／OFAC：SDN）
HOLD_LEGACY_NOT_IN_CURRENT,alphatradinginvestmentsltd,Alpha Trading Investments Ltd,経産省,有効,制裁リスト（経産省）
HOLD_LEGACY_NOT_IN_CURRENT,alzar,Alzar,経産省,有効,制裁リスト（経産省）
HOLD_LEGACY_NOT_IN_CURRENT,amurshipbuildingfactorypjsc,Amur Shipbuilding Factory PJSC,経産省,有効,制裁リスト（経産省）
HOLD_LEGACY_NOT_IN_CURRENT,andreykazazaev,Andrey K azazaev,経産省;財務省,有効,制裁リスト（財務省：ロシア連邦(個人)／経産省）
HOLD_LEGACY_NOT_IN_CURRENT,"anpp""tempavia",ANPP “TEMP AVIA”,経産省,有効,制裁リスト（経産省）
HOLD_LEGACY_NOT_IN_CURRENT,anpptemp-avia,ANPP Temp-Avia,経産省,有効,制裁リスト（経産省）
HOLD_LEGACY_NOT_IN_CURRENT,anpp「テンプ・アヴィア,ANPP「テ ンプ・アヴィア」,経産省,有効,制裁リスト（経産省）
HOLD_LEGACY_NOT_IN_CURRENT,anppテンプ・アヴィア,ANPPテンプ・アヴィア,経産省,有効,制裁リスト（経産省）
HOLD_LEGACY_NOT_IN_CURRENT,anppテンプ・エア-,ANPPテンプ・エアー,経産省,有効,制裁リスト（経産省）
HOLD_LEGACY_NOT_IN_CURRENT,aoaviaagregat,AO Aviaagregat,経産省,有効,制裁リスト（経産省）
HOLD_LEGACY_NOT_IN_CURRENT,aocenterofshipbuildingandshiprepairingjsc,AO Center of Shipbuilding and Ship Repairing JSC,経産省,有効,制裁リスト（経産省）
HOLD_LEGACY_NOT_IN_CURRENT,aoconcernkemz,AO Concern KEMZ,経産省,有効,制裁リスト（経産省）
HOLD_LEGACY_NOT_IN_CURRENT,aodizaintsentrsoyuz,AO Dizain Tsentr Soyuz,経産省,有効,制裁リスト（経産省）
HOLD_LEGACY_NOT_IN_CURRENT,aodtsss,AO DTSSS,OFAC;経産省,有効,制裁リスト（経産省／OFAC）
HOLD_LEGACY_NOT_IN_CURRENT,aoeds,AO EDS,経産省,有効,制裁リスト（経産省）
HOLD_LEGACY_NOT_IN_CURRENT,aogeomir,AO Geomir,経産省,有効,制裁リスト（経産省）
HOLD_LEGACY_NOT_IN_CURRENT,"aognpp""region""tacticalmissilecorporation","Tactical Missile Corporation, AO GNPP “Region”",経産省,有効,制裁リスト（経産省）
HOLD_LEGACY_NOT_IN_CURRENT,aogosniikristall,AO GOSNII Kristall,経産省,有効,制裁リスト（経産省）
HOLD_LEGACY_NOT_IN_CURRENT,aogosudarstvennynauchno-issledovatelskiinstitutkristall,AO Gosudarstvenny Nauchno-Issledovatelski Institut Kristall,経産省,有効,制裁リスト（経産省）
HOLD_LEGACY_NOT_IN_CURRENT,aoineumim.i.s.bruk,AO INEUM IM. I.S. Bruk,経産省,有効,制裁リスト（経産省）
HOLD_LEGACY_NOT_IN_CURRENT,aoinzhenernytsentrgeomir,"Inzhenerny Tsentr Geomir, AO",経産省,有効,制裁リスト（経産省）
HOLD_LEGACY_NOT_IN_CURRENT,aokhabarovskiyradiotekhnicheskiyzavod,AO Khabarovskiy Radiotekhnicheskiy Zavod,経産省,有効,制裁リスト（経産省）
HOLD_LEGACY_NOT_IN_CURRENT,aokhrtz,AO KHRTZ,経産省,有効,制裁リスト（経産省）
HOLD_LEGACY_NOT_IN_CURRENT,aokonstruktorsko-tekhnologicheskiytsentrelektronika,AO Konstruktorsko-Tekhnologicheskiy Tsentr Elektronika,経産省,有効,制裁リスト（経産省）
HOLD_LEGACY_NOT_IN_CURRENT,aokontsernsozvezdie.,AO Kontsern Sozvezdie.,経産省,有効,制裁リスト（経産省）
HOLD_LEGACY_NOT_IN_CURRENT,aokontsernvega,AO Kontsern Vega,経産省,有効,制裁リスト（経産省）
HOLD_LEGACY_NOT_IN_CURRENT,aokraftveikorporeishnpls,AO Kraftvei Korporeishn Pls,OFAC;経産省,有効,制裁リスト（経産省／OFAC：SDN）
HOLD_LEGACY_NOT_IN_CURRENT,aokraftwaycorporationpsc,AO Kraftway Corporation PSC,経産省,有効,制裁リスト（経産省）
HOLD_LEGACY_NOT_IN_CURRENT,aokttselektronika,AO KTTs Elektronika,経産省,有効,制裁リスト（経産省）
HOLD_LEGACY_NOT_IN_CURRENT,aolls,AO LLS,経産省,有効,制裁リスト（経産省）
HOLD_LEGACY_NOT_IN_CURRENT,aomariyskiymashinostroitelnyizavod,AO Mariyskiy Mashinostroitelnyi Zavod,経産省,有効,制裁リスト（経産省）
HOLD_LEGACY_NOT_IN_CURRENT,aommz,AO MMZ,経産省,有効,制裁リスト（経産省）
HOLD_LEGACY_NOT_IN_CURRENT,aomtsst,AO MTSST,経産省,有効,制裁リスト（経産省）
HOLD_LEGACY_NOT_IN_CURRENT,aonauchno-issledovatelskiyinstitutgazorazriyadnikhpriborovplazma,AO Nauchno-Issledovatelskiy Institut Gazorazriyadnikh Priborov Plazma,経産省,有効,制裁リスト（経産省）
HOLD_LEGACY_NOT_IN_CURRENT,aonauchno-issledovatelskiyinstitutgirikond,AO Nauchno-Issledovatelskiy Institut Girikond,経産省,有効,制裁リスト（経産省）
HOLD_LEGACY_NOT_IN_CURRENT,aonauchno-issledovatelskiyinstitutmaterialovelektronnoitekhniki,AO Nauchno-Issledovatelskiy Institut Materialov Elektronnoi Tekhniki,経産省,有効,制裁リスト（経産省）
HOLD_LEGACY_NOT_IN_CURRENT,aonauchno-issledovatelskiyinstituttochnogomashinostroeniya,AO Nauchno-Issledovatelskiy Institut Tochnogo Mashinostroeniya,経産省,有効,制裁リスト（経産省）
HOLD_LEGACY_NOT_IN_CURRENT,aonauchno-issledovatelskiyinzhenerniyinstitut,AO Nauchno—Issledovatelskiy Inzhenerniy Institut,legacy;経産省,有効,制裁リスト（経産省／令和5年12月15日外為法）
HOLD_LEGACY_NOT_IN_CURRENT,aonauchno-issledovatelskyinstitutvychislitelnykhkompleksovimenim.a,AO Nauchno— Issledovatelsky Institut Vychislitelnykh Kompleksov Imeni M.A,経産省,有効,制裁リスト（経産省）
HOLD_LEGACY_NOT_IN_CURRENT,aonauchno-proizvodstvenniytsentravtomatikiipriborostroeniyaimeniakademika,AO Nauchno-Proizvodstvenniy Tsentr Avtomatiki i Priborostroeniya imeni Akademika,経産省,有効,制裁リスト（経産省）
HOLD_LEGACY_NOT_IN_CURRENT,aonauchno-proizvodstvennoeobedinenieim.s.a.lavochkina,AO Nauchno-Proizvodstvennoe Obedinenie IM. S.A. Lavochkina,経産省,有効,制裁リスト（経産省）
HOLD_LEGACY_NOT_IN_CURRENT,aonauchno-proizvodstvennoepredpriyatieelektronstandart,AO Nauchno-Proizvodstvennoe Predpriyatie Elektronstandart,経産省,有効,制裁リスト（経産省）
HOLD_LEGACY_NOT_IN_CURRENT,aonauchno-proizvodstvennoepredpriyatiekontakt,AO Nauchno-Proizvodstvennoe Predpriyatie Kontakt,経産省,有効,制裁リスト（経産省）
HOLD_LEGACY_NOT_IN_CURRENT,aonauchno-proizvodstvennoepredpriyatiepulsar,AO Nauchno-Proizvodstvennoe Predpriyatie Pulsar,経産省,有効,制裁リスト（経産省）
HOLD_LEGACY_NOT_IN_CURRENT,aonauchno-proizvodstvennoepredpriyatieradarmms,AO Nauchno-Proizvodstvennoe Predpriyatie Radar MMS,経産省,有効,制裁リスト（経産省）
HOLD_LEGACY_NOT_IN_CURRENT,aonauchno-proizvodstvennoepredpriyatiesapfir,AO Nauchno-Proizvodstvennoe Predpriyatie Sapfir,経産省,有効,制裁リスト（経産省）
HOLD_LEGACY_NOT_IN_CURRENT,aonauchno-proizvodstvennoepredpriyatietopaz,AO Nauchno-Proizvodstvennoe Predpriyatie Topaz,経産省,有効,制裁リスト（経産省）
HOLD_LEGACY_NOT_IN_CURRENT,aonauchno-proizvodstvennoyeobedinenierusskiebazoviyeinformatsionniye,AO Nauchno— Proizvodstvennoye Obedinenie Russkie Bazoviye Informatsionniye,経産省,有効,制裁リスト（経産省）
HOLD_LEGACY_NOT_IN_CURRENT,aonauchno-proizvodstvennyytsentrvigstar,AO Nauchno-proizvodstvennyy tsentr Vigstar,経産省,有効,制裁リスト（経産省）
HOLD_LEGACY_NOT_IN_CURRENT,aonauchnoissledovatelskiiinstitutpromyshlennogotelevideniyarastr,AO Nauchno Issledovatelskii Institut Promyshlennogo Televideniya Rastr,経産省,有効,制裁リスト（経産省）
HOLD_LEGACY_NOT_IN_CURRENT,aonauchnoissledovatelskiiiproektno-tekhnologicheskiiinstitutelektrougolnykh,AO Nauchno Issledovatelskii I Proektno-Tekhnologicheskii Institut Elektrougolnykh,経産省,有効,制裁リスト（経産省）
HOLD_LEGACY_NOT_IN_CURRENT,aonauchnoproizvodstvennoeobedinenieizmeritelnoitekhniki,AO Nauchno Proizvodstvennoe Obedinenie Izmeritelnoi Tekhniki,経産省,有効,制裁リスト（経産省）
HOLD_LEGACY_NOT_IN_CURRENT,aonauchnyytsentrelins,AO Nauchnyy Tsentr Elins,経産省,有効,制裁リスト（経産省）
HOLD_LEGACY_NOT_IN_CURRENT,aoniielektronno-mekhanicheskikhpriborov,AO NII Elektronno-Mekhanicheskikh Priborov,経産省,有効,制裁リスト（経産省）
HOLD_LEGACY_NOT_IN_CURRENT,aoniitm,AO NIITM,経産省,有効,制裁リスト（経産省）
HOLD_LEGACY_NOT_IN_CURRENT,aonpppulsar,AO NPP Pulsar,経産省,有効,制裁リスト（経産省）
HOLD_LEGACY_NOT_IN_CURRENT,aonpptsifrovyeresheniya,AO NPP Tsifrovye Resheniya,経産省,有効,制裁リスト（経産省）
HOLD_LEGACY_NOT_IN_CURRENT,aoobninskoenpptekhnologiyaim.a.g.romashina,AO Obninskoe NPP Tekhnologiya IM. A.G. Romashina,経産省,有効,制裁リスト（経産省）
HOLD_LEGACY_NOT_IN_CURRENT,aookbelektroavtomatika,AO OKB Elektroavtomatika,経産省,有効,制裁リスト（経産省）
HOLD_LEGACY_NOT_IN_CURRENT,aoonpptekhnologiyaim.a.g.romashina,AO ONPP Tekhnologiya IM. A.G. Romashina,経産省,有効,制裁リスト（経産省）
HOLD_LEGACY_NOT_IN_CURRENT,aopapilon,AO Papilon,経産省,有効,制裁リスト（経産省）
HOLD_LEGACY_NOT_IN_CURRENT,aopenzenskiynauchno-issledovatelskiyelektrotekhnicheskiyinstitut,AO Penzenskiy Nauchno-Issledovatelskiy Elektrotekhnicheskiy Institut,経産省,有効,制裁リスト（経産省）
HOLD_LEGACY_NOT_IN_CURRENT,aoplasma,AO Plasma,経産省,有効,制裁リスト（経産省）
HOLD_LEGACY_NOT_IN_CURRENT,aoposever,AO PO Sever,経産省,有効,制裁リスト（経産省）
HOLD_LEGACY_NOT_IN_CURRENT,aoproizvodsvennoeobedinenieuralskiiopitko-mekhanicheskiizavod,AO Proizvodsvennoe Obedinenie Uralskii Opitko-Mekhanicheskii Zavod,経産省,有効,制裁リスト（経産省）
HOLD_LEGACY_NOT_IN_CURRENT,aoproton,AO Proton,OFAC;経産省,有効,制裁リスト（経産省／OFAC：SDN）
HOLD_LEGACY_NOT_IN_CURRENT,aoradiopriborsnab,AO Radiopriborsnab,経産省,有効,制裁リスト（経産省）
HOLD_LEGACY_NOT_IN_CURRENT,aoradiopriborsnab.,AO Radiopriborsnab.,経産省,有効,制裁リスト（経産省）
HOLD_LEGACY_NOT_IN_CURRENT,aorfk-bankbank,AO RFK -BANK Bank,経産省,有効,制裁リスト（経産省）
HOLD_LEGACY_NOT_IN_CURRENT,aort-techpriemka,AO RT-Techpriemka,経産省,有効,制裁リスト（経産省）
HOLD_LEGACY_NOT_IN_CURRENT,aorubin,AO Rubin,経産省,有効,制裁リスト（経産省）
HOLD_LEGACY_NOT_IN_CURRENT,aoryazanskizavodmetallokeramicheskikhpriborov,AO Ryazanski Zavod Metallokeramicheskikh Priborov,経産省,有効,制裁リスト（経産省）
HOLD_LEGACY_NOT_IN_CURRENT,aoscientificresearch,AO Scientific Research,経産省,有効,制裁リスト（経産省）
HOLD_LEGACY_NOT_IN_CURRENT,aoscientificresearchinstituteofelectronics,AO Scientific Research Institute of Electronics,経産省,有効,制裁リスト（経産省）
HOLD_LEGACY_NOT_IN_CURRENT,aoset-1,AO Set-1,経産省,有効,制裁リスト（経産省）
HOLD_LEGACY_NOT_IN_CURRENT,aoskakbars,AO SK Ak Bars,経産省,有効,制裁リスト（経産省）
HOLD_LEGACY_NOT_IN_CURRENT,aoskbturbina,AO SKB Turbina,経産省,有効,制裁リスト（経産省）
HOLD_LEGACY_NOT_IN_CURRENT,aospetsialnoekonstrucktorskoebyuroturbina,AO Spetsialnoe Konstrucktorskoe Byuro Turbina,経産省,有効,制裁リスト（経産省）
HOLD_LEGACY_NOT_IN_CURRENT,aospetsialnoekonstruktorskoebyurovychislitelnoitekhniki,AO Spetsialnoe Konstruktorskoe Byuro Vychislitelnoi Tekhniki,経産省,有効,制裁リスト（経産省）
HOLD_LEGACY_NOT_IN_CURRENT,aospetsialnoeproektno-konstruktorskoebyurosredstvupravleniya,AO Spetsialnoe Proektno-Konstruktorskoe Byuro Sredstv Upravleniya,経産省,有効,制裁リスト（経産省）
HOLD_LEGACY_NOT_IN_CURRENT,aosudostroyitelnayakorporatsiyaakbars,AO Sudostroyitelnaya Korporatsiya Ak Bars,経産省,有効,制裁リスト（経産省）
HOLD_LEGACY_NOT_IN_CURRENT,aosvetlanapoluprovodniki,AO Svetlana Poluprovodniki,経産省,有効,制裁リスト（経産省）
HOLD_LEGACY_NOT_IN_CURRENT,"aotmkb""soyuz""tacticalmissilecorporation","Tactical Missile Corporation, AO TMKB “Soyuz”",経産省,有効,制裁リスト（経産省）
HOLD_LEGACY_NOT_IN_CURRENT,aotsentrnauchno-tekhnicheskikhuslugdinamika,AO Tsentr Nauchno-Tekhnicheskikh Uslug Dinamika,経産省,有効,制裁リスト（経産省）
HOLD_LEGACY_NOT_IN_CURRENT,aotsentrtekhnologiisudostroyeniyaisudoremonta,AO Tsentr Tekhnologii Sudostroyeniya i Sudoremonta,経産省,有効,制裁リスト（経産省）
HOLD_LEGACY_NOT_IN_CURRENT,aotsntudinamika,AO TsNTU Dinamika,経産省,有効,制裁リスト（経産省）
HOLD_LEGACY_NOT_IN_CURRENT,"aoupkb""detal",AO UPKB “Detal”,経産省,有効,制裁リスト（経産省）
HOLD_LEGACY_NOT_IN_CURRENT,aovmpavitek,AO VMP Avitek,OFAC;経産省;財務省,有効,制裁リスト（財務省：ロシア連邦(団体(特定銀行を除く))／経産省／OFAC：SDN）
HOLD_LEGACY_NOT_IN_CURRENT,aovologodskyoptikomekhanicheskyzavod,AO Vologodsky Optiko Mekhanichesky Zavod,経産省,有効,制裁リスト（経産省）
HOLD_LEGACY_NOT_IN_CURRENT,aovomz,AO VOMZ,経産省,有効,制裁リスト（経産省）
HOLD_LEGACY_NOT_IN_CURRENT,aovoronezhskyzavodpoluprovodnikovykhpriborov-sborka,AO Voronezhsky Zavod Poluprovodnikovykh Priborov-Sborka,経産省,有効,制裁リスト（経産省）
HOLD_LEGACY_NOT_IN_CURRENT,aovserossiyskiynauchno-issledovatelskiyinstitutradiotekhniki,AO Vserossiyskiy Nauchno-Issledovatelskiy Institut Radiotekhniki,経産省,有効,制裁リスト（経産省）
HOLD_LEGACY_NOT_IN_CURRENT,aovserossiyskiynauchno-issledovatelskiyinstitutsignal,AO Vserossiyskiy Nauchno-Issledovatelskiy Institut Signal,経産省,有効,制裁リスト（経産省）
HOLD_LEGACY_NOT_IN_CURRENT,aovzpp-s,AO VZPP–S,経産省,有効,制裁リスト（経産省）
HOLD_LEGACY_NOT_IN_CURRENT,aozelenogradskinanotekhnologicheskitsentr,AO Zelenogradski Nanotekhnologicheski Tsentr,経産省,有効,制裁リスト（経産省）
HOLD_LEGACY_NOT_IN_CURRENT,aozntts,AO ZNTTs,経産省,有効,制裁リスト（経産省）
HOLD_LEGACY_NOT_IN_CURRENT,ao科学製造センタ-・ヴィグスタル,AO科学製造センター・ヴィグスタル,経産省,有効,制裁リスト（経産省）
HOLD_LEGACY_NOT_IN_CURRENT,ap-voskhod,AP-Voskhod,経産省,有効,制裁リスト（経産省）
HOLD_LEGACY_NOT_IN_CURRENT,apヴォスホ-ド,AP ヴォスホード,経産省,有効,制裁リスト（経産省）
HOLD_LEGACY_NOT_IN_CURRENT,argonscientific-researchinstitutejsc,Argon Scientific-Research Institute JSC,経産省,有効,制裁リスト（経産省）
HOLD_LEGACY_NOT_IN_CURRENT,argutooo,Argut OOO,経産省,有効,制裁リスト（経産省）
HOLD_LEGACY_NOT_IN_CURRENT,arizaigidaticaretlimitedsirketi,Arizai Gida Ticaret Limited Sirketi,経産省,有効,制裁リスト（経産省）
HOLD_LEGACY_NOT_IN_CURRENT,armedforcesofbelarus,Armed Forces of Belarus,経産省,有効,制裁リスト（経産省）
HOLD_LEGACY_NOT_IN_CURRENT,armedforcesofrussia,Armed Forces of Russia,経産省,有効,制裁リスト（経産省）
HOLD_LEGACY_NOT_IN_CURRENT,armyofbelarus,Army of Belarus,経産省,有効,制裁リスト（経産省）
HOLD_LEGACY_NOT_IN_CURRENT,armyofrussia,Army of Russia,経産省,有効,制裁リスト（経産省）
HOLD_LEGACY_NOT_IN_CURRENT,arsenalmachinebuildingplantojsc,Arsenal Machine Building Plant OJSC,OFAC;経産省;財務省,有効,制裁リスト（財務省：ロシア連邦(団体(特定銀行を除く))／経産省／OFAC：SDN）
HOLD_LEGACY_NOT_IN_CURRENT,artlogisticsllc,Art Logistics LLC,経産省,有効,制裁リスト（経産省）
HOLD_LEGACY_NOT_IN_CURRENT,artoflogisticsllc,Art of Logistics LLC,経産省,有効,制裁リスト（経産省）
HOLD_LEGACY_NOT_IN_CURRENT,arzamasscientificproductionenterprisetempavi,Arzamas Scientific Production Enterprise Temp Avi,経産省,有効,制裁リスト（経産省）
HOLD_LEGACY_NOT_IN_CURRENT,arzamscientificproductionenterprisetempavia,Arzam Scientific Production Enterprise Temp Avia,経産省,有効,制裁リスト（経産省）
HOLD_LEGACY_NOT_IN_CURRENT,aseco.,ASE CO.,経産省,有効,制裁リスト（経産省）
HOLD_LEGACY_NOT_IN_CURRENT,asiapacificlinksltd,Asia Pacific Links Ltd,経産省,有効,制裁リスト（経産省）
HOLD_LEGACY_NOT_IN_CURRENT,askjsc,ASK JSC,経産省,有効,制裁リスト（経産省）
HOLD_LEGACY_NOT_IN_CURRENT,astgozllc,AST GOZ LLC,経産省,有効,制裁リスト（経産省）
HOLD_LEGACY_NOT_IN_CURRENT,ate-engineeringllc,ATE-Engineering LLC,経産省,有効,制裁リスト（経産省）
HOLD_LEGACY_NOT_IN_CURRENT,"automatedprocurementsystemforstatedefenseorders,llc","Automated Procurement System for State Defense Orders, LLC",経産省,有効,制裁リスト（経産省）
HOLD_LEGACY_NOT_IN_CURRENT,autonomousnon-profitorganizationforhighereducationskolkovoinstituteof,Autonomous Non-Profit Organization for Higher Education Skolkovo Institute of,経産省,有効,制裁リスト（経産省）
HOLD_LEGACY_NOT_IN_CURRENT,avangardjsc,Avangard JSC,経産省,有効,制裁リスト（経産省）
HOLD_LEGACY_NOT_IN_CURRENT,avant-spacellc,Avant-Space LLC,経産省,有効,制裁リスト（経産省）
HOLD_LEGACY_NOT_IN_CURRENT,avant-speis,AVANT-SPEIS,経産省,有効,制裁リスト（経産省）
HOLD_LEGACY_NOT_IN_CURRENT,avantspacepropulsionsystems,Avant Space Propulsion Systems,経産省,有効,制裁リスト（経産省）
HOLD_LEGACY_NOT_IN_CURRENT,avantspacesystems,Avant Space Systems,経産省,有効,制裁リスト（経産省）
HOLD_LEGACY_NOT_IN_CURRENT,avia,AVIA”,経産省,有効,制裁リスト（経産省）
HOLD_LEGACY_NOT_IN_CURRENT,aviaremont,Aviaremont,経産省,有効,制裁リスト（経産省）
HOLD_LEGACY_NOT_IN_CURRENT,aviationholdingcompanyakhk24912sukhoi,Aviation Holding Company AKhK24912 Sukhoi,経産省,有効,制裁リスト（経産省）
HOLD_LEGACY_NOT_IN_CURRENT,aviationholdingcompanyakhksukhoi,Aviation Holding Company AKhK Sukhoi,経産省,有効,制裁リスト（経産省）
HOLD_LEGACY_NOT_IN_CURRENT,avicleihuaelectronictechnologyresearchinstitute,AVIC Leihua Electronic Technology Research Institute,経産省,有効,制裁リスト（経産省）
HOLD_LEGACY_NOT_IN_CURRENT,avicresearchinstituteforspecialstructuresofaeronauticalcomposites,AVIC Research Institute for Special Structures of Aeronautical Composites,経産省,有効,制裁リスト（経産省）
HOLD_LEGACY_NOT_IN_CURRENT,avtomatika,Avtomatika,経産省,有効,制裁リスト（経産省）
HOLD_LEGACY_NOT_IN_CURRENT,azovopticalandmechanicalplanttacticalmissilecorporation,"Tactical Missile Corporation, Azov Optical and Mechanical Plant",経産省,有効,制裁リスト（経産省）
HOLD_LEGACY_NOT_IN_CURRENT,baikalelectronics,Baikal Electronics,経産省,有効,制裁リスト（経産省）
HOLD_LEGACY_NOT_IN_CURRENT,"baimtecmaterialco.,ltd.","Baimtec Material Co., Ltd.",経産省,有効,制裁リスト（経産省）
HOLD_LEGACY_NOT_IN_CURRENT,bankcenterforinternationalsettlementsllc,Bank Center for International Settlements LLC,OFAC;経産省;財務省,有効,制裁リスト（財務省：ロシア連邦(特定銀行)／経産省／OFAC：SDN）
HOLD_LEGACY_NOT_IN_CURRENT,banktsentrmezhdunarodnykhraschetovobshchestvosogranichennoiotvetstvennostyu,Bank Tsentr Mezhdunarodnykh Raschetov Obshchestvo s Ogranichennoi Otvetstvennostyu,OFAC;経産省;財務省,有効,制裁リスト（財務省：ロシア連邦(特定銀行)／経産省／OFAC：SDN）
HOLD_LEGACY_NOT_IN_CURRENT,beeinsaat,Bee Insaat,経産省,有効,制裁リスト（経産省）
HOLD_LEGACY_NOT_IN_CURRENT,beeinsaatmimarlikanonimsirketi,Bee Insaat Mimarlik Anonim Sirketi,OFAC;経産省,有効,制裁リスト（経産省／OFAC：SDN）
HOLD_LEGACY_NOT_IN_CURRENT,beeinsaatmimarlikas,Bee Insaat Mimarlik AS,OFAC;経産省,有効,制裁リスト（経産省／OFAC：SDN）
HOLD_LEGACY_NOT_IN_CURRENT,beei̇nșaatmimarlika.ș,Bee İnșaat Mimarlik A.Ș,経産省,有効,制裁リスト（経産省）
HOLD_LEGACY_NOT_IN_CURRENT,beei̇nșaatmimarlika.ș.,Bee İnșaat Mimarlik A. Ș.,経産省,有効,制裁リスト（経産省）
HOLD_LEGACY_NOT_IN_CURRENT,beei̇nșaatmimarlikanonimșirketi,Bee İnșaat Mimarlik Anonim Șirketi,経産省,有効,制裁リスト（経産省）
HOLD_LEGACY_NOT_IN_CURRENT,beijingaeronauticalmanufacturingtechnologyresearchinstitute(bamtri),Beijing Aeronautical Manufacturing Technology Research Institute (BAMTRI),経産省,有効,制裁リスト（経産省）
HOLD_LEGACY_NOT_IN_CURRENT,beijingaerospaceautomaticcontrolinstitute(bicd),Beijing Aerospace Automatic Control Institute (BICD),経産省,有効,制裁リスト（経産省）
HOLD_LEGACY_NOT_IN_CURRENT,"beijingalitetechnologiesco.,ltd.(alco)","Beijing Alite Technologies Co., Ltd. (ALCO)",経産省,有効,制裁リスト（経産省）
HOLD_LEGACY_NOT_IN_CURRENT,beijingautomationcontrolequipmentinstitute(bacei),Beijing Automation Control Equipment Institute (BACEI),経産省,有効,制裁リスト（経産省）
HOLD_LEGACY_NOT_IN_CURRENT,beijingchengxingtradingco.ltd.,BEIJING CHENGXING TRADING CO. LTD.,OFAC;経産省,有効,制裁リスト（経産省／OFAC：SDN）
HOLD_LEGACY_NOT_IN_CURRENT,"beijingchinatankindustryco.,ltd.","Beijing China Tank Industry Co., Ltd.",経産省,有効,制裁リスト（経産省）
HOLD_LEGACY_NOT_IN_CURRENT,beijinginstituteofstructureandenvironmentalengineering(bise),Beijing Institute of Structure and Environmental Engineering (BISE),経産省,有効,制裁リスト（経産省）
HOLD_LEGACY_NOT_IN_CURRENT,beijinginstituteoftechnology,Beijing Institute of Technology,経産省,有効,制裁リスト（経産省）
HOLD_LEGACY_NOT_IN_CURRENT,beijingpowermachineryinstitute,Beijing Power Machinery Institute,経産省,有効,制裁リスト（経産省）
HOLD_LEGACY_NOT_IN_CURRENT,"beijingshinynightstechnologydevelopmentco.,ltd.","BEIJING SHINY NIGHTS TECHNOLOGY DEVELOPMENT CO., LTD.",経産省,有効,制裁リスト（経産省）
HOLD_LEGACY_NOT_IN_CURRENT,"beijingstarnetotechnologyco.,ltd.","Beijing Starneto Technology Co., Ltd.",経産省,有効,制裁リスト（経産省）
HOLD_LEGACY_NOT_IN_CURRENT,"beijingtianhaiindustryco.,ltd.","Beijing Tianhai Industry Co., Ltd.",経産省,有効,制裁リスト（経産省）
HOLD_LEGACY_NOT_IN_CURRENT,"beijingunistrongscience&technologyco.,ltd.","Beijing UniStrong Science & Technology Co., Ltd.",経産省,有効,制裁リスト（経産省）
HOLD_LEGACY_NOT_IN_CURRENT,beijinguniversityofaeronauticsandastronautics(buaa),Beijing University of Aeronautics and Astronautics (BUAA),経産省,有効,制裁リスト（経産省）
HOLD_LEGACY_NOT_IN_CURRENT,belomoholding,BelOMO Holding,経産省,有効,制裁リスト（経産省）
HOLD_LEGACY_NOT_IN_CURRENT,belspetsvneshtechnikasftue,Belspetsvneshtechnika SFTUE,経産省,有効,制裁リスト（経産省）
HOLD_LEGACY_NOT_IN_CURRENT,beltechexportcjsc,Beltechexport CJSC,経産省,有効,制裁リスト（経産省）
HOLD_LEGACY_NOT_IN_CURRENT,bemz,BEMZ,経産省,有効,制裁リスト（経産省）
HOLD_LEGACY_NOT_IN_CURRENT,biongroupicvedisticaretlimited,Bion Group Ic Ve Dis Ticaret Limited,経産省,有効,制裁リスト（経産省）
HOLD_LEGACY_NOT_IN_CURRENT,biongroupi̇çvedișticaretlimitedșirketi,Bion Group İç Ve Di ș Ticaret Limited Șirketi,経産省,有効,制裁リスト（経産省）
HOLD_LEGACY_NOT_IN_CURRENT,biongroupltdsti,Bion Group Ltd Sti,経産省,有効,制裁リスト（経産省）
HOLD_LEGACY_NOT_IN_CURRENT,biongroupltdsti.,Bion Group Ltd Sti.,経産省,有効,制裁リスト（経産省）
HOLD_LEGACY_NOT_IN_CURRENT,biontradegrouplimited,Bion Trade Group Limited,経産省,有効,制裁リスト（経産省）
HOLD_LEGACY_NOT_IN_CURRENT,branchofaocompanysukhoiyurigagarinkomsomolskonamuraircraftplant,Branch of AO Company Sukhoi Yuri Gagarin Komsomolsk on Amur Aircraft Plant,経産省,有効,制裁リスト（経産省）
HOLD_LEGACY_NOT_IN_CURRENT,branchofpaoil-aviastar,Branch of PAO IL – Aviastar,経産省,有効,制裁リスト（経産省）
HOLD_LEGACY_NOT_IN_CURRENT,branchofpaouec-saturnomskmotor-manufacturingdesignbureau,Branch of PAO UEC-Saturn Omsk Motor-Manufacturing Design Bureau,経産省,有効,制裁リスト（経産省）
HOLD_LEGACY_NOT_IN_CURRENT,branchofrskmignizhnynovgorodaircraftconstructionplantsokol,Branch of RSK MiG Nizhny Novgorod Aircraft Construction Plant Sokol,経産省,有効,制裁リスト（経産省）
HOLD_LEGACY_NOT_IN_CURRENT,branchofrskmigp.a.voroninlukhovitskyaviationplant,"P.A. Voronin Lukhovitsky Aviation Plant, branch of RSK MiG",経産省,有効,制裁リスト（経産省）
HOLD_LEGACY_NOT_IN_CURRENT,branchofuec-saturna.lyulkiscienceandtechnologycenter,Branch of UEC-Saturn A. Lyulki Science and Technology Center,経産省,有効,制裁リスト（経産省）
HOLD_LEGACY_NOT_IN_CURRENT,branchofuec-umpolytkarinomachine-buildingplant,Branch of UEC-UMPO Lytkarino Machine-Building Plant,経産省,有効,制裁リスト（経産省）
HOLD_LEGACY_NOT_IN_CURRENT,bsvt,BSVT,経産省,有効,制裁リスト（経産省）
HOLD_LEGACY_NOT_IN_CURRENT,bsvt-newtechnologies,BSVT-New Technologies,OFAC;経産省,有効,制裁リスト（経産省／OFAC：SDN）
HOLD_LEGACY_NOT_IN_CURRENT,bsvt-nt,BSVT-NT,OFAC;経産省,有効,制裁リスト（経産省／OFAC：SDN）
HOLD_LEGACY_NOT_IN_CURRENT,bsvt新技術,BSVT新技術,経産省,有効,制裁リスト（経産省）
HOLD_LEGACY_NOT_IN_CURRENT,caim,CAIM,経産省,有効,制裁リスト（経産省）
HOLD_LEGACY_NOT_IN_CURRENT,catalanolimited,Catalano Limited,経産省,有効,制裁リスト（経産省）
HOLD_LEGACY_NOT_IN_CURRENT,centerfortechnologicalcompetenciesinradiophtonics,Center for Technological Competencies in Radiophtonics,経産省,有効,制裁リスト（経産省）
HOLD_LEGACY_NOT_IN_CURRENT,centralaerohydrodynamicinstitute,Central Aerohydrodynamic Institute,経産省,有効,制裁リスト（経産省）
HOLD_LEGACY_NOT_IN_CURRENT,centraldesignbureauofheavymachinebuildingsputskbtm,Central Design Bureau of Heavy Machine Building SPU TsKB TM,経産省,有効,制裁リスト（経産省）
HOLD_LEGACY_NOT_IN_CURRENT,centralresearchanddevelopmentinstitutetsiklon,Central Research and Development Institute Tsiklon,経産省,有効,制裁リスト（経産省）
HOLD_LEGACY_NOT_IN_CURRENT,"centralresearchinstitute""gidropribor",Central Research Institute “Gidropribor”,経産省,有効,制裁リスト（経産省）
HOLD_LEGACY_NOT_IN_CURRENT,centralresearchinstitutecyclonejsc,Central Research Institute Cyclone JSC,経産省,有効,制裁リスト（経産省）
HOLD_LEGACY_NOT_IN_CURRENT,"certifiedengineeringcenter,ltd","Certified Engineering Center, Ltd",経産省,有効,制裁リスト（経産省）
HOLD_LEGACY_NOT_IN_CURRENT,cet-1jsc,Cet-1 JSC,経産省,有効,制裁リスト（経産省）
HOLD_LEGACY_NOT_IN_CURRENT,cgst,CGST,経産省,有効,制裁リスト（経産省）
HOLD_LEGACY_NOT_IN_CURRENT,"changguangsatelliteco.,ltd","Changguang Satellite Co., Ltd",経産省,有効,制裁リスト（経産省）
HOLD_LEGACY_NOT_IN_CURRENT,changguangsatellitecoltd,Changguang Satellite Co Ltd,経産省,有効,制裁リスト（経産省）
HOLD_LEGACY_NOT_IN_CURRENT,"changguangsatellitetechnologyco.,ltd","Chang Guang Satellite Technology Co., Ltd",経産省,有効,制裁リスト（経産省）
HOLD_LEGACY_NOT_IN_CURRENT,changguangsatellitetechnologyco.ltd,Chang Guang Satellite Technology Co. Ltd,経産省,有効,制裁リスト（経産省）
HOLD_LEGACY_NOT_IN_CURRENT,changshatianyikongjiankejiyanjiuyuanyouxiangongsi,Chang Sha Tian Yi Kong Jian Ke Ji Yan Jiu Yuan You Xian Gong Si,OFAC;経産省,有効,制裁リスト（経産省／OFAC：SDN）
HOLD_LEGACY_NOT_IN_CURRENT,changshatianyispacescienceandtechnologyresearch,Changsha Tianyi Space Science and Technology Research,経産省,有効,制裁リスト（経産省）
HOLD_LEGACY_NOT_IN_CURRENT,changshatianyispacescienceandtechnologyresearch(spacety),Changsha Tianyi Space Science and Technology Research (SpaceTy),経産省,有効,制裁リスト（経産省）
HOLD_LEGACY_NOT_IN_CURRENT,changshatianyispacescienceandtechnologyresearchinstitute,Changsha Tianyi Space Science and Technology Research Institute,経産省,有効,制裁リスト（経産省）
HOLD_LEGACY_NOT_IN_CURRENT,changshatianyispacescienceandtechnologyresearchinstituteco.ltd,Changsha Tianyi Space Science and Technology Research Institute Co. Ltd,OFAC;経産省,有効,制裁リスト（経産省／OFAC：SDN）
HOLD_LEGACY_NOT_IN_CURRENT,charmingglobe,Charming Globe,経産省,有効,制裁リスト（経産省）
HOLD_LEGACY_NOT_IN_CURRENT,"chastnayavoennayakompaniya""vagner",Chastnaya Voennaya Kompaniya “Vagner”,経産省,有効,制裁リスト（経産省）
HOLD_LEGACY_NOT_IN_CURRENT,cheboksaryelectricalequipmentplant,Cheboksary Electrical Equipment Plant,経産省,有効,制裁リスト（経産省）
HOLD_LEGACY_NOT_IN_CURRENT,chinaacademyoflaunchvehicletechnology(calt),China Academy of Launch Vehicle Technology (CALT),経産省,有効,制裁リスト（経産省）
HOLD_LEGACY_NOT_IN_CURRENT,chinaacademyofspacetechnology(cast),China Academy of Space Technology (CAST),経産省,有効,制裁リスト（経産省）
HOLD_LEGACY_NOT_IN_CURRENT,chinaaerodynamicsresearchanddevelopmentcenter(cardc),China Aerodynamics Research and Development Center (CARDC),経産省,有効,制裁リスト（経産省）
HOLD_LEGACY_NOT_IN_CURRENT,chinaaerospacescienceandtechnologycorporation(casc)9thacademy771researchinstitute,China Aerospace Science and Technology Corporation (CASC) 9th Academy 771 Research Institute,経産省,有効,制裁リスト（経産省）
HOLD_LEGACY_NOT_IN_CURRENT,chinaelectronicstechnologygroupcorporation(cetc)54thresearchinstitute,China Electronics Technology Group Corporation (CETC) 54th Research Institute,経産省,有効,制裁リスト（経産省）
HOLD_LEGACY_NOT_IN_CURRENT,chinageneralnuclearpowercorporation(cgnpc),China General Nuclear Power Corporation (CGNPC),経産省,有効,制裁リスト（経産省）
HOLD_LEGACY_NOT_IN_CURRENT,chinahead,China HEAD,経産省,有効,制裁リスト（経産省）
HOLD_LEGACY_NOT_IN_CURRENT,chinaheadaerospacetechnologyco,China HEAD Aerospace Technology Co,経産省,有効,制裁リスト（経産省）
HOLD_LEGACY_NOT_IN_CURRENT,chinaheadtechnologyco,China HEAD Technology Co,OFAC;経産省,有効,制裁リスト（経産省／OFAC：SDN）
HOLD_LEGACY_NOT_IN_CURRENT,chinaheadtechnologycompany,China HEAD Technology Company,経産省,有効,制裁リスト（経産省）
HOLD_LEGACY_NOT_IN_CURRENT,chinanationalprecisionmachineryimportandexportcorporation(cpmiec),China National Precision Machinery Import and Export Corporation (CPMIEC),経産省,有効,制裁リスト（経産省）
HOLD_LEGACY_NOT_IN_CURRENT,chinanorthindustriesgroupcorporationlimited,China North Industries Group Corporation Limited,OFAC;経産省,有効,制裁リスト（経産省／OFAC：Consolidated）
HOLD_LEGACY_NOT_IN_CURRENT,chineseacademyofengineeringphysics,Chinese Academy of Engineering Physics,経産省,有効,制裁リスト（経産省）
HOLD_LEGACY_NOT_IN_CURRENT,chkalovnovosibirskaviationplant,Chkalov Novosibirsk Aviation Plant,経産省,有効,制裁リスト（経産省）
HOLD_LEGACY_NOT_IN_CURRENT,chongchongangshippingcompany,CHONGCHONGANG SHIPPING COMPANY,経産省;財務省,有効,制裁リスト（財務省：北朝鮮(協調；団体)、北朝鮮(決議1718号等；団体)／経産省）
HOLD_LEGACY_NOT_IN_CURRENT,"chongyihengyiceramiccompositesco.,ltd.","Chongyi Hengyi Ceramic Composites Co., Ltd.",経産省,有効,制裁リスト（経産省）
HOLD_LEGACY_NOT_IN_CURRENT,chosoncentralbank,Choson Central Bank,経産省,有効,制裁リスト（経産省）
HOLD_LEGACY_NOT_IN_CURRENT,chrzpolyot(flight)jsc,ChRZ Polyot (flight) JSC,経産省,有効,制裁リスト（経産省）
HOLD_LEGACY_NOT_IN_CURRENT,chvkvagner,ChVK Vagner,OFAC;経産省,有効,制裁リスト（経産省／OFAC：SDN）
HOLD_LEGACY_NOT_IN_CURRENT,chvkワグネル,Chvk ワグネル,経産省,有効,制裁リスト（経産省）
HOLD_LEGACY_NOT_IN_CURRENT,cjscengineeringcentergeomir,CJSC Engineering Center Geomir,経産省,有効,制裁リスト（経産省）
HOLD_LEGACY_NOT_IN_CURRENT,cjscstcmodule,CJSC STC Module,経産省,有効,制裁リスト（経産省）
HOLD_LEGACY_NOT_IN_CURRENT,closedjointstockcompanyturborus,Closed Joint Stock Company Turborus,経産省,有効,制裁リスト（経産省）
HOLD_LEGACY_NOT_IN_CURRENT,coastguardofrussia,Coast Guard of Russia,経産省,有効,制裁リスト（経産省）
HOLD_LEGACY_NOT_IN_CURRENT,communicationcenteroftheministryofdefence,Communication center of the Ministry of Defence,経産省,有効,制裁リスト（経産省）
HOLD_LEGACY_NOT_IN_CURRENT,"concernradio-electronictechnologies,jointstockcompanyallrussianscientificresearchinstitutegradient","Concern Radio-Electronic Technologies, Joint Stock Company All Russian Scientific Research Institute Gradient",経産省,有効,制裁リスト（経産省）
HOLD_LEGACY_NOT_IN_CURRENT,"concernradio-electronictechnologies,jointstockcompanyexperimentaldesignbureauelektroavtomatikainthenameofp.a.efimov","Concern Radio-Electronic Technologies, Joint Stock Company Experimental Design Bureau Elektroavtomatika in the name of P.A. Efimov",経産省,有効,制裁リスト（経産省）
HOLD_LEGACY_NOT_IN_CURRENT,"concernradio-electronictechnologies,jointstockcompanykazaninstrumentengineeringanddesignbureau","Concern Radio-Electronic Technologies, Joint Stock Company Kazan Instrument Engineering and Design Bureau",経産省,有効,制裁リスト（経産省）
HOLD_LEGACY_NOT_IN_CURRENT,"concernradio-electronictechnologies,jointstockcompanyphazotronscientificresearchinstituteofradioengineering","Concern Radio-Electronic Technologies, Joint Stock Company Phazotron Scientific Research Institute of Radio Engineering",経産省,有効,制裁リスト（経産省）
HOLD_LEGACY_NOT_IN_CURRENT,"concernradio-electronictechnologies,jointstockcompanyscientificproductionenterpriseizmeritel","Concern Radio-Electronic Technologies, Joint Stock Company Scientific Production Enterprise Izmeritel",経産省,有効,制裁リスト（経産省）
HOLD_LEGACY_NOT_IN_CURRENT,"concernradio-electronictechnologies,jointstockcompanyscientificproductionunionforradioelectronicsnamedafterv.i.shimko","Concern Radio-Electronic Technologies, Joint Stock Company Scientific Production Union for Radioelectronics named after V.I. Shimko",経産省,有効,制裁リスト（経産省）
HOLD_LEGACY_NOT_IN_CURRENT,"concernradio-electronictechnologies,jointstockcompanytaganrogcommunicationsscientificresearchinstitute","Concern Radio-Electronic Technologies, Joint Stock Company Taganrog Communications Scientific Research Institute",経産省,有効,制裁リスト（経産省）
HOLD_LEGACY_NOT_IN_CURRENT,"concernradio-electronictechnologies,publicjointstockcompanymoscowinstituteofelectromechanicsandautomation","Concern Radio-Electronic Technologies, Public Joint Stock Company Moscow Institute of Electro Mechanics and Automation",経産省,有効,制裁リスト（経産省）
HOLD_LEGACY_NOT_IN_CURRENT,concernvega,Concern Vega,経産省,有効,制裁リスト（経産省）
HOLD_LEGACY_NOT_IN_CURRENT,"constructiondepartment,samsupowerplant,ryanggangdo","Construction Department, Samsu Power Plant, Ryanggangdo",経産省,有効,制裁リスト（経産省）
HOLD_LEGACY_NOT_IN_CURRENT,craftwaycorporationpls,Craftway Corporation PLS,経産省,有効,制裁リスト（経産省）
HOLD_LEGACY_NOT_IN_CURRENT,cricyclone,CRI Cyclone,経産省,有効,制裁リスト（経産省）
HOLD_LEGACY_NOT_IN_CURRENT,criサイクロン,CRI サイクロン,経産省,有効,制裁リスト（経産省）
HOLD_LEGACY_NOT_IN_CURRENT,crocusnanoelectronics,CROCUS NANOELECTRONICS,OFAC;経産省;財務省,有効,制裁リスト（財務省：ロシア連邦(団体(特定銀行を除く))／経産省／OFAC：SDN）
HOLD_LEGACY_NOT_IN_CURRENT,crynofistaviation,Crynofist Aviation,経産省,有効,制裁リスト（経産省）
HOLD_LEGACY_NOT_IN_CURRENT,crynofistaviationfzco,Crynofist Aviation FZCO,OFAC;経産省,有効,制裁リスト（経産省／OFAC：SDN）
HOLD_LEGACY_NOT_IN_CURRENT,crynofistdesignandengineeringsolutionspvtltd,Crynofist Design and Engineering Solutions Pvt Ltd,経産省,有効,制裁リスト（経産省）
HOLD_LEGACY_NOT_IN_CURRENT,crynofistdesignandengineeringsolutionspvtltd.,Crynofist Design and Engineering Solutions Pvt Ltd.,経産省,有効,制裁リスト（経産省）
HOLD_LEGACY_NOT_IN_CURRENT,ctldisticaretlimited,CTL Dis Ticaret Limited,経産省,有効,制裁リスト（経産省）
HOLD_LEGACY_NOT_IN_CURRENT,ctldisticaretlimitedsirketi,CTL Dis Ticaret Limited Sirketi,OFAC;経産省,有効,制裁リスト（経産省／OFAC：SDN）
HOLD_LEGACY_NOT_IN_CURRENT,ctldișticaretlimitedșirketi,CTL Diș Ticaret Limited Șirketi,経産省,有効,制裁リスト（経産省）
HOLD_LEGACY_NOT_IN_CURRENT,ctlforeigntradelimited,CTL Foreign Trade Limited,経産省,有効,制裁リスト（経産省）
HOLD_LEGACY_NOT_IN_CURRENT,ctlforeigntradelimitedcompany,CTL Foreign Trade Limited Company,OFAC;経産省,有効,制裁リスト（経産省／OFAC：SDN）
HOLD_LEGACY_NOT_IN_CURRENT,ctllimited,CTL Limited,経産省,有効,制裁リスト（経産省）
HOLD_LEGACY_NOT_IN_CURRENT,ctllimited.,CTL Limited.,経産省,有効,制裁リスト（経産省）
HOLD_LEGACY_NOT_IN_CURRENT,ctlドゥシュ・ティジャ-レット有限会社,CTLドゥシュ・ティジャーレット有限会社,経産省,有効,制裁リスト（経産省）
HOLD_LEGACY_NOT_IN_CURRENT,ctlフォ-リン・トレ-ド有限会社,CTLフォーリン･トレー ド有限会社,経産省,有効,制裁リスト（経産省）
HOLD_LEGACY_NOT_IN_CURRENT,ctlフォ-リン・トレ-ド有限会社及びctl有限会社,CTLフォーリン･トレード有限会社及びCTL有限会社,経産省,有効,制裁リスト（経産省）
HOLD_LEGACY_NOT_IN_CURRENT,ctl有限会社,CTL有限会社,経産省,有効,制裁リスト（経産省）
HOLD_LEGACY_NOT_IN_CURRENT,cyclonetsnii,Cyclone TsNII,経産省,有効,制裁リスト（経産省）
HOLD_LEGACY_NOT_IN_CURRENT,daedirectorateofpurchaseandstores,"Directorate of Purchase and Stores, DAE",経産省,有効,制裁リスト（経産省）
HOLD_LEGACY_NOT_IN_CURRENT,daehungoil&vehicletradingco.,Daehung Oil & Vehicle Trading Co.,経産省,有効,制裁リスト（経産省）
HOLD_LEGACY_NOT_IN_CURRENT,dagroup22,Da Group 22,経産省,有効,制裁リスト（経産省）
HOLD_LEGACY_NOT_IN_CURRENT,dagroup22.,Da Group 22.,経産省,有効,制裁リスト（経産省）
HOLD_LEGACY_NOT_IN_CURRENT,daiheungchengyen,Daiheung Chengyen,経産省,有効,制裁リスト（経産省）
HOLD_LEGACY_NOT_IN_CURRENT,dalzavodship-repaircenter,Dalzavod Ship-Repair Center,経産省,有効,制裁リスト（経産省）
HOLD_LEGACY_NOT_IN_CURRENT,dandongco.,Dandong Co.,経産省,有効,制裁リスト（経産省）
HOLD_LEGACY_NOT_IN_CURRENT,dandonghaotongcommercialtradeco.ltd.,Dandong Haotong Commercial Trade Co. Ltd.,経産省,有効,制裁リスト（経産省）
HOLD_LEGACY_NOT_IN_CURRENT,degtyaryovfactory,Degtyaryov Factory,経産省,有効,制裁リスト（経産省）
HOLD_LEGACY_NOT_IN_CURRENT,departmentofinternalaffairsofthegomelregionexecutivecommittee,Department of Internal Affairs of the Gomel Region Executive Committee,経産省,有効,制裁リスト（経産省）
HOLD_LEGACY_NOT_IN_CURRENT,departmentofnavigationandoceanographyoftheministryofdefenseoftherussian,Department of Navigation and Oceanography of the Ministry of Defense of the Russian,経産省,有効,制裁リスト（経産省）
HOLD_LEGACY_NOT_IN_CURRENT,designbureauforindustrialautomatics,Design Bureau for Industrial Automatics,経産省,有効,制裁リスト（経産省）
HOLD_LEGACY_NOT_IN_CURRENT,designbureauofchemicalmachinebuildingkbkhm,DESIGN BUREAU OF CHEMICAL MACHINE BUILDING KBKHM,OFAC;経産省,有効,制裁リスト（経産省／OFAC：SDN）
HOLD_LEGACY_NOT_IN_CURRENT,deviceconsulting,Device Consulting,経産省,有効,制裁リスト（経産省）
HOLD_LEGACY_NOT_IN_CURRENT,deviceconsultingco.ltd,Device Consulting Co. Ltd,経産省,有効,制裁リスト（経産省）
HOLD_LEGACY_NOT_IN_CURRENT,dexias,Dexias,経産省,有効,制裁リスト（経産省）
HOLD_LEGACY_NOT_IN_CURRENT,dexiasendilstrivel,Dexias Endil strivel,経産省,有効,制裁リスト（経産省）
HOLD_LEGACY_NOT_IN_CURRENT,dexiasindustrialproductsandtradelimitedcompany,Dexias Industrial Products and Trade Limited Company,経産省,有効,制裁リスト（経産省）
HOLD_LEGACY_NOT_IN_CURRENT,dexpinternationallimited,DEXP International Limited,経産省,有効,制裁リスト（経産省）
HOLD_LEGACY_NOT_IN_CURRENT,dexpインタ-ナショナル有限会社,DEXPインターナショナル有限会社,経産省,有効,制裁リスト（経産省）
HOLD_LEGACY_NOT_IN_CURRENT,dexpインタ-ナショナル有限会社dexpinternationallimited,DEXPインターナショナル有限会社 DEXP International Limited,経産省,有効,制裁リスト（経産省）
HOLD_LEGACY_NOT_IN_CURRENT,dkbajsc,DKBA JSC,経産省,有効,制裁リスト（経産省）
HOLD_LEGACY_NOT_IN_CURRENT,dolgoprudniydesignbureauofautomatics,Dolgoprudniy Design Bureau of Automatics,経産省,有効,制裁リスト（経産省）
HOLD_LEGACY_NOT_IN_CURRENT,dolgoprudnodesignbureauofautomation,Dolgoprudno Design Bureau of Automation,経産省,有効,制裁リスト（経産省）
HOLD_LEGACY_NOT_IN_CURRENT,dsolnpp,DSol NPP,経産省,有効,制裁リスト（経産省）
HOLD_LEGACY_NOT_IN_CURRENT,dulingtechnology(hk)limited.,DULING TECHNOLOGY (HK) LIMITED.,経産省,有効,制裁リスト（経産省）
HOLD_LEGACY_NOT_IN_CURRENT,elar,ELAR,OFAC;経産省,有効,制裁リスト（経産省／OFAC：SDN）
HOLD_LEGACY_NOT_IN_CURRENT,electrictraction,Electric Traction,経産省,有効,制裁リスト（経産省）
HOLD_LEGACY_NOT_IN_CURRENT,electroniccomputingandinformationsystems(elvis),Electronic Computing and Information Systems (ELVIS),経産省,有効,制裁リスト（経産省）
HOLD_LEGACY_NOT_IN_CURRENT,electroniccomputingtechnologyscientific-researchcenter,Electronic Computing Technology Scientific-Research Center,経産省,有効,制裁リスト（経産省）
HOLD_LEGACY_NOT_IN_CURRENT,"electrosignaljsc,","Electrosignal JSC,",経産省,有効,制裁リスト（経産省）
HOLD_LEGACY_NOT_IN_CURRENT,elemgroup,Elem Group,経産省,有効,制裁リスト（経産省）
HOLD_LEGACY_NOT_IN_CURRENT,"elemgroup,llc","Elem Group, LLC",経産省,有効,制裁リスト（経産省）
HOLD_LEGACY_NOT_IN_CURRENT,elkomtex,Elkomtex,経産省,有効,制裁リスト（経産省）
HOLD_LEGACY_NOT_IN_CURRENT,elprom,ELPROM,経産省,有効,制裁リスト（経産省）
HOLD_LEGACY_NOT_IN_CURRENT,elvees,ELVEES,経産省,有効,制裁リスト（経産省）
HOLD_LEGACY_NOT_IN_CURRENT,"emmaxintechnologyco.,ltd","Emmaxin Technology Co., Ltd",経産省,有効,制裁リスト（経産省）
HOLD_LEGACY_NOT_IN_CURRENT,emmaxintechnologycoltd.,Emmaxin Technology Co Ltd.,経産省,有効,制裁リスト（経産省）
HOLD_LEGACY_NOT_IN_CURRENT,engineeringcenterltd,Engineering Center Ltd,経産省,有効,制裁リスト（経産省）
HOLD_LEGACY_NOT_IN_CURRENT,engineeringcentermoselectronproekt,Engineering Center Moselectronproekt,経産省,有効,制裁リスト（経産省）
HOLD_LEGACY_NOT_IN_CURRENT,engineeringcenterofinnovativetechnologies,Engineering Center of Innovative Technologies,OFAC;経産省;財務省,有効,制裁リスト（財務省：ロシア連邦(団体(特定銀行を除く))／経産省／OFAC：SDN）
HOLD_LEGACY_NOT_IN_CURRENT,ervacan,Ervacan,経産省,有効,制裁リスト（経産省）
HOLD_LEGACY_NOT_IN_CURRENT,ervacanmachineryequipmentandindustrysupplyltd,Ervacan Machinery Equipment and Industry Supply Ltd,経産省,有効,制裁リスト（経産省）
HOLD_LEGACY_NOT_IN_CURRENT,ervacanmakina,Ervacan Makina,経産省,有効,制裁リスト（経産省）
HOLD_LEGACY_NOT_IN_CURRENT,ervacanmakinaekipmanlarivesanayitedariklimitedșirketi,Ervacan Makina Ekipmanlari Ve Sanayi Tedarik Limited Șirketi,経産省,有効,制裁リスト（経産省）
HOLD_LEGACY_NOT_IN_CURRENT,ervacanmakinaekipmanlarivesantedltd,Ervacan Makina Ekipmanlari Ve San Ted Ltd,経産省,有効,制裁リスト（経産省）
HOLD_LEGACY_NOT_IN_CURRENT,ervacanmakinaekipmanlarıvesanayitedarikltdști,Ervacan Makina Ekipmanları ve Sanayi Tedarik Ltd Ști,経産省,有効,制裁リスト（経産省）
HOLD_LEGACY_NOT_IN_CURRENT,ervacanmakinaltd,Ervacan Makina Ltd,経産省,有効,制裁リスト（経産省）
HOLD_LEGACY_NOT_IN_CURRENT,ervacanmakinaltd.,Ervacan Makina Ltd.,経産省,有効,制裁リスト（経産省）
HOLD_LEGACY_NOT_IN_CURRENT,etalonscientificandproductionassociation,Etalon Scientific and Production Association,経産省,有効,制裁リスト（経産省）
HOLD_LEGACY_NOT_IN_CURRENT,etcelectronics,ETC Electronics,経産省,有効,制裁リスト（経産省）
HOLD_LEGACY_NOT_IN_CURRENT,etcエレクトロニクス,ETCエレクトロニクス,経産省,有効,制裁リスト（経産省）
HOLD_LEGACY_NOT_IN_CURRENT,experimentalplantvega,Experimental Plant Vega,経産省,有効,制裁リスト（経産省）
HOLD_LEGACY_NOT_IN_CURRENT,fareasternshipbuildingandshiprepaircenter,Far Eastern Shipbuilding and Ship Repair Center,経産省,有効,制裁リスト（経産省）
HOLD_LEGACY_NOT_IN_CURRENT,federalautonomousinstitutioncentralinstituteofengine-buildingn.a.p.i.baranov,Federal Autonomous Institution Central Institute of Engine-Building N.A. P.I. Baranov,経産省,有効,制裁リスト（経産省）
HOLD_LEGACY_NOT_IN_CURRENT,federalnayasluzhbabezopasnosti,FEDERALNAYA SLUZHBA BEZOPASNOSTI,OFAC;経産省,有効,制裁リスト（経産省／OFAC：SDN）
HOLD_LEGACY_NOT_IN_CURRENT,federalnayasluzhbapovoenno-tekhnicheskomusotrudnishestvu,Federalnaya Sluzhba po Voenno-Tekhnicheskomu Sotrudnishestvu,経産省,有効,制裁リスト（経産省）
HOLD_LEGACY_NOT_IN_CURRENT,federalnoegosudarstvennoebiudzhetnoeuchrezhdenie48tsentralnyinauchno,Federalnoe Gosudarstvennoe Biudzhetnoe Uchrezhdenie 48 Tsentralnyi Nauchno,経産省,有効,制裁リスト（経産省）
HOLD_LEGACY_NOT_IN_CURRENT,federalnoegosudarstvennoebiudzhetnoeuchrezhdenie48tsentralnyinauchnoissledovatelskiiinstitutministerstvaoboronyrossiiskoifederatsii,FEDERALNOE GOSUDARSTVENNOE BIUDZHETNOE UCHREZHDENIE 48 TSENTRALNYI NAUCHNO ISSLEDOVATELSKII INSTITUT MINISTERSTVA OBORONY ROSSIISKOI FEDERATSII,OFAC;経産省,有効,制裁リスト（経産省／OFAC：SDN）
HOLD_LEGACY_NOT_IN_CURRENT,federalnoegosudarstvennoebyudzhetnoenauchnoeuchrezhdenienauchno-,Federalnoe Gosudarstvennoe Byudzhetnoe Nauchnoe Uchrezhdenie Nauchno-,経産省,有効,制裁リスト（経産省）
HOLD_LEGACY_NOT_IN_CURRENT,federalnoegosudarstvennoebyudzhetnoeuchrezhdenievserossiiskiinauchno-,Federalnoe Gosudarstvennoe Byudzhetnoe Uchrezhdenie Vserossiiskii Nauchno-,経産省,有効,制裁リスト（経産省）
HOLD_LEGACY_NOT_IN_CURRENT,federalnoegosudarstvennoeuchrezhdeniefederalnyissledovatelskitsentrinstitut,Federalnoe Gosudarstvennoe Uchrezhdenie Federalny Issledovatelski Tsentr Institut,経産省,有効,制裁リスト（経産省）
HOLD_LEGACY_NOT_IN_CURRENT,federalnoegosudarstvennoeuchrezhdeniefederalnyynauchnyytsentrnauchno-,Federalnoe Gosudarstvennoe Uchrezhdenie Federalnyy Nauchnyy Tsentr Nauchno-,経産省,有効,制裁リスト（経産省）
HOLD_LEGACY_NOT_IN_CURRENT,federalnoegosudarstvennoeunitarnoepredpriyatietsentralnynauchno-,Federalnoe Gosudarstvennoe Unitarnoe Predpriyatie Tsentralny Nauchno-,経産省,有効,制裁リスト（経産省）
HOLD_LEGACY_NOT_IN_CURRENT,federalnoekazennoepredpriyatiepermskiporokhovoizavod,Federalnoe Kazennoe Predpriyatie Permski Porokhovoi Zavod,経産省,有効,制裁リスト（経産省）
HOLD_LEGACY_NOT_IN_CURRENT,federalnoekazennoeuchrezhdenievoiskovaiachast20924,Federalnoe Kazennoe Uchrezhdenie Voiskovaia Chast 20924,OFAC;経産省;財務省,有効,制裁リスト（財務省：ロシア連邦(団体(特定銀行を除く))／経産省／OFAC：SDN）
HOLD_LEGACY_NOT_IN_CURRENT,federalresearchandproductioncentercentralresearchinstituteofautomation,Federal Research and Production Center Central Research Institute of Automation,経産省,有効,制裁リスト（経産省）
HOLD_LEGACY_NOT_IN_CURRENT,federalresearchandproductioncenterresearchinstituteofappliedchemistry,Federal Research and Production Center Research Institute of Applied Chemistry,経産省,有効,制裁リスト（経産省）
HOLD_LEGACY_NOT_IN_CURRENT,federalresearchcenterboreskovinstituteofcatalysis,Federal Research Center Boreskov Institute of Catalysis,経産省,有効,制裁リスト（経産省）
HOLD_LEGACY_NOT_IN_CURRENT,federalserviceformilitary-technicalcooperation,FEDERAL SERVICE FOR MILITARY-TECHNICAL COOPERATION,OFAC;経産省,有効,制裁リスト（経産省／OFAC：SDN）
HOLD_LEGACY_NOT_IN_CURRENT,federalstatebudgetaryenterpriseoftheadministrationofthepresidentofrussia,Federal State Budgetary Enterprise of the Administration of the President of Russia,経産省,有効,制裁リスト（経産省）
HOLD_LEGACY_NOT_IN_CURRENT,federalstatebudgetaryenterprisespecialflightunitrossiyaoftheadministrationofthepresidentofrussia,Federal State Budgetary Enterprise Special Flight Unit Rossiya of the Administration of the President of Russia,経産省,有効,制裁リスト（経産省）
HOLD_LEGACY_NOT_IN_CURRENT,federalstatebudgetaryinstitution27centralscientificresearchinstituteofthe,Federal State Budgetary Institution 27 Central Scientific Research Institute of the,経産省,有効,制裁リスト（経産省）
HOLD_LEGACY_NOT_IN_CURRENT,federalstatebudgetaryinstitution27centralscientificresearchinstituteoftheministryofdefenceoftherussianfederation,Federal State Budgetary Institution 27 Central Scientific Research Institute of the Ministry of Defence of the Russian Federation,経産省,有効,制裁リスト（経産省）
HOLD_LEGACY_NOT_IN_CURRENT,federalstatebudgetaryinstitution48centralscientificresearchinstituteofthe,Federal State Budgetary Institution 48 Central Scientific Research Institute of the,経産省,有効,制裁リスト（経産省）
HOLD_LEGACY_NOT_IN_CURRENT,federalstatebudgetaryinstitution48centralscientificresearchinstituteoftheministryofdefenceoftherussianfederation,Federal State Budgetary Institution 48 Central Scientific Research Institute of the Ministry of Defence of the Russian Federation,経産省,有効,制裁リスト（経産省）
HOLD_LEGACY_NOT_IN_CURRENT,federalstatebudgetaryinstitutionnationalresearchcenterinstituten.a.n.e.zhukovsky,Federal State Budgetary Institution National Research Center Institute n.a. N.E. Zhukovsky,経産省,有効,制裁リスト（経産省）
HOLD_LEGACY_NOT_IN_CURRENT,federalstatebudgetaryinstitutionofscienceinstituteofsolid,Federal State Budgetary Institution of Science Institute of Solid,経産省,有効,制裁リスト（経産省）
HOLD_LEGACY_NOT_IN_CURRENT,federalstatebudgetaryinstitutionofsciencep.i.k.a.valievrasoftheministryofscienceandhighereducationofrussi,Federal State Budgetary Institution of Science P.I. K.A. Valiev RAS of the Ministry of Science and Higher Education of Russi,経産省,有効,制裁リスト（経産省）
HOLD_LEGACY_NOT_IN_CURRENT,federalstateenterprisekazanstate-ownedgunpowderplant,Federal State Enterprise Kazan State-Owned Gunpowder Plant,経産省;財務省,有効,制裁リスト（財務省：ロシア連邦(団体(特定銀行を除く))／経産省）
HOLD_LEGACY_NOT_IN_CURRENT,federalstateenterprisestateresearchandtestinggroundforaviationsystems,Federal State Enterprise State Research and Testing Ground for Aviation Systems,経産省,有効,制裁リスト（経産省）
HOLD_LEGACY_NOT_IN_CURRENT,federalstateenterprisetambovgunpowderplant,Federal State Enterprise Tambov Gunpowder Plant,経産省;財務省,有効,制裁リスト（財務省：ロシア連邦(団体(特定銀行を除く))／経産省）
HOLD_LEGACY_NOT_IN_CURRENT,"federalstateunitaryenterprise""sredne-nevskyshipbuildingplant",Federal State Unitary Enterprise “Sredne - Nevsky Shipbuilding Plant”,経産省,有効,制裁リスト（経産省）
HOLD_LEGACY_NOT_IN_CURRENT,"federalstateunitaryenterpriseall-russianresearchinstituteofphysical,technicalandradioengineeringmeasurements","Federal State Unitary Enterprise All-Russian Research Institute of Physical,Technical and Radio Engineering Measurements",経産省,有効,制裁リスト（経産省）
HOLD_LEGACY_NOT_IN_CURRENT,federalstateunitaryenterprisenppgamma,Federal State Unitary Enterprise NPP Gamma,経産省,有効,制裁リスト（経産省）
HOLD_LEGACY_NOT_IN_CURRENT,federalstateunitaryenterpriseresearchandproductionenterprisegamma,Federal State Unitary Enterprise Research and Production Enterprise Gamma,経産省,有効,制裁リスト（経産省）
HOLD_LEGACY_NOT_IN_CURRENT,federalstateunitaryenterpriserkbglobus,Federal State Unitary Enterprise RKB Globus,経産省,有効,制裁リスト（経産省）
HOLD_LEGACY_NOT_IN_CURRENT,federalstateunitaryenterprisescientificandproductionenterprisegamm,Federal State Unitary Enterprise Scientific and Production Enterprise Gamm,経産省,有効,制裁リスト（経産省）
HOLD_LEGACY_NOT_IN_CURRENT,federalstateunitaryenterprisescientificandproductionenterprisegamma,Federal State Unitary Enterprise Scientific and Production Enterprise Gamma,OFAC;経産省,有効,制裁リスト（経産省／OFAC：SDN）
HOLD_LEGACY_NOT_IN_CURRENT,federalstateunitaryenterprisestatescientific-researchinstituteforaviationsystems,Federal State Unitary Enterprise State Scientific-Research Institute for Aviation Systems,経産省,有効,制裁リスト（経産省）
HOLD_LEGACY_NOT_IN_CURRENT,federaltechnicalregulationandmetrologyagency,Federal Technical Regulation and Metrology Agency,経産省,有効,制裁リスト（経産省）
HOLD_LEGACY_NOT_IN_CURRENT,ferrite-domenco,Ferrite-Domen Co,経産省,有効,制裁リスト（経産省）
HOLD_LEGACY_NOT_IN_CURRENT,fgbu27centralscientificresearchinstitute,FGBU 27 Central Scientific Research Institute,経産省,有効,制裁リスト（経産省）
HOLD_LEGACY_NOT_IN_CURRENT,fgbu48centralscientificresearchinstitute,FGBU 48 Central Scientific Research Institute,経産省,有効,制裁リスト（経産省）
HOLD_LEGACY_NOT_IN_CURRENT,fgbu48tsniiminoboronyrossii,FGBU 48 TSNII MINOBORONY ROSSII,OFAC;経産省,有効,制裁リスト（経産省／OFAC：SDN）
HOLD_LEGACY_NOT_IN_CURRENT,fgbuvniir,FGBU VNIIR,経産省,有効,制裁リスト（経産省）
HOLD_LEGACY_NOT_IN_CURRENT,fgbuvserossiiskiinauchno-issledovatelskiiinstitutradioelektroniki,FGBU Vserossiiskii Nauchno-Issledovatelskii Institut Radioelektroniki,経産省,有効,制裁リスト（経産省）
HOLD_LEGACY_NOT_IN_CURRENT,fgbuロシア国防省第48tsnii,FGBUロシア国防省第 48TsNII,経産省,有効,制裁リスト（経産省）
HOLD_LEGACY_NOT_IN_CURRENT,fgbu第27中央科学研究所,FGBU第27中央科学研究所,経産省,有効,制裁リスト（経産省）
HOLD_LEGACY_NOT_IN_CURRENT,fgbu第48中央科学研究所,FGBU第48中央科学研究所,経産省,有効,制裁リスト（経産省）
HOLD_LEGACY_NOT_IN_CURRENT,fgufntsniisiran,FGU FNTS NIISI RAN,OFAC;経産省;財務省,有効,制裁リスト（財務省：ロシア連邦(団体(特定銀行を除く))／経産省／OFAC：SDN）
HOLD_LEGACY_NOT_IN_CURRENT,fgupmniirip,FGUP MNIIRIP,経産省,有効,制裁リスト（経産省）
HOLD_LEGACY_NOT_IN_CURRENT,fgupnppgamma,FGUP NPP Gamma,OFAC;経産省,有効,制裁リスト（経産省／OFAC：SDN）
HOLD_LEGACY_NOT_IN_CURRENT,fgupnppガンマ,FGUP NPP ガンマ,経産省,有効,制裁リスト（経産省）
HOLD_LEGACY_NOT_IN_CURRENT,fgupロストフ・ナ・ドヌ-無線通信学術研究所,FGUPロストフ・ナ・ドヌー無線通信学術研究所,legacy;経産省,有効,制裁リスト（経産省／令和5年12月15日外為法）
HOLD_LEGACY_NOT_IN_CURRENT,"filial""35sudoremontnyzavod""aktsionernogoobshchestva""tsentrsudoremonta",Filial “35 sudoremontny zavod” Aktsionernogo obshchestva “Tsentr sudoremonta”,経産省,有効,制裁リスト（経産省）
HOLD_LEGACY_NOT_IN_CURRENT,firsttrustfinanceco.ltd.,First Trust Finance Co. Ltd.,経産省,有効,制裁リスト（経産省）
HOLD_LEGACY_NOT_IN_CURRENT,fkppermskyporokhovoyzavod,FKP Permsky Porokhovoy Zavod,経産省,有効,制裁リスト（経産省）
HOLD_LEGACY_NOT_IN_CURRENT,fkppermskyporokhovoyzavod.,FKP Permsky Porokhovoy Zavod.,経産省,有効,制裁リスト（経産省）
HOLD_LEGACY_NOT_IN_CURRENT,fkpカザン国立火薬工場,FKPカザン国立火薬工場,legacy;経産省,有効,制裁リスト（経産省／令和5年12月15日外為法）
HOLD_LEGACY_NOT_IN_CURRENT,fkpペルミ火薬工場,FKPペルミ火薬工場,経産省,有効,制裁リスト（経産省）
HOLD_LEGACY_NOT_IN_CURRENT,fl5suderemontnyzavodaotsszvezdochka,FL 5 Suderemontny Zavod AO TSS Zvezdochka,経産省,有効,制裁リスト（経産省）
HOLD_LEGACY_NOT_IN_CURRENT,fl5船舶修理工場株式会社tssズヴョ-ズダチカ,FL5船舶修理工場株式会社 TSSズヴョーズダチカ,経産省,有効,制裁リスト（経産省）
HOLD_LEGACY_NOT_IN_CURRENT,fla.lyulkiokb,FL A. Lyulki OKB,経産省,有効,制裁リスト（経産省）
HOLD_LEGACY_NOT_IN_CURRENT,fla.リュリキokb,FL Ａ. リュリキ OKB,経産省,有効,制裁リスト（経産省）
HOLD_LEGACY_NOT_IN_CURRENT,flnttsa.lyulki,FL NTTs A. Lyulki,経産省,有効,制裁リスト（経産省）
HOLD_LEGACY_NOT_IN_CURRENT,flnttsa.リュリキ,FL NTTs Ａ．リュリキ,経産省,有効,制裁リスト（経産省）
HOLD_LEGACY_NOT_IN_CURRENT,fluec-saturn-omkb,FL UEC-Saturn – OMKB,経産省,有効,制裁リスト（経産省）
HOLD_LEGACY_NOT_IN_CURRENT,fluec-saturn-omkb、オムスクエンジン設計局、paouec-サタ-ン支部オムスク動力製造設計局,FL UEC-Saturn-OMKB､オムスクエンジン設計局､PAO UEC-サ ターン支部オムスク動力製造設計局,経産省,有効,制裁リスト（経産省）
HOLD_LEGACY_NOT_IN_CURRENT,fondskolkovo,Fond Skolkovo,経産省,有効,制裁リスト（経産省）
HOLD_LEGACY_NOT_IN_CURRENT,foreigntradeassociationmashpriborintorg,Foreign Trade Association Mashpriborintorg,経産省,有効,制裁リスト（経産省）
HOLD_LEGACY_NOT_IN_CURRENT,foreigntradebankofthedemocraticpeople'srepublicofkorea,FOREIGN TRADE BANK OF THE DEMOCRATIC PEOPLE'S REPUBLIC OF KOREA,OFAC;経産省,有効,制裁リスト（経産省／OFAC：SDN）
HOLD_LEGACY_NOT_IN_CURRENT,forensiccenterofnizhniynovgorodregionmaindirectorateoftheministryofinterioraffairs,Forensic Center of Nizhniy Novgorod Region Main Directorate of the Ministry of Interior Affairs,経産省,有効,制裁リスト（経産省）
HOLD_LEGACY_NOT_IN_CURRENT,forssmarine,Forss Marine,経産省,有効,制裁リスト（経産省）
HOLD_LEGACY_NOT_IN_CURRENT,forsstechnologyltd,Forss Technology Ltd,経産省,有効,制裁リスト（経産省）
HOLD_LEGACY_NOT_IN_CURRENT,foundationforthedevelopmentofthecenterforelaborationandcommercialization,Foundation for the Development of the Center for Elaboration and Commercialization,経産省,有効,制裁リスト（経産省）
HOLD_LEGACY_NOT_IN_CURRENT,fregatllc,Fregat LLC,経産省,有効,制裁リスト（経産省）
HOLD_LEGACY_NOT_IN_CURRENT,fregatooo,Fregat OOO,OFAC;経産省,有効,制裁リスト（経産省／OFAC：SDN）
HOLD_LEGACY_NOT_IN_CURRENT,frigromov,FRI Gromov,経産省,有効,制裁リスト（経産省）
HOLD_LEGACY_NOT_IN_CURRENT,friグロモフ,FRIグロモフ,経産省,有効,制裁リスト（経産省）
HOLD_LEGACY_NOT_IN_CURRENT,fsb(federalsecurityserviceofrussia),FSB (Federal Security Service of Russia),経産省,有効,制裁リスト（経産省）
HOLD_LEGACY_NOT_IN_CURRENT,fsbivniir,FSBI VNIIR,経産省,有効,制裁リスト（経産省）
HOLD_LEGACY_NOT_IN_CURRENT,fseカザン国立火薬工場,FSEカザン国立火薬工場,legacy;経産省,有効,制裁リスト（経産省／令和5年12月15日外為法）
HOLD_LEGACY_NOT_IN_CURRENT,fsuefcdtソユ-ズ,FSUE FCDTソユーズ,経産省,有効,制裁リスト（経産省）
HOLD_LEGACY_NOT_IN_CURRENT,fsuenppgamma,FSUE NPP Gamma,OFAC;経産省,有効,制裁リスト（経産省／OFAC：SDN）
HOLD_LEGACY_NOT_IN_CURRENT,fsuenppガンマ,FSUE NPP ガンマ,経産省,有効,制裁リスト（経産省）
HOLD_LEGACY_NOT_IN_CURRENT,fsuesrpeバザルト,FSUE SRPEバザルト,外務省;経産省;財務省,有効,制裁リスト（財務省：ロシア連邦(団体(特定銀行を除く))／経産省／外務省：ロシア連邦の特定団体への輸出等に係る禁止措置(外務省告示第61号)）
HOLD_LEGACY_NOT_IN_CURRENT,fsuevniiofi,FSUE VNIIOFI,経産省,有効,制裁リスト（経産省）
HOLD_LEGACY_NOT_IN_CURRENT,fsvtsrossii,FSVTS Rossii,経産省,有効,制裁リスト（経産省）
HOLD_LEGACY_NOT_IN_CURRENT,ftamashpriborintorgjsc,FTA Mashpriborintorg JSC,経産省,有効,制裁リスト（経産省）
HOLD_LEGACY_NOT_IN_CURRENT,ftianimk.a.valievras,FTIAN IM K.A. Valiev RAS,経産省,有効,制裁リスト（経産省）
HOLD_LEGACY_NOT_IN_CURRENT,ftiras,FTI RAS,経産省,有効,制裁リスト（経産省）
HOLD_LEGACY_NOT_IN_CURRENT,ftltd,FT Ltd,経産省,有効,制裁リスト（経産省）
HOLD_LEGACY_NOT_IN_CURRENT,fundskolkovo,Fund Skolkovo,経産省,有効,制裁リスト（経産省）
HOLD_LEGACY_NOT_IN_CURRENT,gennadiytsypkalov,Gennadiy TSYPKALOV,経産省,有効,制裁リスト（経産省）
HOLD_LEGACY_NOT_IN_CURRENT,gfklogisticsllc,GFK Logistics LLC,経産省,有効,制裁リスト（経産省）
HOLD_LEGACY_NOT_IN_CURRENT,ghorb-ekarbala,Ghorb-e Karbala,経産省,有効,制裁リスト（経産省）
HOLD_LEGACY_NOT_IN_CURRENT,gknipas,GkNIPAS,経産省,有効,制裁リスト（経産省）
HOLD_LEGACY_NOT_IN_CURRENT,glitsmorfim.v.p.chkalova,GLITs MO RF IM. V.P. Chkalova,経産省,有効,制裁リスト（経産省）
HOLD_LEGACY_NOT_IN_CURRENT,"gnppregion,pao","GNPP Region, PAO",経産省,有効,制裁リスト（経産省）
HOLD_LEGACY_NOT_IN_CURRENT,gosniias,GosNIIAS,経産省,有効,制裁リスト（経産省）
HOLD_LEGACY_NOT_IN_CURRENT,gpsl,GPSL,経産省,有効,制裁リスト（経産省）
HOLD_LEGACY_NOT_IN_CURRENT,gpsl及びジェナオ有限会社,GPSL及びジェナオ有限会社,経産省,有効,制裁リスト（経産省）
HOLD_LEGACY_NOT_IN_CURRENT,grantspromotionservicelimited,Grants Promotion Service Limited,OFAC;経産省,有効,制裁リスト（経産省／OFAC：SDN）
HOLD_LEGACY_NOT_IN_CURRENT,greenpineassociatedcorporation,GREEN PINE ASSOCIATED CORPORATION,OFAC;経産省;財務省,有効,制裁リスト（財務省：北朝鮮(決議1718号等；団体)／経産省／OFAC：SDN）
HOLD_LEGACY_NOT_IN_CURRENT,grigoriygrigoriev,Grigoriy Grigoriev,経産省;財務省,有効,制裁リスト（財務省：ロシア連邦(個人)／経産省）
HOLD_LEGACY_NOT_IN_CURRENT,groupa,Group A,経産省,有効,制裁リスト（経産省）
HOLD_LEGACY_NOT_IN_CURRENT,"guangzhouausaytechnologyco.,ltd","Guangzhou Ausay Technology Co., Ltd",経産省,有効,制裁リスト（経産省）
HOLD_LEGACY_NOT_IN_CURRENT,guangzhouausaytechnologyco.limited,Guangzhou Ausay Technology Co. Limited,経産省,有効,制裁リスト（経産省）
HOLD_LEGACY_NOT_IN_CURRENT,guangzhouca.bencompositescompanylimited,Guangzhou Ca.Ben Composites Company Limited,経産省,有効,制裁リスト（経産省）
HOLD_LEGACY_NOT_IN_CURRENT,"guangzhoutian-hai-xiangaviationtechnologyco.,ltd.","Guangzhou Tian-Hai-Xiang Aviation Technology Co., Ltd.",経産省,有効,制裁リスト（経産省）
HOLD_LEGACY_NOT_IN_CURRENT,harbinengineeringuniversity,Harbin Engineering University,経産省,有効,制裁リスト（経産省）
HOLD_LEGACY_NOT_IN_CURRENT,harbininstituteoftechnology(hit),Harbin Institute of Technology (HIT),経産省,有効,制裁リスト（経産省）
HOLD_LEGACY_NOT_IN_CURRENT,hartisdvllc,Hartis DV LLC,経産省,有効,制裁リスト（経産省）
HOLD_LEGACY_NOT_IN_CURRENT,headaerospace;,HEAD Aerospace；,経産省,有効,制裁リスト（経産省）
HOLD_LEGACY_NOT_IN_CURRENT,headaerospace;-chinaheadtechnologycompanychinahead,HEAD Aerospace ； —China HEAD Technology Company China HEAD,経産省,有効,制裁リスト（経産省）
HOLD_LEGACY_NOT_IN_CURRENT,headaerospacegroup,HEAD Aerospace Group,OFAC;経産省,有効,制裁リスト（経産省／OFAC：SDN）
HOLD_LEGACY_NOT_IN_CURRENT,hebeisinopackelectronics,Hebei Sinopack Electronics,経産省,有効,制裁リスト（経産省）
HOLD_LEGACY_NOT_IN_CURRENT,"henanjiayuanaluminiumindustryco.,ltd.","HENAN JIAYUAN ALUMINIUM INDUSTRY CO., LTD.",経産省,有効,制裁リスト（経産省）
HOLD_LEGACY_NOT_IN_CURRENT,hesongtradingcorporation,HESONG TRADING CORPORATION,OFAC;経産省,有効,制裁リスト（経産省／OFAC：SDN）
HOLD_LEGACY_NOT_IN_CURRENT,holdingcompanyakbars,Holding Company Ak Bars,経産省,有効,制裁リスト（経産省）
HOLD_LEGACY_NOT_IN_CURRENT,"hongkongkailiindustrialco.,ltd","Hong Kong Kaili Industrial Co., Ltd",経産省,有効,制裁リスト（経産省）
HOLD_LEGACY_NOT_IN_CURRENT,hongkongkailiindustrialcoltd,Hong Kong Kaili Industrial Co Ltd,経産省,有効,制裁リスト（経産省）
HOLD_LEGACY_NOT_IN_CURRENT,"hubeisanjiangaerospacewanshanspecialvehicleco.,ltd.","Hubei Sanjiang Aerospace Wanshan Special Vehicle Co., Ltd.",経産省,有効,制裁リスト（経産省）
HOLD_LEGACY_NOT_IN_CURRENT,"hwanghaisteelunionco.,ltd.","Hwanghai Steel Union Co., Ltd.",経産省,有効,制裁リスト（経産省）
HOLD_LEGACY_NOT_IN_CURRENT,hydrographicserviceofthenavy,Hydrographic Service of the Navy,経産省,有効,制裁リスト（経産省）
HOLD_LEGACY_NOT_IN_CURRENT,hypersonicsystemresearchinstituteofholdingcompanyleninetz,Hypersonic System Research Institute of holding company Leninetz,経産省,有効,制裁リスト（経産省）
HOLD_LEGACY_NOT_IN_CURRENT,i.ベレズニャク名称国営mkb「レインボ-,I.ベ レズニャク名称国営 MKB「レインボー」,経産省,有効,制裁リスト（経産省）
HOLD_LEGACY_NOT_IN_CURRENT,idsolutionllc,ID Solution LLC,経産省,有効,制裁リスト（経産省）
HOLD_LEGACY_NOT_IN_CURRENT,idソリュ-ション有限会社,IDソリューション有限会社,経産省,有効,制裁リスト（経産省）
HOLD_LEGACY_NOT_IN_CURRENT,ifpktipmsoran,IFP KTIPM SO RAN,経産省,有効,制裁リスト（経産省）
HOLD_LEGACY_NOT_IN_CURRENT,igorafanasiev,Igor Afanasiev,経産省;財務省,有効,制裁リスト（財務省：ロシア連邦(個人)／経産省）
HOLD_LEGACY_NOT_IN_CURRENT,ihce,IHCE,経産省,有効,制裁リスト（経産省）
HOLD_LEGACY_NOT_IN_CURRENT,ihep,IHEP,経産省,有効,制裁リスト（経産省）
HOLD_LEGACY_NOT_IN_CURRENT,ijetflightsupportservices,iJet Flight Support Services,legacy;経産省,有効,制裁リスト（経産省／令和5年12月20日外為法）
HOLD_LEGACY_NOT_IN_CURRENT,imaxchiptechnologyco,Imaxchip Technology Co,経産省,有効,制裁リスト（経産省）
HOLD_LEGACY_NOT_IN_CURRENT,imaxchiptechnologycoltd,Imaxchip Technology Co Ltd,経産省,有効,制裁リスト（経産省）
HOLD_LEGACY_NOT_IN_CURRENT,imperialtulaarmsplant,Imperial Tula Arms Plant,経産省;財務省,有効,制裁リスト（財務省：ロシア連邦(団体(特定銀行を除く))／経産省）
HOLD_LEGACY_NOT_IN_CURRENT,improtex,Improtex,経産省,有効,制裁リスト（経産省）
HOLD_LEGACY_NOT_IN_CURRENT,improtexdisticaretlimitedsirketi,Improtex Dis Ticaret Limited Sirketi,経産省,有効,制裁リスト（経産省）
HOLD_LEGACY_NOT_IN_CURRENT,improtexdisticaretlimitedsirketi.,Improtex Dis Ticaret Limited Sirketi .,経産省,有効,制裁リスト（経産省）
HOLD_LEGACY_NOT_IN_CURRENT,improtexforeigntradelimitedliabilitycompany,Improtex Foreign Trade Limited Liability Company,経産省,有効,制裁リスト（経産省）
HOLD_LEGACY_NOT_IN_CURRENT,improtexllc,Improtex LLC,経産省,有効,制裁リスト（経産省）
HOLD_LEGACY_NOT_IN_CURRENT,industrial-commercialprivateunitaryenterpriseminotor-service,INDUSTRIAL-COMMERCIAL PRIVATE UNITARY ENTERPRISE MINOTOR-SERVICE,OFAC;経産省,有効,制裁リスト（経産省／OFAC：SDN）
HOLD_LEGACY_NOT_IN_CURRENT,inekollc,INEKO LLC,OFAC;経産省,有効,制裁リスト（経産省／OFAC：SDN）
HOLD_LEGACY_NOT_IN_CURRENT,inelsollc,Inelso LLC,経産省,有効,制裁リスト（経産省）
HOLD_LEGACY_NOT_IN_CURRENT,informakustikajsc,Informakustika JSC,経産省,有効,制裁リスト（経産省）
HOLD_LEGACY_NOT_IN_CURRENT,informationtelecommunicationstechnologypjsc,Information Telecommunications Technology PJSC,経産省,有効,制裁リスト（経産省）
HOLD_LEGACY_NOT_IN_CURRENT,instituteforinformationtransmissionproblems,Institute for Information Transmission Problems,経産省,有効,制裁リスト（経産省）
HOLD_LEGACY_NOT_IN_CURRENT,institutelektronniykhupravlyayushchikhmashinim.i.s.bruka,Institut Elektronniykh Upravlyayushchikh Mashin IM. I.S. Bruka,経産省,有効,制裁リスト（経産省）
HOLD_LEGACY_NOT_IN_CURRENT,instituteofchemicaldefence,Institute of Chemical Defence,経産省,有効,制裁リスト（経産省）
HOLD_LEGACY_NOT_IN_CURRENT,instituteofhighcurrentelectronicssiberianbranchrussianacademyofscience,Institute of High Current Electronics Siberian Branch Russian Academy of Science,経産省,有効,制裁リスト（経産省）
HOLD_LEGACY_NOT_IN_CURRENT,instituteofhighenergyphysics,Institute of High Energy Physics,経産省,有効,制裁リスト（経産省）
HOLD_LEGACY_NOT_IN_CURRENT,instituteofmarinetechnologyproblemsfareastbranchrussianacademyofsciences,Institute of Marine Technology Problems Far East Branch Russian Academy of Sciences,経産省,有効,制裁リスト（経産省）
HOLD_LEGACY_NOT_IN_CURRENT,instituteofmicrobialepidemiology,Institute of Microbial Epidemiology,経産省,有効,制裁リスト（経産省）
HOLD_LEGACY_NOT_IN_CURRENT,instituteofmicrobiologyandepidemiologyacademyofmilitarymedicalsciences,"Academy of Military Medical Sciences, Institute of Microbiology and Epidemiology",経産省,有効,制裁リスト（経産省）
HOLD_LEGACY_NOT_IN_CURRENT,instituteofphysicsnamedafterp.n.lebedevoftherussianacademyofsciences,Institute of Physics Named After P.N. Lebedev of the Russian Academy of Sciences,経産省,有効,制裁リスト（経産省）
HOLD_LEGACY_NOT_IN_CURRENT,instituteofsemiconductorphysicsima.v.rzhanov,Institute of Semiconductor Physics IM A.V. Rzhanov,経産省,有効,制裁リスト（経産省）
HOLD_LEGACY_NOT_IN_CURRENT,instituteofsolid-statephysicsoftheacademyofsciencessssr,Institute of Solid-State Physics of the Academy of Sciences SSSR,経産省,有効,制裁リスト（経産省）
HOLD_LEGACY_NOT_IN_CURRENT,instituteofsolid-statephysicsoftherussianacademyofsciences,Institute of Solid-State Physics of the Russian Academy of Sciences,経産省,有効,制裁リスト（経産省）
HOLD_LEGACY_NOT_IN_CURRENT,instituteoftheoreticalandexperimentalphysics,Institute of Theoretical and Experimental Physics,経産省,有効,制裁リスト（経産省）
HOLD_LEGACY_NOT_IN_CURRENT,institutproblemperedachiinformatsiiran,Institut Problem Peredachi Informatsii RAN,経産省,有効,制裁リスト（経産省）
HOLD_LEGACY_NOT_IN_CURRENT,integralspb,Integral SPB,経産省,有効,制裁リスト（経産省）
HOLD_LEGACY_NOT_IN_CURRENT,inteltech,Inteltech,経産省,有効,制裁リスト（経産省）
HOLD_LEGACY_NOT_IN_CURRENT,inteltechpjsc,Inteltech PJSC,経産省,有効,制裁リスト（経産省）
HOLD_LEGACY_NOT_IN_CURRENT,internationalsettlementbankllc,International Settlement Bank LLC,OFAC;経産省;財務省,有効,制裁リスト（財務省／経産省／OFAC：SDN）
HOLD_LEGACY_NOT_IN_CURRENT,inzhenernycentergeomir,Inzhenerny Center Geomir,経産省,有効,制裁リスト（経産省）
HOLD_LEGACY_NOT_IN_CURRENT,ipmim.m.v.keldisharan,IPM IM. M.V. Keldisha RAN,経産省,有効,制裁リスト（経産省）
HOLD_LEGACY_NOT_IN_CURRENT,ipmtfebras,IPMT FEB RAS,経産省,有効,制裁リスト（経産省）
HOLD_LEGACY_NOT_IN_CURRENT,ippe,IPPE,経産省,有効,制裁リスト（経産省）
HOLD_LEGACY_NOT_IN_CURRENT,ippsbras,IPP SB RAS,経産省,有効,制裁リスト（経産省）
HOLD_LEGACY_NOT_IN_CURRENT,ipuras,IPU RAS,経産省,有効,制裁リスト（経産省）
HOLD_LEGACY_NOT_IN_CURRENT,irkutcorporation,Irkut Corporation,経産省,有効,制裁リスト（経産省）
HOLD_LEGACY_NOT_IN_CURRENT,irkutresearchandproductioncorporationpublicjointstockcompany,Irkut Research and Production Corporation Public Joint Stock Company,経産省,有効,制裁リスト（経産省）
HOLD_LEGACY_NOT_IN_CURRENT,isesoraninstituteofhigh-currentelectronics,ISE SO RAN Institute of High-Current Electronics,経産省,有効,制裁リスト（経産省）
HOLD_LEGACY_NOT_IN_CURRENT,isesoran高圧電子工学研究所,ISE SO RAN高圧電子工学研究所,経産省,有効,制裁リスト（経産省）
HOLD_LEGACY_NOT_IN_CURRENT,isivzlet,ISI Vzlet,経産省,有効,制裁リスト（経産省）
HOLD_LEGACY_NOT_IN_CURRENT,isiヴズリョ-ト,ISI ヴズリョート,経産省,有効,制裁リスト（経産省）
HOLD_LEGACY_NOT_IN_CURRENT,issp,ISSP,経産省,有効,制裁リスト（経産省）
HOLD_LEGACY_NOT_IN_CURRENT,it-papillonooo,IT-Papillon OOO,経産省,有効,制裁リスト（経産省）
HOLD_LEGACY_NOT_IN_CURRENT,itef,ITEF,経産省,有効,制裁リスト（経産省）
HOLD_LEGACY_NOT_IN_CURRENT,itep,ITEP,経産省,有効,制裁リスト（経産省）
HOLD_LEGACY_NOT_IN_CURRENT,jcscheaz,JCS CheAZ,経産省,有効,制裁リスト（経産省）
HOLD_LEGACY_NOT_IN_CURRENT,"joint-stockcompany""researchcenterforautomateddesign""tacticalmissilecorporation","Tactical Missile Corporation, Joint-Stock Company “Research Center for Automated Design”",経産省,有効,制裁リスト（経産省）
HOLD_LEGACY_NOT_IN_CURRENT,joint-stockcompanyconcernsozvezdie,Joint-Stock Company Concern Sozvezdie,経産省,有効,制裁リスト（経産省）
HOLD_LEGACY_NOT_IN_CURRENT,joint-stockcompanyintegral-holdingmanagingcompany,Joint-Stock Company Integral-Holding Managing Company,経産省,有効,制裁リスト（経産省）
HOLD_LEGACY_NOT_IN_CURRENT,joint-stockcompanyravenstvo,Joint-Stock Company Ravenstvo,経産省,有効,制裁リスト（経産省）
HOLD_LEGACY_NOT_IN_CURRENT,"joint-stockcompanyuraldesignbureau""detal",Joint-Stock Company Ural Design Bureau “Detal”,経産省,有効,制裁リスト（経産省）
HOLD_LEGACY_NOT_IN_CURRENT,"jointstockcompany""plantdagdiesel""tacticalmissilecorporation","Tactical Missile Corporation, Joint Stock Company “Plant Dagdiesel”",経産省,有効,制裁リスト（経産省）
HOLD_LEGACY_NOT_IN_CURRENT,"jointstockcompany""salute""tacticalmissilecorporation","Tactical Missile Corporation, Joint Stock Company “Salute”",経産省,有効,制裁リスト（経産省）
HOLD_LEGACY_NOT_IN_CURRENT,"jointstockcompany""stateresearchinstituteofmechanicalengineering""named",Joint Stock Company “State Research Institute of Mechanical Engineering” named,経産省,有効,制裁リスト（経産省）
HOLD_LEGACY_NOT_IN_CURRENT,"jointstockcompany""uralelement""tacticalmissilecorporation","Tactical Missile Corporation, Joint Stock Company “URALELEMENT”",経産省,有効,制裁リスト（経産省）
HOLD_LEGACY_NOT_IN_CURRENT,jointstockcompany121aviationrepairplant,Joint Stock Company 121 Aviation Repair Plant,経産省,有効,制裁リスト（経産省）
HOLD_LEGACY_NOT_IN_CURRENT,jointstockcompany123aviationrepairplant,Joint Stock Company 123 Aviation Repair Plant,経産省,有効,制裁リスト（経産省）
HOLD_LEGACY_NOT_IN_CURRENT,jointstockcompany163armoredrepairplant,Joint Stock Company 163 Armored Repair Plant,OFAC;経産省;財務省,有効,制裁リスト（財務省：ロシア連邦(団体(特定銀行を除く))／経産省／OFAC：SDN）
HOLD_LEGACY_NOT_IN_CURRENT,jointstockcompany163btrz,Joint Stock Company 163 BTRZ,OFAC;経産省;財務省,有効,制裁リスト（財務省：ロシア連邦(団体(特定銀行を除く))／経産省／OFAC：SDN）
HOLD_LEGACY_NOT_IN_CURRENT,jointstockcompany218aviationrepairplant,Joint Stock Company 218 Aviation Repair Plant,経産省,有効,制裁リスト（経産省）
HOLD_LEGACY_NOT_IN_CURRENT,jointstockcompany360aviationrepairplant,Joint Stock Company 360 Aviation Repair Plant,経産省,有効,制裁リスト（経産省）
HOLD_LEGACY_NOT_IN_CURRENT,jointstockcompany514aviationrepairplant,Joint Stock Company 514 Aviation Repair Plant,経産省,有効,制裁リスト（経産省）
HOLD_LEGACY_NOT_IN_CURRENT,jointstockcompany766uptk,Joint Stock Company 766 UPTK,経産省,有効,制裁リスト（経産省）
HOLD_LEGACY_NOT_IN_CURRENT,jointstockcompanyaerocomposit,Joint Stock Company Aerocomposit,経産省,有効,制裁リスト（経産省）
HOLD_LEGACY_NOT_IN_CURRENT,jointstockcompanyaeropriborvoskhodconcernradio-electronictechnologies,"Concern Radio-Electronic Technologies, Joint Stock Company Aeropribor Voskhod",経産省,有効,制裁リスト（経産省）
HOLD_LEGACY_NOT_IN_CURRENT,jointstockcompanyall-russianresearchinstitutesignal,JOINT STOCK COMPANY ALL-RUSSIAN RESEARCH INSTITUTE SIGNAL,OFAC;経産省,有効,制裁リスト（経産省／OFAC：SDN）
HOLD_LEGACY_NOT_IN_CURRENT,jointstockcompanyallrussianresearchinstituteofradioengineering,Joint Stock Company All Russian Research Institute of Radio Engineering,経産省,有効,制裁リスト（経産省）
HOLD_LEGACY_NOT_IN_CURRENT,jointstockcompanyalmetyevskradiopriborplantconcernradio-electronictechnologies,"Concern Radio-Electronic Technologies, Joint Stock Company Almetyevsk Radiopribor Plant",経産省,有効,制裁リスト（経産省）
HOLD_LEGACY_NOT_IN_CURRENT,jointstockcompanyaramilaviationrepairplant,Joint Stock Company Aramil Aviation Repair Plant,経産省,有効,制裁リスト（経産省）
HOLD_LEGACY_NOT_IN_CURRENT,"jointstockcompanyarzamasresearchandproductionenterprise""temp-avia",Joint Stock Company Arzamas Research And Production Enterprise “TEMP-AVIA”,経産省,有効,制裁リスト（経産省）
HOLD_LEGACY_NOT_IN_CURRENT,jointstockcompanyaviaremont,Joint Stock Company Aviaremont,経産省,有効,制裁リスト（経産省）
HOLD_LEGACY_NOT_IN_CURRENT,jointstockcompanyavtomati,Joint Stock Company Avtomati,経産省,有効,制裁リスト（経産省）
HOLD_LEGACY_NOT_IN_CURRENT,jointstockcompanybryanskelectromechanicalplant,Joint Stock Company Bryansk Electromechanical Plant,経産省,有効,制裁リスト（経産省）
HOLD_LEGACY_NOT_IN_CURRENT,jointstockcompanycenterofresearchandtechnologyservicesdinami,Joint Stock Company Center of Research and Technology Services Dinami,経産省,有効,制裁リスト（経産省）
HOLD_LEGACY_NOT_IN_CURRENT,jointstockcompanycentralresearchinstituteburevestni,Joint Stock Company Central Research Institute Burevestni,経産省,有効,制裁リスト（経産省）
HOLD_LEGACY_NOT_IN_CURRENT,jointstockcompanyconcernavtomati,Joint Stock Company Concern Avtomati,経産省,有効,制裁リスト（経産省）
HOLD_LEGACY_NOT_IN_CURRENT,jointstockcompanyconcerngranit-electrontacticalmissilecorporation,"Tactical Missile Corporation, Joint Stock Company Concern Granit-Electron",経産省,有効,制裁リスト（経産省）
HOLD_LEGACY_NOT_IN_CURRENT,jointstockcompanyconcernseaunderwaterweaponsgidropribor,Joint Stock Company Concern Sea Underwater Weapons Gidropribor,経産省,有効,制裁リスト（経産省）
HOLD_LEGACY_NOT_IN_CURRENT,jointstockcompanydesigntechnologycenterelektroni,Joint Stock Company Design Technology Center Elektroni,経産省,有効,制裁リスト（経産省）
HOLD_LEGACY_NOT_IN_CURRENT,jointstockcompanyelektrotyagtacticalmissilecorporation,"Tactical Missile Corporation, Joint Stock Company Elektrotyag",経産省,有効,制裁リスト（経産省）
HOLD_LEGACY_NOT_IN_CURRENT,jointstockcompanyexperimentaldesignbureaunamedaftera.s.yakovlev,JOINT STOCK COMPANY EXPERIMENTAL DESIGN BUREAU NAMED AFTER A.S. YAKOVLEV,OFAC;経産省,有効,制裁リスト（経産省／OFAC：SDN）
HOLD_LEGACY_NOT_IN_CURRENT,jointstockcompanyfederalresearchandproductioncenteraltai,Joint Stock Company Federal Research and Production Center Altai,経産省,有効,制裁リスト（経産省）
HOLD_LEGACY_NOT_IN_CURRENT,jointstockcompanyflightresearchinstituten.a.m.m.gromov,JOINT STOCK COMPANY FLIGHT RESEARCH INSTITUTE N.A. M.M. GROMOV,OFAC;経産省,有効,制裁リスト（経産省／OFAC：SDN）
HOLD_LEGACY_NOT_IN_CURRENT,jointstockcompanyheadspecialdesignbureauprozhektor,Joint Stock Company Head Special Design Bureau Prozhektor,経産省,有効,制裁リスト（経産省）
HOLD_LEGACY_NOT_IN_CURRENT,jointstockcompanyilyushinaviationcomplex,Joint Stock Company Ilyushin Aviation Complex,経産省,有効,制裁リスト（経産省）
HOLD_LEGACY_NOT_IN_CURRENT,jointstockcompanyindustrialcontrolsdesignbureauconcernradio-electronictechnologies,"Concern Radio-Electronic Technologies, Joint Stock Company Industrial Controls Design Bureau",経産省,有効,制裁リスト（経産省）
HOLD_LEGACY_NOT_IN_CURRENT,jointstockcompanykizlyarelectromechanicalplant,Joint Stock Company Kizlyar Electromechanical Plant,経産省,有効,制裁リスト（経産省）
HOLD_LEGACY_NOT_IN_CURRENT,jointstockcompanylazuritcentraldesignbureau,Joint Stock Company Lazurit Central Design Bureau,経産省,有効,制裁リスト（経産省）
HOLD_LEGACY_NOT_IN_CURRENT,jointstockcompanymachine-buildingengineeringofficefakelnamedafterakademikap.d.grushin,Joint Stock Company Machine-Building Engineering Office Fakel Named After Akademika P.D. Grushin,経産省,有効,制裁リスト（経産省）
HOLD_LEGACY_NOT_IN_CURRENT,jointstockcompanymetallistsamar,Joint Stock Company Metallist Samar,経産省,有効,制裁リスト（経産省）
HOLD_LEGACY_NOT_IN_CURRENT,jointstockcompanymicrotechnologyconcernradio-electronictechnologies,"Concern Radio-Electronic Technologies, Joint Stock Company Microtechnology",経産省,有効,制裁リスト（経産省）
HOLD_LEGACY_NOT_IN_CURRENT,jointstockcompanymilitary-industrialcorporationresearchandproductionassociationofmechanicalengineering,Joint Stock Company Military-Industrial Corporation Research and Production Association of Mechanical Engineering,経産省;財務省,有効,制裁リスト（財務省：ロシア連邦(団体(特定銀行を除く))／経産省）
HOLD_LEGACY_NOT_IN_CURRENT,jointstockcompanymoscowmachinebuildingenterprisenamedafterv.v.chernyshev,Joint Stock Company Moscow Machinebuilding Enterprise named after V. V.Chernyshev,経産省,有効,制裁リスト（経産省）
HOLD_LEGACY_NOT_IN_CURRENT,"jointstockcompanynevskoedesignbureau,","Joint Stock Company Nevskoe Design Bureau,",経産省,有効,制裁リスト（経産省）
HOLD_LEGACY_NOT_IN_CURRENT,"jointstockcompanyniigidrosvyazishtil,","Joint Stock Company NII Gidrosvyazi Shtil,",経産省,有効,制裁リスト（経産省）
HOLD_LEGACY_NOT_IN_CURRENT,jointstockcompanyniisteel,Joint Stock Company NII Steel,経産省,有効,制裁リスト（経産省）
HOLD_LEGACY_NOT_IN_CURRENT,jointstockcompanynorthernproductionassociationarkti,Joint Stock Company Northern Production Association Arkti,経産省,有効,制裁リスト（経産省）
HOLD_LEGACY_NOT_IN_CURRENT,jointstockcompanyobninskresearchandproductionenterprisetechnologiyanamed,Joint Stock Company Obninsk Research and Production Enterprise Technologiya Named,経産省,有効,制裁リスト（経産省）
HOLD_LEGACY_NOT_IN_CURRENT,jointstockcompanypastreltacticalmissilecorporation,"Tactical Missile Corporation, Joint Stock Company PA Strel",経産省,有効,制裁リスト（経産省）
HOLD_LEGACY_NOT_IN_CURRENT,jointstockcompanypenzaelectrotechnicalresearchinstitute,Joint Stock Company Penza Electrotechnical Research Institute,経産省,有効,制裁リスト（経産省）
HOLD_LEGACY_NOT_IN_CURRENT,jointstockcompanypermmachinebuildingplant,Joint Stock Company Perm Machine Building Plant,経産省,有効,制裁リスト（経産省）
HOLD_LEGACY_NOT_IN_CURRENT,jointstockcompanyplantkulakovtacticalmissilecorporation,"Tactical Missile Corporation, Joint Stock Company Plant Kulakov",経産省,有効,制裁リスト（経産省）
HOLD_LEGACY_NOT_IN_CURRENT,jointstockcompanyproductionassociationuralopticalandmechanicalplantnamedaftere.s.yalamov,JOINT STOCK COMPANY PRODUCTION ASSOCIATION URAL OPTICAL AND MECHANICAL PLANT NAMED AFTER E.S. YALAMOV,OFAC;経産省,有効,制裁リスト（経産省／OFAC：SDN）
HOLD_LEGACY_NOT_IN_CURRENT,jointstockcompanyproductioncomplexakhtub,Joint Stock Company Production Complex Akhtub,経産省,有効,制裁リスト（経産省）
HOLD_LEGACY_NOT_IN_CURRENT,jointstockcompanyradiopriborconcernradio-electronictechnologies,"Concern Radio-Electronic Technologies, Joint Stock Company Radiopribor",経産省,有効,制裁リスト（経産省）
HOLD_LEGACY_NOT_IN_CURRENT,jointstockcompanyramenskoeinstrumentengineeringbureauconcernradio-electronictechnologies,"Concern Radio-Electronic Technologies, Joint Stock Company Ramenskoe Instrument Engineering Bureau",経産省,有効,制裁リスト（経産省）
HOLD_LEGACY_NOT_IN_CURRENT,jointstockcompanyravenstvo-servicetacticalmissilecorporation,"Tactical Missile Corporation, Joint Stock Company Ravenstvo-service",経産省,有効,制裁リスト（経産省）
HOLD_LEGACY_NOT_IN_CURRENT,jointstockcompanyravenstvotacticalmissilecorporation,"Tactical Missile Corporation, Joint Stock Company Ravenstvo",経産省,有効,制裁リスト（経産省）
HOLD_LEGACY_NOT_IN_CURRENT,jointstockcompanyremdizel,JOINT STOCK COMPANY REMDIZEL,OFAC;経産省;財務省,有効,制裁リスト（財務省：ロシア連邦(団体(特定銀行を除く))／経産省／OFAC：SDN）
HOLD_LEGACY_NOT_IN_CURRENT,jointstockcompanyresearchanddevelopmentcenterelvees,Joint Stock Company Research and Development Center ELVEES,経産省,有効,制裁リスト（経産省）
HOLD_LEGACY_NOT_IN_CURRENT,jointstockcompanyresearchanddevelopmententerpriseprote,Joint Stock Company Research and Development Enterprise Prote,経産省,有効,制裁リスト（経産省）
HOLD_LEGACY_NOT_IN_CURRENT,jointstockcompanyresearchandproductionassociationelektromekhaniki,Joint Stock Company Research and Production Association Elektromekhaniki,OFAC;経産省;財務省,有効,制裁リスト（財務省：ロシア連邦(団体(特定銀行を除く))／経産省／OFAC：SDN）
HOLD_LEGACY_NOT_IN_CURRENT,jointstockcompanyresearchandproductionassociationnamedafters.a.lavochkin,Joint Stock Company Research and Production Association Named After S.A. Lavochkin,経産省,有効,制裁リスト（経産省）
HOLD_LEGACY_NOT_IN_CURRENT,jointstockcompanyresearchandproductionassociationofmeasuringequipment,Joint Stock Company Research and Production Association of Measuring Equipment,経産省,有効,制裁リスト（経産省）
HOLD_LEGACY_NOT_IN_CURRENT,jointstockcompanyresearchandproductioncentersapsanconcernradio-electronictechnologies,"Concern Radio-Electronic Technologies, Joint Stock Company Research and Production Center SAPSAN",経産省,有効,制裁リスト（経産省）
HOLD_LEGACY_NOT_IN_CURRENT,jointstockcompanyresearchandproductionenterprisesapfir,Joint Stock Company Research and Production Enterprise Sapfir,経産省,有効,制裁リスト（経産省）
HOLD_LEGACY_NOT_IN_CURRENT,jointstockcompanyrt-tekhpriem,Joint Stock Company RT-Tekhpriem,経産省,有効,制裁リスト（経産省）
HOLD_LEGACY_NOT_IN_CURRENT,jointstockcompanyryazanplantofmetalceramicinstruments,Joint Stock Company Ryazan Plant of Metal Ceramic Instruments,経産省,有効,制裁リスト（経産省）
HOLD_LEGACY_NOT_IN_CURRENT,jointstockcompanyrychagconcernradio-electronictechnologies,"Concern Radio-Electronic Technologies, Joint Stock Company Rychag",経産省,有効,制裁リスト（経産省）
HOLD_LEGACY_NOT_IN_CURRENT,jointstockcompanysaratovradioinstrumentplanttacticalmissilecorporation,"Tactical Missile Corporation, Joint Stock Company Saratov Radio Instrument Plant",経産省,有効,制裁リスト（経産省）
HOLD_LEGACY_NOT_IN_CURRENT,jointstockcompanyscientificandproductionassociationelectromashina,Joint Stock Company Scientific and Production Association Electromashina,OFAC;経産省;財務省,有効,制裁リスト（財務省：ロシア連邦(団体(特定銀行を除く))／経産省／OFAC：SDN）
HOLD_LEGACY_NOT_IN_CURRENT,jointstockcompanyscientificandproductioncomplexelaranamedafterg.a.illienko,Joint Stock Company Scientific and Production Complex Elara named after G. A. Illienko,経産省,有効,制裁リスト（経産省）
HOLD_LEGACY_NOT_IN_CURRENT,jointstockcompanyscientificproductionenterprisedigitalsolutions,Joint Stock Company Scientific Production Enterprise Digital Solutions,経産省,有効,制裁リスト（経産省）
HOLD_LEGACY_NOT_IN_CURRENT,jointstockcompanyscientificproductionenterprisetopaz,Joint Stock Company Scientific Production Enterprise Topaz,経産省,有効,制裁リスト（経産省）
HOLD_LEGACY_NOT_IN_CURRENT,jointstockcompanyscientificresearchinstituteofcomputingmachinery,Joint Stock Company Scientific Research Institute of Computing Machinery,経産省,有効,制裁リスト（経産省）
HOLD_LEGACY_NOT_IN_CURRENT,jointstockcompanyscientificresearchinstituteofelectronicandmechanicaldevices,Joint Stock Company Scientific Research Institute of Electronic and Mechanical Devices,経産省,有効,制裁リスト（経産省）
HOLD_LEGACY_NOT_IN_CURRENT,jointstockcompanyscientificresearchinstituteofelectronicengineeringmaterials,Joint Stock Company Scientific Research Institute of Electronic Engineering Materials,経産省,有効,制裁リスト（経産省）
HOLD_LEGACY_NOT_IN_CURRENT,jointstockcompanyscientificresearchinstituteofgasdischargedevicesplasm,Joint Stock Company Scientific Research Institute of Gas Discharge Devices Plasm,経産省,有効,制裁リスト（経産省）
HOLD_LEGACY_NOT_IN_CURRENT,jointstockcompanyscientificresearchinstituteofindustrialtelevisionrastr,Joint Stock Company Scientific Research Institute of Industrial Television Rastr,経産省,有効,制裁リスト（経産省）
HOLD_LEGACY_NOT_IN_CURRENT,jointstockcompanyscientificresearchinstituteofprecisionmechanicalengineering,Joint Stock Company Scientific Research Institute of Precision Mechanical Engineering,経産省,有効,制裁リスト（経産省）
HOLD_LEGACY_NOT_IN_CURRENT,jointstockcompanyspecialdesignbureauofcomputerengineering,Joint Stock Company Special Design Bureau of Computer Engineering,経産省,有効,制裁リスト（経産省）
HOLD_LEGACY_NOT_IN_CURRENT,jointstockcompanyspecialdesignbureauofcontrolmeans,Joint Stock Company Special Design Bureau of Control Means,経産省,有効,制裁リスト（経産省）
HOLD_LEGACY_NOT_IN_CURRENT,jointstockcompanyspecialdesignbureauturbin,Joint Stock Company Special Design Bureau Turbin,経産省,有効,制裁リスト（経産省）
HOLD_LEGACY_NOT_IN_CURRENT,jointstockcompanyspecialindustrialandtechnicalbasezvezdoch,Joint Stock Company Special Industrial and Technical Base Zvezdoch,経産省,有効,制裁リスト（経産省）
HOLD_LEGACY_NOT_IN_CURRENT,jointstockcompanyspmdbmalachite,Joint Stock Company SPMDB Malachite,経産省,有効,制裁リスト（経産省）
HOLD_LEGACY_NOT_IN_CURRENT,jointstockcompanystar,JOINT STOCK COMPANY STAR,OFAC;経産省,有効,制裁リスト（経産省／OFAC：SDN）
HOLD_LEGACY_NOT_IN_CURRENT,"jointstockcompanystatemachine-buildingdesignbureau""raduga",Joint Stock Company State Machine-Building Design Bureau “Raduga”,経産省,有効,制裁リスト（経産省）
HOLD_LEGACY_NOT_IN_CURRENT,"jointstockcompanystatemissilecenternamedafterakademikav.p.makeyeva,","Joint Stock Company State Missile Center Named After Akademika V.P. Makeyeva,",経産省,有効,制裁リスト（経産省）
HOLD_LEGACY_NOT_IN_CURRENT,jointstockcompanysvetlanasemiconductors,Joint Stock Company Svetlana Semiconductors,経産省,有効,制裁リスト（経産省）
HOLD_LEGACY_NOT_IN_CURRENT,jointstockcompanytekhnodinami,Joint Stock Company Tekhnodinami,経産省,有効,制裁リスト（経産省）
HOLD_LEGACY_NOT_IN_CURRENT,jointstockcompanytheinstituteofelectroniccontrolcomputersnamedafteri.s.bru,Joint Stock Company the Institute of Electronic Control Computers Named After I.S. Bru,経産省,有効,制裁リスト（経産省）
HOLD_LEGACY_NOT_IN_CURRENT,jointstockcompanyuralinstrumentengineeringplantconcernradio-electronictechnologies,"Concern Radio-Electronic Technologies, Joint Stock Company Ural Instrument Engineering Plant",経産省,有効,制裁リスト（経産省）
HOLD_LEGACY_NOT_IN_CURRENT,jointstockcompanyvegaradioengineeringcorporation,Joint Stock Company Vega Radio Engineering Corporation,経産省,有効,制裁リスト（経産省）
HOLD_LEGACY_NOT_IN_CURRENT,jointstockcompanyvniirprogress,JOINT STOCK COMPANY VNIIR PROGRESS,OFAC;経産省,有効,制裁リスト（経産省／OFAC：SDN）
HOLD_LEGACY_NOT_IN_CURRENT,jointstockcompanyvologdaopticalandmechanicalplant,Joint Stock Company Vologda Optical and Mechanical Plant,経産省,有効,制裁リスト（経産省）
HOLD_LEGACY_NOT_IN_CURRENT,jointstockcompanyvoronezhsemiconductordevicesfactoryassembly,Joint Stock Company Voronezh Semiconductor Devices Factory Assembly,経産省,有効,制裁リスト（経産省）
HOLD_LEGACY_NOT_IN_CURRENT,jointstockcompanyvotkinskmachinebuildingplant,Joint Stock Company Votkinsk Machine Building Plant,経産省,有効,制裁リスト（経産省）
HOLD_LEGACY_NOT_IN_CURRENT,jointstockcompanyvserossiyskyinstituteforscientificresearchradiotekhniki,Joint Stock Company Vserossiysky Institute for Scientific Research Radiotekhniki,OFAC;経産省;財務省,有効,制裁リスト（財務省：ロシア連邦(団体(特定銀行を除く))／経産省／OFAC：SDN）
HOLD_LEGACY_NOT_IN_CURRENT,jointstockcompanyvyatkamachine-buildingenterpriseavite,Joint Stock Company Vyatka Machine-Building Enterprise Avite,経産省,有効,制裁リスト（経産省）
HOLD_LEGACY_NOT_IN_CURRENT,jointstockcompanyvyatskoyemashinostroitelnoyepredpriyatiyeavitek,Joint Stock Company Vyatskoye Mashinostroitelnoye Predpriyatiye Avitek,OFAC;経産省;財務省,有効,制裁リスト（財務省：ロシア連邦(団体(特定銀行を除く))／経産省／OFAC：SDN）
HOLD_LEGACY_NOT_IN_CURRENT,jointstockcompanyvzletengineeringtestingsupportconcernradio-electronictechnologies,"Concern Radio-Electronic Technologies, Joint Stock Company Vzlet Engineering Testing Support",経産省,有効,制裁リスト（経産省）
HOLD_LEGACY_NOT_IN_CURRENT,jointstockcompanyyaroslavlradiofactory,Joint Stock Company Yaroslavl Radio Factory,経産省,有効,制裁リスト（経産省）
HOLD_LEGACY_NOT_IN_CURRENT,jointstockcompanyzelenogradnanotechnologycenter,Joint Stock Company Zelenograd Nanotechnology Center,経産省,有効,制裁リスト（経産省）
HOLD_LEGACY_NOT_IN_CURRENT,jointstockcompanyzhiguliradioplantconcernradio-electronictechnologies,"Concern Radio-Electronic Technologies, Joint Stock Company Zhiguli Radio Plant",経産省,有効,制裁リスト（経産省）
HOLD_LEGACY_NOT_IN_CURRENT,jointstockcompanyzlatoustovskymachinebuildingplant,Joint Stock Company Zlatoustovsky Machine Building Plant,経産省,有効,制裁リスト（経産省）
HOLD_LEGACY_NOT_IN_CURRENT,jointventurquantum,Joint Ventur Quantum,経産省,有効,制裁リスト（経産省）
HOLD_LEGACY_NOT_IN_CURRENT,"jsc""kbradar""-managingcompanyof""radarsystems""holding",JSC“KB Radar” – Managing Company of “Radar Systems” Holding,経産省,有効,制裁リスト（経産省）
HOLD_LEGACY_NOT_IN_CURRENT,"jsc""smaz",JSC “SmAZ”,経産省,有効,制裁リスト（経産省）
HOLD_LEGACY_NOT_IN_CURRENT,jsc2566zrrev,JSC 2566 ZRREV,経産省,有効,制裁リスト（経産省）
HOLD_LEGACY_NOT_IN_CURRENT,jscagatelectromechanicalplant,JSC Agat Electromechanical Plant,経産省,有効,制裁リスト（経産省）
HOLD_LEGACY_NOT_IN_CURRENT,jscalexeev'shydrofoildesignbureau,JSC Alexeev’s Hydrofoil Design Bureau,経産省,有効,制裁リスト（経産省）
HOLD_LEGACY_NOT_IN_CURRENT,jscaomz,JSC AOMZ,経産省,有効,制裁リスト（経産省）
HOLD_LEGACY_NOT_IN_CURRENT,jscaviatekhpriemka,JSC Aviatekhpriemka,経産省,有効,制裁リスト（経産省）
HOLD_LEGACY_NOT_IN_CURRENT,jscazrp,JSC AZRP,経産省,有効,制裁リスト（経産省）
HOLD_LEGACY_NOT_IN_CURRENT,jscbaltiskizavod,JSC Baltiski Zavod,経産省,有効,制裁リスト（経産省）
HOLD_LEGACY_NOT_IN_CURRENT,jsccenterforscientificandtechnicalservicesdinamika,JSC Center for Scientific and Technical Services Dinamika,経産省,有効,制裁リスト（経産省）
HOLD_LEGACY_NOT_IN_CURRENT,jsccentralresearchinstituteofmachinebuilding(jsctsniimash),JSC Central Research Institute of Machine Building (JSC TsNIIMash),経産省,有効,制裁リスト（経産省）
HOLD_LEGACY_NOT_IN_CURRENT,jscconcernvega,JSC Concern Vega,経産省,有効,制裁リスト（経産省）
HOLD_LEGACY_NOT_IN_CURRENT,jsccorporationmiht,JSC Corporation MIHT,OFAC;経産省;財務省,有効,制裁リスト（財務省：ロシア連邦(団体(特定銀行を除く))／経産省／OFAC：SDN）
HOLD_LEGACY_NOT_IN_CURRENT,jsccorporationspuccbtm,JSC Corporation SPUCCB TM,経産省,有効,制裁リスト（経産省）
HOLD_LEGACY_NOT_IN_CURRENT,jsccsd,JSC CSD,経産省,有効,制裁リスト（経産省）
HOLD_LEGACY_NOT_IN_CURRENT,jscdigitalsolutions,JSC Digital Solutions,経産省,有効,制裁リスト（経産省）
HOLD_LEGACY_NOT_IN_CURRENT,jscelectronicsedc,JSC Electronics EDC,経産省,有効,制裁リスト（経産省）
HOLD_LEGACY_NOT_IN_CURRENT,jscelectronicsengineeringanddesigncenter,JSC Electronics Engineering and Design Center,経産省,有効,制裁リスト（経産省）
HOLD_LEGACY_NOT_IN_CURRENT,jscelektronikaengineeringanddesigncenter,JSC Elektronika Engineering and Design Center,経産省,有効,制裁リスト（経産省）
HOLD_LEGACY_NOT_IN_CURRENT,jscelement,JSC Element,経産省,有効,制裁リスト（経産省）
HOLD_LEGACY_NOT_IN_CURRENT,jscelins,JSC Elins,経産省,有効,制裁リスト（経産省）
HOLD_LEGACY_NOT_IN_CURRENT,jscemergencydigitalsolutions,JSC Emergency Digital Solutions,経産省,有効,制裁リスト（経産省）
HOLD_LEGACY_NOT_IN_CURRENT,jscemergencydigitalsolutions(eds),JSC Emergency Digital Solutions (EDS),経産省,有効,制裁リスト（経産省）
HOLD_LEGACY_NOT_IN_CURRENT,jscenergiya,JSC Energiya,経産省,有効,制裁リスト（経産省）
HOLD_LEGACY_NOT_IN_CURRENT,"jscfcs&ht""snpo""eleron",JSC FCS&HT “SNPO “Eleron”,経産省,有効,制裁リスト（経産省）
HOLD_LEGACY_NOT_IN_CURRENT,jscgeomir,JSC Geomir,経産省,有効,制裁リスト（経産省）
HOLD_LEGACY_NOT_IN_CURRENT,jscgf5srzjsctsszvezdochka,JSC GF 5 SRZ JSC TsS Zvezdochka,経産省,有効,制裁リスト（経産省）
HOLD_LEGACY_NOT_IN_CURRENT,jscgosudarstvennyraketnytsentrimeniakademikav.p.makeeva,JSC Gosudarstvenny Raketny Tsentr Imeni Akademika V.P. Makeeva,経産省,有効,制裁リスト（経産省）
HOLD_LEGACY_NOT_IN_CURRENT,jscgrtsmakeyeva,JSC GRTs Makeyeva,経産省,有効,制裁リスト（経産省）
HOLD_LEGACY_NOT_IN_CURRENT,jscinstituteforscientificresearchvychislitelnykhkompleksovnamedafterm.a,JSC Institute for Scientific Research Vychislitelnykh Kompleksov Named After M.A,経産省,有効,制裁リスト（経産省）
HOLD_LEGACY_NOT_IN_CURRENT,jscintegral,JSC Integral,経産省,有効,制裁リスト（経産省）
HOLD_LEGACY_NOT_IN_CURRENT,jsckazanhelicopterplantrepairservice,JSC Kazan Helicopter Plant Repair Service,経産省,有効,制裁リスト（経産省）
HOLD_LEGACY_NOT_IN_CURRENT,jsckhabarovskradioengineeringplant,JSC Khabarovsk Radio Engineering Plant,経産省,有効,制裁リスト（経産省）
HOLD_LEGACY_NOT_IN_CURRENT,jsckompel,JSC Kompel,経産省;財務省,有効,制裁リスト（財務省：ロシア連邦(団体(特定銀行を除く))／経産省）
HOLD_LEGACY_NOT_IN_CURRENT,jsckontsernkizlyarskiielektromekhanicheskiizavod,JSC Kontsern Kizlyarskii Elektromekhanicheskii Zavod,経産省,有効,制裁リスト（経産省）
HOLD_LEGACY_NOT_IN_CURRENT,jsckraftwaycorporationpls,JSC Kraftway Corporation PLS,経産省,有効,制裁リスト（経産省）
HOLD_LEGACY_NOT_IN_CURRENT,jsclavochkinscienceandproductionassociation,JSC Lavochkin Science and Production Association,経産省,有効,制裁リスト（経産省）
HOLD_LEGACY_NOT_IN_CURRENT,jscmachine-buildingplantarsenal,JSC Machine-Building Plant Arsenal,経産省;財務省,有効,制裁リスト（財務省：ロシア連邦(団体(特定銀行を除く))／経産省）
HOLD_LEGACY_NOT_IN_CURRENT,jscmakeyevdesignbureau,JSC Makeyev Design Bureau,経産省,有効,制裁リスト（経産省）
HOLD_LEGACY_NOT_IN_CURRENT,jscmicrotechnology,JSC Microtechnology,経産省,有効,制裁リスト（経産省）
HOLD_LEGACY_NOT_IN_CURRENT,jscniiei,JSC NIIEI,経産省,有効,制裁リスト（経産省）
HOLD_LEGACY_NOT_IN_CURRENT,jscniimet,JSC NIIMET,経産省,有効,制裁リスト（経産省）
HOLD_LEGACY_NOT_IN_CURRENT,jscniips,JSC NII PS,経産省,有効,制裁リスト（経産省）
HOLD_LEGACY_NOT_IN_CURRENT,jscniisvt,JSC NII SVT,経産省,有効,制裁リスト（経産省）
HOLD_LEGACY_NOT_IN_CURRENT,jscniivychislitelnykhkompleksovim.m.a.kartseva,JSC NII VYCHISLITELNYKH KOMPLEKSOV IM. M.A. KARTSEVA,OFAC;経産省;財務省,有効,制裁リスト（財務省：ロシア連邦(団体(特定銀行を除く))／経産省／OFAC：SDN）
HOLD_LEGACY_NOT_IN_CURRENT,jscnpoit,JSC NPO IT,経産省,有効,制裁リスト（経産省）
HOLD_LEGACY_NOT_IN_CURRENT,jscnppalmaz,JSC NPP Almaz,経産省,有効,制裁リスト（経産省）
HOLD_LEGACY_NOT_IN_CURRENT,jscnppelektrostandart,JSC NPP Elektrostandart,経産省,有効,制裁リスト（経産省）
HOLD_LEGACY_NOT_IN_CURRENT,jscnppkontakt,JSC NPP Kontakt,経産省,有効,制裁リスト（経産省）
HOLD_LEGACY_NOT_IN_CURRENT,jscnppsalyut,JSC NPP Salyut,経産省,有効,制裁リスト（経産省）
HOLD_LEGACY_NOT_IN_CURRENT,jscnppsapphire,JSC NPP Sapphire,経産省,有効,制裁リスト（経産省）
HOLD_LEGACY_NOT_IN_CURRENT,jscnpptopaz,JSC NPP Topaz,経産省,有効,制裁リスト（経産省）
HOLD_LEGACY_NOT_IN_CURRENT,jscnppvostok,JSC NPP Vostok,経産省,有効,制裁リスト（経産省）
HOLD_LEGACY_NOT_IN_CURRENT,jscnsrz,JSC NSRZ,経産省,有効,制裁リスト（経産省）
HOLD_LEGACY_NOT_IN_CURRENT,jscnvpprotek,JSC NVP Protek,経産省,有効,制裁リスト（経産省）
HOLD_LEGACY_NOT_IN_CURRENT,jscoctayabr,JSC Octayabr,経産省,有効,制裁リスト（経産省）
HOLD_LEGACY_NOT_IN_CURRENT,jsconip,JSC ONIP,経産省,有効,制裁リスト（経産省）
HOLD_LEGACY_NOT_IN_CURRENT,jscorpetechnologynamedaftera.g.romashin,JSC ORPE Technology Named After A.G. Romashin,経産省,有効,制裁リスト（経産省）
HOLD_LEGACY_NOT_IN_CURRENT,jscpasever,JSC PA Sever,経産省,有効,制裁リスト（経産省）
HOLD_LEGACY_NOT_IN_CURRENT,jscpella-mash,JSC Pella-Mash,経産省,有効,制裁リスト（経産省）
HOLD_LEGACY_NOT_IN_CURRENT,jscpenza,JSC Penza,経産省,有効,制裁リスト（経産省）
HOLD_LEGACY_NOT_IN_CURRENT,jscplantnamedaftera.a.kulakov,JSC Plant Named After A.A. Kulakov,経産省,有効,制裁リスト（経産省）
HOLD_LEGACY_NOT_IN_CURRENT,jscpniei,JSC PNIEI,経産省,有効,制裁リスト（経産省）
HOLD_LEGACY_NOT_IN_CURRENT,jscponorth,JSC PO North,経産省,有効,制裁リスト（経産省）
HOLD_LEGACY_NOT_IN_CURRENT,jscpouomz,JSC PO UOMZ,経産省,有効,制裁リスト（経産省）
HOLD_LEGACY_NOT_IN_CURRENT,jscprcistokn.a.shokin,JSC PRC Istok n.a. Shokin,経産省,有効,制裁リスト（経産省）
HOLD_LEGACY_NOT_IN_CURRENT,jscproton.,JSC Proton.,経産省,有効,制裁リスト（経産省）
HOLD_LEGACY_NOT_IN_CURRENT,jscradarmms,JSC Radar MMS,経産省,有効,制裁リスト（経産省）
HOLD_LEGACY_NOT_IN_CURRENT,jscradioengineeringcorporationvega,JSC Radio Engineering Corporation Vega,経産省,有効,制裁リスト（経産省）
HOLD_LEGACY_NOT_IN_CURRENT,jscresearchandproductioncompanysapfir,JSC Research and Production Company Sapfir,経産省,有効,制裁リスト（経産省）
HOLD_LEGACY_NOT_IN_CURRENT,jscresearchandproductionenterprisetopaz,JSC Research and Production Enterprise Topaz,経産省,有効,制裁リスト（経産省）
HOLD_LEGACY_NOT_IN_CURRENT,jscresearchinstituteofsoftwaretools,JSC Research Institute of Software Tools,経産省,有効,制裁リスト（経産省）
HOLD_LEGACY_NOT_IN_CURRENT,jscrocketandspacecentre-progress,JSC Rocket and Space Centre – Progress,経産省,有効,制裁リスト（経産省）
HOLD_LEGACY_NOT_IN_CURRENT,jscrt-tekhpriemka,JSC RT-Tekhpriemka,OFAC;経産省;財務省,有効,制裁リスト（財務省：ロシア連邦(団体(特定銀行を除く))／経産省／OFAC：SDN）
HOLD_LEGACY_NOT_IN_CURRENT,jscryazandesignbureauglobus,JSC Ryazan Design Bureau Globus,経産省,有効,制裁リスト（経産省）
HOLD_LEGACY_NOT_IN_CURRENT,jscryazanmetalceramicsinstrumentationplant,JSC Ryazan Metal Ceramics Instrumentation Plant,経産省,有効,制裁リスト（経産省）
HOLD_LEGACY_NOT_IN_CURRENT,jscscakbars,JSC SC Ak Bars,経産省,有効,制裁リスト（経産省）
HOLD_LEGACY_NOT_IN_CURRENT,jscscientificresearchandproject-technicalinstituteofelectricalcarbon,JSC Scientific Research and Project-Technical Institute of Electrical Carbon,経産省,有効,制裁リスト（経産省）
HOLD_LEGACY_NOT_IN_CURRENT,jscsezalabug,JSC SEZ Alabug,経産省,有効,制裁リスト（経産省）
HOLD_LEGACY_NOT_IN_CURRENT,jscshipyardvympel,JSC Shipyard Vympel,経産省,有効,制裁リスト（経産省）
HOLD_LEGACY_NOT_IN_CURRENT,jscspecontact,JSC SPE Contact,経産省,有効,制裁リスト（経産省）
HOLD_LEGACY_NOT_IN_CURRENT,jscsrcvigstar,JSC SRC Vigstar,経産省,有効,制裁リスト（経産省）
HOLD_LEGACY_NOT_IN_CURRENT,jscstar,JSC STAR,経産省,有効,制裁リスト（経産省）
HOLD_LEGACY_NOT_IN_CURRENT,jscstaterocketcenternamedafterakademikav.p.makeyeva,JSC State Rocket Center Named After Akademika V.P. Makeyeva,経産省,有効,制裁リスト（経産省）
HOLD_LEGACY_NOT_IN_CURRENT,jscsvetlovskoyepredpriyatiyeera,JSC Svetlovskoye Predpriyatiye Era,経産省,有効,制裁リスト（経産省）
HOLD_LEGACY_NOT_IN_CURRENT,jsctsktbrt,JSCT SKTB RT,経産省,有効,制裁リスト（経産省）
HOLD_LEGACY_NOT_IN_CURRENT,jsctsmkbalmaz,JSC TsMKB Almaz,経産省,有効,制裁リスト（経産省）
HOLD_LEGACY_NOT_IN_CURRENT,jsctulskyoruzheinyzavod,JSC Tulsky Oruzheiny Zavod,経産省,有効,制裁リスト（経産省）
HOLD_LEGACY_NOT_IN_CURRENT,"jscturaevskoemachine-buildingdesignbureau""soyuz",JSC Turaevskoe Machine-Building Design Bureau “Soyuz”,経産省,有効,制裁リスト（経産省）
HOLD_LEGACY_NOT_IN_CURRENT,jscturbinasdb,JSC Turbina SDB,OFAC;経産省;財務省,有効,制裁リスト（財務省：ロシア連邦(団体(特定銀行を除く))／経産省／OFAC：SDN）
HOLD_LEGACY_NOT_IN_CURRENT,jscupz,JSC UPZ,経産省,有効,制裁リスト（経産省）
HOLD_LEGACY_NOT_IN_CURRENT,jscvegacorp,JSC Vega Corp,経産省,有効,制裁リスト（経産省）
HOLD_LEGACY_NOT_IN_CURRENT,jscvmpavitec,JSC VMP Avitec,OFAC;経産省;財務省,有効,制裁リスト（財務省：ロシア連邦(団体(特定銀行を除く))／経産省／OFAC：SDN）
HOLD_LEGACY_NOT_IN_CURRENT,jscvmpavitekvyatkamachine-buildingenterpriseavitek,JSC VMP Avitek Vyatka Machine-Building Enterprise Avitek,経産省,有効,制裁リスト（経産省）
HOLD_LEGACY_NOT_IN_CURRENT,jscvniirprogress,JSC VNIIR PROGRESS,OFAC;経産省,有効,制裁リスト（経産省／OFAC：SDN）
HOLD_LEGACY_NOT_IN_CURRENT,jscvniisignal,JSC VNII Signal,経産省,有効,制裁リスト（経産省）
HOLD_LEGACY_NOT_IN_CURRENT,jscvomz,JSC VOMZ,経産省,有効,制裁リスト（経産省）
HOLD_LEGACY_NOT_IN_CURRENT,jscvserossiyskiyinstituteforscientificresearchradiotekhniki,JSC Vserossiyskiy Institute for Scientific Research Radiotekhniki,経産省,有効,制裁リスト（経産省）
HOLD_LEGACY_NOT_IN_CURRENT,jscvyatskoemashinostroitelnoepredpriyatieavitek,JSC Vyatskoe Mashinostroitelnoe Predpriyatie Avitek,経産省,有効,制裁リスト（経産省）
HOLD_LEGACY_NOT_IN_CURRENT,jscvzpp-s,JSC VZPP–S,経産省,有効,制裁リスト（経産省）
HOLD_LEGACY_NOT_IN_CURRENT,jsczlatmash,JSC Zlatmash,経産省,有効,制裁リスト（経産省）
HOLD_LEGACY_NOT_IN_CURRENT,kailiindustrialh.k.ltd,Kaili Industrial H.K. Ltd,経産省,有効,制裁リスト（経産省）
HOLD_LEGACY_NOT_IN_CURRENT,kailiindustrialhklimited,Kaili Industrial HK Limited,経産省,有効,制裁リスト（経産省）
HOLD_LEGACY_NOT_IN_CURRENT,kalugascientific-researchinstituteoftelemechanicaldevicesjsc,Kaluga Scientific-Research Institute of Telemechanical Devices JSC,経産省,有効,制裁リスト（経産省）
HOLD_LEGACY_NOT_IN_CURRENT,kalyazinskymachinebuildingfactory-branchofrskmig,Kalyazinsky Machine Building Factory – Branch of RSK MiG,経産省,有効,制裁リスト（経産省）
HOLD_LEGACY_NOT_IN_CURRENT,kamensk-uralskymetallurgicalworksj.s.co.,Kamensk-Uralsky Metallurgical Works J.S. Co.,経産省,有効,制裁リスト（経産省）
HOLD_LEGACY_NOT_IN_CURRENT,kant,Kant,経産省,有効,制裁リスト（経産省）
HOLD_LEGACY_NOT_IN_CURRENT,karasanidisticaretlimitedsirketi,Karasani Dis Ticaret Limited Sirketi,経産省,有効,制裁リスト（経産省）
HOLD_LEGACY_NOT_IN_CURRENT,karasanidișticaretlimitedșirketi,Karasani Di ș Ticaret Limited Șirketi,経産省,有効,制裁リスト（経産省）
HOLD_LEGACY_NOT_IN_CURRENT,karasaniforeigntradelimitedcompany,Karasani Foreign Trade Limited Company,経産省,有効,制裁リスト（経産省）
HOLD_LEGACY_NOT_IN_CURRENT,karasanigroupcompanies,Karasani Group Companies,経産省,有効,制裁リスト（経産省）
HOLD_LEGACY_NOT_IN_CURRENT,karasanilogistic,Karasani Logistic,経産省,有効,制裁リスト（経産省）
HOLD_LEGACY_NOT_IN_CURRENT,karasanipacking,Karasani Packing,経産省,有効,制裁リスト（経産省）
HOLD_LEGACY_NOT_IN_CURRENT,karasanitrade,Karasani Trade,経産省,有効,制裁リスト（経産省）
HOLD_LEGACY_NOT_IN_CURRENT,karvaninternationallogistics,Karvan International Logistics,経産省,有効,制裁リスト（経産省）
HOLD_LEGACY_NOT_IN_CURRENT,kazanhelicopterplantpjsc,Kazan Helicopter Plant PJSC,経産省,有効,制裁リスト（経産省）
HOLD_LEGACY_NOT_IN_CURRENT,kazanskivertoletnyzavodremservis,Kazanski Vertoletny Zavod Remservis,経産省,有効,制裁リスト（経産省）
HOLD_LEGACY_NOT_IN_CURRENT,kb-lutch,KB-Lutch,経産省,有効,制裁リスト（経産省）
HOLD_LEGACY_NOT_IN_CURRENT,kbkhimmash,KB KHIM MASH,OFAC;経産省,有効,制裁リスト（経産省／OFAC：SDN）
HOLD_LEGACY_NOT_IN_CURRENT,kbmashinostroeniytacticalmissilecorporation,"Tactical Missile Corporation, KB Mashinostroeniy",経産省,有効,制裁リスト（経産省）
HOLD_LEGACY_NOT_IN_CURRENT,kbpa,KBPA,経産省,有効,制裁リスト（経産省）
HOLD_LEGACY_NOT_IN_CURRENT,kbルッチ,KBルッチ,経産省,有効,制裁リスト（経産省）
HOLD_LEGACY_NOT_IN_CURRENT,kbレ-ダ-,KB レーダー,経産省,有効,制裁リスト（経産省）
HOLD_LEGACY_NOT_IN_CURRENT,kgbalph,KGB Alph,経産省,有効,制裁リスト（経産省）
HOLD_LEGACY_NOT_IN_CURRENT,kgbアルファ,KGBアルファ,経産省,有効,制裁リスト（経産省）
HOLD_LEGACY_NOT_IN_CURRENT,kiamras,KIAM RAS,経産省,有効,制裁リスト（経産省）
HOLD_LEGACY_NOT_IN_CURRENT,kimchaekironworks,Kim Chaek Iron Works,経産省,有効,制裁リスト（経産省）
HOLD_LEGACY_NOT_IN_CURRENT,kimchaekuniversityoftechnology,Kim Chaek University of Technology,経産省,有効,制裁リスト（経産省）
HOLD_LEGACY_NOT_IN_CURRENT,kimilsunguniversity,Kim Il Sung University,経産省,有効,制裁リスト（経産省）
HOLD_LEGACY_NOT_IN_CURRENT,kizlyarelectro-mechanicalplant,Kizlyar Electro-Mechanical Plant,OFAC;経産省;財務省,有効,制裁リスト（財務省：ロシア連邦(団体(特定銀行を除く))／経産省／OFAC：SDN）
HOLD_LEGACY_NOT_IN_CURRENT,klogistics(china)limited有限公司),K Logistics (China) Limited 有限公司),経産省,有効,制裁リスト（経産省）
HOLD_LEGACY_NOT_IN_CURRENT,knaaz,KNAAZ,経産省,有効,制裁リスト（経産省）
HOLD_LEGACY_NOT_IN_CURRENT,kniitmujsc,KNIITMU JSC,経産省,有効,制裁リスト（経産省）
HOLD_LEGACY_NOT_IN_CURRENT,komsomolsk-na-amuraviationproductionorganization(knaapo),Komsomolsk-na-Amur Aviation Production Organization (KNAAPO),経産省,有効,制裁リスト（経産省）
HOLD_LEGACY_NOT_IN_CURRENT,"konstruktorskoebyurorubin-sever,pao","Konstruktorskoe Byuro Rubin-Sever, PAO",経産省,有効,制裁リスト（経産省）
HOLD_LEGACY_NOT_IN_CURRENT,kontsernradiostroeniyavega,Kontsern Radiostroeniya Vega,経産省,有効,制裁リスト（経産省）
HOLD_LEGACY_NOT_IN_CURRENT,koreadongsongtechnicalcorporation,Korea Dongsong Technical Corporation,経産省,有効,制裁リスト（経産省）
HOLD_LEGACY_NOT_IN_CURRENT,koreadongyangtradingcorp.,Korea Dongyang Trading Corp.,経産省,有効,制裁リスト（経産省）
HOLD_LEGACY_NOT_IN_CURRENT,koreaeconomicco-operationcommittee,Korea Economic Co-operation Committee,経産省,有効,制裁リスト（経産省）
HOLD_LEGACY_NOT_IN_CURRENT,koreahyoksintradingcorporation,KOREA HYOKSIN TRADING CORPORATION,OFAC;経産省;財務省,有効,制裁リスト（財務省：北朝鮮(決議1718号等；団体)／経産省／OFAC：SDN）
HOLD_LEGACY_NOT_IN_CURRENT,koreainternationalchemicaljointventurecorp.,Korea International Chemical Joint Venture Corp.,経産省,有効,制裁リスト（経産省）
HOLD_LEGACY_NOT_IN_CURRENT,koreainternationalchemicalsjointoperationcompany,Korea International Chemicals Joint Operation Company,経産省,有効,制裁リスト（経産省）
HOLD_LEGACY_NOT_IN_CURRENT,koreajangsutradingcorporation,Korea Jangsu Trading Corporation,経産省,有効,制裁リスト（経産省）
HOLD_LEGACY_NOT_IN_CURRENT,koreakangsonggeneraltradingcorporation,Korea Kangsong General Trading corporation,経産省,有効,制裁リスト（経産省）
HOLD_LEGACY_NOT_IN_CURRENT,koreakangsongtradingcorp.,Korea Kangsong Trading Corp.,経産省,有効,制裁リスト（経産省）
HOLD_LEGACY_NOT_IN_CURRENT,koreakuksabongjointventurecompany,Korea KukSabong Joint Venture Company,経産省,有効,制裁リスト（経産省）
HOLD_LEGACY_NOT_IN_CURRENT,koreakuwolsantradingco.,Korea Kuwolsan Trading Co.,経産省,有効,制裁リスト（経産省）
HOLD_LEGACY_NOT_IN_CURRENT,koreakwangsonbankingcorporation(kkbc),Korea Kwangson Banking Corporation (KKBC),経産省,有効,制裁リスト（経産省）
HOLD_LEGACY_NOT_IN_CURRENT,koreakwangsongtradingcorporation,KOREA KWANGSONG TRADING CORPORATION,OFAC;経産省;財務省,有効,制裁リスト（財務省：北朝鮮(決議1695号)、北朝鮮(決議1718号等；団体)／経産省／OFAC：SDN）
HOLD_LEGACY_NOT_IN_CURRENT,koreamangyongtradingcorporation,Korea Mangyong Trading Corporation,経産省,有効,制裁リスト（経産省）
HOLD_LEGACY_NOT_IN_CURRENT,koreaminingdevelopmenttradingcorporation(komid),Korea Mining Development Trading Corporation(KOMID）,経産省,有効,制裁リスト（経産省）
HOLD_LEGACY_NOT_IN_CURRENT,koreancommitteeforspacetechnology,KOREAN COMMITTEE FOR SPACE TECHNOLOGY,OFAC;経産省;財務省,有効,制裁リスト（財務省：北朝鮮(決議1718号等；団体)／経産省／OFAC：SDN）
HOLD_LEGACY_NOT_IN_CURRENT,koreantanguntradingcorporation,KOREAN TANGUN TRADING CORPORATION,経産省;財務省,有効,制裁リスト（財務省：北朝鮮(決議1718号等；団体)／経産省）
HOLD_LEGACY_NOT_IN_CURRENT,koreapaekho7trading,Korea Paekho 7 Trading,経産省,有効,制裁リスト（経産省）
HOLD_LEGACY_NOT_IN_CURRENT,koreapuhungtradingcorporation,Korea Puhung Trading Corporation,経産省,有効,制裁リスト（経産省）
HOLD_LEGACY_NOT_IN_CURRENT,koreapyong-yangroksantradingcorporation,Korea Pyong-yang Roksan Trading Corporation,経産省,有効,制裁リスト（経産省）
HOLD_LEGACY_NOT_IN_CURRENT,korearagwondepartment,Korea Ragwon Department,経産省,有効,制裁リスト（経産省）
HOLD_LEGACY_NOT_IN_CURRENT,korearagwontradingcorp.,Korea Ragwon Trading Corp.,経産省,有効,制裁リスト（経産省）
HOLD_LEGACY_NOT_IN_CURRENT,korearasonmorancompany,Korea Rason Moran Company,経産省,有効,制裁リスト（経産省）
HOLD_LEGACY_NOT_IN_CURRENT,korearedcrosshospital,Korea Red Cross Hospital,経産省,有効,制裁リスト（経産省）
HOLD_LEGACY_NOT_IN_CURRENT,korearungra-888tradingcorporation,Korea Rungra-888 Trading Corporation,経産省,有効,制裁リスト（経産省）
HOLD_LEGACY_NOT_IN_CURRENT,korearungrado(general)tradingco.会社),Korea Rungrado (General) Trading Co. 会社),経産省,有効,制裁リスト（経産省）
HOLD_LEGACY_NOT_IN_CURRENT,korearyonbonggeneralcorporation(krgc),Korea Ryonbong General Corporation(KRGC),経産省,有効,制裁リスト（経産省）
HOLD_LEGACY_NOT_IN_CURRENT,korearyonhap-2tradingcorporation,Korea Ryonhap-2 Trading Corporation,経産省,有効,制裁リスト（経産省）
HOLD_LEGACY_NOT_IN_CURRENT,korearyonhaptradingcorporation,KOREA RYONHAP TRADING CORPORATION,経産省,有効,制裁リスト（経産省）
HOLD_LEGACY_NOT_IN_CURRENT,"korearyusongco.,ltd.","Korea Ryusong Co., Ltd.",経産省,有効,制裁リスト（経産省）
HOLD_LEGACY_NOT_IN_CURRENT,koreasuhotradingcompany,Korea Suho Trading Company,経産省,有効,制裁リスト（経産省）
HOLD_LEGACY_NOT_IN_CURRENT,koreasungritradingcorporation,Korea Sungri Trading Corporation,経産省,有効,制裁リスト（経産省）
HOLD_LEGACY_NOT_IN_CURRENT,koreaundoktradingcorporation,Korea Undok Trading Corporation,経産省,有効,制裁リスト（経産省）
HOLD_LEGACY_NOT_IN_CURRENT,koreawonbongtradingcorp.,Korea Wonbong Trading Corp.,経産省,有効,制裁リスト（経産省）
HOLD_LEGACY_NOT_IN_CURRENT,kpkb,KPKB,経産省,有効,制裁リスト（経産省）
HOLD_LEGACY_NOT_IN_CURRENT,kranarkllc,Kranark LLC,経産省,有効,制裁リスト（経産省）
HOLD_LEGACY_NOT_IN_CURRENT,"krasnygidropress,pao","Krasny Gidropress, PAO",経産省,有効,制裁リスト（経産省）
HOLD_LEGACY_NOT_IN_CURRENT,krasnygidropressjsc,Krasny Gidropress JSC,経産省,有効,制裁リスト（経産省）
HOLD_LEGACY_NOT_IN_CURRENT,ktipm,KTIPM,経産省,有効,制裁リスト（経産省）
HOLD_LEGACY_NOT_IN_CURRENT,kuibyshevmechanicalplant,Kuibyshev Mechanical Plant,経産省,有効,制裁リスト（経産省）
HOLD_LEGACY_NOT_IN_CURRENT,kulonscientific-researchinstitutejsc,Kulon Scientific-Research Institute JSC,経産省,有効,制裁リスト（経産省）
HOLD_LEGACY_NOT_IN_CURRENT,kumgangenginej.v.co.,Kumgang Engine J.V. Co.,経産省,有効,制裁リスト（経産省）
HOLD_LEGACY_NOT_IN_CURRENT,kumsanjvcptyltd.,Kumsan JVC Pty Ltd.,経産省,有効,制裁リスト（経産省）
HOLD_LEGACY_NOT_IN_CURRENT,kurchatovskiyinstituteitef,Kurchatovskiy Institute ITEF,経産省,有効,制裁リスト（経産省）
HOLD_LEGACY_NOT_IN_CURRENT,kurskopenjointstockcompanypribor,Kursk Open Joint Stock Company Pribor,経産省,有効,制裁リスト（経産省）
HOLD_LEGACY_NOT_IN_CURRENT,kurskpribor,Kursk Pribor,経産省,有効,制裁リスト（経産省）
HOLD_LEGACY_NOT_IN_CURRENT,kvantek,Kvantek,経産省,有効,制裁リスト（経産省）
HOLD_LEGACY_NOT_IN_CURRENT,kvantek(hk)limited,Kvantek (HK) Limited,経産省,有効,制裁リスト（経産省）
HOLD_LEGACY_NOT_IN_CURRENT,kvantekhklimited.,Kvantek HK Limited.,経産省,有効,制裁リスト（経産省）
HOLD_LEGACY_NOT_IN_CURRENT,kvanteklimited,Kvantek Limited,OFAC;経産省,有効,制裁リスト（経産省／OFAC：SDN）
HOLD_LEGACY_NOT_IN_CURRENT,kvantllc,Kvant LLC,経産省,有効,制裁リスト（経産省）
HOLD_LEGACY_NOT_IN_CURRENT,kvzremservis,KVZ Remservis,経産省,有効,制裁リスト（経産省）
HOLD_LEGACY_NOT_IN_CURRENT,l.k.サフロノフ名称連邦政府航空システム研究・試験場,L.K.サフロノフ名称連邦政府航空システム研究・試験場,経産省,有効,制裁リスト（経産省）
HOLD_LEGACY_NOT_IN_CURRENT,lebedevphysicalinstitute,Lebedev Physical Institute,経産省,有効,制裁リスト（経産省）
HOLD_LEGACY_NOT_IN_CURRENT,leningradlasersystems,Leningrad Laser Systems,OFAC;経産省,有効,制裁リスト（経産省／OFAC：SDN）
HOLD_LEGACY_NOT_IN_CURRENT,lenlasers,LenLasers,経産省,有効,制裁リスト（経産省）
HOLD_LEGACY_NOT_IN_CURRENT,levanatolyevichyershov(ershov),Lev Anatolyevich Yershov (Ershov),経産省,有効,制裁リスト（経産省）
HOLD_LEGACY_NOT_IN_CURRENT,leypunskyinstituteofphysicsandpowerengineering,Leypunsky Institute of Physics and Power Engineering,経産省,有効,制裁リスト（経産省）
HOLD_LEGACY_NOT_IN_CURRENT,limited,Limited,経産省,有効,制裁リスト（経産省）
HOLD_LEGACY_NOT_IN_CURRENT,limited.(cuc)changzhouutekcompositeco.,"Changzhou Utek Composite Co., Limited.(CUC)",経産省,有効,制裁リスト（経産省）
HOLD_LEGACY_NOT_IN_CURRENT,limited.beijingluoluotechnologydevelopmentco.,"Beijing Luo Luo Technology Development Co., Limited.",経産省,有効,制裁リスト（経産省）
HOLD_LEGACY_NOT_IN_CURRENT,limitedimaxchiptechnologyco.,"IMAXCHIP TECHNOLOGY CO., LIMITED",OFAC;経産省,有効,制裁リスト（経産省／OFAC：SDN）
HOLD_LEGACY_NOT_IN_CURRENT,limitedliabilitycompany,Limited Liability Company,経産省,有効,制裁リスト（経産省）
HOLD_LEGACY_NOT_IN_CURRENT,limitedliabilitycompanycenterforspecializedproductionoskpropulsion,Limited Liability Company Center for Specialized Production OSK Propulsion,経産省,有効,制裁リスト（経産省）
HOLD_LEGACY_NOT_IN_CURRENT,limitedliabilitycompanychipdevice,Limited Liability Company Chipdevice,OFAC;経産省,有効,制裁リスト（経産省／OFAC：SDN）
HOLD_LEGACY_NOT_IN_CURRENT,limitedliabilitycompanyemergencydigitalsolutions,Limited Liability Company Emergency Digital Solutions,OFAC;経産省,有効,制裁リスト（経産省／OFAC：SDN）
HOLD_LEGACY_NOT_IN_CURRENT,limitedliabilitycompanyinelso,Limited Liability Company Inelso,経産省,有効,制裁リスト（経産省）
HOLD_LEGACY_NOT_IN_CURRENT,limitedliabilitycompanyjointventurequantumtechnologies,Limited Liability Company Joint Venture Quantum Technologies,経産省,有効,制裁リスト（経産省）
HOLD_LEGACY_NOT_IN_CURRENT,limitedliabilitycompanymüllermarkt,Limited Liability Company Müller Markt,経産省,有効,制裁リスト（経産省）
HOLD_LEGACY_NOT_IN_CURRENT,limitedliabilitycompanymüllermarkt.,Limited Liability Company Müller Markt.,経産省,有効,制裁リスト（経産省）
HOLD_LEGACY_NOT_IN_CURRENT,limitedliabilitycompanynovelco,Limited Liability Company Novelco,OFAC;経産省;財務省,有効,制裁リスト（財務省：ロシア連邦(団体(特定銀行を除く))／経産省／OFAC：SDN）
HOLD_LEGACY_NOT_IN_CURRENT,limitedliabilitycompanynovelko,Limited Liability Company Novelko,OFAC;経産省;財務省,有効,制裁リスト（財務省：ロシア連邦(団体(特定銀行を除く))／経産省／OFAC：SDN）
HOLD_LEGACY_NOT_IN_CURRENT,limitedliabilitycompanyradiopriborsnab,Limited Liability Company Radiopriborsnab,OFAC;経産省,有効,制裁リスト（経産省／OFAC：SDN）
HOLD_LEGACY_NOT_IN_CURRENT,limitedliabilitycompanyresearchandproductionassociationradiovoln,Limited Liability Company Research and Production Association Radiovoln,経産省,有効,制裁リスト（経産省）
HOLD_LEGACY_NOT_IN_CURRENT,limitedliabilitycompanytechnologicalcompanyflybridge,Limited Liability Company Technological Company Fly Bridge,経産省,有効,制裁リスト（経産省）
HOLD_LEGACY_NOT_IN_CURRENT,limitedliabilitycompanytechnologyflybridge,Limited Liability Company Technology Flybridge,経産省,有効,制裁リスト（経産省）
HOLD_LEGACY_NOT_IN_CURRENT,limitedliabilitycompanyultranelectroniccomponents,LIMITED LIABILITY COMPANY ULTRAN ELECTRONIC COMPONENTS,OFAC;経産省,有効,制裁リスト（経産省／OFAC：SDN）
HOLD_LEGACY_NOT_IN_CURRENT,limitedliabilitycompanyvmk,Limited Liability Company VMK,OFAC;経産省,有効,制裁リスト（経産省／OFAC：SDN）
HOLD_LEGACY_NOT_IN_CURRENT,limitedliabilitypartnershipdagroup22,Limited Liability Partnership DA Group 22,OFAC;経産省,有効,制裁リスト（経産省／OFAC：SDN）
HOLD_LEGACY_NOT_IN_CURRENT,limitedliabilitypartnershipelemgroup,LIMITED LIABILITY PARTNERSHIP ELEM GROUP,OFAC;経産省,有効,制裁リスト（経産省／OFAC：SDN）
HOLD_LEGACY_NOT_IN_CURRENT,limitedmakewellindustrialtradingco.,"Makewell Industrial Trading Co., Limited",経産省,有効,制裁リスト（経産省）
HOLD_LEGACY_NOT_IN_CURRENT,limitedshenzhen5ghigh-techinnovationco.,"SHENZHEN 5G HIGH-TECH INNOVATION CO., LIMITED",OFAC;経産省,有効,制裁リスト（経産省／OFAC：SDN）
HOLD_LEGACY_NOT_IN_CURRENT,limmteconomicandtradecompany,LIMMT Economic and Trade Company,経産省,有効,制裁リスト（経産省）
HOLD_LEGACY_NOT_IN_CURRENT,limmt経貿公司,LIMMT経貿公司,経産省,有効,制裁リスト（経産省）
HOLD_LEGACY_NOT_IN_CURRENT,linklinespvtltd.,Link Lines Pvt Ltd.,経産省,有効,制裁リスト（経産省）
HOLD_LEGACY_NOT_IN_CURRENT,llccenter,LLC Center,経産省,有効,制裁リスト（経産省）
HOLD_LEGACY_NOT_IN_CURRENT,llccentreofinnovativetechnologiesandengineering,LLC Centre of Innovative Technologies and Engineering,経産省,有効,制裁リスト（経産省）
HOLD_LEGACY_NOT_IN_CURRENT,llcchipdevice,LLC Chipdevice,経産省,有効,制裁リスト（経産省）
HOLD_LEGACY_NOT_IN_CURRENT,llcdefenseinitiatives,LLC Defense Initiatives,経産省,有効,制裁リスト（経産省）
HOLD_LEGACY_NOT_IN_CURRENT,llceds.,LLC EDS.,経産省,有効,制裁リスト（経産省）
HOLD_LEGACY_NOT_IN_CURRENT,llcfibersens,LLC Fibersens,経産省,有効,制裁リスト（経産省）
HOLD_LEGACY_NOT_IN_CURRENT,llcfibersense,LLC Fibersense,経産省,有効,制裁リスト（経産省）
HOLD_LEGACY_NOT_IN_CURRENT,llcfregat,LLC Fregat,経産省,有効,制裁リスト（経産省）
HOLD_LEGACY_NOT_IN_CURRENT,llcintelligencetechnologies,LLC Intelligence Technologies,経産省,有効,制裁リスト（経産省）
HOLD_LEGACY_NOT_IN_CURRENT,llcmüllermarkt,LLC Müller Markt,経産省,有効,制裁リスト（経産省）
HOLD_LEGACY_NOT_IN_CURRENT,llcnporadiovolna,LLC NPO Radiovolna,経産省,有効,制裁リスト（経産省）
HOLD_LEGACY_NOT_IN_CURRENT,llcnvsnavigationtechnologies,LLC NVS Navigation Technologies,経産省,有効,制裁リスト（経産省）
HOLD_LEGACY_NOT_IN_CURRENT,llcrezonit,LLC Rezonit,経産省,有効,制裁リスト（経産省）
HOLD_LEGACY_NOT_IN_CURRENT,llcstreloye-commerce,LLC Streloy E -Commerce,経産省,有効,制裁リスト（経産省）
HOLD_LEGACY_NOT_IN_CURRENT,llctcflybridge,LLC TC Fly Bridge,経産省;財務省,有効,制裁リスト（財務省：ロシア連邦(団体(特定銀行を除く))／経産省）
HOLD_LEGACY_NOT_IN_CURRENT,llctsmrbank,LLC TsMRBank,OFAC;経産省;財務省,有効,制裁リスト（財務省：ロシア連邦(特定銀行)／経産省／OFAC：SDN）
HOLD_LEGACY_NOT_IN_CURRENT,lutchdesignbureaujcs,Lutch Design Bureau JCS,経産省,有効,制裁リスト（経産省）
HOLD_LEGACY_NOT_IN_CURRENT,lutchdesignofficejsc,Lutch Design Office JSC,経産省,有効,制裁リスト（経産省）
HOLD_LEGACY_NOT_IN_CURRENT,lutchjsc,Lutch JSC,経産省,有効,制裁リスト（経産省）
HOLD_LEGACY_NOT_IN_CURRENT,lytkarinomachine-buildingplant,Lytkarino Machine-Building Plant,経産省,有効,制裁リスト（経産省）
HOLD_LEGACY_NOT_IN_CURRENT,"m-starinternationaltradingco.,ltd","M-Star International Trading Co., Ltd",経産省,有効,制裁リスト（経産省）
HOLD_LEGACY_NOT_IN_CURRENT,m-starinternationaltradingcoltd,M-Star International Trading Co Ltd,経産省,有効,制裁リスト（経産省）
HOLD_LEGACY_NOT_IN_CURRENT,m.a.カルツェフ名称niivk,M.A. カルツェフ名称NIIVK,経産省,有効,制裁リスト（経産省）
HOLD_LEGACY_NOT_IN_CURRENT,m.f.stelmakha,M.F. Stelmakha,経産省,有効,制裁リスト（経産省）
HOLD_LEGACY_NOT_IN_CURRENT,m.f.ステリマフ名称niiポリュス,M.F.ステリマフ名称NIIポリュス,経産省;財務省,有効,制裁リスト（財務省：ロシア連邦(団体(特定銀行を除く))／経産省）
HOLD_LEGACY_NOT_IN_CURRENT,maindirectorateofdeep-searesearch,Main Directorate of Deep-Sea Research,経産省,有効,制裁リスト（経産省）
HOLD_LEGACY_NOT_IN_CURRENT,makewellindustrialtradingcolimited,Makewell Industrial Trading Co Limited,経産省,有効,制裁リスト（経産省）
HOLD_LEGACY_NOT_IN_CURRENT,marineofrussia,Marine of Russia,経産省,有効,制裁リスト（経産省）
HOLD_LEGACY_NOT_IN_CURRENT,mariyapirogova,Mariya PIROGOVA,経産省,有効,制裁リスト（経産省）
HOLD_LEGACY_NOT_IN_CURRENT,mariyskiymachine-buildingplantopenjointstockcompany,Mariyskiy Machine-Building Plant Open Joint Stock Company,OFAC;経産省;財務省,有効,制裁リスト（財務省：ロシア連邦(団体(特定銀行を除く))／経産省／OFAC：SDN）
HOLD_LEGACY_NOT_IN_CURRENT,mashpriborintorg-volna,Mashpriborintorg-Volna,経産省,有効,制裁リスト（経産省）
HOLD_LEGACY_NOT_IN_CURRENT,mashpriborintorgwave,Mashpriborintorg Wave,経産省,有効,制裁リスト（経産省）
HOLD_LEGACY_NOT_IN_CURRENT,mbcヴィチャズ,MBCヴィチャズ,legacy;経産省,有効,制裁リスト（経産省／令和5年12月15日外為法）
HOLD_LEGACY_NOT_IN_CURRENT,mcstlebedev,MCST Lebedev,経産省,有効,制裁リスト（経産省）
HOLD_LEGACY_NOT_IN_CURRENT,megafon,Megafon,経産省,有効,制裁リスト（経産省）
HOLD_LEGACY_NOT_IN_CURRENT,megasan,Megasan,経産省,有効,制裁リスト（経産省）
HOLD_LEGACY_NOT_IN_CURRENT,megasan.,Megasan.,経産省,有効,制裁リスト（経産省）
HOLD_LEGACY_NOT_IN_CURRENT,megasanelektronikticaretvesanayianonimsirketi,Megasan Elektronik Ticaret Ve Sanayi Anonim Sirketi,OFAC;経産省,有効,制裁リスト（経産省／OFAC）
HOLD_LEGACY_NOT_IN_CURRENT,megasanelektronikticaretvesanayianonimșirketi,Megasan Elektronik Ticaret Ve Sanayi Anonim Șirketi,経産省,有効,制裁リスト（経産省）
HOLD_LEGACY_NOT_IN_CURRENT,"meixinginternationaltradeco.,ltd","Meixing International Trade Co., Ltd",経産省,有効,制裁リスト（経産省）
HOLD_LEGACY_NOT_IN_CURRENT,meixinginternationaltradecoltd.,Meixing International Trade Co Ltd.,経産省,有効,制裁リスト（経産省）
HOLD_LEGACY_NOT_IN_CURRENT,metallistsamara,Metallist Samara,経産省,有効,制裁リスト（経産省）
HOLD_LEGACY_NOT_IN_CURRENT,metrotek,Metrotek,経産省,有効,制裁リスト（経産省）
HOLD_LEGACY_NOT_IN_CURRENT,metrotekinzhiniring,Metrotek Inzhiniring,経産省,有効,制裁リスト（経産省）
HOLD_LEGACY_NOT_IN_CURRENT,mezhdunarodnyiraschetnyibank,Mezhdunarodnyi Raschetnyi Bank,OFAC;経産省;財務省,有効,制裁リスト（財務省／経産省／OFAC：SDN）
HOLD_LEGACY_NOT_IN_CURRENT,micnpomashinostroyeniajsc,MIC NPO Mashinostroyenia JSC,OFAC;経産省;財務省,有効,制裁リスト（財務省：ロシア連邦(団体(特定銀行を除く))／経産省／OFAC：SDN）
HOLD_LEGACY_NOT_IN_CURRENT,microelectronicresearchanddevelopmentcenternovosibirs,Microelectronic Research and Development Center Novosibirs,経産省,有効,制裁リスト（経産省）
HOLD_LEGACY_NOT_IN_CURRENT,middlenevashipbuildingplant,Middle Neva Shipbuilding Plant,経産省,有効,制裁リスト（経産省）
HOLD_LEGACY_NOT_IN_CURRENT,milandrekooo,Milandr EK OOO,経産省,有効,制裁リスト（経産省）
HOLD_LEGACY_NOT_IN_CURRENT,milandriccjsc,Milandr ICC JSC,経産省,有効,制裁リスト（経産省）
HOLD_LEGACY_NOT_IN_CURRENT,militaryindustrialcorporationnpomashinostroeniajsc,Military Industrial Corporation NPO Mashinostroenia JSC,経産省,有効,制裁リスト（経産省）
HOLD_LEGACY_NOT_IN_CURRENT,"miluris,ooo","Milur IS, OOO",経産省,有効,制裁リスト（経産省）
HOLD_LEGACY_NOT_IN_CURRENT,ministryofatomicenergyindustry(maei),Ministry of Atomic Energy Industry (MAEI),経産省,有効,制裁リスト（経産省）
HOLD_LEGACY_NOT_IN_CURRENT,minotor-service,Minotor-Service,経産省,有効,制裁リスト（経産省）
HOLD_LEGACY_NOT_IN_CURRENT,mintsradio-technicalinstitute,Mints Radio-Technical Institute,経産省,有効,制裁リスト（経産省）
HOLD_LEGACY_NOT_IN_CURRENT,mitt,MITT,経産省,有効,制裁リスト（経産省）
HOLD_LEGACY_NOT_IN_CURRENT,mkbラドゥガ,MKBラドゥガ,経産省,有効,制裁リスト（経産省）
HOLD_LEGACY_NOT_IN_CURRENT,mmpv.v.chernyshev,MMP V.V. Chernyshev,経産省,有効,制裁リスト（経産省）
HOLD_LEGACY_NOT_IN_CURRENT,mmpv.v.チェルニシェフ,MMP Ｖ．Ｖ． チェ ルニシェフ,経産省,有効,制裁リスト（経産省）
HOLD_LEGACY_NOT_IN_CURRENT,mniisjsc,MNIIS JSC,経産省,有効,制裁リスト（経産省）
HOLD_LEGACY_NOT_IN_CURRENT,mnirtijsc,MNIRTI JSC,経産省,有効,制裁リスト（経産省）
HOLD_LEGACY_NOT_IN_CURRENT,mohandesitarhvatosehmarosanatcompany,MOHANDESI TARH VA TOSEH MARO SANAT COMPANY,OFAC;経産省,有効,制裁リスト（経産省／OFAC：SDN）
HOLD_LEGACY_NOT_IN_CURRENT,moscowcenterofsparctechnologies,Moscow Center of SPARC Technologies,経産省,有効,制裁リスト（経産省）
HOLD_LEGACY_NOT_IN_CURRENT,moscowcommunicationsresearchinstitutejsc,Moscow Communications Research Institute JSC,経産省,有効,制裁リスト（経産省）
HOLD_LEGACY_NOT_IN_CURRENT,moscowinstituteofphysicsandtechnology,Moscow Institute of Physics and Technology,経産省,有効,制裁リスト（経産省）
HOLD_LEGACY_NOT_IN_CURRENT,moscoworderoftheredbanneroflaborresearchradioengineeringinstitutejsc,Moscow Order of the Red Banner of Labor Research Radio Engineering Institute JSC,経産省,有効,制裁リスト（経産省）
HOLD_LEGACY_NOT_IN_CURRENT,moselectronproekt(jsc),Moselectronproekt (JSC),経産省,有効,制裁リスト（経産省）
HOLD_LEGACY_NOT_IN_CURRENT,mosepjsc,MosEP JSC,経産省,有効,制裁リスト（経産省）
HOLD_LEGACY_NOT_IN_CURRENT,mostdevelopment,Most Development,経産省,有効,制裁リスト（経産省）
HOLD_LEGACY_NOT_IN_CURRENT,mostdevelopmentlimited,MOST DEVELOPMENT LIMITED,OFAC;経産省,有効,制裁リスト（経産省／OFAC：SDN）
HOLD_LEGACY_NOT_IN_CURRENT,mostdevelopmentltd,Most Development Ltd,経産省,有効,制裁リスト（経産省）
HOLD_LEGACY_NOT_IN_CURRENT,mpivolna,MPI VOLNA,経産省,有効,制裁リスト（経産省）
HOLD_LEGACY_NOT_IN_CURRENT,mrbbank,MRB Bank,OFAC;経産省;財務省,有効,制裁リスト（財務省／経産省／OFAC：SDN）
HOLD_LEGACY_NOT_IN_CURRENT,mstarinternationaltradingcompanylimited,M Star International Trading Company Limited,経産省,有効,制裁リスト（経産省）
HOLD_LEGACY_NOT_IN_CURRENT,mullermarktllc,Muller Markt LLC,経産省,有効,制裁リスト（経産省）
HOLD_LEGACY_NOT_IN_CURRENT,mvdinternaltroops,MVD Internal Troops,経産省,有効,制裁リスト（経産省）
HOLD_LEGACY_NOT_IN_CURRENT,mvizionllc,Mvizion LLC,経産省,有効,制裁リスト（経産省）
HOLD_LEGACY_NOT_IN_CURRENT,mzkt,MZKT,経産省;財務省,有効,制裁リスト（財務省：ベラルーシ(団体(特定銀行を除く))／経産省）
HOLD_LEGACY_NOT_IN_CURRENT,müllermarketllc,Müller Market LLC,経産省,有効,制裁リスト（経産省）
HOLD_LEGACY_NOT_IN_CURRENT,müllermarkt,Müller Markt,経産省,有効,制裁リスト（経産省）
HOLD_LEGACY_NOT_IN_CURRENT,müllermarktlimitedliabilitycompany,Müller Markt Limited Liability Company,経産省,有効,制裁リスト（経産省）
HOLD_LEGACY_NOT_IN_CURRENT,namchongangtradingcorporation,NAMCHONGANG TRADING CORPORATION,OFAC;経産省;財務省,有効,制裁リスト（財務省：北朝鮮(決議1718号等；団体)／経産省／OFAC：SDN）
HOLD_LEGACY_NOT_IN_CURRENT,namhungchemicalplant,Namhung Chemical Plant,経産省,有効,制裁リスト（経産省）
HOLD_LEGACY_NOT_IN_CURRENT,namsan2company,Namsan 2 Company,経産省,有効,制裁リスト（経産省）
HOLD_LEGACY_NOT_IN_CURRENT,nationalaerospacedevelopmentadministration(nada),National Aerospace Development Administration (NADA),経産省,有効,制裁リスト（経産省）
HOLD_LEGACY_NOT_IN_CURRENT,nationalarmedservicesoftherepublicofbelarus,National Armed Services of the Republic of Belarus,経産省,有効,制裁リスト（経産省）
HOLD_LEGACY_NOT_IN_CURRENT,nationalarmedservicesoftherussianfederation,National Armed Services of the Russian Federation,経産省,有効,制裁リスト（経産省）
HOLD_LEGACY_NOT_IN_CURRENT,nationaldefensecollege,National Defense College,経産省,有効,制裁リスト（経産省）
HOLD_LEGACY_NOT_IN_CURRENT,nationalguardofbelarus,National Guard of Belarus,経産省,有効,制裁リスト（経産省）
HOLD_LEGACY_NOT_IN_CURRENT,nationalguardofrussia,National Guard of Russia,経産省,有効,制裁リスト（経産省）
HOLD_LEGACY_NOT_IN_CURRENT,nationalpoliceofbelarus,National Police of Belarus,経産省,有効,制裁リスト（経産省）
HOLD_LEGACY_NOT_IN_CURRENT,nationalpoliceofrussia,National Police of Russia,経産省,有効,制裁リスト（経産省）
HOLD_LEGACY_NOT_IN_CURRENT,nationaluniversityofdefensetechnology(nudt),National University of Defense Technology (NUDT),経産省,有効,制裁リスト（経産省）
HOLD_LEGACY_NOT_IN_CURRENT,nauchno-issledovatelskoeproektno-teknnologicheskoebyuroonegapjsc,Nauchno - issledovatelskoe proektno - teknnologicheskoe byuro Onega PJSC,経産省,有効,制裁リスト（経産省）
HOLD_LEGACY_NOT_IN_CURRENT,nauchno-proizvodstvennoepredpriyatiegamma,Nauchno-Proizvodstvennoe Predpriyatie Gamma,OFAC;経産省,有効,制裁リスト（経産省／OFAC：SDN）
HOLD_LEGACY_NOT_IN_CURRENT,nauchno-tekhnicheskeetsentrmetrotek,Nauchno-Tekhnicheskee Tsentr Metrotek,経産省,有効,制裁リスト（経産省）
HOLD_LEGACY_NOT_IN_CURRENT,navyofrussia,Navy of Russia,経産省,有効,制裁リスト（経産省）
HOLD_LEGACY_NOT_IN_CURRENT,nekommercheskayaorganizatsiyafondrazvitiyatsentrarazrabortkii,Nekommercheskaya Organizatsiya Fond Razvitiya Tsentra Razrabortki I,経産省,有効,制裁リスト（経産省）
HOLD_LEGACY_NOT_IN_CURRENT,nerpashipyard,Nerpa Shipyard,経産省,有効,制裁リスト（経産省）
HOLD_LEGACY_NOT_IN_CURRENT,nevaelectronic,Neva Electronic,経産省,有効,制裁リスト（経産省）
HOLD_LEGACY_NOT_IN_CURRENT,nicask,NIC ASK,経産省,有効,制裁リスト（経産省）
HOLD_LEGACY_NOT_IN_CURRENT,nicevey,NICEVEY,経産省,有効,制裁リスト（経産省）
HOLD_LEGACY_NOT_IN_CURRENT,niiargonjsc,NII Argon JSC,経産省,有効,制裁リスト（経産省）
HOLD_LEGACY_NOT_IN_CURRENT,niidomen,NII Domen,経産省,有効,制裁リスト（経産省）
HOLD_LEGACY_NOT_IN_CURRENT,niiis,NIIIS,経産省,有効,制裁リスト（経産省）
HOLD_LEGACY_NOT_IN_CURRENT,niiisnamedafteryu.e.sedakov,NIIIS Named After Yu.E. Sedakov,経産省,有効,制裁リスト（経産省）
HOLD_LEGACY_NOT_IN_CURRENT,niikulonjsc,NII Kulon JSC,経産省,有効,制裁リスト（経産省）
HOLD_LEGACY_NOT_IN_CURRENT,niineptunejsc,NII Neptune JSC,経産省,有効,制裁リスト（経産省）
HOLD_LEGACY_NOT_IN_CURRENT,niiph,NIIPH,経産省,有効,制裁リスト（経産省）
HOLD_LEGACY_NOT_IN_CURRENT,niiplatan,NII Platan,経産省,有効,制裁リスト（経産省）
HOLD_LEGACY_NOT_IN_CURRENT,niipolyusimeni,NII Polyus imeni,経産省,有効,制裁リスト（経産省）
HOLD_LEGACY_NOT_IN_CURRENT,niirk,NIIRK,経産省,有効,制裁リスト（経産省）
HOLD_LEGACY_NOT_IN_CURRENT,niisu,NIISU,経産省,有効,制裁リスト（経産省）
HOLD_LEGACY_NOT_IN_CURRENT,niisujsc,NIISU JSC,経産省,有効,制裁リスト（経産省）
HOLD_LEGACY_NOT_IN_CURRENT,niitmpao,NIITM PAO,経産省,有効,制裁リスト（経産省）
HOLD_LEGACY_NOT_IN_CURRENT,niiサブミクロン科学研究所,NIIサブミクロン科学研究所,経産省,有効,制裁リスト（経産省）
HOLD_LEGACY_NOT_IN_CURRENT,niiドメン,NII ドメン,経産省,有効,制裁リスト（経産省）
HOLD_LEGACY_NOT_IN_CURRENT,niiプラタン,NIIプラタン,経産省,有効,制裁リスト（経産省）
HOLD_LEGACY_NOT_IN_CURRENT,"ningbonewcenturyimportandexportcompany,ltd.","NINGBO NEW CENTURY IMPORT AND EXPORT COMPANY, LTD.",OFAC;経産省,有効,制裁リスト（経産省／OFAC：SDN）
HOLD_LEGACY_NOT_IN_CURRENT,nm-tekh,NM-Tekh,OFAC;経産省,有効,制裁リスト（経産省／OFAC：SDN）
HOLD_LEGACY_NOT_IN_CURRENT,nmテック,NMテック,経産省,有効,制裁リスト（経産省）
HOLD_LEGACY_NOT_IN_CURRENT,northwesternpolytechnicaluniversity,Northwestern Polytechnical University,経産省,有効,制裁リスト（経産省）
HOLD_LEGACY_NOT_IN_CURRENT,novastrimllc,Novastrim LLC,経産省,有効,制裁リスト（経産省）
HOLD_LEGACY_NOT_IN_CURRENT,novelcollc,Novelco LLC,経産省,有効,制裁リスト（経産省）
HOLD_LEGACY_NOT_IN_CURRENT,novorossiyskshipyardjsc,Novorossiysk Shipyard JSC,経産省,有効,制裁リスト（経産省）
HOLD_LEGACY_NOT_IN_CURRENT,npkts,NPKTs,経産省,有効,制裁リスト（経産省）
HOLD_LEGACY_NOT_IN_CURRENT,npk技術センタ-,NPK技術センター,経産省;財務省,有効,制裁リスト（財務省：ロシア連邦(団体(特定銀行を除く))／経産省）
HOLD_LEGACY_NOT_IN_CURRENT,npoelectricsystems,NPO Electric Systems,経産省,有効,制裁リスト（経産省）
HOLD_LEGACY_NOT_IN_CURRENT,npoelectronicsystems,NPO Electronic Systems,経産省,有効,制裁リスト（経産省）
HOLD_LEGACY_NOT_IN_CURRENT,npoelektronnyesistemy,NPO Elektronnye Sistemy,経産省,有効,制裁リスト（経産省）
HOLD_LEGACY_NOT_IN_CURRENT,npoetalon,NPO Etalon,経産省,有効,制裁リスト（経産省）
HOLD_LEGACY_NOT_IN_CURRENT,npoimenis.a.lavochkina,NPO Imeni S.A. Lavochkina,経産省,有効,制裁リスト（経産省）
HOLD_LEGACY_NOT_IN_CURRENT,npolavochkin,NPO Lavochkin,経産省,有効,制裁リスト（経産省）
HOLD_LEGACY_NOT_IN_CURRENT,npolightningtacticalmissilecorporation,"Tactical Missile Corporation, NPO Lightning",経産省,有効,制裁リスト（経産省）
HOLD_LEGACY_NOT_IN_CURRENT,npomars,NPO Mars,経産省,有効,制裁リスト（経産省）
HOLD_LEGACY_NOT_IN_CURRENT,nporadioelectronicsn.a.v.i.shimko,NPO Radioelectronics N.A. V.I. Shimko,経産省,有効,制裁リスト（経産省）
HOLD_LEGACY_NOT_IN_CURRENT,nposes,NPOS ES,経産省,有効,制裁リスト（経産省）
HOLD_LEGACY_NOT_IN_CURRENT,npovint,NPO Vint,経産省,有効,制裁リスト（経産省）
HOLD_LEGACY_NOT_IN_CURRENT,npoアヴロラ,NPOアヴロラ,外務省;経産省,有効,制裁リスト（経産省／外務省：ロシア連邦の特定団体への輸出等に係る禁止措置(外務省告示第61号)）
HOLD_LEGACY_NOT_IN_CURRENT,npoエタロン,NPOエタロン,経産省,有効,制裁リスト（経産省）
HOLD_LEGACY_NOT_IN_CURRENT,nppizmeritel,NPP Izmeritel,経産省,有効,制裁リスト（経産省）
HOLD_LEGACY_NOT_IN_CURRENT,nppkant,NPP Kant,経産省,有効,制裁リスト（経産省）
HOLD_LEGACY_NOT_IN_CURRENT,nppradarmms,NPP Radar MMS,経産省,有効,制裁リスト（経産省）
HOLD_LEGACY_NOT_IN_CURRENT,nppstart,NPP Start,経産省,有効,制裁リスト（経産省）
HOLD_LEGACY_NOT_IN_CURRENT,nppstarta.i.yaskina,NPP Start A.I. Yaskina,経産省,有効,制裁リスト（経産省）
HOLD_LEGACY_NOT_IN_CURRENT,nppsvyaz,NPP Svyaz,経産省,有効,制裁リスト（経産省）
HOLD_LEGACY_NOT_IN_CURRENT,nppvolatauto,NPP VOLATauto,経産省,有効,制裁リスト（経産省）
HOLD_LEGACY_NOT_IN_CURRENT,nppvolna,NPP Volna,経産省,有効,制裁リスト（経産省）
HOLD_LEGACY_NOT_IN_CURRENT,nppイストック,NPPイストック,経産省;財務省,有効,制裁リスト（財務省：ロシア連邦(団体(特定銀行を除く))／経産省）
HOLD_LEGACY_NOT_IN_CURRENT,nppイズメリテル,NPP イ ズメリテル,経産省,有効,制裁リスト（経産省）
HOLD_LEGACY_NOT_IN_CURRENT,nptssapsan,NPTs SAPSAN,経産省,有効,制裁リスト（経産省）
HOLD_LEGACY_NOT_IN_CURRENT,ntcmetrote,NTC Metrote,経産省,有効,制裁リスト（経産省）
HOLD_LEGACY_NOT_IN_CURRENT,ntcメトロテック,NTCメトロテック,経産省,有効,制裁リスト（経産省）
HOLD_LEGACY_NOT_IN_CURRENT,nttselins,NTTs Elins,経産省,有効,制裁リスト（経産省）
HOLD_LEGACY_NOT_IN_CURRENT,nttsmetrotek,NTTS Metrotek,経産省,有効,制裁リスト（経産省）
HOLD_LEGACY_NOT_IN_CURRENT,nttsscienceandtechnologyresearchcentermodule,NTTs Science and Technology Research Center Module,経産省,有効,制裁リスト（経産省）
HOLD_LEGACY_NOT_IN_CURRENT,nttsエリンス,NTTsエリンス,経産省,有効,制裁リスト（経産省）
HOLD_LEGACY_NOT_IN_CURRENT,nttsメトロテック,NTTS メトロテック,経産省,有効,制裁リスト（経産省）
HOLD_LEGACY_NOT_IN_CURRENT,nttsモジュ-ル科学技術研究センタ-,NTTs モジュール科学技術研究センター,経産省,有効,制裁リスト（経産省）
HOLD_LEGACY_NOT_IN_CURRENT,nuclearpowerinstituteofchina(npic),Nuclear Power Institute of China (NPIC),経産省,有効,制裁リスト（経産省）
HOLD_LEGACY_NOT_IN_CURRENT,nvsnavigationtechnologiesltd,NVS Navigation Technologies Ltd,OFAC;経産省,有効,制裁リスト（経産省／OFAC：SDN）
HOLD_LEGACY_NOT_IN_CURRENT,nvstechnologies,NVS Technologies,経産省,有効,制裁リスト（経産省）
HOLD_LEGACY_NOT_IN_CURRENT,nvsテクノロジ-ズ,NVSテクノロジーズ,経産省,有効,制裁リスト（経産省）
HOLD_LEGACY_NOT_IN_CURRENT,nvsナビゲ-ション・テクノロジ-ズ有限会社,NVSナビゲーション・テクノロジーズ有限会社,経産省,有効,制裁リスト（経産省）
HOLD_LEGACY_NOT_IN_CURRENT,oaogosniikristall,OAO GosNII Kristall,OFAC;経産省,有効,制裁リスト（経産省／OFAC：SDN）
HOLD_LEGACY_NOT_IN_CURRENT,oaointegral,OAO Integral,経産省,有効,制裁リスト（経産省）
HOLD_LEGACY_NOT_IN_CURRENT,oaomariyskiymashinostroitelnyyzavod,OAO Mariyskiy Mashinostroitelnyy Zavod,OFAC;経産省;財務省,有効,制裁リスト（財務省：ロシア連邦(団体(特定銀行を除く))／経産省／OFAC：SDN）
HOLD_LEGACY_NOT_IN_CURRENT,oaonovorossiyskiysudoremontnyyzavod,OAO Novorossiyskiy sudoremontnyy zavod,経産省,有効,制裁リスト（経産省）
HOLD_LEGACY_NOT_IN_CURRENT,oaonppistokshokina,OAO NPP Istok Shokina,経産省,有効,制裁リスト（経産省）
HOLD_LEGACY_NOT_IN_CURRENT,oaonpppulsar,OAO NPP Pulsar,経産省,有効,制裁リスト（経産省）
HOLD_LEGACY_NOT_IN_CURRENT,oaoradiofizi,OAO Radiofizi,経産省,有効,制裁リスト（経産省）
HOLD_LEGACY_NOT_IN_CURRENT,oaosvetlovskoyepredpriyatiyeer,OAO Svetlovskoye Predpriyatiye Er,経産省,有効,制裁リスト（経産省）
HOLD_LEGACY_NOT_IN_CURRENT,oaotsentralnoyekonstructorskoyebyuroposudamnapodvodnqkhkrylyakhimenir.e.alekseyeva,OAO Tsentralnoye Konstructorskoye byuro po sudam na podvodnqkh krylyakh imeni R.E. Alekseyeva,経産省,有効,制裁リスト（経産省）
HOLD_LEGACY_NOT_IN_CURRENT,oaotsentrsudoremontadalzavod,OAO Tsentr Sudoremonta Dalzavod,経産省,有効,制裁リスト（経産省）
HOLD_LEGACY_NOT_IN_CURRENT,oaotutaevskimotornyzavod,OAO Tutaevski Motorny Zavod,経産省,有効,制裁リスト（経産省）
HOLD_LEGACY_NOT_IN_CURRENT,oaovomz,OAO VOMZ,経産省,有効,制裁リスト（経産省）
HOLD_LEGACY_NOT_IN_CURRENT,oaoインテグラル,OAOインテグラル,経産省,有効,制裁リスト（経産省）
HOLD_LEGACY_NOT_IN_CURRENT,obninskresearchandproductionenterprise(orpe),Obninsk Research and Production Enterprise (ORPE),経産省,有効,制裁リスト（経産省）
HOLD_LEGACY_NOT_IN_CURRENT,oboronnyeinitsiativyllc,Oboronnye Initsiativy LLC,経産省,有効,制裁リスト（経産省）
HOLD_LEGACY_NOT_IN_CURRENT,oboronpromojsc,Oboronprom OJSC,経産省,有効,制裁リスト（経産省）
HOLD_LEGACY_NOT_IN_CURRENT,obschestvosogranichennoiotvetstvennostyutekhnologicheskayakompaniyaflaibridzh,Obschestvo S Ogranichennoi Otvetstvennostyu Tekhnologicheskaya Kompaniya Flai Bridzh,OFAC;経産省;財務省,有効,制裁リスト（財務省：ロシア連邦(団体(特定銀行を除く))／経産省／OFAC：SDN）
HOLD_LEGACY_NOT_IN_CURRENT,obschestvosogranichennoiotvetstvennostyutekhnologicheskayakompaniyaflaibridzh.,Obschestvo s Ogranichennoi Otvetstvennostyu Tekhnologicheskaya Kompaniya Flaibridzh.,経産省,有効,制裁リスト（経産省）
HOLD_LEGACY_NOT_IN_CURRENT,obshchestvosogranichennoiotvetstvennostyualabugadevelopment,OBSHCHESTVO S OGRANICHENNOI OTVETSTVENNOSTYU ALABUGA DEVELOPMENT,OFAC;経産省,有効,制裁リスト（経産省／OFAC：SDN）
HOLD_LEGACY_NOT_IN_CURRENT,obshchestvosogranichennoiotvetstvennostyuultranelektronnyekomponenty,OBSHCHESTVO S OGRANICHENNOI OTVETSTVENNOSTYU ULTRAN ELEKTRONNYE KOMPONENTY,OFAC;経産省,有効,制裁リスト（経産省／OFAC：SDN）
HOLD_LEGACY_NOT_IN_CURRENT,ojscall-russianresearchinstitutesignal,OJSC All-Russian Research Institute Signal,OFAC;経産省,有効,制裁リスト（経産省／OFAC：SDN）
HOLD_LEGACY_NOT_IN_CURRENT,ojscarsenalmachine-buildingplant,OJSC Arsenal Machine-Building Plant,経産省;財務省,有効,制裁リスト（財務省：ロシア連邦(団体(特定銀行を除く))／経産省）
HOLD_LEGACY_NOT_IN_CURRENT,ojscleningradshipyardpella,OJSC Leningrad Shipyard Pella,経産省,有効,制裁リスト（経産省）
HOLD_LEGACY_NOT_IN_CURRENT,ojscpellashipyard,OJSC Pella Shipyard,経産省,有効,制裁リスト（経産省）
HOLD_LEGACY_NOT_IN_CURRENT,ojscscientificandresearchinstituteofprecisionengineering,OJSC Scientific and Research Institute of Precision Engineering,経産省,有効,制裁リスト（経産省）
HOLD_LEGACY_NOT_IN_CURRENT,ojscshipbuildingplantsevernayaverf,OJSC Shipbuilding Plant Severnaya Verf,経産省,有効,制裁リスト（経産省）
HOLD_LEGACY_NOT_IN_CURRENT,ojsctsry,OJSC TSRY,経産省,有効,制裁リスト（経産省）
HOLD_LEGACY_NOT_IN_CURRENT,ojsctuapseshiprepairplant,OJSC Tuapse Ship Repair Plant,経産省,有効,制裁リスト（経産省）
HOLD_LEGACY_NOT_IN_CURRENT,okbsalutejsc,OKB Salute JSC,経産省,有効,制裁リスト（経産省）
HOLD_LEGACY_NOT_IN_CURRENT,okbsalyutjsc,OKB Salyut JSC,経産省,有効,制裁リスト（経産省）
HOLD_LEGACY_NOT_IN_CURRENT,okbtemp,OKB Temp,経産省,有効,制裁リスト（経産省）
HOLD_LEGACY_NOT_IN_CURRENT,okbテンプ,OKB テンプ,経産省,有効,制裁リスト（経産省）
HOLD_LEGACY_NOT_IN_CURRENT,ompllc,OMP LLC,経産省,有効,制裁リスト（経産省）
HOLD_LEGACY_NOT_IN_CURRENT,ompoirtysh,OmPO Irtysh,経産省,有効,制裁リスト（経産省）
HOLD_LEGACY_NOT_IN_CURRENT,ompoイルティシュ,OmPOイルティシュ,経産省,有効,制裁リスト（経産省）
HOLD_LEGACY_NOT_IN_CURRENT,omskenginedesignbureau,Omsk Engine Design Bureau,経産省,有効,制裁リスト（経産省）
HOLD_LEGACY_NOT_IN_CURRENT,omskmotor-manufacturingdesignbureau,Omsk Motor-Manufacturing Design Bureau,経産省,有効,制裁リスト（経産省）
HOLD_LEGACY_NOT_IN_CURRENT,omskoemashinstroitel'noekb,Omskoe mashinstroitel'noe KB,経産省,有効,制裁リスト（経産省）
HOLD_LEGACY_NOT_IN_CURRENT,omskproductionunionirtyshjsc,Omsk Production Union Irtysh JSC,経産省,有効,制裁リスト（経産省）
HOLD_LEGACY_NOT_IN_CURRENT,omskscientific-researchinstituteofinstrumentengineeringjsc,Omsk Scientific-Research Institute of Instrument Engineering JSC,経産省,有効,制裁リスト（経産省）
HOLD_LEGACY_NOT_IN_CURRENT,oooadis,OOO Adis,経産省,有効,制裁リスト（経産省）
HOLD_LEGACY_NOT_IN_CURRENT,oooaidisolyushn,OOO Aidi Solyushn,経産省,有効,制裁リスト（経産省）
HOLD_LEGACY_NOT_IN_CURRENT,oooalabuga-volokno,OOO Alabuga-Volokno,経産省,有効,制裁リスト（経産省）
HOLD_LEGACY_NOT_IN_CURRENT,oooavant-spejs,OOO Avant-Spejs,経産省,有効,制裁リスト（経産省）
HOLD_LEGACY_NOT_IN_CURRENT,ooochipdevais,OOO Chipdevais,経産省,有効,制裁リスト（経産省）
HOLD_LEGACY_NOT_IN_CURRENT,ooodzhiefkeilogistiks,OOO Dzhiefkei Logistiks,経産省,有効,制裁リスト（経産省）
HOLD_LEGACY_NOT_IN_CURRENT,oooelkomtekh(elkomtex),OOO Elkomtekh (Elkomtex),経産省,有効,制裁リスト（経産省）
HOLD_LEGACY_NOT_IN_CURRENT,ooofibersense,OOO Fibersense,経産省,有効,制裁リスト（経産省）
HOLD_LEGACY_NOT_IN_CURRENT,oooforssteknologii,OOO Forss Teknologii,経産省,有効,制裁リスト（経産省）
HOLD_LEGACY_NOT_IN_CURRENT,ooofregat,OOO Fregat,経産省,有効,制裁リスト（経産省）
HOLD_LEGACY_NOT_IN_CURRENT,oooinelso,OOO Inelso,経産省,有効,制裁リスト（経産省）
HOLD_LEGACY_NOT_IN_CURRENT,oooinelso.,OOO Inelso.,経産省,有効,制裁リスト（経産省）
HOLD_LEGACY_NOT_IN_CURRENT,oookhartisdv,OOO Khartis DV,経産省,有効,制裁リスト（経産省）
HOLD_LEGACY_NOT_IN_CURRENT,ooologistikadoveriya,OOO Logistika Doveriya,経産省,有効,制裁リスト（経産省）
HOLD_LEGACY_NOT_IN_CURRENT,ooomvizion,OOO MVIZION,OFAC;経産省,有効,制裁リスト（経産省／OFAC：SDN）
HOLD_LEGACY_NOT_IN_CURRENT,ooomyullermarkt,OOO Myuller Markt,経産省,有効,制裁リスト（経産省）
HOLD_LEGACY_NOT_IN_CURRENT,ooonauchno-proizvodstvennoeobedinenieradiovolna,OOO Nauchno-Proizvodstvennoe Obedinenie Radiovolna,経産省,有効,制裁リスト（経産省）
HOLD_LEGACY_NOT_IN_CURRENT,ooonovelco,OOO Novelco,経産省,有効,制裁リスト（経産省）
HOLD_LEGACY_NOT_IN_CURRENT,ooonovelko,OOO Novelko,経産省,有効,制裁リスト（経産省）
HOLD_LEGACY_NOT_IN_CURRENT,ooonporadiovolna,OOO NPO Radiovolna,経産省,有効,制裁リスト（経産省）
HOLD_LEGACY_NOT_IN_CURRENT,ooonvsnavigatsionnyetekhnologii,OOO NVS Navigatsionnye Tekhnologii,OFAC;経産省,有効,制裁リスト（経産省／OFAC：SDN）
HOLD_LEGACY_NOT_IN_CURRENT,oooorelmetallpolimer,OOO Orelmetallpolimer,経産省,有効,制裁リスト（経産省）
HOLD_LEGACY_NOT_IN_CURRENT,oooplanar,OOO PLANAR,OFAC;経産省,有効,制裁リスト（経産省／OFAC：SDN）
HOLD_LEGACY_NOT_IN_CURRENT,oooradiopriborsnab,OOO Radiopriborsnab,経産省,有効,制裁リスト（経産省）
HOLD_LEGACY_NOT_IN_CURRENT,ooorezonit,OOO Rezonit,経産省,有効,制裁リスト（経産省）
HOLD_LEGACY_NOT_IN_CURRENT,ooorezonit.,OOO Rezonit.,経産省,有効,制裁リスト（経産省）
HOLD_LEGACY_NOT_IN_CURRENT,ooort-inform,OOO RT-Inform,経産省,有効,制裁リスト（経産省）
HOLD_LEGACY_NOT_IN_CURRENT,ooosistemypapilon,OOO Sistemy Papilon,経産省,有効,制裁リスト（経産省）
HOLD_LEGACY_NOT_IN_CURRENT,ooosmartmarin,OOO Smart Marin,経産省,有効,制裁リスト（経産省）
HOLD_LEGACY_NOT_IN_CURRENT,ooostaut,OOO Staut,経産省,有効,制裁リスト（経産省）
HOLD_LEGACY_NOT_IN_CURRENT,ooostts,OOO STTs,経産省,有効,制裁リスト（経産省）
HOLD_LEGACY_NOT_IN_CURRENT,oootkflybridge,OOO TK Fly Bridge,OFAC;経産省;財務省,有効,制裁リスト（財務省：ロシア連邦(団体(特定銀行を除く))／経産省／OFAC：SDN）
HOLD_LEGACY_NOT_IN_CURRENT,oootsiti,OOO TsITI,経産省,有効,制裁リスト（経産省）
HOLD_LEGACY_NOT_IN_CURRENT,oooultranek,OOO Ultran EK,経産省,有効,制裁リスト（経産省）
HOLD_LEGACY_NOT_IN_CURRENT,ooovest-ost,OOO Vest-Ost,経産省,有効,制裁リスト（経産省）
HOLD_LEGACY_NOT_IN_CURRENT,ooovmk.,OOO VMK.,経産省,有効,制裁リスト（経産省）
HOLD_LEGACY_NOT_IN_CURRENT,ooovtk,OOO VTK,経産省,有効,制裁リスト（経産省）
HOLD_LEGACY_NOT_IN_CURRENT,openjointstockcompany140repairplant,Open Joint Stock Company 140 Repair Plant,経産省,有効,制裁リスト（経産省）
HOLD_LEGACY_NOT_IN_CURRENT,openjointstockcompany170flightsupportequipmentrepairplant,Open Joint Stock Company 170 Flight Support Equipment Repair Plant,経産省,有効,制裁リスト（経産省）
HOLD_LEGACY_NOT_IN_CURRENT,openjointstockcompany20aviationrepairplant,Open Joint Stock Company 20 Aviation Repair Plant,経産省,有効,制裁リスト（経産省）
HOLD_LEGACY_NOT_IN_CURRENT,openjointstockcompany275aviationrepairplant,Open Joint Stock Company 275 Aviation Repair Plant,経産省,有効,制裁リスト（経産省）
HOLD_LEGACY_NOT_IN_CURRENT,openjointstockcompany308aviationrepairplant,Open Joint Stock Company 308 Aviation Repair Plant,経産省,有効,制裁リスト（経産省）
HOLD_LEGACY_NOT_IN_CURRENT,openjointstockcompany322aviationrepairplant,Open Joint Stock Company 322 Aviation Repair Plant,経産省,有効,制裁リスト（経産省）
HOLD_LEGACY_NOT_IN_CURRENT,openjointstockcompany325aviationrepairplant,Open Joint Stock Company 325 Aviation Repair Plant,経産省,有効,制裁リスト（経産省）
HOLD_LEGACY_NOT_IN_CURRENT,openjointstockcompany32repairplantofflightsupportequipment,Open Joint Stock Company 32 Repair Plant of Flight Support Equipment,経産省,有効,制裁リスト（経産省）
HOLD_LEGACY_NOT_IN_CURRENT,openjointstockcompany680aircraftrepairplant,Open Joint Stock Company 680 Aircraft Repair Plant,経産省,有効,制裁リスト（経産省）
HOLD_LEGACY_NOT_IN_CURRENT,openjointstockcompany720specialflightsupportequipmentrepairplant,Open Joint Stock Company 720 Special Flight Support Equipment Repair Plant,経産省,有効,制裁リスト（経産省）
HOLD_LEGACY_NOT_IN_CURRENT,openjointstockcompanymariyskiymachine-buildingplant,Open Joint Stock Company Mariyskiy Machine-Building Plant,経産省,有効,制裁リスト（経産省）
HOLD_LEGACY_NOT_IN_CURRENT,openjointstockcompanyvolgogradradio-technicalequipmentplant,Open Joint Stock Company Volgograd Radio-Technical Equipment Plant,経産省,有効,制裁リスト（経産省）
HOLD_LEGACY_NOT_IN_CURRENT,operationsandanalysiscenterunderthepresidentoftherepublicofbelarus,Operations and Analysis Center under the President of the Republic of Belarus,経産省,有効,制裁リスト（経産省）
HOLD_LEGACY_NOT_IN_CURRENT,"optronjsc,","Optron JSC,",経産省,有効,制裁リスト（経産省）
HOLD_LEGACY_NOT_IN_CURRENT,oreldistic.ltd.sti,Orel Dis Tic. Ltd. Sti,経産省,有効,制裁リスト（経産省）
HOLD_LEGACY_NOT_IN_CURRENT,oreldisticaretltd,Orel Dis Ticaret Ltd,経産省,有効,制裁リスト（経産省）
HOLD_LEGACY_NOT_IN_CURRENT,oreldișticaretlimitedșirketi,Orel Diș Ticaret Limited Șirketi,経産省,有効,制裁リスト（経産省）
HOLD_LEGACY_NOT_IN_CURRENT,oreldișticaretlimitedșirketi-oreldisticaretltd,Orel Diș Ticaret Limited Șirketi —Orel Dis Ticaret Ltd,経産省,有効,制裁リスト（経産省）
HOLD_LEGACY_NOT_IN_CURRENT,orelforeigntradelimitedcompany,Orel Foreign Trade Limited Company,経産省,有効,制裁リスト（経産省）
HOLD_LEGACY_NOT_IN_CURRENT,orelforeigntradelimitedcompany.,Orel Foreign Trade Limited Company.,経産省,有効,制裁リスト（経産省）
HOLD_LEGACY_NOT_IN_CURRENT,orelmetallpolimerllc,OrelMetallPolimer LLC,経産省,有効,制裁リスト（経産省）
HOLD_LEGACY_NOT_IN_CURRENT,orunlerveticaretlimitedsirketi,Orunler ve Ticaret Limited Sirketi,経産省,有効,制裁リスト（経産省）
HOLD_LEGACY_NOT_IN_CURRENT,oskpropulsion,OSK Propulsion,経産省,有効,制裁リスト（経産省）
HOLD_LEGACY_NOT_IN_CURRENT,osk公開株式会社,OSK公開株式会社,外務省;経産省,有効,制裁リスト（経産省／外務省：ロシア連邦の特定団体への輸出等に係る禁止措置(外務省告示第61号)）
HOLD_LEGACY_NOT_IN_CURRENT,osk推進力,OSK推進力,経産省,有効,制裁リスト（経産省）
HOLD_LEGACY_NOT_IN_CURRENT,osooプロフラブ,OSOOプロフラブ,経産省,有効,制裁リスト（経産省）
HOLD_LEGACY_NOT_IN_CURRENT,osooプロフラブ及びプロフラブosoo,OSOOプロフラブ 及びプロフラブ OSOO,経産省,有効,制裁リスト（経産省）
HOLD_LEGACY_NOT_IN_CURRENT,otkrytoeaktsionernoeobshchestvonauchnoissledovatelskiinstitute,Otkrytoe Aktsionernoe Obshchestvo Nauchno Issledovatelski Institute,経産省,有効,制裁リスト（経産省）
HOLD_LEGACY_NOT_IN_CURRENT,otkrytoyeaktsionernoyeobshchestvomariyskiymashinostroitelnyyzavod,Otkrytoye Aktsionernoye Obshchestvo Mariyskiy Mashinostroitelnyy Zavod,OFAC;経産省;財務省,有効,制裁リスト（財務省：ロシア連邦(団体(特定銀行を除く))／経産省／OFAC：SDN）
HOLD_LEGACY_NOT_IN_CURRENT,ozvega-filialaotsszvezdochka,OZ Vega – Filial AO TSS Zvezdochka,経産省,有効,制裁リスト（経産省）
HOLD_LEGACY_NOT_IN_CURRENT,ozヴェガ・株式会社tssズヴョ-ズダチカ支社,OZ ヴェガ・株式会社 TSSズヴョーズダチカ支社,経産省,有効,制裁リスト（経産省）
HOLD_LEGACY_NOT_IN_CURRENT,p.d.グルシン名称機械建設工事局ファケル,P.D.グルシン名称機械建設工事局ファケル,経産省,有効,制裁リスト（経産省）
HOLD_LEGACY_NOT_IN_CURRENT,paoamurskiysudostroitelnyyzavod,PAO Amurskiy Sudostroitelnyy Zavod,経産省,有効,制裁リスト（経産省）
HOLD_LEGACY_NOT_IN_CURRENT,paoilyushin,PAO Ilyushin,経産省,有効,制裁リスト（経産省）
HOLD_LEGACY_NOT_IN_CURRENT,paomakvympel,PAO MAK Vympel,経産省,有効,制裁リスト（経産省）
HOLD_LEGACY_NOT_IN_CURRENT,paomegafon,PAO Megafon,経産省,有効,制裁リスト（経産省）
HOLD_LEGACY_NOT_IN_CURRENT,paomezhgosudarstvennayaaktsionernayakorporatsiyavympel,PAO Mezhgosudarstvennaya Aktsionernaya Korporatsiya Vympel,経産省,有効,制裁リスト（経産省）
HOLD_LEGACY_NOT_IN_CURRENT,paomiea,PAO MIEA,経産省,有効,制裁リスト（経産省）
HOLD_LEGACY_NOT_IN_CURRENT,paotmz,PAO TMZ,経産省,有効,制裁リスト（経産省）
HOLD_LEGACY_NOT_IN_CURRENT,paotutaevskimotornyzavod,PAO Tutaevski Motorny Zavod,経産省,有効,制裁リスト（経産省）
HOLD_LEGACY_NOT_IN_CURRENT,paoyaroslavskiysudostroitelnyyzavod,PAO Yaroslavskiy sudostroitelnyy zavod,経産省,有効,制裁リスト（経産省）
HOLD_LEGACY_NOT_IN_CURRENT,papilloninformationtechnologiesllc,Papillon Information Technologies LLC,経産省,有効,制裁リスト（経産省）
HOLD_LEGACY_NOT_IN_CURRENT,papilonsystemslimitedliabilitycompany,Papilon Systems Limited Liability Company,経産省,有効,制裁リスト（経産省）
HOLD_LEGACY_NOT_IN_CURRENT,peacemotorscorporation,Peace Motors Corporation,経産省,有効,制裁リスト（経産省）
HOLD_LEGACY_NOT_IN_CURRENT,permpowderplant,Perm Powder Plant,経産省,有効,制裁リスト（経産省）
HOLD_LEGACY_NOT_IN_CURRENT,permskiporokhovoizavod,Permski Porokhovoi Zavod,経産省,有効,制裁リスト（経産省）
HOLD_LEGACY_NOT_IN_CURRENT,"pervichnayaprofsoyuznayaorganizatsiya""azovskioptiko-mekhanicheskizavod",Pervichnaya Profsoyuznaya Organizatsiya “Azovski Optiko-Mekhanicheski Zavod”,経産省,有効,制裁リスト（経産省）
HOLD_LEGACY_NOT_IN_CURRENT,pervichnayaprofsoyuznayaorganizatsiyarossiskogoprofsoyuzarabotnikov,Pervichnaya Profsoyuznaya Organizatsiya Rossiskogo Profsoyuza Rabotnikov,経産省,有効,制裁リスト（経産省）
HOLD_LEGACY_NOT_IN_CURRENT,phazotronniir,Phazotron NIIR,経産省,有効,制裁リスト（経産省）
HOLD_LEGACY_NOT_IN_CURRENT,photonpro,Photon Pro,経産省,有効,制裁リスト（経産省）
HOLD_LEGACY_NOT_IN_CURRENT,pjscagregat,PJSC Agregat,経産省,有効,制裁リスト（経産省）
HOLD_LEGACY_NOT_IN_CURRENT,pjscanpptempaviatacticalmissilecorporation,"Tactical Missile Corporation, PJSC ANPP Temp Avia",経産省,有効,制裁リスト（経産省）
HOLD_LEGACY_NOT_IN_CURRENT,pjscanpptempavitacticalmissilecorporation,"Tactical Missile Corporation, PJSC ANPP Temp Avi",経産省,有効,制裁リスト（経産省）
HOLD_LEGACY_NOT_IN_CURRENT,pjscberievaircraftcompany,PJSC Beriev Aircraft Company,経産省,有効,制裁リスト（経産省）
HOLD_LEGACY_NOT_IN_CURRENT,pjscirkutcorporation,PJSC Irkut Corporation,経産省,有効,制裁リスト（経産省）
HOLD_LEGACY_NOT_IN_CURRENT,pjsckazanhelicopters,PJSC Kazan Helicopters,経産省,有効,制裁リスト（経産省）
HOLD_LEGACY_NOT_IN_CURRENT,pjscmegafon,PJSC Megafon,経産省,有効,制裁リスト（経産省）
HOLD_LEGACY_NOT_IN_CURRENT,pjscradiophysics,PJSC Radiophysics,経産省,有効,制裁リスト（経産省）
HOLD_LEGACY_NOT_IN_CURRENT,pjscyaroslavlradioworks,PJSC Yaroslavl Radioworks,経産省,有効,制裁リスト（経産省）
HOLD_LEGACY_NOT_IN_CURRENT,pjsczvezda,PJSC ZVEZDA,OFAC;経産省,有効,制裁リスト（経産省／OFAC：SDN）
HOLD_LEGACY_NOT_IN_CURRENT,pmcワグナ-,PMCワグナー,経産省,有効,制裁リスト（経産省）
HOLD_LEGACY_NOT_IN_CURRENT,polyotchelyabinskradioplantjsc,Polyot Chelyabinsk Radio Plant JSC,経産省,有効,制裁リスト（経産省）
HOLD_LEGACY_NOT_IN_CURRENT,potonggangcooperativeofopticalglassproduction,Potonggang Cooperative of Optical Glass Production,経産省,有効,制裁リスト（経産省）
HOLD_LEGACY_NOT_IN_CURRENT,ppoazovskioptiko-mekhanicheskizavod,PPO Azovski Optiko-Mekhanicheski Zavod,経産省,有効,制裁リスト（経産省）
HOLD_LEGACY_NOT_IN_CURRENT,"privatemilitarycompany""wagner",Private Military Company “Wagner”,経産省,有効,制裁リスト（経産省）
HOLD_LEGACY_NOT_IN_CURRENT,productionrepublicanunitaryenterpriseminskwheeledtractorplant,Production Republican Unitary Enterprise Minsk Wheeled Tractor Plant,経産省,有効,制裁リスト（経産省）
HOLD_LEGACY_NOT_IN_CURRENT,profflablimitedliabilitycompany,PROFFLAB LIMITED LIABILITY COMPANY,OFAC;経産省,有効,制裁リスト（経産省／OFAC：SDN）
HOLD_LEGACY_NOT_IN_CURRENT,profflabllc,Profflab LLC,経産省,有効,制裁リスト（経産省）
HOLD_LEGACY_NOT_IN_CURRENT,profflabllc.,Profflab LLC.,経産省,有効,制裁リスト（経産省）
HOLD_LEGACY_NOT_IN_CURRENT,profflabosoo,Profflab OSOO,経産省,有効,制裁リスト（経産省）
HOLD_LEGACY_NOT_IN_CURRENT,proizvodstvennoeobedineniesever,Proizvodstvennoe Obedinenie Sever,経産省,有効,制裁リスト（経産省）
HOLD_LEGACY_NOT_IN_CURRENT,promelectronica,Promelectronica,経産省,有効,制裁リスト（経産省）
HOLD_LEGACY_NOT_IN_CURRENT,promelektroni,Promelektroni,経産省,有効,制裁リスト（経産省）
HOLD_LEGACY_NOT_IN_CURRENT,"promtech-dubna,jsc","Promtech-Dubna, JSC",経産省,有効,制裁リスト（経産省）
HOLD_LEGACY_NOT_IN_CURRENT,protonjsc,Proton JSC,経産省,有効,制裁リスト（経産省）
HOLD_LEGACY_NOT_IN_CURRENT,pskovdistancecommunicationsequipment(ads)plantjsc,Pskov Distance Communications Equipment (ADS) Plant JSC,経産省,有効,制裁リスト（経産省）
HOLD_LEGACY_NOT_IN_CURRENT,pskovdistancecommunicationsequipmentplant,Pskov Distance Communications Equipment Plant,経産省,有効,制裁リスト（経産省）
HOLD_LEGACY_NOT_IN_CURRENT,pskovplantadsjsc,Pskov Plant ADS JSC,経産省,有効,制裁リスト（経産省）
HOLD_LEGACY_NOT_IN_CURRENT,psv-tech,PSV-TECH,OFAC;経産省;財務省,有効,制裁リスト（財務省：ロシア連邦(団体(特定銀行を除く))／経産省／OFAC）
HOLD_LEGACY_NOT_IN_CURRENT,psvtekhnologiiooo,PSV Tekhnologii OOO,OFAC;経産省;財務省,有効,制裁リスト（財務省：ロシア連邦(団体(特定銀行を除く))／経産省／OFAC：SDN）
HOLD_LEGACY_NOT_IN_CURRENT,publichnoeaktsionernoeobshchestvoarzamasskoenauchno-proizvodstvennoe,Publichnoe Aktsionernoe Obshchestvo Arzamasskoe Nauchno-Proizvodstvennoe,経産省,有効,制裁リスト（経産省）
HOLD_LEGACY_NOT_IN_CURRENT,publicjointstockcompanyagregat,Public Joint Stock Company Agregat,経産省,有効,制裁リスト（経産省）
HOLD_LEGACY_NOT_IN_CURRENT,publicjointstockcompanybryanskspecialdesignbureauconcernradio-electronictechnologies,"Concern Radio-Electronic Technologies, Public Joint Stock Company Bryansk Special Design Bureau",経産省,有効,制裁リスト（経産省）
HOLD_LEGACY_NOT_IN_CURRENT,publicjointstockcompanymegafon,Public Joint Stock Company Megafon,経産省,有効,制裁リスト（経産省）
HOLD_LEGACY_NOT_IN_CURRENT,publicjointstockcompanystavropolradioplantsignalconcernradio-electronictechnologies,"Concern Radio-Electronic Technologies, Public Joint Stock Company Stavropol Radio Plant Signal",経産省,有効,制裁リスト（経産省）
HOLD_LEGACY_NOT_IN_CURRENT,publicjointstockcompanytechpriborconcernradio-electronictechnologies,"Concern Radio-Electronic Technologies, Public Joint Stock Company Techpribor",経産省,有効,制裁リスト（経産省）
HOLD_LEGACY_NOT_IN_CURRENT,publicjointstockcompanyvoronezhjointstockaircraftcompany,Public Joint Stock Company Voronezh Joint Stock Aircraft Company,経産省,有効,制裁リスト（経産省）
HOLD_LEGACY_NOT_IN_CURRENT,publicjointstockcompanyvympelinterstatecorporation,Public Joint Stock Company Vympel Interstate Corporation,OFAC;経産省;財務省,有効,制裁リスト（財務省：ロシア連邦(団体(特定銀行を除く))／経産省／OFAC：SDN）
HOLD_LEGACY_NOT_IN_CURRENT,pyongannamdo)taeanfriendshipglassfactory,"Taean Friendship Glass Factory, Pyongan Namdo )",経産省,有効,制裁リスト（経産省）
HOLD_LEGACY_NOT_IN_CURRENT,pyongyangcityconstructionbureau,Pyongyang City Construction Bureau,経産省,有効,制裁リスト（経産省）
HOLD_LEGACY_NOT_IN_CURRENT,pyongyanggomugongjang,Pyongyang Gomu Gongjang,経産省,有効,制裁リスト（経産省）
HOLD_LEGACY_NOT_IN_CURRENT,pyongyangmaternityhospital,Pyongyang Maternity Hospital,経産省,有効,制裁リスト（経産省）
HOLD_LEGACY_NOT_IN_CURRENT,pyongyangofficeneweastinternationaltradingltd.,"New East International Trading Ltd., Pyongyang Office",経産省,有効,制裁リスト（経産省）
HOLD_LEGACY_NOT_IN_CURRENT,pyongyangpubliclibrary,Pyongyang Public Library,経産省,有効,制裁リスト（経産省）
HOLD_LEGACY_NOT_IN_CURRENT,pyongyangroadconstructionoffice,Pyongyang Road Construction Office,経産省,有効,制裁リスト（経産省）
HOLD_LEGACY_NOT_IN_CURRENT,pyongyangtechnicaluniversity,Pyongyang Technical University,経産省,有効,制裁リスト（経産省）
HOLD_LEGACY_NOT_IN_CURRENT,pyongyangtelephoneexchange,Pyongyang Telephone Exchange,経産省,有効,制裁リスト（経産省）
HOLD_LEGACY_NOT_IN_CURRENT,pyongyangtradingcompany,Pyongyang Trading Company,経産省,有効,制裁リスト（経産省）
HOLD_LEGACY_NOT_IN_CURRENT,r.e.アレクセ-エフ水中翼船中央設計局,Ｒ．Ｅ．アレクセーエフ水中翼船中央設計局,経産省,有効,制裁リスト（経産省）
HOLD_LEGACY_NOT_IN_CURRENT,r.ye.alekseyevcentraldesignbureauforhydrofoilships,R.Ye. Alekseyev Central Design Bureau for Hydrofoil Ships,経産省,有効,制裁リスト（経産省）
HOLD_LEGACY_NOT_IN_CURRENT,"ra-haetradingco.,ltd.","RA-HAE Trading Co., Ltd.",経産省,有効,制裁リスト（経産省）
HOLD_LEGACY_NOT_IN_CURRENT,radioavtomati,Radioavtomati,経産省,有効,制裁リスト（経産省）
HOLD_LEGACY_NOT_IN_CURRENT,radiopribor,Radiopribor,経産省,有効,制裁リスト（経産省）
HOLD_LEGACY_NOT_IN_CURRENT,radiopriborsnabllc,Radiopriborsnab LLC,経産省,有効,制裁リスト（経産省）
HOLD_LEGACY_NOT_IN_CURRENT,radiosviaz,Radiosviaz,経産省,有効,制裁リスト（経産省）
HOLD_LEGACY_NOT_IN_CURRENT,radiotechnicalinstitutenamedaftera.l.mints,Radio Technical Institute named after A. L. Mints,経産省,有効,制裁リスト（経産省）
HOLD_LEGACY_NOT_IN_CURRENT,radiozavodjsc,Radiozavod JSC,経産省,有効,制裁リスト（経産省）
HOLD_LEGACY_NOT_IN_CURRENT,radugastateengineeringdesignbureaujscnamedaftera.y.bereznyak,Raduga State Engineering Design Bureau JSC named after A.Y. Bereznyak,OFAC;経産省,有効,制裁リスト（経産省／OFAC：SDN）
HOLD_LEGACY_NOT_IN_CURRENT,rakwon929importcorporation,Rakwon 929 Import Corporation,経産省,有効,制裁リスト（経産省）
HOLD_LEGACY_NOT_IN_CURRENT,ramenskyinstrument-engineeringplant,Ramensky Instrument- Engineering Plant,経産省,有効,制裁リスト（経産省）
HOLD_LEGACY_NOT_IN_CURRENT,ramenskyinstrumentengineeringplantconcernradio-electronictechnologies,"Concern Radio-Electronic Technologies, Ramensky Instrument Engineering Plant",経産省,有効,制裁リスト（経産省）
HOLD_LEGACY_NOT_IN_CURRENT,rapartservicesllc,Rapart Services LLC,経産省,有効,制裁リスト（経産省）
HOLD_LEGACY_NOT_IN_CURRENT,raybeamoptronicsco.ltd.,RAYBEAM OPTRONICS CO. LTD.,OFAC;経産省,有効,制裁リスト（経産省／OFAC：SDN）
HOLD_LEGACY_NOT_IN_CURRENT,razryadjsc,Razryad JSC,経産省,有効,制裁リスト（経産省）
HOLD_LEGACY_NOT_IN_CURRENT,razvedyvatelnyetekhnologiiooo,Razvedyvatelnye Tekhnologii OOO,経産省,有効,制裁リスト（経産省）
HOLD_LEGACY_NOT_IN_CURRENT,reconnaissancegeneralbureau(rgb),Reconnaissance General Bureau (RGB),経産省,有効,制裁リスト（経産省）
HOLD_LEGACY_NOT_IN_CURRENT,redhydraulicpress,Red Hydraulic Press,経産省,有効,制裁リスト（経産省）
HOLD_LEGACY_NOT_IN_CURRENT,relaytechnologybureaujsc,Relay Technology Bureau JSC,経産省,有効,制裁リスト（経産省）
HOLD_LEGACY_NOT_IN_CURRENT,researchandproductionassociationlightningjscnpomolniya,Research and Production Association Lightning JSC NPO Molniya,経産省,有効,制裁リスト（経産省）
HOLD_LEGACY_NOT_IN_CURRENT,researchcentermodule,Research Center Module,経産省,有効,制裁リスト（経産省）
HOLD_LEGACY_NOT_IN_CURRENT,"researchinstitute""gidpropridor",Research Institute “Gidpropridor”,経産省,有効,制裁リスト（経産省）
HOLD_LEGACY_NOT_IN_CURRENT,researchinstituteofmorteplotehniki,Research Institute of Morteplotehniki,経産省,有効,制裁リスト（経産省）
HOLD_LEGACY_NOT_IN_CURRENT,researchproductionassociationmars,Research Production Association Mars,経産省,有効,制裁リスト（経産省）
HOLD_LEGACY_NOT_IN_CURRENT,rezonit,Rezonit,OFAC;経産省,有効,制裁リスト（経産省／OFAC：SDN）
HOLD_LEGACY_NOT_IN_CURRENT,rfnc-vniief,RFNC-VNIIEF,経産省,有効,制裁リスト（経産省）
HOLD_LEGACY_NOT_IN_CURRENT,rgソリュ-ションズ有限会社,RGソリューションズ有限会社,経産省,有効,制裁リスト（経産省）
HOLD_LEGACY_NOT_IN_CURRENT,rgソリュ-ションズ有限会社rgsolutionslimited,RGソリューションズ有限会社 RG Solutions Limited,経産省,有効,制裁リスト（経産省）
HOLD_LEGACY_NOT_IN_CURRENT,rimyonghyok,Rim Yong Hyok,OFAC;経産省;財務省,有効,制裁リスト（財務省／経産省／OFAC：SDN）
HOLD_LEGACY_NOT_IN_CURRENT,rimyongsutradingcorporation,Rimyongsu Trading Corporation,経産省,有効,制裁リスト（経産省）
HOLD_LEGACY_NOT_IN_CURRENT,rkbglobustacticalmissilecorporation,"Tactical Missile Corporation, RKB Globus",経産省,有効,制裁リスト（経産省）
HOLD_LEGACY_NOT_IN_CURRENT,rmcip,RMCIP,経産省,有効,制裁リスト（経産省）
HOLD_LEGACY_NOT_IN_CURRENT,robintried,Robin Tried,経産省,有効,制裁リスト（経産省）
HOLD_LEGACY_NOT_IN_CURRENT,"rollupco.,ltd","Roll Up Co., Ltd",経産省,有効,制裁リスト（経産省）
HOLD_LEGACY_NOT_IN_CURRENT,rollupcoltd.,Roll Up Co Ltd.,経産省,有効,制裁リスト（経産省）
HOLD_LEGACY_NOT_IN_CURRENT,rossiskayafinansovayakorporatsiyaaktsionernoeobshchestvo,Rossiskaya Finansovaya Korporatsiya Aktsionernoe Obshchestvo,経産省,有効,制裁リスト（経産省）
HOLD_LEGACY_NOT_IN_CURRENT,rosstandart,Rosstandart,経産省,有効,制裁リスト（経産省）
HOLD_LEGACY_NOT_IN_CURRENT,rostekh-azimuth,Rostekh – Azimuth,経産省,有効,制裁リスト（経産省）
HOLD_LEGACY_NOT_IN_CURRENT,rpamars,RPA Mars,経産省,有効,制裁リスト（経産省）
HOLD_LEGACY_NOT_IN_CURRENT,rpaマ-ス,RPAマース,経産省,有効,制裁リスト（経産省）
HOLD_LEGACY_NOT_IN_CURRENT,rskmig支部、p.a.ヴォロ-ニン名称ルホヴィツィ航空工場,RSK MiG支部、 P.A.ヴォローニン名称ルホヴィツィ航空工場,経産省,有効,制裁リスト（経産省）
HOLD_LEGACY_NOT_IN_CURRENT,rskmig支部、カリャジン機械製造工場,RSK MiG支部、カリャジン機械製造工場,経産省,有効,制裁リスト（経産省）
HOLD_LEGACY_NOT_IN_CURRENT,rskmig支部、ニジニ・ノヴゴロド航空機製造工場ソコル,RSK MiG支部、ニジニ・ノヴゴロド航空機製造工場ソコル,経産省,有効,制裁リスト（経産省）
HOLD_LEGACY_NOT_IN_CURRENT,rt-informlimitedliabilitycompany,RT-INFORM LIMITED LIABILITY COMPANY,OFAC;経産省,有効,制裁リスト（経産省／OFAC：Consolidated、SDN）
HOLD_LEGACY_NOT_IN_CURRENT,rubinseverao,Rubin Sever AO,経産省,有効,制裁リスト（経産省）
HOLD_LEGACY_NOT_IN_CURRENT,rubinseverdesignbureau,Rubin Sever Design Bureau,経産省,有効,制裁リスト（経産省）
HOLD_LEGACY_NOT_IN_CURRENT,ruienketechnologycoltd.,Rui En Ke Technology Co Ltd.,経産省,有効,制裁リスト（経産省）
HOLD_LEGACY_NOT_IN_CURRENT,ruienkootechnologycolimited,RUI EN KOO TECHNOLOGY CO LIMITED,OFAC;経産省,有効,制裁リスト（経産省／OFAC：SDN）
HOLD_LEGACY_NOT_IN_CURRENT,russianacademyofsciencesscientificresearchinstituteofsystemanalysis,"Scientific Research Institute of System Analysis, Russian Academy of Sciences",経産省,有効,制裁リスト（経産省）
HOLD_LEGACY_NOT_IN_CURRENT,russianfederalnuclearcenter-allrussianresearchinstituteofexperimentalphysics,Russian Federal Nuclear Center – All Russian Research Institute of ExperimentalPhysics,経産省,有効,制裁リスト（経産省）
HOLD_LEGACY_NOT_IN_CURRENT,russianfederation)gru(maindirectorateofthegeneralstaff,"GRU (Main Directorate of the General Staff, Russian Federation)",経産省,有効,制裁リスト（経産省）
HOLD_LEGACY_NOT_IN_CURRENT,russianspacesystems(rks),Russian Space Systems (RKS),経産省,有効,制裁リスト（経産省）
HOLD_LEGACY_NOT_IN_CURRENT,ryazanplantofceramicdevices,Ryazan Plant of Ceramic Devices,経産省,有効,制裁リスト（経産省）
HOLD_LEGACY_NOT_IN_CURRENT,ryazanradio-plant,Ryazan Radio-Plant,経産省,有効,制裁リスト（経産省）
HOLD_LEGACY_NOT_IN_CURRENT,rybinskshipyardengineering,Rybinsk Shipyard Engineering,経産省,有効,制裁リスト（経産省）
HOLD_LEGACY_NOT_IN_CURRENT,rychag,Rychag,経産省,有効,制裁リスト（経産省）
HOLD_LEGACY_NOT_IN_CURRENT,s.a.チャプリギン名称シベリア航空科学研究所,Ｓ．Ａ．チャプリギン名称シベリア航空科学研究所,経産省,有効,制裁リスト（経産省）
HOLD_LEGACY_NOT_IN_CURRENT,s.a.ラヴォチキン名称学術生産団体,S.A.ラヴォチキン名称学術生産団体,経産省,有効,制裁リスト（経産省）
HOLD_LEGACY_NOT_IN_CURRENT,s.a.ラヴォチキン学術生産団体,S.A.ラヴォチキン学術生産団体,経産省;財務省,有効,制裁リスト（財務省：ロシア連邦(団体(特定銀行を除く))／経産省）
HOLD_LEGACY_NOT_IN_CURRENT,salutegasturbineresearchandproductioncenter,Salute Gas Turbine Research and Production Center,経産省,有効,制裁リスト（経産省）
HOLD_LEGACY_NOT_IN_CURRENT,"salyut,pao","Salyut, PAO",経産省,有効,制裁リスト（経産省）
HOLD_LEGACY_NOT_IN_CURRENT,samhungcorporation,Samhung Corporation,経産省,有効,制裁リスト（経産省）
HOLD_LEGACY_NOT_IN_CURRENT,"sankt-peterburgskoemorskoebyuromashinostroeniyamalakhit,pao","Sankt-Peterburgskoe Morskoe Byuro Mashinostroeniya Malakhit, PAO",経産省,有効,制裁リスト（経産省）
HOLD_LEGACY_NOT_IN_CURRENT,scientific-productionassociationandscientific-researchinstituteofradio-components,Scientific-Production Association and Scientific-Research Institute of Radio-Components,経産省,有効,制裁リスト（経産省）
HOLD_LEGACY_NOT_IN_CURRENT,scientific-productionassociationvintofzvezdochkashipyard,Scientific-Production Association Vint of Zvezdochka Shipyard,経産省,有効,制裁リスト（経産省）
HOLD_LEGACY_NOT_IN_CURRENT,"scientific-productionenterprise""kant",Scientific-Production Enterprise “Kant”,経産省,有効,制裁リスト（経産省）
HOLD_LEGACY_NOT_IN_CURRENT,"scientific-productionenterprise""svyaz",Scientific-Production Enterprise “Svyaz”,経産省,有効,制裁リスト（経産省）
HOLD_LEGACY_NOT_IN_CURRENT,scientific-productionenterprisealmazjsc,Scientific-Production Enterprise Almaz JSC,経産省,有効,制裁リスト（経産省）
HOLD_LEGACY_NOT_IN_CURRENT,scientific-productionenterprisesalyutjsc,Scientific-Production Enterprise Salyut JSC,経産省,有効,制裁リスト（経産省）
HOLD_LEGACY_NOT_IN_CURRENT,scientific-productionenterprisevoln,Scientific-Production Enterprise Voln,経産省,有効,制裁リスト（経産省）
HOLD_LEGACY_NOT_IN_CURRENT,scientific-productionenterprisevostokjsc,Scientific-Production Enterprise Vostok JSC,経産省,有効,制裁リスト（経産省）
HOLD_LEGACY_NOT_IN_CURRENT,"scientific-researchinstitute""argon",Scientific-Research Institute “Argon”,経産省,有効,制裁リスト（経産省）
HOLD_LEGACY_NOT_IN_CURRENT,scientific-researchinstituteandfactoryplatan,Scientific-Research Institute and Factory Platan,経産省,有効,制裁リスト（経産省）
HOLD_LEGACY_NOT_IN_CURRENT,scientific-researchinstituteofautomatedsystemsandcommunicationscomplexesneptunejsc,Scientific-Research Institute of Automated Systems and Communications Complexes Neptune JSC,経産省,有効,制裁リスト（経産省）
HOLD_LEGACY_NOT_IN_CURRENT,scientific-researchinstituteofelectronics(niiet),Scientific-Research Institute of Electronics (NIIET),経産省,有効,制裁リスト（経産省）
HOLD_LEGACY_NOT_IN_CURRENT,scientific-technicalcenterelins,Scientific-Technical Center Elins,経産省,有効,制裁リスト（経産省）
HOLD_LEGACY_NOT_IN_CURRENT,scientificandresearchinstituteofprecisionmechanicalengineering,Scientific and Research Institute of Precision Mechanical Engineering,経産省,有効,制裁リスト（経産省）
HOLD_LEGACY_NOT_IN_CURRENT,scientificproductioncenterelvis,Scientific Production Center Elvis,経産省,有効,制裁リスト（経産省）
HOLD_LEGACY_NOT_IN_CURRENT,scientificproductioncentervigstarjsc,Scientific Production Center Vigstar JSC,経産省,有効,制裁リスト（経産省）
HOLD_LEGACY_NOT_IN_CURRENT,scientificproductioncompanyoptolin,Scientific Production Company Optolin,経産省,有効,制裁リスト（経産省）
HOLD_LEGACY_NOT_IN_CURRENT,"scientificproductionenterprise""radiosviaz",Scientific Production Enterprise “Radiosviaz”,経産省,有効,制裁リスト（経産省）
HOLD_LEGACY_NOT_IN_CURRENT,scientificresearchinstituteferrite-domen,Scientific Research Institute Ferrite-Domen,経産省,有効,制裁リスト（経産省）
HOLD_LEGACY_NOT_IN_CURRENT,scientificresearchinstituteformechanicalengineeringjsc,Scientific Research Institute for Mechanical Engineering JSC,経産省,有効,制裁リスト（経産省）
HOLD_LEGACY_NOT_IN_CURRENT,scientificresearchinstituteniisubmikron,Scientific Research Institute NII Submikron,経産省,有効,制裁リスト（経産省）
HOLD_LEGACY_NOT_IN_CURRENT,scientificresearchinstituteofappliedchemistry,Scientific Research Institute of Applied Chemistry,経産省,有効,制裁リスト（経産省）
HOLD_LEGACY_NOT_IN_CURRENT,scientificresearchinstituteofcommunicationmanagementsystems,Scientific Research Institute of Communication Management Systems,経産省,有効,制裁リスト（経産省）
HOLD_LEGACY_NOT_IN_CURRENT,scientificresearchinstituteofhypersonicsystems,Scientific Research Institute of Hypersonic Systems,経産省,有効,制裁リスト（経産省）
HOLD_LEGACY_NOT_IN_CURRENT,scientificresearchinstituteofsteel,Scientific Research Institute of Steel,経産省,有効,制裁リスト（経産省）
HOLD_LEGACY_NOT_IN_CURRENT,scniptbonega,SC NIPTB Onega,経産省,有効,制裁リスト（経産省）
HOLD_LEGACY_NOT_IN_CURRENT,scniptbオネガ,SC NIPTBオネガ,経産省,有効,制裁リスト（経産省）
HOLD_LEGACY_NOT_IN_CURRENT,secondacademyofnaturalsciences,SECOND ACADEMY OF NATURAL SCIENCES,OFAC;経産省;財務省,有効,制裁リスト（財務省：北朝鮮(決議1718号等；団体)／経産省／OFAC：SDN）
HOLD_LEGACY_NOT_IN_CURRENT,sedakovresearchinstituteofmeasuringsystems,Sedakov Research Institute of Measuring Systems,経産省,有効,制裁リスト（経産省）
HOLD_LEGACY_NOT_IN_CURRENT,sergeipetrov,Sergei Petrov,経産省;財務省,有効,制裁リスト（財務省：ロシア連邦(個人)／経産省）
HOLD_LEGACY_NOT_IN_CURRENT,sergeyionov,Sergey IONOV,経産省,有効,制裁リスト（経産省）
HOLD_LEGACY_NOT_IN_CURRENT,sernia,Sernia,経産省,有効,制裁リスト（経産省）
HOLD_LEGACY_NOT_IN_CURRENT,serniya,Serniya,経産省,有効,制裁リスト（経産省）
HOLD_LEGACY_NOT_IN_CURRENT,serniyaengineering,Serniya Engineering,経産省,有効,制裁リスト（経産省）
HOLD_LEGACY_NOT_IN_CURRENT,sertalllc,Sertal LLC,経産省,有効,制裁リスト（経産省）
HOLD_LEGACY_NOT_IN_CURRENT,set-1jsc,Set-1 JSC,経産省,有効,制裁リスト（経産省）
HOLD_LEGACY_NOT_IN_CURRENT,severnayaverfshipbuildingfactory,Severnaya Verf Shipbuilding Factory,経産省,有効,制裁リスト（経産省）
HOLD_LEGACY_NOT_IN_CURRENT,severniypressjsc,Severniy press JSC,経産省,有効,制裁リスト（経産省）
HOLD_LEGACY_NOT_IN_CURRENT,"shaanxiheavydutyautomobileco.,ltd","Shaanxi Heavy Duty Automobile Co., Ltd",経産省,有効,制裁リスト（経産省）
HOLD_LEGACY_NOT_IN_CURRENT,shahidhassanbagheriindustrialfactoriesgroup(shbifg),Shahid Hassan Bagheri Industrial Factories Group (SHBIFG),経産省,有効,制裁リスト（経産省）
HOLD_LEGACY_NOT_IN_CURRENT,shahidmovaheddaneshgroup,Shahid Movahed Danesh Group,OFAC;経産省,有効,制裁リスト（経産省／OFAC：SDN）
HOLD_LEGACY_NOT_IN_CURRENT,shanghaiacademyofspaceflighttechnology(sast),Shanghai Academy of Spaceflight Technology (SAST),経産省,有効,制裁リスト（経産省）
HOLD_LEGACY_NOT_IN_CURRENT,shanghaiaircraftmanufacturingcompany,Shanghai Aircraft Manufacturing Company,経産省,有効,制裁リスト（経産省）
HOLD_LEGACY_NOT_IN_CURRENT,shanghaigangquantradeco.,SHANGHAI GANG QUAN TRADE CO.,OFAC;経産省,有効,制裁リスト（経産省／OFAC：SDN）
HOLD_LEGACY_NOT_IN_CURRENT,shanghaiinstituteofspacepowersources,Shanghai Institute of Space Power Sources,経産省,有効,制裁リスト（経産省）
HOLD_LEGACY_NOT_IN_CURRENT,"shanghaipeople'sinnovationindustrialco.,ltd.","SHANGHAI PEOPLE'S INNOVATION INDUSTRIAL CO., LTD.",経産省,有効,制裁リスト（経産省）
HOLD_LEGACY_NOT_IN_CURRENT,"shanghaitianhaicompositecylindersco.,ltd.","Shanghai Tianhai Composite Cylinders Co., Ltd.",経産省,有効,制裁リスト（経産省）
HOLD_LEGACY_NOT_IN_CURRENT,"shanghaixinlimachinefactoryco.,ltd","Shanghai Xinli Machine Factory Co., Ltd",経産省,有効,制裁リスト（経産省）
HOLD_LEGACY_NOT_IN_CURRENT,"shenzhenbiguangtradingco.,ltd","SHENZHEN BIGUANG TRADING CO., LTD",OFAC;経産省,有効,制裁リスト（経産省／OFAC：SDN）
HOLD_LEGACY_NOT_IN_CURRENT,shenzhenbiguangtradingco.ltd,Shenzhen Biguang Trading Co. Ltd,経産省,有効,制裁リスト（経産省）
HOLD_LEGACY_NOT_IN_CURRENT,"shenzhenwuligaokeinnovationscienceandtechnologyco.,ltd","Shenzhen Wu Li Gao Ke Innovation Science and Technology Co., Ltd",OFAC;経産省,有効,制裁リスト（経産省／OFAC：SDN）
HOLD_LEGACY_NOT_IN_CURRENT,shinhungtrading,Shinhung Trading,経産省,有効,制裁リスト（経産省）
HOLD_LEGACY_NOT_IN_CURRENT,shipmaintenancecenterzvezdoch,Ship Maintenance Center Zvezdoch,経産省,有効,制裁リスト（経産省）
HOLD_LEGACY_NOT_IN_CURRENT,sho'a'aviation,SHO’A ’AVIATION,経産省;財務省,有効,制裁リスト（財務省：イラン(団体)／経産省）
HOLD_LEGACY_NOT_IN_CURRENT,shunjielectriniceco.ltd,Shunji Electrinice Co. Ltd,経産省,有効,制裁リスト（経産省）
HOLD_LEGACY_NOT_IN_CURRENT,shvabe,Shvabe,経産省,有効,制裁リスト（経産省）
HOLD_LEGACY_NOT_IN_CURRENT,shvabejsc,Shvabe JSC,経産省,有効,制裁リスト（経産省）
HOLD_LEGACY_NOT_IN_CURRENT,si2microsystemsprivatelimited,Si2 Microsystems Private Limited,経産省,有効,制裁リスト（経産省）
HOLD_LEGACY_NOT_IN_CURRENT,si2microsystemspvtltd,Si2 Microsystems Pvt Ltd,経産省,有効,制裁リスト（経産省）
HOLD_LEGACY_NOT_IN_CURRENT,si2マイクロシステムズ有限会社,Si2マイクロシステムズ有限会社,経産省,有効,制裁リスト（経産省）
HOLD_LEGACY_NOT_IN_CURRENT,siberianbranchofrussianacademyofsciencesrzhanovinstituteofsemiconductorphysics,"Rzhanov Institute of Semiconductor Physics, Siberian Branch of Russian Academy of Sciences",経産省,有効,制裁リスト（経産省）
HOLD_LEGACY_NOT_IN_CURRENT,siberianscientific-researchinstituteofaviationn.a.s.a.chaplygin,Siberian Scientific-Research Institute of Aviation N.A. S.A. Chaplygin,経産省,有効,制裁リスト（経産省）
HOLD_LEGACY_NOT_IN_CURRENT,sibnia,SibNIA,経産省,有効,制裁リスト（経産省）
HOLD_LEGACY_NOT_IN_CURRENT,signalradioplant,Signal Radio Plant,経産省,有効,制裁リスト（経産省）
HOLD_LEGACY_NOT_IN_CURRENT,skbsamidvoran,SKB SAMI DVO RAN,経産省,有効,制裁リスト（経産省）
HOLD_LEGACY_NOT_IN_CURRENT,skolkovskiyinstitutnaukiitekhnologii,Skolkovskiy Institut Nauki I Tekhnologii,経産省,有効,制裁リスト（経産省）
HOLD_LEGACY_NOT_IN_CURRENT,skselektronbrokerllc,SKS Elektron Broker LLC,経産省,有効,制裁リスト（経産省）
HOLD_LEGACY_NOT_IN_CURRENT,smarttradingtasimaciliksanveticltdsti,Smart Trading Tasimacilik San Ve Tic Ltd Sti,経産省,有効,制裁リスト（経産省）
HOLD_LEGACY_NOT_IN_CURRENT,smarttradingtasimaciliksanveticltdsti.,Smart Trading Tasimacilik San Ve Tic Ltd Sti.,経産省,有効,制裁リスト（経産省）
HOLD_LEGACY_NOT_IN_CURRENT,smarttradingtransportationindustryandtradelimitedcompany,Smart Trading Transportation Industry and Trade Limited Company,OFAC;経産省,有効,制裁リスト（経産省／OFAC：SDN）
HOLD_LEGACY_NOT_IN_CURRENT,smctechnologicalcenter,SMC Technological Center,経産省,有効,制裁リスト（経産省）
HOLD_LEGACY_NOT_IN_CURRENT,smolenskaviationplanttacticalmissilecorporation,"Tactical Missile Corporation, Smolensk Aviation Plant",経産省,有効,制裁リスト（経産省）
HOLD_LEGACY_NOT_IN_CURRENT,smtilogicllc,SMT iLogic LLC,経産省,有効,制裁リスト（経産省）
HOLD_LEGACY_NOT_IN_CURRENT,smtアイロギク,SMTアイロギク,経産省,有効,制裁リスト（経産省）
HOLD_LEGACY_NOT_IN_CURRENT,smtアイロギク有限会社,SMT アイロギク有限会社,経産省;財務省,有効,制裁リスト（財務省：ロシア連邦(団体(特定銀行を除く))／経産省）
HOLD_LEGACY_NOT_IN_CURRENT,smtアイロジック,SMTアイロジック,経産省,有効,制裁リスト（経産省）
HOLD_LEGACY_NOT_IN_CURRENT,smtアイロジック有限会社,SMTアイロジック有限会社,経産省,有効,制裁リスト（経産省）
HOLD_LEGACY_NOT_IN_CURRENT,snpoエレロン,SNPO エレロン,経産省,有効,制裁リスト（経産省）
HOLD_LEGACY_NOT_IN_CURRENT,sobaekuunitedcorp.,Sobaeku United Corp.,経産省,有効,制裁リスト（経産省）
HOLD_LEGACY_NOT_IN_CURRENT,softwareresearchinstitute,Software Research Institute,経産省,有効,制裁リスト（経産省）
HOLD_LEGACY_NOT_IN_CURRENT,sosongfoodfactory,Sosong Food Factory,経産省,有効,制裁リスト（経産省）
HOLD_LEGACY_NOT_IN_CURRENT,soyuzpao,Soyuz PAO,経産省,有効,制裁リスト（経産省）
HOLD_LEGACY_NOT_IN_CURRENT,spacety,SpaceTy,経産省,有効,制裁リスト（経産省）
HOLD_LEGACY_NOT_IN_CURRENT,spacetychina,Spacety China,経産省,有効,制裁リスト（経産省）
HOLD_LEGACY_NOT_IN_CURRENT,"spacetyco.,ltd","Spacety Co., Ltd",経産省,有効,制裁リスト（経産省）
HOLD_LEGACY_NOT_IN_CURRENT,spacetyco.ltd,Spacety Co. Ltd,OFAC;経産省,有効,制裁リスト（経産省／OFAC：SDN）
HOLD_LEGACY_NOT_IN_CURRENT,sparcテクノロジ-・モスクワ・センタ-,SPARCテクノロジー・モスクワ・センター,経産省,有効,制裁リスト（経産省）
HOLD_LEGACY_NOT_IN_CURRENT,spcオプトリンク,SPC オプトリンク,経産省,有効,制裁リスト（経産省）
HOLD_LEGACY_NOT_IN_CURRENT,specialdesignandtechnicalbureauforrelaytechnology,Special Design and Technical Bureau for Relay Technology,経産省,有効,制裁リスト（経産省）
HOLD_LEGACY_NOT_IN_CURRENT,specialdesignbureausalutejsc,Special Design Bureau Salute JSC,経産省,有効,制裁リスト（経産省）
HOLD_LEGACY_NOT_IN_CURRENT,specialindustriesgroup(sig),SPECIAL INDUSTRIES GROUP (SIG),経産省,有効,制裁リスト（経産省）
HOLD_LEGACY_NOT_IN_CURRENT,specialresearchbureauforautomationofmarineresearchesfareastbranchrussianacademyofsciences,Special Research Bureau for Automation of Marine Researches Far East Branch Russian Academy of Sciences,経産省,有効,制裁リスト（経産省）
HOLD_LEGACY_NOT_IN_CURRENT,specialtechnologicalcenterllc,Special Technological Center LLC,経産省,有効,制裁リスト（経産省）
HOLD_LEGACY_NOT_IN_CURRENT,spelllc.,Spel LLC.,経産省,有効,制裁リスト（経産省）
HOLD_LEGACY_NOT_IN_CURRENT,spera,SP Era,経産省,有効,制裁リスト（経産省）
HOLD_LEGACY_NOT_IN_CURRENT,speプリサル,SPEプリサル,経産省,有効,制裁リスト（経産省）
HOLD_LEGACY_NOT_IN_CURRENT,spkvant,SP Kvant,経産省,有効,制裁リスト（経産省）
HOLD_LEGACY_NOT_IN_CURRENT,spmbmマラカイト,SPMBMマラカイト,経産省,有効,制裁リスト（経産省）
HOLD_LEGACY_NOT_IN_CURRENT,sptbzvezdochka,SPTB Zvezdochka,経産省,有効,制裁リスト（経産省）
HOLD_LEGACY_NOT_IN_CURRENT,sptbズヴョ-ズダチカ,SPTBズヴョーズダチカ,経産省,有効,制裁リスト（経産省）
HOLD_LEGACY_NOT_IN_CURRENT,spuvint,SPU Vint,経産省,有効,制裁リスト（経産省）
HOLD_LEGACY_NOT_IN_CURRENT,spuヴィント,SPUヴィント,経産省,有効,制裁リスト（経産省）
HOLD_LEGACY_NOT_IN_CURRENT,spエラ,SPエラ,経産省,有効,制裁リスト（経産省）
HOLD_LEGACY_NOT_IN_CURRENT,srznerpa,SRZ Nerpa,経産省,有効,制裁リスト（経産省）
HOLD_LEGACY_NOT_IN_CURRENT,srzネルパ,SRZネルパ,経産省,有効,制裁リスト（経産省）
HOLD_LEGACY_NOT_IN_CURRENT,st.petersburgnavaldesignbureaualmaz,St. Petersburg Naval Design Bureau Almaz,経産省,有効,制裁リスト（経産省）
HOLD_LEGACY_NOT_IN_CURRENT,st.petersburgshipbuildinginstitutionkrylov,St. Petersburg Shipbuilding Institution Krylov,経産省,有効,制裁リスト（経産省）
HOLD_LEGACY_NOT_IN_CURRENT,stararrow,Star Arrow,経産省,有効,制裁リスト（経産省）
HOLD_LEGACY_NOT_IN_CURRENT,state-ownedforeigntradeunitaryenterprisebelspetsvneshtechnika,State-Owned Foreign Trade Unitary Enterprise Belspetsvneshtechnika,経産省,有効,制裁リスト（経産省）
HOLD_LEGACY_NOT_IN_CURRENT,stateflighttestingcenternamedafterv.p.chkalov,STATE FLIGHT TESTING CENTER NAMED AFTER V.P. CHKALOV,OFAC;経産省,有効,制裁リスト（経産省／OFAC：SDN）
HOLD_LEGACY_NOT_IN_CURRENT,stategovernmentalscientifictestingareaofaircraftsystems(gknipas),State Governmental Scientific Testing Area of Aircraft Systems (GkNIPAS),経産省,有効,制裁リスト（経産省）
HOLD_LEGACY_NOT_IN_CURRENT,statephysicsn.a.yu.a.osipyanoftherussianacademyofsciences,State Physics N.A. Yu. A. Osipyan of the Russian Academy of Sciences,経産省,有効,制裁リスト（経産省）
HOLD_LEGACY_NOT_IN_CURRENT,stateresearchcenteroftherussianfederationfgupcentralscientificresearch,State Research Center of the Russian Federation FGUP Central Scientific Research,経産省,有効,制裁リスト（経産省）
HOLD_LEGACY_NOT_IN_CURRENT,stateresearchinstituteofmechanicalengineering,State Research Institute of Mechanical Engineering,経産省,有効,制裁リスト（経産省）
HOLD_LEGACY_NOT_IN_CURRENT,statescientificcenteraogntsrf-feia.i.leypunskiyphysico-energyinstitute,State Scientific Center AO GNTs RF – FEI A.I. Leypunskiy Physico-Energy Institute,経産省,有効,制裁リスト（経産省）
HOLD_LEGACY_NOT_IN_CURRENT,statesecuritycommitteeoftherepublicofbelarus,STATE SECURITY COMMITTEE OF THE REPUBLIC OF BELARUS,OFAC;経産省,有効,制裁リスト（経産省／OFAC：SDN）
HOLD_LEGACY_NOT_IN_CURRENT,statesecuritycommitteeoftherepublicofbelarus(kgbrb),State Security Committee of the Republic of Belarus (KGB RB),経産省,有効,制裁リスト（経産省）
HOLD_LEGACY_NOT_IN_CURRENT,stautcoltd,Staut Co Ltd,OFAC;経産省,有効,制裁リスト（経産省／OFAC：SDN）
HOLD_LEGACY_NOT_IN_CURRENT,stautcoltd.,Staut CO LTD.,経産省,有効,制裁リスト（経産省）
HOLD_LEGACY_NOT_IN_CURRENT,stautcompanylimited,Staut Company Limited,OFAC;経産省,有効,制裁リスト（経産省／OFAC：SDN）
HOLD_LEGACY_NOT_IN_CURRENT,stautdesigncenter,Staut Design Center,OFAC;経産省,有効,制裁リスト（経産省／OFAC：SDN）
HOLD_LEGACY_NOT_IN_CURRENT,strahanskyshipyard,Strahansky Shipyard,経産省,有効,制裁リスト（経産省）
HOLD_LEGACY_NOT_IN_CURRENT,strategiccontrolpostscorporation,Strategic Control Posts Corporation,経産省,有効,制裁リスト（経産省）
HOLD_LEGACY_NOT_IN_CURRENT,strelaproductionassociationjsc,Strela Production Association JSC,経産省,有効,制裁リスト（経産省）
HOLD_LEGACY_NOT_IN_CURRENT,streloiekommerts,Streloi Ekommerts,OFAC;経産省,有効,制裁リスト（経産省／OFAC：SDN）
HOLD_LEGACY_NOT_IN_CURRENT,streloyecommerce,Streloy ECommerce,OFAC;経産省,有効,制裁リスト（経産省／OFAC：SDN）
HOLD_LEGACY_NOT_IN_CURRENT,streloyecommerce.,Streloy Ecommerce .,経産省,有効,制裁リスト（経産省）
HOLD_LEGACY_NOT_IN_CURRENT,stroytreydllc,Stroytreyd LLC,OFAC;経産省;財務省,有効,制裁リスト（財務省：ロシア連邦(団体(特定銀行を除く))／経産省／OFAC：SDN）
HOLD_LEGACY_NOT_IN_CURRENT,sukhoicivilaircraft,Sukhoi Civil Aircraft,経産省,有効,制裁リスト（経産省）
HOLD_LEGACY_NOT_IN_CURRENT,sunchoncementfactory,Sunchon Cement Factory,経産省,有効,制裁リスト（経産省）
HOLD_LEGACY_NOT_IN_CURRENT,sunhwagangco.ltd.,Sun Hwa Gang Co. Ltd.,経産省,有効,制裁リスト（経産省）
HOLD_LEGACY_NOT_IN_CURRENT,"sunwaytechco.,ltd","SUNWAY TECH CO., LTD",OFAC;経産省,有効,制裁リスト（経産省／OFAC：SDN）
HOLD_LEGACY_NOT_IN_CURRENT,superchip(hk)limited,Superchip (HK) Limited,経産省,有効,制裁リスト（経産省）
HOLD_LEGACY_NOT_IN_CURRENT,superchiphklimited.,Superchip HK Limited.,経産省,有効,制裁リスト（経産省）
HOLD_LEGACY_NOT_IN_CURRENT,superchiplimited,Superchip Limited,OFAC;経産省,有効,制裁リスト（経産省／OFAC：SDN）
HOLD_LEGACY_NOT_IN_CURRENT,superchipltd,Superchip Ltd,経産省,有効,制裁リスト（経産省）
HOLD_LEGACY_NOT_IN_CURRENT,sustainableelectronicsdevelopmentcompany,Sustainable Electronics Development Company,OFAC;経産省,有効,制裁リスト（経産省／OFAC：SDN）
HOLD_LEGACY_NOT_IN_CURRENT,"suzhoua-onespecialalloyco.,ltd.","SUZHOU A-ONE SPECIAL ALLOY CO., LTD.",経産省,有効,制裁リスト（経産省）
HOLD_LEGACY_NOT_IN_CURRENT,svr(foreignintelligenceserviceofrussia),SVR (Foreign Intelligence Service of Russia),経産省,有効,制裁リスト（経産省）
HOLD_LEGACY_NOT_IN_CURRENT,svyaz,Svyaz,経産省,有効,制裁リスト（経産省）
HOLD_LEGACY_NOT_IN_CURRENT,svyazengineering,Svyaz Engineering,経産省,有効,制裁リスト（経産省）
HOLD_LEGACY_NOT_IN_CURRENT,"tacticalmissilecorporation,711aircraftrepairplant(711arz),","Tactical Missile Corporation, 711 Aircraft Repair Plant (711 ARZ),",経産省,有効,制裁リスト（経産省）
HOLD_LEGACY_NOT_IN_CURRENT,"tacticalmissilecorporation,concern""mpo-gidropribor","Tactical Missile Corporation, Concern “MPO—Gidropribor”",経産省,有効,制裁リスト（経産省）
HOLD_LEGACY_NOT_IN_CURRENT,"tacticalmissilecorporation,jointstockcompany""scientificresearchinstituteofmarineheatengineering","Tactical Missile Corporation, Joint Stock Company “Scientific Research Institute of Marine Heat Engineering”",経産省,有効,制裁リスト（経産省）
HOLD_LEGACY_NOT_IN_CURRENT,"tacticalmissilecorporation,petrovskyelectromechanicalplant""molot"",","Tactical Missile Corporation, Petrovsky Electromechanical Plant “Molot”,",経産省,有効,制裁リスト（経産省）
HOLD_LEGACY_NOT_IN_CURRENT,"tacticalmissilecorporationjsc""krasnygidropress",Tactical Missile Corporation JSC “KRASNY GIDROPRESS”,経産省,有効,制裁リスト（経産省）
HOLD_LEGACY_NOT_IN_CURRENT,taeanelectricfactory,Taean Electric Factory,経産省,有効,制裁リスト（経産省）
HOLD_LEGACY_NOT_IN_CURRENT,taeanheavymachinerycomplex,Taean Heavy Machinery Complex,経産省,有効,制裁リスト（経産省）
HOLD_LEGACY_NOT_IN_CURRENT,taganrogkrasnyygidropressplan,Taganrog Krasnyy Gidropress Plan,経産省,有効,制裁リスト（経産省）
HOLD_LEGACY_NOT_IN_CURRENT,"tambovplant(tz)""october",Tambov Plant (TZ) “October”,経産省,有効,制裁リスト（経産省）
HOLD_LEGACY_NOT_IN_CURRENT,tambovplant(tz)octoberjsc,Tambov Plant (TZ) October JSC,経産省,有効,制裁リスト（経産省）
HOLD_LEGACY_NOT_IN_CURRENT,tdpromelektronikallc,TD Promelektronika LLC,経産省,有効,制裁リスト（経産省）
HOLD_LEGACY_NOT_IN_CURRENT,techpribor,Techpribor,経産省,有効,制裁リスト（経産省）
HOLD_LEGACY_NOT_IN_CURRENT,testprecisionllc,Testprecision LLC,経産省,有効,制裁リスト（経産省）
HOLD_LEGACY_NOT_IN_CURRENT,thaiithardware,Thai IT Hardware,経産省,有効,制裁リスト（経産省）
HOLD_LEGACY_NOT_IN_CURRENT,"thaiithardwareco.,ltd","Thai IT Hardware Co., Ltd",経産省,有効,制裁リスト（経産省）
HOLD_LEGACY_NOT_IN_CURRENT,thaiithardwarecoltd,Thai IT Hardware Co Ltd,経産省,有効,制裁リスト（経産省）
HOLD_LEGACY_NOT_IN_CURRENT,thebelarusianopticalandmechanicalassociation,The Belarusian Optical and Mechanical Association,経産省,有効,制裁リスト（経産省）
HOLD_LEGACY_NOT_IN_CURRENT,thefollowingfivealiases:-federalstateunitaryenterprisenppgamma,the following five aliases: -Federal State Unitary Enterprise NPP Gamma,経産省,有効,制裁リスト（経産省）
HOLD_LEGACY_NOT_IN_CURRENT,thefollowingtwoaliases:-ooochipdevais,the following two aliases: -OOO Chipdevais,経産省,有効,制裁リスト（経産省）
HOLD_LEGACY_NOT_IN_CURRENT,theministryofdefenceoftherepublicofbelarus,The Ministry of Defence of the Republic of Belarus,経産省,有効,制裁リスト（経産省）
HOLD_LEGACY_NOT_IN_CURRENT,thestatesecuritycommitteealpha,The State Security Committee Alpha,経産省,有効,制裁リスト（経産省）
HOLD_LEGACY_NOT_IN_CURRENT,"tianniaohightechnologyco.,ltd.","Tianniao High Technology Co., Ltd.",経産省,有効,制裁リスト（経産省）
HOLD_LEGACY_NOT_IN_CURRENT,timerbankao,Timer Bank AO,経産省,有効,制裁リスト（経産省）
HOLD_LEGACY_NOT_IN_CURRENT,timerbankcoltd,Timer Bank CO LTD,経産省,有効,制裁リスト（経産省）
HOLD_LEGACY_NOT_IN_CURRENT,timerbankjoint-stockcompany,Timer Bank Joint-Stock Company,OFAC;経産省;財務省,有効,制裁リスト（財務省：ロシア連邦(特定銀行)／経産省／OFAC：SDN）
HOLD_LEGACY_NOT_IN_CURRENT,tniis,TNIIS,経産省,有効,制裁リスト（経産省）
HOLD_LEGACY_NOT_IN_CURRENT,tomskmicrowaveandphotonicintegratedcircuitsandmodulescollectivedesigncenter,Tomsk Microwave and Photonic Integrated Circuits and Modules Collective Design Center,経産省,有効,制裁リスト（経産省）
HOLD_LEGACY_NOT_IN_CURRENT,tooelemgroup,TOO Elem Group,経産省,有効,制裁リスト（経産省）
HOLD_LEGACY_NOT_IN_CURRENT,tordanindustry,Tordan Industry,経産省,有効,制裁リスト（経産省）
HOLD_LEGACY_NOT_IN_CURRENT,tordanindustrylimited,TORDAN INDUSTRY LIMITED,OFAC;経産省,有効,制裁リスト（経産省／OFAC：SDN）
HOLD_LEGACY_NOT_IN_CURRENT,tordanindustryltd,Tordan Industry Ltd,経産省,有効,制裁リスト（経産省）
HOLD_LEGACY_NOT_IN_CURRENT,tradehousealkopanellimitedliabilitycompany,Trade House Alkopanel Limited Liability Company,経産省,有効,制裁リスト（経産省）
HOLD_LEGACY_NOT_IN_CURRENT,tradinghousepromelektronika,Trading House Promelektronika,経産省,有効,制裁リスト（経産省）
HOLD_LEGACY_NOT_IN_CURRENT,transaviaexportairlinesjsc,Transaviaexport Airlines JSC,経産省,有効,制裁リスト（経産省）
HOLD_LEGACY_NOT_IN_CURRENT,trustlogistics,Trust Logistics,経産省,有効,制裁リスト（経産省）
HOLD_LEGACY_NOT_IN_CURRENT,trvengineeringtacticalmissilecorporation,"Tactical Missile Corporation, TRV Engineering",経産省,有効,制裁リスト（経産省）
HOLD_LEGACY_NOT_IN_CURRENT,tsagi,TSAGI,OFAC;経産省,有効,制裁リスト（経産省／OFAC）
HOLD_LEGACY_NOT_IN_CURRENT,"tsentralnynauchno-issledovatelskyinstitutkhimiiimekhaniki,fgup","Tsentralny Nauchno-Issledovatelsky Institut Khimii i Mekhaniki, FGUP",経産省,有効,制裁リスト（経産省）
HOLD_LEGACY_NOT_IN_CURRENT,tsentrinnovatsionnykhtekhnologiiiinzhiniringa.,Tsentr Innovatsionnykh Tekhnologii i Inzhiniringa .,経産省,有効,制裁リスト（経産省）
HOLD_LEGACY_NOT_IN_CURRENT,tskbmtルビン,TsKB MT ルビン,経産省,有効,制裁リスト（経産省）
HOLD_LEGACY_NOT_IN_CURRENT,tsmrbank,TsMRBank,経産省;財務省,有効,制裁リスト（財務省：ロシア連邦(特定銀行)／経産省）
HOLD_LEGACY_NOT_IN_CURRENT,tsmrbankooo,TsMRBank OOO,経産省,有効,制裁リスト（経産省）
HOLD_LEGACY_NOT_IN_CURRENT,tsst有限会社,TsST有限会社,外務省;経産省,有効,制裁リスト（経産省／外務省：ロシア連邦の特定団体への輸出等に係る禁止措置(外務省告示第61号)）
HOLD_LEGACY_NOT_IN_CURRENT,tstk,TsTK,経産省,有効,制裁リスト（経産省）
HOLD_LEGACY_NOT_IN_CURRENT,tstkcheaz,TsTK CheAZ,経産省,有効,制裁リスト（経産省）
HOLD_LEGACY_NOT_IN_CURRENT,tula,Tula,経産省,有効,制裁リスト（経産省）
HOLD_LEGACY_NOT_IN_CURRENT,tulaarmsplant,Tula Arms Plant,経産省;財務省,有効,制裁リスト（財務省：ロシア連邦(団体(特定銀行を除く))／経産省）
HOLD_LEGACY_NOT_IN_CURRENT,tulaarsenal,Tula Arsenal,経産省,有効,制裁リスト（経産省）
HOLD_LEGACY_NOT_IN_CURRENT,tulammo,Tulammo,OFAC;legacy;経産省;財務省,有効,制裁リスト（財務省：ロシア連邦(団体(特定銀行を除く))／経産省／OFAC：SDN／令和5年12月15日外為法）
HOLD_LEGACY_NOT_IN_CURRENT,"turaevskoemkb""soyuz",Turaevskoe MKB “Soyuz”,経産省,有効,制裁リスト（経産省）
HOLD_LEGACY_NOT_IN_CURRENT,turboruszao,Turborus ZAO,経産省,有効,制裁リスト（経産省）
HOLD_LEGACY_NOT_IN_CURRENT,tusur-electronicaresearchcompany,TUSUR-Electronica Research Company,経産省,有効,制裁リスト（経産省）
HOLD_LEGACY_NOT_IN_CURRENT,tusur電子研究会社,TUSUR電子 研究会社,経産省,有効,制裁リスト（経産省）
HOLD_LEGACY_NOT_IN_CURRENT,uabpella-fjord,UAB Pella-Fjord,経産省,有効,制裁リスト（経産省）
HOLD_LEGACY_NOT_IN_CURRENT,uec-saturn支部a.リュリキ科学技術センタ-,UEC-Saturn支部Ａ.リュリキ 科学技術センター,経産省,有効,制裁リスト（経産省）
HOLD_LEGACY_NOT_IN_CURRENT,uec-star,UEC-STAR,経産省,有効,制裁リスト（経産省）
HOLD_LEGACY_NOT_IN_CURRENT,uec-umpo支部a.リュリキ試験設計局,UEC-UMPO支部Ａ． リュリキ試験設計局,経産省,有効,制裁リスト（経産省）
HOLD_LEGACY_NOT_IN_CURRENT,uec-umpo支部リトカリノ機械製造工場,UEC-UMPO支部リトカリノ機械製造工場,経産省,有効,制裁リスト（経産省）
HOLD_LEGACY_NOT_IN_CURRENT,ultranecllc,Ultran EC LLC,経産省,有効,制裁リスト（経産省）
HOLD_LEGACY_NOT_IN_CURRENT,ultranekooo.,Ultran EK OOO.,経産省,有効,制裁リスト（経産省）
HOLD_LEGACY_NOT_IN_CURRENT,ultranelectroniccomponentsllc,Ultran Electronic Components LLC,経産省,有効,制裁リスト（経産省）
HOLD_LEGACY_NOT_IN_CURRENT,undokchemicalfactory,Undok Chemical Factory,経産省,有効,制裁リスト（経産省）
HOLD_LEGACY_NOT_IN_CURRENT,"unitedshipbuildingcorporation""pribalticshipbuildingfactoryyantar",United Shipbuilding Corporation “Pribaltic Shipbuilding Factory Yantar”,経産省,有効,制裁リスト（経産省）
HOLD_LEGACY_NOT_IN_CURRENT,"unitedshipbuildingcorporation""scientificresearchdesigntechnologicalbureauonega",United Shipbuilding Corporation “Scientific Research Design Technological Bureau Onega”,経産省,有効,制裁リスト（経産省）
HOLD_LEGACY_NOT_IN_CURRENT,"unitedshipbuildingcorporation""sredne-nevskyshipyard",United Shipbuilding Corporation “Sredne - Nevsky Shipyard”,経産省,有効,制裁リスト（経産省）
HOLD_LEGACY_NOT_IN_CURRENT,"unitedshipbuildingcorporationjsc""35thshipyard",United Shipbuilding Corporation JSC “35th Shipyard”,経産省,有効,制裁リスト（経産省）
HOLD_LEGACY_NOT_IN_CURRENT,"unitedshipbuildingcorporationjsc""astrakhanshipyard",United Shipbuilding Corporation JSC “Astrakhan Shipyard”,経産省,有効,制裁リスト（経産省）
HOLD_LEGACY_NOT_IN_CURRENT,"unitedshipbuildingcorporationjsc""aysbergcentraldesignbuilding",United Shipbuilding Corporation JSC “Aysberg Central Design Building”,経産省,有効,制裁リスト（経産省）
HOLD_LEGACY_NOT_IN_CURRENT,"unitedshipbuildingcorporationjsc""balticshipbuildingfactory",United Shipbuilding Corporation JSC “Baltic Shipbuilding Factory”,経産省,有効,制裁リスト（経産省）
HOLD_LEGACY_NOT_IN_CURRENT,"unitedshipbuildingcorporationjsc""krasnoyesormovoplantojsc",United Shipbuilding Corporation JSC “Krasnoye Sormovo Plant OJSC”,経産省,有効,制裁リスト（経産省）
HOLD_LEGACY_NOT_IN_CURRENT,universityofchemicalindustry,University of Chemical Industry,経産省,有効,制裁リスト（経産省）
HOLD_LEGACY_NOT_IN_CURRENT,universityofelectronicscienceandtechnologyofchina(uestc),University of Electronic Science and Technology of China (UESTC),経産省,有効,制裁リスト（経産省）
HOLD_LEGACY_NOT_IN_CURRENT,"uraldesignbureau""detal""tacticalmissilecorporation","Tactical Missile Corporation, Ural Design Bureau “Detal”",経産省,有効,制裁リスト（経産省）
HOLD_LEGACY_NOT_IN_CURRENT,uralopticalandmechanicalplant,Ural Optical And Mechanical Plant,OFAC;経産省,有効,制裁リスト（経産省／OFAC：SDN）
HOLD_LEGACY_NOT_IN_CURRENT,"uralskoeproektno-konstruktorskoebyurodetal,pao","Uralskoe Proektno-Konstruktorskoe Byuro Detal, Pao",経産省,有効,制裁リスト（経産省）
HOLD_LEGACY_NOT_IN_CURRENT,uvdofthegomelregionexecutivecommittee,UVD of the Gomel Region Executive Committee,経産省,有効,制裁リスト（経産省）
HOLD_LEGACY_NOT_IN_CURRENT,uvzヴィチャズ,UVZヴィチャズ,legacy;経産省,有効,制裁リスト（経産省／令和5年12月15日外為法）
HOLD_LEGACY_NOT_IN_CURRENT,v.a.trapeznikovinstituteofcontrolsciencesofrussianacademyofsciences,V.A. Trapeznikov Institute of Control Sciences of Russian Academy of Sciences,経産省,有効,制裁リスト（経産省）
HOLD_LEGACY_NOT_IN_CURRENT,v.p.チカロフ名称ロシア連邦国防省glits,V.P.チカロ フ名称ロシア連邦国防省 GLITs,経産省,有効,制裁リスト（経産省）
HOLD_LEGACY_NOT_IN_CURRENT,v.p.チカロフ名称国立飛行実験センタ-,V.P.チカロフ名称国立飛行実験センター,経産省,有効,制裁リスト（経産省）
HOLD_LEGACY_NOT_IN_CURRENT,v.v.tarasovaviaavtomaticoncernradio-electronictechnologies,"Concern Radio-Electronic Technologies, V.V. Tarasov Avia Avtomati",経産省,有効,制裁リスト（経産省）
HOLD_LEGACY_NOT_IN_CURRENT,v.v.ティホミロフ名称公開株式会社機器製造科学研究所,V.V.ティホミロフ名称公開株式会社機器製造科学研究所,外務省;経産省,有効,制裁リスト（経産省／外務省：ロシア連邦の特定団体への輸出等に係る禁止措置(外務省告示第61号)）
HOLD_LEGACY_NOT_IN_CURRENT,v.v.バヒレフ名称国立機械工学研究所,V.V. バヒレフ名称国立機械工学研究所,経産省;財務省,有効,制裁リスト（財務省：ロシア連邦(団体(特定銀行を除く))／経産省）
HOLD_LEGACY_NOT_IN_CURRENT,vagnergroup,Vagner Group,経産省,有効,制裁リスト（経産省）
HOLD_LEGACY_NOT_IN_CURRENT,vasilyshupranov,Vasily Shupranov,経産省;財務省,有効,制裁リスト（財務省：ロシア連邦(個人)／経産省）
HOLD_LEGACY_NOT_IN_CURRENT,vaso,VASO,経産省,有効,制裁リスト（経産省）
HOLD_LEGACY_NOT_IN_CURRENT,vegapilotplant,Vega Pilot Plant,経産省,有効,制裁リスト（経産省）
HOLD_LEGACY_NOT_IN_CURRENT,vegaradioengineeringcorporation,Vega Radio Engineering Corporation,経産省,有効,制裁リスト（経産省）
HOLD_LEGACY_NOT_IN_CURRENT,"verkhneufaleiplant""uralelement",Verkhneufalei Plant “Uralelement”,経産省,有効,制裁リスト（経産省）
HOLD_LEGACY_NOT_IN_CURRENT,vertikalllc,Vertikal LLC,経産省,有効,制裁リスト（経産省）
HOLD_LEGACY_NOT_IN_CURRENT,vkbr,VKBR,経産省,有効,制裁リスト（経産省）
HOLD_LEGACY_NOT_IN_CURRENT,vladimirartyakov,Vladimir Artyakov,経産省;財務省,有効,制裁リスト（財務省：ロシア連邦(個人)／経産省）
HOLD_LEGACY_NOT_IN_CURRENT,vladimirdesignbureauforradiocommunicationsojsc,Vladimir Design Bureau for Radio Communications OJSC,経産省,有効,制裁リスト（経産省）
HOLD_LEGACY_NOT_IN_CURRENT,vladislavvladimirovichfedorenko,Vladislav Vladimirovich Fedorenko,経産省,有効,制裁リスト（経産省）
HOLD_LEGACY_NOT_IN_CURRENT,vmklimitedliabilitycompany,VMK Limited Liability Company,経産省,有効,制裁リスト（経産省）
HOLD_LEGACY_NOT_IN_CURRENT,vmkllc,VMK LLC,経産省,有効,制裁リスト（経産省）
HOLD_LEGACY_NOT_IN_CURRENT,vmkooosamara,VMK OOO Samara,OFAC;経産省,有効,制裁リスト（経産省／OFAC：SDN）
HOLD_LEGACY_NOT_IN_CURRENT,vmk有限会社,VMK有限会社,経産省,有効,制裁リスト（経産省）
HOLD_LEGACY_NOT_IN_CURRENT,vmk有限会社サマラ,VMK有限会社サマラ,経産省,有効,制裁リスト（経産省）
HOLD_LEGACY_NOT_IN_CURRENT,vniietalonjsc,VNII Etalon JSC,経産省,有効,制裁リスト（経産省）
HOLD_LEGACY_NOT_IN_CURRENT,vniiftri,VNIIFTRI,経産省,有効,制裁リスト（経産省）
HOLD_LEGACY_NOT_IN_CURRENT,vniigradient,VNII Gradient,経産省,有効,制裁リスト（経産省）
HOLD_LEGACY_NOT_IN_CURRENT,vniiグラディエント,VNIIグラディエント,経産省,有効,制裁リスト（経産省）
HOLD_LEGACY_NOT_IN_CURRENT,voentelecomjsc,Voentelecom JSC,経産省,有効,制裁リスト（経産省）
HOLD_LEGACY_NOT_IN_CURRENT,volatavtojsc,Volatavto JSC,経産省,有効,制裁リスト（経産省）
HOLD_LEGACY_NOT_IN_CURRENT,vtkltd,VTK Ltd,経産省,有効,制裁リスト（経産省）
HOLD_LEGACY_NOT_IN_CURRENT,vzrto,VZ RTO,経産省,有効,制裁リスト（経産省）
HOLD_LEGACY_NOT_IN_CURRENT,west-ost,West-Ost,経産省,有効,制裁リスト（経産省）
HOLD_LEGACY_NOT_IN_CURRENT,winkey,Win Key,経産省,有効,制裁リスト（経産省）
HOLD_LEGACY_NOT_IN_CURRENT,winkeyltd,Win Key Ltd,経産省,有効,制裁リスト（経産省）
HOLD_LEGACY_NOT_IN_CURRENT,winkeyltd.,Win Key Ltd.,経産省,有効,制裁リスト（経産省）
HOLD_LEGACY_NOT_IN_CURRENT,yaroslavlshipbuildingfactory,Yaroslavl Shipbuilding Factory,経産省,有効,制裁リスト（経産省）
HOLD_LEGACY_NOT_IN_CURRENT,yazdmetallurgicalind'sco.,Yazd Metallurgical Ind's Co.,OFAC;経産省,有効,制裁リスト（経産省／OFAC：SDN）
HOLD_LEGACY_NOT_IN_CURRENT,yazdmetallurgicalindustries,YAZD METALLURGICAL INDUSTRIES,OFAC;経産省,有効,制裁リスト（経産省／OFAC：SDN）
HOLD_LEGACY_NOT_IN_CURRENT,yilufaelectronicslimited,YILUFA ELECTRONICS LIMITED,OFAC;経産省,有効,制裁リスト（経産省／OFAC：SDN）
HOLD_LEGACY_NOT_IN_CURRENT,yilufaelectronicsltd,Yilufa Electronics Ltd,経産省,有効,制裁リスト（経産省）
HOLD_LEGACY_NOT_IN_CURRENT,yourfuelcompany,Your Fuel Company,経産省,有効,制裁リスト（経産省）
HOLD_LEGACY_NOT_IN_CURRENT,yu.e.セダコフ名称niiis,Yu.E.セダコフ名称NIIIS,経産省,有効,制裁リスト（経産省）
HOLD_LEGACY_NOT_IN_CURRENT,zaoelbrus-mcst,ZAO Elbrus-MCST,経産省,有効,制裁リスト（経産省）
HOLD_LEGACY_NOT_IN_CURRENT,zaoelekrotjaga,ZAO Elekrotjaga,経産省,有効,制裁リスト（経産省）
HOLD_LEGACY_NOT_IN_CURRENT,zaoelmiks-vs,ZAO Elmiks-VS,経産省,有効,制裁リスト（経産省）
HOLD_LEGACY_NOT_IN_CURRENT,zaoinzhenernyytsentrgeomir,ZAO Inzhenernyy Tsentr Geomir,経産省,有効,制裁リスト（経産省）
HOLD_LEGACY_NOT_IN_CURRENT,zaopromelektronika,ZAO Promelektronika,経産省,有効,制裁リスト（経産省）
HOLD_LEGACY_NOT_IN_CURRENT,zaorybinskayaverf-inzhenering,ZAO Rybinskaya verf - inzhenering,経産省,有効,制裁リスト（経産省）
HOLD_LEGACY_NOT_IN_CURRENT,zaosparta,ZAO Sparta,経産省,有効,制裁リスト（経産省）
HOLD_LEGACY_NOT_IN_CURRENT,zaosvyazinzhiniring,ZAO Svyaz Inzhiniring,経産省,有効,制裁リスト（経産省）
HOLD_LEGACY_NOT_IN_CURRENT,"zavodkrasnoesormovo,pao","Zavod Krasnoe Sormovo, PAO",経産省,有効,制裁リスト（経産省）
HOLD_LEGACY_NOT_IN_CURRENT,zhenaoco.ltd,Zhenao Co. Ltd,経産省,有効,制裁リスト（経産省）
HOLD_LEGACY_NOT_IN_CURRENT,zhenaoco.ltd.,Zhenao Co. Ltd.,経産省,有効,制裁リスト（経産省）
HOLD_LEGACY_NOT_IN_CURRENT,zhrz,ZhRZ,経産省,有効,制裁リスト（経産省）
HOLD_LEGACY_NOT_IN_CURRENT,zhukovskynationalresearchinstitute,Zhukovsky National Research Institute,経産省,有効,制裁リスト（経産省）
HOLD_LEGACY_NOT_IN_CURRENT,zixislimited,Zixis Limited,経産省,有効,制裁リスト（経産省）
HOLD_LEGACY_NOT_IN_CURRENT,zixisltd,Zixis Ltd,経産省,有効,制裁リスト（経産省）
HOLD_LEGACY_NOT_IN_CURRENT,zntc,ZNTC,経産省,有効,制裁リスト（経産省）
HOLD_LEGACY_NOT_IN_CURRENT,zvezda-arrowcorporation,Zvezda-Arrow Corporation,経産省,有効,制裁リスト（経産省）
HOLD_LEGACY_NOT_IN_CURRENT,zvezda-strelalimitedliabilitycompanytacticalmissilecorporation,"Tactical Missile Corporation, Zvezda-Strela Limited Liability Company",経産省,有効,制裁リスト（経産省）
HOLD_LEGACY_NOT_IN_CURRENT,zvezda-strelatradinghousellc,Zvezda-Strela Trading House LLC,OFAC;経産省,有効,制裁リスト（経産省／OFAC：SDN）
HOLD_LEGACY_NOT_IN_CURRENT,zvezdochkacs,Zvezdochka CS,経産省,有効,制裁リスト（経産省）
HOLD_LEGACY_NOT_IN_CURRENT,zvezdochkashiprepaircenterjsc,Zvezdochka Ship Repair Center JSC,経産省,有効,制裁リスト（経産省）
HOLD_LEGACY_NOT_IN_CURRENT,アイジェット・アビエ-ション・サ-ビス,アイジェット・アビエーション・サービス,legacy;経産省,有効,制裁リスト（経産省／令和5年12月20日外為法）
HOLD_LEGACY_NOT_IN_CURRENT,アイジェット・フライト・サポ-ト・サ-ビス,アイジェット・フライト・サポート・サービス,legacy;経産省,有効,制裁リスト（経産省／令和5年12月20日外為法）
HOLD_LEGACY_NOT_IN_CURRENT,アイスバ-グ中央設計局,アイスバーグ中央設計局,経産省;財務省,有効,制裁リスト（財務省：ロシア連邦(団体(特定銀行を除く))／経産省）
HOLD_LEGACY_NOT_IN_CURRENT,アイマックスチップ・テクノロジ-有限会社,アイマックスチップ･テクノロジー 有限会社,経産省,有効,制裁リスト（経産省）
HOLD_LEGACY_NOT_IN_CURRENT,アエロコンポジット,アエロコンポジット,経産省,有効,制裁リスト（経産省）
HOLD_LEGACY_NOT_IN_CURRENT,アガトシステム,アガトシステム,経産省,有効,制裁リスト（経産省）
HOLD_LEGACY_NOT_IN_CURRENT,アガト管制システム,アガト管 制システム,経産省,有効,制裁リスト（経産省）
HOLD_LEGACY_NOT_IN_CURRENT,アグ・インフォメ-ション・テクノロジ-有限会社,アグ･インフォメーション･テクノロジー有限会社,経産省,有効,制裁リスト（経産省）
HOLD_LEGACY_NOT_IN_CURRENT,アジア・パシフィック・リンクス有限会社,アジア・パシフィック・リンクス有限会社,経産省,有効,制裁リスト（経産省）
HOLD_LEGACY_NOT_IN_CURRENT,アフタマティカ,アフタマティカ,経産省,有効,制裁リスト（経産省）
HOLD_LEGACY_NOT_IN_CURRENT,アラギルスキ-抵抗器工場,アラギルスキー抵抗器工場,経産省,有効,制裁リスト（経産省）
HOLD_LEGACY_NOT_IN_CURRENT,アラギル抵抗器工場,アラギル抵抗器工場,経産省,有効,制裁リスト（経産省）
HOLD_LEGACY_NOT_IN_CURRENT,アラブガ・ファイバ-有限会社,アラブガ・ファイバー有限会社,経産省,有効,制裁リスト（経産省）
HOLD_LEGACY_NOT_IN_CURRENT,アリザイ・グダ・ティジャ-レット有限会社,アリザイ・グダ・ティジャーレット有限会社,経産省,有効,制裁リスト（経産省）
HOLD_LEGACY_NOT_IN_CURRENT,アルザ-ル,アルザール,経産省,有効,制裁リスト（経産省）
HOLD_LEGACY_NOT_IN_CURRENT,アルザマス学術・製造企業テンプ・アヴィア,アルザマス学術・製造企業テンプ・アヴィア,経産省,有効,制裁リスト（経産省）
HOLD_LEGACY_NOT_IN_CURRENT,アルファ・トレ-ディング・インベストメンツ有限会社,アルファ・トレーディング・インベストメンツ有限会社,経産省,有効,制裁リスト（経産省）
HOLD_LEGACY_NOT_IN_CURRENT,アルファ部隊,アルファ部隊,経産省,有効,制裁リスト（経産省）
HOLD_LEGACY_NOT_IN_CURRENT,アルマズ,アルマズ,経産省,有効,制裁リスト（経産省）
HOLD_LEGACY_NOT_IN_CURRENT,アルマズ・アンティgptpグラニット,アルマズ・アンティGPTPグラニット,経産省;財務省,有効,制裁リスト（財務省：ロシア連邦(団体(特定銀行を除く))／経産省）
HOLD_LEGACY_NOT_IN_CURRENT,アルマズ・アンティ株式会社,アルマズ・アンティ株式会社,外務省;経産省,有効,制裁リスト（経産省／外務省：ロシア連邦の特定団体への輸出等に係る禁止措置(外務省告示第61号)）
HOLD_LEGACY_NOT_IN_CURRENT,アルマズ中央海洋設計局,アルマズ中央 海洋設計局,経産省,有効,制裁リスト（経産省）
HOLD_LEGACY_NOT_IN_CURRENT,アルマズ株式会社,アルマズ株式会社,経産省,有効,制裁リスト（経産省）
HOLD_LEGACY_NOT_IN_CURRENT,アレクサンドロフ名称科学技術研究所,アレクサンドロフ名称科学技術研究所,経産省,有効,制裁リスト（経産省）
HOLD_LEGACY_NOT_IN_CURRENT,アヴァント・スペ-ス・システム,アヴァント・スペース・シ ステム,経産省,有効,制裁リスト（経産省）
HOLD_LEGACY_NOT_IN_CURRENT,アヴァント・スペ-ス推進システム,アヴァント・スペース推進システム,経産省,有効,制裁リスト（経産省）
HOLD_LEGACY_NOT_IN_CURRENT,アヴァント・スペイス,アヴァント・スペイス,経産省,有効,制裁リスト（経産省）
HOLD_LEGACY_NOT_IN_CURRENT,アヴィアスタルsp,アヴィアスタルSP,経産省;財務省,有効,制裁リスト（財務省：ロシア連邦(団体(特定銀行を除く))／経産省）
HOLD_LEGACY_NOT_IN_CURRENT,アヴィアレモント,アヴィアレモント,経産省,有効,制裁リスト（経産省）
HOLD_LEGACY_NOT_IN_CURRENT,イ-ル-ファ・エレクトロニクス有限会社,イールーファ・エレクトロニクス有限会社,経産省,有効,制裁リスト（経産省）
HOLD_LEGACY_NOT_IN_CURRENT,イジュマシュr&dセンタ-,イジュマシュR&Dセンター,外務省;経産省,有効,制裁リスト（経産省／外務省：ロシア連邦の特定団体への輸出等に係る禁止措置(外務省告示第61号)）
HOLD_LEGACY_NOT_IN_CURRENT,イネルソ有限会社,イネルソ有限会社,経産省,有効,制裁リスト（経産省）
HOLD_LEGACY_NOT_IN_CURRENT,イリュ-シン名称航空コンプレックス支部、ミャスィシェヴァ試験機械製造工場,イリューシン名称航空コンプレックス支部、ミャスィシェヴァ試験機械製造工場,経産省,有効,制裁リスト（経産省）
HOLD_LEGACY_NOT_IN_CURRENT,イルク-ト,イルクート,経産省,有効,制裁リスト（経産省）
HOLD_LEGACY_NOT_IN_CURRENT,インジェネルニ-・センタ-・ゲオミ-ル,インジェ ネルニー・センター・ゲオミール,経産省,有効,制裁リスト（経産省）
HOLD_LEGACY_NOT_IN_CURRENT,インジェネルニ-・センタ-・ゲオミ-ル株式会社,インジェネルニー・センター・ゲオミール株式会社,経産省,有効,制裁リスト（経産省）
HOLD_LEGACY_NOT_IN_CURRENT,インタ-ナショナル・セトルメント・バンク有限会社,インターナショナル・セトルメント・バンク有限会社,経産省;財務省,有効,制裁リスト（財務省／経産省）
HOLD_LEGACY_NOT_IN_CURRENT,インテグラルspb,インテグラルSPB,経産省,有効,制裁リスト（経産省）
HOLD_LEGACY_NOT_IN_CURRENT,インテルテック,インテルテック,経産省,有効,制裁リスト（経産省）
HOLD_LEGACY_NOT_IN_CURRENT,インテルテフ,インテルテフ,経産省,有効,制裁リスト（経産省）
HOLD_LEGACY_NOT_IN_CURRENT,インフォ-ムテスト社,インフォームテスト社,legacy;経産省,有効,制裁リスト（経産省／令和5年12月15日外為法）
HOLD_LEGACY_NOT_IN_CURRENT,インプロテックス,インプロテックス,経産省,有効,制裁リスト（経産省）
HOLD_LEGACY_NOT_IN_CURRENT,インプロテックス・ドゥシュ・ティジャ-レット有限会社,インプロテックス・ドゥシュ・ティジャー レット有限会社,経産省,有効,制裁リスト（経産省）
HOLD_LEGACY_NOT_IN_CURRENT,インプロテックス・フォ-リン・トレ-ド有限会社,インプロテックス・フォーリン・トレード有限会社,経産省,有効,制裁リスト（経産省）
HOLD_LEGACY_NOT_IN_CURRENT,インプロテックス及びインプロテックス・ドゥシュ・ティジャ-レット有限会社,インプロテックス及びインプロテックス・ドゥシュ・ティジャーレット有限会社,経産省,有効,制裁リスト（経産省）
HOLD_LEGACY_NOT_IN_CURRENT,インプロテックス有限会社,インプロテックス有限会社,経産省,有効,制裁リスト（経産省）
HOLD_LEGACY_NOT_IN_CURRENT,ウィン・キ-,ウィン･キー,経産省,有効,制裁リスト（経産省）
HOLD_LEGACY_NOT_IN_CURRENT,ウィン・キ-有限会社,ウィン･キー有限会社,経産省,有効,制裁リスト（経産省）
HOLD_LEGACY_NOT_IN_CURRENT,ウェスト・オスト,ウェスト・オスト,経産省,有効,制裁リスト（経産省）
HOLD_LEGACY_NOT_IN_CURRENT,ウラジスラフ・ウラジ-ミロヴィチ・フェドレンコ,ウラジスラフ・ウラジーミロヴィチ・フェドレンコ,経産省,有効,制裁リスト（経産省）
HOLD_LEGACY_NOT_IN_CURRENT,ウラルワゴンザヴォド社,ウラルワゴンザヴォド社,外務省;経産省,有効,制裁リスト（経産省／外務省：ロシア連邦の特定団体への輸出等に係る禁止措置(外務省告示第61号)）
HOLD_LEGACY_NOT_IN_CURRENT,ウラル光学機械工場,ウラル光学機械工場,経産省,有効,制裁リスト（経産省）
HOLD_LEGACY_NOT_IN_CURRENT,ウラル複合材料科学研究所,ウラル複合材料科学研究所,経産省,有効,制裁リスト（経産省）
HOLD_LEGACY_NOT_IN_CURRENT,ウラン・ウデ航空工場,ウラン・ウデ航空工場,legacy;経産省,有効,制裁リスト（経産省／令和5年12月15日外為法）
HOLD_LEGACY_NOT_IN_CURRENT,ウリヤノフスク・カ-トリッジ工場,ウリヤノフスク・カートリッジ工場,legacy;経産省,有効,制裁リスト（経産省／令和5年12月15日外為法）
HOLD_LEGACY_NOT_IN_CURRENT,ウルトランec有限会社,ウルトラン EC有限会社,経産省,有効,制裁リスト（経産省）
HOLD_LEGACY_NOT_IN_CURRENT,ウルトランek有限会社,ウルトラン EK有限会社,経産省,有効,制裁リスト（経産省）
HOLD_LEGACY_NOT_IN_CURRENT,ウルトラン・エレクトロニック・コンポネンツ有限会社,ウルトラン・エレクトロニック・コンポネンツ有限会社,経産省,有効,制裁リスト（経産省）
HOLD_LEGACY_NOT_IN_CURRENT,エムア-ルビ-・バンク,エムアールビー・バンク,経産省;財務省,有効,制裁リスト（財務省／経産省）
HOLD_LEGACY_NOT_IN_CURRENT,エムヴィジョン有限会社,エムヴィジョン有限会社,経産省,有効,制裁リスト（経産省）
HOLD_LEGACY_NOT_IN_CURRENT,エム・スタ-・インタ-ナショナル・トレ-ディング有限会社,エム･スター･インターナショナル･トレーディング 有限会社,経産省,有効,制裁リスト（経産省）
HOLD_LEGACY_NOT_IN_CURRENT,エルショフ,エルショフ,経産省,有効,制裁リスト（経産省）
HOLD_LEGACY_NOT_IN_CURRENT,エルプロム,エルプロム,経産省,有効,制裁リスト（経産省）
HOLD_LEGACY_NOT_IN_CURRENT,エルヴァジャン,エルヴァジャン,経産省,有効,制裁リスト（経産省）
HOLD_LEGACY_NOT_IN_CURRENT,エルヴァジャン・マキナ,エルヴァジャン･マキ ナ,経産省,有効,制裁リスト（経産省）
HOLD_LEGACY_NOT_IN_CURRENT,エルヴァジャン・マキナ・エキプマンラル・ヴェ・サナ-イ・テダ-リッキ有限会社,エルヴァジャン ･マキナ･エキプマンラ ル･ヴェ･サ ナーイ･テダーリッキ 有限会社,経産省,有効,制裁リスト（経産省）
HOLD_LEGACY_NOT_IN_CURRENT,エルヴァジャン・マキナ及びエルヴァジャン・マキナ有限会社,エルヴァジャン･マキナ及びエルヴァジャン･マキナ有限会社,経産省,有効,制裁リスト（経産省）
HOLD_LEGACY_NOT_IN_CURRENT,エルヴァジャン・マキナ有限会社,エルヴァジャン･マキナ有限会社,経産省,有効,制裁リスト（経産省）
HOLD_LEGACY_NOT_IN_CURRENT,エルヴァジャン・マシ-ナリ-・エクイプメント・アンド・インダストリ-・サプライ有限会社,エルヴァジャン･マシーナリー･エクイプメント･アンド･インダストリー･サプライ有限会社,経産省,有効,制裁リスト（経産省）
HOLD_LEGACY_NOT_IN_CURRENT,エレクトリック・トラクション,エレクトリック・トラクション,経産省,有効,制裁リスト（経産省）
HOLD_LEGACY_NOT_IN_CURRENT,エレクトロシグナル株式会社,エレクトロシグナル株式会社,経産省,有効,制裁リスト（経産省）
HOLD_LEGACY_NOT_IN_CURRENT,エレクトロプリボ-ルsbp,エレクトロプリボールSBP,legacy;経産省,有効,制裁リスト（経産省／令和5年12月15日外為法）
HOLD_LEGACY_NOT_IN_CURRENT,エレム・グル-プ,エレム・グループ,経産省,有効,制裁リスト（経産省）
HOLD_LEGACY_NOT_IN_CURRENT,エレム・グル-プ有限会社,エレム・グループ有限会社,経産省,有効,制裁リスト（経産省）
HOLD_LEGACY_NOT_IN_CURRENT,エンジニアリングセンタ-「モスエレクトロンプロエクト,エンジニアリングセンター「モスエレクトロンプロエクト」,経産省,有効,制裁リスト（経産省）
HOLD_LEGACY_NOT_IN_CURRENT,エンマクシン・テクノロジ-有限会社,エンマクシン･テクノロジー有限会社,経産省,有効,制裁リスト（経産省）
HOLD_LEGACY_NOT_IN_CURRENT,エヴゲ-ニ-・クラユシン,エヴゲーニー・クラユシン,経産省,有効,制裁リスト（経産省）
HOLD_LEGACY_NOT_IN_CURRENT,オ-エムピ-有限会社,オーエムピー有限会社,経産省,有効,制裁リスト（経産省）
HOLD_LEGACY_NOT_IN_CURRENT,オ-ルパ-ツ・トレ-ディング有限会社,オールパーツ･トレーディング有限会社,経産省,有効,制裁リスト（経産省）
HOLD_LEGACY_NOT_IN_CURRENT,オ-ルパ-ツ・トレ-ディング有限会社allpartstradingco.ltd,オールパーツ･ トレーディング有限会社 Allparts Trading Co. Ltd,経産省,有効,制裁リスト（経産省）
HOLD_LEGACY_NOT_IN_CURRENT,オブニンスク学術生産企業(orpe),オブニンスク学術生産企業（ORPE）,経産省,有効,制裁リスト（経産省）
HOLD_LEGACY_NOT_IN_CURRENT,オムスク動力製造設計局,オムスク動力製造設計局,経産省,有効,制裁リスト（経産省）
HOLD_LEGACY_NOT_IN_CURRENT,オリオン研究生産団体,オリオン研究生産団体,legacy;経産省,有効,制裁リスト（経産省／令和5年12月15日外為法）
HOLD_LEGACY_NOT_IN_CURRENT,オレ-ル・ドゥシュ・ティジャ-レット有限会社,オレール･ ドゥシュ･ティジャーレット 有限会社,経産省,有効,制裁リスト（経産省）
HOLD_LEGACY_NOT_IN_CURRENT,オレ-ル・フォ-リン・トレ-ド有限会社,オレール･フォーリン･トレード有限会社,経産省,有効,制裁リスト（経産省）
HOLD_LEGACY_NOT_IN_CURRENT,オレルメタルポリマ-有限会社,オレルメタルポリマー有限会社,経産省,有効,制裁リスト（経産省）
HOLD_LEGACY_NOT_IN_CURRENT,カイリ・インダストリアルhk有限会社,カイリ･インダストリアル HK有限会社,経産省,有効,制裁リスト（経産省）
HOLD_LEGACY_NOT_IN_CURRENT,カイリ・インダストリアルhk有限会社(香港凱利實業有限公司),カイリ･インダストリアル HK有限会社(香港凱利實業有限公司),経産省,有効,制裁リスト（経産省）
HOLD_LEGACY_NOT_IN_CURRENT,カザンヘリコプタ-,カザンヘリコプター,経産省,有効,制裁リスト（経産省）
HOLD_LEGACY_NOT_IN_CURRENT,カザン火薬工場,カザン火薬工場,legacy;経産省,有効,制裁リスト（経産省／令和5年12月15日外為法）
HOLD_LEGACY_NOT_IN_CURRENT,カタラ-ノ有限会社,カタラーノ有限会社,経産省,有効,制裁リスト（経産省）
HOLD_LEGACY_NOT_IN_CURRENT,カラサニ・グル-プ・カンパニ-ズ,カラサニ・グループ・カンパニーズ,経産省,有効,制裁リスト（経産省）
HOLD_LEGACY_NOT_IN_CURRENT,カラサニ・トレ-ド,カラサニ・トレード,経産省,有効,制裁リスト（経産省）
HOLD_LEGACY_NOT_IN_CURRENT,カラサニ・ドゥシュ・ティジャ-レット有限会社,カラサニ･ドゥシュ・ティジャーレット有限会社,経産省,有効,制裁リスト（経産省）
HOLD_LEGACY_NOT_IN_CURRENT,カラサニ・ドゥシュ・ティジャ-レット有限会社連合,カラサニ･ ドゥシュ・ティジャーレット 有限会社連合,経産省,有効,制裁リスト（経産省）
HOLD_LEGACY_NOT_IN_CURRENT,カラサニ・パッキング,カラサニ・パッキング,経産省,有効,制裁リスト（経産省）
HOLD_LEGACY_NOT_IN_CURRENT,カラサニ・フォ-リン・トレ-ド有限会社,カラサニ･フォーリン･トレード有限会社,経産省,有効,制裁リスト（経産省）
HOLD_LEGACY_NOT_IN_CURRENT,カラサニ・ロジスティクス,カラサニ・ロジスティクス,経産省,有効,制裁リスト（経産省）
HOLD_LEGACY_NOT_IN_CURRENT,カルヴァン・インタ-ナショナル・ロジスティクス,カルヴァン・インターナショナル・ロジスティクス,経産省,有効,制裁リスト（経産省）
HOLD_LEGACY_NOT_IN_CURRENT,キズリャル電気機械プラント,キズリャル電 気機械プラント,経産省,有効,制裁リスト（経産省）
HOLD_LEGACY_NOT_IN_CURRENT,ギドロプリボル」中央研究所,「ギドロプリボル」 中央研究所,経産省,有効,制裁リスト（経産省）
HOLD_LEGACY_NOT_IN_CURRENT,クイブシェフ機械プラント,クイブシェフ機械プラント,経産省,有効,制裁リスト（経産省）
HOLD_LEGACY_NOT_IN_CURRENT,クバンテク,クバンテク,経産省,有効,制裁リスト（経産省）
HOLD_LEGACY_NOT_IN_CURRENT,クバンテク(hk)有限会社,クバンテク（HK）有限会社,経産省,有効,制裁リスト（経産省）
HOLD_LEGACY_NOT_IN_CURRENT,クバンテク及びクバンテクhk有限会社,クバンテク及びクバンテク HK 有限会社,経産省,有効,制裁リスト（経産省）
HOLD_LEGACY_NOT_IN_CURRENT,クバンテク有限会社,クバンテク有限会社,経産省,有効,制裁リスト（経産省）
HOLD_LEGACY_NOT_IN_CURRENT,クラフトウェイコ-ポレ-ションpls,クラフトウェイコーポレーション PLS,経産省,有効,制裁リスト（経産省）
HOLD_LEGACY_NOT_IN_CURRENT,クリノフィスト・アビエ-ション,クリノフィスト･アビエーシ ョン,経産省,有効,制裁リスト（経産省）
HOLD_LEGACY_NOT_IN_CURRENT,クリノフィスト・アビエ-ションfzco,クリノフィスト･アビエーション FZCO,経産省,有効,制裁リスト（経産省）
HOLD_LEGACY_NOT_IN_CURRENT,クリノフィスト・アビエ-ション及びクリノフィスト・デザイン・アンド・エンジニアリング・ソリュ-ションズ非公開会社,クリノフィスト･アビエーション及びクリノフィスト･デザイン･アンド･エンジニアリング･ソリューションズ非公開会社,経産省,有効,制裁リスト（経産省）
HOLD_LEGACY_NOT_IN_CURRENT,クリノフィスト・デザイン・アンド・エンジニアリング・ソリュ-ションズ非公開会社,クリノフィスト･デザイン･アンド･エンジニアリング･ソリューシ ョンズ非公開会社,経産省,有効,制裁リスト（経産省）
HOLD_LEGACY_NOT_IN_CURRENT,クリモフスク特殊弾薬工場株式会社ksap,クリモフスク特殊弾薬工場株式会社KSAP,経産省;財務省,有効,制裁リスト（財務省：ロシア連邦(団体(特定銀行を除く))／経産省）
HOLD_LEGACY_NOT_IN_CURRENT,クルィロフ名称サンクトペテルブルク造船センタ-,クルィロフ名称サンクトペテルブルク造船センター,経産省,有効,制裁リスト（経産省）
HOLD_LEGACY_NOT_IN_CURRENT,クルィロフ国立研究センタ-,クルィロフ国立研究センター,経産省,有効,制裁リスト（経産省）
HOLD_LEGACY_NOT_IN_CURRENT,クルガンマシュザヴォド,クルガンマシュザヴォド,経産省,有効,制裁リスト（経産省）
HOLD_LEGACY_NOT_IN_CURRENT,クルスクプリボル,クルスクプリボル,経産省,有効,制裁リスト（経産省）
HOLD_LEGACY_NOT_IN_CURRENT,クルチャトフスキ-研究所所属itef,クルチャトフスキー研究所所属 ITEF,経産省,有効,制裁リスト（経産省）
HOLD_LEGACY_NOT_IN_CURRENT,クロンシュタット,クロンシュタット,経産省,有効,制裁リスト（経産省）
HOLD_LEGACY_NOT_IN_CURRENT,クロンシュタットグル-プ,クロンシュタットグループ,経産省,有効,制裁リスト（経産省）
HOLD_LEGACY_NOT_IN_CURRENT,クロンデグル-プ,クロンデ グループ,経産省,有効,制裁リスト（経産省）
HOLD_LEGACY_NOT_IN_CURRENT,グアンジョウ・オ-サイ・テクノロジ-有限会社,グアンジョウ・オーサイ・テクノロジー有限会社,経産省,有効,制裁リスト（経産省）
HOLD_LEGACY_NOT_IN_CURRENT,グランツ・プロモ-ション・サ-ビス有限会社,グランツ･プロモーション･サービス有限 会社,経産省,有効,制裁リスト（経産省）
HOLD_LEGACY_NOT_IN_CURRENT,ケルディシュ名称ロシア科学アカデミ-連邦国立単一企業連邦研究センタ-応用数学研究所,ケルディシュ名称ロシア科学ア カデミー連邦国立単一企業連邦研究センター応用数学研究所,経産省,有効,制裁リスト（経産省）
HOLD_LEGACY_NOT_IN_CURRENT,コビ・インタ-ナショナル・カンパニ-,コビ･インターナショナル･カンパニー,経産省,有効,制裁リスト（経産省）
HOLD_LEGACY_NOT_IN_CURRENT,コビ・インタ-ナショナル・カンパニ-kobiinternationalcompany,コビ･インターナショナル･カンパニー Kobi International Company,経産省,有効,制裁リスト（経産省）
HOLD_LEGACY_NOT_IN_CURRENT,コムソモリスク・ナ・アム-レ航空機製造工場,コムソモリスク・ナ・アムーレ航空機製造工場,経産省,有効,制裁リスト（経産省）
HOLD_LEGACY_NOT_IN_CURRENT,コンツェルン・ヴェガ,コンツェルン・ヴェガ,経産省,有効,制裁リスト（経産省）
HOLD_LEGACY_NOT_IN_CURRENT,コンツェルン・無線工学ヴェガ,コンツェルン・無線工学 ヴェガ,経産省,有効,制裁リスト（経産省）
HOLD_LEGACY_NOT_IN_CURRENT,コンツェルン無線・電子テクノロジ-、v.v.タラソフ名称航空オ-トメ-ション,コンツェルン無線・電子テクノロジー、V.V.タラソフ名称航空オートメーション,経産省,有効,制裁リスト（経産省）
HOLD_LEGACY_NOT_IN_CURRENT,コンツェルン無線・電子テクノロジ-、ラメンスコエ機材製作工場,コンツェルン無線・電子テクノロジー、ラメンスコエ機材製作工場,経産省,有効,制裁リスト（経産省）
HOLD_LEGACY_NOT_IN_CURRENT,コンツェルン無線・電子テクノロジ-、公共株式会社スタヴロポリ無線工場シグナル,コンツェルン無線・電子テクノロジー、公共株式会社スタヴロポリ無線工場シグナル,経産省,有効,制裁リスト（経産省）
HOLD_LEGACY_NOT_IN_CURRENT,コンツェルン無線・電子テクノロジ-、公共株式会社テクプリボル,コンツェルン無線・電子テクノロジー、公共株式会社テクプリボル,経産省,有効,制裁リスト（経産省）
HOLD_LEGACY_NOT_IN_CURRENT,コンツェルン無線・電子テクノロジ-、公共株式会社ブリャンスク特殊設計局,コンツェルン無線・電子テクノロジー、公共株式会社ブリャンスク特殊設計局,経産省,有効,制裁リスト（経産省）
HOLD_LEGACY_NOT_IN_CURRENT,コンツェルン無線・電子テクノロジ-、公共株式会社モスクワ電気機械・オ-トメ-ション研究所,コンツェルン無線・電子テクノロジー、公共株式会社モスクワ電気機械・オートメーション 研究所,経産省,有効,制裁リスト（経産省）
HOLD_LEGACY_NOT_IN_CURRENT,コンツェルン無線・電子テクノロジ-、株式会社p.a.エフィモフ名称試験設計局エレクトロアフトマティカ,コンツェルン無線・電子テクノロジー、株式会社 P.A.エフィモフ名称試験設計局エレクトロ アフトマティカ,経産省,有効,制裁リスト（経産省）
HOLD_LEGACY_NOT_IN_CURRENT,コンツェルン無線・電子テクノロジ-、株式会社v.i.シムコ名称ラジオエレクトロニクス学術生産公団,コンツェルン無線・電子テクノロジー、株式会社 V.I.シムコ名称ラジオエレクトロニクス学 術生産公団,経産省,有効,制裁リスト（経産省）
HOLD_LEGACY_NOT_IN_CURRENT,コンツェルン無線・電子テクノロジ-、株式会社アエロプリボル・ヴォスホ-ド,コンツェルン無線・電子テクノロジー、株式会社アエロプリボル・ヴォスホード,経産省,有効,制裁リスト（経産省）
HOLD_LEGACY_NOT_IN_CURRENT,コンツェルン無線・電子テクノロジ-、株式会社アリメチエフスク・ラジオプリボル工場,コンツェルン無線・電子テクノロジー、株式会社アリメチエフスク・ラジオプリボル工場,経産省,有効,制裁リスト（経産省）
HOLD_LEGACY_NOT_IN_CURRENT,コンツェルン無線・電子テクノロジ-、株式会社ウラル機材工学工場,コンツェルン無線・電子テクノロジー、株式会社ウラル機材工学工場,経産省,有効,制裁リスト（経産省）
HOLD_LEGACY_NOT_IN_CURRENT,コンツェルン無線・電子テクノロジ-、株式会社カザン機材工学設計局,コンツェルン無線・電子テクノロジー、株式会社カザン機材工学設計局,経産省,有効,制裁リスト（経産省）
HOLD_LEGACY_NOT_IN_CURRENT,コンツェルン無線・電子テクノロジ-、株式会社ジグリ無線工場,コンツェルン無線・電子テクノロジー、株式会社ジグリ無線工場,経産省,有効,制裁リスト（経産省）
HOLD_LEGACY_NOT_IN_CURRENT,コンツェルン無線・電子テクノロジ-、株式会社タガンログ通信科学研究所,コンツェルン無線・電子テクノロジー、株式会社タガンログ通信科学研究所,経産省,有効,制裁リスト（経産省）
HOLD_LEGACY_NOT_IN_CURRENT,コンツェルン無線・電子テクノロジ-、株式会社ファゾトロン無線工学科学研究所,コンツェルン無線・電子テクノロジー、株式会社ファゾトロン無線工学科学研究所,経産省,有効,制裁リスト（経産省）
HOLD_LEGACY_NOT_IN_CURRENT,コンツェルン無線・電子テクノロジ-、株式会社マイクロテクノロジ-,コンツェルン無線・電子テクノロジー、株式会社マイクロテクノロジー,経産省,有効,制裁リスト（経産省）
HOLD_LEGACY_NOT_IN_CURRENT,コンツェルン無線・電子テクノロジ-、株式会社ラジオプリボル,コンツェルン無線・電子テクノロジー、株式会社ラジオプリボル,経産省,有効,制裁リスト（経産省）
HOLD_LEGACY_NOT_IN_CURRENT,コンツェルン無線・電子テクノロジ-、株式会社ラメンスコエ機材工学局,コンツェルン無線・電子テクノロジー、株式会社ラメンスコエ機材工学局,経産省,有効,制裁リスト（経産省）
HOLD_LEGACY_NOT_IN_CURRENT,コンツェルン無線・電子テクノロジ-、株式会社リチャグ,コンツェルン無線・電子テクノロジー、株式会社リチャグ,経産省,有効,制裁リスト（経産省）
HOLD_LEGACY_NOT_IN_CURRENT,コンツェルン無線・電子テクノロジ-、株式会社ヴズリョ-ト工学実験サポ-ト,コンツェルン無線・電子テクノロジー、株式会社ヴズリョート工学実験サポート,経産省,有効,制裁リスト（経産省）
HOLD_LEGACY_NOT_IN_CURRENT,コンツェルン無線・電子テクノロジ-、株式会社全ロシア科学研究所グラディエント,コンツェルン無線・電子テクノロジー、株式会社全ロシア科学研究所グラディエント,経産省,有効,制裁リスト（経産省）
HOLD_LEGACY_NOT_IN_CURRENT,コンツェルン無線・電子テクノロジ-、株式会社学術・製造企業イズメリテル,コンツェルン無線・電子テクノロジー、株式会社学術・製造企業イズメリテル,経産省,有効,制裁リスト（経産省）
HOLD_LEGACY_NOT_IN_CURRENT,コンツェルン無線・電子テクノロジ-、株式会社工業用制御設計局,コンツェルン無線・電子テクノロジー、株式会社工業用制御設計局,経産省,有効,制裁リスト（経産省）
HOLD_LEGACY_NOT_IN_CURRENT,コンツェルン無線・電子テクノロジ-、株式会社研究生産センタ-sapsan,コンツェルン無線・電子テクノロジー、株式会社研究生産センターSAPSAN,経産省,有効,制裁リスト（経産省）
HOLD_LEGACY_NOT_IN_CURRENT,ゴメリ州執行委員会内務局,ゴメリ州執行委員会内務局,経産省,有効,制裁リスト（経産省）
HOLD_LEGACY_NOT_IN_CURRENT,サイクロンtsnii,サイクロン TsNII,経産省,有効,制裁リスト（経産省）
HOLD_LEGACY_NOT_IN_CURRENT,サクセス・アビエ-ション,サクセス・アビエーション,legacy;経産省,有効,制裁リスト（経産省／令和5年12月20日外為法）
HOLD_LEGACY_NOT_IN_CURRENT,サクセス・アビエ-ション・サ-ビス,サクセス・アビエーション・サービス,legacy;経産省,有効,制裁リスト（経産省／令和5年12月20日外為法）
HOLD_LEGACY_NOT_IN_CURRENT,サリュ-ト・ガスタ-ビン研究製造センタ-,サリュート・ガスタービン研究製造センター,経産省,有効,制裁リスト（経産省）
HOLD_LEGACY_NOT_IN_CURRENT,サンクトペテルブルク海洋機械製造局マラカイト,サンクトペテルブルク海洋機械製造局マラカイト,経産省,有効,制裁リスト（経産省）
HOLD_LEGACY_NOT_IN_CURRENT,サンクトペテルブルク海軍設計局アルマズ,サンクトペテルブルク海軍設計局アルマズ,経産省,有効,制裁リスト（経産省）
HOLD_LEGACY_NOT_IN_CURRENT,ザラ・アエロ・グル-プ有限会社,ザラ・アエロ・グループ有限会社,外務省;経産省,有効,制裁リスト（経産省／外務省：ロシア連邦の特定団体への輸出等に係る禁止措置(外務省告示第61号)）
HOLD_LEGACY_NOT_IN_CURRENT,シェンジェン5gハイテク・イノベ-ション有限会社,シェンジェン 5Gハイテク・イノベーション有限会社,経産省,有効,制裁リスト（経産省）
HOLD_LEGACY_NOT_IN_CURRENT,シェンジェン・ウ-リ-・ガオク-・イノベ-ション・サイエンス・アンド・テクノロジ-有限会社,シェンジェン・ウーリー・ガオクー・イノベーション・ サイエンス・アンド・テクノロジー有限会社,経産省,有効,制裁リスト（経産省）
HOLD_LEGACY_NOT_IN_CURRENT,シェンジェン・ウ-リ-・ガオク-・チュアンシン・ヨウシエン・ゴンス-,シェンジェン・ウーリー・ガオクー・チュアンシン・ヨウ シエン・ゴンスー,経産省,有効,制裁リスト（経産省）
HOLD_LEGACY_NOT_IN_CURRENT,シェンジェン・ビ-グアン・トレ-ディング有限会社,シェンジェン・ビーグアン・トレーディング有限会社,経産省,有効,制裁リスト（経産省）
HOLD_LEGACY_NOT_IN_CURRENT,シグナル無線工場,シグナル無線工場,経産省,有効,制裁リスト（経産省）
HOLD_LEGACY_NOT_IN_CURRENT,シュヴァベ,シュヴァベ,経産省,有効,制裁リスト（経産省）
HOLD_LEGACY_NOT_IN_CURRENT,ジェナオ有限会社,ジェナオ有限会社,経産省,有効,制裁リスト（経産省）
HOLD_LEGACY_NOT_IN_CURRENT,ジクシス有限会社,ジクシス有限会社,経産省,有効,制裁リスト（経産省）
HOLD_LEGACY_NOT_IN_CURRENT,ジュコフスキ-国立研究所,ジュコフスキ ー国立研究所,経産省,有効,制裁リスト（経産省）
HOLD_LEGACY_NOT_IN_CURRENT,ス-パ-チップ(hk)有限会社,スーパーチップ（HK）有限会社,経産省,有効,制裁リスト（経産省）
HOLD_LEGACY_NOT_IN_CURRENT,ス-パ-チップhk有限会社,スーパーチップ HK 有限会社,経産省,有効,制裁リスト（経産省）
HOLD_LEGACY_NOT_IN_CURRENT,ス-パ-チップ有限会社,スーパーチップ有限会社,経産省,有効,制裁リスト（経産省）
HOLD_LEGACY_NOT_IN_CURRENT,スコルコフスキ-科学技術研究所,スコルコフスキー科学技術研究所,経産省,有効,制裁リスト（経産省）
HOLD_LEGACY_NOT_IN_CURRENT,スコルコヴォ・ファンド,スコルコヴォ・ファンド,経産省,有効,制裁リスト（経産省）
HOLD_LEGACY_NOT_IN_CURRENT,スコルコヴォ基金,スコルコヴォ基金,経産省,有効,制裁リスト（経産省）
HOLD_LEGACY_NOT_IN_CURRENT,スコルコヴォ科学技術研究所,スコルコヴォ科学技術研究所,経産省,有効,制裁リスト（経産省）
HOLD_LEGACY_NOT_IN_CURRENT,スコルテク,スコルテク,経産省,有効,制裁リスト（経産省）
HOLD_LEGACY_NOT_IN_CURRENT,スタ-・アロ-,スター・アロ ー,経産省,有効,制裁リスト（経産省）
HOLD_LEGACY_NOT_IN_CURRENT,スタウト・カンパニ-有限会社,スタウト・カンパニー有限会社,経産省,有効,制裁リスト（経産省）
HOLD_LEGACY_NOT_IN_CURRENT,スタウト・デザイン・センタ-,スタウト・デザイン・センター,経産省,有効,制裁リスト（経産省）
HOLD_LEGACY_NOT_IN_CURRENT,ストラハンスキ-造船所,ストラハンスキー造船所,経産省,有効,制裁リスト（経産省）
HOLD_LEGACY_NOT_IN_CURRENT,ストレラ生産連合体,ストレラ生産連合体,経産省,有効,制裁リスト（経産省）
HOLD_LEGACY_NOT_IN_CURRENT,ストレロイ・イ-コマ-ス,ストレロイ・イーコマース,経産省,有効,制裁リスト（経産省）
HOLD_LEGACY_NOT_IN_CURRENT,ストレロイ・イ-コメルツ,ストレロイ・イーコメルツ,経産省,有効,制裁リスト（経産省）
HOLD_LEGACY_NOT_IN_CURRENT,スペ-スティ-,スペースティー,経産省,有効,制裁リスト（経産省）
HOLD_LEGACY_NOT_IN_CURRENT,スペ-スティ-・チャイナ,スペースティー･チャイナ,経産省,有効,制裁リスト（経産省）
HOLD_LEGACY_NOT_IN_CURRENT,スペ-スティ-有限会社,スペースティー有限会社,経産省,有効,制裁リスト（経産省）
HOLD_LEGACY_NOT_IN_CURRENT,スホイ民間航空機,スホイ民間航空機,経産省,有効,制裁リスト（経産省）
HOLD_LEGACY_NOT_IN_CURRENT,スマ-ト・トレ-ディング・タシュマジュルック・サナ-イ・ヴェ・ティジャ-レット有限会社,スマート・トレーディング・タシュマジュルック・サナーイ・ヴェ・ティジャーレット有限会社,経産省,有効,制裁リスト（経産省）
HOLD_LEGACY_NOT_IN_CURRENT,スマ-ト・トレ-ディング・トランスポ-テ-ション・インダストリ-・アンド・トレ-ド有限会社,スマート･トレーディング･トランスポーテーション･インダストリー･アンド･トレード有限会社,経産省,有効,制裁リスト（経産省）
HOLD_LEGACY_NOT_IN_CURRENT,スヴャジ,スヴャジ,経産省,有効,制裁リスト（経産省）
HOLD_LEGACY_NOT_IN_CURRENT,スヴャジエンジニアリング,スヴャジエンジニアリング,経産省,有効,制裁リスト（経産省）
HOLD_LEGACY_NOT_IN_CURRENT,ズヴェズダ・アロ-・コ-ポレ-ション,ズヴェズダ・アロー・コーポレーション,経産省,有効,制裁リスト（経産省）
HOLD_LEGACY_NOT_IN_CURRENT,ズヴョ-ズダチカcs,ズヴョーズダチカCS,経産省,有効,制裁リスト（経産省）
HOLD_LEGACY_NOT_IN_CURRENT,ズヴョ-ズダチカ船舶整備センタ-,ズヴョーズダチカ船舶整備センター,経産省,有効,制裁リスト（経産省）
HOLD_LEGACY_NOT_IN_CURRENT,ズヴョ-ズダチカ造船所・学術生産団体ヴィント,ズヴョーズダチカ造船所・学術生産団体ヴィント,経産省,有効,制裁リスト（経産省）
HOLD_LEGACY_NOT_IN_CURRENT,セ-ヴェルナヤ・ワ-フ造船工場,セーヴェルナヤ・ワーフ造船工場,経産省,有効,制裁リスト（経産省）
HOLD_LEGACY_NOT_IN_CURRENT,セダコフ名称計測システム調査研究所,セダコフ名称計測シ ステム調査研究所,経産省,有効,制裁リスト（経産省）
HOLD_LEGACY_NOT_IN_CURRENT,セルゲイ・イオノフ,セルゲイ・イオノフ,経産省,有効,制裁リスト（経産省）
HOLD_LEGACY_NOT_IN_CURRENT,セルニア,セルニア,経産省,有効,制裁リスト（経産省）
HOLD_LEGACY_NOT_IN_CURRENT,セルニアエンジニアリング,セルニアエンジニアリング,経産省,有効,制裁リスト（経産省）
HOLD_LEGACY_NOT_IN_CURRENT,セルニヤ,セルニヤ,経産省,有効,制裁リスト（経産省）
HOLD_LEGACY_NOT_IN_CURRENT,セルニヤエンジニアリング,セルニヤエンジニアリング,経産省,有効,制裁リスト（経産省）
HOLD_LEGACY_NOT_IN_CURRENT,ソフトウェア研究所,ソフトウェア研究所,経産省,有効,制裁リスト（経産省）
HOLD_LEGACY_NOT_IN_CURRENT,タイitハ-ドウェア,タイ ITハードウェア,経産省,有効,制裁リスト（経産省）
HOLD_LEGACY_NOT_IN_CURRENT,タイitハ-ドウェア及びロ-ル・アップ有限会社,タイ ITハードウェア及びロール･アップ有限会社,経産省,有効,制裁リスト（経産省）
HOLD_LEGACY_NOT_IN_CURRENT,タイitハ-ドウェア有限会社,タイITハードウェア有限会社,経産省,有効,制裁リスト（経産省）
HOLD_LEGACY_NOT_IN_CURRENT,タガンログ・クラ-スヌィ・ギドロプレス・プラン,タガンログ・クラースヌィ・ ギドロプレス・プラン,経産省,有効,制裁リスト（経産省）
HOLD_LEGACY_NOT_IN_CURRENT,タムボフ工場「オクト-バ-,タムボフ工場「オクトーバー」,経産省,有効,制裁リスト（経産省）
HOLD_LEGACY_NOT_IN_CURRENT,ダリザヴォ-ト船舶修理センタ-,ダリザヴォート船舶修理センター,経産省,有効,制裁リスト（経産省）
HOLD_LEGACY_NOT_IN_CURRENT,ダ・グル-プ22,ダ･グループ 22,経産省,有効,制裁リスト（経産省）
HOLD_LEGACY_NOT_IN_CURRENT,チェボクサリィ電気機器プラント,チェボクサリィ電 気機器プラント,経産省,有効,制裁リスト（経産省）
HOLD_LEGACY_NOT_IN_CURRENT,チカロフ名称ノヴォシビルスク航空工場,チカロフ名称ノヴォシビルスク航空工場,経産省,有効,制裁リスト（経産省）
HOLD_LEGACY_NOT_IN_CURRENT,チャ-ミング・グロ-ブ,チャーミング･グローブ,経産省,有効,制裁リスト（経産省）
HOLD_LEGACY_NOT_IN_CURRENT,チャイナ・ヘッド,チャイナ･ヘッド,経産省,有効,制裁リスト（経産省）
HOLD_LEGACY_NOT_IN_CURRENT,チャイナ・ヘッド・エアロスペ-ス・テクノロジ-社,チャイナ･ヘッド･エアロスペース・テクノロジー社,経産省,有効,制裁リスト（経産省）
HOLD_LEGACY_NOT_IN_CURRENT,チャイナ・ヘッド・テクノロジ-社,チャイナ･ヘッド･テクノロジー社,経産省,有効,制裁リスト（経産省）
HOLD_LEGACY_NOT_IN_CURRENT,チャングアン・サテライト・テクノロジ-有限会社,チャングアン･サテライト･テクノロジー有限会社,経産省,有効,制裁リスト（経産省）
HOLD_LEGACY_NOT_IN_CURRENT,チャングアン・サテライト・テクノロジ-有限会社(长光卫星技术股份有限公司(长光卫星)),チャングアン･サテライト･テクノロジー有限会社(长光卫星技术股份有限 公司(长光卫星)),経産省,有効,制裁リスト（経産省）
HOLD_LEGACY_NOT_IN_CURRENT,チャングアン・サテライト有限会社,チャングアン･サテライト有限会社,経産省,有効,制裁リスト（経産省）
HOLD_LEGACY_NOT_IN_CURRENT,チャンシャ・ティアンイ-・スペ-ス・サイエンス・アンドリサ-チ,チャンシャ･ティアンイー･スペース･サイエンス･アンドリサーチ,経産省,有効,制裁リスト（経産省）
HOLD_LEGACY_NOT_IN_CURRENT,チャンシャ・ティアンイ-・スペ-ス・サイエンス・アンドリサ-チ(スペ-スティ-),チャンシャ･ティアンイー･スペース･サイエンス･アンドリサーチ（スペースティー）,経産省,有効,制裁リスト（経産省）
HOLD_LEGACY_NOT_IN_CURRENT,チャンシャ・ティアンイ-・スペ-ス・サイエンス・アンド・テクノロジ-・リサ-チ・インスティチュ-ト,チャンシャ･ティアンイー･スペース･サイエンス･アンド･テクノロジー･リサーチ･インスティチュート,経産省,有効,制裁リスト（経産省）
HOLD_LEGACY_NOT_IN_CURRENT,チャンシャ・ティアンイ-・スペ-ス・サイエンス・アンド・テクノロジ-・リサ-チ・インスティチュ-ト及びスペ-スティ-,チャンシャ･ティアンイー･スペース･サイエンス･アンド･テクノロジー･リサーチ･インスティチュート及びスペースティー,経産省,有効,制裁リスト（経産省）
HOLD_LEGACY_NOT_IN_CURRENT,チャンシャ・ティエンイ-・スペ-ス・サイエンス・アンド・テクノロジ-・リサ-チ・インスティチュ-ト有限会社,チャンシャ･ ティエンイー･スペース･サイエンス･アンド･テクノロジー･リサーチ･インスティチュート 有限会社,経産省,有効,制裁リスト（経産省）
HOLD_LEGACY_NOT_IN_CURRENT,チャン・シャ・ティアン・イ-・コン・ジアン・ケ-・ジ・ヤン・ジウ・ユアン・ユ-・シェン・ゴン・ス-,チャン･シャ･ティアン･イー･コン･ジアン･ケー･ジ･ヤン･ジウ･ユアン･ユー･シェン･ゴン･スー,経産省,有効,制裁リスト（経産省）
HOLD_LEGACY_NOT_IN_CURRENT,ツィクロン中央研究開発所,ツィクロン中央研究開発所,経産省,有効,制裁リスト（経産省）
HOLD_LEGACY_NOT_IN_CURRENT,テクプリボル,テクプリボル,経産省,有効,制裁リスト（経産省）
HOLD_LEGACY_NOT_IN_CURRENT,テンプ・アヴィア,テンプ・アヴィア,経産省,有効,制裁リスト（経産省）
HOLD_LEGACY_NOT_IN_CURRENT,デクシアス,デクシアス,経産省,有効,制裁リスト（経産省）
HOLD_LEGACY_NOT_IN_CURRENT,デクシアスiptlc,デクシアス IPTLC,経産省,有効,制裁リスト（経産省）
HOLD_LEGACY_NOT_IN_CURRENT,デクシアス・エンディル・ストリヴェル,デクシアス・エンディル・ストリヴ ェル,経産省,有効,制裁リスト（経産省）
HOLD_LEGACY_NOT_IN_CURRENT,デバイス・コンサルティング,デバイス・コンサルティング,経産省,有効,制裁リスト（経産省）
HOLD_LEGACY_NOT_IN_CURRENT,デバイス・コンサルティング有限会社,デバイス・コンサルティング有限会社,経産省,有効,制裁リスト（経産省）
HOLD_LEGACY_NOT_IN_CURRENT,トゥ-ラ,トゥーラ,経産省,有効,制裁リスト（経産省）
HOLD_LEGACY_NOT_IN_CURRENT,トゥ-ラ・カ-トリッジ工場,トゥーラ・カートリッジ工場,経産省;財務省,有効,制裁リスト（財務省：ロシア連邦(団体(特定銀行を除く))／経産省）
HOLD_LEGACY_NOT_IN_CURRENT,トゥ-ラ兵器工場,トゥーラ兵器工場,経産省;財務省,有効,制裁リスト（財務省：ロシア連邦(団体(特定銀行を除く))／経産省）
HOLD_LEGACY_NOT_IN_CURRENT,トゥ-ラ兵器庫,トゥーラ兵器庫,経産省,有効,制裁リスト（経産省）
HOLD_LEGACY_NOT_IN_CURRENT,トゥ-ラ帝国兵器工場,トゥーラ帝国兵器工場,経産省;財務省,有効,制裁リスト（財務省：ロシア連邦(団体(特定銀行を除く))／経産省）
HOLD_LEGACY_NOT_IN_CURRENT,トゥラエヴォmkb「ソユ-ズ,トゥラエヴォ MKB 「ソユーズ」,経産省,有効,制裁リスト（経産省）
HOLD_LEGACY_NOT_IN_CURRENT,トゥルボルスzao,トゥルボルス ZAO,経産省,有効,制裁リスト（経産省）
HOLD_LEGACY_NOT_IN_CURRENT,トムスク・マイクロ波フォトニック集積回路モジュ-ル集合設計センタ-,トムスク・マイクロ波フォトニック集積回路モジュール集合設計センター,経産省,有効,制裁リスト（経産省）
HOLD_LEGACY_NOT_IN_CURRENT,トラスト・ロジスティクス,トラスト・ロジスティクス,経産省,有効,制裁リスト（経産省）
HOLD_LEGACY_NOT_IN_CURRENT,トルダン・インダストリ-有限会社,トルダン・インダストリー有限会社,経産省,有効,制裁リスト（経産省）
HOLD_LEGACY_NOT_IN_CURRENT,トレ-ド・ハウス・アルコパネル有限会社,トレード・ハウス・アルコパネル有限会社,経産省,有効,制裁リスト（経産省）
HOLD_LEGACY_NOT_IN_CURRENT,トレ-ド・ミッド・ミドルイ-スト,トレード・ミッド・ミドルイースト,legacy;経産省,有効,制裁リスト（経産省／令和5年12月20日外為法）
HOLD_LEGACY_NOT_IN_CURRENT,ドルゴプルドニ-,ドルゴプルドニー,経産省,有効,制裁リスト（経産省）
HOLD_LEGACY_NOT_IN_CURRENT,ドルゴプルドニ-自動設計局,ドルゴプルドニー自動設計局,経産省,有効,制裁リスト（経産省）
HOLD_LEGACY_NOT_IN_CURRENT,ドルゴプルドノ自動設計局,ドルゴプルドノ自動設計局,経産省,有効,制裁リスト（経産省）
HOLD_LEGACY_NOT_IN_CURRENT,ドレジャリ名称レ-ニン勲章エネルギ-工学研究設計研究所,ドレジャリ名称レーニン勲章エネルギー工学研究設計研究所,経産省,有効,制裁リスト（経産省）
HOLD_LEGACY_NOT_IN_CURRENT,ナンセナfguprniirs,ナンセナFGUP RNIIRS,legacy;経産省,有効,制裁リスト（経産省／令和5年12月15日外為法）
HOLD_LEGACY_NOT_IN_CURRENT,ヌデルマン精密機械製造設計局,ヌデルマン精密機械製造設計局,外務省;経産省,有効,制裁リスト（経産省／外務省：ロシア連邦の特定団体への輸出等に係る禁止措置(外務省告示第61号)）
HOLD_LEGACY_NOT_IN_CURRENT,ネルパ造船所,ネルパ造船所,経産省,有効,制裁リスト（経産省）
HOLD_LEGACY_NOT_IN_CURRENT,ノヴェルコ有限会社,ノヴェルコ有限会社,経産省,有効,制裁リスト（経産省）
HOLD_LEGACY_NOT_IN_CURRENT,ノヴォシビルスク・マイクロエレクトロニクス研究開発センタ-,ノヴォシビルスク・マイクロエレクトロニクス研究開発センター,経産省,有効,制裁リスト（経産省）
HOLD_LEGACY_NOT_IN_CURRENT,ハ-ティスdv有限会社,ハーティスDV有限会社,経産省,有効,制裁リスト（経産省）
HOLD_LEGACY_NOT_IN_CURRENT,バイカル・エレクトロニクス,バイカル・エレクトロニクス,経産省,有効,制裁リスト（経産省）
HOLD_LEGACY_NOT_IN_CURRENT,バルティック造船所,バ ルティック造船所,経産省,有効,制裁リスト（経産省）
HOLD_LEGACY_NOT_IN_CURRENT,ビ-・インシャ-ト,ビー･インシャート,経産省,有効,制裁リスト（経産省）
HOLD_LEGACY_NOT_IN_CURRENT,ビ-・インシャ-ト・ミ-マルルック株式会社,ビー･インシャート･ミーマルルック株式会社,経産省,有効,制裁リスト（経産省）
HOLD_LEGACY_NOT_IN_CURRENT,ビオン・グル-プ・イチ・ヴェ・ドゥシュ・ティジャ-レット有限会社,ビオン･グループ･イ チ･ヴェ･ドゥシュ ･ティジャーレット有限会社,経産省,有効,制裁リスト（経産省）
HOLD_LEGACY_NOT_IN_CURRENT,ビオン・グル-プ有限会社,ビオン･グループ有限会社,経産省,有効,制裁リスト（経産省）
HOLD_LEGACY_NOT_IN_CURRENT,ビオン・トレ-ド・グル-プ有限会社,ビオン･トレード･グループ有限会社,経産省,有効,制裁リスト（経産省）
HOLD_LEGACY_NOT_IN_CURRENT,ビオン・トレ-ド・グル-プ有限会社及びビオン・グル-プ有限会社,ビオン･トレード･グルー プ有限会社 及びビオン･グループ有限会社,経産省,有効,制裁リスト（経産省）
HOLD_LEGACY_NOT_IN_CURRENT,ファゾトロンniir,ファゾトロンNIIR,経産省,有効,制裁リスト（経産省）
HOLD_LEGACY_NOT_IN_CURRENT,フェルリット・ドメン・コ-ポレ-ション,フェルリット・ドメン・コーポレー ション,経産省,有効,制裁リスト（経産省）
HOLD_LEGACY_NOT_IN_CURRENT,フォトンプロ,フォトンプロ,経産省,有効,制裁リスト（経産省）
HOLD_LEGACY_NOT_IN_CURRENT,フォルステクノロジ-有限会社,フォルステクノロジー有限会社,経産省,有効,制裁リスト（経産省）
HOLD_LEGACY_NOT_IN_CURRENT,フォルスマリ-ン,フォルスマリーン,経産省,有効,制裁リスト（経産省）
HOLD_LEGACY_NOT_IN_CURRENT,フレガ-ト有限会社,フレガート有限会社,経産省,有効,制裁リスト（経産省）
HOLD_LEGACY_NOT_IN_CURRENT,ブレヴェストニク,ブレヴェストニク,legacy;経産省,有効,制裁リスト（経産省／令和5年12月15日外為法）
HOLD_LEGACY_NOT_IN_CURRENT,ブレヴェストニク中央科学研究所,ブレヴェストニク中央科学研究所,経産省,有効,制裁リスト（経産省）
HOLD_LEGACY_NOT_IN_CURRENT,プスコフ遠隔通信機器プラント,プスコフ遠隔通信機器プラント,経産省,有効,制裁リスト（経産省）
HOLD_LEGACY_NOT_IN_CURRENT,プロトン株式会社,プロトン株式会社,経産省,有効,制裁リスト（経産省）
HOLD_LEGACY_NOT_IN_CURRENT,プロフラブosoo,プロフラブ OSOO,経産省,有効,制裁リスト（経産省）
HOLD_LEGACY_NOT_IN_CURRENT,プロメレクトロニカ,プロメレクトロニカ,経産省,有効,制裁リスト（経産省）
HOLD_LEGACY_NOT_IN_CURRENT,ヘッド・エアロスペ-ス,ヘッド･エアロスペース,経産省,有効,制裁リスト（経産省）
HOLD_LEGACY_NOT_IN_CURRENT,ヘッド・エアロスペ-ス・グル-プ,ヘッド･エアロスペース･グループ,経産省,有効,制裁リスト（経産省）
HOLD_LEGACY_NOT_IN_CURRENT,ヘッド・エアロスペ-ス及びチャイナ・ヘッド,ヘッド･エアロスペース及びチャイナ･ヘッド,経産省,有効,制裁リスト（経産省）
HOLD_LEGACY_NOT_IN_CURRENT,ベラル-シ共和国内務省国内軍,ベラルーシ共和国内務省国内軍,経産省,有効,制裁リスト（経産省）
HOLD_LEGACY_NOT_IN_CURRENT,ベラル-シ共和国国家保安委員会,ベラルーシ共和国国家保安委員会,経産省,有効,制裁リスト（経産省）
HOLD_LEGACY_NOT_IN_CURRENT,ベラル-シ共和国国家保安委員会アルファ,ベラルーシ共和国国家保安委員会アルファ,経産省,有効,制裁リスト（経産省）
HOLD_LEGACY_NOT_IN_CURRENT,ベラル-シ総合光学機器,ベラルーシ総合光学機器,経産省,有効,制裁リスト（経産省）
HOLD_LEGACY_NOT_IN_CURRENT,ベラル-シ軍(陸軍及び空軍・防空軍),ベラルーシ軍（陸 軍及び空軍・防空軍）,経産省,有効,制裁リスト（経産省）
HOLD_LEGACY_NOT_IN_CURRENT,ベルオモホ-ルディング,ベルオモホールディング,経産省,有効,制裁リスト（経産省）
HOLD_LEGACY_NOT_IN_CURRENT,ペンザ電気機械装置科学研究所,ペンザ電 気機械装置科学研究所,経産省,有効,制裁リスト（経産省）
HOLD_LEGACY_NOT_IN_CURRENT,ホンコン・カイリ・インダストリアル有限会社,ホンコン・カイリ・インダストリアル有限会社,経産省,有効,制裁リスト（経産省）
HOLD_LEGACY_NOT_IN_CURRENT,ボレスコフ名称触媒研究センタ-,ボレスコフ名称触媒研究センター,経産省,有効,制裁リスト（経産省）
HOLD_LEGACY_NOT_IN_CURRENT,マケエフ・ロケット設計局,マケエフ・ロケット設計局,経産省;財務省,有効,制裁リスト（財務省：ロシア連邦(団体(特定銀行を除く))／経産省）
HOLD_LEGACY_NOT_IN_CURRENT,マケエフ国立ミサイル・センタ-,マケエフ国立ミサイル・センター,経産省;財務省,有効,制裁リスト（財務省：ロシア連邦(団体(特定銀行を除く))／経産省）
HOLD_LEGACY_NOT_IN_CURRENT,マケエフ国立ロケット・センタ-,マケエフ国立ロケット・センター,経産省;財務省,有効,制裁リスト（財務省：ロシア連邦(団体(特定銀行を除く))／経産省）
HOLD_LEGACY_NOT_IN_CURRENT,マケエフ設計局,マケエフ設計局,経産省,有効,制裁リスト（経産省）
HOLD_LEGACY_NOT_IN_CURRENT,マシュプリボリントルグウェ-ブ,マシュプリボリントルグウェーブ,経産省,有効,制裁リスト（経産省）
HOLD_LEGACY_NOT_IN_CURRENT,マシュプリボリントルグ・ヴォルナ,マシュプリボリントルグ・ヴォルナ,経産省,有効,制裁リスト（経産省）
HOLD_LEGACY_NOT_IN_CURRENT,マラカイト,マラカイト,経産省,有効,制裁リスト（経産省）
HOLD_LEGACY_NOT_IN_CURRENT,マリmmz,マリMMZ,経産省;財務省,有効,制裁リスト（財務省：ロシア連邦(団体(特定銀行を除く))／経産省）
HOLD_LEGACY_NOT_IN_CURRENT,ミアス機械・製造工場,ミアス機械・製造工場,経産省,有効,制裁リスト（経産省）
HOLD_LEGACY_NOT_IN_CURRENT,ミノトルサ-ビス,ミノトルサービス,経産省,有効,制裁リスト（経産省）
HOLD_LEGACY_NOT_IN_CURRENT,ミャスィシェヴァemz,ミ ャスィシェヴァEMZ,経産省,有効,制裁リスト（経産省）
HOLD_LEGACY_NOT_IN_CURRENT,ミュラ-・マ-ケット有限会社,ミュラー･マーケット有限会社,経産省,有効,制裁リスト（経産省）
HOLD_LEGACY_NOT_IN_CURRENT,ミュラ-・マルクト,ミュラー･マルクト,経産省,有効,制裁リスト（経産省）
HOLD_LEGACY_NOT_IN_CURRENT,ミュラ-・マルクト有限会社,ミュラー･マルクト有限会社,経産省,有効,制裁リスト（経産省）
HOLD_LEGACY_NOT_IN_CURRENT,ミンツ無線技術研究所,ミンツ無線技術研 究所,経産省,有効,制裁リスト（経産省）
HOLD_LEGACY_NOT_IN_CURRENT,ムラ-・マルクト有限会社,ムラー･マルクト有限会社,経産省,有効,制裁リスト（経産省）
HOLD_LEGACY_NOT_IN_CURRENT,メイクウェル・インダストリアル・トレ-ディング有限会社,メイクウェル･インダストリアル･トレーディング有限会社,経産省,有効,制裁リスト（経産省）
HOLD_LEGACY_NOT_IN_CURRENT,メイクウェル・インダストリアル・トレ-ディング有限会社(麥克維爾工業貿易有限公司),メイクウェル･インダストリアル･トレーディング有限会社（麥克維爾工業貿易有限公司）,経産省,有効,制裁リスト（経産省）
HOLD_LEGACY_NOT_IN_CURRENT,メイシン・インタ-ナショナル・トレ-ド有限会社,メイシン･インターナショナル･トレード有限会社,経産省,有効,制裁リスト（経産省）
HOLD_LEGACY_NOT_IN_CURRENT,メガサン,メガサン,経産省,有効,制裁リスト（経産省）
HOLD_LEGACY_NOT_IN_CURRENT,メガサン・エレクトロニック・ティジャ-レット・ヴェ・サナ-イ株式会社,メガサン･エレクトロニック･ティジャーレット･ヴェ･サナーイ株式会社,経産省,有効,制裁リスト（経産省）
HOLD_LEGACY_NOT_IN_CURRENT,メガフォン,メガフォン,経産省,有効,制裁リスト（経産省）
HOLD_LEGACY_NOT_IN_CURRENT,メジュドゥナロドニ-・ラッショトニ-・バンク,メジュドゥナロドニー・ラッショトニー・バンク,経産省;財務省,有効,制裁リスト（財務省／経産省）
HOLD_LEGACY_NOT_IN_CURRENT,メタルリスト・サマラ,メタルリスト・サマラ,経産省,有効,制裁リスト（経産省）
HOLD_LEGACY_NOT_IN_CURRENT,メトロテック,メトロテック,経産省,有効,制裁リスト（経産省）
HOLD_LEGACY_NOT_IN_CURRENT,メトロテックインジニアリング,メトロテックインジニアリング,経産省,有効,制裁リスト（経産省）
HOLD_LEGACY_NOT_IN_CURRENT,モ-スト・ディベロップメント,モースト･ディベロップメント,経産省,有効,制裁リスト（経産省）
HOLD_LEGACY_NOT_IN_CURRENT,モ-スト・ディベロップメント有限会社,モースト･ディベロップメント有限会社,経産省,有効,制裁リスト（経産省）
HOLD_LEGACY_NOT_IN_CURRENT,モジュ-ル研究センタ-,モジュール研究センター,経産省,有効,制裁リスト（経産省）
HOLD_LEGACY_NOT_IN_CURRENT,モスクワ航空大学,モスクワ航空大学,経産省,有効,制裁リスト（経産省）
HOLD_LEGACY_NOT_IN_CURRENT,ヤロスラヴリ造船工場,ヤロスラヴリ造船工場,経産省,有効,制裁リスト（経産省）
HOLD_LEGACY_NOT_IN_CURRENT,ユア・フュ-エル・カンパニ-,ユア・フューエル・カンパニー,経産省,有効,制裁リスト（経産省）
HOLD_LEGACY_NOT_IN_CURRENT,ユナイテッド・エアクラフト,ユナイテッド・エアクラフト,経産省,有効,制裁リスト（経産省）
HOLD_LEGACY_NOT_IN_CURRENT,ラジオオ-トマティック,ラジオオートマティック,経産省,有効,制裁リスト（経産省）
HOLD_LEGACY_NOT_IN_CURRENT,ラジオスヴャジ,ラジオスヴャジ,経産省,有効,制裁リスト（経産省）
HOLD_LEGACY_NOT_IN_CURRENT,ラジオプリボル,ラジオプリボル,経産省,有効,制裁リスト（経産省）
HOLD_LEGACY_NOT_IN_CURRENT,ラジオプリボルスナブ有限会社,ラジオプリボルスナブ有限会社,経産省,有効,制裁リスト（経産省）
HOLD_LEGACY_NOT_IN_CURRENT,ラドゥガ国立機械建築設計局,ラドゥガ国立機械建築設計局,経産省,有効,制裁リスト（経産省）
HOLD_LEGACY_NOT_IN_CURRENT,ラメンスコエ機材工学工場,ラメンスコエ機材工学工場,経産省,有効,制裁リスト（経産省）
HOLD_LEGACY_NOT_IN_CURRENT,リチャグ,リチャグ,経産省,有効,制裁リスト（経産省）
HOLD_LEGACY_NOT_IN_CURRENT,リトカリノ機械製造工場,リトカリノ機械製造工場,経産省,有効,制裁リスト（経産省）
HOLD_LEGACY_NOT_IN_CURRENT,リビンスク造船エンジニアリング,リビンスク造船エンジニアリング,経産省,有効,制裁リスト（経産省）
HOLD_LEGACY_NOT_IN_CURRENT,リム・ヨン・ヒョク,リム・ヨン・ヒョク,経産省;財務省,有効,制裁リスト（財務省／経産省）
HOLD_LEGACY_NOT_IN_CURRENT,リャザン・セラミック装置工場,リャザン・セラミック装置工場,経産省,有効,制裁リスト（経産省）
HOLD_LEGACY_NOT_IN_CURRENT,リャザン無線プラント,リャザン無線プラント,経産省,有効,制裁リスト（経産省）
HOLD_LEGACY_NOT_IN_CURRENT,リレ-・テクノロジ-特別設計技術局,リレー・テクノロジー特別設計技術局,経産省,有効,制裁リスト（経産省）
HOLD_LEGACY_NOT_IN_CURRENT,ルイ・エン・ク-・テクノロジ-,ルイ･エン･クー･テクノロジー,経産省,有効,制裁リスト（経産省）
HOLD_LEGACY_NOT_IN_CURRENT,ルイ・エン・ク-・テクノロジ-有限会社,ルイ･エン･クー･テクノロジー有限 会社,経産省,有効,制裁リスト（経産省）
HOLD_LEGACY_NOT_IN_CURRENT,ルイ・エン・ク-・テクノロジ-有限会社及びルイ・エン・ケ-・テクノロジ-有限会社,ルイ･エン･クー･テクノロジー有限会社 及びルイ･エン･ ケー･テクノロジー有限会社,経産省,有効,制裁リスト（経産省）
HOLD_LEGACY_NOT_IN_CURRENT,ルイ・エン・ケ-・テクノロジ-有限会社,ルイ･エン･ケー･テクノロジー有限会社,経産省,有効,制裁リスト（経産省）
HOLD_LEGACY_NOT_IN_CURRENT,ルビン・セ-ヴェル設計局,ルビン・セーヴェル設計局,経産省,有効,制裁リスト（経産省）
HOLD_LEGACY_NOT_IN_CURRENT,レイプンスキ-物理学・電力工学センタ-,レイプンスキー物理学・電力工学センター,経産省,有効,制裁リスト（経産省）
HOLD_LEGACY_NOT_IN_CURRENT,レゾニト,レゾニト,経産省,有効,制裁リスト（経産省）
HOLD_LEGACY_NOT_IN_CURRENT,レッド液圧プレス,レッド液圧プレス,経産省,有効,制裁リスト（経産省）
HOLD_LEGACY_NOT_IN_CURRENT,レニングラ-ド・レ-ザ-・システムズ,レニングラード・レーザー・システムズ,経産省,有効,制裁リスト（経産省）
HOLD_LEGACY_NOT_IN_CURRENT,レフ・アナトリエヴィチ・イェルショフ,レフ・アナトリエヴィチ・イェルショフ,経産省,有効,制裁リスト（経産省）
HOLD_LEGACY_NOT_IN_CURRENT,レベジェフ名称mcst,レベジェフ名称MCST,経産省,有効,制裁リスト（経産省）
HOLD_LEGACY_NOT_IN_CURRENT,レベデフ物理研究所,レベデフ物理研究所,経産省,有効,制裁リスト（経産省）
HOLD_LEGACY_NOT_IN_CURRENT,レンレ-ザ-ズ,レンレーザーズ,経産省,有効,制裁リスト（経産省）
HOLD_LEGACY_NOT_IN_CURRENT,ロ-ル・アップ有限会社,ロール･ アップ有限会社,経産省,有効,制裁リスト（経産省）
HOLD_LEGACY_NOT_IN_CURRENT,ロケット産業省,ロケット産業省,経産省,有効,制裁リスト（経産省）
HOLD_LEGACY_NOT_IN_CURRENT,ロシアfsvts,ロシアFSVTS,経産省,有効,制裁リスト（経産省）
HOLD_LEGACY_NOT_IN_CURRENT,ロシアン・セキュリティ・システム,ロシアン・セキュリティ・システム,経産省,有効,制裁リスト（経産省）
HOLD_LEGACY_NOT_IN_CURRENT,ロシア国防省第27学術センタ-,ロシア国防省第 27学術センター,経産省,有効,制裁リスト（経産省）
HOLD_LEGACY_NOT_IN_CURRENT,ロシア大統領府連邦国家予算機関,ロシア大統領府連邦国家予算機関,経産省,有効,制裁リスト（経産省）
HOLD_LEGACY_NOT_IN_CURRENT,ロシア大統領府連邦国家予算機関特別飛行部隊「russia,ロシア大統領府連邦国家予算機関特別飛行部隊「Russia」,経産省,有効,制裁リスト（経産省）
HOLD_LEGACY_NOT_IN_CURRENT,ロシア工業労働者労働組合v「gosniimash,ロシア工業労働者労働組合 V 「GOSNIIMASH」,経産省,有効,制裁リスト（経産省）
HOLD_LEGACY_NOT_IN_CURRENT,ロシア無線航法・時刻研究所,ロシア無線航法・時刻研究所,経産省,有効,制裁リスト（経産省）
HOLD_LEGACY_NOT_IN_CURRENT,ロシア科学アカデミ-(ras)a.a.ハルケヴィチ情報伝達問題研究所(iitp),ロシア科学アカデミー(RAS)Ａ．Ａ．ハルケヴィチ情報伝達問題研究所(IITP),経産省,有効,制裁リスト（経産省）
HOLD_LEGACY_NOT_IN_CURRENT,ロシア科学アカデミ-kiam,ロシア科学アカデミーKIAM,経産省,有効,制裁リスト（経産省）
HOLD_LEGACY_NOT_IN_CURRENT,ロシア科学アカデミ-m.v.ケルディシュ名称ipm,ロシア科学アカデミーM.V.ケ ルディシュ名称IPM,経産省,有効,制裁リスト（経産省）
HOLD_LEGACY_NOT_IN_CURRENT,ロシア科学アカデミ-p.n.レベデフ名称物理学研究所,ロシア科学アカデミーＰ．Ｎ．レベデフ名称物理学研究所,経産省,有効,制裁リスト（経産省）
HOLD_LEGACY_NOT_IN_CURRENT,ロシア科学アカデミ-v.a.トラペズニコフ名称制御科学研究所,ロシア科学アカデミーV.A.トラペズニコフ名称制御科学研究所,経産省,有効,制裁リスト（経産省）
HOLD_LEGACY_NOT_IN_CURRENT,ロシア科学アカデミ-シベリア支部、ルジャノフ半導体物理学研究所,ロシア科学アカデミーシベリア支部、ルジャノフ半導体物理学研究所,経産省,有効,制裁リスト（経産省）
HOLD_LEGACY_NOT_IN_CURRENT,ロシア科学アカデミ-シベリア支部高圧電子工学研究所,ロシア科学アカデミーシベリア支部高圧電子工学研 究所,経産省,有効,制裁リスト（経産省）
HOLD_LEGACY_NOT_IN_CURRENT,ロシア科学アカデミ-固体物理学研究所,ロシア科学アカデミー固体物理学研究所,経産省,有効,制裁リスト（経産省）
HOLD_LEGACY_NOT_IN_CURRENT,ロシア科学アカデミ-応用数学研究所ケルディシュ,ロシア科学アカデミー応用数学研究所ケルディシュ,経産省,有効,制裁リスト（経産省）
HOLD_LEGACY_NOT_IN_CURRENT,ロシア科学アカデミ-極東支部海洋技術問題研究所,ロシア科学アカデミー極東支部海洋技術問題研究所,経産省,有効,制裁リスト（経産省）
HOLD_LEGACY_NOT_IN_CURRENT,ロシア科学アカデミ-極東支部自動海洋研究特別研究局,ロシア科学アカデミー極東支部自動海洋研究特別研究局,経産省,有効,制裁リスト（経産省）
HOLD_LEGACY_NOT_IN_CURRENT,ロシア科学・高等教育省所管連邦国家予算学術機関ロシア科学アカデミ-k.a.ヴァリエフ名称物理・技術研究所,ロシア科学・高等教育省所管連邦国家予算学術機関ロシア科学アカデミーＫ．Ａ．ヴァリエ フ名称物理・技術研究所,経産省,有効,制裁リスト（経産省）
HOLD_LEGACY_NOT_IN_CURRENT,ロシア連邦原子力センタ-・全ロシア実験物理学研究所,ロシア連邦原子力センター・全ロシア実験物理学研究所,経産省,有効,制裁リスト（経産省）
HOLD_LEGACY_NOT_IN_CURRENT,ロシア連邦国家研究センタ-fgup化学機械中央学術研究所,ロシア連邦国家研究センターFGUP化学機械中央学術研究所,legacy;経産省,有効,制裁リスト（経産省／令和5年12月15日外為法）
HOLD_LEGACY_NOT_IN_CURRENT,ロシア連邦国防省第33中央研究試験所,ロシア連邦国防省第 33中央研究試験所,経産省,有効,制裁リスト（経産省）
HOLD_LEGACY_NOT_IN_CURRENT,ロシア連邦国防省航行・海洋局,ロシア連邦国防省航行・海洋局,経産省,有効,制裁リスト（経産省）
HOLD_LEGACY_NOT_IN_CURRENT,ロシア連邦軍事技術協力庁,ロシア連邦軍事技術協力庁,経産省,有効,制裁リスト（経産省）
HOLD_LEGACY_NOT_IN_CURRENT,ロススタンダ-ド,ロススタンダード,経産省,有効,制裁リスト（経産省）
HOLD_LEGACY_NOT_IN_CURRENT,ロステック・アジムト,ロステック・アジムト,経産省,有効,制裁リスト（経産省）
HOLD_LEGACY_NOT_IN_CURRENT,ロストフ・ヘリコプタ-制作複合体,ロストフ・ヘリコプター制作複合体,経産省,有効,制裁リスト（経産省）
HOLD_LEGACY_NOT_IN_CURRENT,ロスヴェルトル,ロスヴェルトル,経産省,有効,制裁リスト（経産省）
HOLD_LEGACY_NOT_IN_CURRENT,ロビントリエド,ロビントリエド,経産省,有効,制裁リスト（経産省）
HOLD_LEGACY_NOT_IN_CURRENT,ロビン貿易有限会社,ロビン貿易有限会社,経産省,有効,制裁リスト（経産省）
HOLD_LEGACY_NOT_IN_CURRENT,ワグナ-・グル-プ,ワグナー・グループ,経産省,有効,制裁リスト（経産省）
HOLD_LEGACY_NOT_IN_CURRENT,ワグネル・グル-プ,ワグネル・グループ,経産省,有効,制裁リスト（経産省）
HOLD_LEGACY_NOT_IN_CURRENT,ヴィムペルmak公共株式会社防衛企業,ヴィムペルMAK公共株式会社防衛企業,経産省;財務省,有効,制裁リスト（財務省：ロシア連邦(団体(特定銀行を除く))／経産省）
HOLD_LEGACY_NOT_IN_CURRENT,ヴェガ・パイロット・プラント,ヴェガ・パイロット・プラント,経産省,有効,制裁リスト（経産省）
HOLD_LEGACY_NOT_IN_CURRENT,ヴェガ実験プラント,ヴェガ実験プラント,経産省,有効,制裁リスト（経産省）
HOLD_LEGACY_NOT_IN_CURRENT,ヴェルフネウファレイ・プラント「ウラルエレメント,ヴェルフネウフ ァレイ・プラント「ウラルエレメント」,経産省,有効,制裁リスト（経産省）
HOLD_LEGACY_NOT_IN_CURRENT,ヴォルゴグラ-ド機械製造会社,ヴォルゴグラード機械製造会社,legacy;経産省,有効,制裁リスト（経産省／令和5年12月15日外為法）
HOLD_LEGACY_NOT_IN_CURRENT,ヴォルナspb,ヴォルナSPB,legacy;経産省,有効,制裁リスト（経産省／令和5年12月15日外為法）
HOLD_LEGACY_NOT_IN_CURRENT,三明市中伊欧进出口有限公司,三明市中伊欧进出口有限公司,OFAC;経産省,有効,制裁リスト（経産省／OFAC：SDN）
HOLD_LEGACY_NOT_IN_CURRENT,三興会社,三興会社,経産省,有効,制裁リスト（経産省）
HOLD_LEGACY_NOT_IN_CURRENT,上海丙至国際貿易有限公司,上海丙至国際貿易有限公司,経産省,有効,制裁リスト（経産省）
HOLD_LEGACY_NOT_IN_CURRENT,上海人创实业有限公司,上海人创实业有限公司,経産省,有効,制裁リスト（経産省）
HOLD_LEGACY_NOT_IN_CURRENT,上海天海复合气瓶有限公司,上海天海复合气瓶有限公司,経産省,有効,制裁リスト（経産省）
HOLD_LEGACY_NOT_IN_CURRENT,上海新力機器廠有限公司,上海新力機器廠有限公司,経産省,有効,制裁リスト（経産省）
HOLD_LEGACY_NOT_IN_CURRENT,上海港泉商貿有限公司,上海港泉商貿有限公司,経産省,有効,制裁リスト（経産省）
HOLD_LEGACY_NOT_IN_CURRENT,上海空間電源研究所,上海空間電源研究所,経産省,有効,制裁リスト（経産省）
HOLD_LEGACY_NOT_IN_CURRENT,上海航天技術研究院,上海航天技術研究院,経産省,有効,制裁リスト（経産省）
HOLD_LEGACY_NOT_IN_CURRENT,上海飛機製造有限公司,上海飛機製造有限公司,経産省,有効,制裁リスト（経産省）
HOLD_LEGACY_NOT_IN_CURRENT,両江道三水発電所建設部,両江道三水発電所建設部,経産省,有効,制裁リスト（経産省）
HOLD_LEGACY_NOT_IN_CURRENT,中国兵器工業集団有限公司,中国兵器工業集団有限公司,経産省,有効,制裁リスト（経産省）
HOLD_LEGACY_NOT_IN_CURRENT,中国工程物理研究院,中国工程物理研究院,経産省,有効,制裁リスト（経産省）
HOLD_LEGACY_NOT_IN_CURRENT,中国広核集団,中国広核集団,経産省,有効,制裁リスト（経産省）
HOLD_LEGACY_NOT_IN_CURRENT,中国核動力研究設計院,中国核動力研究設計院,経産省,有効,制裁リスト（経産省）
HOLD_LEGACY_NOT_IN_CURRENT,中国空気動力研究与発展中心,中国空気動力研究与発展中心,経産省,有効,制裁リスト（経産省）
HOLD_LEGACY_NOT_IN_CURRENT,中国空間技術研究院,中国空間技術研究院,経産省,有効,制裁リスト（経産省）
HOLD_LEGACY_NOT_IN_CURRENT,中国精密機械進出口有限公司,中国精密機械進出口有限公司,経産省,有効,制裁リスト（経産省）
HOLD_LEGACY_NOT_IN_CURRENT,中国航发南方工业有限公司,中国航发南方工业有限公司,経産省,有効,制裁リスト（経産省）
HOLD_LEGACY_NOT_IN_CURRENT,中国航天科工集団公司第三研究院三十五研究所,中国航天科工集団公司第三研究院三十五研究所,経産省,有効,制裁リスト（経産省）
HOLD_LEGACY_NOT_IN_CURRENT,中国航天科技集団公司第九研究院第十三研究所,中国航天科技集団公司第九研究院第十三研究所,経産省,有効,制裁リスト（経産省）
HOLD_LEGACY_NOT_IN_CURRENT,中国航天科技集団有限公司第九研究院第771研究所,中国航天科技集団有限公司第九研究院第771研究所,経産省,有効,制裁リスト（経産省）
HOLD_LEGACY_NOT_IN_CURRENT,中国航発北京航空材料研究院,中国航発北京航空材料研究院,経産省,有効,制裁リスト（経産省）
HOLD_LEGACY_NOT_IN_CURRENT,中国航空工业集团公司雷华电子技术研究所,中国航空工业集团公司雷华电子技术研究所,経産省,有効,制裁リスト（経産省）
HOLD_LEGACY_NOT_IN_CURRENT,中国航空工業集団公司済南特種結構研究所,中国航空工業集団公司済南特種結構研究所,経産省,有効,制裁リスト（経産省）
HOLD_LEGACY_NOT_IN_CURRENT,中国運載火箭技術研究院,中国運載火箭技術研究院,経産省,有効,制裁リスト（経産省）
HOLD_LEGACY_NOT_IN_CURRENT,中国電子科技集団公司第二十研究所,中国電子科技集団公司第二十研究所,経産省,有効,制裁リスト（経産省）
HOLD_LEGACY_NOT_IN_CURRENT,中国電子科技集団公司第五十四研究所,中国電子科技集団公司第五十四研究所,経産省,有効,制裁リスト（経産省）
HOLD_LEGACY_NOT_IN_CURRENT,中国電子科技集団公司第十研究所,中国電子科技集団公司第十研究所,経産省,有効,制裁リスト（経産省）
HOLD_LEGACY_NOT_IN_CURRENT,中央ネヴァ造船プラント,中央ネヴァ造船プラント,経産省,有効,制裁リスト（経産省）
HOLD_LEGACY_NOT_IN_CURRENT,丹東会社,丹東会社,経産省,有効,制裁リスト（経産省）
HOLD_LEGACY_NOT_IN_CURRENT,丹東浩通商貿有限公司,丹東浩通商貿有限公司,経産省,有効,制裁リスト（経産省）
HOLD_LEGACY_NOT_IN_CURRENT,保健食品科学院,保健食品科学院,経産省,有効,制裁リスト（経産省）
HOLD_LEGACY_NOT_IN_CURRENT,偵察総局,偵察総局,経産省;財務省,有効,制裁リスト（財務省：北朝鮮(協調；団体)、北朝鮮(決議1718号等；団体)／経産省）
HOLD_LEGACY_NOT_IN_CURRENT,先進研究基金,先進研究基金,経産省,有効,制裁リスト（経産省）
HOLD_LEGACY_NOT_IN_CURRENT,全ロシア光学物理計測科学研究所,全ロシア光学物理計測科学研究所,経産省,有効,制裁リスト（経産省）
HOLD_LEGACY_NOT_IN_CURRENT,全ロシア科学研究所株式会社エタロン,全ロシア科学研究所株式会社エタロン,経産省,有効,制裁リスト（経産省）
HOLD_LEGACY_NOT_IN_CURRENT,公共株式会社asz,公共株式会社 ASZ,経産省;財務省,有効,制裁リスト（財務省：ロシア連邦(団体(特定銀行を除く))／経産省）
HOLD_LEGACY_NOT_IN_CURRENT,公共株式会社b.n.スリュサル名称ロストヴェルトル,公共株式会社B.N.スリュサル名称ロストヴェルトル,legacy;経産省,有効,制裁リスト（経産省／令和5年12月15日外為法）
HOLD_LEGACY_NOT_IN_CURRENT,公共株式会社il支部、アヴィアスタル,公共株式会社IL支部、アヴィアスタル,経産省,有効,制裁リスト（経産省）
HOLD_LEGACY_NOT_IN_CURRENT,公共株式会社miea,公共株式会社 MIEA,経産省,有効,制裁リスト（経産省）
HOLD_LEGACY_NOT_IN_CURRENT,公共株式会社niisvt,公共株式会社NII SVT,経産省;財務省,有効,制裁リスト（財務省：ロシア連邦(団体(特定銀行を除く))／経産省）
HOLD_LEGACY_NOT_IN_CURRENT,公共株式会社tmz,公共株式会社TMZ,経産省;財務省,有効,制裁リスト（財務省：ロシア連邦(団体(特定銀行を除く))／経産省）
HOLD_LEGACY_NOT_IN_CURRENT,公共株式会社「アルザマス研究製造企業,公共株式会社「アルザマス研究製造企業」,経産省,有効,制裁リスト（経産省）
HOLD_LEGACY_NOT_IN_CURRENT,公共株式会社「ソユ-ズ,公共株式会社「ソユー ズ」,経産省,有効,制裁リスト（経産省）
HOLD_LEGACY_NOT_IN_CURRENT,公共株式会社アグレガ-ト,公共株式会社アグレガート,経産省,有効,制裁リスト（経産省）
HOLD_LEGACY_NOT_IN_CURRENT,公共株式会社アルザマス学術製造企業「テンプ・アヴィア,公共株式会社アル ザマス学術製造企業「テンプ・アヴィア」,経産省,有効,制裁リスト（経産省）
HOLD_LEGACY_NOT_IN_CURRENT,公共株式会社インテルテク,公共株式会社インテルテク,経産省,有効,制裁リスト（経産省）
HOLD_LEGACY_NOT_IN_CURRENT,公共株式会社ウラル設計建設局デタル,公共株式会 社ウラル設計建設局デタル,経産省,有効,制裁リスト（経産省）
HOLD_LEGACY_NOT_IN_CURRENT,公共株式会社オネガ科学研究・計画技術局,公共株式会社オネガ科学研究・計画技術 局,経産省,有効,制裁リスト（経産省）
HOLD_LEGACY_NOT_IN_CURRENT,公共株式会社カザンヘリコプタ-工場,公共株式会社カザンヘリコプター工場,経産省,有効,制裁リスト（経産省）
HOLD_LEGACY_NOT_IN_CURRENT,公共株式会社カマズ,公共株式会社カマズ,経産省;財務省,有効,制裁リスト（財務省：ロシア連邦(団体(特定銀行を除く))／経産省）
HOLD_LEGACY_NOT_IN_CURRENT,公共株式会社クラ-スナエ・ソルモヴォ工場,公共株 式会社クラースナエ・ソルモヴォ工場,経産省,有効,制裁リスト（経産省）
HOLD_LEGACY_NOT_IN_CURRENT,公共株式会社クルガン機械製造工場,公共株式会社クルガン機械製造工場,legacy;経産省,有効,制裁リスト（経産省／令和5年12月15日外為法）
HOLD_LEGACY_NOT_IN_CURRENT,公共株式会社コンツェルン・アフトマティカ,公共株式会社コンツェルン・アフトマティカ,経産省,有効,制裁リスト（経産省）
HOLD_LEGACY_NOT_IN_CURRENT,公共株式会社サリュ-ト,公共株式会社サリュー ト,経産省,有効,制裁リスト（経産省）
HOLD_LEGACY_NOT_IN_CURRENT,公共株式会社サンクトペテルブルク海洋機械製造局マラカイト,公共株式会社サンクトペテルブルク海洋機械製造局マラ カイト,経産省,有効,制裁リスト（経産省）
HOLD_LEGACY_NOT_IN_CURRENT,公共株式会社ズヴェズダ,公共株式会社ズヴェズダ,経産省,有効,制裁リスト（経産省）
HOLD_LEGACY_NOT_IN_CURRENT,公共株式会社ベリエフ名称航空機会社,公共株式会社ベリエフ名称航空機会社,経産省,有効,制裁リスト（経産省）
HOLD_LEGACY_NOT_IN_CURRENT,公共株式会社メガフォン,公共株式会社メガフォン,経産省,有効,制裁リスト（経産省）
HOLD_LEGACY_NOT_IN_CURRENT,公共株式会社ヤロスラヴリラジオワ-クス,公共株式会社ヤロスラヴリラジオワークス,経産省,有効,制裁リスト（経産省）
HOLD_LEGACY_NOT_IN_CURRENT,公共株式会社ヤロスラヴリ造船工場,公共株式会社ヤロスラヴリ造船工場,経産省,有効,制裁リスト（経産省）
HOLD_LEGACY_NOT_IN_CURRENT,公共株式会社ラジオフィジックス,公共株式会社ラジオフィジックス,経産省,有効,制裁リスト（経産省）
HOLD_LEGACY_NOT_IN_CURRENT,公共株式会社ルビン・セ-ヴェル建設局,公共株式会社ルビン・セーヴェル建設局,経産省,有効,制裁リスト（経産省）
HOLD_LEGACY_NOT_IN_CURRENT,公共株式会社ヴォロネジ航空機合弁会社,公共株式会社ヴォロネジ航空機合弁会社,経産省,有効,制裁リスト（経産省）
HOLD_LEGACY_NOT_IN_CURRENT,公共株式会社全ロシア研究所シグナル,公共株式会社全ロシア研究所シグナル,経産省,有効,制裁リスト（経産省）
HOLD_LEGACY_NOT_IN_CURRENT,公共株式会社国立学術・製造企業レギオン,公共株 式会社国立学術・製造企業レギオン,経産省,有効,制裁リスト（経産省）
HOLD_LEGACY_NOT_IN_CURRENT,公共株式会社国立研究所クリスタル,公共株式会社国 立研究所クリスタル,経産省,有効,制裁リスト（経産省）
HOLD_LEGACY_NOT_IN_CURRENT,公共株式会社情報テレコミュニケ-ションズ・テクノロジ-,公共株式会社情報テレコミュニケーションズ・テクノロ ジー,経産省,有効,制裁リスト（経産省）
HOLD_LEGACY_NOT_IN_CURRENT,公共株式会社特殊機械製造・冶金モトヴィリハ工場,公共株式会社特殊機械製造・冶金モトヴィリハ工場,legacy;経産省,有効,制裁リスト（経産省／令和5年12月15日外為法）
HOLD_LEGACY_NOT_IN_CURRENT,公共株式会社統一航空機製造会社,公共株式会社統一航空機製造会社,経産省,有効,制裁リスト（経産省）
HOLD_LEGACY_NOT_IN_CURRENT,公共株式会社高精度機械工学研究所,公共株式会社高精度機械工学研 究所,経産省,有効,制裁リスト（経産省）
HOLD_LEGACY_NOT_IN_CURRENT,公開株式会社a.m.ゴ-リキ-名称ゼレノドリスク工場,公開株式会社A.M.ゴーリキー名称ゼレノドリスク工場,legacy;経産省,有効,制裁リスト（経産省／令和5年12月15日外為法）
HOLD_LEGACY_NOT_IN_CURRENT,公開株式会社akトゥラマシュザヴォド,公開株式会社AKトゥラマシュザヴォド,legacy;経産省,有効,制裁リスト（経産省／令和5年12月15日外為法）
HOLD_LEGACY_NOT_IN_CURRENT,公開株式会社mmz,公開株式会社MMZ,経産省;財務省,有効,制裁リスト（財務省：ロシア連邦(団体(特定銀行を除く))／経産省）
HOLD_LEGACY_NOT_IN_CURRENT,公開株式会社npkテクマシュ,公開株式会社NPKテクマシュ,legacy;経産省;財務省,有効,制裁リスト（財務省：ロシア連邦(団体(特定銀行を除く))／経産省／令和5年12月15日外為法）
HOLD_LEGACY_NOT_IN_CURRENT,公開株式会社npoイジュマシュ,公開株式会社NPOイジュマシュ,外務省;経産省,有効,制裁リスト（経産省／外務省：ロシア連邦の特定団体への輸出等に係る禁止措置(外務省告示第61号)）
HOLD_LEGACY_NOT_IN_CURRENT,公開株式会社pkアフトゥバ,公開株式会社PKアフトゥバ,legacy;経産省,有効,制裁リスト（経産省／令和5年12月15日外為法）
HOLD_LEGACY_NOT_IN_CURRENT,公開株式会社r.e.アレクセ-エフ名称水中翼船中央設計局,公開株式会社Ｒ．Ｅ．アレクセーエフ名 称水中翼船中央設計局,経産省,有効,制裁リスト（経産省）
HOLD_LEGACY_NOT_IN_CURRENT,公開株式会社tsry,公開株式会社TSRY,経産省,有効,制裁リスト（経産省）
HOLD_LEGACY_NOT_IN_CURRENT,公開株式会社vomz,公開株式会社 VOMZ,経産省,有効,制裁リスト（経産省）
HOLD_LEGACY_NOT_IN_CURRENT,公開株式会社「クラ-スヌィ・ギドロプレス,公開 株式会社「クラースヌィ・ギドロプレス」,経産省,有効,制裁リスト（経産省）
HOLD_LEGACY_NOT_IN_CURRENT,公開株式会社イジェフスク機械製造工場,公開株式会社イジェフスク機械製造工場,外務省;経産省,有効,制裁リスト（経産省／外務省：ロシア連邦の特定団体への輸出等に係る禁止措置(外務省告示第61号)）
HOLD_LEGACY_NOT_IN_CURRENT,公開株式会社イジュマシュ,公開株式会社イジュマシュ,外務省;経産省,有効,制裁リスト（経産省／外務省：ロシア連邦の特定団体への輸出等に係る禁止措置(外務省告示第61号)）
HOLD_LEGACY_NOT_IN_CURRENT,公開株式会社ウラジ-ミル無線通信設計局,公開株式会社ウラジーミル無線通信設計局,経産省,有効,制裁リスト（経産省）
HOLD_LEGACY_NOT_IN_CURRENT,公開株式会社オボロンプロム,公開株式会社オボロンプロム,経産省,有効,制裁リスト（経産省）
HOLD_LEGACY_NOT_IN_CURRENT,公開株式会社クルスクプリボル,公 開株式会社クルスクプリボル,経産省,有効,制裁リスト（経産省）
HOLD_LEGACY_NOT_IN_CURRENT,公開株式会社コンツェルンnpoアヴロラ,公開株式会社コンツェルンNPOアヴロラ,外務省;経産省,有効,制裁リスト（経産省／外務省：ロシア連邦の特定団体への輸出等に係る禁止措置(外務省告示第61号)）
HOLD_LEGACY_NOT_IN_CURRENT,公開株式会社コンツェルンpvoアルマズ・アンティ,公開株式会社コンツェルンPVOアルマズ・アンティ,外務省;経産省,有効,制裁リスト（経産省／外務省：ロシア連邦の特定団体への輸出等に係る禁止措置(外務省告示第61号)）
HOLD_LEGACY_NOT_IN_CURRENT,公開株式会社ゴスニイクヒムアナリット,公開株式会社ゴスニイクヒムアナリット,経産省,有効,制裁リスト（経産省）
HOLD_LEGACY_NOT_IN_CURRENT,公開株式会社ジド,公開株式会社ジド,legacy;経産省;財務省,有効,制裁リスト（財務省：ロシア連邦(団体(特定銀行を除く))／経産省／令和5年12月15日外為法）
HOLD_LEGACY_NOT_IN_CURRENT,公開株式会社スヴェトロフスコエ・プレドプリヤティエ・エラ,公開株式会社スヴェトロフスコエ・プレドプリヤティエ・エラ,経産省,有効,制裁リスト（経産省）
HOLD_LEGACY_NOT_IN_CURRENT,公開株式会社セ-ヴェルナヤ・ワ-フ造船プラント,公開株式会社セーヴェルナヤ・ワーフ造船プラン ト,経産省,有効,制裁リスト（経産省）
HOLD_LEGACY_NOT_IN_CURRENT,公開株式会社ダリザヴォ-ト船舶修理センタ-,公開株式会社ダリザヴォート船舶修理センター,経産省,有効,制裁リスト（経産省）
HOLD_LEGACY_NOT_IN_CURRENT,公開株式会社トゥアプセ船舶修理プラント,公開株式会社トゥアプセ船舶修理プラント,経産省,有効,制裁リスト（経産省）
HOLD_LEGACY_NOT_IN_CURRENT,公開株式会社ノヴォロシスキ-・スドレモントニ-・ザヴォ-ド,公開株式会社ノヴォロシスキー・スドレモントニー・ザ ヴォード,経産省,有効,制裁リスト（経産省）
HOLD_LEGACY_NOT_IN_CURRENT,公開株式会社ハバロフスク無線工学工場,公開株式会社ハバロフスク無線工学工場,経産省,有効,制裁リスト（経産省）
HOLD_LEGACY_NOT_IN_CURRENT,公開株式会社ペラ造船所,公開株式会社ペラ造船所,経産省,有効,制裁リスト（経産省）
HOLD_LEGACY_NOT_IN_CURRENT,公開株式会社マリイスキ-機械製造工場,公開株式会社マリイスキー機械製造工場,経産省,有効,制裁リスト（経産省）
HOLD_LEGACY_NOT_IN_CURRENT,公開株式会社ラジオフィジカ,公開株式会社ラジオフィジカ,経産省,有効,制裁リスト（経産省）
HOLD_LEGACY_NOT_IN_CURRENT,公開株式会社レニングラ-ド造船所ペラ,公開株式会社レニングラード造船所ペラ,経産省,有効,制裁リスト（経産省）
HOLD_LEGACY_NOT_IN_CURRENT,公開株式会社ロスオボロンエクスポルト,公開株式会社ロスオボロンエクスポルト,経産省,有効,制裁リスト（経産省）
HOLD_LEGACY_NOT_IN_CURRENT,公開株式会社ヴォルゴグラ-ド無線技術機器工場,公開株式会社ヴォルゴグラード無線技術機器工場,経産省,有効,制裁リスト（経産省）
HOLD_LEGACY_NOT_IN_CURRENT,公開株式会社研究・製造法人イルク-ト,公開株式会社研究・製造法人イルクート,経産省,有効,制裁リスト（経産省）
HOLD_LEGACY_NOT_IN_CURRENT,公開株式会社科学生産企業プリサル,公開株式会社科学生産企業プリサル,経産省,有効,制裁リスト（経産省）
HOLD_LEGACY_NOT_IN_CURRENT,公開株式会社第170飛行支援機器修理工場,公開株式会社第170飛行支援機器修理工場,経産省,有効,制裁リスト（経産省）
HOLD_LEGACY_NOT_IN_CURRENT,公開株式会社第20航空修理工場,公開株式会社第20航空修理工場,経産省,有効,制裁リスト（経産省）
HOLD_LEGACY_NOT_IN_CURRENT,公開株式会社第275航空修理工場,公開株式会社第275航空修理工場,経産省,有効,制裁リスト（経産省）
HOLD_LEGACY_NOT_IN_CURRENT,公開株式会社第308航空修理工場,公開株式会社第308航空修理工場,経産省,有効,制裁リスト（経産省）
HOLD_LEGACY_NOT_IN_CURRENT,公開株式会社第322航空修理工場,公開株式会社第322航空修理工場,経産省,有効,制裁リスト（経産省）
HOLD_LEGACY_NOT_IN_CURRENT,公開株式会社第325航空修理工場,公開株式会社第325航空修理工場,経産省,有効,制裁リスト（経産省）
HOLD_LEGACY_NOT_IN_CURRENT,公開株式会社第32飛行支援機器修理工場,公開株式会社第32飛行支援機器修理工場,経産省,有効,制裁リスト（経産省）
HOLD_LEGACY_NOT_IN_CURRENT,公開株式会社第680航空機修理工場,公開株式会社第680航空機修理工場,経産省,有効,制裁リスト（経産省）
HOLD_LEGACY_NOT_IN_CURRENT,公開株式会社第720飛行支援機器修理工場,公開株式会社第720飛行支援機器修理工場,経産省,有効,制裁リスト（経産省）
HOLD_LEGACY_NOT_IN_CURRENT,公開株式会社製造工学学術生産公団,公開株式会社製造工学学術生産公団,経産省;財務省,有効,制裁リスト（財務省：ロシア連邦(団体(特定銀行を除く))／経産省）
HOLD_LEGACY_NOT_IN_CURRENT,内務省ニジニ・ノヴゴロド本部専門法科学センタ-,内務省ニジニ・ノヴゴロド本部専門法科学センター,経産省,有効,制裁リスト（経産省）
HOLD_LEGACY_NOT_IN_CURRENT,化学工業大学,化学工業大学,経産省,有効,制裁リスト（経産省）
HOLD_LEGACY_NOT_IN_CURRENT,化学機械製造設計局kbkhm,化学機械製造設計局 KBKhM,経産省,有効,制裁リスト（経産省）
HOLD_LEGACY_NOT_IN_CURRENT,化学防衛研究所,化学防衛研究所,経産省,有効,制裁リスト（経産省）
HOLD_LEGACY_NOT_IN_CURRENT,北京動力機械研究所,北京動力機械研究所,経産省,有効,制裁リスト（経産省）
HOLD_LEGACY_NOT_IN_CURRENT,北京合衆思壯科技股份有限公司,北京合衆思壯科技股份有限公司,経産省,有効,制裁リスト（経産省）
HOLD_LEGACY_NOT_IN_CURRENT,北京和德宇航技术有限公司,北京和德宇航技 术有限公司,経産省,有効,制裁リスト（経産省）
HOLD_LEGACY_NOT_IN_CURRENT,北京天海工业有限公司,北京天海工业有限公司,経産省,有効,制裁リスト（経産省）
HOLD_LEGACY_NOT_IN_CURRENT,北京強度環境研究所,北京強度環境研究所,経産省,有効,制裁リスト（経産省）
HOLD_LEGACY_NOT_IN_CURRENT,北京成興貿易有限公司,北京成興貿易有限公司,経産省,有効,制裁リスト（経産省）
HOLD_LEGACY_NOT_IN_CURRENT,北京海立連合科技有限公司,北京海立連合科技有限公司,経産省,有効,制裁リスト（経産省）
HOLD_LEGACY_NOT_IN_CURRENT,北京理工大学,北京理工大学,経産省,有効,制裁リスト（経産省）
HOLD_LEGACY_NOT_IN_CURRENT,北京科泰克科技有限責任公司,北京科泰克科技有限責任公司,経産省,有効,制裁リスト（経産省）
HOLD_LEGACY_NOT_IN_CURRENT,北京罗罗科技发展有限公司,北京罗罗科技发展有限公司,経産省,有効,制裁リスト（経産省）
HOLD_LEGACY_NOT_IN_CURRENT,北京自動化控制設備研究所,北京自動化控制設備研究所,経産省,有効,制裁リスト（経産省）
HOLD_LEGACY_NOT_IN_CURRENT,北京航天自動控制研究所,北京航天自動控制研究所,経産省,有効,制裁リスト（経産省）
HOLD_LEGACY_NOT_IN_CURRENT,北京航空材料研究院股份有限公司,北京航空材料研究院股份有限公司,経産省,有効,制裁リスト（経産省）
HOLD_LEGACY_NOT_IN_CURRENT,北京航空航天大学,北京航空航天大学,経産省,有効,制裁リスト（経産省）
HOLD_LEGACY_NOT_IN_CURRENT,北京航空製造工程研究所,北京航空製造工程研究所,経産省,有効,制裁リスト（経産省）
HOLD_LEGACY_NOT_IN_CURRENT,北京闪亮之夜科技发展有限公司,北京闪亮之夜科技发展有限公司,経産省,有効,制裁リスト（経産省）
HOLD_LEGACY_NOT_IN_CURRENT,北方プレス,北方プレス,経産省,有効,制裁リスト（経産省）
HOLD_LEGACY_NOT_IN_CURRENT,南山2会社,南山2会社,経産省,有効,制裁リスト（経産省）
HOLD_LEGACY_NOT_IN_CURRENT,南川江貿易会社,南川江貿易会社,経産省,有効,制裁リスト（経産省）
HOLD_LEGACY_NOT_IN_CURRENT,南溪穀科技有限公司,南溪穀科技有限公司,OFAC;経産省,有効,制裁リスト（経産省／OFAC：SDN）
HOLD_LEGACY_NOT_IN_CURRENT,南興化学工場,南興化学工場,経産省,有効,制裁リスト（経産省）
HOLD_LEGACY_NOT_IN_CURRENT,原子力工業省,原子力工業省,経産省;財務省,有効,制裁リスト（財務省：北朝鮮(決議1718号等；団体)／経産省）
HOLD_LEGACY_NOT_IN_CURRENT,参謀本部情報総局,参謀本部情報総局,経産省,有効,制裁リスト（経産省）
HOLD_LEGACY_NOT_IN_CURRENT,合弁企業クオンタム,合弁企業クオンタム,経産省,有効,制裁リスト（経産省）
HOLD_LEGACY_NOT_IN_CURRENT,合弁企業クヴァント,合弁企業クヴァント,経産省,有効,制裁リスト（経産省）
HOLD_LEGACY_NOT_IN_CURRENT,哈爾浜工業大学,哈爾浜工業大学,経産省,有効,制裁リスト（経産省）
HOLD_LEGACY_NOT_IN_CURRENT,哈爾浜工程大学,哈爾浜工程大学,経産省,有効,制裁リスト（経産省）
HOLD_LEGACY_NOT_IN_CURRENT,啊咕信息技術有限公司,啊咕信息技術有限公司,OFAC;経産省,有効,制裁リスト（経産省／OFAC：SDN）
HOLD_LEGACY_NOT_IN_CURRENT,国家国境委員会と警察,国家国境委員会と警察,経産省,有効,制裁リスト（経産省）
HOLD_LEGACY_NOT_IN_CURRENT,国家親衛軍と警察,国家親衛軍と警察,経産省,有効,制裁リスト（経産省）
HOLD_LEGACY_NOT_IN_CURRENT,国立化学・分析研究所,国立化学・分析研究所,経産省,有効,制裁リスト（経産省）
HOLD_LEGACY_NOT_IN_CURRENT,国立機械工学研究所,国立機械工学研究所,経産省,有効,制裁リスト（経産省）
HOLD_LEGACY_NOT_IN_CURRENT,国立科学センタ-株式会社gntsrf-feia.i.レイプンスキ-・フィスコ-・エネルギ-・センタ-,国立科学センター株式会社 GNTs RF – FEI A.I. レイプンスキー・フィスコ－・エネルギー・ センター,経産省,有効,制裁リスト（経産省）
HOLD_LEGACY_NOT_IN_CURRENT,国防大学,国防大学,経産省,有効,制裁リスト（経産省）
HOLD_LEGACY_NOT_IN_CURRENT,国防省(ベラル-シ軍及び場所を問わず全ての運用部隊を含む。),国防省（ベラルーシ軍及び場所を問わず全ての運用部隊を含む。）,経産省,有効,制裁リスト（経産省）
HOLD_LEGACY_NOT_IN_CURRENT,国防省(連邦軍及び場所を問わず全ての運用部隊を含む),国防省（連邦軍及び場所を問わず全ての運用部隊を含む）,経産省,有効,制裁リスト（経産省）
HOLD_LEGACY_NOT_IN_CURRENT,国防省科学研究第33中央試験研究所,国防省科学研究第 33中央試験研究所,経産省,有効,制裁リスト（経産省）
HOLD_LEGACY_NOT_IN_CURRENT,国防省第27学術開発センタ-,国防省第 27学術開発センター,経産省,有効,制裁リスト（経産省）
HOLD_LEGACY_NOT_IN_CURRENT,国防省通信センタ-,国防省通信センター,経産省,有効,制裁リスト（経産省）
HOLD_LEGACY_NOT_IN_CURRENT,国防科学技術大学,国防科学技術大学,経産省,有効,制裁リスト（経産省）
HOLD_LEGACY_NOT_IN_CURRENT,国際量子光学・量子技術センタ-,国際量子光学・量子技術センター,経産省,有効,制裁リスト（経産省）
HOLD_LEGACY_NOT_IN_CURRENT,土星技術貿易会社,土星技術貿易会社,経産省,有効,制裁リスト（経産省）
HOLD_LEGACY_NOT_IN_CURRENT,大安親善ガラス工場(平安南道,大安親善ガラス工場(平安南道,経産省,有効,制裁リスト（経産省）
HOLD_LEGACY_NOT_IN_CURRENT,大安重機械連合企業所,大安重機械連合企業所,経産省,有効,制裁リスト（経産省）
HOLD_LEGACY_NOT_IN_CURRENT,大安電機工場,大安電機工場,経産省,有効,制裁リスト（経産省）
HOLD_LEGACY_NOT_IN_CURRENT,大眾科技有限公司,大眾科技有限公司,経産省,有効,制裁リスト（経産省）
HOLD_LEGACY_NOT_IN_CURRENT,大立射頻技術有限公司,大立射頻技術有限公司,経産省,有効,制裁リスト（経産省）
HOLD_LEGACY_NOT_IN_CURRENT,大興運輸貿易会社,大興運輸貿易会社,経産省,有効,制裁リスト（経産省）
HOLD_LEGACY_NOT_IN_CURRENT,大興青年鉱山,大興青年鉱山,経産省,有効,制裁リスト（経産省）
HOLD_LEGACY_NOT_IN_CURRENT,学術生産企業「カント,学術生産企業「カント」,経産省,有効,制裁リスト（経産省）
HOLD_LEGACY_NOT_IN_CURRENT,学術生産企業「スヴャジ,学術生産企業「スヴャジ」,経産省,有効,制裁リスト（経産省）
HOLD_LEGACY_NOT_IN_CURRENT,学術生産企業「ラジオスヴャジ,学術生産企業「ラジオスヴャジ」,経産省,有効,制裁リスト（経産省）
HOLD_LEGACY_NOT_IN_CURRENT,学術生産企業ガンマ,学術生産企業ガンマ,経産省,有効,制裁リスト（経産省）
HOLD_LEGACY_NOT_IN_CURRENT,学術生産企業スタルト,学術生産企業スタルト,経産省,有効,制裁リスト（経産省）
HOLD_LEGACY_NOT_IN_CURRENT,学術生産企業ヴォルナ,学術生産企業ヴォルナ,経産省,有効,制裁リスト（経産省）
HOLD_LEGACY_NOT_IN_CURRENT,学術生産公団izhbs,学術生産公団IZHBS,legacy;経産省;財務省,有効,制裁リスト（財務省：ロシア連邦(団体(特定銀行を除く))／経産省／令和5年12月15日外為法）
HOLD_LEGACY_NOT_IN_CURRENT,学術生産公団v.i.シムコ名称ラジオエレクトロニクス,学術生産公団 V.I.シムコ名称ラジオエレクトロニクス,経産省,有効,制裁リスト（経産省）
HOLD_LEGACY_NOT_IN_CURRENT,学術生産公団エレクトリックシステム,学術生産公団エレクトリックシステム,経産省,有効,制裁リスト（経産省）
HOLD_LEGACY_NOT_IN_CURRENT,学術生産公団エレクトロンニエシステム,学術生産公団エレクトロンニエシステム,経産省,有効,制裁リスト（経産省）
HOLD_LEGACY_NOT_IN_CURRENT,学術生産公団マ-ス,学術生産公団マース,経産省,有効,制裁リスト（経産省）
HOLD_LEGACY_NOT_IN_CURRENT,学術生産公団ヴィント,学術生産公団ヴィン ト,経産省,有効,制裁リスト（経産省）
HOLD_LEGACY_NOT_IN_CURRENT,学術生産公団ヴィンペル,学術生産公団ヴィン ペル,経産省,有効,制裁リスト（経産省）
HOLD_LEGACY_NOT_IN_CURRENT,学術生産公団ヴォルナ工場,学術生産公団ヴォルナ工場,legacy;経産省,有効,制裁リスト（経産省／令和5年12月15日外為法）
HOLD_LEGACY_NOT_IN_CURRENT,学術生産公団電子システム,学術生産公団電子システム,経産省,有効,制裁リスト（経産省）
HOLD_LEGACY_NOT_IN_CURRENT,学術生産団体dsol,学術生産団体 DSol,経産省,有効,制裁リスト（経産省）
HOLD_LEGACY_NOT_IN_CURRENT,学術生産団体エタロン,学術生産団体エタロン,経産省,有効,制裁リスト（経産省）
HOLD_LEGACY_NOT_IN_CURRENT,学術生産団体マ-ス,学術生産団体マース,経産省,有効,制裁リスト（経産省）
HOLD_LEGACY_NOT_IN_CURRENT,学術生産団体ラヴォチキン,学術生産団体ラヴォチキン,経産省,有効,制裁リスト（経産省）
HOLD_LEGACY_NOT_IN_CURRENT,学術生産団体・無線部品科学研究所,学術生産団体・無線部品科学研究所,経産省,有効,制裁リスト（経産省）
HOLD_LEGACY_NOT_IN_CURRENT,学術研究所ギドロスヴャジ「シュティル,学術研究所 ギドロスヴャジ「シュティル」,経産省,有効,制裁リスト（経産省）
HOLD_LEGACY_NOT_IN_CURRENT,寧波新世紀進出口有限公司,寧波新世紀進出口有限公司,経産省,有効,制裁リスト（経産省）
HOLD_LEGACY_NOT_IN_CURRENT,対外技術貿易センタ-,対外技術貿易センター,経産省,有効,制裁リスト（経産省）
HOLD_LEGACY_NOT_IN_CURRENT,対外経済団体マシュプリボリントルグ,対外経済団体マシュプリボリントルグ,経産省,有効,制裁リスト（経産省）
HOLD_LEGACY_NOT_IN_CURRENT,対外諜報庁,対外諜報庁,経産省,有効,制裁リスト（経産省）
HOLD_LEGACY_NOT_IN_CURRENT,小白水連合貿易会社,小白水連合貿易会社,経産省,有効,制裁リスト（経産省）
HOLD_LEGACY_NOT_IN_CURRENT,崇義恒毅陶瓷複合材料有限公司,崇義恒毅陶瓷複合材料有限公司,経産省,有効,制裁リスト（経産省）
HOLD_LEGACY_NOT_IN_CURRENT,工業用自動制御設計局,工業用自 動制御設計局,経産省,有効,制裁リスト（経産省）
HOLD_LEGACY_NOT_IN_CURRENT,工業設計局ファケル,工業設計局ファケル,経産省;財務省,有効,制裁リスト（財務省：ロシア連邦(団体(特定銀行を除く))／経産省）
HOLD_LEGACY_NOT_IN_CURRENT,常州联拓复合材料有限公司,常州联拓复合材料有限公司,経産省,有効,制裁リスト（経産省）
HOLD_LEGACY_NOT_IN_CURRENT,平和自動車会社,平和自動車会社,経産省,有効,制裁リスト（経産省）
HOLD_LEGACY_NOT_IN_CURRENT,平壌ゴム工場,平壌ゴム工場,経産省,有効,制裁リスト（経産省）
HOLD_LEGACY_NOT_IN_CURRENT,平壌市図書館,平壌市図書館,経産省,有効,制裁リスト（経産省）
HOLD_LEGACY_NOT_IN_CURRENT,平壌市道路建設事務所,平壌市道路建設事務所,経産省,有効,制裁リスト（経産省）
HOLD_LEGACY_NOT_IN_CURRENT,平壌市都市建設総局,平壌市都市建設総局,経産省,有効,制裁リスト（経産省）
HOLD_LEGACY_NOT_IN_CURRENT,平壌情報センタ-,平壌情報センター,経産省,有効,制裁リスト（経産省）
HOLD_LEGACY_NOT_IN_CURRENT,平壌技術大学,平壌技術大学,経産省,有効,制裁リスト（経産省）
HOLD_LEGACY_NOT_IN_CURRENT,平壌産院,平壌産院,経産省,有効,制裁リスト（経産省）
HOLD_LEGACY_NOT_IN_CURRENT,平壌緑山貿易会社,平壌緑山貿易会社,経産省,有効,制裁リスト（経産省）
HOLD_LEGACY_NOT_IN_CURRENT,平壌貿易会社,平壌貿易会社,経産省,有効,制裁リスト（経産省）
HOLD_LEGACY_NOT_IN_CURRENT,平壌電話交換局,平壌電話交換局,経産省,有効,制裁リスト（経産省）
HOLD_LEGACY_NOT_IN_CURRENT,広州卡本複合材料有限公司,広州卡本複合材料有限公司,経産省,有効,制裁リスト（経産省）
HOLD_LEGACY_NOT_IN_CURRENT,広州天海翔航空科技有限公司,広州天海翔航空科技有限公司,経産省,有効,制裁リスト（経産省）
HOLD_LEGACY_NOT_IN_CURRENT,彗星貿易会社,彗星貿易会社,経産省,有効,制裁リスト（経産省）
HOLD_LEGACY_NOT_IN_CURRENT,応用化学科学研究所,応用化学科学研究所,経産省,有効,制裁リスト（経産省）
HOLD_LEGACY_NOT_IN_CURRENT,応用音響科学研究所,応用音響科学研究所,経産省,有効,制裁リスト（経産省）
HOLD_LEGACY_NOT_IN_CURRENT,快急送物流(中國,快急送物流(中國,経産省,有効,制裁リスト（経産省）
HOLD_LEGACY_NOT_IN_CURRENT,恩徳化学工場,恩徳化学工場,経産省,有効,制裁リスト（経産省）
HOLD_LEGACY_NOT_IN_CURRENT,情報伝達問題研究所,情報伝 達問題研究所,経産省,有効,制裁リスト（経産省）
HOLD_LEGACY_NOT_IN_CURRENT,情報伝達問題研究所ran,情報伝達問題研究所 RAN,経産省,有効,制裁リスト（経産省）
HOLD_LEGACY_NOT_IN_CURRENT,情報総局,情報総局,経産省,有効,制裁リスト（経産省）
HOLD_LEGACY_NOT_IN_CURRENT,愛瑪芯科技有限公司,愛瑪芯科技有限公司,OFAC;経産省,有効,制裁リスト（経産省／OFAC：SDN）
HOLD_LEGACY_NOT_IN_CURRENT,戦勝70周年記念工場,戦勝70周年記念工場,経産省;財務省,有効,制裁リスト（財務省：ロシア連邦(団体(特定銀行を除く))／経産省）
HOLD_LEGACY_NOT_IN_CURRENT,戦略管制所コ-ポレ-ション,戦略管制所コーポレーション,経産省,有効,制裁リスト（経産省）
HOLD_LEGACY_NOT_IN_CURRENT,戦術ミサイル兵器コ-ポレ-ション、711航空機修理工場,戦術ミサイル兵器コーポレーション、711航空機修理工場,経産省,有効,制裁リスト（経産省）
HOLD_LEGACY_NOT_IN_CURRENT,戦術ミサイル兵器コ-ポレ-ション、kb機械製造,戦術ミサイル兵器コーポレーション、KB機械製造,経産省,有効,制裁リスト（経産省）
HOLD_LEGACY_NOT_IN_CURRENT,戦術ミサイル兵器コ-ポレ-ション、rkbグロ-ブス,戦術ミサイル兵器コーポレーション、RKBグローブス,経産省,有効,制裁リスト（経産省）
HOLD_LEGACY_NOT_IN_CURRENT,戦術ミサイル兵器コ-ポレ-ション、trvエンジニアリング,戦術ミサイル兵器コーポレーション、TRVエンジニアリング,経産省,有効,制裁リスト（経産省）
HOLD_LEGACY_NOT_IN_CURRENT,戦術ミサイル兵器コ-ポレ-ション、「中央自動設計局,戦術ミサイル兵器コーポレーション、「中央自動設計局」,経産省,有効,制裁リスト（経産省）
HOLD_LEGACY_NOT_IN_CURRENT,戦術ミサイル兵器コ-ポレ-ション、アゾフ光学機械工場,戦術ミサイル兵器コーポレーション､アゾフ光学機械工場,経産省,有効,制裁リスト（経産省）
HOLD_LEGACY_NOT_IN_CURRENT,戦術ミサイル兵器コ-ポレ-ション、ウラル設計局「デタル,戦術ミサイル兵器コーポレーション、ウラル設計局「デタル」,経産省,有効,制裁リスト（経産省）
HOLD_LEGACY_NOT_IN_CURRENT,戦術ミサイル兵器コ-ポレ-ション、スモレンスク航空プラント,戦術ミサイル兵器コーポレーション､スモレンスク航空プラント,経産省,有効,制裁リスト（経産省）
HOLD_LEGACY_NOT_IN_CURRENT,戦術ミサイル兵器コ-ポレ-ション、ペテロフスク電気機械プラント「モロト,戦術ミサイル兵器コーポレーション、ペテロフスク電気機械プラント「モロト」,経産省,有効,制裁リスト（経産省）
HOLD_LEGACY_NOT_IN_CURRENT,戦術ミサイル兵器コ-ポレ-ション、ラドゥガ設計局,戦術ミサイル兵器コーポレーション､ラドゥガ設計局,経産省,有効,制裁リスト（経産省）
HOLD_LEGACY_NOT_IN_CURRENT,戦術ミサイル兵器コ-ポレ-ション、公共株式会社anppテンプ・アヴィア,戦術ミサイル兵器コーポレーション、公共株式会社 ANPPテンプ・アヴィア,経産省,有効,制裁リスト（経産省）
HOLD_LEGACY_NOT_IN_CURRENT,戦術ミサイル兵器コ-ポレ-ション、公共株式会社「mbdbイスクラ,戦術ミサイル兵器コーポレーション、公共株式会社「MBDBイスクラ」,経産省,有効,制裁リスト（経産省）
HOLD_LEGACY_NOT_IN_CURRENT,戦術ミサイル兵器コ-ポレ-ション、学術生産公団エレクトロメカニクス,戦術ミサイル兵器コーポレーション、学術生産公団エレクトロメカニクス,経産省,有効,制裁リスト（経産省）
HOLD_LEGACY_NOT_IN_CURRENT,戦術ミサイル兵器コ-ポレ-ション、学術生産公団ライトニング,戦術ミサイル兵器コーポレーション、学術生産公団ライトニング,経産省,有効,制裁リスト（経産省）
HOLD_LEGACY_NOT_IN_CURRENT,戦術ミサイル兵器コ-ポレ-ション、有限会社ズヴェズダ・ストレラ,戦術ミサイル兵器コーポレーション、有限会社ズヴェズダ・ストレラ,経産省,有効,制裁リスト（経産省）
HOLD_LEGACY_NOT_IN_CURRENT,戦術ミサイル兵器コ-ポレ-ション、株式会社gosniimash,戦術ミサイル兵器コーポレーション、株式会社 GosNIIMash,経産省,有効,制裁リスト（経産省）
HOLD_LEGACY_NOT_IN_CURRENT,戦術ミサイル兵器コ-ポレ-ション、株式会社i.i.トロポフ名称国立機械製造設計局「ヴィンペル,戦術ミサイル兵器コーポレーション､株式会社 I.I.トロポフ名称国立機械製造設計局「ヴィ ンペル」,経産省,有効,制裁リスト（経産省）
HOLD_LEGACY_NOT_IN_CURRENT,戦術ミサイル兵器コ-ポレ-ション、株式会社paストレラ,戦術ミサイル兵器コーポレーション、株式会社 PAストレラ,経産省,有効,制裁リスト（経産省）
HOLD_LEGACY_NOT_IN_CURRENT,戦術ミサイル兵器コ-ポレ-ション、株式会社tmkb「ソユ-ズ,戦術ミサイル兵器コーポレーション、株式会社 TMKB「ソユーズ」,経産省,有効,制裁リスト（経産省）
HOLD_LEGACY_NOT_IN_CURRENT,戦術ミサイル兵器コ-ポレ-ション、株式会社「ウラルエレメント,戦術ミサイル兵器コーポレーション、株式会社「ウラルエレメント」,経産省,有効,制裁リスト（経産省）
HOLD_LEGACY_NOT_IN_CURRENT,戦術ミサイル兵器コ-ポレ-ション、株式会社「クラ-スヌィ・ギドロプレス,戦術ミサイル兵器コーポレーション、株式会社「クラースヌィ・ギドロプレス」,経産省,有効,制裁リスト（経産省）
HOLD_LEGACY_NOT_IN_CURRENT,戦術ミサイル兵器コ-ポレ-ション、株式会社「サリュ-ト,戦術ミサイル兵器コーポレーション、株式会社「サリュート」,経産省,有効,制裁リスト（経産省）
HOLD_LEGACY_NOT_IN_CURRENT,戦術ミサイル兵器コ-ポレ-ション、株式会社「ダグディエセル・プラント,戦術ミサイル兵器コーポレーション、株式会社「ダグディエセル・プラント」,経産省,有効,制裁リスト（経産省）
HOLD_LEGACY_NOT_IN_CURRENT,戦術ミサイル兵器コ-ポレ-ション、株式会社「海洋熱工学科学研究所,戦術ミサイル兵器コーポレーション、株式会社「海洋熱工学科学研究所」,経産省,有効,制裁リスト（経産省）
HOLD_LEGACY_NOT_IN_CURRENT,戦術ミサイル兵器コ-ポレ-ション、株式会社「自動設計研究所,戦術ミサイル兵器コーポレーション、株式会社「自動設計研究所」,経産省,有効,制裁リスト（経産省）
HOLD_LEGACY_NOT_IN_CURRENT,戦術ミサイル兵器コ-ポレ-ション、株式会社アヴァンガルド,戦術ミサイル兵器コーポレーション、株式会社アヴァンガルド,経産省,有効,制裁リスト（経産省）
HOLD_LEGACY_NOT_IN_CURRENT,戦術ミサイル兵器コ-ポレ-ション、株式会社エレクトロチャ-ガ,戦術ミサイル兵器コーポレーション、株式会社エレクトロチャーガ,経産省,有効,制裁リスト（経産省）
HOLD_LEGACY_NOT_IN_CURRENT,戦術ミサイル兵器コ-ポレ-ション、株式会社クラコフ・プラント,戦術ミサイル兵器コーポレーション、株式会社クラコフ・プラント,経産省,有効,制裁リスト（経産省）
HOLD_LEGACY_NOT_IN_CURRENT,戦術ミサイル兵器コ-ポレ-ション、株式会社コンツェルン・グラニット・エレクトロン,戦術ミサイル兵器コーポレーション､株式会社コンツェルン・グラニット・エレクトロン,経産省,有効,制裁リスト（経産省）
HOLD_LEGACY_NOT_IN_CURRENT,戦術ミサイル兵器コ-ポレ-ション、株式会社サラトフ無線機器プラント,戦術ミサイル兵器コーポレーション、株式会社サラトフ無線機器プラント,経産省,有効,制裁リスト（経産省）
HOLD_LEGACY_NOT_IN_CURRENT,戦術ミサイル兵器コ-ポレ-ション、株式会社セ-ヴェルヌィ・プレス,戦術ミサイル兵器コーポレーション、株式会社セーヴェルヌィ・プレス,経産省,有効,制裁リスト（経産省）
HOLD_LEGACY_NOT_IN_CURRENT,戦術ミサイル兵器コ-ポレ-ション、株式会社ラヴェンストヴォ,戦術ミサイル兵器コーポレーション、株式会社ラヴェンストヴォ,経産省,有効,制裁リスト（経産省）
HOLD_LEGACY_NOT_IN_CURRENT,戦術ミサイル兵器コ-ポレ-ション、株式会社ラヴェンストヴォ・サ-ビス,戦術ミサイル兵器コーポレーション、株式会社ラヴェンストヴォ・サービス,経産省,有効,制裁リスト（経産省）
HOLD_LEGACY_NOT_IN_CURRENT,戦術ミサイル兵器コ-ポレ-ション、株式会社国立学術・製造企業「レギオン,戦術ミサイル兵器コーポレーション､株式会社国立学術・製造企業「レギオン」,経産省,有効,制裁リスト（経産省）
HOLD_LEGACY_NOT_IN_CURRENT,戦術ミサイル兵器コ-ポレ-ション・コンツェルン「mpoギドロプリボル,戦術ミサイル兵器コーポレーション・コンツェルン「MPOギドロプリボル」,経産省,有効,制裁リスト（経産省）
HOLD_LEGACY_NOT_IN_CURRENT,持株会社アク・バルス,持株会社アク・バルス,経産省,有効,制裁リスト（経産省）
HOLD_LEGACY_NOT_IN_CURRENT,持株会社レニネツ極超音速システム科学研究所,持株会社レニネツ極超音速システム科学研究所,経産省,有効,制裁リスト（経産省）
HOLD_LEGACY_NOT_IN_CURRENT,政府航空システム科学研究実験場(gknipas),政府航空システム科学研究実験場（GkNIPAS）,経産省,有効,制裁リスト（経産省）
HOLD_LEGACY_NOT_IN_CURRENT,新技術精緻化商業化センタ-開発基金,新技術精緻化商業化センター開発基金,経産省,有効,制裁リスト（経産省）
HOLD_LEGACY_NOT_IN_CURRENT,新興貿易会社,新興貿易会社,経産省,有効,制裁リスト（経産省）
HOLD_LEGACY_NOT_IN_CURRENT,普通江眼鏡生産共同組合,普通江眼鏡生産共同組合,経産省,有効,制裁リスト（経産省）
HOLD_LEGACY_NOT_IN_CURRENT,有望研究基金,有望研究基金,経産省,有効,制裁リスト（経産省）
HOLD_LEGACY_NOT_IN_CURRENT,有限会社astgoz,有限会社 AST GOZ,経産省,有効,制裁リスト（経産省）
HOLD_LEGACY_NOT_IN_CURRENT,有限会社ateエンジニアリング,有限会社ATE エンジニアリング,経産省,有効,制裁リスト（経産省）
HOLD_LEGACY_NOT_IN_CURRENT,有限会社eds,有限会社 EDS,経産省,有効,制裁リスト（経産省）
HOLD_LEGACY_NOT_IN_CURRENT,有限会社ft,有限会社 FT,経産省,有効,制裁リスト（経産省）
HOLD_LEGACY_NOT_IN_CURRENT,有限会社gfkロジスティクス,有限会社GFK ロジスティクス,経産省,有効,制裁リスト（経産省）
HOLD_LEGACY_NOT_IN_CURRENT,有限会社gfkロジスティック・アジア,有限会社 GFK ロジスティック・アジア,legacy;経産省,有効,制裁リスト（経産省／令和5年12月20日外為法）
HOLD_LEGACY_NOT_IN_CURRENT,有限会社ineko,有限会社Ineko,経産省,有効,制裁リスト（経産省）
HOLD_LEGACY_NOT_IN_CURRENT,有限会社itパピロン,有限会社IT パピロン,経産省,有効,制裁リスト（経産省）
HOLD_LEGACY_NOT_IN_CURRENT,有限会社mfiソフト,有限会社MFIソフト,経産省;財務省,有効,制裁リスト（財務省：ロシア連邦(団体(特定銀行を除く))／経産省）
HOLD_LEGACY_NOT_IN_CURRENT,有限会社mg,有限会社MG,legacy;経産省,有効,制裁リスト（経産省／令和5年12月15日外為法）
HOLD_LEGACY_NOT_IN_CURRENT,有限会社mpkミランドル,有限会社 MPKミランドル,経産省,有効,制裁リスト（経産省）
HOLD_LEGACY_NOT_IN_CURRENT,有限会社npkオプトリンク,有限会社 NPK オプ トリンク,経産省,有効,制裁リスト（経産省）
HOLD_LEGACY_NOT_IN_CURRENT,有限会社npoラジオヴォルナ,有限会社 NPOラジオヴォルナ,経産省,有効,制裁リスト（経産省）
HOLD_LEGACY_NOT_IN_CURRENT,有限会社nttsオリオン,有限会社NTTsオリオン,外務省;経産省,有効,制裁リスト（経産省／外務省：ロシア連邦の特定団体への輸出等に係る禁止措置(外務省告示第61号)）
HOLD_LEGACY_NOT_IN_CURRENT,有限会社nvsナビゲ-ション・テクノロジ-ズ,有限会社 NVSナビゲーション・テクノロジーズ,経産省,有効,制裁リスト（経産省）
HOLD_LEGACY_NOT_IN_CURRENT,有限会社omg,有限会社OMG,legacy;経産省,有効,制裁リスト（経産省／令和5年12月15日外為法）
HOLD_LEGACY_NOT_IN_CURRENT,有限会社rpcオプトリンク,有限会社 RPCオプトリンク,経産省,有効,制裁リスト（経産省）
HOLD_LEGACY_NOT_IN_CURRENT,有限会社rsb-grupp,有限会社 RSB- Grupp,経産省,有効,制裁リスト（経産省）
HOLD_LEGACY_NOT_IN_CURRENT,有限会社rsbグル-プ,有限会社RSBグループ,経産省;財務省,有効,制裁リスト（財務省：ロシア連邦(団体(特定銀行を除く))／経産省）
HOLD_LEGACY_NOT_IN_CURRENT,有限会社rtインフォルム,有限会社RT インフォルム,経産省,有効,制裁リスト（経産省）
HOLD_LEGACY_NOT_IN_CURRENT,有限会社sbs,有限会社 SBS,経産省,有効,制裁リスト（経産省）
HOLD_LEGACY_NOT_IN_CURRENT,有限会社sksエレクトロン・ブロ-カ-,有限会社SKS エレクトロン・ブローカー,経産省,有効,制裁リスト（経産省）
HOLD_LEGACY_NOT_IN_CURRENT,有限会社smtアイロジック,有限会社SMTアイロジック,経産省;財務省,有効,制裁リスト（財務省：ロシア連邦(団体(特定銀行を除く))／経産省）
HOLD_LEGACY_NOT_IN_CURRENT,有限会社stts,有限会社 STTs,経産省,有効,制裁リスト（経産省）
HOLD_LEGACY_NOT_IN_CURRENT,有限会社tcフライ・ブリッジ,有限会社 TCフライ・ブリッジ,経産省;財務省,有効,制裁リスト（財務省：ロシア連邦(団体(特定銀行を除く))／経産省）
HOLD_LEGACY_NOT_IN_CURRENT,有限会社tkフライ・ブリッジ,有限会社 TKフライ・ブリッジ,経産省;財務省,有効,制裁リスト（財務省：ロシア連邦(団体(特定銀行を除く))／経産省）
HOLD_LEGACY_NOT_IN_CURRENT,有限会社tsiti,有限会社 TsITI,経産省,有効,制裁リスト（経産省）
HOLD_LEGACY_NOT_IN_CURRENT,有限会社umg,有限会社UMG,legacy;経産省,有効,制裁リスト（経産省／令和5年12月15日外為法）
HOLD_LEGACY_NOT_IN_CURRENT,有限会社vmk,有限会社 VMK,経産省,有効,制裁リスト（経産省）
HOLD_LEGACY_NOT_IN_CURRENT,有限会社vmkvgtz,有限会社VMK VGTZ,legacy;経産省;財務省,有効,制裁リスト（財務省：ロシア連邦(団体(特定銀行を除く))／経産省／令和5年12月15日外為法）
HOLD_LEGACY_NOT_IN_CURRENT,有限会社vpk,有限会社VPK,legacy;経産省;財務省,有効,制裁リスト（財務省：ロシア連邦(団体(特定銀行を除く))／経産省／令和5年12月15日外為法）
HOLD_LEGACY_NOT_IN_CURRENT,有限会社vtk,有限会社 VTK,経産省,有効,制裁リスト（経産省）
HOLD_LEGACY_NOT_IN_CURRENT,有限会社vxiシステムズ,有限会社VXIシステムズ,legacy;経産省,有効,制裁リスト（経産省／令和5年12月15日外為法）
HOLD_LEGACY_NOT_IN_CURRENT,有限会社ア-ト・オブ・ロジスティクス,有限会社アート・オブ・ロジスティクス,経産省,有効,制裁リスト（経産省）
HOLD_LEGACY_NOT_IN_CURRENT,有限会社ア-ト・ロジスティクス,有限会社アート・ロジスティクス,経産省,有効,制裁リスト（経産省）
HOLD_LEGACY_NOT_IN_CURRENT,有限会社アイディ・ソリュ-ション,有限会社アイディ・ソリューション,経産省,有効,制裁リスト（経産省）
HOLD_LEGACY_NOT_IN_CURRENT,有限会社アディス,有限会社アディス,経産省,有効,制裁リスト（経産省）
HOLD_LEGACY_NOT_IN_CURRENT,有限会社アラブガ・デベロップメント,有限会社アラブガ・デベロップメント,経産省,有効,制裁リスト（経産省）
HOLD_LEGACY_NOT_IN_CURRENT,有限会社アラブガ・ヴォロクノ,有限会社アラブガ・ヴォロクノ,経産省,有効,制裁リスト（経産省）
HOLD_LEGACY_NOT_IN_CURRENT,有限会社アルバトロス,有限会社アルバトロス,経産省;財務省,有効,制裁リスト（財務省：ロシア連邦(団体(特定銀行を除く))／経産省）
HOLD_LEGACY_NOT_IN_CURRENT,有限会社アヴァント・スペ-ス,有限会社アヴァント・スペース,経産省,有効,制裁リスト（経産省）
HOLD_LEGACY_NOT_IN_CURRENT,有限会社イネルソ,有限会社イネルソ,経産省,有効,制裁リスト（経産省）
HOLD_LEGACY_NOT_IN_CURRENT,有限会社インタ-サイクロン,有限会社インターサイクロン,経産省,有効,制裁リスト（経産省）
HOLD_LEGACY_NOT_IN_CURRENT,有限会社インテリジェンス・テクノロジ-ズ,有限会社インテリジェンス・テクノロジーズ,経産省,有効,制裁リスト（経産省）
HOLD_LEGACY_NOT_IN_CURRENT,有限会社ウルトランek,有限会社ウルトラン EK,経産省,有効,制裁リスト（経産省）
HOLD_LEGACY_NOT_IN_CURRENT,有限会社ウルトラン・エレクトロニック・コンポネンツ,有限会社ウルトラン・エレクトロニック・コンポネンツ,経産省,有効,制裁リスト（経産省）
HOLD_LEGACY_NOT_IN_CURRENT,有限会社エマ-ジェンシ-・デジタル・ソリュ-ションズ,有限会社エマージェンシー・デジタル・ソリューションズ,経産省,有効,制裁リスト（経産省）
HOLD_LEGACY_NOT_IN_CURRENT,有限会社エルコムテック,有限会社エルコムテック,経産省,有効,制裁リスト（経産省）
HOLD_LEGACY_NOT_IN_CURRENT,有限会社エンジニアリングセンタ-,有限会社エンジニアリングセンター,経産省,有効,制裁リスト（経産省）
HOLD_LEGACY_NOT_IN_CURRENT,有限会社オリョ-ルメタルポリマ-,有限会社オリョールメタル ポリマー,経産省,有効,制裁リスト（経産省）
HOLD_LEGACY_NOT_IN_CURRENT,有限会社オルンラ-・ヴ・ティカレト,有限会社オルンラー・ヴ・ティカレ ト,経産省,有効,制裁リスト（経産省）
HOLD_LEGACY_NOT_IN_CURRENT,有限会社クラナ-ク,有限会社クラナーク,経産省,有効,制裁リスト（経産省）
HOLD_LEGACY_NOT_IN_CURRENT,有限会社スタウト,有限会社スタウト,経産省,有効,制裁リスト（経産省）
HOLD_LEGACY_NOT_IN_CURRENT,有限会社ストレロイ・イ-コマ-ス,有限会社ストレロイ・イーコマース,経産省,有効,制裁リスト（経産省）
HOLD_LEGACY_NOT_IN_CURRENT,有限会社スマ-トマリ-ン,有限会社スマートマ リーン,経産省,有効,制裁リスト（経産省）
HOLD_LEGACY_NOT_IN_CURRENT,有限会社ズヴェズダ・ストレラ商会,有限会社ズヴェズダ・ス トレラ商会,経産省,有効,制裁リスト（経産省）
HOLD_LEGACY_NOT_IN_CURRENT,有限会社セルタル,有限会社セルタル,経産省,有効,制裁リスト（経産省）
HOLD_LEGACY_NOT_IN_CURRENT,有限会社センタ-,有限会社センター,経産省,有効,制裁リスト（経産省）
HOLD_LEGACY_NOT_IN_CURRENT,有限会社ダ・グル-プ22,有限会社 ダ・グループ 22,経産省,有効,制裁リスト（経産省）
HOLD_LEGACY_NOT_IN_CURRENT,有限会社チップデバイス,有限会社チップデバイス,経産省,有効,制裁リスト（経産省）
HOLD_LEGACY_NOT_IN_CURRENT,有限会社チップデバイスllcchipdevice,有限会社チップデバイス LLC Chipdevice,経産省,有効,制裁リスト（経産省）
HOLD_LEGACY_NOT_IN_CURRENT,有限会社テクノロジ-・フライブリッジ,有限会社テクノロジー・フライブリッジ,経産省,有効,制裁リスト（経産省）
HOLD_LEGACY_NOT_IN_CURRENT,有限会社テストコンプレクトllctestkomplekt,有限会社テストコンプレクト LLC Testkomplekt,経産省,有効,制裁リスト（経産省）
HOLD_LEGACY_NOT_IN_CURRENT,有限会社テストプレシジョン,有限会社テストプレシジョン,経産省,有効,制裁リスト（経産省）
HOLD_LEGACY_NOT_IN_CURRENT,有限会社デクシアス産業製造商社,有限会社デクシアス産業製造商社,経産省,有効,制裁リスト（経産省）
HOLD_LEGACY_NOT_IN_CURRENT,有限会社トラスト・ロジスティクス・グル-プ,有限会社トラスト・ロジスティクス・グループ,経産省,有効,制裁リスト（経産省）
HOLD_LEGACY_NOT_IN_CURRENT,有限会社パピロン・システムズ,有限会社パピロン・システムズ,経産省,有効,制裁リスト（経産省）
HOLD_LEGACY_NOT_IN_CURRENT,有限会社パピロン情報技術,有限会社パピロン情報技術,経産省,有効,制裁リスト（経産省）
HOLD_LEGACY_NOT_IN_CURRENT,有限会社ファイバ-センス,有限会社ファイバーセンス,経産省,有効,制裁リスト（経産省）
HOLD_LEGACY_NOT_IN_CURRENT,有限会社フォルステクノロジ-,有限会社フォルステクノロジー,経産省,有効,制裁リスト（経産省）
HOLD_LEGACY_NOT_IN_CURRENT,有限会社フレガ-ト,有限会社フレガート,経産省,有効,制裁リスト（経産省）
HOLD_LEGACY_NOT_IN_CURRENT,有限会社プラナ-ル,有限会社プラナール,経産省,有効,制裁リスト（経産省）
HOLD_LEGACY_NOT_IN_CURRENT,有限会社プロフラブ,有限会社プロフラブ,経産省,有効,制裁リスト（経産省）
HOLD_LEGACY_NOT_IN_CURRENT,有限会社ミュラ-・マルクト,有限会社ミュラー ･マルクト,経産省,有効,制裁リスト（経産省）
HOLD_LEGACY_NOT_IN_CURRENT,有限会社ミュラ-・マルクト及びミュラ-・マルクト有限会社,有限会社ミュラー･マルクト及びミュラー･マルクト有限会社,経産省,有効,制裁リスト（経産省）
HOLD_LEGACY_NOT_IN_CURRENT,有限会社ミランドルek,有限会社ミランドル EK,経産省,有効,制裁リスト（経産省）
HOLD_LEGACY_NOT_IN_CURRENT,有限会社ミルルis,有限会社ミルルIS,経産省,有効,制裁リスト（経産省）
HOLD_LEGACY_NOT_IN_CURRENT,有限会社メインボックス,有限会社メインボックス,経産省,有効,制裁リスト（経産省）
HOLD_LEGACY_NOT_IN_CURRENT,有限会社ラジオプリボルスナブ,有限会社ラジオプリボルスナブ,経産省,有効,制裁リスト（経産省）
HOLD_LEGACY_NOT_IN_CURRENT,有限会社レゾニト,有限会社レゾニト,経産省,有効,制裁リスト（経産省）
HOLD_LEGACY_NOT_IN_CURRENT,有限会社ロギスチカ・ドヴェリヤ,有限会社ロギスチカ・ドヴェリヤ,経産省,有効,制裁リスト（経産省）
HOLD_LEGACY_NOT_IN_CURRENT,有限会社ヴァ-ティカル,有限会社ヴァーティカル,経産省,有効,制裁リスト（経産省）
HOLD_LEGACY_NOT_IN_CURRENT,有限会社ヴェスト・オスト,有限会社ヴェスト・オスト,経産省,有効,制裁リスト（経産省）
HOLD_LEGACY_NOT_IN_CURRENT,有限会社ヴォルゴグラ-ド機械製造会社vgtz,有限会社ヴォルゴグラード機械製造会社VGTZ,legacy;経産省,有効,制裁リスト（経産省／令和5年12月15日外為法）
HOLD_LEGACY_NOT_IN_CURRENT,有限会社商社プロメレクトロニカ,有限会社商社プロメレクトロニカ,経産省,有効,制裁リスト（経産省）
HOLD_LEGACY_NOT_IN_CURRENT,有限会社国家防衛発注自動入札システム,有限会社国家防衛発注自動入札システム,経産省,有効,制裁リスト（経産省）
HOLD_LEGACY_NOT_IN_CURRENT,有限会社学術生産公団izhbs,有限会社学術生産公団IZHBS,legacy;経産省;財務省,有効,制裁リスト（財務省：ロシア連邦(団体(特定銀行を除く))／経産省／令和5年12月15日外為法）
HOLD_LEGACY_NOT_IN_CURRENT,有限会社学術生産団体ラジオヴォルナ,有限会社学術生産団体ラジオヴォルナ,経産省,有効,制裁リスト（経産省）
HOLD_LEGACY_NOT_IN_CURRENT,有限会社専門技術センタ-,有限会社専門技術センター,経産省,有効,制裁リスト（経産省）
HOLD_LEGACY_NOT_IN_CURRENT,有限会社技術企業フライ・ブリッジ,有限会社技術企業フライ・ブリッジ,経産省;財務省,有効,制裁リスト（財務省：ロシア連邦(団体(特定銀行を除く))／経産省）
HOLD_LEGACY_NOT_IN_CURRENT,有限会社特殊生産センタ-osk推進力,有限会社特殊生産センターOSK推進力,経産省,有効,制裁リスト（経産省）
HOLD_LEGACY_NOT_IN_CURRENT,有限会社生合成システムズ,有限会社生合成システムズ,経産省,有効,制裁リスト（経産省）
HOLD_LEGACY_NOT_IN_CURRENT,有限会社研究製造会社オプトリンク,有限会社研究製造会社オプトリンク,経産省,有効,制裁リスト（経産省）
HOLD_LEGACY_NOT_IN_CURRENT,有限会社科学技術センタ-・オリオン,有限会社科学技術センター・オリオン,外務省;経産省,有効,制裁リスト（経産省／外務省：ロシア連邦の特定団体への輸出等に係る禁止措置(外務省告示第61号)）
HOLD_LEGACY_NOT_IN_CURRENT,有限会社認定エンジニアリングセンタ-,有限会社認定エンジニアリングセンター,経産省,有効,制裁リスト（経産省）
HOLD_LEGACY_NOT_IN_CURRENT,有限会社防衛イニシアチブ,有限会社防衛イニシアチブ,経産省,有効,制裁リスト（経産省）
HOLD_LEGACY_NOT_IN_CURRENT,有限会社革新技術エンジニアリング・センタ-,有限会社革新技術エンジニアリング・センター,経産省;財務省,有効,制裁リスト（財務省：ロシア連邦(団体(特定銀行を除く))／経産省）
HOLD_LEGACY_NOT_IN_CURRENT,有限責任事業組合フォトンプロ,有限責任事業組合フォトンプロ,経産省,有効,制裁リスト（経産省）
HOLD_LEGACY_NOT_IN_CURRENT,有限責任会社アルグト,有限責任会社アルグト,経産省,有効,制裁リスト（経産省）
HOLD_LEGACY_NOT_IN_CURRENT,有限責任会社クヴァント,有限責任会社クヴァント,経産省,有効,制裁リスト（経産省）
HOLD_LEGACY_NOT_IN_CURRENT,有限責任会社ラパルト・サ-ビス,有限責任会社ラパルト・サービス,経産省,有効,制裁リスト（経産省）
HOLD_LEGACY_NOT_IN_CURRENT,有限責任会社合弁企業クオンタム・テクノロジ-ズ,有限責任会社合弁企業クオンタム・テ クノロジーズ,経産省,有効,制裁リスト（経産省）
HOLD_LEGACY_NOT_IN_CURRENT,朝鮮中央銀行,朝鮮中央銀行,経産省,有効,制裁リスト（経産省）
HOLD_LEGACY_NOT_IN_CURRENT,朝鮮九月山貿易会社,朝鮮九月山貿易会社,経産省,有効,制裁リスト（経産省）
HOLD_LEGACY_NOT_IN_CURRENT,朝鮮亜鉛工業総会社,朝鮮亜鉛工業総会社,経産省,有効,制裁リスト（経産省）
HOLD_LEGACY_NOT_IN_CURRENT,朝鮮元峰貿易会社,朝鮮元峰貿易会社,経産省,有効,制裁リスト（経産省）
HOLD_LEGACY_NOT_IN_CURRENT,朝鮮光星貿易会社,朝鮮光星貿易会社,経産省,有効,制裁リスト（経産省）
HOLD_LEGACY_NOT_IN_CURRENT,朝鮮光鮮金融会社,朝鮮光鮮金融会社,経産省,有効,制裁リスト（経産省）
HOLD_LEGACY_NOT_IN_CURRENT,朝鮮勝利貿易会社,朝鮮勝利貿易会社,経産省,有効,制裁リスト（経産省）
HOLD_LEGACY_NOT_IN_CURRENT,朝鮮国師峰合営会社,朝鮮国師峰合営会社,経産省,有効,制裁リスト（経産省）
HOLD_LEGACY_NOT_IN_CURRENT,朝鮮国際化学合営会社,朝鮮国際化学合営会社,経産省,有効,制裁リスト（経産省）
HOLD_LEGACY_NOT_IN_CURRENT,朝鮮宇宙空間技術委員会,朝鮮宇宙空間技術委員会,経産省,有効,制裁リスト（経産省）
HOLD_LEGACY_NOT_IN_CURRENT,朝鮮守護貿易会社,朝鮮守護貿易会社,経産省,有効,制裁リスト（経産省）
HOLD_LEGACY_NOT_IN_CURRENT,朝鮮富強貿易会社,朝鮮富強貿易会社,経産省,有効,制裁リスト（経産省）
HOLD_LEGACY_NOT_IN_CURRENT,朝鮮富興貿易会社,朝鮮富興貿易会社,経産省,有効,制裁リスト（経産省）
HOLD_LEGACY_NOT_IN_CURRENT,朝鮮強盛貿易会社,朝鮮強盛貿易会社,経産省,有効,制裁リスト（経産省）
HOLD_LEGACY_NOT_IN_CURRENT,朝鮮恩徳貿易会社,朝鮮恩徳貿易会社,経産省,有効,制裁リスト（経産省）
HOLD_LEGACY_NOT_IN_CURRENT,朝鮮東城技術貿易会社,朝鮮東城技術貿易会社,経産省,有効,制裁リスト（経産省）
HOLD_LEGACY_NOT_IN_CURRENT,朝鮮東洋貿易会社,朝鮮東洋貿易会社,経産省,有効,制裁リスト（経産省）
HOLD_LEGACY_NOT_IN_CURRENT,朝鮮東海海運会社,朝鮮東海海運会社,経産省,有効,制裁リスト（経産省）
HOLD_LEGACY_NOT_IN_CURRENT,朝鮮柳城商社,朝鮮柳城商社,経産省,有効,制裁リスト（経産省）
HOLD_LEGACY_NOT_IN_CURRENT,朝鮮楽園百貨店,朝鮮楽園百貨店,経産省,有効,制裁リスト（経産省）
HOLD_LEGACY_NOT_IN_CURRENT,朝鮮楽園貿易会社,朝鮮楽園貿易会社,経産省,有効,制裁リスト（経産省）
HOLD_LEGACY_NOT_IN_CURRENT,朝鮮檀君貿易会社,朝鮮檀君貿易会社,経産省,有効,制裁リスト（経産省）
HOLD_LEGACY_NOT_IN_CURRENT,朝鮮白虎7貿易会社,朝鮮白虎7貿易会社,経産省,有効,制裁リスト（経産省）
HOLD_LEGACY_NOT_IN_CURRENT,朝鮮経済協力委員会,朝鮮経済協力委員会,経産省,有効,制裁リスト（経産省）
HOLD_LEGACY_NOT_IN_CURRENT,朝鮮綾羅888貿易会社,朝鮮綾羅888貿易会社,経産省,有効,制裁リスト（経産省）
HOLD_LEGACY_NOT_IN_CURRENT,朝鮮綾羅島貿易(総,朝鮮綾羅島貿易(総,経産省,有効,制裁リスト（経産省）
HOLD_LEGACY_NOT_IN_CURRENT,朝鮮総合設備輸出入会社,朝鮮総合設備輸出入会社,経産省,有効,制裁リスト（経産省）
HOLD_LEGACY_NOT_IN_CURRENT,朝鮮羅先牡丹会社,朝鮮羅先牡丹会社,経産省,有効,制裁リスト（経産省）
HOLD_LEGACY_NOT_IN_CURRENT,朝鮮萬景貿易会社,朝鮮萬景貿易会社,経産省,有効,制裁リスト（経産省）
HOLD_LEGACY_NOT_IN_CURRENT,朝鮮蓮河機械合営会社,朝鮮蓮河機械合営会社,経産省,有効,制裁リスト（経産省）
HOLD_LEGACY_NOT_IN_CURRENT,朝鮮赤十字病院,朝鮮赤十字病院,経産省,有効,制裁リスト（経産省）
HOLD_LEGACY_NOT_IN_CURRENT,朝鮮連光貿易会社,朝鮮連光貿易会社,経産省,有効,制裁リスト（経産省）
HOLD_LEGACY_NOT_IN_CURRENT,朝鮮連合2貿易会社,朝鮮連合2貿易会社,経産省,有効,制裁リスト（経産省）
HOLD_LEGACY_NOT_IN_CURRENT,朝鮮連合貿易会社,朝鮮連合貿易会社,経産省,有効,制裁リスト（経産省）
HOLD_LEGACY_NOT_IN_CURRENT,朝鮮連峰総会社,朝鮮連峰総会社,経産省,有効,制裁リスト（経産省）
HOLD_LEGACY_NOT_IN_CURRENT,朝鮮鉱業開発貿易会社,朝鮮鉱業開発貿易会社,経産省,有効,制裁リスト（経産省）
HOLD_LEGACY_NOT_IN_CURRENT,朝鮮革新貿易会社,朝鮮革新貿易会社,経産省,有効,制裁リスト（経産省）
HOLD_LEGACY_NOT_IN_CURRENT,杭州富阳科拓机械有限公司,杭州富阳科拓机械有限公司,経産省,有効,制裁リスト（経産省）
HOLD_LEGACY_NOT_IN_CURRENT,東新国際貿易有限公司平壌事務所,東新国際貿易有限公司平壌事務所,経産省,有効,制裁リスト（経産省）
HOLD_LEGACY_NOT_IN_CURRENT,株式会社150arz,株式会社150 ARZ,経産省;財務省,有効,制裁リスト（財務省：ロシア連邦(団体(特定銀行を除く))／経産省）
HOLD_LEGACY_NOT_IN_CURRENT,株式会社163btrz,株式会社163BTRZ,経産省;財務省,有効,制裁リスト（財務省：ロシア連邦(団体(特定銀行を除く))／経産省）
HOLD_LEGACY_NOT_IN_CURRENT,株式会社163ア-マ-ド・リペア工場,株式会社163アーマード・リペア工場,経産省;財務省,有効,制裁リスト（財務省：ロシア連邦(団体(特定銀行を除く))／経産省）
HOLD_LEGACY_NOT_IN_CURRENT,株式会社163ア-マ-・リペア工場,株式会社163アーマー・リペア工場,経産省;財務省,有効,制裁リスト（財務省：ロシア連邦(団体(特定銀行を除く))／経産省）
HOLD_LEGACY_NOT_IN_CURRENT,株式会社2566zrrev,株式会社 2566 ZRREV,経産省,有効,制裁リスト（経産省）
HOLD_LEGACY_NOT_IN_CURRENT,株式会社558arp,株式会社 558 ARP,経産省,有効,制裁リスト（経産省）
HOLD_LEGACY_NOT_IN_CURRENT,株式会社766uptk,株式会社766 UPTK,経産省,有効,制裁リスト（経産省）
HOLD_LEGACY_NOT_IN_CURRENT,株式会社810arz,株式会社810 ARZ,legacy;経産省;財務省,有効,制裁リスト（財務省：ロシア連邦(団体(特定銀行を除く))／経産省／令和5年12月15日外為法）
HOLD_LEGACY_NOT_IN_CURRENT,株式会社a.e.ヌデルマン名称kbトチマシュ,株式会社A.E.ヌデルマン名称KBトチマシュ,外務省;経産省,有効,制裁リスト（経産省／外務省：ロシア連邦の特定団体への輸出等に係る禁止措置(外務省告示第61号)）
HOLD_LEGACY_NOT_IN_CURRENT,株式会社a.g.ロマシン名称onppテフノロギヤ,株式会社 A.G.ロマシン名称 ONPP テフノロギヤ,経産省,有効,制裁リスト（経産省）
HOLD_LEGACY_NOT_IN_CURRENT,株式会社a.g.ロマシン名称orpeテクノロジ-,株式会社 A.G.ロマシン名称 ORPEテクノロジー,経産省,有効,制裁リスト（経産省）
HOLD_LEGACY_NOT_IN_CURRENT,株式会社a.g.ロマシン名称オブニンスクnppテフノロギヤ,株式会社 A.G.ロマシン名称オブニンスク NPP テ フノロギヤ,経産省,有効,制裁リスト（経産省）
HOLD_LEGACY_NOT_IN_CURRENT,株式会社a.g.ロマシン名称オブニンスク学術生産企業,株式会社 A.G.ロマシン名称オ ブニンスク学術生産企業,経産省,有効,制裁リスト（経産省）
HOLD_LEGACY_NOT_IN_CURRENT,株式会社a.s.ヤコヴレフ名称試験設計局,株式会社A.S.ヤコヴレフ名称試験設計局,経産省,有効,制裁リスト（経産省）
HOLD_LEGACY_NOT_IN_CURRENT,株式会社aomz,株式会社AOMZ,経産省;財務省,有効,制裁リスト（財務省：ロシア連邦(団体(特定銀行を除く))／経産省）
HOLD_LEGACY_NOT_IN_CURRENT,株式会社apz,株式会社APZ,legacy;経産省,有効,制裁リスト（経産省／令和5年12月15日外為法）
HOLD_LEGACY_NOT_IN_CURRENT,株式会社ask,株式会 社ASK,経産省,有効,制裁リスト（経産省）
HOLD_LEGACY_NOT_IN_CURRENT,株式会社azrp,株式会社AZRP,経産省,有効,制裁リスト（経産省）
HOLD_LEGACY_NOT_IN_CURRENT,株式会社azウラル,株式会社AZウラル,legacy;経産省;財務省,有効,制裁リスト（財務省：ロシア連邦(団体(特定銀行を除く))／経産省／令和5年12月15日外為法）
HOLD_LEGACY_NOT_IN_CURRENT,株式会社baz,株式会社BAZ,legacy;経産省;財務省,有効,制裁リスト（財務省：ロシア連邦(団体(特定銀行を除く))／経産省／令和5年12月15日外為法）
HOLD_LEGACY_NOT_IN_CURRENT,株式会社cheaz,株式会社 CheAZ,経産省,有効,制裁リスト（経産省）
HOLD_LEGACY_NOT_IN_CURRENT,株式会社chrzパリョット(フライト),株式会社 ChRZパリョット（フ ライト）,経産省,有効,制裁リスト（経産省）
HOLD_LEGACY_NOT_IN_CURRENT,株式会社criブレヴェストニク,株式会社CRI ブレヴェストニク,legacy;経産省;財務省,有効,制裁リスト（財務省：ロシア連邦(団体(特定銀行を除く))／経産省／令和5年12月15日外為法）
HOLD_LEGACY_NOT_IN_CURRENT,株式会社csd,株式会社CSD,経産省,有効,制裁リスト（経産省）
HOLD_LEGACY_NOT_IN_CURRENT,株式会社dkba,株式会社 DKBA,経産省,有効,制裁リスト（経産省）
HOLD_LEGACY_NOT_IN_CURRENT,株式会社dtsss,株式会社 DTSSS,経産省,有効,制裁リスト（経産省）
HOLD_LEGACY_NOT_IN_CURRENT,株式会社e.s.ヤラモフ名称生産団体ウラル光学機械工場,株式会社E.S.ヤラモフ名称生産団体ウラル光学機械工場,経産省,有効,制裁リスト（経産省）
HOLD_LEGACY_NOT_IN_CURRENT,株式会社ebdファケル,株式会社EBDファケル,経産省;財務省,有効,制裁リスト（財務省：ロシア連邦(団体(特定銀行を除く))／経産省）
HOLD_LEGACY_NOT_IN_CURRENT,株式会社eds,株式会社EDS,経産省,有効,制裁リスト（経産省）
HOLD_LEGACY_NOT_IN_CURRENT,株式会社fcs&htsnpoエレロン,株式会社 FCS&HT SNPO エレロン,経産省,有効,制裁リスト（経産省）
HOLD_LEGACY_NOT_IN_CURRENT,株式会社fcs&ht「snpoエレロン,株式会社 FCS&HT「SNPOエレロン」,経産省,有効,制裁リスト（経産省）
HOLD_LEGACY_NOT_IN_CURRENT,株式会社ftaマシュプリボリントルグ,株式会社 FTAマシュプリボリントルグ,経産省,有効,制裁リスト（経産省）
HOLD_LEGACY_NOT_IN_CURRENT,株式会社g.a.イリエンコ名称科学生産コンプレックス・エララ,株式会社 G.A.イリエンコ名称科学生産コンプレックス・エララ,経産省,有効,制裁リスト（経産省）
HOLD_LEGACY_NOT_IN_CURRENT,株式会社gf5srz株式会社tssズヴョ-ズダチカ,株式会社GF５SRZ 株式会社TsS ズヴョーズダチカ,経産省,有効,制裁リスト（経産省）
HOLD_LEGACY_NOT_IN_CURRENT,株式会社gosniiクリスタル,株式会社 GOSNIIクリスタル,経産省,有効,制裁リスト（経産省）
HOLD_LEGACY_NOT_IN_CURRENT,株式会社goz,株式会社 GOZ,経産省,有効,制裁リスト（経産省）
HOLD_LEGACY_NOT_IN_CURRENT,株式会社gozオブホフ工場,株式会社GOZオブホフ工場,経産省;財務省,有効,制裁リスト（財務省：ロシア連邦(団体(特定銀行を除く))／経産省）
HOLD_LEGACY_NOT_IN_CURRENT,株式会社gptpグラニット,株式会社GPTPグラニット,経産省;財務省,有効,制裁リスト（財務省：ロシア連邦(団体(特定銀行を除く))／経産省）
HOLD_LEGACY_NOT_IN_CURRENT,株式会社grtsマケエヴァ,株式会社GRTs マケエヴァ,経産省;財務省,有効,制裁リスト（財務省：ロシア連邦(団体(特定銀行を除く))／経産省）
HOLD_LEGACY_NOT_IN_CURRENT,株式会社i.i.トロポフ名称国営mkb「ヴィンペル,株式会社 I.I.トロポフ名称国営 MKB「ヴィンペル,経産省,有効,制裁リスト（経産省）
HOLD_LEGACY_NOT_IN_CURRENT,株式会社i.s.ブルク名称ineum,株式会社 I.S.ブルク名称INEUM,経産省,有効,制裁リスト（経産省）
HOLD_LEGACY_NOT_IN_CURRENT,株式会社iemzクポル,株式会社IEMZクポル,legacy;経産省;財務省,有効,制裁リスト（財務省：ロシア連邦(団体(特定銀行を除く))／経産省／令和5年12月15日外為法）
HOLD_LEGACY_NOT_IN_CURRENT,株式会社ineum,株式会社INEUM,経産省;財務省,有効,制裁リスト（財務省：ロシア連邦(団体(特定銀行を除く))／経産省）
HOLD_LEGACY_NOT_IN_CURRENT,株式会社iss,株式会社ISS,legacy;経産省,有効,制裁リスト（経産省／令和5年12月15日外為法）
HOLD_LEGACY_NOT_IN_CURRENT,株式会社issレシェトネフ,株式会社ISSレシェトネフ,legacy;経産省,有効,制裁リスト（経産省／令和5年12月15日外為法）
HOLD_LEGACY_NOT_IN_CURRENT,株式会社kbレ-ダ-,株式会社 KB レーダー,経産省,有効,制裁リスト（経産省）
HOLD_LEGACY_NOT_IN_CURRENT,株式会社khrtz,株式会社 KHRTZ,経産省,有効,制裁リスト（経産省）
HOLD_LEGACY_NOT_IN_CURRENT,株式会社khsz,株式会社KHSZ,経産省;財務省,有効,制裁リスト（財務省：ロシア連邦(団体(特定銀行を除く))／経産省）
HOLD_LEGACY_NOT_IN_CURRENT,株式会社kmp,株式会社KMP,legacy;経産省,有効,制裁リスト（経産省／令和5年12月15日外為法）
HOLD_LEGACY_NOT_IN_CURRENT,株式会社kniitmu,株式会社 KNIITMU,経産省,有効,制裁リスト（経産省）
HOLD_LEGACY_NOT_IN_CURRENT,株式会社komz,株式会社KOMZ,legacy;経産省,有効,制裁リスト（経産省／令和5年12月15日外為法）
HOLD_LEGACY_NOT_IN_CURRENT,株式会社kttsエレクトロニカ,株式会社KTTsエレクトロニカ,経産省;財務省,有効,制裁リスト（財務省：ロシア連邦(団体(特定銀行を除く))／経産省）
HOLD_LEGACY_NOT_IN_CURRENT,株式会社lls,株式会社 LLS,経産省,有効,制裁リスト（経産省）
HOLD_LEGACY_NOT_IN_CURRENT,株式会社m.a.カルツェフ名称niivk,株式会社M.A.カルツェフ名称NIIVK,legacy;経産省;財務省,有効,制裁リスト（財務省：ロシア連邦(団体(特定銀行を除く))／経産省／令和5年12月15日外為法）
HOLD_LEGACY_NOT_IN_CURRENT,株式会社m.a.カルツェフ名称コンピュ-ティング複合体nii,株式会社 M.A.カルツェフ名称コンピューティング複合体 NII,経産省;財務省,有効,制裁リスト（財務省：ロシア連邦(団体(特定銀行を除く))／経産省）
HOLD_LEGACY_NOT_IN_CURRENT,株式会社m.a.カルツェフ名称コンピュ-ティング複合体学術研究所,株式会社M.A.カルツェフ名称コンピューティング複合体学術研究所,経産省,有効,制裁リスト（経産省）
HOLD_LEGACY_NOT_IN_CURRENT,株式会社m.f.ステリマフ・ポリュス研究所,株式会社M.F.ステリマフ・ポリュス研究所,経産省;財務省,有効,制裁リスト（財務省：ロシア連邦(団体(特定銀行を除く))／経産省）
HOLD_LEGACY_NOT_IN_CURRENT,株式会社m.f.ステリマフ名称ポリュス学術研究所,株式会社M.F.ステリマフ名称ポリュス学術研究所,経産省;財務省,有効,制裁リスト（財務省：ロシア連邦(団体(特定銀行を除く))／経産省）
HOLD_LEGACY_NOT_IN_CURRENT,株式会社m.f.レシェトネフ名称iss,株式会社M.F. レシェトネフ名称ISS,legacy;経産省,有効,制裁リスト（経産省／令和5年12月15日外為法）
HOLD_LEGACY_NOT_IN_CURRENT,株式会社m.f.レシェトネフ情報衛星システム,株式会社M.F.レシェトネフ情報衛星システム,legacy;経産省;財務省,有効,制裁リスト（財務省：ロシア連邦(団体(特定銀行を除く))／経産省／令和5年12月15日外為法）
HOLD_LEGACY_NOT_IN_CURRENT,株式会社m.m.グロモフ名称飛行研究所,株式会社Ｍ.Ｍ.グロモフ名称飛行研究所,経産省,有効,制裁リスト（経産省）
HOLD_LEGACY_NOT_IN_CURRENT,株式会社macヴィムペル,株式会社MACヴィムペル,経産省;財務省,有効,制裁リスト（財務省：ロシア連邦(団体(特定銀行を除く))／経産省）
HOLD_LEGACY_NOT_IN_CURRENT,株式会社makヴィムペル,株式会社MAKヴィムペル,経産省;財務省,有効,制裁リスト（財務省：ロシア連邦(団体(特定銀行を除く))／経産省）
HOLD_LEGACY_NOT_IN_CURRENT,株式会社mcラジオスタンダ-ト,株式会社MCラジオスタンダート,legacy;経産省,有効,制裁リスト（経産省／令和5年12月15日外為法）
HOLD_LEGACY_NOT_IN_CURRENT,株式会社micnpoマシノストロエニア,株式会社MIC NPOマシノストロエニア,経産省;財務省,有効,制裁リスト（財務省：ロシア連邦(団体(特定銀行を除く))／経産省）
HOLD_LEGACY_NOT_IN_CURRENT,株式会社mkb「イスクラ,株式会社 MKB「イスクラ」,経産省,有効,制裁リスト（経産省）
HOLD_LEGACY_NOT_IN_CURRENT,株式会社mkbファケル,株式会社MKBファケル,経産省;財務省,有効,制裁リスト（財務省：ロシア連邦(団体(特定銀行を除く))／経産省）
HOLD_LEGACY_NOT_IN_CURRENT,株式会社mkヴィチャズ,株式会社MKヴィチャズ,経産省;財務省,有効,制裁リスト（財務省：ロシア連邦(団体(特定銀行を除く))／経産省）
HOLD_LEGACY_NOT_IN_CURRENT,株式会社mmz,株式会社 MMZ,経産省,有効,制裁リスト（経産省）
HOLD_LEGACY_NOT_IN_CURRENT,株式会社mniis,株式会社 MNIIS,経産省,有効,制裁リスト（経産省）
HOLD_LEGACY_NOT_IN_CURRENT,株式会社mnirti,株式会社 MNIRTI,経産省,有効,制裁リスト（経産省）
HOLD_LEGACY_NOT_IN_CURRENT,株式会社mosep,株式会社 MosEP,経産省,有効,制裁リスト（経産省）
HOLD_LEGACY_NOT_IN_CURRENT,株式会社mtsst,株式会社MTsST,経産省;財務省,有効,制裁リスト（財務省：ロシア連邦(団体(特定銀行を除く))／経産省）
HOLD_LEGACY_NOT_IN_CURRENT,株式会社n.a.ピリュ-ギン名称自動機器製造学術生産センタ-,株式会社N.A.ピリューギン名称自動機器製造学術生産センター,legacy;経産省,有効,制裁リスト（経産省／令和5年12月15日外為法）
HOLD_LEGACY_NOT_IN_CURRENT,株式会社niiei,株式会社NIIEI,経産省;財務省,有効,制裁リスト（財務省：ロシア連邦(団体(特定銀行を除く))／経産省）
HOLD_LEGACY_NOT_IN_CURRENT,株式会社niiemp,株式会社NIIEMP,経産省;財務省,有効,制裁リスト（財務省：ロシア連邦(団体(特定銀行を除く))／経産省）
HOLD_LEGACY_NOT_IN_CURRENT,株式会社niii,株式会社NIII,legacy;経産省,有効,制裁リスト（経産省／令和5年12月15日外為法）
HOLD_LEGACY_NOT_IN_CURRENT,株式会社niimaプログレス,株式会社NIIMAプログレス,経産省;財務省,有効,制裁リスト（財務省：ロシア連邦(団体(特定銀行を除く))／経産省）
HOLD_LEGACY_NOT_IN_CURRENT,株式会社niimet,株式会社NIIMET,経産省;財務省,有効,制裁リスト（財務省：ロシア連邦(団体(特定銀行を除く))／経産省）
HOLD_LEGACY_NOT_IN_CURRENT,株式会社niip,株式会社NIIP,外務省;経産省,有効,制裁リスト（経産省／外務省：ロシア連邦の特定団体への輸出等に係る禁止措置(外務省告示第61号)）
HOLD_LEGACY_NOT_IN_CURRENT,株式会社niips,株式会社 NII PS,経産省,有効,制裁リスト（経産省）
HOLD_LEGACY_NOT_IN_CURRENT,株式会社niiptラストル,株式会社NIIPTラストル,経産省;財務省,有効,制裁リスト（財務省：ロシア連邦(団体(特定銀行を除く))／経産省）
HOLD_LEGACY_NOT_IN_CURRENT,株式会社niisu,株式会社NIISU,経産省,有効,制裁リスト（経産省）
HOLD_LEGACY_NOT_IN_CURRENT,株式会社niisvt,株式会社 NII SVT,経産省;財務省,有効,制裁リスト（財務省：ロシア連邦(団体(特定銀行を除く))／経産省）
HOLD_LEGACY_NOT_IN_CURRENT,株式会社niitm,株式会社 NIITM,経産省,有効,制裁リスト（経産省）
HOLD_LEGACY_NOT_IN_CURRENT,株式会社niiアルゴン,株式会社 NIIアルゴン,経産省,有効,制裁リスト（経産省）
HOLD_LEGACY_NOT_IN_CURRENT,株式会社niiギドロスヴャジ・シュティル,株式会社NIIギドロスヴャジ・シュティル,legacy;経産省,有効,制裁リスト（経産省／令和5年12月15日外為法）
HOLD_LEGACY_NOT_IN_CURRENT,株式会社niiギリコンド,株式会社NII ギリコンド,経産省;財務省,有効,制裁リスト（財務省：ロシア連邦(団体(特定銀行を除く))／経産省）
HOLD_LEGACY_NOT_IN_CURRENT,株式会社niiクロン,株式会社 NIIクロン,経産省,有効,制裁リスト（経産省）
HOLD_LEGACY_NOT_IN_CURRENT,株式会社niiシュティル,株式会社 NII シュティル,経産省,有効,制裁リスト（経産省）
HOLD_LEGACY_NOT_IN_CURRENT,株式会社niiネプチュ-ン,株式会社 NII ネプチューン,経産省,有効,制裁リスト（経産省）
HOLD_LEGACY_NOT_IN_CURRENT,株式会社nikiet,株式会社 NIKIET,経産省,有効,制裁リスト（経産省）
HOLD_LEGACY_NOT_IN_CURRENT,株式会社npkkbm,株式会社 NPK KBM,経産省,有効,制裁リスト（経産省）
HOLD_LEGACY_NOT_IN_CURRENT,株式会社npoイジュマシュ,株式会社NPOイジュマシュ,外務省;経産省,有効,制裁リスト（経産省／外務省：ロシア連邦の特定団体への輸出等に係る禁止措置(外務省告示第61号)）
HOLD_LEGACY_NOT_IN_CURRENT,株式会社npoインパルス,株式会社NPOインパルス,外務省;経産省;財務省,有効,制裁リスト（財務省：ロシア連邦(団体(特定銀行を除く))／経産省／外務省：ロシア連邦の特定団体への輸出等に係る禁止措置(外務省告示第61号)）
HOLD_LEGACY_NOT_IN_CURRENT,株式会社npoエレクトロマシナ,株式会社NPOエレクトロマシナ,経産省;財務省,有効,制裁リスト（財務省：ロシア連邦(団体(特定銀行を除く))／経産省）
HOLD_LEGACY_NOT_IN_CURRENT,株式会社npoエレクトロメカニキ,株式会社NPOエレクトロメカニキ,経産省;財務省,有効,制裁リスト（財務省：ロシア連邦(団体(特定銀行を除く))／経産省）
HOLD_LEGACY_NOT_IN_CURRENT,株式会社npoルスビテク,株式会社NPOルスビテク,外務省;経産省,有効,制裁リスト（経産省／外務省：ロシア連邦の特定団体への輸出等に係る禁止措置(外務省告示第61号)）
HOLD_LEGACY_NOT_IN_CURRENT,株式会社nppコンタクト,株式会社NPP コンタクト,経産省;財務省,有効,制裁リスト（財務省：ロシア連邦(団体(特定銀行を除く))／経産省）
HOLD_LEGACY_NOT_IN_CURRENT,株式会社nppサプフィル,株式会社NPPサプフィル,経産省;財務省,有効,制裁リスト（財務省：ロシア連邦(団体(特定銀行を除く))／経産省）
HOLD_LEGACY_NOT_IN_CURRENT,株式会社nppトパズ,株式会社NPPトパズ,経産省;財務省,有効,制裁リスト（財務省：ロシア連邦(団体(特定銀行を除く))／経産省）
HOLD_LEGACY_NOT_IN_CURRENT,株式会社nppプリサル,株式会社NPPプリサル,経産省;財務省,有効,制裁リスト（財務省：ロシア連邦(団体(特定銀行を除く))／経産省）
HOLD_LEGACY_NOT_IN_CURRENT,株式会社nptsap,株式会社NPTsAP,legacy;経産省,有効,制裁リスト（経産省／令和5年12月15日外為法）
HOLD_LEGACY_NOT_IN_CURRENT,株式会社npz,株式会社NPZ,経産省;財務省,有効,制裁リスト（財務省：ロシア連邦(団体(特定銀行を除く))／経産省）
HOLD_LEGACY_NOT_IN_CURRENT,株式会社nsrz,株式会社 NSRZ,経産省,有効,制裁リスト（経産省）
HOLD_LEGACY_NOT_IN_CURRENT,株式会社ntiラジオスヴャジ,株式会社NTIラジオスヴャジ,legacy;経産省,有効,制裁リスト（経産省／令和5年12月15日外為法）
HOLD_LEGACY_NOT_IN_CURRENT,株式会社nvpプロテク,株式会社 NVPプロテク,経産省,有効,制裁リスト（経産省）
HOLD_LEGACY_NOT_IN_CURRENT,株式会社nz戦勝70周年,株式会社NZ戦勝70周年,legacy;経産省;財務省,有効,制裁リスト（財務省：ロシア連邦(団体(特定銀行を除く))／経産省／令和5年12月15日外為法）
HOLD_LEGACY_NOT_IN_CURRENT,株式会社oezpptアラブガ,株式会社 OEZ PPT アラブガ,経産省;財務省,有効,制裁リスト（財務省：ロシア連邦(団体(特定銀行を除く))／経産省）
HOLD_LEGACY_NOT_IN_CURRENT,株式会社okbエレクトロアフトマティカ,株式会社 OKBエレクトロアフトマティカ,経産省,有効,制裁リスト（経産省）
HOLD_LEGACY_NOT_IN_CURRENT,株式会社okbサリュ-ト,株式会社 OKBサリュート,経産省,有効,制裁リスト（経産省）
HOLD_LEGACY_NOT_IN_CURRENT,株式会社okbノヴァトル,株式会社OKBノヴァトル,経産省;財務省,有効,制裁リスト（財務省：ロシア連邦(団体(特定銀行を除く))／経産省）
HOLD_LEGACY_NOT_IN_CURRENT,株式会社onip,株式会社 ONIP,経産省,有効,制裁リスト（経産省）
HOLD_LEGACY_NOT_IN_CURRENT,株式会社p.d.グルシン名称機械製造設計局ファケル,株式会社P.D.グルシン名称機械製造設計局ファケル,経産省,有効,制裁リスト（経産省）
HOLD_LEGACY_NOT_IN_CURRENT,株式会社pkbrio,株式会社PKB RIO,legacy;経産省,有効,制裁リスト（経産省／令和5年12月15日外為法）
HOLD_LEGACY_NOT_IN_CURRENT,株式会社pkkミランドル,株式会社 PKK ミランドル,経産省;財務省,有効,制裁リスト（財務省：ロシア連邦(団体(特定銀行を除く))／経産省）
HOLD_LEGACY_NOT_IN_CURRENT,株式会社pkアフトゥバ,株式会社PKアフトゥバ,legacy;経産省,有効,制裁リスト（経産省／令和5年12月15日外為法）
HOLD_LEGACY_NOT_IN_CURRENT,株式会社pniei,株式会社PNIEI,経産省;財務省,有効,制裁リスト（財務省：ロシア連邦(団体(特定銀行を除く))／経産省）
HOLD_LEGACY_NOT_IN_CURRENT,株式会社ponorth,株式会社 PO North,経産省,有効,制裁リスト（経産省）
HOLD_LEGACY_NOT_IN_CURRENT,株式会社poセヴマシュ,株式会社POセヴマシュ,経産省;財務省,有効,制裁リスト（財務省：ロシア連邦(団体(特定銀行を除く))／経産省）
HOLD_LEGACY_NOT_IN_CURRENT,株式会社ppマシュ,株式会社PP マシュ,legacy;経産省,有効,制裁リスト（経産省／令和5年12月15日外為法）
HOLD_LEGACY_NOT_IN_CURRENT,株式会社pzマシュ,株式会社PZ マシュ,legacy;経産省,有効,制裁リスト（経産省／令和5年12月15日外為法）
HOLD_LEGACY_NOT_IN_CURRENT,株式会社rfkバンク,株式会社RFKバンク,経産省;財務省,有効,制裁リスト（財務省：ロシア連邦(特定銀行)／経産省）
HOLD_LEGACY_NOT_IN_CURRENT,株式会社rirt,株式会社RIRT,経産省;財務省,有効,制裁リスト（財務省：ロシア連邦(団体(特定銀行を除く))／経産省）
HOLD_LEGACY_NOT_IN_CURRENT,株式会社rniiエレクトロンスタンダルト,株式会社RNII エレクトロンスタンダルト,経産省;財務省,有効,制裁リスト（財務省：ロシア連邦(団体(特定銀行を除く))／経産省）
HOLD_LEGACY_NOT_IN_CURRENT,株式会社rt-テフプリヨムカ,株式会社RT-テフプリヨムカ,経産省;財務省,有効,制裁リスト（財務省：ロシア連邦(団体(特定銀行を除く))／経産省）
HOLD_LEGACY_NOT_IN_CURRENT,株式会社rzmkp,株式会社 RZMKP,経産省;財務省,有効,制裁リスト（財務省：ロシア連邦(団体(特定銀行を除く))／経産省）
HOLD_LEGACY_NOT_IN_CURRENT,株式会社sezアラブガ,株式会社 SEZ アラブガ,経産省,有効,制裁リスト（経産省）
HOLD_LEGACY_NOT_IN_CURRENT,株式会社skbvt,株式会社SKB VT,経産省;財務省,有効,制裁リスト（財務省：ロシア連邦(団体(特定銀行を除く))／経産省）
HOLD_LEGACY_NOT_IN_CURRENT,株式会社skbトゥルビナ,株式会社SKBトゥルビナ,経産省,有効,制裁リスト（経産省）
HOLD_LEGACY_NOT_IN_CURRENT,株式会社skアク・バルス,株式会社 SKアク・バルス,経産省,有効,制裁リスト（経産省）
HOLD_LEGACY_NOT_IN_CURRENT,株式会社snsz,株式会社SNSZ,経産省;財務省,有効,制裁リスト（財務省：ロシア連邦(団体(特定銀行を除く))／経産省）
HOLD_LEGACY_NOT_IN_CURRENT,株式会社sopserpcsriエレクトロプリボ-ル,株式会社SOPSERP CSRIエレクトロプリボール,legacy;経産省,有効,制裁リスト（経産省／令和5年12月15日外為法）
HOLD_LEGACY_NOT_IN_CURRENT,株式会社spaインパルス,株式会社SPAインパルス,外務省;経産省;財務省,有効,制裁リスト（財務省：ロシア連邦(団体(特定銀行を除く))／経産省／外務省：ロシア連邦の特定団体への輸出等に係る禁止措置(外務省告示第61号)）
HOLD_LEGACY_NOT_IN_CURRENT,株式会社spaオリオン,株式会社SPAオリオン,legacy;経産省,有効,制裁リスト（経産省／令和5年12月15日外為法）
HOLD_LEGACY_NOT_IN_CURRENT,株式会社spaヴォルナ工場,株式会社SPAヴォルナ工場,legacy;経産省,有効,制裁リスト（経産省／令和5年12月15日外為法）
HOLD_LEGACY_NOT_IN_CURRENT,株式会社spcテクマシュ,株式会社SPCテクマシュ,legacy;経産省;財務省,有効,制裁リスト（財務省：ロシア連邦(団体(特定銀行を除く))／経産省／令和5年12月15日外為法）
HOLD_LEGACY_NOT_IN_CURRENT,株式会社spcプリサル,株式会社 SPC プリサル,経産省,有効,制裁リスト（経産省）
HOLD_LEGACY_NOT_IN_CURRENT,株式会社speコンタクト,株式会社SPE コンタクト,経産省;財務省,有効,制裁リスト（財務省：ロシア連邦(団体(特定銀行を除く))／経産省）
HOLD_LEGACY_NOT_IN_CURRENT,株式会社spkbsu,株式会社SPKB SU,経産省;財務省,有効,制裁リスト（財務省：ロシア連邦(団体(特定銀行を除く))／経産省）
HOLD_LEGACY_NOT_IN_CURRENT,株式会社spmdbマラカイト,株式会社 SPMDB マラカイト,経産省,有効,制裁リスト（経産省）
HOLD_LEGACY_NOT_IN_CURRENT,株式会社spo北極,株式会社SPO北極,経産省;財務省,有効,制裁リスト（財務省：ロシア連邦(団体(特定銀行を除く))／経産省）
HOLD_LEGACY_NOT_IN_CURRENT,株式会社srcヴィグスタル,株 式会社SRCヴィグスタル,経産省,有効,制裁リスト（経産省）
HOLD_LEGACY_NOT_IN_CURRENT,株式会社srei,株式会社SREI,legacy;経産省,有効,制裁リスト（経産省／令和5年12月15日外為法）
HOLD_LEGACY_NOT_IN_CURRENT,株式会社sriemi,株式会社SRIEMI,経産省;財務省,有効,制裁リスト（財務省：ロシア連邦(団体(特定銀行を除く))／経産省）
HOLD_LEGACY_NOT_IN_CURRENT,株式会社star,株式会社STAR,経産省,有効,制裁リスト（経産省）
HOLD_LEGACY_NOT_IN_CURRENT,株式会社tcp,株式会社TCP,経産省;財務省,有効,制裁リスト（財務省：ロシア連邦(団体(特定銀行を除く))／経産省）
HOLD_LEGACY_NOT_IN_CURRENT,株式会社tpz,株式会社TPZ,legacy;経産省;財務省,有効,制裁リスト（財務省：ロシア連邦(団体(特定銀行を除く))／経産省／令和5年12月15日外為法）
HOLD_LEGACY_NOT_IN_CURRENT,株式会社tsmkbアルマズ,株式会社TsMKBアルマズ,経産省;財務省,有効,制裁リスト（財務省：ロシア連邦(団体(特定銀行を除く))／経産省）
HOLD_LEGACY_NOT_IN_CURRENT,株式会社tsniiブレヴェストニク,株式会社TsNII ブレヴェストニク,legacy;経産省;財務省,有効,制裁リスト（財務省：ロシア連邦(団体(特定銀行を除く))／経産省／令和5年12月15日外為法）
HOLD_LEGACY_NOT_IN_CURRENT,株式会社tsntuディナミカ,株式会社 TsNTUディナミカ,経産省,有効,制裁リスト（経産省）
HOLD_LEGACY_NOT_IN_CURRENT,株式会社uap,株式会社UAP,legacy;経産省,有効,制裁リスト（経産省／令和5年12月15日外為法）
HOLD_LEGACY_NOT_IN_CURRENT,株式会社ukラジオスタンダ-ト,株式会社UKラジオスタンダート,legacy;経産省,有効,制裁リスト（経産省／令和5年12月15日外為法）
HOLD_LEGACY_NOT_IN_CURRENT,株式会社upkb「デタル,株式会社 UPKB「デタル」,経産省,有効,制裁リスト（経産省）
HOLD_LEGACY_NOT_IN_CURRENT,株式会社upz,株式会社UPZ,legacy;経産省,有効,制裁リスト（経産省／令和5年12月15日外為法）
HOLD_LEGACY_NOT_IN_CURRENT,株式会社uuap,株式会社UUAP,legacy;経産省,有効,制裁リスト（経産省／令和5年12月15日外為法）
HOLD_LEGACY_NOT_IN_CURRENT,株式会社uuaz,株式会社UUAZ,legacy;経産省,有効,制裁リスト（経産省／令和5年12月15日外為法）
HOLD_LEGACY_NOT_IN_CURRENT,株式会社uzga,株式会社UZGA,legacy;経産省;財務省,有効,制裁リスト（財務省：ロシア連邦(団体(特定銀行を除く))／経産省／令和5年12月15日外為法）
HOLD_LEGACY_NOT_IN_CURRENT,株式会社v-verf,株式会社V-VERF,legacy;経産省,有効,制裁リスト（経産省／令和5年12月15日外為法）
HOLD_LEGACY_NOT_IN_CURRENT,株式会社v.p.マケエフ名称国立ミサイル・センタ-,株式会社V.P.マケエフ名称国立ミサイル・センター,経産省;財務省,有効,制裁リスト（財務省：ロシア連邦(団体(特定銀行を除く))／経産省）
HOLD_LEGACY_NOT_IN_CURRENT,株式会社v.p.マケエフ名称国立ロケット・センタ-,株式会社 V.P.マケエフ名称国立ロケット・センター,経産省,有効,制裁リスト（経産省）
HOLD_LEGACY_NOT_IN_CURRENT,株式会社v.v.チェルニシェフ名称モスクワ機械製造試験場,株式会社 Ｖ．Ｖ． チェルニシェフ名称モスクワ機械製造試験場,経産省,有効,制裁リスト（経産省）
HOLD_LEGACY_NOT_IN_CURRENT,株式会社v.v.バヒレフ名称「国立機械工学研究所,株式会社 V.V.バヒレフ名称「国立機械工学研究所」,経産省,有効,制裁リスト（経産省）
HOLD_LEGACY_NOT_IN_CURRENT,株式会社v.ティホミロフ機器設計科学研究所,株式会社 V.ティホミロフ機器設計科 学研究所,経産省,有効,制裁リスト（経産省）
HOLD_LEGACY_NOT_IN_CURRENT,株式会社vmpアヴィテク,株式会社 VMP アヴィテク,経産省;財務省,有効,制裁リスト（財務省：ロシア連邦(団体(特定銀行を除く))／経産省）
HOLD_LEGACY_NOT_IN_CURRENT,株式会社vniirt,株式会社VNIIRT,経産省;財務省,有効,制裁リスト（財務省：ロシア連邦(団体(特定銀行を除く))／経産省）
HOLD_LEGACY_NOT_IN_CURRENT,株式会社vniirプログレス,株式会社VNIIR プログレス,経産省,有効,制裁リスト（経産省）
HOLD_LEGACY_NOT_IN_CURRENT,株式会社vniiエタロン,株式会社 VNIIエタロン,経産省,有効,制裁リスト（経産省）
HOLD_LEGACY_NOT_IN_CURRENT,株式会社vniiシグナル,株式会社 VNIIシグナル,経産省,有効,制裁リスト（経産省）
HOLD_LEGACY_NOT_IN_CURRENT,株式会社vomz,株式会社VOMZ,経産省;財務省,有効,制裁リスト（財務省：ロシア連邦(団体(特定銀行を除く))／経産省）
HOLD_LEGACY_NOT_IN_CURRENT,株式会社vzpp-s,株式会社VZPP-S,経産省;財務省,有効,制裁リスト（財務省：ロシア連邦(団体(特定銀行を除く))／経産省）
HOLD_LEGACY_NOT_IN_CURRENT,株式会社zcvp,株式会社ZCVP,legacy;経産省;財務省,有効,制裁リスト（財務省：ロシア連邦(団体(特定銀行を除く))／経産省／令和5年12月15日外為法）
HOLD_LEGACY_NOT_IN_CURRENT,株式会社zntts,株式会社 ZNTTs,経産省,有効,制裁リスト（経産省）
HOLD_LEGACY_NOT_IN_CURRENT,株式会社zzgt,株式会社ZZGT,legacy;経産省;財務省,有効,制裁リスト（財務省：ロシア連邦(団体(特定銀行を除く))／経産省／令和5年12月15日外為法）
HOLD_LEGACY_NOT_IN_CURRENT,株式会社「a.ya.ベレズニャク名称国営mkb「ラドゥガ,株式会社「A.Ya.ベレズニャク名 称国営MKB「ラドゥガ」」,経産省,有効,制裁リスト（経産省）
HOLD_LEGACY_NOT_IN_CURRENT,株式会社「i.i.カルトゥコフ名称機械製造設計局「イスクラ,株式会社「I.I. カルトゥコフ名称機械製造設計局「イスクラ」」,経産省,有効,制裁リスト（経産省）
HOLD_LEGACY_NOT_IN_CURRENT,株式会社「kbレ-ダ-」・「レ-ダ-システム」ホ-ルディング運営企業,株式会社「KB レーダー」 ・「レーダーシステム」ホールディング運営企業,経産省,有効,制裁リスト（経産省）
HOLD_LEGACY_NOT_IN_CURRENT,株式会社「smaz,株式会社「SmAZ」,経産省,有効,制裁リスト（経産省）
HOLD_LEGACY_NOT_IN_CURRENT,株式会社「tskba,株式会社「TsKBA」,経産省,有効,制裁リスト（経産省）
HOLD_LEGACY_NOT_IN_CURRENT,株式会社「プリバルティック造船工場ヤンタ-ル,株式会社「プリバルティック造船工場ヤンタール」,経産省,有効,制裁リスト（経産省）
HOLD_LEGACY_NOT_IN_CURRENT,株式会社「ルビン・セ-ヴェル建設局,株式会社「ルビン・セーヴェル建設局」,経産省,有効,制裁リスト（経産省）
HOLD_LEGACY_NOT_IN_CURRENT,株式会社「中央・ネフスキ-造船プラント,株式会社「中央・ネフス キー造船プラント」,経産省,有効,制裁リスト（経産省）
HOLD_LEGACY_NOT_IN_CURRENT,株式会社「中央自動設計局,株式 会社「中央自動設計局」,経産省,有効,制裁リスト（経産省）
HOLD_LEGACY_NOT_IN_CURRENT,株式会社「船舶修理センタ-」「第35船舶修理工場」支社「ズヴョ-ズダチカ,株式会社「船舶修理センター」「第 35 船舶修 理工場」 支社 「ズヴョーズダチカ」,経産省,有効,制裁リスト（経産省）
HOLD_LEGACY_NOT_IN_CURRENT,株式会社「船舶修理センタ-・ズヴョ-ズダチカ」「アストラハンスキ-・船舶修理工場」支社,株式会社「船舶修理センター・ズヴョーズダチカ」 「アストラハンスキー・船舶修理工場」支社,経産省,有効,制裁リスト（経産省）
HOLD_LEGACY_NOT_IN_CURRENT,株式会社アエロコンポジット,株式会社アエロコンポジット,経産省,有効,制裁リスト（経産省）
HOLD_LEGACY_NOT_IN_CURRENT,株式会社アガト管制システム・地理情報管理システムホ-ルディング運営社,株式会社アガト管制システム・地理情報管理システムホールディング運営社,経産省,有効,制裁リスト（経産省）
HOLD_LEGACY_NOT_IN_CURRENT,株式会社アク・バルス造船会社,株式会社アク・バルス造船会社,経産省,有効,制裁リスト（経産省）
HOLD_LEGACY_NOT_IN_CURRENT,株式会社アドミラルティ造船所,株式会社アドミラルティ造船所,経産省,有効,制裁リスト（経産省）
HOLD_LEGACY_NOT_IN_CURRENT,株式会社アフタマティカ,株式会社アフタマティカ,経産省,有効,制裁リスト（経産省）
HOLD_LEGACY_NOT_IN_CURRENT,株式会社アフトマティカ,株式会社アフトマティカ,経産省,有効,制裁リスト（経産省）
HOLD_LEGACY_NOT_IN_CURRENT,株式会社アラミル航空修理工場,株式会社アラミル航空修理工場,経産省,有効,制裁リスト（経産省）
HOLD_LEGACY_NOT_IN_CURRENT,株式会社アルゴン科学研究所,株式会社アルゴン科学研究所,経産省,有効,制裁リスト（経産省）
HOLD_LEGACY_NOT_IN_CURRENT,株式会社アルザマス機器工場,株式会社アルザマス機器工場,legacy;経産省,有効,制裁リスト（経産省／令和5年12月15日外為法）
HOLD_LEGACY_NOT_IN_CURRENT,株式会社アルザマス研究製造企業「テンプ・アヴィア,株式会社アルザマス研究製造企業「テンプ・アヴィア」,経産省,有効,制裁リスト（経産省）
HOLD_LEGACY_NOT_IN_CURRENT,株式会社アルマズ・アンティ・コンツェルン北西部地域センタ-・オブホウスキ-工場,株式会社アルマズ・アンティ・コンツェルン北西部地域センター・オブホウスキー工場,経産省,有効,制裁リスト（経産省）
HOLD_LEGACY_NOT_IN_CURRENT,株式会社アルマズ・アンティ航空宇宙防衛会社,株式会社アルマズ・アンティ航空宇宙防衛会社,外務省;経産省;財務省,有効,制裁リスト（財務省：ロシア連邦(団体(特定銀行を除く))／経産省／外務省：ロシア連邦の特定団体への輸出等に係る禁止措置(外務省告示第61号)）
HOLD_LEGACY_NOT_IN_CURRENT,株式会社アレクセ-エフ水中翼船設計局,株式会社アレクセーエフ水中翼船設計局,経産省,有効,制裁リスト（経産省）
HOLD_LEGACY_NOT_IN_CURRENT,株式会社アヴィアアグレガ-ト,株式会社アヴィアアグレガート,経産省,有効,制裁リスト（経産省）
HOLD_LEGACY_NOT_IN_CURRENT,株式会社アヴィアテフプリヨムカ,株式会社アヴィアテフプリヨムカ,経産省,有効,制裁リスト（経産省）
HOLD_LEGACY_NOT_IN_CURRENT,株式会社アヴィアレモント,株式会社アヴィアレモント,経産省,有効,制裁リスト（経産省）
HOLD_LEGACY_NOT_IN_CURRENT,株式会社アヴロラ,株式会社アヴロラ,経産省;財務省,有効,制裁リスト（財務省：ロシア連邦(団体(特定銀行を除く))／経産省）
HOLD_LEGACY_NOT_IN_CURRENT,株式会社イ-スタン・ワ-フ,株式会社イースタン・ワーフ,legacy;経産省,有効,制裁リスト（経産省／令和5年12月15日外為法）
HOLD_LEGACY_NOT_IN_CURRENT,株式会社イリュ-シン名称航空コンプレックス,株式会社イリューシン名称航空コンプレックス,経産省,有効,制裁リスト（経産省）
HOLD_LEGACY_NOT_IN_CURRENT,株式会社インテグラル,株式会社インテグラル,経産省,有効,制裁リスト（経産省）
HOLD_LEGACY_NOT_IN_CURRENT,株式会社インテグラル=ホ-ルディング・マネ-ジング,株式会社インテグラル＝ホールディング・マネージング,経産省,有効,制裁リスト（経産省）
HOLD_LEGACY_NOT_IN_CURRENT,株式会社インフォルマアクスティカ,株式会社インフォルマアクスティカ,経産省,有効,制裁リスト（経産省）
HOLD_LEGACY_NOT_IN_CURRENT,株式会社ウラル設計局「デタル,株式会社ウラル設計局 「デタル」,経産省,有効,制裁リスト（経産省）
HOLD_LEGACY_NOT_IN_CURRENT,株式会社ウラル設計建設局「デタル,株式会社ウラル設計建設局「デタル」,経産省,有効,制裁リスト（経産省）
HOLD_LEGACY_NOT_IN_CURRENT,株式会社エネルギヤ,株式会社エネルギヤ,経産省,有効,制裁リスト（経産省）
HOLD_LEGACY_NOT_IN_CURRENT,株式会社エマ-ジェンシ-・デジタル・ソリュ-ションズ,株式会社エマージェンシー・デジタル・ソリューションズ,経産省,有効,制裁リスト（経産省）
HOLD_LEGACY_NOT_IN_CURRENT,株式会社エマ-ジェンシ-・デジタル・ソリュ-ションズ(eds),株式会社エマージェンシー・デジタル・ソリューションズ(EDS),経産省,有効,制裁リスト（経産省）
HOLD_LEGACY_NOT_IN_CURRENT,株式会社エリンスstc,株式会社エリンスSTC,経産省;財務省,有効,制裁リスト（財務省：ロシア連邦(団体(特定銀行を除く))／経産省）
HOLD_LEGACY_NOT_IN_CURRENT,株式会社エレクトロニクス工学設計センタ-,株式会社エレクトロニクス工学設計センター,経産省;財務省,有効,制裁リスト（財務省：ロシア連邦(団体(特定銀行を除く))／経産省）
HOLD_LEGACY_NOT_IN_CURRENT,株式会社エレクトロ・メカニック学術生産団体,株式会社エレクトロ・メカニック学術生 産団体,経産省,有効,制裁リスト（経産省）
HOLD_LEGACY_NOT_IN_CURRENT,株式会社エレロン,株式会社エレロン,経産省,有効,制裁リスト（経産省）
HOLD_LEGACY_NOT_IN_CURRENT,株式会社オクチャブリ,株式会社オクチ ャブリ,経産省,有効,制裁リスト（経産省）
HOLD_LEGACY_NOT_IN_CURRENT,株式会社オブホウスキ-工場及び株式会社sopオブホウスキ-工場,株式会社オブホウスキー工場及 び株式会社SOPオブホウスキー工場,経産省,有効,制裁リスト（経産省）
HOLD_LEGACY_NOT_IN_CURRENT,株式会社オプトロン,株式会社オプトロン,経産省,有効,制裁リスト（経産省）
HOLD_LEGACY_NOT_IN_CURRENT,株式会社オムスク・イルティシュ生産組合,株式会社オムスク・イルティシュ生産組合,経産省,有効,制裁リスト（経産省）
HOLD_LEGACY_NOT_IN_CURRENT,株式会社オムスク計器工学科学研究所,株式会社オムスク計器工学科学研究所,経産省,有効,制裁リスト（経産省）
HOLD_LEGACY_NOT_IN_CURRENT,株式会社カザンヘリコプタ-修理工場,株式会社カザンヘリコプター修理工場,経産省,有効,制裁リスト（経産省）
HOLD_LEGACY_NOT_IN_CURRENT,株式会社カメンスク・ウラリスキ-冶金工場,株式会社カメンスク・ウラリスキー冶金工場,経産省,有効,制裁リスト（経産省）
HOLD_LEGACY_NOT_IN_CURRENT,株式会社カル-ガ遠隔機械装置科学研究所,株式会社カルーガ遠隔機械装置科学研究所,経産省,有効,制裁リスト（経産省）
HOLD_LEGACY_NOT_IN_CURRENT,株式会社ガス放電装置科学研究所プラズマ,株式会社ガス放電装置科学研究所プラズマ,経産省,有効,制裁リスト（経産省）
HOLD_LEGACY_NOT_IN_CURRENT,株式会社キズリャル電気機械プラント,株式会社キズリャル電気機械プラント,経産省,有効,制裁リスト（経産省）
HOLD_LEGACY_NOT_IN_CURRENT,株式会社キドマテック,株式会社キドマテック,経産省,有効,制裁リスト（経産省）
HOLD_LEGACY_NOT_IN_CURRENT,株式会社クラフトウェイコ-ポレ-ションpls,株式会社クラフトウェイコーポレーション PLS,経産省,有効,制裁リスト（経産省）
HOLD_LEGACY_NOT_IN_CURRENT,株式会社クラフトウェイコ-ポレ-ションpsc,株式会社クラフトウェイコーポレーション PSC,経産省,有効,制裁リスト（経産省）
HOLD_LEGACY_NOT_IN_CURRENT,株式会社クロンシュタット,株式会社クロンシュタット,経産省,有効,制裁リスト（経産省）
HOLD_LEGACY_NOT_IN_CURRENT,株式会社クロン科学研究所,株式会社クロン科学研究所,経産省,有効,制裁リスト（経産省）
HOLD_LEGACY_NOT_IN_CURRENT,株式会社ゲオミ-ル,株式会社ゲオミール,経産省,有効,制裁リスト（経産省）
HOLD_LEGACY_NOT_IN_CURRENT,株式会社コ-ポレ-ションmiht,株式会社コーポレーションMIHT,経産省;財務省,有効,制裁リスト（財務省：ロシア連邦(団体(特定銀行を除く))／経産省）
HOLD_LEGACY_NOT_IN_CURRENT,株式会社コ-ポレ-ションspuccbtm,株式会社コーポレ ーションSPUCCB TM,経産省,有効,制裁リスト（経産省）
HOLD_LEGACY_NOT_IN_CURRENT,株式会社コンツェルンcsriエレクトロプリボ-ル,株式会社コンツェルンCSRIエレクトロプリボール,経産省;財務省,有効,制裁リスト（財務省：ロシア連邦(団体(特定銀行を除く))／経産省）
HOLD_LEGACY_NOT_IN_CURRENT,株式会社コンツェルンkemz,株式会社コンツェルン KEMZ,経産省,有効,制裁リスト（経産省）
HOLD_LEGACY_NOT_IN_CURRENT,株式会社コンツェルンtsniiエレクトロプリボ-ル,株式会社コンツェルンTsNIIエレクトロプリボール,legacy;経産省,有効,制裁リスト（経産省／令和5年12月15日外為法）
HOLD_LEGACY_NOT_IN_CURRENT,株式会社コンツェルン・アフトマティカ,株式会社コンツェルン・アフトマティカ,経産省,有効,制裁リスト（経産省）
HOLD_LEGACY_NOT_IN_CURRENT,株式会社コンツェルン・オ-トメ-ション,株式会社コンツ ェルン・オートメーション,経産省,有効,制裁リスト（経産省）
HOLD_LEGACY_NOT_IN_CURRENT,株式会社コンツェルン・ソズヴェズジエ,株式会社コンツェルン・ソズヴェズジエ,経産省,有効,制裁リスト（経産省）
HOLD_LEGACY_NOT_IN_CURRENT,株式会社コンツェルン・ヴェガ,株式会社コンツェルン・ヴェガ,経産省,有効,制裁リスト（経産省）
HOLD_LEGACY_NOT_IN_CURRENT,株式会社コンツェルン海洋水中兵器ギドロプリボル、「ギドロプリボル」研究所,株式会社 コンツェルン海洋水中兵器ギドロプリボル､「ギドロプリボル」研究所,経産省,有効,制裁リスト（経産省）
HOLD_LEGACY_NOT_IN_CURRENT,株式会社コンピュ-タ-機器科学研究所svt,株式会社コンピューター機器科学研究所 SVT,経産省,有効,制裁リスト（経産省）
HOLD_LEGACY_NOT_IN_CURRENT,株式会社コンペル,株式会社コンペル,経産省;財務省,有効,制裁リスト（財務省：ロシア連邦(団体(特定銀行を除く))／経産省）
HOLD_LEGACY_NOT_IN_CURRENT,株式会社サイクロン中央研究所,株式会社サイクロン 中央研究所,経産省,有効,制裁リスト（経産省）
HOLD_LEGACY_NOT_IN_CURRENT,株式会社ステリマフ名称「ポリュス」研究所,株式会社ステリマフ名称「ポリュス」研究所,経産省,有効,制裁リスト（経産省）
HOLD_LEGACY_NOT_IN_CURRENT,株式会社スホイ,株式会社スホイ,経産省,有効,制裁リスト（経産省）
HOLD_LEGACY_NOT_IN_CURRENT,株式会社スホイ支部、ユ-リ-・ガガ-リン名称コムソモ-リスク・ナ・アム-レ航空機工場,株式会社スホイ支部、ユーリー・ガガーリン名称コムソモーリスク・ナ・アムーレ航空機工 場,経産省,有効,制裁リスト（経産省）
HOLD_LEGACY_NOT_IN_CURRENT,株式会社スヴェトロフスコエ・プレドプリヤティエ・エラ,株式会社スヴェトロフ スコエ・プレドプリヤティエ・エラ,経産省,有効,制裁リスト（経産省）
HOLD_LEGACY_NOT_IN_CURRENT,株式会社ズラトウストフスキ-機械製造工場,株式会社ズラトウストフスキー機械製造工場,経産省,有効,制裁リスト（経産省）
HOLD_LEGACY_NOT_IN_CURRENT,株式会社ズラトマシュ,株式会社ズラトマシュ,経産省,有効,制裁リスト（経産省）
HOLD_LEGACY_NOT_IN_CURRENT,株式会社ズヴョ-ズダチカ船舶修理センタ-,株式会社ズヴョーズダチカ船舶修理センター,経産省,有効,制裁リスト（経産省）
HOLD_LEGACY_NOT_IN_CURRENT,株式会社セット1,株式会社セット1,経産省,有効,制裁リスト（経産省）
HOLD_LEGACY_NOT_IN_CURRENT,株式会社ソフトウェアツ-ル研究所,株式会社ソフトウェアツール研究所,経産省,有効,制裁リスト（経産省）
HOLD_LEGACY_NOT_IN_CURRENT,株式会社タムボフ工場オクト-バ-,株式会社タムボフ工場オクトーバー,経産省,有効,制裁リスト（経産省）
HOLD_LEGACY_NOT_IN_CURRENT,株式会社ツポレフ,株式会社ツポレフ,経産省,有効,制裁リスト（経産省）
HOLD_LEGACY_NOT_IN_CURRENT,株式会社テクノダイナミクス,株式会社テクノダイナミクス,経産省,有効,制裁リスト（経産省）
HOLD_LEGACY_NOT_IN_CURRENT,株式会社テクノディナミカ,株式会社テクノディナミカ,経産省,有効,制裁リスト（経産省）
HOLD_LEGACY_NOT_IN_CURRENT,株式会社テンプ・アヴィア・アルザマス学術・製造団体,株式会社テンプ・アヴィ ア・アルザマス学術・製造団体,経産省,有効,制裁リスト（経産省）
HOLD_LEGACY_NOT_IN_CURRENT,株式会社デジタル・ソリュ-ションズ,株式会社デジタ ル・ソリューションズ,経産省,有効,制裁リスト（経産省）
HOLD_LEGACY_NOT_IN_CURRENT,株式会社トゥラエヴォ機械建築設計局「ソユ-ズ,株式会社トゥラエヴォ機械建築設計局「ソユーズ」,経産省,有効,制裁リスト（経産省）
HOLD_LEGACY_NOT_IN_CURRENT,株式会社トゥラエヴォ機械製造設計局「ソユ-ズ,株式会社トゥラエヴォ機械製造設計局「ソユーズ」,経産省,有効,制裁リスト（経産省）
HOLD_LEGACY_NOT_IN_CURRENT,株式会社トゥラマシュザヴォド,株式会社トゥラマシュザヴォド,経産省,有効,制裁リスト（経産省）
HOLD_LEGACY_NOT_IN_CURRENT,株式会社トゥルビナsdb,株式会社トゥルビナSDB,経産省;財務省,有効,制裁リスト（財務省：ロシア連邦(団体(特定銀行を除く))／経産省）
HOLD_LEGACY_NOT_IN_CURRENT,株式会社トランスアヴィアエクスポ-ト航空,株式会社トランスアヴィアエクスポート航空,経産省,有効,制裁リスト（経産省）
HOLD_LEGACY_NOT_IN_CURRENT,株式会社ドレジャリ名称レ-ニン勲章エネルギ-工学研究設計研究所,株式会社ドレジャリ名称 レーニン勲章エネルギー工学研究設計研究所,経産省,有効,制裁リスト（経産省）
HOLD_LEGACY_NOT_IN_CURRENT,株式会社ネフスコエpkb,株式会社ネフスコエPKB,外務省;経産省,有効,制裁リスト（経産省／外務省：ロシア連邦の特定団体への輸出等に係る禁止措置(外務省告示第61号)）
HOLD_LEGACY_NOT_IN_CURRENT,株式会社ネフスコエ計画製造局,株式会社ネフスコエ計画製造局,外務省;経産省,有効,制裁リスト（経産省／外務省：ロシア連邦の特定団体への輸出等に係る禁止措置(外務省告示第61号)）
HOLD_LEGACY_NOT_IN_CURRENT,株式会社ネプチュ-ン自動システム・複合通信科学研究所,株式会社ネプチューン自動システム・複合通信科学研究所,経産省,有効,制裁リスト（経産省）
HOLD_LEGACY_NOT_IN_CURRENT,株式会社ノヴォロシスク造船,株式会社ノヴォロシスク造船,経産省,有効,制裁リスト（経産省）
HOLD_LEGACY_NOT_IN_CURRENT,株式会社ハバロフスク無線工学工場,株式会社ハバロフスク 無線工学工場,経産省,有効,制裁リスト（経産省）
HOLD_LEGACY_NOT_IN_CURRENT,株式会社バルティック工場,株式会社バルティック工場,経産省,有効,制裁リスト（経産省）
HOLD_LEGACY_NOT_IN_CURRENT,株式会社パピロン,株式会社パピロン,経産省,有効,制裁リスト（経産省）
HOLD_LEGACY_NOT_IN_CURRENT,株式会社パリョット・チェリャビンスク無線プラント,株式会社パリョット・チェリャビンスク無線プラント,経産省,有効,制裁リスト（経産省）
HOLD_LEGACY_NOT_IN_CURRENT,株式会社ブリャンスク電気機械工場,株式会社ブリャンスク電気機械工場,経産省,有効,制裁リスト（経産省）
HOLD_LEGACY_NOT_IN_CURRENT,株式会社プスコフadsプラント,株式会社プスコフ ADSプラント,経産省,有効,制裁リスト（経産省）
HOLD_LEGACY_NOT_IN_CURRENT,株式会社プスコフ遠隔通信機器(ads)プラント,株式会社プスコフ遠隔通信機器(ADS)プラント,経産省,有効,制裁リスト（経産省）
HOLD_LEGACY_NOT_IN_CURRENT,株式会社プランディン名称アルザマス機器製造工場,株式会社プランディン名称アルザマス機器製造工場,legacy;経産省;財務省,有効,制裁リスト（財務省：ロシア連邦(団体(特定銀行を除く))／経産省／令和5年12月15日外為法）
HOLD_LEGACY_NOT_IN_CURRENT,株式会社プリバルティック造船工場ヤンタ-ル,株式会社プリバルティック造船工場ヤンタール,経産省,有効,制裁リスト（経産省）
HOLD_LEGACY_NOT_IN_CURRENT,株式会社プログレスmri,株式会社プログレスMRI,経産省;財務省,有効,制裁リスト（財務省：ロシア連邦(団体(特定銀行を除く))／経産省）
HOLD_LEGACY_NOT_IN_CURRENT,株式会社プロジェクト設計局rio,株式会社プロジェクト設計局RIO,legacy;経産省,有効,制裁リスト（経産省／令和5年12月15日外為法）
HOLD_LEGACY_NOT_IN_CURRENT,株式会社プロトン,株式会社プロトン,経産省,有効,制裁リスト（経産省）
HOLD_LEGACY_NOT_IN_CURRENT,株式会社プロムテック・ドゥブナ,株式会社プロムテック・ドゥブナ,経産省,有効,制裁リスト（経産省）
HOLD_LEGACY_NOT_IN_CURRENT,株式会社ペラ・マシュ,株式会社ペラ・マシュ,経産省,有効,制裁リスト（経産省）
HOLD_LEGACY_NOT_IN_CURRENT,株式会社ペレング,株式会社ペレング,経産省,有効,制裁リスト（経産省）
HOLD_LEGACY_NOT_IN_CURRENT,株式会社ペンザ,株式会社ペンザ,経産省,有効,制裁リスト（経産省）
HOLD_LEGACY_NOT_IN_CURRENT,株式会社ペンザ電気技術科学研究所,株式会社ペンザ電気技術科学研究所,経産省,有効,制裁リスト（経産省）
HOLD_LEGACY_NOT_IN_CURRENT,株式会社マイクロエレクトロニクス機器研究所プログレス,株式会社マイクロエレクトロニクス機器研究所プログレス,経産省,有効,制裁リスト（経産省）
HOLD_LEGACY_NOT_IN_CURRENT,株式会社マイクロエレクトロニクス科学研究所プログレス,株式会社マイクロエレクトロニクス科学研究所プログレス,経産省,有効,制裁リスト（経産省）
HOLD_LEGACY_NOT_IN_CURRENT,株式会社マリmmz,株式会社マリMMZ,経産省;財務省,有効,制裁リスト（財務省：ロシア連邦(団体(特定銀行を除く))／経産省）
HOLD_LEGACY_NOT_IN_CURRENT,株式会社ミアス機械製造工場,株式会社ミアス機械製造工場,経産省,有効,制裁リスト（経産省）
HOLD_LEGACY_NOT_IN_CURRENT,株式会社ミランドルicc,株式会社ミランドル ICC,経産省,有効,制裁リスト（経産省）
HOLD_LEGACY_NOT_IN_CURRENT,株式会社ミンスク装輪牽引車工場,株式会社ミンスク装輪牽引車工場,経産省,有効,制裁リスト（経産省）
HOLD_LEGACY_NOT_IN_CURRENT,株式会社メタルリスト・サマラ,株式会社メタルリスト・サマラ,経産省,有効,制裁リスト（経産省）
HOLD_LEGACY_NOT_IN_CURRENT,株式会社メテオ-ルプラント,株式会社メテオールプラント,経産省,有効,制裁リスト（経産省）
HOLD_LEGACY_NOT_IN_CURRENT,株式会社モスエレクトロンプロエクト,株式会社モスエレクトロ ンプロエクト,経産省,有効,制裁リスト（経産省）
HOLD_LEGACY_NOT_IN_CURRENT,株式会社モスクワ労働赤旗勲章無線工学研究所,株式会社モスクワ労働赤旗勲章無線工学研究所,経産省,有効,制裁リスト（経産省）
HOLD_LEGACY_NOT_IN_CURRENT,株式会社モスクワ通信研究所,株式会社モスクワ通信研究所,経産省,有効,制裁リスト（経産省）
HOLD_LEGACY_NOT_IN_CURRENT,株式会社ヤロスラヴリ無線工場,株式会社ヤロスラヴリ無線工場,経産省,有効,制裁リスト（経産省）
HOLD_LEGACY_NOT_IN_CURRENT,株式会社ラジオザヴォド,株式会社ラジオザヴォド,経産省,有効,制裁リスト（経産省）
HOLD_LEGACY_NOT_IN_CURRENT,株式会社ラジオプリボルスナブ,株式会社ラジオプリボルスナブ,経産省,有効,制裁リスト（経産省）
HOLD_LEGACY_NOT_IN_CURRENT,株式会社ラズリ-ト中央設計局,株式会社ラズリート中央設計局,経産省,有効,制裁リスト（経産省）
HOLD_LEGACY_NOT_IN_CURRENT,株式会社ラズリャド,株式会社ラズリャド,経産省,有効,制裁リスト（経産省）
HOLD_LEGACY_NOT_IN_CURRENT,株式会社ラメンスコエ機材工学工場,株式会社ラメンスコエ機材工学工場,経産省,有効,制裁リスト（経産省）
HOLD_LEGACY_NOT_IN_CURRENT,株式会社ラヴォチキン学術生産団体,株式会社ラヴォチキン学術生産団体,経産省,有効,制裁リスト（経産省）
HOLD_LEGACY_NOT_IN_CURRENT,株式会社リャザン設計局グロ-ブス,株式会社リャザン設計局グロー ブス,経産省,有効,制裁リスト（経産省）
HOLD_LEGACY_NOT_IN_CURRENT,株式会社リャザン金属セラミック機器工場,株式会社リャザン金属セラミック機器工場,経産省;財務省,有効,制裁リスト（財務省：ロシア連邦(団体(特定銀行を除く))／経産省）
HOLD_LEGACY_NOT_IN_CURRENT,株式会社リレ-・テクノロジ-局,株式会社リレー・テクノロジー局,経産省,有効,制裁リスト（経産省）
HOLD_LEGACY_NOT_IN_CURRENT,株式会社ルッチ,株式会社ルッチ,経産省,有効,制裁リスト（経産省）
HOLD_LEGACY_NOT_IN_CURRENT,株式会社ルッチ設計局,株式会社ルッチ設計局,経産省,有効,制裁リスト（経産省）
HOLD_LEGACY_NOT_IN_CURRENT,株式会社ルッチ設計所,株式会社ルッチ設計所,経産省,有効,制裁リスト（経産省）
HOLD_LEGACY_NOT_IN_CURRENT,株式会社ルビン,株式会社ルビン,経産省,有効,制裁リスト（経産省）
HOLD_LEGACY_NOT_IN_CURRENT,株式会社ルビン・セ-ヴェル,株式会社ルビン・セーヴェル,経産省,有効,制裁リスト（経産省）
HOLD_LEGACY_NOT_IN_CURRENT,株式会社レムディゼリ,株式会社レムディゼリ,経産省;財務省,有効,制裁リスト（財務省：ロシア連邦(団体(特定銀行を除く))／経産省）
HOLD_LEGACY_NOT_IN_CURRENT,株式会社ロケット・宇宙センタ-「プログレス,株式会社ロケット・宇宙センター「プログレス」,経産省,有効,制裁リスト（経産省）
HOLD_LEGACY_NOT_IN_CURRENT,株式会社ヴィムペルmak防衛企業,株式会社ヴィムペル MAK防衛企業,経産省,有効,制裁リスト（経産省）
HOLD_LEGACY_NOT_IN_CURRENT,株式会社ヴィンペル造船所,株式会社ヴィンペル造船所,経産省,有効,制裁リスト（経産省）
HOLD_LEGACY_NOT_IN_CURRENT,株式会社ヴェガ無線工学コ-ポレ-ション,株式会社ヴェガ無線工学コーポレーション,経産省,有効,制裁リスト（経産省）
HOLD_LEGACY_NOT_IN_CURRENT,株式会社ヴォエンテレコム,株式会社ヴォエンテレコム,経産省,有効,制裁リスト（経産省）
HOLD_LEGACY_NOT_IN_CURRENT,株式会社ヴォトキンスク工場,株式会社ヴォトキンスク工場,経産省,有効,制裁リスト（経産省）
HOLD_LEGACY_NOT_IN_CURRENT,株式会社ヴォトキンスク機械製造工場,株式会社ヴォトキンスク機械製造工場,経産省,有効,制裁リスト（経産省）
HOLD_LEGACY_NOT_IN_CURRENT,株式会社ヴォラトアフト,株式会社ヴォラトアフト,経産省,有効,制裁リスト（経産省）
HOLD_LEGACY_NOT_IN_CURRENT,株式会社ヴォロネジ半導体機器組立工場,株式会社ヴォロネジ半導体機器組立工場,経産省,有効,制裁リスト（経産省）
HOLD_LEGACY_NOT_IN_CURRENT,株式会社ヴャトカ機械工場アヴィテク,株式会社ヴ ャトカ機械工場アヴィテク,経産省,有効,制裁リスト（経産省）
HOLD_LEGACY_NOT_IN_CURRENT,株式会社中央建設局ラズリ-ト,株式会社中央建設局ラズリート,経産省,有効,制裁リスト（経産省）
HOLD_LEGACY_NOT_IN_CURRENT,株式会社中央研究所コンツェルン・エレクトロプリボ-ル,株式会社中央研究所コンツェルン・エレクトロプリボール,経産省;財務省,有効,制裁リスト（財務省：ロシア連邦(団体(特定銀行を除く))／経産省）
HOLD_LEGACY_NOT_IN_CURRENT,株式会社全ロシア研究所シグナル,株式会社全ロシア研究所シグナル,経産省,有効,制裁リスト（経産省）
HOLD_LEGACY_NOT_IN_CURRENT,株式会社制御機器特別設計局,株式会社制御機器特別設計局,経産省,有効,制裁リスト（経産省）
HOLD_LEGACY_NOT_IN_CURRENT,株式会社国立機械製造設計局「ラドゥガ,株式会社国立機械製造設計局「ラドゥガ」,経産省,有効,制裁リスト（経産省）
HOLD_LEGACY_NOT_IN_CURRENT,株式会社国立科学研究所クリスタル,株式会社国立科学研究所クリスタル,経産省,有効,制裁リスト（経産省）
HOLD_LEGACY_NOT_IN_CURRENT,株式会社国際株式企業ヴィムペル,株式会社国際株式企業 ヴィムペル,経産省,有効,制裁リスト（経産省）
HOLD_LEGACY_NOT_IN_CURRENT,株式会社学術生産コ-ポレ-ション機械工学設計局,株式会社学術生産コーポレーショ ン機械工学設計局,経産省,有効,制裁リスト（経産省）
HOLD_LEGACY_NOT_IN_CURRENT,株式会社学術生産企業アルマズ,株式会社学術生産企業アルマズ,経産省,有効,制裁リスト（経産省）
HOLD_LEGACY_NOT_IN_CURRENT,株式会社学術生産企業サリュ-ト,株式会社学術生産企業サリュート,経産省;財務省,有効,制裁リスト（財務省：ロシア連邦(団体(特定銀行を除く))／経産省）
HOLD_LEGACY_NOT_IN_CURRENT,株式会社学術生産企業デジタル・ソリュ-ションズ,株式会社学術生産企業デジタル・ソリューションズ,経産省,有効,制裁リスト（経産省）
HOLD_LEGACY_NOT_IN_CURRENT,株式会社学術生産企業トパズ,株式会社学術生産企業トパズ,経産省,有効,制裁リスト（経産省）
HOLD_LEGACY_NOT_IN_CURRENT,株式会社学術生産企業ヴォスト-ク,株式会社学術生産企業ヴォストーク,経産省,有効,制裁リスト（経産省）
HOLD_LEGACY_NOT_IN_CURRENT,株式会社学術生産会社サプフィル,株式会社学術生産会 社サプフィル,経産省,有効,制裁リスト（経産省）
HOLD_LEGACY_NOT_IN_CURRENT,株式会社学術生産公団エレクトロメカニキ,株式会社学術生産公団エレクトロメカニキ,経産省,有効,制裁リスト（経産省）
HOLD_LEGACY_NOT_IN_CURRENT,株式会社学術生産公団スプラフ,株式会社学術生産公団スプラフ,経産省,有効,制裁リスト（経産省）
HOLD_LEGACY_NOT_IN_CURRENT,株式会社学術生産団体it,株式会社学術生産団体 IT,経産省,有効,制裁リスト（経産省）
HOLD_LEGACY_NOT_IN_CURRENT,株式会社学術生産団体エレクトロメハニキ,株式会社学術生産団体エレクトロメハニキ,経産省;財務省,有効,制裁リスト（財務省：ロシア連邦(団体(特定銀行を除く))／経産省）
HOLD_LEGACY_NOT_IN_CURRENT,株式会社学術生産団体レ-ダ-mms,株式会社学術生産団体レーダーMMS,経産省;財務省,有効,制裁リスト（財務省：ロシア連邦(団体(特定銀行を除く))／経産省）
HOLD_LEGACY_NOT_IN_CURRENT,株式会社工業生産型経済特区アラブガ,株式会社工業生産型経済特区アラブガ,経産省;財務省,有効,制裁リスト（財務省：ロシア連邦(団体(特定銀行を除く))／経産省）
HOLD_LEGACY_NOT_IN_CURRENT,株式会社機械工学中央研究所,株式会社機械工学中央研究所,経産省,有効,制裁リスト（経産省）
HOLD_LEGACY_NOT_IN_CURRENT,株式会社機械工学科学研究所,株式会社機械工学科学研究所,経産省;財務省,有効,制裁リスト（財務省：ロシア連邦(団体(特定銀行を除く))／経産省）
HOLD_LEGACY_NOT_IN_CURRENT,株式会社測量技術学術生産団体,株式会社測量技術学術生産団体,経産省,有効,制裁リスト（経産省）
HOLD_LEGACY_NOT_IN_CURRENT,株式会社無線工学コ-ポレ-ション・ヴェガ,株式会社無線工学コーポレーション・ヴェガ,経産省,有効,制裁リスト（経産省）
HOLD_LEGACY_NOT_IN_CURRENT,株式会社特別工業技術拠点ズヴョ-ズダチカ,株式会社特別工業技術拠点ズヴョーズダチカ,経産省,有効,制裁リスト（経産省）
HOLD_LEGACY_NOT_IN_CURRENT,株式会社特別設計本局プロジェクタ-,株式会社特別設計本局プロジェクター,経産省,有効,制裁リスト（経産省）
HOLD_LEGACY_NOT_IN_CURRENT,株式会社特定用途向け集積回路電気工学設計センタ-・デジタル・ソリュ-ションズ,株式会社特定用途向け集積回路電気工学設計センター・デジタル・ソリューションズ,経産省;財務省,有効,制裁リスト（財務省：ロシア連邦(団体(特定銀行を除く))／経産省）
HOLD_LEGACY_NOT_IN_CURRENT,株式会社特殊設計局サリュ-ト,株式会社特殊設計局サリュート,経産省,有効,制裁リスト（経産省）
HOLD_LEGACY_NOT_IN_CURRENT,株式会社生産団体uomp,株式会社生産団体 UOMP,経産省,有効,制裁リスト（経産省）
HOLD_LEGACY_NOT_IN_CURRENT,株式会社生産団体uomz,株式会社生産団体 UOMZ,経産省,有効,制裁リスト（経産省）
HOLD_LEGACY_NOT_IN_CURRENT,株式会社生産団体ウラル光学機械工場,株式会社生産団体ウラル光 学機械工場,経産省,有効,制裁リスト（経産省）
HOLD_LEGACY_NOT_IN_CURRENT,株式会社研究生産協会ルスビテク,株式会社研究生産協会ルスビテク,外務省;経産省,有効,制裁リスト（経産省／外務省：ロシア連邦の特定団体への輸出等に係る禁止措置(外務省告示第61号)）
HOLD_LEGACY_NOT_IN_CURRENT,株式会社研究開発企業プロテク,株式会社研究開発企業プロテク,経産省,有効,制裁リスト（経産省）
HOLD_LEGACY_NOT_IN_CURRENT,株式会社科学技術サ-ビスセンタ-・ディナミカ,株式会社科学技術サービスセンター・ディナミカ,経産省,有効,制裁リスト（経産省）
HOLD_LEGACY_NOT_IN_CURRENT,株式会社科学技術センタ-・エリンス,株式会社科学技術センター・エリンス,経産省;財務省,有効,制裁リスト（財務省：ロシア連邦(団体(特定銀行を除く))／経産省）
HOLD_LEGACY_NOT_IN_CURRENT,株式会社科学研究,株式会社科学研究,経産省,有効,制裁リスト（経産省）
HOLD_LEGACY_NOT_IN_CURRENT,株式会社科学研究プロジェクト・エレクトリック・カ-ボン製品技術研究所,株式会社科 学研究プロジェクト・エレクトリック・カーボン製品技術研究所,経産省,有効,制裁リスト（経産省）
HOLD_LEGACY_NOT_IN_CURRENT,株式会社科学製造センタ-・ヴィグスタル,株式会社科学製造センター・ヴィグスタル,経産省,有効,制裁リスト（経産省）
HOLD_LEGACY_NOT_IN_CURRENT,株式会社科学製造企業「レギオン,株式会社科学製造企業「レギオン」,経産省,有効,制裁リスト（経産省）
HOLD_LEGACY_NOT_IN_CURRENT,株式会社第121航空修理工場,株式会社第121航空修理工場,経産省,有効,制裁リスト（経産省）
HOLD_LEGACY_NOT_IN_CURRENT,株式会社第123航空修理工場,株式会社第123航空修理工場,経産省,有効,制裁リスト（経産省）
HOLD_LEGACY_NOT_IN_CURRENT,株式会社第140修理工場,株式会社第140修理工場,経産省;財務省,有効,制裁リスト（財務省：ベラルーシ(団体(特定銀行を除く))／経産省）
HOLD_LEGACY_NOT_IN_CURRENT,株式会社第218航空修理工場,株式会社第218航空修理工場,経産省,有効,制裁リスト（経産省）
HOLD_LEGACY_NOT_IN_CURRENT,株式会社第2566無線電子装備品修理工場,株式会社第2566 無線電子装備品修理工場,経産省,有効,制裁リスト（経産省）
HOLD_LEGACY_NOT_IN_CURRENT,株式会社第360航空修理工場,株式会社第360航空修理工場,経産省,有効,制裁リスト（経産省）
HOLD_LEGACY_NOT_IN_CURRENT,株式会社第514航空修理工場,株式会社第514航空修理工場,経産省,有効,制裁リスト（経産省）
HOLD_LEGACY_NOT_IN_CURRENT,株式会社第558航空機修理工場,株式会社第558 航空機修理工場,経産省,有効,制裁リスト（経産省）
HOLD_LEGACY_NOT_IN_CURRENT,株式会社統一造船会社「アイスベルグ中央設計建設,株式会社統一造船会社「アイスベルグ中央設計建設」,経産省,有効,制裁リスト（経産省）
HOLD_LEGACY_NOT_IN_CURRENT,株式会社統一造船会社「アストラハン造船所,株式会社統一造船会社「アストラハン造船所」,経産省,有効,制裁リスト（経産省）
HOLD_LEGACY_NOT_IN_CURRENT,株式会社統一造船会社「バルティック造船工場,株式会社統一造船会社 「バルティック造船工場」,経産省,有効,制裁リスト（経産省）
HOLD_LEGACY_NOT_IN_CURRENT,株式会社統一造船会社「公開株式会社クラ-スナエ・ソルモヴォ・プラント,株式会社統一造船会社「公開株式会社クラースナエ・ソルモヴォ・プラント」,経産省,有効,制裁リスト（経産省）
HOLD_LEGACY_NOT_IN_CURRENT,株式会社統一造船会社「株式会社ズヴョ-ズダチカ,株式会社統一造船会社「株式会社ズヴョーズダチカ」,経産省,有効,制裁リスト（経産省）
HOLD_LEGACY_NOT_IN_CURRENT,株式会社統一造船会社「第35造船所,株式会社統一造船会社「第 35 造船所」,経産省,有効,制裁リスト（経産省）
HOLD_LEGACY_NOT_IN_CURRENT,株式会社航空宇宙防衛アルマズ・アンティ・コンツェルン北西部地域センタ-・オブホウスキ-工場,株式会社航空宇宙防衛アルマズ・アンティ・コンツェルン北西部地域セ ンター・オブホウスキー工場,経産省,有効,制裁リスト（経産省）
HOLD_LEGACY_NOT_IN_CURRENT,株式会社航空機材,株式会社航空機材,経産省,有効,制裁リスト（経産省）
HOLD_LEGACY_NOT_IN_CURRENT,株式会社製造工学学術生産公団,株式会社製造工学学術生産公団,経産省;財務省,有効,制裁リスト（財務省：ロシア連邦(団体(特定銀行を除く))／経産省）
HOLD_LEGACY_NOT_IN_CURRENT,株式会社計算機科学研究所,株式会社計算機科学研究所,経産省,有効,制裁リスト（経産省）
HOLD_LEGACY_NOT_IN_CURRENT,株式会社軍事産業コンソ-シアムnpoマシノストロエニア,株式会社軍事産業コンソーシアムNPOマシノストロエニア,経産省;財務省,有効,制裁リスト（財務省：ロシア連邦(団体(特定銀行を除く))／経産省）
HOLD_LEGACY_NOT_IN_CURRENT,株式会社軍事産業企業npoマシノストロエニア,株式会社軍事産業企業NPOマシノストロエニア,経産省;財務省,有効,制裁リスト（財務省：ロシア連邦(団体(特定銀行を除く))／経産省）
HOLD_LEGACY_NOT_IN_CURRENT,株式会社造船センタ-及び株式会社船舶修理,株式会社造船センター及び株式会社船舶修理,経産省,有効,制裁リスト（経産省）
HOLD_LEGACY_NOT_IN_CURRENT,株式会社造船・船舶修理技術センタ-,株式会社造船・船舶修理技術センター,経産省,有効,制裁リスト（経産省）
HOLD_LEGACY_NOT_IN_CURRENT,株式会社造船所「ヴィンペル,株式会社造船所「ヴィンペル」,経産省,有効,制裁リスト（経産省）
HOLD_LEGACY_NOT_IN_CURRENT,株式会社造船所ヴィンペル,株式会社造船所ヴィ ンペル,経産省,有効,制裁リスト（経産省）
HOLD_LEGACY_NOT_IN_CURRENT,株式会社連邦研究生産センタ-・アルタイ,株式会社連邦研究生産センター・アルタイ,経産省,有効,制裁リスト（経産省）
HOLD_LEGACY_NOT_IN_CURRENT,株式会社鉄鋼科学研究所,株式会社鉄鋼科学研究所,経産省,有効,制裁リスト（経産省）
HOLD_LEGACY_NOT_IN_CURRENT,株式会社電子科学研究所,株式会社電子科学研究所,経産省,有効,制裁リスト（経産省）
HOLD_LEGACY_NOT_IN_CURRENT,株式会社高精度機械工学科学研究所,株式会社高精度機械工学科学研究所,経産省,有効,制裁リスト（経産省）
HOLD_LEGACY_NOT_IN_CURRENT,極東造船・船舶修理センタ-,極東造船・船舶修理センター,経産省,有効,制裁リスト（経産省）
HOLD_LEGACY_NOT_IN_CURRENT,極超音速システム科学研究所,極超音速システム科学研究所,経産省,有効,制裁リスト（経産省）
HOLD_LEGACY_NOT_IN_CURRENT,楽園929輸入会社,楽園929輸入会社,経産省,有効,制裁リスト（経産省）
HOLD_LEGACY_NOT_IN_CURRENT,民間軍事会社「ワグナ-,民間軍事会社「ワグナー」,経産省,有効,制裁リスト（経産省）
HOLD_LEGACY_NOT_IN_CURRENT,民間軍事会社「ワグネル,民間軍事会社「ワグネル」,経産省,有効,制裁リスト（経産省）
HOLD_LEGACY_NOT_IN_CURRENT,江蘇天鳥高新技術有限責任公司,江蘇天鳥高新技術有限責任公司,経産省,有効,制裁リスト（経産省）
HOLD_LEGACY_NOT_IN_CURRENT,河北中瓷電子科技股份有限公司,河北中瓷電子科技股份有限公司,経産省,有効,制裁リスト（経産省）
HOLD_LEGACY_NOT_IN_CURRENT,海洋工学中央設計局ルビン,海洋工学中央設計局ルビン,経産省,有効,制裁リスト（経産省）
HOLD_LEGACY_NOT_IN_CURRENT,海洋熱技術研究所,海洋熱技術 研究所,経産省,有効,制裁リスト（経産省）
HOLD_LEGACY_NOT_IN_CURRENT,海軍水路部,海軍水路部,経産省,有効,制裁リスト（経産省）
HOLD_LEGACY_NOT_IN_CURRENT,深圳五力高科創新有限公司,深圳五力高科創新有 限公司,経産省,有効,制裁リスト（経産省）
HOLD_LEGACY_NOT_IN_CURRENT,深圳嘉思博科技有限公司,深圳嘉思博科技有限公司,経産省,有効,制裁リスト（経産省）
HOLD_LEGACY_NOT_IN_CURRENT,深圳市顺吉电子科技有限公司,深圳市顺吉电子科技有限公司,経産省,有効,制裁リスト（経産省）
HOLD_LEGACY_NOT_IN_CURRENT,深圳比广贸易有限公司,深圳比广贸易有限公司,OFAC;経産省,有効,制裁リスト（経産省／OFAC：SDN）
HOLD_LEGACY_NOT_IN_CURRENT,深海調査総局,深海調査総局,経産省,有効,制裁リスト（経産省）
HOLD_LEGACY_NOT_IN_CURRENT,清川江号,清川江号,経産省,有効,制裁リスト（経産省）
HOLD_LEGACY_NOT_IN_CURRENT,湖北三江航天万山特种车辆有限公司,湖北三江航天万山特种车辆有限公司,経産省,有効,制裁リスト（経産省）
HOLD_LEGACY_NOT_IN_CURRENT,烽火診療所,烽火診療所,経産省,有効,制裁リスト（経産省）
HOLD_LEGACY_NOT_IN_CURRENT,無線技術・情報(rti)システム,無線技術・情報（RTI）システム,経産省,有効,制裁リスト（経産省）
HOLD_LEGACY_NOT_IN_CURRENT,理論実験物理学研究所,理論実験物理学研究所,経産省,有効,制裁リスト（経産省）
HOLD_LEGACY_NOT_IN_CURRENT,瑞文機械有限公司,瑞文機械有限公司,OFAC;経産省,有効,制裁リスト（経産省／OFAC：SDN）
HOLD_LEGACY_NOT_IN_CURRENT,生産団体ストレラ,生産団体ストレラ,経産省,有効,制裁リスト（経産省）
HOLD_LEGACY_NOT_IN_CURRENT,生産団体トゥラマシュザヴォド,生産団体トゥラマシュザヴォド,legacy;経産省,有効,制裁リスト（経産省／令和5年12月15日外為法）
HOLD_LEGACY_NOT_IN_CURRENT,研究・生産団体ライトニング株式会社学術生産公団モ-ルニヤ,研究・生産団体ラ イトニング 株式会社学術生産公団モールニヤ,経産省,有効,制裁リスト（経産省）
HOLD_LEGACY_NOT_IN_CURRENT,研究開発製造企業ヴォラトオ-ト,研究開発製造企業ヴォラトオート,経産省,有効,制裁リスト（経産省）
HOLD_LEGACY_NOT_IN_CURRENT,科学アカデミ-sssr固体物理学研究所,科学アカデミーSSSR固体物理学研究 所,経産省,有効,制裁リスト（経産省）
HOLD_LEGACY_NOT_IN_CURRENT,科学テクノロジ-・センタ-・メトロテック,科学テクノロジ ー・センター・メトロテック,経産省,有効,制裁リスト（経産省）
HOLD_LEGACY_NOT_IN_CURRENT,科学技術センタ-・エリンス,科学技術センター・エリンス,経産省,有効,制裁リスト（経産省）
HOLD_LEGACY_NOT_IN_CURRENT,科学生産センタ-・エルヴィス,科学生産センター・エルヴィス,経産省,有効,制裁リスト（経産省）
HOLD_LEGACY_NOT_IN_CURRENT,科学研究所「アルゴン,科学研究所「アルゴン」,経産省,有効,制裁リスト（経産省）
HOLD_LEGACY_NOT_IN_CURRENT,科学研究所「プラタン」及び付属工場,科学研究所「プラタン」及び付属工場,経産省,有効,制裁リスト（経産省）
HOLD_LEGACY_NOT_IN_CURRENT,科学研究所フェルリット・ドメン,科学研究所フェルリット・ドメン,経産省,有効,制裁リスト（経産省）
HOLD_LEGACY_NOT_IN_CURRENT,科学製造会社オプトリンク,科学製造会社オプトリンク,経産省,有効,制裁リスト（経産省）
HOLD_LEGACY_NOT_IN_CURRENT,科学製造複合技術センタ-,科学製造複合技術センター,経産省;財務省,有効,制裁リスト（財務省：ロシア連邦(団体(特定銀行を除く))／経産省）
HOLD_LEGACY_NOT_IN_CURRENT,端川商業銀行,端川商業銀行,経産省,有効,制裁リスト（経産省）
HOLD_LEGACY_NOT_IN_CURRENT,第27nts,第 27NTs,経産省,有効,制裁リスト（経産省）
HOLD_LEGACY_NOT_IN_CURRENT,第27tsnii,第27TsNII,経産省,有効,制裁リスト（経産省）
HOLD_LEGACY_NOT_IN_CURRENT,第27中央科学研究所,第27中央科学研究所,経産省,有効,制裁リスト（経産省）
HOLD_LEGACY_NOT_IN_CURRENT,第27中央科学研究所(tsnii),第27中央科学研究所（TsNII）,経産省,有効,制裁リスト（経産省）
HOLD_LEGACY_NOT_IN_CURRENT,第27軍事学術センタ-,第 27軍事学術センター,経産省,有効,制裁リスト（経産省）
HOLD_LEGACY_NOT_IN_CURRENT,第33tsniii,第 33TsNIII,経産省,有効,制裁リスト（経産省）
HOLD_LEGACY_NOT_IN_CURRENT,第33中央科学研究所,第33中央科学研究所,経産省,有効,制裁リスト（経産省）
HOLD_LEGACY_NOT_IN_CURRENT,第33中央科学研究所(tsnii),第 33中央科学研究所(TsNII),経産省,有効,制裁リスト（経産省）
HOLD_LEGACY_NOT_IN_CURRENT,第33科学研究試験所,第33科学研究試験所,経産省,有効,制裁リスト（経産省）
HOLD_LEGACY_NOT_IN_CURRENT,第33軍事学術センタ-,第 33軍事学術センター,経産省,有効,制裁リスト（経産省）
HOLD_LEGACY_NOT_IN_CURRENT,第46tsnii中央科学研究所,第46TSNII中央科学研究所,経産省,有効,制裁リスト（経産省）
HOLD_LEGACY_NOT_IN_CURRENT,第48tsnii,第48TsNII,経産省,有効,制裁リスト（経産省）
HOLD_LEGACY_NOT_IN_CURRENT,第48中央科学研究所,第48中央科学研究所,経産省,有効,制裁リスト（経産省）
HOLD_LEGACY_NOT_IN_CURRENT,第48中央科学研究所(tsnii),第 48 中央科学研究所 (TsNII),経産省,有効,制裁リスト（経産省）
HOLD_LEGACY_NOT_IN_CURRENT,第5造船所,第５造船所,経産省,有効,制裁リスト（経産省）
HOLD_LEGACY_NOT_IN_CURRENT,第一信託会社,第一信託会社,経産省,有効,制裁リスト（経産省）
HOLD_LEGACY_NOT_IN_CURRENT,第一労働組合組織「アゾフ光学機械工場」ロシア工業労働者労働組合,第一労働組合組織「アゾフ光学機械工場」ロシア工業労働者労働組合,経産省,有効,制裁リスト（経産省）
HOLD_LEGACY_NOT_IN_CURRENT,第一労働組合組織アゾフ工学機械工場,第一労働組合組織アゾフ工 学機械工場,経産省,有効,制裁リスト（経産省）
HOLD_LEGACY_NOT_IN_CURRENT,第一労働組合組織工業労働者労働組合v「gosniimash,第一労働組合組織工業労働者労働組合 V 「GOSNIIMASH」,経産省,有効,制裁リスト（経産省）
HOLD_LEGACY_NOT_IN_CURRENT,第二経済委員会,第二経済委員会,経産省,有効,制裁リスト（経産省）
HOLD_LEGACY_NOT_IN_CURRENT,第二自然科学院,第二自然科学院,経産省,有効,制裁リスト（経産省）
HOLD_LEGACY_NOT_IN_CURRENT,純国営対外貿易企業ベラル-シ対外特殊機材公社,純国営対外貿易企業ベラルーシ対外特殊機材公社,経産省,有効,制裁リスト（経産省）
HOLD_LEGACY_NOT_IN_CURRENT,純国営製造企業ミンスク装輪牽引車工場,純国営製造企業ミンスク装輪牽引車工場,経産省,有効,制裁リスト（経産省）
HOLD_LEGACY_NOT_IN_CURRENT,純民営製造販売企業ミノトルサ-ビス,純民営製造販売企業ミノトルサービス,経産省,有効,制裁リスト（経産省）
HOLD_LEGACY_NOT_IN_CURRENT,統一エンジン会社アヴィアドヴィガチェリ株式会社,統一エンジン会社アヴィアドヴィガチェリ株式会社,外務省;経産省,有効,制裁リスト（経産省／外務省：ロシア連邦の特定団体への輸出等に係る禁止措置(外務省告示第61号)）
HOLD_LEGACY_NOT_IN_CURRENT,統一エンジン製造会社,統一エンジン製造会社,経産省,有効,制裁リスト（経産省）
HOLD_LEGACY_NOT_IN_CURRENT,統一エンジン製造会社-サトゥルン,統一エンジン製造会社―サトゥルン,経産省,有効,制裁リスト（経産省）
HOLD_LEGACY_NOT_IN_CURRENT,統一機器製造会社,統一機器製造会社,経産省,有効,制裁リスト（経産省）
HOLD_LEGACY_NOT_IN_CURRENT,統一造船会社「オネガ科学研究設計技術局,統一造船会社「オネガ科学研究設計技術局」,経産省,有効,制裁リスト（経産省）
HOLD_LEGACY_NOT_IN_CURRENT,統一造船会社「プリバルティック造船工場ヤンタ-ル,統一造船会社「プリバルティック造船工場ヤンタール」,経産省,有効,制裁リスト（経産省）
HOLD_LEGACY_NOT_IN_CURRENT,統一造船会社「中央・ネフスキ-造船所,統一造船会社「中央・ネフスキー造船所」,経産省,有効,制裁リスト（経産省）
HOLD_LEGACY_NOT_IN_CURRENT,統一造船会社「生産連合体北方機械製造企業,統一造船会社「生産連合体北方機械製造企業」,経産省,有効,制裁リスト（経産省）
HOLD_LEGACY_NOT_IN_CURRENT,羅海貿易会社,羅海貿易会社,経産省,有効,制裁リスト（経産省）
HOLD_LEGACY_NOT_IN_CURRENT,美星國際貿易有限公司,美星國際貿易有限公司,OFAC;経産省,有効,制裁リスト（経産省／OFAC：SDN）
HOLD_LEGACY_NOT_IN_CURRENT,自動操作油圧技術中央科学研究所,自動操作油圧技術中央科学研究所,経産省;財務省,有効,制裁リスト（財務省：ロシア連邦(団体(特定銀行を除く))／経産省）
HOLD_LEGACY_NOT_IN_CURRENT,自治非営利組織高等教育機関スコルコヴォ科学技術研究所,自治非営利組織高等教育機関スコルコヴォ科学技術研 究所,経産省,有効,制裁リスト（経産省）
HOLD_LEGACY_NOT_IN_CURRENT,航天动力技术研究院,航天动力技术研究院,経産省,有効,制裁リスト（経産省）
HOLD_LEGACY_NOT_IN_CURRENT,航空動力中央研究所,航空動力中央研究所,経産省,有効,制裁リスト（経産省）
HOLD_LEGACY_NOT_IN_CURRENT,航空持株会社akhk24912スホイ,航空持株会社 AKhK24912 スホイ,経産省,有効,制裁リスト（経産省）
HOLD_LEGACY_NOT_IN_CURRENT,航空持株会社akhkスホイ,航空持株会社 AKhKスホイ,経産省,有効,制裁リスト（経産省）
HOLD_LEGACY_NOT_IN_CURRENT,航空機製造会社ミグ,航空機製造会社ミグ,経産省,有効,制裁リスト（経産省）
HOLD_LEGACY_NOT_IN_CURRENT,航空流体力学中央研究所,航空流体力学中央研究所,経産省,有効,制裁リスト（経産省）
HOLD_LEGACY_NOT_IN_CURRENT,苏州埃文特种合金有限公司,苏州埃文特种合金有限公司,OFAC;経産省,有効,制裁リスト（経産省／OFAC：SDN）
HOLD_LEGACY_NOT_IN_CURRENT,莫斯特發展有限公司,莫斯特發展有限公司,経産省,有効,制裁リスト（経産省）
HOLD_LEGACY_NOT_IN_CURRENT,西北工業大学,西北工業大学,経産省,有効,制裁リスト（経産省）
HOLD_LEGACY_NOT_IN_CURRENT,西城食品工場,西城食品工場,経産省,有効,制裁リスト（経産省）
HOLD_LEGACY_NOT_IN_CURRENT,諜報及び偵察機関,諜報及び偵察機関,経産省,有効,制裁リスト（経産省）
HOLD_LEGACY_NOT_IN_CURRENT,貿易銀行,貿易銀行,経産省,有効,制裁リスト（経産省）
HOLD_LEGACY_NOT_IN_CURRENT,軍事ユニット20924,軍事ユニット20924,経産省;財務省,有効,制裁リスト（財務省：ロシア連邦(団体(特定銀行を除く))／経産省）
HOLD_LEGACY_NOT_IN_CURRENT,軍事医学研究院微生物流行病研究所,軍事医学研究院 微生物流行病研究所,経産省,有効,制裁リスト（経産省）
HOLD_LEGACY_NOT_IN_CURRENT,軍事産業企業npoマシノストロエニア公開株式会社,軍事産業企業NPOマシノストロエニア公開株式会社,経産省;財務省,有効,制裁リスト（財務省：ロシア連邦(団体(特定銀行を除く))／経産省）
HOLD_LEGACY_NOT_IN_CURRENT,軍需工業部,軍需工業部,経産省;財務省,有効,制裁リスト（財務省：北朝鮮(協調；団体)／経産省）
HOLD_LEGACY_NOT_IN_CURRENT,通信管理システム科学研究所,通信管理システム科学研究所,経産省,有効,制裁リスト（経産省）
HOLD_LEGACY_NOT_IN_CURRENT,連邦予算機関ロシア連邦国防省第27中央科学研究所,連邦予算機関ロシア連邦国防省第 27中央科学研究所,経産省,有効,制裁リスト（経産省）
HOLD_LEGACY_NOT_IN_CURRENT,連邦保安庁,連邦保安庁,経産省,有効,制裁リスト（経産省）
HOLD_LEGACY_NOT_IN_CURRENT,連邦単一国家企業mniirip,連邦単一国家企業 MNIIRIP,経産省,有効,制裁リスト（経産省）
HOLD_LEGACY_NOT_IN_CURRENT,連邦単一国家企業vniir,連邦単一国家企業 VNIIR,経産省,有効,制裁リスト（経産省）
HOLD_LEGACY_NOT_IN_CURRENT,連邦国家予算機関n.e.ジュコフスキ-名称国立研究センタ-研究所,連邦国家予算機関Ｎ.Ｅ.ジュコフスキー名称国立研究センター研究所,経産省,有効,制裁リスト（経産省）
HOLD_LEGACY_NOT_IN_CURRENT,連邦国家予算機関ロシア科学アカデミ-yu.a.オシピャン名称固体物理学研究所,連邦国家予算機関ロシア科学アカデミーＹｕ．Ａ．オシピャン名称固体物理学研究所,経産省,有効,制裁リスト（経産省）
HOLD_LEGACY_NOT_IN_CURRENT,連邦国家予算機関ロシア連邦国防省第48中央科学研究所,連邦国家予算機関ロシア連邦国防省第 48中央科学研究所,経産省,有効,制裁リスト（経産省）
HOLD_LEGACY_NOT_IN_CURRENT,連邦国家単一企業nppガンマ,連邦国家単一企業 NPPガンマ,経産省,有効,制裁リスト（経産省）
HOLD_LEGACY_NOT_IN_CURRENT,連邦国家単一企業rkbグロ-ブス,連邦国家単一企業 RKBグローブス,経産省,有効,制裁リスト（経産省）
HOLD_LEGACY_NOT_IN_CURRENT,連邦国家単一企業「中央・ネフスキ-造船プラント,連邦国家単一企業 「中央・ネフスキー造 船プラント」,経産省,有効,制裁リスト（経産省）
HOLD_LEGACY_NOT_IN_CURRENT,連邦国家単一企業ドゥホフ名称オ-トメ-ション研究所,連邦国家単一企業ドゥホフ名称オートメーション研究所,経産省,有効,制裁リスト（経産省）
HOLD_LEGACY_NOT_IN_CURRENT,連邦国家単一企業全ロシア・ラジオエレクトロニクス科学研究所,連邦国家単一企業全ロシア・ラジオエレク トロニクス科学研究所,経産省,有効,制裁リスト（経産省）
HOLD_LEGACY_NOT_IN_CURRENT,連邦国家単一企業全ロシア光学物理計測科学研究所,連邦国家単一企業全ロシア光学物理計測科学研究 所,経産省,有効,制裁リスト（経産省）
HOLD_LEGACY_NOT_IN_CURRENT,連邦国家単一企業全ロシア物理・技術・無線工学観測研究所,連邦国家単一企業全ロシア物理・技術・無線工学観測研究所,経産省,有効,制裁リスト（経産省）
HOLD_LEGACY_NOT_IN_CURRENT,連邦国家単一企業国立航空システム科学研究所,連邦国家単一企業国立航空システム科学研究所,経産省,有効,制裁リスト（経産省）
HOLD_LEGACY_NOT_IN_CURRENT,連邦国家単一企業学術生産企業ガンマ,連邦国家単一企業学術生産企業ガンマ,経産省,有効,制裁リスト（経産省）
HOLD_LEGACY_NOT_IN_CURRENT,連邦国家単一企業研究生産企業ガンマ,連邦国家単一企業研究生産企業ガンマ,経産省,有効,制裁リスト（経産省）
HOLD_LEGACY_NOT_IN_CURRENT,連邦国家機関軍事ユニット20924,連邦国家機関軍事ユニット20924,経産省;財務省,有効,制裁リスト（財務省：ロシア連邦(団体(特定銀行を除く))／経産省）
HOLD_LEGACY_NOT_IN_CURRENT,連邦国家機関連邦科学センタ-ロシア科学アカデミ-・システム分析科学研究所,連邦国家機関連邦科学センターロシア科学アカデミー・システム分析科学研究所,経産省,有効,制裁リスト（経産省）
HOLD_LEGACY_NOT_IN_CURRENT,連邦技術規制・計量庁,連邦技術規制・計量庁,経産省,有効,制裁リスト（経産省）
HOLD_LEGACY_NOT_IN_CURRENT,連邦汎用技術センタ-(ftsdt)ソユ-ズ,連邦汎用技術センター(FTsDT)ソユーズ,経産省,有効,制裁リスト（経産省）
HOLD_LEGACY_NOT_IN_CURRENT,連邦研究生産センタ-・応用化学研究所,連邦研究生産センター・応用化学研究所,経産省,有効,制裁リスト（経産省）
HOLD_LEGACY_NOT_IN_CURRENT,連邦自治機関p.i.バラノフ名称エンジン製造中央研究所,連邦自治機関Ｐ．Ｉ．バラノフ名称エンジン製造中央研究所,経産省,有効,制裁リスト（経産省）
HOLD_LEGACY_NOT_IN_CURRENT,部隊a,部隊 A,経産省,有効,制裁リスト（経産省）
HOLD_LEGACY_NOT_IN_CURRENT,都灵科技香港有限公司,都灵科技香港有限公司,経産省,有効,制裁リスト（経産省）
HOLD_LEGACY_NOT_IN_CURRENT,重機製造中央設計局sputskbtm,重機製造中央設計局 SPU TsKB TM,経産省,有効,制裁リスト（経産省）
HOLD_LEGACY_NOT_IN_CURRENT,金剛原動機合営会社,金剛原動機合営会社,経産省,有効,制裁リスト（経産省）
HOLD_LEGACY_NOT_IN_CURRENT,金山合営会社,金山合営会社,経産省,有効,制裁リスト（経産省）
HOLD_LEGACY_NOT_IN_CURRENT,金日成総合大学,金日成総合大学,経産省,有効,制裁リスト（経産省）
HOLD_LEGACY_NOT_IN_CURRENT,金策工業総合大学,金策工業総合大学,経産省,有効,制裁リスト（経産省）
HOLD_LEGACY_NOT_IN_CURRENT,金策製鉄所,金策製鉄所,経産省,有効,制裁リスト（経産省）
HOLD_LEGACY_NOT_IN_CURRENT,鉄鋼科学研究所,鉄鋼科学研究所,経産省,有効,制裁リスト（経産省）
HOLD_LEGACY_NOT_IN_CURRENT,長水貿易会社,長水貿易会社,経産省,有効,制裁リスト（経産省）
HOLD_LEGACY_NOT_IN_CURRENT,长光卫星,长光卫星,経産省,有効,制裁リスト（経産省）
HOLD_LEGACY_NOT_IN_CURRENT,长光卫星技术股份有限公司,长光卫星技术股份有限公 司,経産省,有効,制裁リスト（経産省）
HOLD_LEGACY_NOT_IN_CURRENT,长沙天仪空间科技研究院有限公司,长沙天仪空间科技研究院有限公 司,OFAC;経産省,有効,制裁リスト（経産省／OFAC：SDN）
HOLD_LEGACY_NOT_IN_CURRENT,閉鎖型株式会社学術生産企業トパズ,閉鎖型株式会社学術生産企業 トパズ,経産省,有効,制裁リスト（経産省）
HOLD_LEGACY_NOT_IN_CURRENT,閉鎖式株式会社プロメレクトロニカ,閉鎖式株式会社プロメレクトロニカ,経産省,有効,制裁リスト（経産省）
HOLD_LEGACY_NOT_IN_CURRENT,防衛省第33研究開発センタ-,防衛省第 33研究開発センター,経産省,有効,制裁リスト（経産省）
HOLD_LEGACY_NOT_IN_CURRENT,陝西重型汽車有限公司,陝西重型汽車有限公司,経産省,有効,制裁リスト（経産省）
HOLD_LEGACY_NOT_IN_CURRENT,電子コンピュ-タ-・テクノロジ-科学研究所,電子コンピューター・テクノロジー科学研究所,経産省,有効,制裁リスト（経産省）
HOLD_LEGACY_NOT_IN_CURRENT,電子機械・情報システム(elvis),電子機械・情報システム（ELVIS）,経産省,有効,制裁リスト（経産省）
HOLD_LEGACY_NOT_IN_CURRENT,電子科学研究所,電子科学研究所,経産省,有効,制裁リスト（経産省）
HOLD_LEGACY_NOT_IN_CURRENT,電子科技大学,電子科技大学,経産省,有効,制裁リスト（経産省）
HOLD_LEGACY_NOT_IN_CURRENT,電波工学技術能力センタ-,電波工学技術能力センター,経産省,有効,制裁リスト（経産省）
HOLD_LEGACY_NOT_IN_CURRENT,露連邦の国軍(地上軍、海軍、海軍歩兵部隊、航空宇宙軍及び沿岸部隊),露連邦の国軍（地上軍、海軍、海軍歩兵部隊、航空宇宙軍及び沿岸部隊）,経産省,有効,制裁リスト（経産省）
HOLD_LEGACY_NOT_IN_CURRENT,青島航帆貿易有限公司,青島航帆貿易有限公司,経産省,有効,制裁リスト（経産省）
HOLD_LEGACY_NOT_IN_CURRENT,青松連合,青松連合,経産省,有効,制裁リスト（経産省）
HOLD_LEGACY_NOT_IN_CURRENT,青雲山5会社,青雲山5会社,経産省,有効,制裁リスト（経産省）
HOLD_LEGACY_NOT_IN_CURRENT,非公開株式会社kscp,非公開株式会社KSCP,経産省;財務省,有効,制裁リスト（財務省：ロシア連邦(団体(特定銀行を除く))／経産省）
HOLD_LEGACY_NOT_IN_CURRENT,非公開株式会社kspz,非公開株式会社KSPZ,経産省;財務省,有効,制裁リスト（財務省：ロシア連邦(団体(特定銀行を除く))／経産省）
HOLD_LEGACY_NOT_IN_CURRENT,非公開株式会社skb,非公開株式会社SKB,legacy;経産省,有効,制裁リスト（経産省／令和5年12月15日外為法）
HOLD_LEGACY_NOT_IN_CURRENT,非公開株式会社stcモジュ-ル,非公開株式会社STCモジュール,経産省;財務省,有効,制裁リスト（財務省：ロシア連邦(団体(特定銀行を除く))／経産省）
HOLD_LEGACY_NOT_IN_CURRENT,非公開株式会社インジェネルニ-・センタ-・ゲオミ-ル,非公開株式会社インジェネルニー・センター・ゲオミー ル,経産省,有効,制裁リスト（経産省）
HOLD_LEGACY_NOT_IN_CURRENT,非公開株式会社エルブルスmcst,非公開株式会社エルブルス MCST,経産省,有効,制裁リスト（経産省）
HOLD_LEGACY_NOT_IN_CURRENT,非公開株式会社エルミクス・vs,非公開株式会社エルミクス・VS,経産省,有効,制裁リスト（経産省）
HOLD_LEGACY_NOT_IN_CURRENT,非公開株式会社エレクトロジャガ,非公開株式会社エレクトロジャガ,経産省,有効,制裁リスト（経産省）
HOLD_LEGACY_NOT_IN_CURRENT,非公開株式会社エンジニアリング・センタ-・ジオミ-ル,非公開株式会社エンジニアリング・センター・ジオミール,経産省,有効,制裁リスト（経産省）
HOLD_LEGACY_NOT_IN_CURRENT,非公開株式会社クロンシュタット,非公開株式会社クロンシュタット,経産省,有効,制裁リスト（経産省）
HOLD_LEGACY_NOT_IN_CURRENT,非公開株式会社スパルタ,非公開株式会社スパルタ,経産省,有効,制裁リスト（経産省）
HOLD_LEGACY_NOT_IN_CURRENT,非公開株式会社スヴャジインジニアリング,非公開株式会社スヴャジインジニアリング,経産省,有効,制裁リスト（経産省）
HOLD_LEGACY_NOT_IN_CURRENT,非公開株式会社トゥルボルス,非公開株式会社トゥルボルス,経産省,有効,制裁リスト（経産省）
HOLD_LEGACY_NOT_IN_CURRENT,非公開株式会社ペラ・フィヨルド,非公開株式会社ペラ・フィヨルド,経産省,有効,制裁リスト（経産省）
HOLD_LEGACY_NOT_IN_CURRENT,非公開株式会社リビンスカヤ・ワ-フ・インジニアリング,非公開株式会社リビンスカヤ・ワーフ・インジニア リング,経産省,有効,制裁リスト（経産省）
HOLD_LEGACY_NOT_IN_CURRENT,非商業組織新技術精緻化商業化センタ-開発基金,非商業組織新技術精緻化商業化センター開発基金,経産省,有効,制裁リスト（経産省）
HOLD_LEGACY_NOT_IN_CURRENT,革新技術エンジニアリング・センタ-,革新技術エンジニアリング・センター,経産省,有効,制裁リスト（経産省）
HOLD_LEGACY_NOT_IN_CURRENT,順和江会社,順和江会社,経産省,有効,制裁リスト（経産省）
HOLD_LEGACY_NOT_IN_CURRENT,順川セメント工場,順川セメント工場,経産省,有効,制裁リスト（経産省）
HOLD_LEGACY_NOT_IN_CURRENT,香港凱利實業有限公司,香港凱利實業有限公司,経産省,有効,制裁リスト（経産省）
HOLD_LEGACY_NOT_IN_CURRENT,香港科鬥國際貿易有限公司,香港科鬥國際貿易有限公司,経産省,有効,制裁リスト（経産省）
HOLD_LEGACY_NOT_IN_CURRENT,香港華邁電子模型有限公司,香港華邁電子模型有限公司,経産省,有効,制裁リスト（経産省）
HOLD_LEGACY_NOT_IN_CURRENT,高エネルギ-物理研究所,高エネルギー物理研究所,経産省,有効,制裁リスト（経産省）
HOLD_LEGACY_NOT_IN_CURRENT,高精度機械工学科学研究所,高精度機械工学科学研究所,経産省,有効,制裁リスト（経産省）
HOLD_LEGACY_NOT_IN_CURRENT,高麗航空,高麗航空,経産省,有効,制裁リスト（経産省）
HOLD_LEGACY_NOT_IN_CURRENT,鯉明水貿易会社,鯉明水貿易会社,経産省,有効,制裁リスト（経産省）
HOLD_LEGACY_NOT_IN_CURRENT,麥克維爾工業貿易有限公司,麥克維爾工業貿易有限公司,経産省,有効,制裁リスト（経産省）
HOLD_LEGACY_NOT_IN_CURRENT,黄海製鉄連合企業所,黄海製鉄連合企業所,経産省,有効,制裁リスト（経産省）
HOLD_LEGACY_NOT_IN_CURRENT,黎巴嫩卡氏有限公司广州代表处,黎巴嫩卡氏有限公司广州代表处,経産省,有効,制裁リスト（経産省）
