action,match_key,name,record_no,record_primary,kind,party_nos,supporting_names,source_record_ids,review_reason,resolution,existing_master_sources,existing_master_display_name
NOOP_ALREADY_METI,(korea)sunhwagangtradingco.((朝鮮)順和江貿易会社),(Korea) Sunhwagang Trading Co. ((朝鮮)順和江貿易会社),433,Sun Hwa Gang Co. Ltd. (順和江会社),ALIAS:1,433,"[""(Korea) Sunhwagang Trading Co. ((朝鮮)順和江貿易会社)""]",c632d657f9c13b1250d688394eb7c99956a994527cb56f4a77c86ed61ff1dbda:433:ALIAS:1,,,経産省,(Korea) Sunhwagang Trading Co. ((朝鮮)順和江貿易会社)
READY_ADD,10thresearchinstituteofchinaelectronictechnologygroupcorporation(cetc)(中国電子科技集団公司第十研究所),10th Research Institute of China Electronic Technology Group Corporation (CETC) (中国電子科技集団公司第十研究所),475,10th Research Institute of China Electronic Technology Group Corporation (CETC) (中国電子科技集団公司第十研究所),PRIMARY,475,"[""10th Research Institute of China Electronic Technology Group Corporation (CETC) (中国電子科技集団公司第十研究所)""]",c632d657f9c13b1250d688394eb7c99956a994527cb56f4a77c86ed61ff1dbda:475:PRIMARY,,,,
NOOP_ALREADY_METI,12thresearchinstitutechinaacademyoflaunchvehicletechnology(calt),12th Research Institute China Academy of Launch Vehicle Technology (CALT),488,Beijing Aerospace Automatic Control Institute (BICD) (北京航天自動控制研究所),ALIAS:1,488,"[""12th Research Institute China Academy of Launch Vehicle Technology (CALT)""]",c632d657f9c13b1250d688394eb7c99956a994527cb56f4a77c86ed61ff1dbda:488:ALIAS:1,,,経産省,12th Research Institute China Academy of Launch Vehicle Technology (CALT)
NOOP_ALREADY_METI,13thinstitute,13th Institute,476,"13th Research Institute, 9th Academy, China Aerospace Science and Technology Corporation (CASC) (中国航天科技集団公司第九研究院第十三研究所)",ALIAS:1,476,"[""13th Institute""]",c632d657f9c13b1250d688394eb7c99956a994527cb56f4a77c86ed61ff1dbda:476:ALIAS:1,,,経産省,13th Institute
READY_ADD,"13thresearchinstitute,9thacademy,chinaaerospacescienceandtechnologycorporation(casc)(中国航天科技集団公司第九研究院第十三研究所)","13th Research Institute, 9th Academy, China Aerospace Science and Technology Corporation (CASC) (中国航天科技集団公司第九研究院第十三研究所)",476,"13th Research Institute, 9th Academy, China Aerospace Science and Technology Corporation (CASC) (中国航天科技集団公司第九研究院第十三研究所)",PRIMARY,476,"[""13th Research Institute, 9th Academy, China Aerospace Science and Technology Corporation (CASC) (中国航天科技集団公司第九研究院第十三研究所)""]",c632d657f9c13b1250d688394eb7c99956a994527cb56f4a77c86ed61ff1dbda:476:PRIMARY,,,,
READY_ADD,20thresearchinstituteofchinaelectronictechnologygroupcorporation(cetc)(中国電子科技集団公司第二十研究所),20th Research Institute of China Electronic Technology Group Corporation (CETC) (中国電子科技集団公司第二十研究所),477,20th Research Institute of China Electronic Technology Group Corporation (CETC) (中国電子科技集団公司第二十研究所),PRIMARY,477,"[""20th Research Institute of China Electronic Technology Group Corporation (CETC) (中国電子科技集団公司第二十研究所)""]",c632d657f9c13b1250d688394eb7c99956a994527cb56f4a77c86ed61ff1dbda:477:PRIMARY,,,,
NOOP_ALREADY_METI,221generalbureau,221 General Bureau,352,Korea Mining Development Trading Corporation (KOMID) (朝鮮鉱業開発貿易会社),ALIAS:7,352,"[""221 General Bureau""]",c632d657f9c13b1250d688394eb7c99956a994527cb56f4a77c86ed61ff1dbda:352:ALIAS:7,,,経産省,221 General Bureau
NOOP_ALREADY_METI,230factory,230 Factory,476,"13th Research Institute, 9th Academy, China Aerospace Science and Technology Corporation (CASC) (中国航天科技集団公司第九研究院第十三研究所)",ALIAS:3,476,"[""230 Factory""]",c632d657f9c13b1250d688394eb7c99956a994527cb56f4a77c86ed61ff1dbda:476:ALIAS:3,,,経産省,230 Factory
NOOP_ALREADY_METI,23rdresearchinstitute,23rd Research Institute,478,23rd Research Institute,PRIMARY,478,"[""23rd Research Institute""]",c632d657f9c13b1250d688394eb7c99956a994527cb56f4a77c86ed61ff1dbda:478:PRIMARY,,,経産省,23rd Research Institute
NOOP_ALREADY_METI,27thnts,27th NTs,736,27th Scientific Center of the Russian Ministry of Defense,ALIAS:1,736,"[""27th NTs""]",c632d657f9c13b1250d688394eb7c99956a994527cb56f4a77c86ed61ff1dbda:736:ALIAS:1,,,OFAC;経産省,27th NTs
NOOP_ALREADY_METI,27thscientificcenteroftherussianministryofdefense,27th Scientific Center of the Russian Ministry of Defense,736,27th Scientific Center of the Russian Ministry of Defense,PRIMARY,736,"[""27th Scientific Center of the Russian Ministry of Defense""]",c632d657f9c13b1250d688394eb7c99956a994527cb56f4a77c86ed61ff1dbda:736:PRIMARY,,,経産省,27th Scientific Center of the Russian Ministry of Defense
NOOP_ALREADY_METI,2ndacademyofnaturalsciences,2nd Academy of Natural Sciences,425,Second Academy of Natural Sciences (第二自然科学院),ALIAS:1,425,"[""2nd Academy of Natural Sciences""]",c632d657f9c13b1250d688394eb7c99956a994527cb56f4a77c86ed61ff1dbda:425:ALIAS:1,,,OFAC;経産省;財務省,2ND ACADEMY OF NATURAL SCIENCES
NOOP_ALREADY_METI,31stresearchinstituteofchinaaerospacescienceandindustrycorporation(casic)(中国航天科工集団第三研究院三十一研究所),31st Research Institute of China Aerospace Science and Industry Corporation (CASIC) (中国航天科工集団第三研究院三十一研究所),499,Beijing Power Machinery Institute (北京動力機械研究所),ALIAS:1,499,"[""31st Research Institute of China Aerospace Science and Industry Corporation (CASIC) (中国航天科工集団第三研究院三十一研究所)""]",c632d657f9c13b1250d688394eb7c99956a994527cb56f4a77c86ed61ff1dbda:499:ALIAS:1,,,経産省,31st Research Institute of China Aerospace Science and Industry Corporation (CASIC) (中国航天科工集団第三研究院三十一研究所)
NOOP_ALREADY_METI,33institute,33 Institute,490,Beijing Automation Control Equipment Institute (BACEI) (北京自動化控制設備研究所),ALIAS:1,490,"[""33 Institute""]",c632d657f9c13b1250d688394eb7c99956a994527cb56f4a77c86ed61ff1dbda:490:ALIAS:1,,,経産省,33 Institute
NOOP_ALREADY_METI,33rdscientificresearchandtestinginstitute,33rd Scientific Research and Testing Institute,737,33rd Scientific Research and Testing Institute,PRIMARY,737,"[""33rd Scientific Research and Testing Institute""]",c632d657f9c13b1250d688394eb7c99956a994527cb56f4a77c86ed61ff1dbda:737:PRIMARY,,,OFAC;経産省,33rd Scientific Research and Testing Institute
NOOP_ALREADY_METI,33rdtsniii,33rd TsNIII,737,33rd Scientific Research and Testing Institute,ALIAS:1,737,"[""33rd TsNIII""]",c632d657f9c13b1250d688394eb7c99956a994527cb56f4a77c86ed61ff1dbda:737:ALIAS:1,,,OFAC;経産省,33rd TsNIII
NOOP_ALREADY_METI,35institute,35 Institute,558,No. 35 Research Institute of the Third Academy of China Aerospace Science and Industry Corporation (CASIC),ALIAS:1,558,"[""35 Institute""]",c632d657f9c13b1250d688394eb7c99956a994527cb56f4a77c86ed61ff1dbda:558:ALIAS:1,,,経産省,35 Institute
HOLD_WEAK_ALIAS,3mg,3MG,169,Mizan Machinery Manufacturing (3M),ALIAS:1,169,"[""3MG""]",c632d657f9c13b1250d688394eb7c99956a994527cb56f4a77c86ed61ff1dbda:169:ALIAS:1,3文字と短く、照合時に誤検知が多発する見込み（3MG）,,財務省,3MG
NOOP_ALREADY_METI,3mlimited,3M Limited,721,K Logistics (China) Limited （快急送物流(中國)有限公司）,ALIAS:3,721,"[""3M Limited""]",c632d657f9c13b1250d688394eb7c99956a994527cb56f4a77c86ed61ff1dbda:721:ALIAS:3,,,経産省,3M Limited
READY_ADD,4.27co.pyongyangbranch(4.27貿易会社平壌支社),4.27 Co. Pyongyang Branch (4.27貿易会社平壌支社),297,4.27 Co. Pyongyang Branch (4.27貿易会社平壌支社),PRIMARY,297,"[""4.27 Co. Pyongyang Branch (4.27貿易会社平壌支社)""]",c632d657f9c13b1250d688394eb7c99956a994527cb56f4a77c86ed61ff1dbda:297:PRIMARY,,,,
NOOP_ALREADY_METI,4.27corporation,4.27 Corporation,297,4.27 Co. Pyongyang Branch (4.27貿易会社平壌支社),ALIAS:1,297,"[""4.27 Corporation""]",c632d657f9c13b1250d688394eb7c99956a994527cb56f4a77c86ed61ff1dbda:297:ALIAS:1,,,経産省,4.27 Corporation
NOOP_ALREADY_METI,54thresearchinstituteofchinaelectronicstechnologygroupcorporation(cetc54),54th Research Institute of China Electronics Technology Group Corporation (CETC54),515,China Electronics Technology Group Corporation (CETC) 54th Research Institute (中国電子科技集団公司第五十四研究所),ALIAS:1,515,"[""54th Research Institute of China Electronics Technology Group Corporation (CETC54)""]",c632d657f9c13b1250d688394eb7c99956a994527cb56f4a77c86ed61ff1dbda:515:ALIAS:1,,,経産省,54th Research Institute of China Electronics Technology Group Corporation (CETC54)
NOOP_ALREADY_METI,5thacademyofchinaaerospacescienceandtechnologycorporation(中国航天科技集団公司第五研究院),5th Academy of China Aerospace Science and Technology Corporation (中国航天科技集団公司第五研究院),509,China Academy of Space Technology (CAST) (中国空間技術研究院),ALIAS:1,509,"[""5th Academy of China Aerospace Science and Technology Corporation (中国航天科技集団公司第五研究院)""]",c632d657f9c13b1250d688394eb7c99956a994527cb56f4a77c86ed61ff1dbda:509:ALIAS:1,,,経産省,5th Academy of China Aerospace Science and Technology Corporation (中国航天科技集団公司第五研究院)
NOOP_ALREADY_METI,"702ndresearchinstitute,chinaacademyoflaunchvehicletechnology(calt)(中国航天科技集団公司第一研究院第七○ニ研究所)","702nd Research Institute, China Academy of Launch Vehicle Technology (CALT) (中国航天科技集団公司第一研究院第七○ニ研究所)",493,Beijing Institute of Structure and Environmental Engineering (BISE) (北京強度環境研究所),ALIAS:1,493,"[""702nd Research Institute, China Academy of Launch Vehicle Technology (CALT) (中国航天科技集団公司第一研究院第七○ニ研究所)""]",c632d657f9c13b1250d688394eb7c99956a994527cb56f4a77c86ed61ff1dbda:493:ALIAS:1,,,経産省,"702nd Research Institute, China Academy of Launch Vehicle Technology (CALT) (中国航天科技集団公司第一研究院第七○ニ研究所)"
NOOP_ALREADY_METI,771researchinstitute,771 Research Institute,512,China Aerospace Science and Technology Corporation (CASC) 9th Academy 771 Research Institute （中国航天科技集団有限公司第九研究院第771研究 所）,ALIAS:1,512,"[""771 Research Institute""]",c632d657f9c13b1250d688394eb7c99956a994527cb56f4a77c86ed61ff1dbda:512:ALIAS:1,,,経産省,771 Research Institute
NOOP_ALREADY_METI,7thoftir,7th of Tir,35,7th of Tir,PRIMARY,35,"[""7th of Tir""]",c632d657f9c13b1250d688394eb7c99956a994527cb56f4a77c86ed61ff1dbda:35:PRIMARY,,,OFAC;経産省;財務省,7TH OF TIR
NOOP_ALREADY_METI,7thoftircomplex,7th of Tir Complex,35,7th of Tir,ALIAS:1,35,"[""7th of Tir Complex""]",c632d657f9c13b1250d688394eb7c99956a994527cb56f4a77c86ed61ff1dbda:35:ALIAS:1,,,OFAC;経産省;財務省,7TH OF TIR COMPLEX
NOOP_ALREADY_METI,7thoftirindustrialcomplex,7th of Tir Industrial Complex,35,7th of Tir,ALIAS:2,35,"[""7th of Tir Industrial Complex""]",c632d657f9c13b1250d688394eb7c99956a994527cb56f4a77c86ed61ff1dbda:35:ALIAS:2,,,OFAC;経産省,7TH OF TIR INDUSTRIAL COMPLEX
NOOP_ALREADY_METI,7thoftirindustries,7th of Tir Industries,35,7th of Tir,ALIAS:3,35,"[""7th of Tir Industries""]",c632d657f9c13b1250d688394eb7c99956a994527cb56f4a77c86ed61ff1dbda:35:ALIAS:3,,,OFAC;経産省,7TH OF TIR INDUSTRIES
NOOP_ALREADY_METI,7thoftirindustriesofisfahan/esfahan,7th of Tir Industries of Isfahan/Esfahan,35,7th of Tir,ALIAS:4,35,"[""7th of Tir Industries of Isfahan/Esfahan""]",c632d657f9c13b1250d688394eb7c99956a994527cb56f4a77c86ed61ff1dbda:35:ALIAS:4,,,OFAC;経産省,7th of Tir Industries of Isfahan/Esfahan
NOOP_ALREADY_METI,"811thresearchinstitute,8thacademy,chinaaerospacescienceandtechnologycorporation(casc)(中国航天科技集団公司第八研究院第八一一研究所)","811th Research Institute, 8th Academy, China Aerospace Science and Technology Corporation (CASC) (中国航天科技集団公司第八研究院第八一一研究所)",572,Shanghai Institute of Space Power Sources (上海空間電源研究所),ALIAS:1,572,"[""811th Research Institute, 8th Academy, China Aerospace Science and Technology Corporation (CASC) (中国航天科技集団公司第八研究院第八一一研究所)""]",c632d657f9c13b1250d688394eb7c99956a994527cb56f4a77c86ed61ff1dbda:572:ALIAS:1,121文字と異常に長い。複数名が1セルに連結された疑い,SOURCE_VERIFIED_LONG_ALIAS,経産省,"811th Research Institute, 8th Academy, China Aerospace Science and Technology Corporation (CASC) (中国航天科技集団公司第八研究院第八一一研究所)"
NOOP_ALREADY_METI,8thimamindustriesgroup,8th Imam Industries Group,75,Cruise Missile Industry Group,ALIAS:1,75,"[""8th Imam Industries Group""]",c632d657f9c13b1250d688394eb7c99956a994527cb56f4a77c86ed61ff1dbda:75:ALIAS:1,,,OFAC;経産省,8TH IMAM INDUSTRIES GROUP
NOOP_ALREADY_METI,8thresearchacademyofchinaaerospacescienceandtechnologycorporation(中国航天科技集団公司第八研究院),8th Research Academy of China Aerospace Science and Technology Corporation (中国航天科技集団公司第八研究院),569,Shanghai Academy of Spaceflight Technology (SAST) (上海航天技術研究院),ALIAS:1,569,"[""8th Research Academy of China Aerospace Science and Technology Corporation (中国航天科技集団公司第八研究院)""]",c632d657f9c13b1250d688394eb7c99956a994527cb56f4a77c86ed61ff1dbda:569:ALIAS:1,,,経産省,8th Research Academy of China Aerospace Science and Technology Corporation (中国航天科技集団公司第八研究院)
NOOP_ALREADY_METI,aaspt,AASPT,480,Academy of Aerospace Solid Propulsion Technology （航天动力技术研究院）,ALIAS:1,480,"[""AASPT""]",c632d657f9c13b1250d688394eb7c99956a994527cb56f4a77c86ed61ff1dbda:480:ALIAS:1,,,経産省,AASPT
NOOP_ALREADY_METI,abasciencetechco.ltd,Abascience Tech Co. Ltd,479,Abascience Tech Co. Ltd,PRIMARY,479,"[""Abascience Tech Co. Ltd""]",c632d657f9c13b1250d688394eb7c99956a994527cb56f4a77c86ed61ff1dbda:479:PRIMARY,,,経産省,Abascience Tech Co. Ltd
NOOP_ALREADY_METI,abdulqaderkhanresearchlaboratories,Abdul Qader Khan Research Laboratories,641,Khan Research Laboratories (KRL),ALIAS:1,641,"[""Abdul Qader Khan Research Laboratories""]",c632d657f9c13b1250d688394eb7c99956a994527cb56f4a77c86ed61ff1dbda:641:ALIAS:1,,,経産省,Abdul Qader Khan Research Laboratories
READY_TAG_EXISTING,abureihangroup,ABU REIHAN GROUP,36,ABU REIHAN GROUP,PRIMARY,36,"[""ABU REIHAN GROUP""]",c632d657f9c13b1250d688394eb7c99956a994527cb56f4a77c86ed61ff1dbda:36:PRIMARY,,,OFAC,ABU REIHAN GROUP
NOOP_ALREADY_METI,abuzaabalcompanyforspecialitychemicals(azc),Abu Zaabal Company for Speciality Chemicals （AZC）,294,Abu Zaabal Company for Speciality Chemicals （AZC）,PRIMARY,294,"[""Abu Zaabal Company for Speciality Chemicals （AZC）""]",c632d657f9c13b1250d688394eb7c99956a994527cb56f4a77c86ed61ff1dbda:294:PRIMARY,,,経産省,Abu Zaabal Company for Speciality Chemicals (AZC)
NOOP_ALREADY_METI,abzarboreshkavehco.,Abzar Boresh Kaveh Co.,37,Abzar Boresh Kaveh Co.,PRIMARY,37,"[""Abzar Boresh Kaveh Co.""]",c632d657f9c13b1250d688394eb7c99956a994527cb56f4a77c86ed61ff1dbda:37:PRIMARY,,,経産省;財務省,Abzar Boresh Kaveh Co.
READY_ADD,academyofaerospacesolidpropulsiontechnology(航天动力技术研究院),Academy of Aerospace Solid Propulsion Technology （航天动力技术研究院）,480,Academy of Aerospace Solid Propulsion Technology （航天动力技术研究院）,PRIMARY,480,"[""Academy of Aerospace Solid Propulsion Technology （航天动力技术研究院）""]",c632d657f9c13b1250d688394eb7c99956a994527cb56f4a77c86ed61ff1dbda:480:PRIMARY,,,,
READY_ADD,academyofhealthandfoodscience(保健食品科学院),Academy of Health and Food Science (保健食品科学院),298,Academy of Health and Food Science (保健食品科学院),PRIMARY,298,"[""Academy of Health and Food Science (保健食品科学院)""]",c632d657f9c13b1250d688394eb7c99956a994527cb56f4a77c86ed61ff1dbda:298:PRIMARY,,,,
READY_ADD,academyofnationaldefensescience(国防科学院),Academy of National Defense Science (国防科学院),299,Academy of National Defense Science (国防科学院),PRIMARY,299,"[""Academy of National Defense Science (国防科学院)""]",c632d657f9c13b1250d688394eb7c99956a994527cb56f4a77c86ed61ff1dbda:299:PRIMARY,,,,
NOOP_ALREADY_METI,academyofnaturalsciences,Academy of Natural Sciences,425,Second Academy of Natural Sciences (第二自然科学院),ALIAS:2,425,"[""Academy of Natural Sciences""]",c632d657f9c13b1250d688394eb7c99956a994527cb56f4a77c86ed61ff1dbda:425:ALIAS:2,,,OFAC;経産省;財務省,ACADEMY OF NATURAL SCIENCES
NOOP_ALREADY_METI,aderalindustrialhkltd.,ADERAL INDUSTRIAL HK LTD.,706,ARTTRONIX INTERNATIONAL HK LIMITED （億電國際香港有限公司）,ALIAS:2,706,"[""ADERAL INDUSTRIAL HK LTD.""]",c632d657f9c13b1250d688394eb7c99956a994527cb56f4a77c86ed61ff1dbda:706:ALIAS:2,,,OFAC;経産省,ADERAL INDUSTRIAL HK LTD.
NOOP_ALREADY_METI,admiraltyshipyardjsc,Admiralty Shipyard JSC,738,Admiralty Shipyard JSC,PRIMARY,738,"[""Admiralty Shipyard JSC""]",c632d657f9c13b1250d688394eb7c99956a994527cb56f4a77c86ed61ff1dbda:738:PRIMARY,,,経産省,Admiralty Shipyard JSC
NOOP_ALREADY_METI,advancedengineeringresearchorganisation,Advanced Engineering Research Organisation,602,Advanced Engineering Research Organization (AERO),ALIAS:2,602,"[""Advanced Engineering Research Organisation""]",c632d657f9c13b1250d688394eb7c99956a994527cb56f4a77c86ed61ff1dbda:602:ALIAS:2,,,経産省,Advanced Engineering Research Organisation
NOOP_ALREADY_METI,advancedengineeringresearchorganization(aero),Advanced Engineering Research Organization (AERO),602,Advanced Engineering Research Organization (AERO),PRIMARY,602,"[""Advanced Engineering Research Organization (AERO)""]",c632d657f9c13b1250d688394eb7c99956a994527cb56f4a77c86ed61ff1dbda:602:PRIMARY,,,経産省,Advanced Engineering Research Organization (AERO)
NOOP_ALREADY_METI,advancedinformationandcommunicationtechnologycenter(aictc),Advanced Information and Communication Technology Center (AICTC),38,Advanced Information and Communication Technology Center (AICTC),PRIMARY,38,"[""Advanced Information and Communication Technology Center (AICTC)""]",c632d657f9c13b1250d688394eb7c99956a994527cb56f4a77c86ed61ff1dbda:38:PRIMARY,,,経産省,Advanced Information and Communication Technology Center (AICTC)
NOOP_ALREADY_METI,advancedsystemsresearchcompany,Advanced Systems Research Company,200,Pishro Systems Research Company,ALIAS:1,200,"[""Advanced Systems Research Company""]",c632d657f9c13b1250d688394eb7c99956a994527cb56f4a77c86ed61ff1dbda:200:ALIAS:1,,,OFAC;経産省,ADVANCED SYSTEMS RESEARCH COMPANY
HOLD_MULTI_PARTY_COLLISION,advancedtechnologies,ADVANCED TECHNOLOGIES,39,ADVANCED TECHNOLOGIES COMPANY OF IRAN,ALIAS:1,39;666,"[""ADVANCED TECHNOLOGIES"",""Advanced Technologies""]",c632d657f9c13b1250d688394eb7c99956a994527cb56f4a77c86ed61ff1dbda:39:ALIAS:1;c632d657f9c13b1250d688394eb7c99956a994527cb56f4a77c86ed61ff1dbda:666:ALIAS:2,同一match_keyが複数のMETI No.に紐づく。party-aware管理まで単独master反映しない,,OFAC;経産省,Advanced Technologies
NOOP_ALREADY_METI,advancedtechnologiescompany,ADVANCED TECHNOLOGIES COMPANY,39,ADVANCED TECHNOLOGIES COMPANY OF IRAN,ALIAS:2,39,"[""ADVANCED TECHNOLOGIES COMPANY""]",c632d657f9c13b1250d688394eb7c99956a994527cb56f4a77c86ed61ff1dbda:39:ALIAS:2,,,OFAC;経産省,Advanced Technologies Company
READY_TAG_EXISTING,advancedtechnologiescompanyofiran,ADVANCED TECHNOLOGIES COMPANY OF IRAN,39,ADVANCED TECHNOLOGIES COMPANY OF IRAN,PRIMARY,39,"[""ADVANCED TECHNOLOGIES COMPANY OF IRAN""]",c632d657f9c13b1250d688394eb7c99956a994527cb56f4a77c86ed61ff1dbda:39:PRIMARY,,,OFAC,ADVANCED TECHNOLOGIES COMPANY OF IRAN
NOOP_ALREADY_METI,advancedtechnologiesholdingcompany,ADVANCED TECHNOLOGIES HOLDING COMPANY,39,ADVANCED TECHNOLOGIES COMPANY OF IRAN,ALIAS:3,39,"[""ADVANCED TECHNOLOGIES HOLDING COMPANY""]",c632d657f9c13b1250d688394eb7c99956a994527cb56f4a77c86ed61ff1dbda:39:ALIAS:3,,,OFAC;経産省,Advanced Technologies Holding Company
NOOP_ALREADY_METI,advanceengineeringresearchorganization,Advance Engineering Research Organization,602,Advanced Engineering Research Organization (AERO),ALIAS:1,602,"[""Advance Engineering Research Organization""]",c632d657f9c13b1250d688394eb7c99956a994527cb56f4a77c86ed61ff1dbda:602:ALIAS:1,,,経産省,Advance Engineering Research Organization
NOOP_ALREADY_METI,advancemulticom,Advance Multicom,603,Advance Multicom,PRIMARY,603,"[""Advance Multicom""]",c632d657f9c13b1250d688394eb7c99956a994527cb56f4a77c86ed61ff1dbda:603:PRIMARY,,,経産省,Advance Multicom
NOOP_ALREADY_METI,advancetechnologies,Advance Technologies,666,Oriental Engineers,ALIAS:1,666,"[""Advance Technologies""]",c632d657f9c13b1250d688394eb7c99956a994527cb56f4a77c86ed61ff1dbda:666:ALIAS:1,,,経産省,Advance Technologies
READY_ADD,aeccbeijinginstituteofaeronauticalmaterials(中国航発北京航空材料研究院),AECC Beijing Institute of Aeronautical Materials (中国航発北京航空材料研究院),481,AECC Beijing Institute of Aeronautical Materials (中国航発北京航空材料研究院),PRIMARY,481,"[""AECC Beijing Institute of Aeronautical Materials (中国航発北京航空材料研究院)""]",c632d657f9c13b1250d688394eb7c99956a994527cb56f4a77c86ed61ff1dbda:481:PRIMARY,,,,
READY_ADD,aeccbiam,AECC BIAM,481,AECC Beijing Institute of Aeronautical Materials (中国航発北京航空材料研究院),ALIAS:1,481,"[""AECC BIAM""]",c632d657f9c13b1250d688394eb7c99956a994527cb56f4a77c86ed61ff1dbda:481:ALIAS:1,,,,
READY_ADD,aeccsouthindustrycompanylimited(中国航发南方工业有限公司),AECC South Industry Company Limited （中国航发南方工业有限公司）,482,AECC South Industry Company Limited （中国航发南方工业有限公司）,PRIMARY,482,"[""AECC South Industry Company Limited （中国航发南方工业有限公司）""]",c632d657f9c13b1250d688394eb7c99956a994527cb56f4a77c86ed61ff1dbda:482:PRIMARY,,,,
NOOP_ALREADY_METI,aerospaceindustriesorganization(aio),Aerospace Industries Organization（AIO）,40,Aerospace Industries Organization（AIO）,PRIMARY,40,"[""Aerospace Industries Organization（AIO）""]",c632d657f9c13b1250d688394eb7c99956a994527cb56f4a77c86ed61ff1dbda:40:PRIMARY,,,経産省,Aerospace Industries Organization(AIO)
READY_TAG_EXISTING,agir,AGIR,138,Islamic Revolutionary Guard Corps (IRGC),ALIAS:1,138,"[""AGIR""]",c632d657f9c13b1250d688394eb7c99956a994527cb56f4a77c86ed61ff1dbda:138:ALIAS:1,,,OFAC,AGIR
NOOP_ALREADY_METI,ahadinternational,Ahad International,604,Ahad International,PRIMARY,604,"[""Ahad International""]",c632d657f9c13b1250d688394eb7c99956a994527cb56f4a77c86ed61ff1dbda:604:PRIMARY,,,経産省,Ahad International
NOOP_ALREADY_METI,aig-armamentindustriesgroup,AIG-Armament Industries Group,53,Armament Industries Group (AIG),ALIAS:1,53,"[""AIG-Armament Industries Group""]",c632d657f9c13b1250d688394eb7c99956a994527cb56f4a77c86ed61ff1dbda:53:ALIAS:1,,,OFAC;経産省,AIG-Armament Industries Group
READY_ADD,aimtechtradingco.,Aimtech Trading Co.,606,Akhtar & Munir,ALIAS:1,606,"[""Aimtech Trading Co.""]",c632d657f9c13b1250d688394eb7c99956a994527cb56f4a77c86ed61ff1dbda:606:ALIAS:1,,,,
READY_TAG_EXISTING,airkoryo,Airkoryo,300,Air Koryo (高麗航空),ALIAS:1,300,"[""Airkoryo""]",c632d657f9c13b1250d688394eb7c99956a994527cb56f4a77c86ed61ff1dbda:300:ALIAS:1,,,OFAC,AIR KORYO
READY_ADD,airkoryo(高麗航空),Air Koryo (高麗航空),300,Air Koryo (高麗航空),PRIMARY,300,"[""Air Koryo (高麗航空)""]",c632d657f9c13b1250d688394eb7c99956a994527cb56f4a77c86ed61ff1dbda:300:PRIMARY,,,,
NOOP_ALREADY_METI,airweaponscomplex(awc),Air Weapons Complex (AWC),605,Air Weapons Complex (AWC),PRIMARY,605,"[""Air Weapons Complex (AWC)""]",c632d657f9c13b1250d688394eb7c99956a994527cb56f4a77c86ed61ff1dbda:605:PRIMARY,,,経産省,Air Weapons Complex (AWC)
NOOP_ALREADY_METI,akhtar&munir,Akhtar & Munir,606,Akhtar & Munir,PRIMARY,606,"[""Akhtar & Munir""]",c632d657f9c13b1250d688394eb7c99956a994527cb56f4a77c86ed61ff1dbda:606:PRIMARY,,,経産省,Akhtar & Munir
NOOP_ALREADY_METI,"aktsionernoeobshchestvo""mashinostroitelnoekonstruktorskoebyuro""iskra""imeniivanaivanovichakartukova",Aktsionernoe Obshchestvo “Mashinostroitelnoe Konstruktorskoe Byuro “Iskra” Imeni Ivana Ivanovicha Kartukova”,753,"""Iskra"" Engineering Design Bureau JSC named after I.I. Kartukov",ALIAS:1,753,"[""Aktsionernoe Obshchestvo “Mashinostroitelnoe Konstruktorskoe Byuro “Iskra” Imeni Ivana Ivanovicha Kartukova”""]",c632d657f9c13b1250d688394eb7c99956a994527cb56f4a77c86ed61ff1dbda:753:ALIAS:1,,,経産省,Aktsionernoe Obshchestvo “Mashinostroitelnoe Konstruktorskoe Byuro “Iskra” Imeni Ivana Ivanovicha Kartukova”
NOOP_ALREADY_METI,"aktsionernoeobshchestvo""tsentralnoekonstruktorskoebyuroavtomatiki",Aktsionernoe Obshchestvo “Tsentralnoe Konstruktorskoe Byuro Avtomatiki”,743,"""Central Design Bureau for Automatics Engineering"" JSC",ALIAS:1,743,"[""Aktsionernoe Obshchestvo “Tsentralnoe Konstruktorskoe Byuro Avtomatiki”""]",c632d657f9c13b1250d688394eb7c99956a994527cb56f4a77c86ed61ff1dbda:743:ALIAS:1,,,経産省,Aktsionernoe Obshchestvo “Tsentralnoe Konstruktorskoe Byuro Avtomatiki”
NOOP_ALREADY_METI,aktsionernoeobshchestvoangstrem-t,AKTSIONERNOE OBSHCHESTVO ANGSTREM-T,755,Joint Stock Company Angstrem-T,ALIAS:1,755,"[""AKTSIONERNOE OBSHCHESTVO ANGSTREM-T""]",c632d657f9c13b1250d688394eb7c99956a994527cb56f4a77c86ed61ff1dbda:755:ALIAS:1,,,OFAC;経産省,AKTSIONERNOE OBSHCHESTVO ANGSTREM-T
READY_TAG_EXISTING,aktsionernoeobshchestvonauchnoissledovatelskiiinstitutsredstvvychislitelnoitekhniki,AKTSIONERNOE OBSHCHESTVO NAUCHNO ISSLEDOVATELSKII INSTITUT SREDSTV VYCHISLITELNOI TEKHNIKI,771,Joint Stock Company Scientific Research Institute of Computer Engineering NII SVT,ALIAS:1,771,"[""AKTSIONERNOE OBSHCHESTVO NAUCHNO ISSLEDOVATELSKII INSTITUT SREDSTV VYCHISLITELNOI TEKHNIKI""]",c632d657f9c13b1250d688394eb7c99956a994527cb56f4a77c86ed61ff1dbda:771:ALIAS:1,,,OFAC;財務省,Aktsionernoe Obshchestvo Nauchno Issledovatelskii Institut Sredstv Vychislitelnoi Tekhniki
READY_ADD,aktsionernoeobshchestvonauchnoproizvodstvennykontserntekhnologiimashinostroeniya,Aktsionernoe obshchestvo Nauchnoproizvodstvenny Kontsern Tekhnologii Mashinostroeniya,791,NPK Tekhmash OAO,ALIAS:1,791,"[""Aktsionernoe obshchestvo Nauchnoproizvodstvenny Kontsern Tekhnologii Mashinostroeniya""]",c632d657f9c13b1250d688394eb7c99956a994527cb56f4a77c86ed61ff1dbda:791:ALIAS:1,,,,
READY_ADD,aktsionernoeobshchestvoosobayaekonomicheskayazonapromyshlenno-proizvodstvennogotipaalabuga.,Aktsionernoe Obshchestvo Osobaya Ekonomicheskaya Zona Promyshlenno-Proizvodstvennogo tipa Alabuga.,779,JSC SEZ Alabuga,ALIAS:3,779,"[""Aktsionernoe Obshchestvo Osobaya Ekonomicheskaya Zona Promyshlenno-Proizvodstvennogo tipa Alabuga.""]",c632d657f9c13b1250d688394eb7c99956a994527cb56f4a77c86ed61ff1dbda:779:ALIAS:3,,,,
READY_ADD,aktsionernoeobshchestvorosoboroneksport,Aktsionernoe Obshchestvo Rosoboroneksport,806,Rosoboronexport OJSC (ROE),ALIAS:11,806,"[""Aktsionernoe Obshchestvo Rosoboroneksport""]",c632d657f9c13b1250d688394eb7c99956a994527cb56f4a77c86ed61ff1dbda:806:ALIAS:11,,,,
READY_TAG_EXISTING,aktsionernoeobshchestvouralskiyzavodtransportnogomashinostroeniya,Aktsionernoe Obshchestvo Uralskiy Zavod Transportnogo Mashinostroeniya,774,Joint Stock Company Uraltransmash,ALIAS:2,774,"[""Aktsionernoe Obshchestvo Uralskiy Zavod Transportnogo Mashinostroeniya""]",c632d657f9c13b1250d688394eb7c99956a994527cb56f4a77c86ed61ff1dbda:774:ALIAS:2,,,OFAC;財務省,Aktsionernoe Obshchestvo Uralskiy Zavod Transportnogo Mashinostroeniya
NOOP_ALREADY_METI,al-amirelectronics,AL-AMIR ELECTRONICS,730,EKT Electronics,ALIAS:3,730,"[""AL-AMIR ELECTRONICS""]",c632d657f9c13b1250d688394eb7c99956a994527cb56f4a77c86ed61ff1dbda:730:ALIAS:3,,,OFAC;経産省,AL-AMIR ELECTRONICS
NOOP_ALREADY_METI,al-bairaqforinternationallandtransport,Al-Bairaq for international land transport,3,Al-Bairaq for international land transport,PRIMARY,3,"[""Al-Bairaq for international land transport""]",c632d657f9c13b1250d688394eb7c99956a994527cb56f4a77c86ed61ff1dbda:3:PRIMARY,,,経産省,Al-Bairaq for international land transport
NOOP_ALREADY_METI,al-swarigroupforrubbermanufacturing,Al-Swari Group for Rubber Manufacturing,32,Al-Swari Trading and Import Co,ALIAS:2,32,"[""Al-Swari Group for Rubber Manufacturing""]",c632d657f9c13b1250d688394eb7c99956a994527cb56f4a77c86ed61ff1dbda:32:ALIAS:2,,,経産省,Al-Swari Group for Rubber Manufacturing
NOOP_ALREADY_METI,al-swaritradingandimportco,Al-Swari Trading and Import Co,32,Al-Swari Trading and Import Co,PRIMARY,32,"[""Al-Swari Trading and Import Co""]",c632d657f9c13b1250d688394eb7c99956a994527cb56f4a77c86ed61ff1dbda:32:PRIMARY,,,経産省,Al-Swari Trading and Import Co
NOOP_ALREADY_METI,al-techniquecorporationofpakistan(pvt)ltd.,Al-Technique Corporation of Pakistan (Pvt) Ltd.,607,"Al Technique Corporation of Pakistan, Ltd. (ATCOP)",ALIAS:1,607,"[""Al-Technique Corporation of Pakistan (Pvt) Ltd.""]",c632d657f9c13b1250d688394eb7c99956a994527cb56f4a77c86ed61ff1dbda:607:ALIAS:1,,,経産省,Al-Technique Corporation of Pakistan (Pvt) Ltd.
NOOP_ALREADY_METI,alamirelectronics,AL AMIR ELECTRONICS,730,EKT Electronics,ALIAS:1,730,"[""AL AMIR ELECTRONICS"",""ALAMIR ELECTRONICS""]",c632d657f9c13b1250d688394eb7c99956a994527cb56f4a77c86ed61ff1dbda:730:ALIAS:1;c632d657f9c13b1250d688394eb7c99956a994527cb56f4a77c86ed61ff1dbda:730:ALIAS:2,,,OFAC;経産省,Al Amir Electronics
NOOP_ALREADY_METI,albatrossllc,Albatross LLC,796,OOO Albatross,ALIAS:2,796,"[""Albatross LLC""]",c632d657f9c13b1250d688394eb7c99956a994527cb56f4a77c86ed61ff1dbda:796:ALIAS:2,,,経産省,Albatross LLC
READY_TAG_EXISTING,alborzorganicmaterialengineeringcompany,ALBORZ ORGANIC MATERIAL ENGINEERING COMPANY,41,ALBORZ ORGANIC MATERIAL ENGINEERING COMPANY,PRIMARY,41,"[""ALBORZ ORGANIC MATERIAL ENGINEERING COMPANY""]",c632d657f9c13b1250d688394eb7c99956a994527cb56f4a77c86ed61ff1dbda:41:PRIMARY,,,OFAC,ALBORZORGANICMATERIALENGINEERINGCOMPANY
NOOP_ALREADY_METI,alignimpex,Align Impex,678,Premier International,ALIAS:1,678,"[""Align Impex""]",c632d657f9c13b1250d688394eb7c99956a994527cb56f4a77c86ed61ff1dbda:678:ALIAS:1,,,経産省,Align Impex
NOOP_ALREADY_METI,alliedengineeringandtradingcompanyltd.,Allied Engineering and Trading Company Ltd.,608,Allied Trading Co.,ALIAS:1,608,"[""Allied Engineering and Trading Company Ltd.""]",c632d657f9c13b1250d688394eb7c99956a994527cb56f4a77c86ed61ff1dbda:608:ALIAS:1,,,経産省,Allied Engineering and Trading Company Ltd.
NOOP_ALREADY_METI,alliedtradingco.,Allied Trading Co.,608,Allied Trading Co.,PRIMARY,608,"[""Allied Trading Co.""]",c632d657f9c13b1250d688394eb7c99956a994527cb56f4a77c86ed61ff1dbda:608:PRIMARY,,,経産省,Allied Trading Co.
READY_TAG_EXISTING,almahrusgrouptradingcompany,Al Mahrus Group Trading Company,460,Mahrous Group,ALIAS:1,460,"[""Al Mahrus Group Trading Company""]",c632d657f9c13b1250d688394eb7c99956a994527cb56f4a77c86ed61ff1dbda:460:ALIAS:1,,,OFAC,Al Mahrus Group Trading Company
READY_TAG_EXISTING,almaz-anteycorp,Almaz-Antey Corp,756,Joint-Stock Company Concern Almaz-Antey,ALIAS:1,756,"[""Almaz-Antey Corp""]",c632d657f9c13b1250d688394eb7c99956a994527cb56f4a77c86ed61ff1dbda:756:ALIAS:1,,,外務省;財務省,Almaz-Antey Corp
READY_TAG_EXISTING,almaz-anteydefensecorporation,Almaz-Antey Defense Corporation,756,Joint-Stock Company Concern Almaz-Antey,ALIAS:2,756,"[""Almaz-Antey Defense Corporation""]",c632d657f9c13b1250d688394eb7c99956a994527cb56f4a77c86ed61ff1dbda:756:ALIAS:2,,,外務省;財務省,Almaz-Antey Defense Corporation
READY_TAG_EXISTING,almaz-anteyjsc,Almaz-Antey JSC,756,Joint-Stock Company Concern Almaz-Antey,ALIAS:3,756,"[""Almaz-Antey JSC""]",c632d657f9c13b1250d688394eb7c99956a994527cb56f4a77c86ed61ff1dbda:756:ALIAS:3,,,外務省;財務省,Almaz-Antey JSC
NOOP_ALREADY_METI,alqa'ida/islamicarmy,Al Qa'ida/Islamic Army,1,Al Qa'ida/Islamic Army,PRIMARY,1,"[""Al Qa'ida/Islamic Army""]",c632d657f9c13b1250d688394eb7c99956a994527cb56f4a77c86ed61ff1dbda:1:PRIMARY,,,経産省;財務省,Al Qa’ida /Islamic Army
READY_TAG_EXISTING,alqaeda,Al Qaeda,1,Al Qa'ida/Islamic Army,ALIAS:1,1,"[""Al Qaeda""]",c632d657f9c13b1250d688394eb7c99956a994527cb56f4a77c86ed61ff1dbda:1:ALIAS:1,,,OFAC;財務省,Al Qaeda
NOOP_ALREADY_METI,alswaritrading&importco,Alswari Trading & Import Co,32,Al-Swari Trading and Import Co,ALIAS:1,32,"[""Alswari Trading & Import Co""]",c632d657f9c13b1250d688394eb7c99956a994527cb56f4a77c86ed61ff1dbda:32:ALIAS:1,,,経産省,Alswari Trading & Import Co
NOOP_ALREADY_METI,"altechniquecorporationofpakistan,ltd.(atcop)","Al Technique Corporation of Pakistan, Ltd. (ATCOP)",607,"Al Technique Corporation of Pakistan, Ltd. (ATCOP)",PRIMARY,607,"[""Al Technique Corporation of Pakistan, Ltd. (ATCOP)""]",c632d657f9c13b1250d688394eb7c99956a994527cb56f4a77c86ed61ff1dbda:607:PRIMARY,,,経産省,"Al Technique Corporation of Pakistan, Ltd. (ATCOP)"
NOOP_ALREADY_METI,aluminat,Aluminat,42,Aluminat,PRIMARY,42,"[""Aluminat""]",c632d657f9c13b1250d688394eb7c99956a994527cb56f4a77c86ed61ff1dbda:42:PRIMARY,,,OFAC;経産省,ALUMINAT
NOOP_ALREADY_METI,aluminatproductionandindustrialcompany,Aluminat Production and Industrial Company,42,Aluminat,ALIAS:1,42,"[""Aluminat Production and Industrial Company""]",c632d657f9c13b1250d688394eb7c99956a994527cb56f4a77c86ed61ff1dbda:42:ALIAS:1,,,OFAC;経産省,ALUMINAT PRODUCTION AND INDUSTRIAL COMPANY
READY_TAG_EXISTING,aluminumpegaharak,ALUMINUM PEGAH ARAK,196,PEGAH ALUMINUM ARAK COMPANY,ALIAS:1,196,"[""ALUMINUM PEGAH ARAK""]",c632d657f9c13b1250d688394eb7c99956a994527cb56f4a77c86ed61ff1dbda:196:ALIAS:1,,,OFAC,Aluminum Pegah Arak
NOOP_ALREADY_METI,aminindustrialcompany,Amin Industrial Company,43,Amin Industrial Complex,ALIAS:1,43,"[""Amin Industrial Company""]",c632d657f9c13b1250d688394eb7c99956a994527cb56f4a77c86ed61ff1dbda:43:ALIAS:1,,,OFAC;経産省;財務省,AMIN INDUSTRIAL COMPANY
NOOP_ALREADY_METI,aminindustrialcomplex,Amin Industrial Complex,43,Amin Industrial Complex,PRIMARY,43,"[""Amin Industrial Complex""]",c632d657f9c13b1250d688394eb7c99956a994527cb56f4a77c86ed61ff1dbda:43:PRIMARY,,,OFAC;経産省;財務省,AMIN INDUSTRIAL COMPLEX
NOOP_ALREADY_METI,aminindustrialcompound,Amin Industrial Compound,43,Amin Industrial Complex,ALIAS:2,43,"[""Amin Industrial Compound""]",c632d657f9c13b1250d688394eb7c99956a994527cb56f4a77c86ed61ff1dbda:43:ALIAS:2,,,OFAC;経産省;財務省,AMIN INDUSTRIAL COMPOUND
NOOP_ALREADY_METI,amir-al-mo'menincomplex,Amir-Al-Mo'menin Complex,44,Amir Al Mo'menin Industries,ALIAS:3,44,"[""Amir-Al-Mo'menin Complex""]",c632d657f9c13b1250d688394eb7c99956a994527cb56f4a77c86ed61ff1dbda:44:ALIAS:3,,,OFAC;経産省,Amir-Al-Mo'menin Complex
NOOP_ALREADY_METI,amiralmo'meninindustries,Amir Al Mo'menin Industries,44,Amir Al Mo'menin Industries,PRIMARY,44,"[""Amir Al Mo'menin Industries""]",c632d657f9c13b1250d688394eb7c99956a994527cb56f4a77c86ed61ff1dbda:44:PRIMARY,,,OFAC;経産省,AMIR AL MO'MENIN INDUSTRIES
NOOP_ALREADY_METI,amircoelectronics,AMIRCO ELECTRONICS,730,EKT Electronics,ALIAS:4,730,"[""AMIRCO ELECTRONICS""]",c632d657f9c13b1250d688394eb7c99956a994527cb56f4a77c86ed61ff1dbda:730:ALIAS:4,,,OFAC;経産省,Amirco Electronics
NOOP_ALREADY_METI,amirkabiruniversityoftechnology,Amir Kabir University of Technology,45,Amir Kabir University of Technology,PRIMARY,45,"[""Amir Kabir University of Technology"",""Amirkabir University of Technology""]",c632d657f9c13b1250d688394eb7c99956a994527cb56f4a77c86ed61ff1dbda:45:PRIMARY;c632d657f9c13b1250d688394eb7c99956a994527cb56f4a77c86ed61ff1dbda:45:ALIAS:1,,,経産省,Amirkabir University of Technology
READY_TAG_EXISTING,amirolmomeninfactories,Amirolmomenin Factories,44,Amir Al Mo'menin Industries,ALIAS:1,44,"[""Amirolmomenin Factories""]",c632d657f9c13b1250d688394eb7c99956a994527cb56f4a77c86ed61ff1dbda:44:ALIAS:1,,,OFAC,Amirolmomenin Factories
READY_TAG_EXISTING,amirolmomeninindustries,Amirolmomenin Industries,44,Amir Al Mo'menin Industries,ALIAS:2,44,"[""Amirolmomenin Industries""]",c632d657f9c13b1250d688394eb7c99956a994527cb56f4a77c86ed61ff1dbda:44:ALIAS:2,,,OFAC,Amirolmomenin Industries
NOOP_ALREADY_METI,ammunitionandmetallurgyindustriesgroup(amig),Ammunition and Metallurgy Industries Group (AMIG),46,Ammunition and Metallurgy Industries Group (AMIG),PRIMARY,46,"[""Ammunition and Metallurgy Industries Group (AMIG)""]",c632d657f9c13b1250d688394eb7c99956a994527cb56f4a77c86ed61ff1dbda:46:PRIMARY,,,経産省,AMMUNITION AND METALLURGY INDUSTRIES GROUP (AMIG)
NOOP_ALREADY_METI,ammunitionandmetallurgyindustrygroup,Ammunition and Metallurgy Industry Group,46,Ammunition and Metallurgy Industries Group (AMIG),ALIAS:1,46,"[""Ammunition and Metallurgy Industry Group""]",c632d657f9c13b1250d688394eb7c99956a994527cb56f4a77c86ed61ff1dbda:46:ALIAS:1,,,OFAC;経産省;財務省,AMMUNITION AND METALLURGY INDUSTRY GROUP
NOOP_ALREADY_METI,ammunitionindustriesgroup,Ammunition Industries Group,46,Ammunition and Metallurgy Industries Group (AMIG),ALIAS:2,46,"[""Ammunition Industries Group""]",c632d657f9c13b1250d688394eb7c99956a994527cb56f4a77c86ed61ff1dbda:46:ALIAS:2,,,OFAC;経産省;財務省,AMMUNITION INDUSTRIES GROUP
NOOP_ALREADY_METI,amnokkangdevelopmentbank,Amnokkang Development Bank,301,Amroggang Development Banking Corporation,ALIAS:1,301,"[""Amnokkang Development Bank""]",c632d657f9c13b1250d688394eb7c99956a994527cb56f4a77c86ed61ff1dbda:301:ALIAS:1,,,OFAC;経産省;財務省,AMNOKKANG DEVELOPMENT BANK
NOOP_ALREADY_METI,amroggangdevelopmentbank(鴨緑江開発銀行),Amroggang Development Bank (鴨緑江開発銀行),301,Amroggang Development Banking Corporation,ALIAS:2,301,"[""Amroggang Development Bank (鴨緑江開発銀行)""]",c632d657f9c13b1250d688394eb7c99956a994527cb56f4a77c86ed61ff1dbda:301:ALIAS:2,,,経産省,Amroggang Development Bank (鴨緑江開発銀行)
NOOP_ALREADY_METI,amroggangdevelopmentbankingcorporation,Amroggang Development Banking Corporation,301,Amroggang Development Banking Corporation,PRIMARY,301,"[""Amroggang Development Banking Corporation""]",c632d657f9c13b1250d688394eb7c99956a994527cb56f4a77c86ed61ff1dbda:301:PRIMARY,,,経産省;財務省,AMROGGANG DEVELOPMENT BANKING CORPORATION
NOOP_ALREADY_METI,amrokkangdevelopmentbank,Amrokkang Development Bank,301,Amroggang Development Banking Corporation,ALIAS:3,301,"[""Amrokkang Development Bank""]",c632d657f9c13b1250d688394eb7c99956a994527cb56f4a77c86ed61ff1dbda:301:ALIAS:3,,,経産省,Amrokkang Development Bank
READY_TAG_EXISTING,amvajnilgounbushehrco.,AMVAJ NILGOUN BUSHEHR CO.,47,AMVAJ NILGOUN BUSHEHR CO.,PRIMARY,47,"[""AMVAJ NILGOUN BUSHEHR CO.""]",c632d657f9c13b1250d688394eb7c99956a994527cb56f4a77c86ed61ff1dbda:47:PRIMARY,,,OFAC,AMVAJ NILGOUN BUSHEHR CO.
NOOP_ALREADY_METI,andishehzolalco.,Andisheh Zolal Co.,48,Andisheh Zolal Co.,PRIMARY,48,"[""Andisheh Zolal Co.""]",c632d657f9c13b1250d688394eb7c99956a994527cb56f4a77c86ed61ff1dbda:48:PRIMARY,,,経産省,Andisheh Zolal Co.
READY_TAG_EXISTING,angstremjsc,Angstrem JSC,754,Joint Stock Company Angstrem,ALIAS:1,754,"[""Angstrem JSC""]",c632d657f9c13b1250d688394eb7c99956a994527cb56f4a77c86ed61ff1dbda:754:ALIAS:1,,,OFAC;財務省,ANGSTREM JSC
NOOP_ALREADY_METI,"anpp""temp-avia",ANPP “Temp-Avia”,822,"""Temp-Avia"" Arzamas Research and Production Association JSC",ALIAS:2,822,"[""ANPP “Temp-Avia”""]",c632d657f9c13b1250d688394eb7c99956a994527cb56f4a77c86ed61ff1dbda:822:ALIAS:2,,,経産省,ANPP “Temp-Avia”
NOOP_ALREADY_METI,anpptempair,ANPP TEMP AIR,822,"""Temp-Avia"" Arzamas Research and Production Association JSC",ALIAS:1,822,"[""ANPP TEMP AIR""]",c632d657f9c13b1250d688394eb7c99956a994527cb56f4a77c86ed61ff1dbda:822:ALIAS:1,,,経産省,ANPP TEMP AIR
NOOP_ALREADY_METI,ansimetallurgyindustryco.ltd.,Ansi Metallurgy Industry Co. Ltd.,550,LIMMT Economic and Trade Company (LIMMT経貿公司),ALIAS:1,550,"[""Ansi Metallurgy Industry Co. Ltd.""]",c632d657f9c13b1250d688394eb7c99956a994527cb56f4a77c86ed61ff1dbda:550:ALIAS:1,,,OFAC;経産省,Ansi Metallurgy Industry Co. Ltd.
NOOP_ALREADY_METI,"ao""gosmkb""raduga""im.a.ya.bereznyaka",AO “GosMKB “Raduga” IM. A.Ya.Bereznyaka”,805,"""Raduga"" State Engineering Design Bureau JSC named after A.Y. Bereznyak",ALIAS:1,805,"[""AO “GosMKB “Raduga” IM. A.Ya.Bereznyaka”""]",c632d657f9c13b1250d688394eb7c99956a994527cb56f4a77c86ed61ff1dbda:805:ALIAS:1,,,経産省,AO “GosMKB “Raduga” IM. A.Ya.Bereznyaka”
NOOP_ALREADY_METI,"ao""tskba",AO “TsKBA”,743,"""Central Design Bureau for Automatics Engineering"" JSC",ALIAS:2,743,"[""AO “TsKBA”""]",c632d657f9c13b1250d688394eb7c99956a994527cb56f4a77c86ed61ff1dbda:743:ALIAS:2,,,経産省,AO “TsKBA”
READY_TAG_EXISTING,aognppregion,AO GNPP Region,739,AO GNPP Region,PRIMARY,739,"[""AO GNPP Region""]",c632d657f9c13b1250d688394eb7c99956a994527cb56f4a77c86ed61ff1dbda:739:PRIMARY,,,OFAC;財務省,AO GNPP Region
NOOP_ALREADY_METI,"aogosmkb""vympel""namedforiitoropov",AO Gos MKB “Vympel” named for II Toropov,834,"""Vympel"" State Engineering Design Bureau JSC named after I.I. Toropov",ALIAS:1,834,"[""AO Gos MKB “Vympel” named for II Toropov""]",c632d657f9c13b1250d688394eb7c99956a994527cb56f4a77c86ed61ff1dbda:834:ALIAS:1,,,経産省,AO Gos MKB “Vympel” named for II Toropov
NOOP_ALREADY_METI,aogoz,AO GOZ,766,Joint Stock Company North Western Regional Center of Almaz Antey Concern Obukhovsky Plant,ALIAS:1,766,"[""AO GOZ""]",c632d657f9c13b1250d688394eb7c99956a994527cb56f4a77c86ed61ff1dbda:766:ALIAS:1,,,経産省,AO GOZ
NOOP_ALREADY_METI,aokbsm,AO KBSM,760,Joint Stock Company Design Bureau of Special Machine Building,ALIAS:1,760,"[""AO KBSM""]",c632d657f9c13b1250d688394eb7c99956a994527cb56f4a77c86ed61ff1dbda:760:ALIAS:1,,,経産省,AO KBSM
READY_TAG_EXISTING,aokbtochmashim.a.e.nudelmana,AO KB Tochmash im. A.E. Nudelmana,768,Joint Stock Company Precision Engineering Design Bureau named after A.E. Nudelman,ALIAS:2,768,"[""AO KB Tochmash im. A.E. Nudelmana""]",c632d657f9c13b1250d688394eb7c99956a994527cb56f4a77c86ed61ff1dbda:768:ALIAS:2,,,外務省,AO KB Tochmash im. A.E. Nudelmana
NOOP_ALREADY_METI,aokonstruktorskoebyurospetsialnogomashinostroeniya,AO Konstruktorskoe Byuro Spetsialnogo Mashinostroeniya,760,Joint Stock Company Design Bureau of Special Machine Building,ALIAS:2,760,"[""AO Konstruktorskoe Byuro Spetsialnogo Mashinostroeniya""]",c632d657f9c13b1250d688394eb7c99956a994527cb56f4a77c86ed61ff1dbda:760:ALIAS:2,,,経産省,AO Konstruktorskoe Byuro Spetsialnogo Mashinostroeniya
READY_TAG_EXISTING,aokonstruktorskoebyurotochnogomashinostroeniyaimenia.e.nudelmana,AO Konstruktorskoe Byuro Tochnogo Mashinostroeniya imeni A.E. Nudelmana,768,Joint Stock Company Precision Engineering Design Bureau named after A.E. Nudelman,ALIAS:1,768,"[""AO Konstruktorskoe Byuro Tochnogo Mashinostroeniya imeni A.E. Nudelmana""]",c632d657f9c13b1250d688394eb7c99956a994527cb56f4a77c86ed61ff1dbda:768:ALIAS:1,,,外務省,AO Konstruktorskoe Byuro Tochnogo Mashinostroeniya imeni A.E. Nudelmana
READY_TAG_EXISTING,aokontsernavtomatika,AO Kontsern Avtomatika,758,Joint Stock Company Concern Avtomatika,ALIAS:1,758,"[""AO Kontsern Avtomatika""]",c632d657f9c13b1250d688394eb7c99956a994527cb56f4a77c86ed61ff1dbda:758:ALIAS:1,,,OFAC,AO Kontsern Avtomatika
READY_TAG_EXISTING,aokontsernnauchno-proizvodstvennoeobedinenieavrora,AO Kontsern Nauchno-Proizvodstvennoe Obedinenie Avrora,757,Joint Stock Company Concern Avrora Scientific and Production Association,ALIAS:1,757,"[""AO Kontsern Nauchno-Proizvodstvennoe Obedinenie Avrora""]",c632d657f9c13b1250d688394eb7c99956a994527cb56f4a77c86ed61ff1dbda:757:ALIAS:1,,,外務省,AO Kontsern Nauchno-Proizvodstvennoe Obedinenie Avrora
READY_TAG_EXISTING,aokontsernnpoavrora,AO Kontsern NPO Avrora,757,Joint Stock Company Concern Avrora Scientific and Production Association,ALIAS:2,757,"[""AO Kontsern NPO Avrora""]",c632d657f9c13b1250d688394eb7c99956a994527cb56f4a77c86ed61ff1dbda:757:ALIAS:2,,,外務省;財務省,AO Kontsern NPO Avrora
NOOP_ALREADY_METI,aokontsernsozvezdie,AO Kontsern Sozvezdie,759,Joint Stock Company Concern Sozvezdie,ALIAS:4,759,"[""AO Kontsern Sozvezdie""]",c632d657f9c13b1250d688394eb7c99956a994527cb56f4a77c86ed61ff1dbda:759:ALIAS:4,,,経産省,AO Kontsern Sozvezdie
READY_TAG_EXISTING,aokronshtadt,AO Kronshtadt,740,AO Kronshtadt,PRIMARY,740,"[""AO Kronshtadt""]",c632d657f9c13b1250d688394eb7c99956a994527cb56f4a77c86ed61ff1dbda:740:PRIMARY,,,OFAC,AO Kronshtadt
NOOP_ALREADY_METI,aomiasskiymashinostroitelnyyzavod,AO Miasskiy mashinostroitelnyy zavod,835,"Zavod ""Miass""",ALIAS:1,835,"[""AO Miasskiy mashinostroitelnyy zavod""]",c632d657f9c13b1250d688394eb7c99956a994527cb56f4a77c86ed61ff1dbda:835:ALIAS:1,,,経産省,AO Miasskiy mashinostroitelnyy zavod
NOOP_ALREADY_METI,"aomkb""iskra",AO MKB “ISKRA”,753,"""Iskra"" Engineering Design Bureau JSC named after I.I. Kartukov",ALIAS:2,753,"[""AO MKB “ISKRA”""]",c632d657f9c13b1250d688394eb7c99956a994527cb56f4a77c86ed61ff1dbda:753:ALIAS:2,,,経産省,AO MKB “ISKRA”
NOOP_ALREADY_METI,aomkbfakel,AO MKB Fakel,765,Joint Stock Company Machine-Building Engineering Office Fakel Named After Akademika P.D. Grushina,ALIAS:1,765,"[""AO MKB Fakel""]",c632d657f9c13b1250d688394eb7c99956a994527cb56f4a77c86ed61ff1dbda:765:ALIAS:1,,,経産省,AO MKB Fakel
NOOP_ALREADY_METI,aonauchnoissledovatelskiiinstitutsredstvvychislitelnoitekhniki,AO Nauchno Issledovatelskii Institut Sredstv Vychislitelnoi Tekhniki,771,Joint Stock Company Scientific Research Institute of Computer Engineering NII SVT,ALIAS:2,771,"[""AO Nauchno Issledovatelskii Institut Sredstv Vychislitelnoi Tekhniki""]",c632d657f9c13b1250d688394eb7c99956a994527cb56f4a77c86ed61ff1dbda:771:ALIAS:2,,,経産省,AO Nauchno Issledovatelskii Institut Sredstv Vychislitelnoi Tekhniki
NOOP_ALREADY_METI,aoniimaprogress,AO NIIMA Progress,764,Joint Stock Company Institute for Scientific Research Microelectronic Equipment Progress,ALIAS:1,764,"[""AO NIIMA Progress""]",c632d657f9c13b1250d688394eb7c99956a994527cb56f4a77c86ed61ff1dbda:764:ALIAS:1,,,経産省,AO NIIMA Progress
READY_TAG_EXISTING,aoniisvt,AO NII SVT,771,Joint Stock Company Scientific Research Institute of Computer Engineering NII SVT,ALIAS:3,771,"[""AO NII SVT""]",c632d657f9c13b1250d688394eb7c99956a994527cb56f4a77c86ed61ff1dbda:771:ALIAS:3,,,OFAC;財務省,AO NII SVT
NOOP_ALREADY_METI,aooezpptalabuga,AO OEZ PPT Alabuga,779,JSC SEZ Alabuga,ALIAS:2,779,"[""AO OEZ PPT Alabuga""]",c632d657f9c13b1250d688394eb7c99956a994527cb56f4a77c86ed61ff1dbda:779:ALIAS:2,,,OFAC;経産省;財務省,AO OEZ PPT ALABUGA
READY_TAG_EXISTING,aopkkmilandr,AO PKK Milandr,741,AO PKK Milandr,PRIMARY,741,"[""AO PKK Milandr""]",c632d657f9c13b1250d688394eb7c99956a994527cb56f4a77c86ed61ff1dbda:741:PRIMARY,,,財務省,AO PKK Milandr
READY_TAG_EXISTING,aosevernyipress,AO Severnyi Press,770,"Joint Stock Company""Severniy press""",ALIAS:1,770,"[""AO Severnyi Press""]",c632d657f9c13b1250d688394eb7c99956a994527cb56f4a77c86ed61ff1dbda:770:ALIAS:1,,,OFAC,AO Severnyi Press
NOOP_ALREADY_METI,aosevero-zapadnyregionalnytsentrkontsernavkoalmaz-anteiobukhovskyzavod,AO Severo-Zapadny Regionalny Tsentr Kontserna VKO Almaz-Antei Obukhovsky Zavod,766,Joint Stock Company North Western Regional Center of Almaz Antey Concern Obukhovsky Plant,ALIAS:2,766,"[""AO Severo-Zapadny Regionalny Tsentr Kontserna VKO Almaz-Antei Obukhovsky Zavod""]",c632d657f9c13b1250d688394eb7c99956a994527cb56f4a77c86ed61ff1dbda:766:ALIAS:2,,,経産省,AO Severo-Zapadny Regionalny Tsentr Kontserna VKO Almaz-Antei Obukhovsky Zavod
READY_TAG_EXISTING,aotekhnodinamika,AO Tekhnodinamika,772,Joint Stock Company Tekhnodinamika,ALIAS:1,772,"[""AO Tekhnodinamika""]",c632d657f9c13b1250d688394eb7c99956a994527cb56f4a77c86ed61ff1dbda:772:ALIAS:1,,,OFAC,AO Tekhnodinamika
READY_TAG_EXISTING,appliedacousticsresearchinstitute,Applied Acoustics Research Institute,811,Scientific Research Institute of Applied Acoustics,ALIAS:1,811,"[""Applied Acoustics Research Institute""]",c632d657f9c13b1250d688394eb7c99956a994527cb56f4a77c86ed61ff1dbda:811:ALIAS:1,,,OFAC,APPLIED ACOUSTICS RESEARCH INSTITUTE
NOOP_ALREADY_METI,arasfarayande,Aras Farayande,49,Aras Farayande,PRIMARY,49,"[""Aras Farayande""]",c632d657f9c13b1250d688394eb7c99956a994527cb56f4a77c86ed61ff1dbda:49:PRIMARY,,,経産省,Aras Farayande
NOOP_ALREADY_METI,ardalanmachineriescompany(armaco),Ardalan Machineries Company (ARMACO),240,Shahid Hemmat Industrial Group (SHIG),ALIAS:1,240,"[""Ardalan Machineries Company (ARMACO)""]",c632d657f9c13b1250d688394eb7c99956a994527cb56f4a77c86ed61ff1dbda:240:ALIAS:1,,,経産省,Ardalan Machineries Company (ARMACO)
NOOP_ALREADY_METI,arfapaintcompany,Arfa Paint Company,50,Arfa Paint Company,PRIMARY,50,"[""Arfa Paint Company""]",c632d657f9c13b1250d688394eb7c99956a994527cb56f4a77c86ed61ff1dbda:50:PRIMARY,,,OFAC;経産省,ARFA PAINT COMPANY
NOOP_ALREADY_METI,arfehcompany,Arfeh Company,51,Arfeh Company,PRIMARY,51,"[""Arfeh Company""]",c632d657f9c13b1250d688394eb7c99956a994527cb56f4a77c86ed61ff1dbda:51:PRIMARY,,,OFAC;経産省,ARFEH COMPANY
NOOP_ALREADY_METI,arianikan,Aria Nikan,52,Aria Nikan,PRIMARY,52,"[""Aria Nikan""]",c632d657f9c13b1250d688394eb7c99956a994527cb56f4a77c86ed61ff1dbda:52:PRIMARY,,,OFAC;経産省,ARIA NIKAN
NOOP_ALREADY_METI,arianikantehran,Aria Nikan Tehran,52,Aria Nikan,ALIAS:1,52,"[""Aria Nikan Tehran""]",c632d657f9c13b1250d688394eb7c99956a994527cb56f4a77c86ed61ff1dbda:52:ALIAS:1,,,経産省,Aria Nikan Tehran
NOOP_ALREADY_METI,armamentindustries,Armament Industries,53,Armament Industries Group (AIG),ALIAS:2,53,"[""Armament Industries""]",c632d657f9c13b1250d688394eb7c99956a994527cb56f4a77c86ed61ff1dbda:53:ALIAS:2,,,経産省,Armament Industries
NOOP_ALREADY_METI,armamentindustriesgroup(aig),Armament Industries Group (AIG),53,Armament Industries Group (AIG),PRIMARY,53,"[""Armament Industries Group (AIG)""]",c632d657f9c13b1250d688394eb7c99956a994527cb56f4a77c86ed61ff1dbda:53:PRIMARY,,,経産省,ARMAMENT INDUSTRIES GROUP (AIG)
NOOP_ALREADY_METI,armedforcesgeographicalorganisation,Armed Forces Geographical Organisation,54,Armed Forces Geographical Organisation,PRIMARY,54,"[""Armed Forces Geographical Organisation""]",c632d657f9c13b1250d688394eb7c99956a994527cb56f4a77c86ed61ff1dbda:54:PRIMARY,,,経産省,Armed Forces Geographical Organisation
NOOP_ALREADY_METI,armysupplybureau,Army Supply Bureau,451,Army Supply Bureau,PRIMARY,451,"[""Army Supply Bureau""]",c632d657f9c13b1250d688394eb7c99956a994527cb56f4a77c86ed61ff1dbda:451:PRIMARY,,,OFAC;経産省,ARMY SUPPLY BUREAU
READY_TAG_EXISTING,artinsana'attabaancompany,ARTIN SANA'AT TABAAN COMPANY,55,ARTIN SANA'AT TABAAN COMPANY,PRIMARY,55,"[""ARTIN SANA'AT TABAAN COMPANY""]",c632d657f9c13b1250d688394eb7c99956a994527cb56f4a77c86ed61ff1dbda:55:PRIMARY,,,OFAC,ARTIN SANA'AT TABAAN COMPANY
NOOP_ALREADY_METI,artinsanattaban,ARTIN SANAT TABAN,55,ARTIN SANA'AT TABAAN COMPANY,ALIAS:1,55,"[""ARTIN SANAT TABAN""]",c632d657f9c13b1250d688394eb7c99956a994527cb56f4a77c86ed61ff1dbda:55:ALIAS:1,,,OFAC;経産省,Artin Sanat Taban
NOOP_ALREADY_METI,artinsanattabanco,ARTIN SANAT TABAN CO,55,ARTIN SANA'AT TABAAN COMPANY,ALIAS:2,55,"[""ARTIN SANAT TABAN CO""]",c632d657f9c13b1250d688394eb7c99956a994527cb56f4a77c86ed61ff1dbda:55:ALIAS:2,,,OFAC;経産省,Artin Sanat Taban Co
NOOP_ALREADY_METI,arttronix,Arttronix,706,ARTTRONIX INTERNATIONAL HK LIMITED （億電國際香港有限公司）,ALIAS:1,706,"[""Arttronix""]",c632d657f9c13b1250d688394eb7c99956a994527cb56f4a77c86ed61ff1dbda:706:ALIAS:1,,,経産省,Arttronix
READY_ADD,arttronixinternationalhklimited(億電國際香港有限公司),ARTTRONIX INTERNATIONAL HK LIMITED （億電國際香港有限公司）,706,ARTTRONIX INTERNATIONAL HK LIMITED （億電國際香港有限公司）,PRIMARY,706,"[""ARTTRONIX INTERNATIONAL HK LIMITED （億電國際香港有限公司）""]",c632d657f9c13b1250d688394eb7c99956a994527cb56f4a77c86ed61ff1dbda:706:PRIMARY,,,,
READY_ADD,arvinfanavarviracompany,Arvin Fan Avar Vira Company,56,Arvin Fan Avar Vira Company,PRIMARY,56,"[""Arvin Fan Avar Vira Company"",""Arvin Fanavar Vira Company""]",c632d657f9c13b1250d688394eb7c99956a994527cb56f4a77c86ed61ff1dbda:56:PRIMARY;c632d657f9c13b1250d688394eb7c99956a994527cb56f4a77c86ed61ff1dbda:56:ALIAS:1,,,,
NOOP_ALREADY_METI,aryaniroonik,Arya Niroo Nik,57,Arya Niroo Nik,PRIMARY,57,"[""Arya Niroo Nik""]",c632d657f9c13b1250d688394eb7c99956a994527cb56f4a77c86ed61ff1dbda:57:PRIMARY,,,経産省,Arya Niroo Nik
READY_ADD,arzamasskoescientificproductionenterprisetempavia,Arzamasskoe Scientific Production Enterprise Temp Avia,822,"""Temp-Avia"" Arzamas Research and Production Association JSC",ALIAS:3,822,"[""Arzamasskoe Scientific Production Enterprise Temp Avia""]",c632d657f9c13b1250d688394eb7c99956a994527cb56f4a77c86ed61ff1dbda:822:ALIAS:3,,,,
NOOP_ALREADY_METI,asevoimienmaantieteellinenorganisaatio,Asevoimien maantieteellinen organisaatio,54,Armed Forces Geographical Organisation,ALIAS:3,54,"[""Asevoimien maantieteellinen organisaatio""]",c632d657f9c13b1250d688394eb7c99956a994527cb56f4a77c86ed61ff1dbda:54:ALIAS:3,,,経産省,Asevoimien maantieteellinen organisaatio
NOOP_ALREADY_METI,ashtiantablo,Ashtian Tablo,58,Ashtian Tablo,PRIMARY,58,"[""Ashtian Tablo""]",c632d657f9c13b1250d688394eb7c99956a994527cb56f4a77c86ed61ff1dbda:58:PRIMARY,,,経産省,Ashtian Tablo
NOOP_ALREADY_METI,asr-e-san'ateshraghengineeringcompany,ASR-E-SAN'AT ESHRAGH ENGINEERING COMPANY,59,ASRE SANAT ESHRAGH COMPANY,ALIAS:4,59,"[""ASR-E-SAN'AT ESHRAGH ENGINEERING COMPANY""]",c632d657f9c13b1250d688394eb7c99956a994527cb56f4a77c86ed61ff1dbda:59:ALIAS:4,,,OFAC;経産省,ASR-E-SAN'AT ESHRAGH ENGINEERING COMPANY
NOOP_ALREADY_METI,asr-e-san'ateshraghengineeringcompanyltd.,ASR-E-SAN'AT ESHRAGH ENGINEERING COMPANY LTD.,59,ASRE SANAT ESHRAGH COMPANY,ALIAS:5,59,"[""ASR-E-SAN'AT ESHRAGH ENGINEERING COMPANY LTD.""]",c632d657f9c13b1250d688394eb7c99956a994527cb56f4a77c86ed61ff1dbda:59:ALIAS:5,,,OFAC;経産省,ASR-E-SAN'AT ESHRAGH ENGINEERING COMPANY LTD.
NOOP_ALREADY_METI,asr-esanateshragh,ASR-E SANAT ESHRAGH,59,ASRE SANAT ESHRAGH COMPANY,ALIAS:1,59,"[""ASR-E SANAT ESHRAGH""]",c632d657f9c13b1250d688394eb7c99956a994527cb56f4a77c86ed61ff1dbda:59:ALIAS:1,,,OFAC;経産省,ASR-E SANAT ESHRAGH
READY_TAG_EXISTING,asrc,ASRC,200,Pishro Systems Research Company,ALIAS:2,200,"[""ASRC""]",c632d657f9c13b1250d688394eb7c99956a994527cb56f4a77c86ed61ff1dbda:200:ALIAS:2,,,OFAC,ASRC
NOOP_ALREADY_METI,asresanateeshraghco.,ASRE SANATE ESHRAGH CO.,59,ASRE SANAT ESHRAGH COMPANY,ALIAS:3,59,"[""ASRE SANATE ESHRAGH CO.""]",c632d657f9c13b1250d688394eb7c99956a994527cb56f4a77c86ed61ff1dbda:59:ALIAS:3,,,OFAC;経産省,ASRE SANATE ESHRAGH CO.
NOOP_ALREADY_METI,asresanateshraghco.,ASRE SANAT ESHRAGH CO.,59,ASRE SANAT ESHRAGH COMPANY,ALIAS:2,59,"[""ASRE SANAT ESHRAGH CO.""]",c632d657f9c13b1250d688394eb7c99956a994527cb56f4a77c86ed61ff1dbda:59:ALIAS:2,,,OFAC;経産省,ASRE SANAT ESHRAGH CO.
READY_TAG_EXISTING,asresanateshraghcompany,ASRE SANAT ESHRAGH COMPANY,59,ASRE SANAT ESHRAGH COMPANY,PRIMARY,59,"[""ASRE SANAT ESHRAGH COMPANY""]",c632d657f9c13b1250d688394eb7c99956a994527cb56f4a77c86ed61ff1dbda:59:PRIMARY,,,OFAC,ASRE SANAT ESHRAGH COMPANY
READY_TAG_EXISTING,atbinistatechnicalandengineeringcompany,ATBIN ISTA TECHNICAL AND ENGINEERING COMPANY,60,ATBIN ISTA TECHNICAL AND ENGINEERING COMPANY,PRIMARY,60,"[""ATBIN ISTA TECHNICAL AND ENGINEERING COMPANY""]",c632d657f9c13b1250d688394eb7c99956a994527cb56f4a77c86ed61ff1dbda:60:PRIMARY,,,OFAC,ATBIN ISTA TECHNICAL AND ENGINEERING COMPANY
READY_TAG_EXISTING,atbinistatechnicalcompany,ATBIN ISTA TECHNICAL COMPANY,60,ATBIN ISTA TECHNICAL AND ENGINEERING COMPANY,ALIAS:1,60,"[""ATBIN ISTA TECHNICAL COMPANY""]",c632d657f9c13b1250d688394eb7c99956a994527cb56f4a77c86ed61ff1dbda:60:ALIAS:1,,,OFAC,Atbin Ista Technical Company
READY_ADD,"avangard""jsc","""Avangard"" JSC",742,"""Avangard"" JSC",PRIMARY,742,"[""\""Avangard\"" JSC""]",c632d657f9c13b1250d688394eb7c99956a994527cb56f4a77c86ed61ff1dbda:742:PRIMARY,,,,
NOOP_ALREADY_METI,aviationindustrycorporationofchina's(avic)institute625(中国航空工業集団公司第六二五研究所),Aviation Industry Corporation of China's (AVIC) Institute 625 (中国航空工業集団公司第六二五研究所),487,Beijing Aeronautical Manufacturing Technology Research Institute (BAMTRI) (北京航空製造工程研究所),ALIAS:1,487,"[""Aviation Industry Corporation of China's (AVIC) Institute 625 (中国航空工業集団公司第六二五研究所)""]",c632d657f9c13b1250d688394eb7c99956a994527cb56f4a77c86ed61ff1dbda:487:ALIAS:1,,,経産省,Aviation Industry Corporation of China's (AVIC) Institute 625 (中国航空工業集団公司第六二五研究所)
NOOP_ALREADY_METI,avic637thresearchinstitute,AVIC 637th Research Institute,484,AVIC Research Institute for Special Structures of Aeronautical Composites （中国航空工業集団公司済南特種結構研究所）,ALIAS:2,484,"[""AVIC 637th Research Institute""]",c632d657f9c13b1250d688394eb7c99956a994527cb56f4a77c86ed61ff1dbda:484:ALIAS:2,,,経産省,AVIC 637th Research Institute
NOOP_ALREADY_METI,avicbeijingaeronauticalmanufacturingtechnologyresearchinstitute(中国航空工業集団公司北京航空製造工程研究所),AVIC Beijing Aeronautical Manufacturing Technology Research Institute (中国航空工業集団公司北京航空製造工程研究所),487,Beijing Aeronautical Manufacturing Technology Research Institute (BAMTRI) (北京航空製造工程研究所),ALIAS:2,487,"[""AVIC Beijing Aeronautical Manufacturing Technology Research Institute (中国航空工業集団公司北京航空製造工程研究所)""]",c632d657f9c13b1250d688394eb7c99956a994527cb56f4a77c86ed61ff1dbda:487:ALIAS:2,,,経産省,AVIC Beijing Aeronautical Manufacturing Technology Research Institute (中国航空工業集団公司北京航空製造工程研究所)
READY_ADD,avicleihuaelectronictechnologyresearchinstitute(中国航空工业集团公司雷华电子技术研究所),AVIC Leihua Electronic Technology Research Institute （中国航空工业集团公司雷华电子技术研究所）,483,AVIC Leihua Electronic Technology Research Institute （中国航空工业集团公司雷华电子技术研究所）,PRIMARY,483,"[""AVIC Leihua Electronic Technology Research Institute （中国航空工业集团公司雷华电子技术研究所）""]",c632d657f9c13b1250d688394eb7c99956a994527cb56f4a77c86ed61ff1dbda:483:PRIMARY,,,,
READY_ADD,avicresearchinstituteforspecialstructuresofaeronauticalcomposites(中国航空工業集団公司済南特種結構研究所),AVIC Research Institute for Special Structures of Aeronautical Composites （中国航空工業集団公司済南特種結構研究所）,484,AVIC Research Institute for Special Structures of Aeronautical Composites （中国航空工業集団公司済南特種結構研究所）,PRIMARY,484,"[""AVIC Research Institute for Special Structures of Aeronautical Composites （中国航空工業集団公司済南特種結構研究所）""]",c632d657f9c13b1250d688394eb7c99956a994527cb56f4a77c86ed61ff1dbda:484:PRIMARY,,,,
NOOP_ALREADY_METI,avicrisac,AVIC RISAC,484,AVIC Research Institute for Special Structures of Aeronautical Composites （中国航空工業集団公司済南特種結構研究所）,ALIAS:1,484,"[""AVIC RISAC""]",c632d657f9c13b1250d688394eb7c99956a994527cb56f4a77c86ed61ff1dbda:484:ALIAS:1,,,経産省,AVIC RISAC
READY_TAG_EXISTING,avrorajsc,Avrora JSC,757,Joint Stock Company Concern Avrora Scientific and Production Association,ALIAS:4,757,"[""Avrora JSC""]",c632d657f9c13b1250d688394eb7c99956a994527cb56f4a77c86ed61ff1dbda:757:ALIAS:4,,,OFAC;財務省,AVRORA JSC
READY_TAG_EXISTING,avrorasystems,Avrora Systems,757,Joint Stock Company Concern Avrora Scientific and Production Association,ALIAS:3,757,"[""Avrora Systems""]",c632d657f9c13b1250d688394eb7c99956a994527cb56f4a77c86ed61ff1dbda:757:ALIAS:3,,,外務省,Avrora Systems
READY_TAG_EXISTING,azarabindustriesco.,AZARAB INDUSTRIES CO.,62,AZARAB INDUSTRIES CO.,PRIMARY,62,"[""AZARAB INDUSTRIES CO.""]",c632d657f9c13b1250d688394eb7c99956a994527cb56f4a77c86ed61ff1dbda:62:PRIMARY,,,OFAC,AZARAB INDUSTRIES CO.
READY_TAG_EXISTING,azarabindustriescompany,AZARAB INDUSTRIES COMPANY,62,AZARAB INDUSTRIES CO.,ALIAS:1,62,"[""AZARAB INDUSTRIES COMPANY""]",c632d657f9c13b1250d688394eb7c99956a994527cb56f4a77c86ed61ff1dbda:62:ALIAS:1,,,OFAC,Azar Ab Industries Company
READY_TAG_EXISTING,azarabindustriesllp,AZARAB INDUSTRIES LLP,62,AZARAB INDUSTRIES CO.,ALIAS:2,62,"[""AZARAB INDUSTRIES LLP""]",c632d657f9c13b1250d688394eb7c99956a994527cb56f4a77c86ed61ff1dbda:62:ALIAS:2,,,OFAC,AzarAb Industries LLP
READY_TAG_EXISTING,azmoonpajohanhesgarlimitedliabilitycompany,AZMOON PAJOHAN HESGAR LIMITED LIABILITY COMPANY,61,AZMOON PAJOHAN HESGAR LIMITED LIABILITY COMPANY,PRIMARY,61,"[""AZMOON PAJOHAN HESGAR LIMITED LIABILITY COMPANY""]",c632d657f9c13b1250d688394eb7c99956a994527cb56f4a77c86ed61ff1dbda:61:PRIMARY,,,OFAC,AZMOON PAJOHAN HESGAR LIMITED LIABILITY COMPANY
READY_TAG_EXISTING,azmounpazohanhesgar,AZMOUN PAZOHAN HESGAR,61,AZMOON PAJOHAN HESGAR LIMITED LIABILITY COMPANY,ALIAS:1,61,"[""AZMOUN PAZOHAN HESGAR""]",c632d657f9c13b1250d688394eb7c99956a994527cb56f4a77c86ed61ff1dbda:61:ALIAS:1,,,OFAC,Azmoun Pazohan Hesgar
READY_TAG_EXISTING,azmunpezhuhanhesgarco,AZMUN PEZHUHAN HESGAR CO,61,AZMOON PAJOHAN HESGAR LIMITED LIABILITY COMPANY,ALIAS:2,61,"[""AZMUN PEZHUHAN HESGAR CO""]",c632d657f9c13b1250d688394eb7c99956a994527cb56f4a77c86ed61ff1dbda:61:ALIAS:2,,,OFAC,Azmun Pezhuhan Hesgar Co
NOOP_ALREADY_METI,baghiatollahmedicalsciencesuniversity,Baghiatollah Medical Sciences University,63,Baghyatollah Medical Sciences University (BMSU),ALIAS:1,63,"[""Baghiatollah Medical Sciences University""]",c632d657f9c13b1250d688394eb7c99956a994527cb56f4a77c86ed61ff1dbda:63:ALIAS:1,,,OFAC;経産省,BAGHIATOLLAH MEDICAL SCIENCES UNIVERSITY
NOOP_ALREADY_METI,baghyatollahmedicalsciencesuniversity(bmsu),Baghyatollah Medical Sciences University (BMSU),63,Baghyatollah Medical Sciences University (BMSU),PRIMARY,63,"[""Baghyatollah Medical Sciences University (BMSU)""]",c632d657f9c13b1250d688394eb7c99956a994527cb56f4a77c86ed61ff1dbda:63:PRIMARY,,,経産省,Baghyatollah Medical Sciences University (BMSU)
NOOP_ALREADY_METI,bagiatollahmedicalsciencesuniversity,Bagiatollah Medical Sciences University,63,Baghyatollah Medical Sciences University (BMSU),ALIAS:2,63,"[""Bagiatollah Medical Sciences University""]",c632d657f9c13b1250d688394eb7c99956a994527cb56f4a77c86ed61ff1dbda:63:ALIAS:2,,,OFAC;経産省,BAGIATOLLAH MEDICAL SCIENCES UNIVERSITY
READY_TAG_EXISTING,baharestankishcompany,BAHARESTAN KISH COMPANY,64,BAHARESTAN KISH COMPANY,PRIMARY,64,"[""BAHARESTAN KISH COMPANY""]",c632d657f9c13b1250d688394eb7c99956a994527cb56f4a77c86ed61ff1dbda:64:PRIMARY,,,OFAC,BAHARESTAN KISH COMPANY
READY_ADD,"baimtecmaterialco.,ltd.(北京航空材料研究院股份有限公司)","Baimtec Material Co., Ltd. （北京航空材料研究院股份有限公司）",485,"Baimtec Material Co., Ltd. （北京航空材料研究院股份有限公司）",PRIMARY,485,"[""Baimtec Material Co., Ltd. （北京航空材料研究院股份有限公司）""]",c632d657f9c13b1250d688394eb7c99956a994527cb56f4a77c86ed61ff1dbda:485:PRIMARY,,,,
NOOP_ALREADY_METI,bakhtarraadengineeringcompany,BAKHTAR RAAD ENGINEERING COMPANY,65,BAKHTAR RAAD SEPAHAN COMPANY,ALIAS:1,65,"[""BAKHTAR RAAD ENGINEERING COMPANY""]",c632d657f9c13b1250d688394eb7c99956a994527cb56f4a77c86ed61ff1dbda:65:ALIAS:1,,,OFAC;経産省,Bakhtar Raad Engineering Company
NOOP_ALREADY_METI,bakhtarraadsepahanco.,BAKHTAR RAAD SEPAHAN CO.,65,BAKHTAR RAAD SEPAHAN COMPANY,ALIAS:2,65,"[""BAKHTAR RAAD SEPAHAN CO.""]",c632d657f9c13b1250d688394eb7c99956a994527cb56f4a77c86ed61ff1dbda:65:ALIAS:2,,,OFAC;経産省,BAKHTAR RAAD SEPAHAN CO.
READY_TAG_EXISTING,bakhtarraadsepahancompany,BAKHTAR RAAD SEPAHAN COMPANY,65,BAKHTAR RAAD SEPAHAN COMPANY,PRIMARY,65,"[""BAKHTAR RAAD SEPAHAN COMPANY""]",c632d657f9c13b1250d688394eb7c99956a994527cb56f4a77c86ed61ff1dbda:65:PRIMARY,,,OFAC,BAKHTAR RAAD SEPAHAN COMPANY
NOOP_ALREADY_METI,bankofeastland,Bank of East Land,302,Bank of East Land,PRIMARY,302,"[""Bank of East Land""]",c632d657f9c13b1250d688394eb7c99956a994527cb56f4a77c86ed61ff1dbda:302:PRIMARY,,,OFAC;経産省;財務省,BANK OF EAST LAND
NOOP_ALREADY_METI,baotouguanghuachemicalindustrialcorporation,Baotou Guanghua Chemical Industrial Corporation,486,Baotou Guanghua Chemical Industrial Corporation,PRIMARY,486,"[""Baotou Guanghua Chemical Industrial Corporation""]",c632d657f9c13b1250d688394eb7c99956a994527cb56f4a77c86ed61ff1dbda:486:PRIMARY,,,経産省,Baotou Guanghua Chemical Industrial Corporation
NOOP_ALREADY_METI,baotouguanghuachemicalindustrycompany,Baotou Guanghua Chemical Industry Company,486,Baotou Guanghua Chemical Industrial Corporation,ALIAS:2,486,"[""Baotou Guanghua Chemical Industry Company""]",c632d657f9c13b1250d688394eb7c99956a994527cb56f4a77c86ed61ff1dbda:486:ALIAS:2,,,経産省,Baotou Guanghua Chemical Industry Company
NOOP_ALREADY_METI,baotounuclearenergyfacility202plant,"202 Plant, Baotou Nuclear Energy Facility",486,Baotou Guanghua Chemical Industrial Corporation,ALIAS:1,486,"[""202 Plant, Baotou Nuclear Energy Facility""]",c632d657f9c13b1250d688394eb7c99956a994527cb56f4a77c86ed61ff1dbda:486:ALIAS:1,,,経産省,"202 Plant, Baotou Nuclear Energy Facility"
NOOP_ALREADY_METI,baotounuclearfuelelementplant,Baotou Nuclear Fuel Element Plant,486,Baotou Guanghua Chemical Industrial Corporation,ALIAS:3,486,"[""Baotou Nuclear Fuel Element Plant""]",c632d657f9c13b1250d688394eb7c99956a994527cb56f4a77c86ed61ff1dbda:486:ALIAS:3,,,経産省,Baotou Nuclear Fuel Element Plant
NOOP_ALREADY_METI,baqiatollahmedicalsciencesuniversity,Baqiatollah Medical Sciences University,63,Baghyatollah Medical Sciences University (BMSU),ALIAS:3,63,"[""Baqiatollah Medical Sciences University""]",c632d657f9c13b1250d688394eb7c99956a994527cb56f4a77c86ed61ff1dbda:63:ALIAS:3,,,OFAC;経産省,BAQIATOLLAH MEDICAL SCIENCES UNIVERSITY
NOOP_ALREADY_METI,baqiyatallahmedicalsciencesuniversity,Baqiyatallah Medical Sciences University,63,Baghyatollah Medical Sciences University (BMSU),ALIAS:4,63,"[""Baqiyatallah Medical Sciences University""]",c632d657f9c13b1250d688394eb7c99956a994527cb56f4a77c86ed61ff1dbda:63:ALIAS:4,,,OFAC;経産省,BAQIYATALLAH MEDICAL SCIENCES UNIVERSITY
NOOP_ALREADY_METI,baqiyatallahuniversityofmedicalsciences,Baqiyatallah University of Medical Sciences,63,Baghyatollah Medical Sciences University (BMSU),ALIAS:5,63,"[""Baqiyatallah University of Medical Sciences""]",c632d657f9c13b1250d688394eb7c99956a994527cb56f4a77c86ed61ff1dbda:63:ALIAS:5,,,OFAC;経産省,BAQIYATALLAH UNIVERSITY OF MEDICAL SCIENCES
NOOP_ALREADY_METI,baqyatollahmedicalsciencesuniversity,Baqyatollah Medical Sciences University,63,Baghyatollah Medical Sciences University (BMSU),ALIAS:6,63,"[""Baqyatollah Medical Sciences University""]",c632d657f9c13b1250d688394eb7c99956a994527cb56f4a77c86ed61ff1dbda:63:ALIAS:6,,,OFAC;経産省,BAQYATOLLAH MEDICAL SCIENCES UNIVERSITY
READY_TAG_EXISTING,bardiyatejaratjavid,Bardiya Tejarat Javid,161,Mandegar Baspar Kimiya Company,ALIAS:1,161,"[""Bardiya Tejarat Javid""]",c632d657f9c13b1250d688394eb7c99956a994527cb56f4a77c86ed61ff1dbda:161:ALIAS:1,,,OFAC,Bardiya Tejarat Javid
NOOP_ALREADY_METI,barghazaraksh,Bargh Azaraksh,66,Bargh Azaraksh,PRIMARY,66,"[""Bargh Azaraksh""]",c632d657f9c13b1250d688394eb7c99956a994527cb56f4a77c86ed61ff1dbda:66:PRIMARY,,,経産省,Bargh Azaraksh
NOOP_ALREADY_METI,bargheazerakhshsakht,Barghe Azerakhsh Sakht,66,Bargh Azaraksh,ALIAS:1,66,"[""Barghe Azerakhsh Sakht""]",c632d657f9c13b1250d688394eb7c99956a994527cb56f4a77c86ed61ff1dbda:66:ALIAS:1,,,経産省,Barghe Azerakhsh Sakht
READY_TAG_EXISTING,basamadelectronicpouyaengineeringlimitedliabilitycompany,BASAMAD ELECTRONIC POUYA ENGINEERING LIMITED LIABILITY COMPANY,67,BASAMAD ELECTRONIC POUYA ENGINEERING LIMITED LIABILITY COMPANY,PRIMARY,67,"[""BASAMAD ELECTRONIC POUYA ENGINEERING LIMITED LIABILITY COMPANY""]",c632d657f9c13b1250d688394eb7c99956a994527cb56f4a77c86ed61ff1dbda:67:PRIMARY,,,OFAC,BASAMAD ELECTRONIC POUYA ENGINEERING LIMITED LIABILITY COMPANY
NOOP_ALREADY_METI,behinehtradingco.,Behineh Trading Co.,68,Behineh Trading Co.,PRIMARY,68,"[""Behineh Trading Co.""]",c632d657f9c13b1250d688394eb7c99956a994527cb56f4a77c86ed61ff1dbda:68:PRIMARY,,,経産省;財務省,BEHINEH TRADING CO.
NOOP_ALREADY_METI,behnamsahriyaritradingcompany,Behnam Sahriyari Trading Company,69,Behnam Sahriyari Trading Company,PRIMARY,69,"[""Behnam Sahriyari Trading Company""]",c632d657f9c13b1250d688394eb7c99956a994527cb56f4a77c86ed61ff1dbda:69:PRIMARY,,,経産省,Behnam Sahriyari Trading Company
NOOP_ALREADY_METI,beihanguniversity,Beihang University,501,Beijing University of Aeronautics and Astronautics (BUAA) (北京航空航天大学),ALIAS:1,501,"[""Beihang University""]",c632d657f9c13b1250d688394eb7c99956a994527cb56f4a77c86ed61ff1dbda:501:ALIAS:1,,,経産省,Beihang University
READY_ADD,beijingaeronauticalmanufacturingtechnologyresearchinstitute(bamtri)(北京航空製造工程研究所),Beijing Aeronautical Manufacturing Technology Research Institute (BAMTRI) (北京航空製造工程研究所),487,Beijing Aeronautical Manufacturing Technology Research Institute (BAMTRI) (北京航空製造工程研究所),PRIMARY,487,"[""Beijing Aeronautical Manufacturing Technology Research Institute (BAMTRI) (北京航空製造工程研究所)""]",c632d657f9c13b1250d688394eb7c99956a994527cb56f4a77c86ed61ff1dbda:487:PRIMARY,,,,
READY_ADD,beijingaerospaceautomaticcontrolinstitute(bicd)(北京航天自動控制研究所),Beijing Aerospace Automatic Control Institute (BICD) (北京航天自動控制研究所),488,Beijing Aerospace Automatic Control Institute (BICD) (北京航天自動控制研究所),PRIMARY,488,"[""Beijing Aerospace Automatic Control Institute (BICD) (北京航天自動控制研究所)""]",c632d657f9c13b1250d688394eb7c99956a994527cb56f4a77c86ed61ff1dbda:488:PRIMARY,,,,
NOOP_ALREADY_METI,"beijingaerospacetimesoptical-electronictechnologyco.,ltd.","Beijing Aerospace Times Optical-Electronic Technology Co., Ltd.",476,"13th Research Institute, 9th Academy, China Aerospace Science and Technology Corporation (CASC) (中国航天科技集団公司第九研究院第十三研究所)",ALIAS:4,476,"[""Beijing Aerospace Times Optical-Electronic Technology Co., Ltd.""]",c632d657f9c13b1250d688394eb7c99956a994527cb56f4a77c86ed61ff1dbda:476:ALIAS:4,,,経産省,"Beijing Aerospace Times Optical-Electronic Technology Co., Ltd."
READY_ADD,"beijingalitetechnologiesco.,ltd.(alco)(北京海立連合科技有限公司)","Beijing Alite Technologies Co., Ltd. (ALCO) (北京海立連合科技有限公司)",489,"Beijing Alite Technologies Co., Ltd. (ALCO) (北京海立連合科技有限公司)",PRIMARY,489,"[""Beijing Alite Technologies Co., Ltd. (ALCO) (北京海立連合科技有限公司)""]",c632d657f9c13b1250d688394eb7c99956a994527cb56f4a77c86ed61ff1dbda:489:PRIMARY,,,,
READY_ADD,beijingautomationcontrolequipmentinstitute(bacei)(北京自動化控制設備研究所),Beijing Automation Control Equipment Institute (BACEI) (北京自動化控制設備研究所),490,Beijing Automation Control Equipment Institute (BACEI) (北京自動化控制設備研究所),PRIMARY,490,"[""Beijing Automation Control Equipment Institute (BACEI) (北京自動化控制設備研究所)""]",c632d657f9c13b1250d688394eb7c99956a994527cb56f4a77c86ed61ff1dbda:490:PRIMARY,,,,
READY_ADD,beijingchengxingtradingco.ltd.(北京成興貿易有限公司),Beijing Chengxing Trading Co. Ltd. (北京成興貿易有限公司),492,Beijing Chengxing Trading Co. Ltd. (北京成興貿易有限公司),PRIMARY,492,"[""Beijing Chengxing Trading Co. Ltd. (北京成興貿易有限公司)""]",c632d657f9c13b1250d688394eb7c99956a994527cb56f4a77c86ed61ff1dbda:492:PRIMARY,,,,
READY_ADD,"beijingchinatankindustryco.,ltd.(北京科泰克科技有限責任公司)","Beijing China Tank Industry Co., Ltd. （北京科泰克科技有限責任公司）",491,"Beijing China Tank Industry Co., Ltd. （北京科泰克科技有限責任公司）",PRIMARY,491,"[""Beijing China Tank Industry Co., Ltd. （北京科泰克科技有限責任公司）""]",c632d657f9c13b1250d688394eb7c99956a994527cb56f4a77c86ed61ff1dbda:491:PRIMARY,,,,
NOOP_ALREADY_METI,beijinghaililianhekejiyouxiangongsi,Beijing Haili Lianhe Keji Youxian Gongsi,489,"Beijing Alite Technologies Co., Ltd. (ALCO) (北京海立連合科技有限公司)",ALIAS:1,489,"[""Beijing Haili Lianhe Keji Youxian Gongsi""]",c632d657f9c13b1250d688394eb7c99956a994527cb56f4a77c86ed61ff1dbda:489:ALIAS:1,,,OFAC;経産省,BEIJING HAILI LIANHE KEJI YOUXIAN GONGSI
READY_ADD,"beijinghileedsolutionsco.,ltd.","Beijing Hileed Solutions Co., Ltd.",489,"Beijing Alite Technologies Co., Ltd. (ALCO) (北京海立連合科技有限公司)",ALIAS:2,489,"[""Beijing Hileed Solutions Co., Ltd.""]",c632d657f9c13b1250d688394eb7c99956a994527cb56f4a77c86ed61ff1dbda:489:ALIAS:2,,,,
NOOP_ALREADY_METI,beijinginstituteofaerospacecontroldevices(biacd),Beijing Institute of Aerospace Control Devices (BIACD),476,"13th Research Institute, 9th Academy, China Aerospace Science and Technology Corporation (CASC) (中国航天科技集団公司第九研究院第十三研究所)",ALIAS:2,476,"[""Beijing Institute of Aerospace Control Devices (BIACD)""]",c632d657f9c13b1250d688394eb7c99956a994527cb56f4a77c86ed61ff1dbda:476:ALIAS:2,,,経産省,Beijing Institute of Aerospace Control Devices (BIACD)
NOOP_ALREADY_METI,beijinginstituteofradiomeasurement,Beijing Institute of Radio Measurement,478,23rd Research Institute,ALIAS:1,478,"[""Beijing Institute of Radio Measurement""]",c632d657f9c13b1250d688394eb7c99956a994527cb56f4a77c86ed61ff1dbda:478:ALIAS:1,,,経産省,Beijing Institute of Radio Measurement
NOOP_ALREADY_METI,beijinginstituteofspaceautomaticcontrol,Beijing Institute of Space Automatic Control,488,Beijing Aerospace Automatic Control Institute (BICD) (北京航天自動控制研究所),ALIAS:2,488,"[""Beijing Institute of Space Automatic Control""]",c632d657f9c13b1250d688394eb7c99956a994527cb56f4a77c86ed61ff1dbda:488:ALIAS:2,,,経産省,Beijing Institute of Space Automatic Control
NOOP_ALREADY_METI,beijinginstituteofstrengthandenvironmentalengineering,Beijing Institute of Strength and Environmental Engineering,493,Beijing Institute of Structure and Environmental Engineering (BISE) (北京強度環境研究所),ALIAS:2,493,"[""Beijing Institute of Strength and Environmental Engineering""]",c632d657f9c13b1250d688394eb7c99956a994527cb56f4a77c86ed61ff1dbda:493:ALIAS:2,,,経産省,Beijing Institute of Strength and Environmental Engineering
READY_ADD,beijinginstituteofstructureandenvironmentalengineering(bise)(北京強度環境研究所),Beijing Institute of Structure and Environmental Engineering (BISE) (北京強度環境研究所),493,Beijing Institute of Structure and Environmental Engineering (BISE) (北京強度環境研究所),PRIMARY,493,"[""Beijing Institute of Structure and Environmental Engineering (BISE) (北京強度環境研究所)""]",c632d657f9c13b1250d688394eb7c99956a994527cb56f4a77c86ed61ff1dbda:493:PRIMARY,,,,
READY_ADD,beijinginstituteoftechnology(北京理工大学),Beijing Institute of Technology （北京理工大学）,494,Beijing Institute of Technology （北京理工大学）,PRIMARY,494,"[""Beijing Institute of Technology （北京理工大学）""]",c632d657f9c13b1250d688394eb7c99956a994527cb56f4a77c86ed61ff1dbda:494:PRIMARY,,,,
NOOP_ALREADY_METI,beijingjdkelectricalequipmentbusinesscenter,Beijing JDK Electrical Equipment Business Center,563,"Qianpu Technology Co., Ltd.",ALIAS:1,563,"[""Beijing JDK Electrical Equipment Business Center""]",c632d657f9c13b1250d688394eb7c99956a994527cb56f4a77c86ed61ff1dbda:563:ALIAS:1,,,経産省,Beijing JDK Electrical Equipment Business Center
NOOP_ALREADY_METI,beijinglionheartinternationaltradingcompany,Beijing Lion Heart International Trading Company,495,Beijing Lion Heart International Trading Company,PRIMARY,495,"[""Beijing Lion Heart International Trading Company""]",c632d657f9c13b1250d688394eb7c99956a994527cb56f4a77c86ed61ff1dbda:495:PRIMARY,,,経産省,Beijing Lion Heart International Trading Company
NOOP_ALREADY_METI,beijingorientalvisionpetroleumtechnologycompanylimited(ovtek-p),Beijing Oriental Vision Petroleum Technology Company Limited (OVTEK-P),562,Poly Asia Pacific Ltd.(PAPL),ALIAS:1,562,"[""Beijing Oriental Vision Petroleum Technology Company Limited (OVTEK-P)""]",c632d657f9c13b1250d688394eb7c99956a994527cb56f4a77c86ed61ff1dbda:562:ALIAS:1,,,経産省,Beijing Oriental Vision Petroleum Technology Company Limited (OVTEK-P)
NOOP_ALREADY_METI,beijingpowergeneratingmachineryinstitute,Beijing Power Generating Machinery Institute,499,Beijing Power Machinery Institute (北京動力機械研究所),ALIAS:2,499,"[""Beijing Power Generating Machinery Institute""]",c632d657f9c13b1250d688394eb7c99956a994527cb56f4a77c86ed61ff1dbda:499:ALIAS:2,,,経産省,Beijing Power Generating Machinery Institute
READY_ADD,beijingpowermachineryinstitute(北京動力機械研究所),Beijing Power Machinery Institute (北京動力機械研究所),499,Beijing Power Machinery Institute (北京動力機械研究所),PRIMARY,499,"[""Beijing Power Machinery Institute (北京動力機械研究所)""]",c632d657f9c13b1250d688394eb7c99956a994527cb56f4a77c86ed61ff1dbda:499:PRIMARY,,,,
NOOP_ALREADY_METI,beijingpowermachineryresearchlaboratory,Beijing Power Machinery Research Laboratory,499,Beijing Power Machinery Institute (北京動力機械研究所),ALIAS:3,499,"[""Beijing Power Machinery Research Laboratory""]",c632d657f9c13b1250d688394eb7c99956a994527cb56f4a77c86ed61ff1dbda:499:ALIAS:3,,,経産省,Beijing Power Machinery Research Laboratory
READY_ADD,"beijingshinynightstechnologydevelopmentco.,ltd.(北京闪亮之夜科技发展有限公司)","BEIJING SHINY NIGHTS TECHNOLOGY DEVELOPMENT CO., LTD. （北京闪亮之夜科技发展有限公司）",497,"BEIJING SHINY NIGHTS TECHNOLOGY DEVELOPMENT CO., LTD. （北京闪亮之夜科技发展有限公司）",PRIMARY,497,"[""BEIJING SHINY NIGHTS TECHNOLOGY DEVELOPMENT CO., LTD. （北京闪亮之夜科技发展有限公司）""]",c632d657f9c13b1250d688394eb7c99956a994527cb56f4a77c86ed61ff1dbda:497:PRIMARY,,,,
NOOP_ALREADY_METI,beijingspaceflightautocontrolresearchinstitute,Beijing Spaceflight Autocontrol Research Institute,488,Beijing Aerospace Automatic Control Institute (BICD) (北京航天自動控制研究所),ALIAS:3,488,"[""Beijing Spaceflight Autocontrol Research Institute""]",c632d657f9c13b1250d688394eb7c99956a994527cb56f4a77c86ed61ff1dbda:488:ALIAS:3,,,経産省,Beijing Spaceflight Autocontrol Research Institute
READY_ADD,"beijingtianhaiindustryco.,ltd.(北京天海工业有限公司)","Beijing Tianhai Industry Co., Ltd. （北京天海工业有限公司）",498,"Beijing Tianhai Industry Co., Ltd. （北京天海工业有限公司）",PRIMARY,498,"[""Beijing Tianhai Industry Co., Ltd. （北京天海工业有限公司）""]",c632d657f9c13b1250d688394eb7c99956a994527cb56f4a77c86ed61ff1dbda:498:PRIMARY,,,,
READY_ADD,"beijingunistrongscience&technologyco.,ltd.(北京合衆思壯科技股份有限公司)","Beijing UniStrong Science & Technology Co., Ltd. （北京合衆思壯科技股份有限公司）",500,"Beijing UniStrong Science & Technology Co., Ltd. （北京合衆思壯科技股份有限公司）",PRIMARY,500,"[""Beijing UniStrong Science & Technology Co., Ltd. （北京合衆思壯科技股份有限公司）""]",c632d657f9c13b1250d688394eb7c99956a994527cb56f4a77c86ed61ff1dbda:500:PRIMARY,,,,
READY_ADD,beijinguniversityofaeronauticsandastronautics(buaa)(北京航空航天大学),Beijing University of Aeronautics and Astronautics (BUAA) (北京航空航天大学),501,Beijing University of Aeronautics and Astronautics (BUAA) (北京航空航天大学),PRIMARY,501,"[""Beijing University of Aeronautics and Astronautics (BUAA) (北京航空航天大学)""]",c632d657f9c13b1250d688394eb7c99956a994527cb56f4a77c86ed61ff1dbda:501:PRIMARY,,,,
NOOP_ALREADY_METI,bentechcomputercorp.,Bentech Computer Corp.,470,Bentech Computer Corp.,PRIMARY,470,"[""Bentech Computer Corp.""]",c632d657f9c13b1250d688394eb7c99956a994527cb56f4a77c86ed61ff1dbda:470:PRIMARY,,,経産省,Bentech Computer Corp.
NOOP_ALREADY_METI,bestelectronicss.a.l,Best Electronics S.A.L,727,Best Electronics S.A.L,PRIMARY,727,"[""Best Electronics S.A.L""]",c632d657f9c13b1250d688394eb7c99956a994527cb56f4a77c86ed61ff1dbda:727:PRIMARY,,,経産省,Best Electronics S.A.L
NOOP_ALREADY_METI,birm,BIRM,478,23rd Research Institute,ALIAS:2,478,"[""BIRM""]",c632d657f9c13b1250d688394eb7c99956a994527cb56f4a77c86ed61ff1dbda:478:ALIAS:2,,,経産省,BIRM
NOOP_ALREADY_METI,bkco.,BK Co.,37,Abzar Boresh Kaveh Co.,ALIAS:1,37,"[""BK Co.""]",c632d657f9c13b1250d688394eb7c99956a994527cb56f4a77c86ed61ff1dbda:37:ALIAS:1,,,経産省;財務省,BK Co.
NOOP_ALREADY_METI,bluecalmmarineservices,BLUE CALM MARINE SERVICES,70,BLUE CALM MARINE SERVICES COMPANY,ALIAS:1,70,"[""BLUE CALM MARINE SERVICES""]",c632d657f9c13b1250d688394eb7c99956a994527cb56f4a77c86ed61ff1dbda:70:ALIAS:1,,,OFAC;経産省,Blue Calm Marine Services
READY_TAG_EXISTING,bluecalmmarineservicescompany,BLUE CALM MARINE SERVICES COMPANY,70,BLUE CALM MARINE SERVICES COMPANY,PRIMARY,70,"[""BLUE CALM MARINE SERVICES COMPANY""]",c632d657f9c13b1250d688394eb7c99956a994527cb56f4a77c86ed61ff1dbda:70:PRIMARY,,,OFAC,BLUE CALM MARINE SERVICES COMPANY
NOOP_ALREADY_METI,bluechipinternational,Blue Chip International,609,Blue Chip International,PRIMARY,609,"[""Blue Chip International""]",c632d657f9c13b1250d688394eb7c99956a994527cb56f4a77c86ed61ff1dbda:609:PRIMARY,,,経産省,Blue Chip International
NOOP_ALREADY_METI,blueskyindustrycorporation,Blue Sky Industry Corporation,550,LIMMT Economic and Trade Company (LIMMT経貿公司),ALIAS:2,550,"[""Blue Sky Industry Corporation""]",c632d657f9c13b1250d688394eb7c99956a994527cb56f4a77c86ed61ff1dbda:550:ALIAS:2,,,OFAC;経産省,BLUE SKY INDUSTRY CORPORATION
NOOP_ALREADY_METI,bonghwahospital(烽火病院),Bonghwa Hospital (烽火病院),407,Ponghwa Hospital (烽火診療所),ALIAS:1,407,"[""Bonghwa Hospital (烽火病院)""]",c632d657f9c13b1250d688394eb7c99956a994527cb56f4a77c86ed61ff1dbda:407:ALIAS:1,,,経産省,Bonghwa Hospital (烽火病院)
READY_TAG_EXISTING,brightshoreinclimited,BRIGHT SHORE INC LIMITED,707,BRIGHT SHORE INC LIMITED,PRIMARY,707,"[""BRIGHT SHORE INC LIMITED""]",c632d657f9c13b1250d688394eb7c99956a994527cb56f4a77c86ed61ff1dbda:707:PRIMARY,,,OFAC,BRIGHT SHORE INC LIMITED
NOOP_ALREADY_METI,broadengineering,Broad Engineering,610,Broad Engineering,PRIMARY,610,"[""Broad Engineering""]",c632d657f9c13b1250d688394eb7c99956a994527cb56f4a77c86ed61ff1dbda:610:PRIMARY,,,経産省,Broad Engineering
READY_TAG_EXISTING,btwinternationallimited,BTW INTERNATIONAL LIMITED,708,BTW INTERNATIONAL LIMITED,PRIMARY,708,"[""BTW INTERNATIONAL LIMITED""]",c632d657f9c13b1250d688394eb7c99956a994527cb56f4a77c86ed61ff1dbda:708:PRIMARY,,,OFAC,BTW INTERNATIONAL LIMITED
NOOP_ALREADY_METI,bureau39,Bureau 39,403,Office 39,ALIAS:1,403,"[""Bureau 39""]",c632d657f9c13b1250d688394eb7c99956a994527cb56f4a77c86ed61ff1dbda:403:ALIAS:1,,,OFAC;経産省;財務省,BUREAU 39
READY_TAG_EXISTING,bureau53,BUREAU 53,312,DEPARTMENT 53 OF THE MINISTRY OF THE PEOPLE'S ARMED FORCES,ALIAS:2,312,"[""BUREAU 53""]",c632d657f9c13b1250d688394eb7c99956a994527cb56f4a77c86ed61ff1dbda:312:ALIAS:2,,,OFAC,Bureau 53
NOOP_ALREADY_METI,busaninternational,Busan International,611,Busan International,PRIMARY,611,"[""Busan International""]",c632d657f9c13b1250d688394eb7c99956a994527cb56f4a77c86ed61ff1dbda:611:PRIMARY,,,経産省,Busan International
NOOP_ALREADY_METI,businessempireinternational,Business Empire International,612,Business Empire International,PRIMARY,612,"[""Business Empire International""]",c632d657f9c13b1250d688394eb7c99956a994527cb56f4a77c86ed61ff1dbda:612:PRIMARY,,,経産省,Business Empire International
READY_TAG_EXISTING,businesslab,Business Lab,452,Business Lab,PRIMARY,452,"[""Business Lab""]",c632d657f9c13b1250d688394eb7c99956a994527cb56f4a77c86ed61ff1dbda:452:PRIMARY,,,OFAC;財務省,Business Lab
READY_TAG_EXISTING,buybestelectronic,BUY BEST ELECTRONIC,71,BUY BEST ELECTRONIC PARS COMPANY,ALIAS:2,71,"[""BUY BEST ELECTRONIC""]",c632d657f9c13b1250d688394eb7c99956a994527cb56f4a77c86ed61ff1dbda:71:ALIAS:2,,,OFAC,Buy Best Electronic
READY_TAG_EXISTING,buybestelectronicparscompany,BUY BEST ELECTRONIC PARS COMPANY,71,BUY BEST ELECTRONIC PARS COMPANY,PRIMARY,71,"[""BUY BEST ELECTRONIC PARS COMPANY""]",c632d657f9c13b1250d688394eb7c99956a994527cb56f4a77c86ed61ff1dbda:71:PRIMARY,,,OFAC,BUY BEST ELECTRONIC PARS COMPANY
NOOP_ALREADY_METI,bvielectronics,BVI Electronics,502,BVI Electronics,PRIMARY,502,"[""BVI Electronics""]",c632d657f9c13b1250d688394eb7c99956a994527cb56f4a77c86ed61ff1dbda:502:PRIMARY,,,経産省,BVI Electronics
NOOP_ALREADY_METI,candidgeneraltradingllc,Candid General Trading LLC,4,Candid General Trading LLC,PRIMARY,4,"[""Candid General Trading LLC""]",c632d657f9c13b1250d688394eb7c99956a994527cb56f4a77c86ed61ff1dbda:4:PRIMARY,,,OFAC;経産省,CANDID GENERAL TRADING LLC
NOOP_ALREADY_METI,candidtradingllc,Candid Trading LLC,4,Candid General Trading LLC,ALIAS:1,4,"[""Candid Trading LLC""]",c632d657f9c13b1250d688394eb7c99956a994527cb56f4a77c86ed61ff1dbda:4:ALIAS:1,,,OFAC;経産省,CANDID TRADING LLC
NOOP_ALREADY_METI,carvanaco.,CARVANA Co.,72,Carvana Company,ALIAS:1,72,"[""CARVANA Co.""]",c632d657f9c13b1250d688394eb7c99956a994527cb56f4a77c86ed61ff1dbda:72:ALIAS:1,,,経産省,CARVANA Co.
NOOP_ALREADY_METI,carvanacompany,Carvana Company,72,Carvana Company,PRIMARY,72,"[""Carvana Company""]",c632d657f9c13b1250d688394eb7c99956a994527cb56f4a77c86ed61ff1dbda:72:PRIMARY,,,OFAC;経産省,CARVANA COMPANY
READY_ADD,casicacademyofdefensetechnology,CASIC Academy of Defense Technology,511,China Aerospace Science and Industry Corporation Second Academy（中国航天科工集団第二研究院）,ALIAS:5,511,"[""CASIC Academy of Defense Technology""]",c632d657f9c13b1250d688394eb7c99956a994527cb56f4a77c86ed61ff1dbda:511:ALIAS:5,,,,
READY_ADD,casicsecondacademy,CASIC Second Academy,511,China Aerospace Science and Industry Corporation Second Academy（中国航天科工集団第二研究院）,ALIAS:3,511,"[""CASIC Second Academy""]",c632d657f9c13b1250d688394eb7c99956a994527cb56f4a77c86ed61ff1dbda:511:ALIAS:3,,,,
READY_ADD,"casinstituteofoptics,finemechanics,andphysics","CAS Institute of Optics, Fine Mechanics, and Physics",520,"Chinese Academy of Sciences Changchun Institute of Optics, Fine Mechanics, and Physics（中国科学院長春 光学精密機械与物理研究所）",ALIAS:2,520,"[""CAS Institute of Optics, Fine Mechanics, and Physics""]",c632d657f9c13b1250d688394eb7c99956a994527cb56f4a77c86ed61ff1dbda:520:ALIAS:2,,,,
NOOP_ALREADY_METI,"casprotechnologyco.,ltd","CASPRO TECHNOLOGY CO., LTD",578,SHENZHEN CASPRO TECHNOLOGY CO.， LTD,ALIAS:2,578,"[""CASPRO TECHNOLOGY CO., LTD""]",c632d657f9c13b1250d688394eb7c99956a994527cb56f4a77c86ed61ff1dbda:578:ALIAS:2,,,OFAC;経産省,"CASPRO TECHNOLOGY CO., LTD"
READY_TAG_EXISTING,casprotechnologyltd,CASPRO TECHNOLOGY LTD,578,SHENZHEN CASPRO TECHNOLOGY CO.， LTD,ALIAS:3,578,"[""CASPRO TECHNOLOGY LTD""]",c632d657f9c13b1250d688394eb7c99956a994527cb56f4a77c86ed61ff1dbda:578:ALIAS:3,,,OFAC,CASPRO TECHNOLOGY LTD
NOOP_ALREADY_METI,centerforadvancedsystemsresearch,Center for Advanced Systems Research,200,Pishro Systems Research Company,ALIAS:3,200,"[""Center for Advanced Systems Research""]",c632d657f9c13b1250d688394eb7c99956a994527cb56f4a77c86ed61ff1dbda:200:ALIAS:3,,,OFAC;経産省,CENTER FOR ADVANCED SYSTEMS RESEARCH
NOOP_ALREADY_METI,centerforinnovationandtechnologycooperation(citc),Center for Innovation and Technology Cooperation (CITC),73,Center for Innovation and Technology Cooperation (CITC),PRIMARY,73,"[""Center for Innovation and Technology Cooperation (CITC)""]",c632d657f9c13b1250d688394eb7c99956a994527cb56f4a77c86ed61ff1dbda:73:PRIMARY,,,経産省,Center for Innovation and Technology Cooperation (CITC)
NOOP_ALREADY_METI,centerforscientificstudiesandresearch(ssrc),Center for Scientific Studies and Research (SSRC),466,Scientific Studies and Research Center (SSRC),ALIAS:1,466,"[""Center for Scientific Studies and Research (SSRC)""]",c632d657f9c13b1250d688394eb7c99956a994527cb56f4a77c86ed61ff1dbda:466:ALIAS:1,,,経産省,Center for Scientific Studies and Research (SSRC)
NOOP_ALREADY_METI,centerforstudyandresearch(cers),Center for Study and Research (CERS),466,Scientific Studies and Research Center (SSRC),ALIAS:2,466,"[""Center for Study and Research (CERS)""]",c632d657f9c13b1250d688394eb7c99956a994527cb56f4a77c86ed61ff1dbda:466:ALIAS:2,,,経産省,Center for Study and Research (CERS)
NOOP_ALREADY_METI,centralbankofdprk,Central Bank of DPRK,306,Choson Central Bank (朝鮮中央銀行),ALIAS:1,306,"[""Central Bank of DPRK""]",c632d657f9c13b1250d688394eb7c99956a994527cb56f4a77c86ed61ff1dbda:306:ALIAS:1,,,経産省,Central Bank of DPRK
NOOP_ALREADY_METI,centralcommitteebureau39,Central Committee Bureau 39,403,Office 39,ALIAS:2,403,"[""Central Committee Bureau 39""]",c632d657f9c13b1250d688394eb7c99956a994527cb56f4a77c86ed61ff1dbda:403:ALIAS:2,,,OFAC;経産省;財務省,CENTRAL COMMITTEE BUREAU 39
READY_ADD,"centraldesignbureauforautomaticsengineering""jsc","""Central Design Bureau for Automatics Engineering"" JSC",743,"""Central Design Bureau for Automatics Engineering"" JSC",PRIMARY,743,"[""\""Central Design Bureau for Automatics Engineering\"" JSC""]",c632d657f9c13b1250d688394eb7c99956a994527cb56f4a77c86ed61ff1dbda:743:PRIMARY,,,,
NOOP_ALREADY_METI,"centraldesignbureauofautomation""tacticalmissilecorporation","Tactical Missile Corporation, “Central Design Bureau of Automation”",743,"""Central Design Bureau for Automatics Engineering"" JSC",ALIAS:4,743,"[""Tactical Missile Corporation, “Central Design Bureau of Automation”""]",c632d657f9c13b1250d688394eb7c99956a994527cb56f4a77c86ed61ff1dbda:743:ALIAS:4,,,経産省,"Tactical Missile Corporation, “Central Design Bureau of Automation”"
NOOP_ALREADY_METI,centred'etudeetderecherchescientifique(cers),Centre d'Etude et de Recherche Scientifique (CERS),466,Scientific Studies and Research Center (SSRC),ALIAS:4,466,"[""Centre d'Etude et de Recherche Scientifique (CERS)""]",c632d657f9c13b1250d688394eb7c99956a994527cb56f4a77c86ed61ff1dbda:466:ALIAS:4,,,経産省,Centre d'Etude et de Recherche Scientifique (CERS)
NOOP_ALREADY_METI,centred'etudesetderecherchesscientifiques(cers),Centre d'Etudes et de Recherches Scientifiques (CERS),466,Scientific Studies and Research Center (SSRC),ALIAS:5,466,"[""Centre d'Etudes et de Recherches Scientifiques (CERS)""]",c632d657f9c13b1250d688394eb7c99956a994527cb56f4a77c86ed61ff1dbda:466:ALIAS:5,,,経産省,Centre d'Etudes et de Recherches Scientifiques (CERS)
NOOP_ALREADY_METI,centred'étudesetderecherchessyrien(cers),Centre d'études et de recherches syrien (CERS),466,Scientific Studies and Research Center (SSRC),ALIAS:6,466,"[""Centre d'études et de recherches syrien (CERS)""]",c632d657f9c13b1250d688394eb7c99956a994527cb56f4a77c86ed61ff1dbda:466:ALIAS:6,,,経産省,Centre d'études et de recherches syrien (CERS)
NOOP_ALREADY_METI,centrederecherchedekaboun,Centre de Recherche de Kaboun,466,Scientific Studies and Research Center (SSRC),ALIAS:3,466,"[""Centre de Recherche de Kaboun""]",c632d657f9c13b1250d688394eb7c99956a994527cb56f4a77c86ed61ff1dbda:466:ALIAS:3,,,経産省,Centre de Recherche de Kaboun
NOOP_ALREADY_METI,"certifiedengineeringcenter,ltd.","Certified Engineering Center, Ltd.",745,Engineering Center Ltd.,ALIAS:1,745,"[""Certified Engineering Center, Ltd.""]",c632d657f9c13b1250d688394eb7c99956a994527cb56f4a77c86ed61ff1dbda:745:ALIAS:1,,,経産省,"Certified Engineering Center, Ltd."
NOOP_ALREADY_METI,cetc10thresearchinstitute,CETC 10th Research Institute,475,10th Research Institute of China Electronic Technology Group Corporation (CETC) (中国電子科技集団公司第十研究所),ALIAS:1,475,"[""CETC 10th Research Institute""]",c632d657f9c13b1250d688394eb7c99956a994527cb56f4a77c86ed61ff1dbda:475:ALIAS:1,,,経産省,CETC 10th Research Institute
NOOP_ALREADY_METI,cetc20thresearchinstitute,CETC 20th Research Institute,477,20th Research Institute of China Electronic Technology Group Corporation (CETC) (中国電子科技集団公司第二十研究所),ALIAS:1,477,"[""CETC 20th Research Institute""]",c632d657f9c13b1250d688394eb7c99956a994527cb56f4a77c86ed61ff1dbda:477:ALIAS:1,,,経産省,CETC 20th Research Institute
READY_ADD,cetc24,CETC 24,503,"CETC Chip Technology Co., Ltd （中电科芯片技术股份有限公司）",ALIAS:1,503,"[""CETC 24""]",c632d657f9c13b1250d688394eb7c99956a994527cb56f4a77c86ed61ff1dbda:503:ALIAS:1,,,,
READY_ADD,cetc26,CETC 26,503,"CETC Chip Technology Co., Ltd （中电科芯片技术股份有限公司）",ALIAS:2,503,"[""CETC 26""]",c632d657f9c13b1250d688394eb7c99956a994527cb56f4a77c86ed61ff1dbda:503:ALIAS:2,,,,
READY_ADD,cetc28,CETC 28,514,China Electronics Technology Group Corporation 28th Research Institute (CETC 28)（中国電子科技集団公司 第二十八研究所）,ALIAS:3,514,"[""CETC 28""]",c632d657f9c13b1250d688394eb7c99956a994527cb56f4a77c86ed61ff1dbda:514:ALIAS:3,,,,
READY_ADD,cetc44,CETC 44,503,"CETC Chip Technology Co., Ltd （中电科芯片技术股份有限公司）",ALIAS:3,503,"[""CETC 44""]",c632d657f9c13b1250d688394eb7c99956a994527cb56f4a77c86ed61ff1dbda:503:ALIAS:3,,,,
READY_ADD,"cetcchiptechnologyco.,ltd(中电科芯片技术股份有限公司)","CETC Chip Technology Co., Ltd （中电科芯片技术股份有限公司）",503,"CETC Chip Technology Co., Ltd （中电科芯片技术股份有限公司）",PRIMARY,503,"[""CETC Chip Technology Co., Ltd （中电科芯片技术股份有限公司）""]",c632d657f9c13b1250d688394eb7c99956a994527cb56f4a77c86ed61ff1dbda:503:PRIMARY,,,,
READY_ADD,"cetcchongqingsoundandoptoelectronicsco.,ltd.","CETC Chongqing Sound and Optoelectronics Co., Ltd.",503,"CETC Chip Technology Co., Ltd （中电科芯片技术股份有限公司）",ALIAS:4,503,"[""CETC Chongqing Sound and Optoelectronics Co., Ltd.""]",c632d657f9c13b1250d688394eb7c99956a994527cb56f4a77c86ed61ff1dbda:503:ALIAS:4,,,,
READY_ADD,cetcresearchinstitute14,CETC Research Institute 14,513,China Electronics Technology Group Corporation 14th Research Institute (CETC 14) （中国電子科技集団公司 第十四研究所）,ALIAS:7,513,"[""CETC Research Institute 14""]",c632d657f9c13b1250d688394eb7c99956a994527cb56f4a77c86ed61ff1dbda:513:ALIAS:7,,,,
NOOP_ALREADY_METI,ch'o'ngsongyo'nhap,Ch'o'ngsong Yo'nhap,318,Green Pine Associated Corporation （青松連合）,ALIAS:1,318,"[""Ch'o'ngsong Yo'nhap""]",c632d657f9c13b1250d688394eb7c99956a994527cb56f4a77c86ed61ff1dbda:318:ALIAS:1,,,OFAC;経産省,Ch'o'ngsong Yo'nhap
NOOP_ALREADY_METI,chaklaladefensescienceandtechnologyorganization,Chaklala Defense Science and Technology Organization,615,Defense Science and Technology Organization (DESTO),ALIAS:1,615,"[""Chaklala Defense Science and Technology Organization""]",c632d657f9c13b1250d688394eb7c99956a994527cb56f4a77c86ed61ff1dbda:615:ALIAS:1,,,経産省,Chaklala Defense Science and Technology Organization
READY_ADD,"changchuninstituteofoptics,finemechanics,andphysics,cas","Changchun Institute of Optics, Fine Mechanics, and Physics, CAS",520,"Chinese Academy of Sciences Changchun Institute of Optics, Fine Mechanics, and Physics（中国科学院長春 光学精密機械与物理研究所）",ALIAS:1,520,"[""Changchun Institute of Optics, Fine Mechanics, and Physics, CAS""]",c632d657f9c13b1250d688394eb7c99956a994527cb56f4a77c86ed61ff1dbda:520:ALIAS:1,,,,
READY_ADD,changfengelectromechanicaltechnologydesigninstitute,Changfeng Electromechanical Technology Design Institute,511,China Aerospace Science and Industry Corporation Second Academy（中国航天科工集団第二研究院）,ALIAS:7,511,"[""Changfeng Electromechanical Technology Design Institute""]",c632d657f9c13b1250d688394eb7c99956a994527cb56f4a77c86ed61ff1dbda:511:ALIAS:7,,,,
NOOP_ALREADY_METI,changgwangcreditbank,Changgwang Credit Bank,439,Tanchon Commercial Bank (端川商業銀行),ALIAS:1,439,"[""Changgwang Credit Bank""]",c632d657f9c13b1250d688394eb7c99956a994527cb56f4a77c86ed61ff1dbda:439:ALIAS:1,,,OFAC;経産省;財務省,CHANGGWANG CREDIT BANK
NOOP_ALREADY_METI,changgwangsinyongcorporation(蒼光信用会社),Changgwang Sinyong Corporation (蒼光信用会社),352,Korea Mining Development Trading Corporation (KOMID) (朝鮮鉱業開発貿易会社),ALIAS:1,352,"[""Changgwang Sinyong Corporation (蒼光信用会社)""]",c632d657f9c13b1250d688394eb7c99956a994527cb56f4a77c86ed61ff1dbda:352:ALIAS:1,,,経産省,Changgwang Sinyong Corporation (蒼光信用会社)
NOOP_ALREADY_METI,changgwangtradingcorp.,Changgwang Trading Corp.,352,Korea Mining Development Trading Corporation (KOMID) (朝鮮鉱業開発貿易会社),ALIAS:2,352,"[""Changgwang Trading Corp.""]",c632d657f9c13b1250d688394eb7c99956a994527cb56f4a77c86ed61ff1dbda:352:ALIAS:2,,,経産省,Changgwang Trading Corp.
NOOP_ALREADY_METI,chashmanuclearcomplex,Chashma Nuclear Complex,613,Chashma Nuclear Power Plant (CHASNUPP),ALIAS:2,613,"[""Chashma Nuclear Complex""]",c632d657f9c13b1250d688394eb7c99956a994527cb56f4a77c86ed61ff1dbda:613:ALIAS:2,,,経産省,Chashma Nuclear Complex
NOOP_ALREADY_METI,chashmanuclearpowerplant(chasnupp),Chashma Nuclear Power Plant (CHASNUPP),613,Chashma Nuclear Power Plant (CHASNUPP),PRIMARY,613,"[""Chashma Nuclear Power Plant (CHASNUPP)""]",c632d657f9c13b1250d688394eb7c99956a994527cb56f4a77c86ed61ff1dbda:613:PRIMARY,,,経産省,Chashma Nuclear Power Plant (CHASNUPP)
NOOP_ALREADY_METI,chasmanuclearpowerplant,Chasma Nuclear Power Plant,613,Chashma Nuclear Power Plant (CHASNUPP),ALIAS:1,613,"[""Chasma Nuclear Power Plant""]",c632d657f9c13b1250d688394eb7c99956a994527cb56f4a77c86ed61ff1dbda:613:ALIAS:1,,,経産省,Chasma Nuclear Power Plant
NOOP_ALREADY_METI,chayonkwahak-won,Chayon Kwahak-Won,425,Second Academy of Natural Sciences (第二自然科学院),ALIAS:3,425,"[""Chayon Kwahak-Won""]",c632d657f9c13b1250d688394eb7c99956a994527cb56f4a77c86ed61ff1dbda:425:ALIAS:3,,,OFAC;経産省;財務省,Chayon Kwahak-Won
NOOP_ALREADY_METI,che2chayonkwahak-won,Che 2 Chayon Kwahak-Won,425,Second Academy of Natural Sciences (第二自然科学院),ALIAS:4,425,"[""Che 2 Chayon Kwahak-Won""]",c632d657f9c13b1250d688394eb7c99956a994527cb56f4a77c86ed61ff1dbda:425:ALIAS:4,,,OFAC;経産省,Che 2 Chayon Kwahak-Won
NOOP_ALREADY_METI,chekadsanatfarazasia,Chekad Sanat Faraz Asia,257,Shakad Sanat Asmari,ALIAS:1,257,"[""Chekad Sanat Faraz Asia""]",c632d657f9c13b1250d688394eb7c99956a994527cb56f4a77c86ed61ff1dbda:257:ALIAS:1,,,OFAC;経産省,CHEKAD SANAT FARAZ ASIA
NOOP_ALREADY_METI,chemicalindustries&developmentofmaterialsgroup(cidmg),Chemical Industries & Development of Materials Group (CIDMG),74,Chemical Industries & Development of Materials Group (CIDMG),PRIMARY,74,"[""Chemical Industries & Development of Materials Group (CIDMG)""]",c632d657f9c13b1250d688394eb7c99956a994527cb56f4a77c86ed61ff1dbda:74:PRIMARY,,,経産省,Chemical Industries & Development of Materials Group (CIDMG)
READY_TAG_EXISTING,chengdujingxinmicrowavetechnologycoltd,CHENGDU JINGXIN MICROWAVE TECHNOLOGY CO LTD,505,Chengdu Jingxin Technology Co. Ltd （成都景昕科技有限公司）,ALIAS:1,505,"[""CHENGDU JINGXIN MICROWAVE TECHNOLOGY CO LTD""]",c632d657f9c13b1250d688394eb7c99956a994527cb56f4a77c86ed61ff1dbda:505:ALIAS:1,,,OFAC,CHENGDU JINGXIN MICROWAVE TECHNOLOGY CO LTD
READY_ADD,chengdujingxintechnologyco.ltd(成都景昕科技有限公司),Chengdu Jingxin Technology Co. Ltd （成都景昕科技有限公司）,505,Chengdu Jingxin Technology Co. Ltd （成都景昕科技有限公司）,PRIMARY,505,"[""Chengdu Jingxin Technology Co. Ltd （成都景昕科技有限公司）""]",c632d657f9c13b1250d688394eb7c99956a994527cb56f4a77c86ed61ff1dbda:505:PRIMARY,,,,
READY_TAG_EXISTING,chengdujingxinteckinc,CHENGDU JINGXIN TECK INC,505,Chengdu Jingxin Technology Co. Ltd （成都景昕科技有限公司）,ALIAS:2,505,"[""CHENGDU JINGXIN TECK INC""]",c632d657f9c13b1250d688394eb7c99956a994527cb56f4a77c86ed61ff1dbda:505:ALIAS:2,,,OFAC,CHENGDU JINGXIN TECK INC
NOOP_ALREADY_METI,chengdulatestelectronicstechnologycompany,Chengdu Latest Electronics Technology Company,506,Chengdu Latest Electronics Technology Company,PRIMARY,506,"[""Chengdu Latest Electronics Technology Company""]",c632d657f9c13b1250d688394eb7c99956a994527cb56f4a77c86ed61ff1dbda:506:PRIMARY,,,経産省,Chengdu Latest Electronics Technology Company
READY_ADD,"chengdurmltechnologyco.,ltd.(成都雷电微力科技股份有限公司)","Chengdu RML Technology Co., Ltd.（成都雷电微力科技 股份有限公司）",507,"Chengdu RML Technology Co., Ltd.（成都雷电微力科技 股份有限公司）",PRIMARY,507,"[""Chengdu RML Technology Co., Ltd.（成都雷电微力科技 股份有限公司）""]",c632d657f9c13b1250d688394eb7c99956a994527cb56f4a77c86ed61ff1dbda:507:PRIMARY,,,,
READY_ADD,"chengduthunderboltmicropowertechnologyco.,ltd.","Chengdu Thunderbolt Micro Power Technology Co., Ltd.",507,"Chengdu RML Technology Co., Ltd.（成都雷电微力科技 股份有限公司）",ALIAS:1,507,"[""Chengdu Thunderbolt Micro Power Technology Co., Ltd.""]",c632d657f9c13b1250d688394eb7c99956a994527cb56f4a77c86ed61ff1dbda:507:ALIAS:1,,,,
NOOP_ALREADY_METI,chimmed,Chimmed,744,chimmed group,ALIAS:1,744,"[""Chimmed""]",c632d657f9c13b1250d688394eb7c99956a994527cb56f4a77c86ed61ff1dbda:744:ALIAS:1,,,経産省,Chimmed
NOOP_ALREADY_METI,chimmedgroup,chimmed group,744,chimmed group,PRIMARY,744,"[""chimmed group""]",c632d657f9c13b1250d688394eb7c99956a994527cb56f4a77c86ed61ff1dbda:744:PRIMARY,,,OFAC;経産省,CHIMMED GROUP
NOOP_ALREADY_METI,chinaacademyofengineeringphysics(caep)'s902institute,China Academy of Engineering Physics (CAEP)'s 902 Institute,519,Chinese Academy of Engineering Physics （中国工程物理研究院）,ALIAS:13,519,"[""China Academy of Engineering Physics (CAEP)'s 902 Institute""]",c632d657f9c13b1250d688394eb7c99956a994527cb56f4a77c86ed61ff1dbda:519:ALIAS:13,,,経産省,China Academy of Engineering Physics (CAEP)'s 902 Institute
READY_ADD,chinaacademyoflaunchvehicletechnology(calt)(中国運載火箭技術研究院),China Academy of Launch Vehicle Technology (CALT) (中国運載火箭技術研究院),508,China Academy of Launch Vehicle Technology (CALT) (中国運載火箭技術研究院),PRIMARY,508,"[""China Academy of Launch Vehicle Technology (CALT) (中国運載火箭技術研究院)""]",c632d657f9c13b1250d688394eb7c99956a994527cb56f4a77c86ed61ff1dbda:508:PRIMARY,,,,
READY_ADD,chinaacademyofspacetechnology(cast)(中国空間技術研究院),China Academy of Space Technology (CAST) (中国空間技術研究院),509,China Academy of Space Technology (CAST) (中国空間技術研究院),PRIMARY,509,"[""China Academy of Space Technology (CAST) (中国空間技術研究院)""]",c632d657f9c13b1250d688394eb7c99956a994527cb56f4a77c86ed61ff1dbda:509:PRIMARY,,,,
READY_ADD,chinaaerodynamicsresearchanddevelopmentcenter(cardc)(中国空気動力研究与発展中心),China Aerodynamics Research and Development Center (CARDC) (中国空気動力研究与発展中心),510,China Aerodynamics Research and Development Center (CARDC) (中国空気動力研究与発展中心),PRIMARY,510,"[""China Aerodynamics Research and Development Center (CARDC) (中国空気動力研究与発展中心)""]",c632d657f9c13b1250d688394eb7c99956a994527cb56f4a77c86ed61ff1dbda:510:PRIMARY,,,,
READY_ADD,"chinaaerospacescienceandindustrycorporation(casic)3rdacademy,31researchinstitute","China Aerospace Science and Industry Corporation (CASIC) 3rd Academy, 31 Research Institute",499,Beijing Power Machinery Institute (北京動力機械研究所),ALIAS:6,499,"[""China Aerospace Science and Industry Corporation (CASIC) 3rd Academy, 31 Research Institute""]",c632d657f9c13b1250d688394eb7c99956a994527cb56f4a77c86ed61ff1dbda:499:ALIAS:6,,,,
READY_ADD,chinaaerospacescienceandindustrycorporation(casic)secondacademy23rdresearchinstitute中国航天科学技術工業集団有限公司第二研究院第二十三研究所,China Aerospace Science and Industry Corporation(CASIC) Second Academy 23rd Research Institute 中国航天科学技術工業集団有限公司第二研究院第二十 三研究所,478,23rd Research Institute,ALIAS:3,478,"[""China Aerospace Science and Industry Corporation(CASIC) Second Academy 23rd Research Institute 中国航天科学技術工業集団有限公司第二研究院第二十 三研究所""]",c632d657f9c13b1250d688394eb7c99956a994527cb56f4a77c86ed61ff1dbda:478:ALIAS:3,124文字と異常に長い。複数名が1セルに連結された疑い,SOURCE_VERIFIED_LONG_ALIAS,,
READY_ADD,chinaaerospacescienceandindustrycorporationsecondacademy(中国航天科工集団第二研究院),China Aerospace Science and Industry Corporation Second Academy（中国航天科工集団第二研究院）,511,China Aerospace Science and Industry Corporation Second Academy（中国航天科工集団第二研究院）,PRIMARY,511,"[""China Aerospace Science and Industry Corporation Second Academy（中国航天科工集団第二研究院）""]",c632d657f9c13b1250d688394eb7c99956a994527cb56f4a77c86ed61ff1dbda:511:PRIMARY,,,,
READY_ADD,chinaaerospacescienceandtechnologycorporation(casc)9thacademy771researchinstitute(中国航天科技集団有限公司第九研究院第771研究所),China Aerospace Science and Technology Corporation (CASC) 9th Academy 771 Research Institute （中国航天科技集団有限公司第九研究院第771研究 所）,512,China Aerospace Science and Technology Corporation (CASC) 9th Academy 771 Research Institute （中国航天科技集団有限公司第九研究院第771研究 所）,PRIMARY,512,"[""China Aerospace Science and Technology Corporation (CASC) 9th Academy 771 Research Institute （中国航天科技集団有限公司第九研究院第771研究 所）""]",c632d657f9c13b1250d688394eb7c99956a994527cb56f4a77c86ed61ff1dbda:512:PRIMARY,,,,
NOOP_ALREADY_METI,chinaaerospacescienceandtechnologycorporation(casc)ninthacademy771institute,China Aerospace Science and Technology Corporation （CASC）Ninth Academy 771 Institute,512,China Aerospace Science and Technology Corporation (CASC) 9th Academy 771 Research Institute （中国航天科技集団有限公司第九研究院第771研究 所）,ALIAS:2,512,"[""China Aerospace Science and Technology Corporation （CASC）Ninth Academy 771 Institute""]",c632d657f9c13b1250d688394eb7c99956a994527cb56f4a77c86ed61ff1dbda:512:ALIAS:2,,,経産省,China Aerospace Science and Technology Corporation （CASC）Ninth Academy 771 Institute
NOOP_ALREADY_METI,chinaaerospacescienceandtechnologycorporationfirstacademy12thresearchinstitute(中国航天科技集団公司第一研究院第十二研究所),China Aerospace Science and Technology Corporation First Academy 12th Research Institute (中国航天科技集団公司第一研究院第十二研究所),488,Beijing Aerospace Automatic Control Institute (BICD) (北京航天自動控制研究所),ALIAS:4,488,"[""China Aerospace Science and Technology Corporation First Academy 12th Research Institute (中国航天科技集団公司第一研究院第十二研究所)""]",c632d657f9c13b1250d688394eb7c99956a994527cb56f4a77c86ed61ff1dbda:488:ALIAS:4,,,経産省,China Aerospace Science and Technology Corporation First Academy 12th Research Institute (中国航天科技集団公司第一研究院第十二研究所)
NOOP_ALREADY_METI,chinacarrierrockettechnologyresearchinstitute,China Carrier Rocket Technology Research Institute,508,China Academy of Launch Vehicle Technology (CALT) (中国運載火箭技術研究院),ALIAS:1,508,"[""China Carrier Rocket Technology Research Institute""]",c632d657f9c13b1250d688394eb7c99956a994527cb56f4a77c86ed61ff1dbda:508:ALIAS:1,,,経産省,China Carrier Rocket Technology Research Institute
READY_ADD,chinachangfengmechanicsandelectronicstechnologyacademy,China Chang Feng Mechanics and Electronics Technology Academy,511,China Aerospace Science and Industry Corporation Second Academy（中国航天科工集団第二研究院）,ALIAS:8,511,"[""China Changfeng Mechanics and Electronics Technology Academy"",""China Chang Feng Mechanics and Electronics Technology Academy""]",c632d657f9c13b1250d688394eb7c99956a994527cb56f4a77c86ed61ff1dbda:511:ALIAS:1;c632d657f9c13b1250d688394eb7c99956a994527cb56f4a77c86ed61ff1dbda:511:ALIAS:8,,,,
READY_ADD,chinachangfengmechano-electronicengineeringacademy,China Chang Feng Mechano-Electronic Engineering Academy,511,China Aerospace Science and Industry Corporation Second Academy（中国航天科工集団第二研究院）,ALIAS:2,511,"[""China Chang Feng Mechano-Electronic Engineering Academy""]",c632d657f9c13b1250d688394eb7c99956a994527cb56f4a77c86ed61ff1dbda:511:ALIAS:2,,,,
READY_ADD,chinachangfengmechano-electronicengineeringcompany,China Chang Feng Mechano-Electronic Engineering Company,511,China Aerospace Science and Industry Corporation Second Academy（中国航天科工集団第二研究院）,ALIAS:4,511,"[""China Chang Feng Mechano-Electronic Engineering Company""]",c632d657f9c13b1250d688394eb7c99956a994527cb56f4a77c86ed61ff1dbda:511:ALIAS:4,,,,
READY_TAG_EXISTING,chinachloratetechcolimited,CHINA CHLORATE TECH CO LIMITED,709,CHINA CHLORATE TECH CO LIMITED,PRIMARY,709,"[""CHINA CHLORATE TECH CO LIMITED""]",c632d657f9c13b1250d688394eb7c99956a994527cb56f4a77c86ed61ff1dbda:709:PRIMARY,,,OFAC,CHINA CHLORATE TECH CO LIMITED
READY_ADD,chinaelectronicstechnologygroupcorporation(cetc)54thresearchinstitute(中国電子科技集団公司第五十四研究所),China Electronics Technology Group Corporation (CETC) 54th Research Institute (中国電子科技集団公司第五十四研究所),515,China Electronics Technology Group Corporation (CETC) 54th Research Institute (中国電子科技集団公司第五十四研究所),PRIMARY,515,"[""China Electronics Technology Group Corporation (CETC) 54th Research Institute (中国電子科技集団公司第五十四研究所)""]",c632d657f9c13b1250d688394eb7c99956a994527cb56f4a77c86ed61ff1dbda:515:PRIMARY,,,,
READY_ADD,chinaelectronicstechnologygroupcorporation14thresearchinstitute(cetc14)(中国電子科技集団公司第十四研究所),China Electronics Technology Group Corporation 14th Research Institute (CETC 14) （中国電子科技集団公司 第十四研究所）,513,China Electronics Technology Group Corporation 14th Research Institute (CETC 14) （中国電子科技集団公司 第十四研究所）,PRIMARY,513,"[""China Electronics Technology Group Corporation 14th Research Institute (CETC 14) （中国電子科技集団公司 第十四研究所）""]",c632d657f9c13b1250d688394eb7c99956a994527cb56f4a77c86ed61ff1dbda:513:PRIMARY,,,,
READY_ADD,chinaelectronicstechnologygroupcorporation28thresearchinstitute(cetc28)(中国電子科技集団公司第二十八研究所),China Electronics Technology Group Corporation 28th Research Institute (CETC 28)（中国電子科技集団公司 第二十八研究所）,514,China Electronics Technology Group Corporation 28th Research Institute (CETC 28)（中国電子科技集団公司 第二十八研究所）,PRIMARY,514,"[""China Electronics Technology Group Corporation 28th Research Institute (CETC 28)（中国電子科技集団公司 第二十八研究所）""]",c632d657f9c13b1250d688394eb7c99956a994527cb56f4a77c86ed61ff1dbda:514:PRIMARY,,,,
READY_ADD,chinaelectronicstechnologygroupcorporationno.28institute,China Electronics Technology Group Corporation No. 28 Institute,514,China Electronics Technology Group Corporation 28th Research Institute (CETC 28)（中国電子科技集団公司 第二十八研究所）,ALIAS:2,514,"[""China Electronics Technology Group Corporation No. 28 Institute""]",c632d657f9c13b1250d688394eb7c99956a994527cb56f4a77c86ed61ff1dbda:514:ALIAS:2,,,,
READY_ADD,chinageneralnuclearpowercorporation(cgnpc)(中国広核集団),China General Nuclear Power Corporation (CGNPC) （中国広核集団）,516,China General Nuclear Power Corporation (CGNPC) （中国広核集団）,PRIMARY,516,"[""China General Nuclear Power Corporation (CGNPC) （中国広核集団）""]",c632d657f9c13b1250d688394eb7c99956a994527cb56f4a77c86ed61ff1dbda:516:PRIMARY,,,,
NOOP_ALREADY_METI,chinageneralnuclearpowergroup,China General Nuclear Power Group,516,China General Nuclear Power Corporation (CGNPC) （中国広核集団）,ALIAS:2,516,"[""China General Nuclear Power Group""]",c632d657f9c13b1250d688394eb7c99956a994527cb56f4a77c86ed61ff1dbda:516:ALIAS:2,,,経産省,China General Nuclear Power Group
NOOP_ALREADY_METI,chinaguangdongnuclearpowercorporation,China Guangdong Nuclear Power Corporation,516,China General Nuclear Power Corporation (CGNPC) （中国広核集団）,ALIAS:1,516,"[""China Guangdong Nuclear Power Corporation""]",c632d657f9c13b1250d688394eb7c99956a994527cb56f4a77c86ed61ff1dbda:516:ALIAS:1,,,経産省,China Guangdong Nuclear Power Corporation
NOOP_ALREADY_METI,chinahaiyingelectromechanicaltechnologyacademy,China Haiying Electromechanical Technology Academy,499,Beijing Power Machinery Institute (北京動力機械研究所),ALIAS:4,499,"[""China Haiying Electromechanical Technology Academy""]",c632d657f9c13b1250d688394eb7c99956a994527cb56f4a77c86ed61ff1dbda:499:ALIAS:4,,,経産省,China Haiying Electromechanical Technology Academy
NOOP_ALREADY_METI,chinahaiyingelectromechanicaltechnologyacademybeijinginstituteofautomaticcontrolequipment,"Beijing Institute of Automatic Control Equipment, China Haiying Electromechanical Technology Academy",490,Beijing Automation Control Equipment Institute (BACEI) (北京自動化控制設備研究所),ALIAS:2,490,"[""Beijing Institute of Automatic Control Equipment, China Haiying Electromechanical Technology Academy""]",c632d657f9c13b1250d688394eb7c99956a994527cb56f4a77c86ed61ff1dbda:490:ALIAS:2,,,経産省,"Beijing Institute of Automatic Control Equipment, China Haiying Electromechanical Technology Academy"
NOOP_ALREADY_METI,chinahaiyingscience&technologycorporation,China Haiying Science & Technology Corporation,499,Beijing Power Machinery Institute (北京動力機械研究所),ALIAS:5,499,"[""China Haiying Science & Technology Corporation""]",c632d657f9c13b1250d688394eb7c99956a994527cb56f4a77c86ed61ff1dbda:499:ALIAS:5,,,経産省,China Haiying Science & Technology Corporation
NOOP_ALREADY_METI,chinanationalprecisionmachineryi/ecorp.,China National Precision Machinery I/E Corp.,517,China National Precision Machinery Import and Export Corporation (CPMIEC) (中国精密機械進出口有限公司),ALIAS:1,517,"[""China National Precision Machinery I/E Corp.""]",c632d657f9c13b1250d688394eb7c99956a994527cb56f4a77c86ed61ff1dbda:517:ALIAS:1,,,OFAC;経産省,China National Precision Machinery I/E Corp.
READY_ADD,chinanationalprecisionmachineryimportandexportcorporation(cpmiec)(中国精密機械進出口有限公司),China National Precision Machinery Import and Export Corporation (CPMIEC) (中国精密機械進出口有限公司),517,China National Precision Machinery Import and Export Corporation (CPMIEC) (中国精密機械進出口有限公司),PRIMARY,517,"[""China National Precision Machinery Import and Export Corporation (CPMIEC) (中国精密機械進出口有限公司)""]",c632d657f9c13b1250d688394eb7c99956a994527cb56f4a77c86ed61ff1dbda:517:PRIMARY,,,,
NOOP_ALREADY_METI,chinanorthindustriescorporation(norinco)(中国北方工業公司),China North Industries Corporation (NORINCO) (中国北方工業公司),518,China North Industries Group Corporation Limited (中国兵器工業集団有限公司),ALIAS:1,518,"[""China North Industries Corporation (NORINCO) (中国北方工業公司)""]",c632d657f9c13b1250d688394eb7c99956a994527cb56f4a77c86ed61ff1dbda:518:ALIAS:1,,,経産省,China North Industries Corporation (NORINCO) (中国北方工業公司)
READY_ADD,chinanorthindustriesgroupcorporationlimited(中国兵器工業集団有限公司),China North Industries Group Corporation Limited (中国兵器工業集団有限公司),518,China North Industries Group Corporation Limited (中国兵器工業集団有限公司),PRIMARY,518,"[""China North Industries Group Corporation Limited (中国兵器工業集団有限公司)""]",c632d657f9c13b1250d688394eb7c99956a994527cb56f4a77c86ed61ff1dbda:518:PRIMARY,,,,
NOOP_ALREADY_METI,chinanuclearbaotouguanghuachemicalindustrycompany,China Nuclear Baotou Guanghua Chemical Industry Company,486,Baotou Guanghua Chemical Industrial Corporation,ALIAS:4,486,"[""China Nuclear Baotou Guanghua Chemical Industry Company""]",c632d657f9c13b1250d688394eb7c99956a994527cb56f4a77c86ed61ff1dbda:486:ALIAS:4,,,経産省,China Nuclear Baotou Guanghua Chemical Industry Company
NOOP_ALREADY_METI,chinanuclearpowerresearchinstitute,China Nuclear Power Research Institute,560,Nuclear Power Institute of China (NPIC) （中国核動力研究設計院）,ALIAS:1,560,"[""China Nuclear Power Research Institute""]",c632d657f9c13b1250d688394eb7c99956a994527cb56f4a77c86ed61ff1dbda:560:ALIAS:1,,,経産省,China Nuclear Power Research Institute
NOOP_ALREADY_METI,chinaprecisionmachineryimport/exportcorporation,China Precision Machinery Import/Export Corporation,517,China National Precision Machinery Import and Export Corporation (CPMIEC) (中国精密機械進出口有限公司),ALIAS:2,517,"[""China Precision Machinery Import/Export Corporation""]",c632d657f9c13b1250d688394eb7c99956a994527cb56f4a77c86ed61ff1dbda:517:ALIAS:2,,,OFAC;経産省,China Precision Machinery Import/Export Corporation
READY_ADD,chineseacademyofengineeringphysics(中国工程物理研究院),Chinese Academy of Engineering Physics （中国工程物理研究院）,519,Chinese Academy of Engineering Physics （中国工程物理研究院）,PRIMARY,519,"[""Chinese Academy of Engineering Physics （中国工程物理研究院）""]",c632d657f9c13b1250d688394eb7c99956a994527cb56f4a77c86ed61ff1dbda:519:PRIMARY,,,,
READY_ADD,"chineseacademyofscienceschangchuninstituteofoptics,finemechanics,andphysics(中国科学院長春光学精密機械与物理研究所)","Chinese Academy of Sciences Changchun Institute of Optics, Fine Mechanics, and Physics（中国科学院長春 光学精密機械与物理研究所）",520,"Chinese Academy of Sciences Changchun Institute of Optics, Fine Mechanics, and Physics（中国科学院長春 光学精密機械与物理研究所）",PRIMARY,520,"[""Chinese Academy of Sciences Changchun Institute of Optics, Fine Mechanics, and Physics（中国科学院長春 光学精密機械与物理研究所）""]",c632d657f9c13b1250d688394eb7c99956a994527cb56f4a77c86ed61ff1dbda:520:PRIMARY,,,,
NOOP_ALREADY_METI,cho'ngsongunitedtradingcompany,Cho'ngsong United Trading Company,318,Green Pine Associated Corporation （青松連合）,ALIAS:2,318,"[""Cho'ngsong United Trading Company""]",c632d657f9c13b1250d688394eb7c99956a994527cb56f4a77c86ed61ff1dbda:318:ALIAS:2,,,OFAC;経産省;財務省,Cho'ngsong United Trading Company
READY_TAG_EXISTING,chongbongshippingcoltd,Chongbong Shipping Co Ltd,304,Chongbong Shipping Co Ltd,PRIMARY,304,"[""Chongbong Shipping Co Ltd""]",c632d657f9c13b1250d688394eb7c99956a994527cb56f4a77c86ed61ff1dbda:304:PRIMARY,,,OFAC,CHONGBONG SHIPPING CO LTD
NOOP_ALREADY_METI,chongch'alch'ongguk,Chongch'al Ch'ongguk,421,Reconnaissance General Bureau (RGB) (偵察総局),ALIAS:1,421,"[""Chongch'al Ch'ongguk""]",c632d657f9c13b1250d688394eb7c99956a994527cb56f4a77c86ed61ff1dbda:421:ALIAS:1,,,OFAC;経産省;財務省,Chongch'al Ch'ongguk
NOOP_ALREADY_METI,chongchongangshippingco.ltd.,Chong Chon Gang Shipping Co. Ltd.,305,Chongchongang Shipping Company (清川江号),ALIAS:1,305,"[""Chong Chon Gang Shipping Co. Ltd.""]",c632d657f9c13b1250d688394eb7c99956a994527cb56f4a77c86ed61ff1dbda:305:ALIAS:1,,,経産省;財務省,Chong Chon Gang Shipping Co. Ltd.
NOOP_ALREADY_METI,chongchongangshippingcoltd.,Chongchongang Shipping Co Ltd.,305,Chongchongang Shipping Company (清川江号),ALIAS:2,305,"[""Chongchongang Shipping Co Ltd.""]",c632d657f9c13b1250d688394eb7c99956a994527cb56f4a77c86ed61ff1dbda:305:ALIAS:2,,,経産省,Chongchongang Shipping CO Ltd.
READY_ADD,chongchongangshippingcompany(清川江号),Chongchongang Shipping Company (清川江号),305,Chongchongang Shipping Company (清川江号),PRIMARY,305,"[""Chongchongang Shipping Company (清川江号)""]",c632d657f9c13b1250d688394eb7c99956a994527cb56f4a77c86ed61ff1dbda:305:PRIMARY,,,,
READY_ADD,chongqingoptoelectronicstechnologyresearchinstitute,Chongqing Optoelectronics Technology Research Institute,503,"CETC Chip Technology Co., Ltd （中电科芯片技术股份有限公司）",ALIAS:5,503,"[""Chongqing Optoelectronics Technology Research Institute""]",c632d657f9c13b1250d688394eb7c99956a994527cb56f4a77c86ed61ff1dbda:503:ALIAS:5,,,,
NOOP_ALREADY_METI,chongsongyonhap,Chongsong Yonhap,318,Green Pine Associated Corporation （青松連合）,ALIAS:3,318,"[""Chongsong Yonhap""]",c632d657f9c13b1250d688394eb7c99956a994527cb56f4a77c86ed61ff1dbda:318:ALIAS:3,,,OFAC;経産省;財務省,CHONGSONG YONHAP
NOOP_ALREADY_METI,"chongunsan-5co.,ltd.","Chongunsan-5 Co., Ltd.",303,"Chong Unsan-5 Co., Ltd. (青雲山5会社)",ALIAS:1,303,"[""Chongunsan-5 Co., Ltd.""]",c632d657f9c13b1250d688394eb7c99956a994527cb56f4a77c86ed61ff1dbda:303:ALIAS:1,,,経産省,"Chong Unsan-5 Co., Ltd."
READY_ADD,"chongunsan-5co.,ltd.(青雲山5会社)","Chong Unsan-5 Co., Ltd. (青雲山5会社)",303,"Chong Unsan-5 Co., Ltd. (青雲山5会社)",PRIMARY,303,"[""Chong Unsan-5 Co., Ltd. (青雲山5会社)""]",c632d657f9c13b1250d688394eb7c99956a994527cb56f4a77c86ed61ff1dbda:303:PRIMARY,,,,
READY_ADD,"chongyihengyiceramiccompositesco.,ltd.(崇義恒毅陶瓷複合材料有限公司)","Chongyi Hengyi Ceramic Composites Co., Ltd. （崇義恒毅陶瓷複合材料有限公司）",521,"Chongyi Hengyi Ceramic Composites Co., Ltd. （崇義恒毅陶瓷複合材料有限公司）",PRIMARY,521,"[""Chongyi Hengyi Ceramic Composites Co., Ltd. （崇義恒毅陶瓷複合材料有限公司）""]",c632d657f9c13b1250d688394eb7c99956a994527cb56f4a77c86ed61ff1dbda:521:PRIMARY,,,,
READY_ADD,chosoncentralbank(朝鮮中央銀行),Choson Central Bank (朝鮮中央銀行),306,Choson Central Bank (朝鮮中央銀行),PRIMARY,306,"[""Choson Central Bank (朝鮮中央銀行)""]",c632d657f9c13b1250d688394eb7c99956a994527cb56f4a77c86ed61ff1dbda:306:PRIMARY,,,,
NOOP_ALREADY_METI,chosoncomputercenter,Choson Computer Center,333,Korea Computer Center,ALIAS:1,333,"[""Choson Computer Center""]",c632d657f9c13b1250d688394eb7c99956a994527cb56f4a77c86ed61ff1dbda:333:ALIAS:1,,,OFAC;経産省;財務省,CHOSON COMPUTER CENTER
NOOP_ALREADY_METI,chosoninternationalchemicalsjointoperationcompany,Choson International Chemicals Joint Operation Company,343,Korea International Chemical Joint Venture Company (朝鮮国際化学合営会社),ALIAS:1,343,"[""Choson International Chemicals Joint Operation Company""]",c632d657f9c13b1250d688394eb7c99956a994527cb56f4a77c86ed61ff1dbda:343:ALIAS:1,,,OFAC;経産省;財務省,CHOSON INTERNATIONAL CHEMICALS JOINT OPERATION COMPANY
NOOP_ALREADY_METI,chosontaesongunhaeng,Choson Taesong Unhaeng,334,Korea Daesong Bank,ALIAS:1,334,"[""Choson Taesong Unhaeng""]",c632d657f9c13b1250d688394eb7c99956a994527cb56f4a77c86ed61ff1dbda:334:ALIAS:1,,,OFAC;経産省;財務省,CHOSON TAESONG UNHAENG
NOOP_ALREADY_METI,chosunchawo'nkaebalt'ujahoesa,Chosun Chawo'n Kaebal T'uja Hoesa,318,Green Pine Associated Corporation （青松連合）,ALIAS:4,318,"[""Chosun Chawo'n Kaebal T'uja Hoesa""]",c632d657f9c13b1250d688394eb7c99956a994527cb56f4a77c86ed61ff1dbda:318:ALIAS:4,,,OFAC;経産省;財務省,Chosun Chawo'n Kaebal T'uja Hoesa
NOOP_ALREADY_METI,chosuninternationalchemicalsjointoperationcompany,Chosun International Chemicals Joint Operation Company,343,Korea International Chemical Joint Venture Company (朝鮮国際化学合営会社),ALIAS:2,343,"[""Chosun International Chemicals Joint Operation Company""]",c632d657f9c13b1250d688394eb7c99956a994527cb56f4a77c86ed61ff1dbda:343:ALIAS:2,,,OFAC;経産省;財務省,CHOSUN INTERNATIONAL CHEMICALS JOINT OPERATION COMPANY
NOOP_ALREADY_METI,chosunyunhamachineryj.v.corporation,Chosun Yunha Machinery J.V. Corporation,369,Korea Ryonha Machinery Joint Venture Corporation (朝鮮蓮河機械合営会社),ALIAS:1,369,"[""Chosun Yunha Machinery J.V. Corporation""]",c632d657f9c13b1250d688394eb7c99956a994527cb56f4a77c86ed61ff1dbda:369:ALIAS:1,,,経産省,Chosun Yunha Machinery J.V. Corporation
NOOP_ALREADY_METI,chosunyunhamachineryjointoperationcompany,Chosun Yunha Machinery Joint Operation Company,369,Korea Ryonha Machinery Joint Venture Corporation (朝鮮蓮河機械合営会社),ALIAS:2,369,"[""Chosun Yunha Machinery Joint Operation Company""]",c632d657f9c13b1250d688394eb7c99956a994527cb56f4a77c86ed61ff1dbda:369:ALIAS:2,,,OFAC;経産省;財務省,CHOSUN YUNHA MACHINERY JOINT OPERATION COMPANY
NOOP_ALREADY_METI,chungsuncomputercenter,Chung Sun Computer Center,333,Korea Computer Center,ALIAS:2,333,"[""Chung Sun Computer Center""]",c632d657f9c13b1250d688394eb7c99956a994527cb56f4a77c86ed61ff1dbda:333:ALIAS:2,,,OFAC;経産省;財務省,CHUNG SUN COMPUTER CENTER
READY_ADD,ciomp,CIOMP,520,"Chinese Academy of Sciences Changchun Institute of Optics, Fine Mechanics, and Physics（中国科学院長春 光学精密機械与物理研究所）",ALIAS:3,520,"[""CIOMP""]",c632d657f9c13b1250d688394eb7c99956a994527cb56f4a77c86ed61ff1dbda:520:ALIAS:3,,,,
READY_TAG_EXISTING,cloudelementcompanylimited,CLOUD ELEMENT COMPANY LIMITED,710,CLOUD ELEMENT COMPANY LIMITED,PRIMARY,710,"[""CLOUD ELEMENT COMPANY LIMITED""]",c632d657f9c13b1250d688394eb7c99956a994527cb56f4a77c86ed61ff1dbda:710:PRIMARY,,,OFAC,CLOUD ELEMENT COMPANY LIMITED
NOOP_ALREADY_METI,committeeforspacetechnology,Committee for Space Technology,384,Korean Committee for Space Technology (朝鮮宇宙空間技術委員会),ALIAS:1,384,"[""Committee for Space Technology""]",c632d657f9c13b1250d688394eb7c99956a994527cb56f4a77c86ed61ff1dbda:384:ALIAS:1,,,OFAC;経産省;財務省,COMMITTEE FOR SPACE TECHNOLOGY
NOOP_ALREADY_METI,communicationindustrytechnologists,COMMUNICATION INDUSTRY TECHNOLOGISTS,96,FANAVARAN SANAT ERTEBATAT COMPANY,ALIAS:2,96,"[""COMMUNICATION INDUSTRY TECHNOLOGISTS""]",c632d657f9c13b1250d688394eb7c99956a994527cb56f4a77c86ed61ff1dbda:96:ALIAS:2,,,OFAC;経産省,Communication Industry Technologists
NOOP_ALREADY_METI,compositeinstituteofiran,Composite Institute of Iran,125,Iran Composites Institute,ALIAS:1,125,"[""Composite Institute of Iran""]",c632d657f9c13b1250d688394eb7c99956a994527cb56f4a77c86ed61ff1dbda:125:ALIAS:1,,,経産省,Composite Institute of Iran
READY_TAG_EXISTING,concernavrorascientificproductionassociation,Concern Avrora Scientific Production Association,757,Joint Stock Company Concern Avrora Scientific and Production Association,ALIAS:5,757,"[""Concern Avrora Scientific Production Association""]",c632d657f9c13b1250d688394eb7c99956a994527cb56f4a77c86ed61ff1dbda:757:ALIAS:5,,,外務省,Concern Avrora Scientific Production Association
READY_TAG_EXISTING,concernkalashnikov,Concern Kalashnikov,780,Kalashnikov Concern,ALIAS:1,780,"[""Concern Kalashnikov""]",c632d657f9c13b1250d688394eb7c99956a994527cb56f4a77c86ed61ff1dbda:780:ALIAS:1,,,OFAC;外務省,Concern Kalashnikov
READY_TAG_EXISTING,concernresearchandproductionassociationavrora,Concern Research and Production Association Avrora,757,Joint Stock Company Concern Avrora Scientific and Production Association,ALIAS:6,757,"[""Concern Research and Production Association Avrora""]",c632d657f9c13b1250d688394eb7c99956a994527cb56f4a77c86ed61ff1dbda:757:ALIAS:6,,,外務省,Concern Research and Production Association Avrora
READY_ADD,"constructiondepartment,samsupowerplant,ryanggangdo(両江道三水発電所建設部)","Construction Department, Samsu Power Plant, Ryanggangdo (両江道三水発電所建設部)",307,"Construction Department, Samsu Power Plant, Ryanggangdo (両江道三水発電所建設部)",PRIMARY,307,"[""Construction Department, Samsu Power Plant, Ryanggangdo (両江道三水発電所建設部)""]",c632d657f9c13b1250d688394eb7c99956a994527cb56f4a77c86ed61ff1dbda:307:PRIMARY,,,,
READY_ADD,cosailingbusinesstradingcompanylimited(青島航帆貿易有限公司),Cosailing Business Trading Company Limited （青島航帆貿易有限公司）,522,Cosailing Business Trading Company Limited （青島航帆貿易有限公司）,PRIMARY,522,"[""Cosailing Business Trading Company Limited （青島航帆貿易有限公司）""]",c632d657f9c13b1250d688394eb7c99956a994527cb56f4a77c86ed61ff1dbda:522:PRIMARY,,,,
READY_TAG_EXISTING,cras,CRAS,200,Pishro Systems Research Company,ALIAS:4,200,"[""CRAS""]",c632d657f9c13b1250d688394eb7c99956a994527cb56f4a77c86ed61ff1dbda:200:ALIAS:4,,,OFAC,CRAS
NOOP_ALREADY_METI,creativedynamics,Creative Dynamics,614,Creative Dynamics Engineering,ALIAS:1,614,"[""Creative Dynamics""]",c632d657f9c13b1250d688394eb7c99956a994527cb56f4a77c86ed61ff1dbda:614:ALIAS:1,,,経産省,Creative Dynamics
NOOP_ALREADY_METI,creativedynamicsengineering,Creative Dynamics Engineering,614,Creative Dynamics Engineering,PRIMARY,614,"[""Creative Dynamics Engineering""]",c632d657f9c13b1250d688394eb7c99956a994527cb56f4a77c86ed61ff1dbda:614:PRIMARY,,,経産省,Creative Dynamics Engineering
NOOP_ALREADY_METI,cruisemissileindustrygroup,Cruise Missile Industry Group,75,Cruise Missile Industry Group,PRIMARY,75,"[""Cruise Missile Industry Group""]",c632d657f9c13b1250d688394eb7c99956a994527cb56f4a77c86ed61ff1dbda:75:PRIMARY,,,OFAC;経産省;財務省,CRUISE MISSILE INDUSTRY GROUP
NOOP_ALREADY_METI,cruisesystemsindustrygroup,Cruise Systems Industry Group,75,Cruise Missile Industry Group,ALIAS:2,75,"[""Cruise Systems Industry Group""]",c632d657f9c13b1250d688394eb7c99956a994527cb56f4a77c86ed61ff1dbda:75:ALIAS:2,,,OFAC;経産省,CRUISE SYSTEMS INDUSTRY GROUP
NOOP_ALREADY_METI,d.e.s.international,D.E.S. INTERNATIONAL,6,"DES INTERNATIONAL CO., LTD.",ALIAS:1,6,"[""D.E.S. INTERNATIONAL""]",c632d657f9c13b1250d688394eb7c99956a994527cb56f4a77c86ed61ff1dbda:6:ALIAS:1,,,OFAC;経産省,D.E.S. INTERNATIONAL
NOOP_ALREADY_METI,d.e.s.internationalco.ltd,D.E.S. INTERNATIONAL CO. LTD,6,"DES INTERNATIONAL CO., LTD.",ALIAS:2,6,"[""D.E.S. INTERNATIONAL CO. LTD""]",c632d657f9c13b1250d688394eb7c99956a994527cb56f4a77c86ed61ff1dbda:6:ALIAS:2,,,経産省,D.E.S. INTERNATIONAL CO. LTD
NOOP_ALREADY_METI,dae-dongcreditbank,Dae-Dong Credit Bank,308,Daedong Credit Bank,ALIAS:1,308,"[""Dae-Dong Credit Bank""]",c632d657f9c13b1250d688394eb7c99956a994527cb56f4a77c86ed61ff1dbda:308:ALIAS:1,,,OFAC;経産省;財務省,Dae-Dong Credit Bank
NOOP_ALREADY_METI,daeanelectricfactory,Daean Electric Factory,436,Taean Electric Factory (大安電機工場),ALIAS:1,436,"[""Daean Electric Factory""]",c632d657f9c13b1250d688394eb7c99956a994527cb56f4a77c86ed61ff1dbda:436:ALIAS:1,,,経産省,Daean Electric Factory
NOOP_ALREADY_METI,daeanfriendshipglassfactory(大安親善琉璃工場),Daean Friendship Glass Factory (大安親善琉璃工場),437,"Taean Friendship Glass Factory, Pyongan Namdo (大安親善ガラス工場(平安南道))",ALIAS:1,437,"[""Daean Friendship Glass Factory (大安親善琉璃工場)""]",c632d657f9c13b1250d688394eb7c99956a994527cb56f4a77c86ed61ff1dbda:437:ALIAS:1,,,経産省,Daean Friendship Glass Factory (大安親善琉璃工場)
NOOP_ALREADY_METI,daeanheavymachinerycomplex(大安重機械工場),Daean Heavy Machinery Complex (大安重機械工場),438,Taean Heavy Machinery Complex (大安重機械連合企業所),ALIAS:1,438,"[""Daean Heavy Machinery Complex (大安重機械工場)""]",c632d657f9c13b1250d688394eb7c99956a994527cb56f4a77c86ed61ff1dbda:438:ALIAS:1,,,経産省,Daean Heavy Machinery Complex (大安重機械工場)
NOOP_ALREADY_METI,daeanmachineryfactory,Daean Machinery Factory,438,Taean Heavy Machinery Complex (大安重機械連合企業所),ALIAS:2,438,"[""Daean Machinery Factory""]",c632d657f9c13b1250d688394eb7c99956a994527cb56f4a77c86ed61ff1dbda:438:ALIAS:2,,,経産省,Daean Machinery Factory
NOOP_ALREADY_METI,daedongcreditbank,Daedong Credit Bank,308,Daedong Credit Bank,PRIMARY,308,"[""Daedong Credit Bank""]",c632d657f9c13b1250d688394eb7c99956a994527cb56f4a77c86ed61ff1dbda:308:PRIMARY,,,OFAC;経産省;財務省,DAEDONG CREDIT BANK
NOOP_ALREADY_METI,daehungchengyenmine,Daehung Chengyen Mine,310,Daiheung Chengyen (大興青年鉱山),ALIAS:1,310,"[""Daehung Chengyen Mine""]",c632d657f9c13b1250d688394eb7c99956a994527cb56f4a77c86ed61ff1dbda:310:ALIAS:1,,,経産省,Daehung Chengyen Mine
READY_ADD,daehungoil&vehicletradingco.(大興運輸貿易会社),Daehung Oil & Vehicle Trading Co. (大興運輸貿易会社),309,Daehung Oil & Vehicle Trading Co. (大興運輸貿易会社),PRIMARY,309,"[""Daehung Oil & Vehicle Trading Co. (大興運輸貿易会社)""]",c632d657f9c13b1250d688394eb7c99956a994527cb56f4a77c86ed61ff1dbda:309:PRIMARY,,,,
NOOP_ALREADY_METI,daeindiragandhicentreforatomicresearch(igcar),"Indira Gandhi Centre for Atomic Research (IGCAR), DAE",293,"Indira Gandhi Centre for Atomic Research (IGCAR), DAE",PRIMARY,293,"[""Indira Gandhi Centre for Atomic Research (IGCAR), DAE""]",c632d657f9c13b1250d688394eb7c99956a994527cb56f4a77c86ed61ff1dbda:293:PRIMARY,,,経産省,"Indira Gandhi Centre for Atomic Research (IGCAR), DAE"
NOOP_ALREADY_METI,daesong-k6,Daesong-K6,335,Korea Daesong General Trading Corporation,ALIAS:1,335,"[""Daesong-K6""]",c632d657f9c13b1250d688394eb7c99956a994527cb56f4a77c86ed61ff1dbda:335:ALIAS:1,,,経産省,Daesong-K6
NOOP_ALREADY_METI,daesong-t3tradingcorporation,Daesong-T3 Trading Corporation,335,Korea Daesong General Trading Corporation,ALIAS:2,335,"[""Daesong-T3 Trading Corporation""]",c632d657f9c13b1250d688394eb7c99956a994527cb56f4a77c86ed61ff1dbda:335:ALIAS:2,,,経産省,Daesong-T3 Trading Corporation
NOOP_ALREADY_METI,daesongtrading,Daesong Trading,335,Korea Daesong General Trading Corporation,ALIAS:3,335,"[""Daesong Trading""]",c632d657f9c13b1250d688394eb7c99956a994527cb56f4a77c86ed61ff1dbda:335:ALIAS:3,,,OFAC;経産省;財務省,DAESONG TRADING
NOOP_ALREADY_METI,daesongtradingcompany,Daesong Trading Company,335,Korea Daesong General Trading Corporation,ALIAS:4,335,"[""Daesong Trading Company""]",c632d657f9c13b1250d688394eb7c99956a994527cb56f4a77c86ed61ff1dbda:335:ALIAS:4,,,OFAC;経産省;財務省,DAESONG TRADING COMPANY
READY_ADD,daiheungchengyen(大興青年鉱山),Daiheung Chengyen (大興青年鉱山),310,Daiheung Chengyen (大興青年鉱山),PRIMARY,310,"[""Daiheung Chengyen (大興青年鉱山)""]",c632d657f9c13b1250d688394eb7c99956a994527cb56f4a77c86ed61ff1dbda:310:PRIMARY,,,,
NOOP_ALREADY_METI,daliancarbonco.ltd.,Dalian Carbon Co. Ltd.,550,LIMMT Economic and Trade Company (LIMMT経貿公司),ALIAS:3,550,"[""Dalian Carbon Co. Ltd.""]",c632d657f9c13b1250d688394eb7c99956a994527cb56f4a77c86ed61ff1dbda:550:ALIAS:3,,,OFAC;経産省,Dalian Carbon Co. Ltd.
NOOP_ALREADY_METI,dalianligongsafetyequipmentcompanylimited,Dalian Ligong Safety Equipment Company Limited,523,Dalian Ligong Safety Equipment Company Limited,PRIMARY,523,"[""Dalian Ligong Safety Equipment Company Limited""]",c632d657f9c13b1250d688394eb7c99956a994527cb56f4a77c86ed61ff1dbda:523:PRIMARY,,,経産省,Dalian Ligong Safety Equipment Company Limited
NOOP_ALREADY_METI,daliansunnyindustries,Dalian Sunny Industries,550,LIMMT Economic and Trade Company (LIMMT経貿公司),ALIAS:4,550,"[""Dalian Sunny Industries""]",c632d657f9c13b1250d688394eb7c99956a994527cb56f4a77c86ed61ff1dbda:550:ALIAS:4,,,経産省,Dalian Sunny Industries
NOOP_ALREADY_METI,"daliansunnyindustry&tradeco.,ltd.","Dalian Sunny Industry & Trade Co., Ltd.",550,LIMMT Economic and Trade Company (LIMMT経貿公司),ALIAS:5,550,"[""Dalian Sunny Industry & Trade Co., Ltd.""]",c632d657f9c13b1250d688394eb7c99956a994527cb56f4a77c86ed61ff1dbda:550:ALIAS:5,,,OFAC;経産省,"Dalian Sunny Industry & Trade Co., Ltd."
NOOP_ALREADY_METI,"dalianzenghuatradingco.,ltd.","Dalian Zenghua Trading Co., Ltd.",524,Dalian Zhenghua Maoyi Youxian Gongsi,ALIAS:1,524,"[""Dalian Zenghua Trading Co., Ltd.""]",c632d657f9c13b1250d688394eb7c99956a994527cb56f4a77c86ed61ff1dbda:524:ALIAS:1,,,OFAC;経産省,"Dalian Zenghua Trading Co., Ltd."
NOOP_ALREADY_METI,dalianzhenghuamaoyiyouxiangongsi,Dalian Zhenghua Maoyi Youxian Gongsi,524,Dalian Zhenghua Maoyi Youxian Gongsi,PRIMARY,524,"[""Dalian Zhenghua Maoyi Youxian Gongsi""]",c632d657f9c13b1250d688394eb7c99956a994527cb56f4a77c86ed61ff1dbda:524:PRIMARY,,,OFAC;経産省,DALIAN ZHENGHUA MAOYI YOUXIAN GONGSI
NOOP_ALREADY_METI,"dalianzhongchuangchar-whiteco.,ltd.","Dalian Zhongchuang Char-White Co., Ltd.",525,"Dalian Zhongchuang Char-White Co., Ltd.",PRIMARY,525,"[""Dalian Zhongchuang Char-White Co., Ltd.""]",c632d657f9c13b1250d688394eb7c99956a994527cb56f4a77c86ed61ff1dbda:525:PRIMARY,,,OFAC;経産省,"DALIAN ZHONGCHUANG CHAR-WHITE CO., LTD."
NOOP_ALREADY_METI,danchoncommercialbank,Danchon Commercial Bank,439,Tanchon Commercial Bank (端川商業銀行),ALIAS:2,439,"[""Danchon Commercial Bank""]",c632d657f9c13b1250d688394eb7c99956a994527cb56f4a77c86ed61ff1dbda:439:ALIAS:2,,,経産省,Danchon Commercial Bank
READY_ADD,dandongco.(丹東会社),Dandong Co. (丹東会社),311,Dandong Co. (丹東会社),PRIMARY,311,"[""Dandong Co. (丹東会社)""]",c632d657f9c13b1250d688394eb7c99956a994527cb56f4a77c86ed61ff1dbda:311:PRIMARY,,,,
NOOP_ALREADY_METI,dandongdongyuanindustrialco.,Dandong Dongyuan Industrial Co.,526,"Dandong Dongyuan Industrial Co., Ltd.",ALIAS:1,526,"[""Dandong Dongyuan Industrial Co.""]",c632d657f9c13b1250d688394eb7c99956a994527cb56f4a77c86ed61ff1dbda:526:ALIAS:1,,,OFAC;経産省,Dandong Dongyuan Industrial Co.
NOOP_ALREADY_METI,"dandongdongyuanindustrialco.,ltd.","Dandong Dongyuan Industrial Co., Ltd.",526,"Dandong Dongyuan Industrial Co., Ltd.",PRIMARY,526,"[""Dandong Dongyuan Industrial Co., Ltd.""]",c632d657f9c13b1250d688394eb7c99956a994527cb56f4a77c86ed61ff1dbda:526:PRIMARY,,,OFAC;経産省,"DANDONG DONGYUAN INDUSTRIAL CO., LTD."
NOOP_ALREADY_METI,"dandongdongyuanindustryco.,ltd.","Dandong Dongyuan Industry Co., Ltd.",526,"Dandong Dongyuan Industrial Co., Ltd.",ALIAS:2,526,"[""Dandong Dongyuan Industry Co., Ltd.""]",c632d657f9c13b1250d688394eb7c99956a994527cb56f4a77c86ed61ff1dbda:526:ALIAS:2,,,OFAC;経産省,"Dandong Dongyuan Industry Co., Ltd."
READY_ADD,dandonghaotongcommercialtradeco.ltd.(丹東浩通商貿有限公司),Dandong Haotong Commercial Trade Co. Ltd. （丹東浩通商貿有限公司）,527,Dandong Haotong Commercial Trade Co. Ltd. （丹東浩通商貿有限公司）,PRIMARY,527,"[""Dandong Haotong Commercial Trade Co. Ltd. （丹東浩通商貿有限公司）""]",c632d657f9c13b1250d688394eb7c99956a994527cb56f4a77c86ed61ff1dbda:527:PRIMARY,,,,
READY_TAG_EXISTING,dandonghongxiangindustrialdevelopmentcoltd,Dandong Hongxiang Industrial Development Co Ltd,528,Dandong Hongxiang Industrial Development Co Ltd,PRIMARY,528,"[""Dandong Hongxiang Industrial Development Co Ltd""]",c632d657f9c13b1250d688394eb7c99956a994527cb56f4a77c86ed61ff1dbda:528:PRIMARY,,,OFAC,DANDONG HONGXIANG INDUSTRIAL DEVELOPMENT CO LTD
NOOP_ALREADY_METI,"dandongjinxiangtradeco.,ltd.","Dandong Jinxiang Trade Co., Ltd.",529,"Dandong Jinxiang Trade Co., Ltd.",PRIMARY,529,"[""Dandong Jinxiang Trade Co., Ltd.""]",c632d657f9c13b1250d688394eb7c99956a994527cb56f4a77c86ed61ff1dbda:529:PRIMARY,,,OFAC;経産省,"DANDONG JINXIANG TRADE CO., LTD."
READY_TAG_EXISTING,dandongmetalcompany,Dandong Metal Company,529,"Dandong Jinxiang Trade Co., Ltd.",ALIAS:2,529,"[""Dandong Metal Company""]",c632d657f9c13b1250d688394eb7c99956a994527cb56f4a77c86ed61ff1dbda:529:ALIAS:2,,,OFAC,Dandong Metal Company
READY_ADD,"dandongrichearthtradingco.,ltd.(丹东富地贸易有限公司)","DANDONG RICH EARTH TRADING CO., LTD. （丹东富地贸易有限公司）",530,"DANDONG RICH EARTH TRADING CO., LTD. （丹东富地贸易有限公司）",PRIMARY,530,"[""DANDONG RICH EARTH TRADING CO., LTD. （丹东富地贸易有限公司）""]",c632d657f9c13b1250d688394eb7c99956a994527cb56f4a77c86ed61ff1dbda:530:PRIMARY,,,,
NOOP_ALREADY_METI,dandongzhongsengindustry&trade,DANDONG ZHONGSENG INDUSTRY & TRADE,531,DANDONG ZHONGSHENG INDUSTRY & TRADE CO.， LTD. (丹东中盛工贸有限公司),ALIAS:1,531,"[""DANDONG ZHONGSENG INDUSTRY & TRADE""]",c632d657f9c13b1250d688394eb7c99956a994527cb56f4a77c86ed61ff1dbda:531:ALIAS:1,,,OFAC;経産省,DANDONG ZHONGSENG INDUSTRY & TRADE
NOOP_ALREADY_METI,dandongzhongsengindustryandtrade,DANDONG ZHONGSENG INDUSTRY AND TRADE,531,DANDONG ZHONGSHENG INDUSTRY & TRADE CO.， LTD. (丹东中盛工贸有限公司),ALIAS:2,531,"[""DANDONG ZHONGSENG INDUSTRY AND TRADE""]",c632d657f9c13b1250d688394eb7c99956a994527cb56f4a77c86ed61ff1dbda:531:ALIAS:2,,,OFAC;経産省,Dandong Zhongseng Industry and Trade
READY_ADD,"dandongzhongshengindustry&tradeco.,ltd.(丹东中盛工贸有限公司)",DANDONG ZHONGSHENG INDUSTRY & TRADE CO.， LTD. (丹东中盛工贸有限公司),531,DANDONG ZHONGSHENG INDUSTRY & TRADE CO.， LTD. (丹东中盛工贸有限公司),PRIMARY,531,"[""DANDONG ZHONGSHENG INDUSTRY & TRADE CO.， LTD. (丹东中盛工贸有限公司)""]",c632d657f9c13b1250d688394eb7c99956a994527cb56f4a77c86ed61ff1dbda:531:PRIMARY,,,,
NOOP_ALREADY_METI,"dandongzhongshengindustryandtradeco.,ltd.",DANDONG ZHONGSHENG INDUSTRY AND TRADE CO.， LTD.,531,DANDONG ZHONGSHENG INDUSTRY & TRADE CO.， LTD. (丹东中盛工贸有限公司),ALIAS:3,531,"[""DANDONG ZHONGSHENG INDUSTRY AND TRADE CO.， LTD.""]",c632d657f9c13b1250d688394eb7c99956a994527cb56f4a77c86ed61ff1dbda:531:ALIAS:3,,,OFAC;経産省,DANDONG ZHONGSHENG INDUSTRY AND TRADE CO.， LTD.
NOOP_ALREADY_METI,dandongzhongshongindustry&trade,DANDONG ZHONGSHONG INDUSTRY & TRADE,531,DANDONG ZHONGSHENG INDUSTRY & TRADE CO.， LTD. (丹东中盛工贸有限公司),ALIAS:4,531,"[""DANDONG ZHONGSHONG INDUSTRY & TRADE""]",c632d657f9c13b1250d688394eb7c99956a994527cb56f4a77c86ed61ff1dbda:531:ALIAS:4,,,OFAC;経産省,DANDONG ZHONGSHONG INDUSTRY & TRADE
NOOP_ALREADY_METI,dandongzhongshongindustry&tradecorporationltd.,DANDONG ZHONGSHONG INDUSTRY & TRADE CORPORATION LTD.,531,DANDONG ZHONGSHENG INDUSTRY & TRADE CO.， LTD. (丹东中盛工贸有限公司),ALIAS:5,531,"[""DANDONG ZHONGSHONG INDUSTRY & TRADE CORPORATION LTD.""]",c632d657f9c13b1250d688394eb7c99956a994527cb56f4a77c86ed61ff1dbda:531:ALIAS:5,,,OFAC;経産省,DANDONG ZHONGSHONG INDUSTRY & TRADE CORPORATION LTD.
NOOP_ALREADY_METI,dandongzhongshongindustryandtrade,DANDONG ZHONGSHONG INDUSTRY AND TRADE,531,DANDONG ZHONGSHENG INDUSTRY & TRADE CO.， LTD. (丹东中盛工贸有限公司),ALIAS:6,531,"[""DANDONG ZHONGSHONG INDUSTRY AND TRADE""]",c632d657f9c13b1250d688394eb7c99956a994527cb56f4a77c86ed61ff1dbda:531:ALIAS:6,,,OFAC;経産省,Dandong Zhongshong Industry and Trade
NOOP_ALREADY_METI,dandongzhongshongindustryandtradecorporationltd.,DANDONG ZHONGSHONG INDUSTRY AND TRADE CORPORATION LTD.,531,DANDONG ZHONGSHENG INDUSTRY & TRADE CO.， LTD. (丹东中盛工贸有限公司),ALIAS:7,531,"[""DANDONG ZHONGSHONG INDUSTRY AND TRADE CORPORATION LTD.""]",c632d657f9c13b1250d688394eb7c99956a994527cb56f4a77c86ed61ff1dbda:531:ALIAS:7,,,OFAC;経産省,DANDONG ZHONGSHONG INDUSTRY AND TRADE CORPORATION LTD.
NOOP_ALREADY_METI,daneshgah-esana'ti-yemalek-eashtar,Daneshgah-E Sana'Ti-Ye Malek-E Ashtar,160,Malek Ashtar University,ALIAS:1,160,"[""Daneshgah-E Sana'Ti-Ye Malek-E Ashtar""]",c632d657f9c13b1250d688394eb7c99956a994527cb56f4a77c86ed61ff1dbda:160:ALIAS:1,,,OFAC;経産省,Daneshgah-E Sana'Ti-Ye Malek-E Ashtar
READY_TAG_EXISTING,dariafanavarborhansharif,Daria Fanavar Borhan Sharif,216,Saad Sazeh Faraz Sharif,ALIAS:1,216,"[""Daria Fanavar Borhan Sharif""]",c632d657f9c13b1250d688394eb7c99956a994527cb56f4a77c86ed61ff1dbda:216:ALIAS:1,,,OFAC,Daria Fanavar Borhan Sharif
HOLD_WEAK_ALIAS,dcb,DCB,308,Daedong Credit Bank,ALIAS:2,308,"[""DCB""]",c632d657f9c13b1250d688394eb7c99956a994527cb56f4a77c86ed61ff1dbda:308:ALIAS:2,3文字と短く、照合時に誤検知が多発する見込み（DCB）,,財務省,DCB
READY_TAG_EXISTING,dcbfinancelimited,DCB Finance Limited,532,DCB Finance Limited,PRIMARY,532,"[""DCB Finance Limited""]",c632d657f9c13b1250d688394eb7c99956a994527cb56f4a77c86ed61ff1dbda:532:PRIMARY,,,OFAC;財務省,DCB Finance Limited
NOOP_ALREADY_METI,deepoffshoretechnologycompanypjs,Deep Offshore Technology Company PJS,76,Deep Offshore Technology PJS,ALIAS:1,76,"[""Deep Offshore Technology Company PJS""]",c632d657f9c13b1250d688394eb7c99956a994527cb56f4a77c86ed61ff1dbda:76:ALIAS:1,,,経産省,Deep Offshore Technology Company PJS
NOOP_ALREADY_METI,deepoffshoretechnologypjs,Deep Offshore Technology PJS,76,Deep Offshore Technology PJS,PRIMARY,76,"[""Deep Offshore Technology PJS""]",c632d657f9c13b1250d688394eb7c99956a994527cb56f4a77c86ed61ff1dbda:76:PRIMARY,,,経産省,Deep Offshore Technology PJS
NOOP_ALREADY_METI,defenceindustriealorganisation,Defence Industrieal Organisation,77,Defence Industrieal Organisation,PRIMARY,77,"[""Defence Industrieal Organisation""]",c632d657f9c13b1250d688394eb7c99956a994527cb56f4a77c86ed61ff1dbda:77:PRIMARY,,,経産省,Defence Industrieal Organisation
NOOP_ALREADY_METI,defenseindustriesorganization,Defense Industries Organization,77,Defence Industrieal Organisation,ALIAS:1,77,"[""Defense Industries Organization""]",c632d657f9c13b1250d688394eb7c99956a994527cb56f4a77c86ed61ff1dbda:77:ALIAS:1,,,OFAC;経産省;財務省,DEFENSE INDUSTRIES ORGANIZATION
NOOP_ALREADY_METI,defensescienceandtechnologycenter,Defense Science and Technology Center,615,Defense Science and Technology Organization (DESTO),ALIAS:2,615,"[""Defense Science and Technology Center""]",c632d657f9c13b1250d688394eb7c99956a994527cb56f4a77c86ed61ff1dbda:615:ALIAS:2,,,経産省,Defense Science and Technology Center
NOOP_ALREADY_METI,defensescienceandtechnologyorganization(desto),Defense Science and Technology Organization (DESTO),615,Defense Science and Technology Organization (DESTO),PRIMARY,615,"[""Defense Science and Technology Organization (DESTO)""]",c632d657f9c13b1250d688394eb7c99956a994527cb56f4a77c86ed61ff1dbda:615:PRIMARY,,,経産省,Defense Science and Technology Organization (DESTO)
NOOP_ALREADY_METI,defensetechnologyandscienceresearchcenter(dtsrc),Defense Technology and Science Research Center (DTSRC),78,Defense Technology and Science Research Center (DTSRC),PRIMARY,78,"[""Defense Technology and Science Research Center (DTSRC)""]",c632d657f9c13b1250d688394eb7c99956a994527cb56f4a77c86ed61ff1dbda:78:PRIMARY,,,経産省,DEFENSE TECHNOLOGY AND SCIENCE RESEARCH CENTER (DTSRC)
READY_ADD,deltaelectronic,Delta Electronic,106,General Electronic,ALIAS:2,106,"[""Delta Electronic""]",c632d657f9c13b1250d688394eb7c99956a994527cb56f4a77c86ed61ff1dbda:106:ALIAS:2,,,,
NOOP_ALREADY_METI,deltaengineeringconcernfze(dec),Delta Engineering Concern FZE （DEC）,5,Delta Engineering Concern FZE （DEC）,PRIMARY,5,"[""Delta Engineering Concern FZE （DEC）""]",c632d657f9c13b1250d688394eb7c99956a994527cb56f4a77c86ed61ff1dbda:5:PRIMARY,,,経産省,Delta Engineering Concern FZE (DEC)
READY_TAG_EXISTING,denisecompany,Denise Company,728,Denise Company,PRIMARY,728,"[""Denise Company""]",c632d657f9c13b1250d688394eb7c99956a994527cb56f4a77c86ed61ff1dbda:728:PRIMARY,,,OFAC,DENISE COMPANY
READY_TAG_EXISTING,department53,DEPARTMENT 53,312,DEPARTMENT 53 OF THE MINISTRY OF THE PEOPLE'S ARMED FORCES,ALIAS:3,312,"[""DEPARTMENT 53""]",c632d657f9c13b1250d688394eb7c99956a994527cb56f4a77c86ed61ff1dbda:312:ALIAS:3,,,OFAC,Department 53
READY_TAG_EXISTING,department53oftheministryofthepeople'sarmedforces,DEPARTMENT 53 OF THE MINISTRY OF THE PEOPLE'S ARMED FORCES,312,DEPARTMENT 53 OF THE MINISTRY OF THE PEOPLE'S ARMED FORCES,PRIMARY,312,"[""DEPARTMENT 53 OF THE MINISTRY OF THE PEOPLE'S ARMED FORCES""]",c632d657f9c13b1250d688394eb7c99956a994527cb56f4a77c86ed61ff1dbda:312:PRIMARY,,,OFAC,DEPARTMENT 53 OF THE MINISTRY OF THE PEOPLE'S ARMED FORCES
NOOP_ALREADY_METI,departmentofatomicenergy(dae)bhabhaatomicresearchcentre(barc),"Bhabha Atomic Research Centre (BARC), Department of Atomic Energy (DAE)",292,"Bhabha Atomic Research Centre (BARC), Department of Atomic Energy (DAE)",PRIMARY,292,"[""Bhabha Atomic Research Centre (BARC), Department of Atomic Energy (DAE)""]",c632d657f9c13b1250d688394eb7c99956a994527cb56f4a77c86ed61ff1dbda:292:PRIMARY,,,経産省,"Bhabha Atomic Research Centre (BARC), Department of Atomic Energy (DAE)"
NOOP_ALREADY_METI,departmentofspacetechnologyofthedprk,Department of Space Technology of the DPRK,384,Korean Committee for Space Technology (朝鮮宇宙空間技術委員会),ALIAS:2,384,"[""Department of Space Technology of the DPRK""]",c632d657f9c13b1250d688394eb7c99956a994527cb56f4a77c86ed61ff1dbda:384:ALIAS:2,,,経産省;財務省,Department of Space Technology of the DPRK
NOOP_ALREADY_METI,designandmanufactureofaircraftengines,DESIGN AND MANUFACTURE OF AIRCRAFT ENGINES,79,Design and Manufacturing of Aero-Engine Company,ALIAS:1,79,"[""DESIGN AND MANUFACTURE OF AIRCRAFT ENGINES""]",c632d657f9c13b1250d688394eb7c99956a994527cb56f4a77c86ed61ff1dbda:79:ALIAS:1,,,OFAC;経産省,Design and Manufacture of Aircraft Engines
NOOP_ALREADY_METI,designandmanufacturingofaero-enginecompany,Design and Manufacturing of Aero-Engine Company,79,Design and Manufacturing of Aero-Engine Company,PRIMARY,79,"[""Design and Manufacturing of Aero-Engine Company""]",c632d657f9c13b1250d688394eb7c99956a994527cb56f4a77c86ed61ff1dbda:79:PRIMARY,,,OFAC;経産省,DESIGN AND MANUFACTURING OF AERO-ENGINE COMPANY
READY_ADD,designandmanufacturingofaircraftengines(dama),Design and Manufacturing of Aircraft Engines (DAMA),80,Design and Manufacturing of Aircraft Engines (DAMA),PRIMARY,80,"[""Design and Manufacturing of Aircraft Engines (DAMA)""]",c632d657f9c13b1250d688394eb7c99956a994527cb56f4a77c86ed61ff1dbda:80:PRIMARY,,,,
READY_TAG_EXISTING,designbureauofspecialmachinebuilding,Design Bureau of Special Machine Building,760,Joint Stock Company Design Bureau of Special Machine Building,ALIAS:6,760,"[""Design Bureau of Special Machine Building""]",c632d657f9c13b1250d688394eb7c99956a994527cb56f4a77c86ed61ff1dbda:760:ALIAS:6,,,OFAC;財務省,Design Bureau of Special Machine Building
NOOP_ALREADY_METI,designbureauofspecialmachinebuildingao,Design Bureau of Special Machine Building AO,760,Joint Stock Company Design Bureau of Special Machine Building,ALIAS:5,760,"[""Design Bureau of Special Machine Building AO""]",c632d657f9c13b1250d688394eb7c99956a994527cb56f4a77c86ed61ff1dbda:760:ALIAS:5,,,OFAC;経産省;財務省,Design Bureau of Special Machinebuilding AO
NOOP_ALREADY_METI,desinternational,DES INTERNATIONAL,6,"DES INTERNATIONAL CO., LTD.",ALIAS:3,6,"[""DES INTERNATIONAL""]",c632d657f9c13b1250d688394eb7c99956a994527cb56f4a77c86ed61ff1dbda:6:ALIAS:3,,,OFAC;経産省,DES International
NOOP_ALREADY_METI,desinternationalco.,DES INTERNATIONAL CO.,6,"DES INTERNATIONAL CO., LTD.",ALIAS:4,6,"[""DES INTERNATIONAL CO.""]",c632d657f9c13b1250d688394eb7c99956a994527cb56f4a77c86ed61ff1dbda:6:ALIAS:4,,,OFAC;経産省,DES INTERNATIONAL CO.
READY_TAG_EXISTING,"desinternationalco.,ltd.","DES INTERNATIONAL CO., LTD.",6,"DES INTERNATIONAL CO., LTD.",PRIMARY,6,"[""DES INTERNATIONAL CO., LTD.""]",c632d657f9c13b1250d688394eb7c99956a994527cb56f4a77c86ed61ff1dbda:6:PRIMARY,,,OFAC,"DES INTERNATIONAL CO., LTD."
NOOP_ALREADY_METI,desinternationalcompany,DES INTERNATIONAL COMPANY,6,"DES INTERNATIONAL CO., LTD.",ALIAS:5,6,"[""DES INTERNATIONAL COMPANY""]",c632d657f9c13b1250d688394eb7c99956a994527cb56f4a77c86ed61ff1dbda:6:ALIAS:5,,,OFAC;経産省,Des International Company
NOOP_ALREADY_METI,desinternationalcompanylimited,DES INTERNATIONAL COMPANY LIMITED,6,"DES INTERNATIONAL CO., LTD.",ALIAS:6,6,"[""DES INTERNATIONAL COMPANY LIMITED""]",c632d657f9c13b1250d688394eb7c99956a994527cb56f4a77c86ed61ff1dbda:6:ALIAS:6,,,OFAC;経産省,DES International Company Limited
NOOP_ALREADY_METI,detailtechnology(hk)limited,Detail Technology (HK) Limited,712,Detail Technology (HK) Limited,PRIMARY,712,"[""Detail Technology (HK) Limited""]",c632d657f9c13b1250d688394eb7c99956a994527cb56f4a77c86ed61ff1dbda:712:PRIMARY,,,経産省,Detail Technology (HK) Limited
NOOP_ALREADY_METI,diagnosticengineeringcorporation,Diagnostic Engineering Corporation,616,Dynamic Engineering Corporation (DEC),ALIAS:1,616,"[""Diagnostic Engineering Corporation""]",c632d657f9c13b1250d688394eb7c99956a994527cb56f4a77c86ed61ff1dbda:616:ALIAS:1,,,経産省,Diagnostic Engineering Corporation
READY_TAG_EXISTING,diamondcastleelectronicstradingllc,DIAMOND CASTLE ELECTRONICS TRADING LLC,7,DIAMOND CASTLE ELECTRONICS TRADING LLC,PRIMARY,7,"[""DIAMOND CASTLE ELECTRONICS TRADING LLC""]",c632d657f9c13b1250d688394eb7c99956a994527cb56f4a77c86ed61ff1dbda:7:PRIMARY,,,OFAC,DIAMOND CASTLE ELECTRONICS TRADING LLC
READY_ADD,diankechipgroup,Dianke Chip Group,503,"CETC Chip Technology Co., Ltd （中电科芯片技术股份有限公司）",ALIAS:6,503,"[""Dianke Chip Group""]",c632d657f9c13b1250d688394eb7c99956a994527cb56f4a77c86ed61ff1dbda:503:ALIAS:6,,,,
READY_ADD,digighate,Digi Ghate,81,Digi Ghate,PRIMARY,81,"[""Digi Ghate""]",c632d657f9c13b1250d688394eb7c99956a994527cb56f4a77c86ed61ff1dbda:81:PRIMARY,,,,
READY_ADD,digitalelectronicsengineeringgroup,Digital Electronics EngineeringGroup,106,General Electronic,ALIAS:1,106,"[""Digital Electronics EngineeringGroup""]",c632d657f9c13b1250d688394eb7c99956a994527cb56f4a77c86ed61ff1dbda:106:ALIAS:1,,,,
NOOP_ALREADY_METI,digitalmedialab(dml),Digital Media Lab (DML),82,Digital Media Lab (DML),PRIMARY,82,"[""Digital Media Lab (DML)""]",c632d657f9c13b1250d688394eb7c99956a994527cb56f4a77c86ed61ff1dbda:82:PRIMARY,,,経産省,Digital Media Lab (DML)
NOOP_ALREADY_METI,diractechnology(hk)limitedgroup,Dirac Technology (HK) Limited Group,713,DIRAC TECHNOLOGY HK LIMITED,ALIAS:1,713,"[""Dirac Technology (HK) Limited Group""]",c632d657f9c13b1250d688394eb7c99956a994527cb56f4a77c86ed61ff1dbda:713:ALIAS:1,,,経産省,Dirac Technology (HK) Limited Group
READY_TAG_EXISTING,diractechnologyhklimited,DIRAC TECHNOLOGY HK LIMITED,713,DIRAC TECHNOLOGY HK LIMITED,PRIMARY,713,"[""DIRAC TECHNOLOGY HK LIMITED""]",c632d657f9c13b1250d688394eb7c99956a994527cb56f4a77c86ed61ff1dbda:713:PRIMARY,,,OFAC,DIRAC TECHNOLOGY HK LIMITED
NOOP_ALREADY_METI,directorateofyazdammunitionandmetallurgyindustries,Directorate of Yazd Ammunition and Metallurgy Industries,288,Yazd Metallurgy Industries (YMI),ALIAS:1,288,"[""Directorate of Yazd Ammunition and Metallurgy Industries""]",c632d657f9c13b1250d688394eb7c99956a994527cb56f4a77c86ed61ff1dbda:288:ALIAS:1,,,経産省;財務省,Directorate of Yazd Ammunition and Metallurgy Industries
NOOP_ALREADY_METI,division39,Division 39,403,Office 39,ALIAS:3,403,"[""Division 39""]",c632d657f9c13b1250d688394eb7c99956a994527cb56f4a77c86ed61ff1dbda:403:ALIAS:3,,,OFAC;経産省;財務省,DIVISION 39
NOOP_ALREADY_METI,dongbangbank,Dongbang Bank,302,Bank of East Land,ALIAS:1,302,"[""Dongbang Bank""]",c632d657f9c13b1250d688394eb7c99956a994527cb56f4a77c86ed61ff1dbda:302:ALIAS:1,,,OFAC;経産省;財務省,DONGBANG BANK
NOOP_ALREADY_METI,doostaninternationalcompany(dico),Doostan International Company (DICO),83,Doostan International Company (DICO),PRIMARY,83,"[""Doostan International Company (DICO)""]",c632d657f9c13b1250d688394eb7c99956a994527cb56f4a77c86ed61ff1dbda:83:PRIMARY,,,経産省,DOOSTAN INTERNATIONAL COMPANY (DICO)
NOOP_ALREADY_METI,dprkcommitteeforspacetechnology,DPRK Committee for Space Technology,384,Korean Committee for Space Technology (朝鮮宇宙空間技術委員会),ALIAS:3,384,"[""DPRK Committee for Space Technology""]",c632d657f9c13b1250d688394eb7c99956a994527cb56f4a77c86ed61ff1dbda:384:ALIAS:3,,,OFAC;経産省;財務省,DPRK COMMITTEE FOR SPACE TECHNOLOGY
NOOP_ALREADY_METI,dprknminingdevelopmenttradingcorporation,DPRKN Mining Development Trading Corporation,352,Korea Mining Development Trading Corporation (KOMID) (朝鮮鉱業開発貿易会社),ALIAS:3,352,"[""DPRKN Mining Development Trading Corporation""]",c632d657f9c13b1250d688394eb7c99956a994527cb56f4a77c86ed61ff1dbda:352:ALIAS:3,,,経産省,DPRKN Mining Development Trading Corporation
NOOP_ALREADY_METI,drillagetradingfzellc.,Drillage Trading FZE LLC.,612,Business Empire International,ALIAS:1,612,"[""Drillage Trading FZE LLC.""]",c632d657f9c13b1250d688394eb7c99956a994527cb56f4a77c86ed61ff1dbda:612:ALIAS:1,,,経産省,Drillage Trading FZE LLC.
NOOP_ALREADY_METI,dulingtechnology,Duling Technology,714,DULING TECHNOLOGY (HK) LIMITED. （都灵科技香港有限公司）,ALIAS:1,714,"[""Duling Technology""]",c632d657f9c13b1250d688394eb7c99956a994527cb56f4a77c86ed61ff1dbda:714:ALIAS:1,,,経産省,Duling Technology
READY_ADD,dulingtechnology(hk)limited.(都灵科技香港有限公司),DULING TECHNOLOGY (HK) LIMITED. （都灵科技香港有限公司）,714,DULING TECHNOLOGY (HK) LIMITED. （都灵科技香港有限公司）,PRIMARY,714,"[""DULING TECHNOLOGY (HK) LIMITED. （都灵科技香港有限公司）""]",c632d657f9c13b1250d688394eb7c99956a994527cb56f4a77c86ed61ff1dbda:714:PRIMARY,,,,
NOOP_ALREADY_METI,dynamicelectronicfrequencyengineeringlimitedliabilitycompany,DYNAMIC ELECTRONIC FREQUENCY ENGINEERING LIMITED LIABILITY COMPANY,67,BASAMAD ELECTRONIC POUYA ENGINEERING LIMITED LIABILITY COMPANY,ALIAS:1,67,"[""DYNAMIC ELECTRONIC FREQUENCY ENGINEERING LIMITED LIABILITY COMPANY""]",c632d657f9c13b1250d688394eb7c99956a994527cb56f4a77c86ed61ff1dbda:67:ALIAS:1,,,OFAC;経産省,Dynamic Electronic Frequency Engineering Limited Liability Company
NOOP_ALREADY_METI,dynamicengineeringcorporation(dec),Dynamic Engineering Corporation (DEC),616,Dynamic Engineering Corporation (DEC),PRIMARY,616,"[""Dynamic Engineering Corporation (DEC)""]",c632d657f9c13b1250d688394eb7c99956a994527cb56f4a77c86ed61ff1dbda:616:PRIMARY,,,経産省,Dynamic Engineering Corporation (DEC)
NOOP_ALREADY_METI,e.k.t.(katrangibros.),E.K.T. (KATRANGI BROS.),730,EKT Electronics,ALIAS:5,730,"[""E.K.T. (KATRANGI BROS.)""]",c632d657f9c13b1250d688394eb7c99956a994527cb56f4a77c86ed61ff1dbda:730:ALIAS:5,,,OFAC;経産省,E.K.T. (KATRANGI BROS.)
NOOP_ALREADY_METI,e.s.co.,E.S. Co.,87,Electro Sanam Company,ALIAS:1,87,"[""E.S. Co.""]",c632d657f9c13b1250d688394eb7c99956a994527cb56f4a77c86ed61ff1dbda:87:ALIAS:1,,,経産省,E.S. Co.
NOOP_ALREADY_METI,e.x.co.,E.X. Co.,87,Electro Sanam Company,ALIAS:2,87,"[""E.X. Co.""]",c632d657f9c13b1250d688394eb7c99956a994527cb56f4a77c86ed61ff1dbda:87:ALIAS:2,,,経産省,E.X. Co.
NOOP_ALREADY_METI,eandisystemsfze,E and I Systems FZE,8,E and I Systems FZE,PRIMARY,8,"[""E and I Systems FZE""]",c632d657f9c13b1250d688394eb7c99956a994527cb56f4a77c86ed61ff1dbda:8:PRIMARY,,,経産省,E and I Systems FZE
READY_TAG_EXISTING,eaststarcompany,East Star Company,84,East Star Company,PRIMARY,84,"[""East Star Company""]",c632d657f9c13b1250d688394eb7c99956a994527cb56f4a77c86ed61ff1dbda:84:PRIMARY,,,OFAC,EAST STAR COMPANY
NOOP_ALREADY_METI,ebtekarsanatelya,EBTEKAR SANAT ELYA,85,EBTEKAR SANAT ILYA LLC,ALIAS:1,85,"[""EBTEKAR SANAT ELYA""]",c632d657f9c13b1250d688394eb7c99956a994527cb56f4a77c86ed61ff1dbda:85:ALIAS:1,,,OFAC;経産省,Ebtekar Sanat Elya
NOOP_ALREADY_METI,ebtekarsanatilia,EBTEKAR SANAT ILIA,85,EBTEKAR SANAT ILYA LLC,ALIAS:2,85,"[""EBTEKAR SANAT ILIA""]",c632d657f9c13b1250d688394eb7c99956a994527cb56f4a77c86ed61ff1dbda:85:ALIAS:2,,,OFAC;経産省,Ebtekar Sanat Ilia
NOOP_ALREADY_METI,ebtekarsanatiliya,EBTEKAR SANAT ILIYA,85,EBTEKAR SANAT ILYA LLC,ALIAS:3,85,"[""EBTEKAR SANAT ILIYA""]",c632d657f9c13b1250d688394eb7c99956a994527cb56f4a77c86ed61ff1dbda:85:ALIAS:3,,,OFAC;経産省,Ebtekar Sanat Iliya
NOOP_ALREADY_METI,ebtekarsanatiliyacompany,EBTEKAR SANAT ILIYA COMPANY,85,EBTEKAR SANAT ILYA LLC,ALIAS:4,85,"[""EBTEKAR SANAT ILIYA COMPANY""]",c632d657f9c13b1250d688394eb7c99956a994527cb56f4a77c86ed61ff1dbda:85:ALIAS:4,,,OFAC;経産省,Ebtekar Sanat Iliya Company
NOOP_ALREADY_METI,ebtekarsanatilyaco.ltd,EBTEKAR SANAT ILYA CO. LTD,85,EBTEKAR SANAT ILYA LLC,ALIAS:5,85,"[""EBTEKAR SANAT ILYA CO. LTD""]",c632d657f9c13b1250d688394eb7c99956a994527cb56f4a77c86ed61ff1dbda:85:ALIAS:5,,,OFAC;経産省,EBTEKAR SANAT ILYA CO. LTD
READY_TAG_EXISTING,ebtekarsanatilyallc,EBTEKAR SANAT ILYA LLC,85,EBTEKAR SANAT ILYA LLC,PRIMARY,85,"[""EBTEKAR SANAT ILYA LLC""]",c632d657f9c13b1250d688394eb7c99956a994527cb56f4a77c86ed61ff1dbda:85:PRIMARY,,,OFAC,EBTEKAR SANAT ILYA LLC
HOLD_WEAK_ALIAS,ec,EC,745,Engineering Center Ltd.,ALIAS:2,745,"[""EC""]",c632d657f9c13b1250d688394eb7c99956a994527cb56f4a77c86ed61ff1dbda:745:ALIAS:2,2文字と短く、照合時に誤検知が多発する見込み（EC）,,,
NOOP_ALREADY_METI,educationalresearchinstitute(eri),Educational Research Institute (ERI),78,Defense Technology and Science Research Center (DTSRC),ALIAS:1,78,"[""Educational Research Institute (ERI)""]",c632d657f9c13b1250d688394eb7c99956a994527cb56f4a77c86ed61ff1dbda:78:ALIAS:1,,,経産省,Educational Research Institute (ERI)
NOOP_ALREADY_METI,efabs.a.r.l,EFAB S.A.R.L,729,EFAB S.A.R.L,PRIMARY,729,"[""EFAB S.A.R.L""]",c632d657f9c13b1250d688394eb7c99956a994527cb56f4a77c86ed61ff1dbda:729:PRIMARY,,,経産省,EFAB S.A.R.L
NOOP_ALREADY_METI,efcocorp.pyongyangbranch(efco平壌支社),EFCO Corp. Pyongyang Branch (EFCO平壌支社),313,EFCO Corporation,ALIAS:1,313,"[""EFCO Corp. Pyongyang Branch (EFCO平壌支社)""]",c632d657f9c13b1250d688394eb7c99956a994527cb56f4a77c86ed61ff1dbda:313:ALIAS:1,,,経産省,EFCO Corp. Pyongyang Branch (EFCO平壌支社)
NOOP_ALREADY_METI,efcocorporation,EFCO Corporation,313,EFCO Corporation,PRIMARY,313,"[""EFCO Corporation""]",c632d657f9c13b1250d688394eb7c99956a994527cb56f4a77c86ed61ff1dbda:313:PRIMARY,,,経産省,EFCO Corporation
NOOP_ALREADY_METI,ekodevelopment&investmentfoodcompany,EKO Development & Investment Food Company,295,EKO Development and Investment Company,ALIAS:1,295,"[""EKO Development & Investment Food Company""]",c632d657f9c13b1250d688394eb7c99956a994527cb56f4a77c86ed61ff1dbda:295:ALIAS:1,,,OFAC;経産省;財務省,EKO Development & Investment Food Company
READY_TAG_EXISTING,ekodevelopmentandinvestmentcompany,EKO Development and Investment Company,295,EKO Development and Investment Company,PRIMARY,295,"[""EKO Development and Investment Company""]",c632d657f9c13b1250d688394eb7c99956a994527cb56f4a77c86ed61ff1dbda:295:PRIMARY,,,OFAC;財務省,EKO Development and Investment Company
READY_TAG_EXISTING,ekoimportandexportcompany,EKO Import and Export Company,295,EKO Development and Investment Company,ALIAS:2,295,"[""EKO Import and Export Company""]",c632d657f9c13b1250d688394eb7c99956a994527cb56f4a77c86ed61ff1dbda:295:ALIAS:2,,,OFAC;財務省,EKO Import and Export Company
HOLD_WEAK_ALIAS,ekt,EKT,730,EKT Electronics,ALIAS:6,730,"[""EKT""]",c632d657f9c13b1250d688394eb7c99956a994527cb56f4a77c86ed61ff1dbda:730:ALIAS:6,3文字と短く、照合時に誤検知が多発する見込み（EKT）,,,
NOOP_ALREADY_METI,ekt(katrangibros),EKT (KATRANGI BROS),730,EKT Electronics,ALIAS:7,730,"[""EKT (KATRANGI BROS)""]",c632d657f9c13b1250d688394eb7c99956a994527cb56f4a77c86ed61ff1dbda:730:ALIAS:7,,,OFAC;経産省,EKT (KATRANGI BROS)
NOOP_ALREADY_METI,ektelectronics,EKT Electronics,730,EKT Electronics,PRIMARY,730,"[""EKT Electronics"",""EKT ELECTRONICS""]",c632d657f9c13b1250d688394eb7c99956a994527cb56f4a77c86ed61ff1dbda:730:PRIMARY;c632d657f9c13b1250d688394eb7c99956a994527cb56f4a77c86ed61ff1dbda:730:ALIAS:8,,,OFAC;経産省,EKT Electronics
NOOP_ALREADY_METI,ektkatrangibrothers,EKT KATRANGI BROTHERS,730,EKT Electronics,ALIAS:9,730,"[""EKT KATRANGI BROTHERS""]",c632d657f9c13b1250d688394eb7c99956a994527cb56f4a77c86ed61ff1dbda:730:ALIAS:9,,,OFAC;経産省,EKT Katrangi Brothers
READY_ADD,ektsmarttechnology(黎巴嫩卡氏有限公司广州代表处),EKT SMART TECHNOLOGY (黎巴嫩卡氏有限公司广州代表处),533,EKT SMART TECHNOLOGY (黎巴嫩卡氏有限公司广州代表处),PRIMARY,533,"[""EKT SMART TECHNOLOGY (黎巴嫩卡氏有限公司广州代表处)""]",c632d657f9c13b1250d688394eb7c99956a994527cb56f4a77c86ed61ff1dbda:533:PRIMARY,,,,
NOOP_ALREADY_METI,electroniccomponentsindustries(eci),Electronic Components Industries (ECI),86,Electronic Components Industries (ECI),PRIMARY,86,"[""Electronic Components Industries (ECI)""]",c632d657f9c13b1250d688394eb7c99956a994527cb56f4a77c86ed61ff1dbda:86:PRIMARY,,,経産省,Electronic Components Industries (ECI)
NOOP_ALREADY_METI,electronickatrangigroup,ELECTRONIC KATRANGI GROUP,730,EKT Electronics,ALIAS:10,730,"[""ELECTRONIC KATRANGI GROUP""]",c632d657f9c13b1250d688394eb7c99956a994527cb56f4a77c86ed61ff1dbda:730:ALIAS:10,,,OFAC;経産省,Electronic Katrangi Group
NOOP_ALREADY_METI,electronicsinstitute,Electronics Institute,453,Electronics Institute,PRIMARY,453,"[""Electronics Institute""]",c632d657f9c13b1250d688394eb7c99956a994527cb56f4a77c86ed61ff1dbda:453:PRIMARY,,,OFAC;経産省,ELECTRONICS INSTITUTE
NOOP_ALREADY_METI,electronicsystemgroup,ELECTRONIC SYSTEM GROUP,730,EKT Electronics,ALIAS:11,730,"[""ELECTRONIC SYSTEM GROUP""]",c632d657f9c13b1250d688394eb7c99956a994527cb56f4a77c86ed61ff1dbda:730:ALIAS:11,,,OFAC;経産省,Electronic System Group
READY_TAG_EXISTING,electroopticsairanindustriesco.,ELECTRO OPTIC SAIRAN INDUSTRIES CO.,136,Isfahan Optics,ALIAS:2,136,"[""ELECTRO OPTIC SAIRAN INDUSTRIES CO.""]",c632d657f9c13b1250d688394eb7c99956a994527cb56f4a77c86ed61ff1dbda:136:ALIAS:2,,,OFAC,ELECTRO OPTIC SAIRAN INDUSTRIES CO.
NOOP_ALREADY_METI,electrosanamcompany,Electro Sanam Company,87,Electro Sanam Company,PRIMARY,87,"[""Electro Sanam Company""]",c632d657f9c13b1250d688394eb7c99956a994527cb56f4a77c86ed61ff1dbda:87:PRIMARY,,,経産省;財務省,ELECTRO SANAM COMPANY
NOOP_ALREADY_METI,emamhoseyncomprehensiveuniversity,Emam Hoseyn Comprehensive University,116,Imam Hossein University (IHU),ALIAS:1,116,"[""Emam Hoseyn Comprehensive University""]",c632d657f9c13b1250d688394eb7c99956a994527cb56f4a77c86ed61ff1dbda:116:ALIAS:1,,,OFAC;経産省,EMAM HOSEYN COMPREHENSIVE UNIVERSITY
NOOP_ALREADY_METI,emiratesaero,Emirates Aero,10,Emirates Alloys LLC,ALIAS:3,10,"[""Emirates Aero""]",c632d657f9c13b1250d688394eb7c99956a994527cb56f4a77c86ed61ff1dbda:10:ALIAS:3,,,経産省,Emirates Aero
NOOP_ALREADY_METI,emiratesalloys,Emirates Alloys,10,Emirates Alloys LLC,ALIAS:1,10,"[""Emirates Alloys""]",c632d657f9c13b1250d688394eb7c99956a994527cb56f4a77c86ed61ff1dbda:10:ALIAS:1,,,経産省,Emirates Alloys
NOOP_ALREADY_METI,emiratesalloysgeneraltradingllc,Emirates Alloys General Trading LLC,10,Emirates Alloys LLC,ALIAS:2,10,"[""Emirates Alloys General Trading LLC""]",c632d657f9c13b1250d688394eb7c99956a994527cb56f4a77c86ed61ff1dbda:10:ALIAS:2,,,経産省,Emirates Alloys General Trading LLC
NOOP_ALREADY_METI,emiratesalloysllc,Emirates Alloys LLC,10,Emirates Alloys LLC,PRIMARY,10,"[""Emirates Alloys LLC""]",c632d657f9c13b1250d688394eb7c99956a994527cb56f4a77c86ed61ff1dbda:10:PRIMARY,,,経産省,Emirates Alloys LLC
NOOP_ALREADY_METI,energyglobalinternationalfze,Energy Global International FZE,9,Energy Global International FZE,PRIMARY,9,"[""Energy Global International FZE""]",c632d657f9c13b1250d688394eb7c99956a994527cb56f4a77c86ed61ff1dbda:9:PRIMARY,,,OFAC;経産省,ENERGY GLOBAL INTERNATIONAL FZE
NOOP_ALREADY_METI,"enerquipprivate,ltd.","EnerQuip Private, Ltd.",617,"EnerQuip Private, Ltd.",PRIMARY,617,"[""EnerQuip Private, Ltd.""]",c632d657f9c13b1250d688394eb7c99956a994527cb56f4a77c86ed61ff1dbda:617:PRIMARY,,,経産省,"EnerQuip Private, Ltd."
NOOP_ALREADY_METI,engineeringandcommercialservices(ecs),Engineering and Commercial Services (ECS),618,Engineering and Commercial Services (ECS),PRIMARY,618,"[""Engineering and Commercial Services (ECS)""]",c632d657f9c13b1250d688394eb7c99956a994527cb56f4a77c86ed61ff1dbda:618:PRIMARY,,,経産省,Engineering and Commercial Services (ECS)
NOOP_ALREADY_METI,engineeringcenterltd.,Engineering Center Ltd.,745,Engineering Center Ltd.,PRIMARY,745,"[""Engineering Center Ltd.""]",c632d657f9c13b1250d688394eb7c99956a994527cb56f4a77c86ed61ff1dbda:745:PRIMARY,,,経産省,Engineering Center Ltd.
READY_TAG_EXISTING,engineeringdesignbureaufakel,Engineering Design Bureau Fakel,765,Joint Stock Company Machine-Building Engineering Office Fakel Named After Akademika P.D. Grushina,ALIAS:2,765,"[""Engineering Design Bureau Fakel""]",c632d657f9c13b1250d688394eb7c99956a994527cb56f4a77c86ed61ff1dbda:765:ALIAS:2,,,OFAC;財務省,Engineering Design Bureau Fakel
NOOP_ALREADY_METI,engineeringresearchlaboratories(erl),Engineering Research Laboratories (ERL),641,Khan Research Laboratories (KRL),ALIAS:2,641,"[""Engineering Research Laboratories (ERL)""]",c632d657f9c13b1250d688394eb7c99956a994527cb56f4a77c86ed61ff1dbda:641:ALIAS:2,,,経産省,Engineering Research Laboratories (ERL)
NOOP_ALREADY_METI,engineeringsolutionspvt.ltd.,Engineering Solutions Pvt. Ltd.,619,Engineering Solutions Pvt. Ltd.,PRIMARY,619,"[""Engineering Solutions Pvt. Ltd.""]",c632d657f9c13b1250d688394eb7c99956a994527cb56f4a77c86ed61ff1dbda:619:PRIMARY,,,経産省,Engineering Solutions Pvt. Ltd.
NOOP_ALREADY_METI,erdcmetalpaintproducts(pvt)ltd.,ERDC Metal Paint Products (Pvt) Ltd.,620,ERDC Metal Paint Products (Pvt) Ltd.,PRIMARY,620,"[""ERDC Metal Paint Products (Pvt) Ltd.""]",c632d657f9c13b1250d688394eb7c99956a994527cb56f4a77c86ed61ff1dbda:620:PRIMARY,,,経産省,ERDC Metal Paint Products (Pvt) Ltd.
NOOP_ALREADY_METI,ertebateeghtessademonir,Ertebate Eghtessade Monir,178,Negin Parto Khavar,ALIAS:1,178,"[""Ertebate Eghtessade Monir""]",c632d657f9c13b1250d688394eb7c99956a994527cb56f4a77c86ed61ff1dbda:178:ALIAS:1,,,OFAC;経産省,ERTEBATE EGHTESSADE MONIR
NOOP_ALREADY_METI,ertebatgostarnovin,Ertebat Gostar Novin,88,Ertebat Gostar Novin,PRIMARY,88,"[""Ertebat Gostar Novin""]",c632d657f9c13b1250d688394eb7c99956a994527cb56f4a77c86ed61ff1dbda:88:PRIMARY,,,OFAC;経産省,ERTEBAT GOSTAR NOVIN
READY_TAG_EXISTING,ervindanesh,Ervin Danesh,89,Ervin Danesh Aryan Company,ALIAS:1,89,"[""Ervin Danesh""]",c632d657f9c13b1250d688394eb7c99956a994527cb56f4a77c86ed61ff1dbda:89:ALIAS:1,,,OFAC,Ervin Danesh
READY_TAG_EXISTING,ervindanesharyancompany,Ervin Danesh Aryan Company,89,Ervin Danesh Aryan Company,PRIMARY,89,"[""Ervin Danesh Aryan Company""]",c632d657f9c13b1250d688394eb7c99956a994527cb56f4a77c86ed61ff1dbda:89:PRIMARY,,,OFAC,ERVIN DANESH ARYAN COMPANY
NOOP_ALREADY_METI,esco.,ES Co.,87,Electro Sanam Company,ALIAS:3,87,"[""ES Co.""]",c632d657f9c13b1250d688394eb7c99956a994527cb56f4a77c86ed61ff1dbda:87:ALIAS:3,,,経産省,ES Co.
NOOP_ALREADY_METI,esfahan'smobarakehsteelcompany,Esfahan's Mobarakeh Steel Company,171,Mobarakeh Steel Company,ALIAS:2,171,"[""Esfahan's Mobarakeh Steel Company""]",c632d657f9c13b1250d688394eb7c99956a994527cb56f4a77c86ed61ff1dbda:171:ALIAS:2,,,OFAC;経産省,ESFAHAN'S MOBARAKEH STEEL COMPANY
NOOP_ALREADY_METI,esfahanmobarakehsteelcomplex,Esfahan Mobarakeh Steel Complex,171,Mobarakeh Steel Company,ALIAS:4,171,"[""Esfahan Mobarakeh Steel Complex""]",c632d657f9c13b1250d688394eb7c99956a994527cb56f4a77c86ed61ff1dbda:171:ALIAS:4,,,経産省,Esfahan Mobarakeh Steel Complex
NOOP_ALREADY_METI,esfahanopticindustry,ESFAHAN OPTIC INDUSTRY,136,Isfahan Optics,ALIAS:3,136,"[""ESFAHAN OPTIC INDUSTRY""]",c632d657f9c13b1250d688394eb7c99956a994527cb56f4a77c86ed61ff1dbda:136:ALIAS:3,,,OFAC;経産省,Esfahan Optic Industry
NOOP_ALREADY_METI,esfahanopticsindustry,ESFAHAN OPTICS INDUSTRY,136,Isfahan Optics,ALIAS:4,136,"[""ESFAHAN OPTICS INDUSTRY""]",c632d657f9c13b1250d688394eb7c99956a994527cb56f4a77c86ed61ff1dbda:136:ALIAS:4,,,OFAC;経産省,Esfahan Optics Industry
HOLD_WEAK_ALIAS,esg,ESG,730,EKT Electronics,ALIAS:12,730,"[""ESG""]",c632d657f9c13b1250d688394eb7c99956a994527cb56f4a77c86ed61ff1dbda:730:ALIAS:12,3文字と短く、照合時に誤検知が多発する見込み（ESG）,,,
NOOP_ALREADY_METI,esnico(equipmentsupplierfornuclearindustriescorporation),ESNICO (Equipment Supplier for Nuclear Industries Corporation),90,ESNICO (Equipment Supplier for Nuclear Industries Corporation),PRIMARY,90,"[""ESNICO (Equipment Supplier for Nuclear Industries Corporation)""]",c632d657f9c13b1250d688394eb7c99956a994527cb56f4a77c86ed61ff1dbda:90:PRIMARY,,,経産省,ESNICO (Equipment Supplier for Nuclear Industries Corporation)
NOOP_ALREADY_METI,etablissementindustrialdeladefence(etinde),Etablissement Industrial de la Defence (ETINDE),458,Industrial Establishment of Defense (IED),ALIAS:2,458,"[""Etablissement Industrial de la Defence (ETINDE)""]",c632d657f9c13b1250d688394eb7c99956a994527cb56f4a77c86ed61ff1dbda:458:ALIAS:2,,,経産省,Etablissement Industrial de la Defence (ETINDE)
NOOP_ALREADY_METI,eterbatgostarnovin,Eterbat Gostar Novin,88,Ertebat Gostar Novin,ALIAS:1,88,"[""Eterbat Gostar Novin""]",c632d657f9c13b1250d688394eb7c99956a994527cb56f4a77c86ed61ff1dbda:88:ALIAS:1,,,経産省,Eterbat Gostar Novin
NOOP_ALREADY_METI,ettehadtechnicalgroup,Ettehad Technical Group,91,Ettehad Technical Group,PRIMARY,91,"[""Ettehad Technical Group""]",c632d657f9c13b1250d688394eb7c99956a994527cb56f4a77c86ed61ff1dbda:91:PRIMARY,,,経産省;財務省,ETTEHAD TECHNICAL GROUP
NOOP_ALREADY_METI,euromotomiddleeastfze,Euromoto Middle East FZE,11,Euromoto Middle East FZE,PRIMARY,11,"[""Euromoto Middle East FZE""]",c632d657f9c13b1250d688394eb7c99956a994527cb56f4a77c86ed61ff1dbda:11:PRIMARY,,,経産省,Euromoto Middle East FZE
NOOP_ALREADY_METI,exco.,EX Co.,87,Electro Sanam Company,ALIAS:4,87,"[""EX Co.""]",c632d657f9c13b1250d688394eb7c99956a994527cb56f4a77c86ed61ff1dbda:87:ALIAS:4,,,経産省,EX Co.
READY_TAG_EXISTING,expertpartners,Expert Partners,454,Expert Partners,PRIMARY,454,"[""Expert Partners""]",c632d657f9c13b1250d688394eb7c99956a994527cb56f4a77c86ed61ff1dbda:454:PRIMARY,,,OFAC,EXPERT PARTNERS
READY_TAG_EXISTING,expertspartners,Experts Partners,454,Expert Partners,ALIAS:1,454,"[""Experts Partners""]",c632d657f9c13b1250d688394eb7c99956a994527cb56f4a77c86ed61ff1dbda:454:ALIAS:1,,,OFAC,Experts Partners
READY_TAG_EXISTING,externalconstructionbureau,EXTERNAL CONSTRUCTION BUREAU,314,EXTERNAL CONSTRUCTION BUREAU,PRIMARY,314,"[""EXTERNAL CONSTRUCTION BUREAU""]",c632d657f9c13b1250d688394eb7c99956a994527cb56f4a77c86ed61ff1dbda:314:PRIMARY,,,OFAC,EXTERNAL CONSTRUCTION BUREAU
NOOP_ALREADY_METI,externalconstructiongeneralcompany,EXTERNAL CONSTRUCTION GENERAL COMPANY,314,EXTERNAL CONSTRUCTION BUREAU,ALIAS:1,314,"[""EXTERNAL CONSTRUCTION GENERAL COMPANY""]",c632d657f9c13b1250d688394eb7c99956a994527cb56f4a77c86ed61ff1dbda:314:ALIAS:1,,,OFAC;経産省,External Construction General Company
NOOP_ALREADY_METI,externalconstructionguidancebureau,EXTERNAL CONSTRUCTION GUIDANCE BUREAU,314,EXTERNAL CONSTRUCTION BUREAU,ALIAS:2,314,"[""EXTERNAL CONSTRUCTION GUIDANCE BUREAU""]",c632d657f9c13b1250d688394eb7c99956a994527cb56f4a77c86ed61ff1dbda:314:ALIAS:2,,,OFAC;経産省,External Construction Guidance Bureau
NOOP_ALREADY_METI,externaltechnologygeneralcorporation,External Technology General Corporation,352,Korea Mining Development Trading Corporation (KOMID) (朝鮮鉱業開発貿易会社),ALIAS:4,352,"[""External Technology General Corporation""]",c632d657f9c13b1250d688394eb7c99956a994527cb56f4a77c86ed61ff1dbda:352:ALIAS:4,,,OFAC;経産省;財務省,EXTERNAL TECHNOLOGY GENERAL CORPORATION
NOOP_ALREADY_METI,eyvaztechnic,Eyvaz Technic,92,Eyvaz Technic,PRIMARY,92,"[""Eyvaz Technic""]",c632d657f9c13b1250d688394eb7c99956a994527cb56f4a77c86ed61ff1dbda:92:PRIMARY,,,OFAC;経産省,EYVAZ TECHNIC
NOOP_ALREADY_METI,eyvaztechnicindustrialcompanyltd.,Eyvaz Technic Industrial Company Ltd.,92,Eyvaz Technic,ALIAS:1,92,"[""Eyvaz Technic Industrial Company Ltd.""]",c632d657f9c13b1250d688394eb7c99956a994527cb56f4a77c86ed61ff1dbda:92:ALIAS:1,,,OFAC;経産省,Eyvaz Technic Industrial Company Ltd.
NOOP_ALREADY_METI,eyvaztechnicmanufacturingcompany,Eyvaz Technic Manufacturing Company,92,Eyvaz Technic,ALIAS:2,92,"[""Eyvaz Technic Manufacturing Company""]",c632d657f9c13b1250d688394eb7c99956a994527cb56f4a77c86ed61ff1dbda:92:ALIAS:2,,,OFAC;経産省,EYVAZ TECHNIC MANUFACTURING COMPANY
NOOP_ALREADY_METI,eyvaztechnik,Eyvaz Technik,92,Eyvaz Technic,ALIAS:3,92,"[""Eyvaz Technik""]",c632d657f9c13b1250d688394eb7c99956a994527cb56f4a77c86ed61ff1dbda:92:ALIAS:3,,,経産省,Eyvaz Technik
NOOP_ALREADY_METI,faaterinstitute,Faater Institute,103,Fater Institute,ALIAS:1,103,"[""Faater Institute""]",c632d657f9c13b1250d688394eb7c99956a994527cb56f4a77c86ed61ff1dbda:103:ALIAS:1,,,OFAC;経産省;財務省,FAATER INSTITUTE
NOOP_ALREADY_METI,fabconinternational,FabCon International,621,FabCon International,PRIMARY,621,"[""FabCon International""]",c632d657f9c13b1250d688394eb7c99956a994527cb56f4a77c86ed61ff1dbda:621:PRIMARY,,,経産省,FabCon International
NOOP_ALREADY_METI,facotrading,FACO Trading,622,FACO Trading,PRIMARY,622,"[""FACO Trading""]",c632d657f9c13b1250d688394eb7c99956a994527cb56f4a77c86ed61ff1dbda:622:PRIMARY,,,経産省,FACO Trading
NOOP_ALREADY_METI,fadjrindustriesgroup(fig),Fadjr Industries Group (FIG),94,Fajr Industrial Group,ALIAS:1,94,"[""Fadjr Industries Group (FIG)""]",c632d657f9c13b1250d688394eb7c99956a994527cb56f4a77c86ed61ff1dbda:94:ALIAS:1,,,経産省,Fadjr Industries Group (FIG)
NOOP_ALREADY_METI,fajraviationcompositeindustries,Fajr Aviation Composite Industries,93,Fajr Aviation Composite Industries,PRIMARY,93,"[""Fajr Aviation Composite Industries""]",c632d657f9c13b1250d688394eb7c99956a994527cb56f4a77c86ed61ff1dbda:93:PRIMARY,,,経産省,Fajr Aviation Composite Industries
NOOP_ALREADY_METI,fajrindustrialgroup,Fajr Industrial Group,94,Fajr Industrial Group,PRIMARY,94,"[""Fajr Industrial Group""]",c632d657f9c13b1250d688394eb7c99956a994527cb56f4a77c86ed61ff1dbda:94:PRIMARY,,,経産省;財務省,FAJR INDUSTRIAL GROUP
READY_TAG_EXISTING,fanamoj,Fanamoj,95,Fanamoj,PRIMARY,95,"[""Fanamoj"",""Fana Moj""]",c632d657f9c13b1250d688394eb7c99956a994527cb56f4a77c86ed61ff1dbda:95:PRIMARY;c632d657f9c13b1250d688394eb7c99956a994527cb56f4a77c86ed61ff1dbda:95:ALIAS:1,,,OFAC,FANAMOJ
READY_TAG_EXISTING,fanamojcompany,Fanamoj Company,95,Fanamoj,ALIAS:3,95,"[""Fanamoj Company""]",c632d657f9c13b1250d688394eb7c99956a994527cb56f4a77c86ed61ff1dbda:95:ALIAS:3,,,OFAC,Fanamoj Company
READY_TAG_EXISTING,fanamowj,Fana Mowj,95,Fanamoj,ALIAS:2,95,"[""Fana Mowj""]",c632d657f9c13b1250d688394eb7c99956a994527cb56f4a77c86ed61ff1dbda:95:ALIAS:2,,,OFAC,Fana Mowj
NOOP_ALREADY_METI,fanavarancommunicationindustrycompany,FANAVARAN COMMUNICATION INDUSTRY COMPANY,96,FANAVARAN SANAT ERTEBATAT COMPANY,ALIAS:1,96,"[""FANAVARAN COMMUNICATION INDUSTRY COMPANY""]",c632d657f9c13b1250d688394eb7c99956a994527cb56f4a77c86ed61ff1dbda:96:ALIAS:1,,,OFAC;経産省,Fanavaran Communication Industry Company
READY_TAG_EXISTING,fanavaransanatertebatatcompany,FANAVARAN SANAT ERTEBATAT COMPANY,96,FANAVARAN SANAT ERTEBATAT COMPANY,PRIMARY,96,"[""FANAVARAN SANAT ERTEBATAT COMPANY""]",c632d657f9c13b1250d688394eb7c99956a994527cb56f4a77c86ed61ff1dbda:96:PRIMARY,,,OFAC,FANAVARAN SANAT ERTEBATAT COMPANY
READY_TAG_EXISTING,fanavarimodjkhavar,Fanavari Modj Khavar,95,Fanamoj,ALIAS:4,95,"[""Fanavari Modj Khavar""]",c632d657f9c13b1250d688394eb7c99956a994527cb56f4a77c86ed61ff1dbda:95:ALIAS:4,,,OFAC,Fanavari Modj Khavar
NOOP_ALREADY_METI,fanavarimojkhavarco.,Fanavari Moj Khavar Co.,95,Fanamoj,ALIAS:5,95,"[""Fanavari Moj Khavar Co.""]",c632d657f9c13b1250d688394eb7c99956a994527cb56f4a77c86ed61ff1dbda:95:ALIAS:5,,,OFAC;経産省,Fanavari Moj Khavar Co.
READY_TAG_EXISTING,fanavarimoudjkhavargroup,Fanavari Moudj Khavar Group,95,Fanamoj,ALIAS:6,95,"[""Fanavari Moudj Khavar Group""]",c632d657f9c13b1250d688394eb7c99956a994527cb56f4a77c86ed61ff1dbda:95:ALIAS:6,,,OFAC,Fanavari Moudj Khavar Group
READY_TAG_EXISTING,fanavarimowjkhavar,Fanavari Mowj Khavar,95,Fanamoj,ALIAS:7,95,"[""Fanavari Mowj Khavar""]",c632d657f9c13b1250d688394eb7c99956a994527cb56f4a77c86ed61ff1dbda:95:ALIAS:7,,,OFAC,Fanavari Mowj Khavar
NOOP_ALREADY_METI,fanpardazan,Fan Pardazan,97,Fan Pardazan,PRIMARY,97,"[""Fan Pardazan""]",c632d657f9c13b1250d688394eb7c99956a994527cb56f4a77c86ed61ff1dbda:97:PRIMARY,,,OFAC;経産省,FAN PARDAZAN
NOOP_ALREADY_METI,fanpardazanco,Fan Pardazan Co,97,Fan Pardazan,ALIAS:1,97,"[""Fan Pardazan Co""]",c632d657f9c13b1250d688394eb7c99956a994527cb56f4a77c86ed61ff1dbda:97:ALIAS:1,,,経産省,Fan Pardazan Co
NOOP_ALREADY_METI,farasakhtindustries,Farasakht Industries,98,Farasakht Industries,PRIMARY,98,"[""Farasakht Industries""]",c632d657f9c13b1250d688394eb7c99956a994527cb56f4a77c86ed61ff1dbda:98:PRIMARY,,,OFAC;経産省;財務省,FARASAKHT INDUSTRIES
NOOP_ALREADY_METI,farasepehrengineeringcompany,Farasepehr Engineering Company,99,Farasepehr Engineering Company,PRIMARY,99,"[""Farasepehr Engineering Company""]",c632d657f9c13b1250d688394eb7c99956a994527cb56f4a77c86ed61ff1dbda:99:PRIMARY,,,OFAC;経産省,FARASEPEHR ENGINEERING COMPANY
NOOP_ALREADY_METI,faratech,Faratech,100,Faratech,PRIMARY,100,"[""Faratech""]",c632d657f9c13b1250d688394eb7c99956a994527cb56f4a77c86ed61ff1dbda:100:PRIMARY,,,OFAC;経産省,FARATECH
NOOP_ALREADY_METI,faratechcompany,Faratech Company,100,Faratech,ALIAS:1,100,"[""Faratech Company""]",c632d657f9c13b1250d688394eb7c99956a994527cb56f4a77c86ed61ff1dbda:100:ALIAS:1,,,OFAC;経産省,FARATECH COMPANY
NOOP_ALREADY_METI,farayandtechnic,Farayand Technic,101,Farayand Technique,ALIAS:1,101,"[""Farayand Technic""]",c632d657f9c13b1250d688394eb7c99956a994527cb56f4a77c86ed61ff1dbda:101:ALIAS:1,,,OFAC;経産省,FARAYAND TECHNIC
NOOP_ALREADY_METI,farayandtechnique,Farayand Technique,101,Farayand Technique,PRIMARY,101,"[""Farayand Technique""]",c632d657f9c13b1250d688394eb7c99956a994527cb56f4a77c86ed61ff1dbda:101:PRIMARY,,,OFAC;経産省;財務省,FARAYAND TECHNIQUE
NOOP_ALREADY_METI,"farazanco.,ltd.","FARAZAN CO., LTD.",102,"FARAZAN INDUSTRIAL ENGINEERING, INC.",ALIAS:1,102,"[""FARAZAN CO., LTD.""]",c632d657f9c13b1250d688394eb7c99956a994527cb56f4a77c86ed61ff1dbda:102:ALIAS:1,,,OFAC;経産省,"FARAZAN CO., LTD."
NOOP_ALREADY_METI,farazancompany,FARAZAN COMPANY,102,"FARAZAN INDUSTRIAL ENGINEERING, INC.",ALIAS:2,102,"[""FARAZAN COMPANY""]",c632d657f9c13b1250d688394eb7c99956a994527cb56f4a77c86ed61ff1dbda:102:ALIAS:2,,,OFAC;経産省,Farazan Company
READY_TAG_EXISTING,"farazanindustrialengineering,inc.","FARAZAN INDUSTRIAL ENGINEERING, INC.",102,"FARAZAN INDUSTRIAL ENGINEERING, INC.",PRIMARY,102,"[""FARAZAN INDUSTRIAL ENGINEERING, INC.""]",c632d657f9c13b1250d688394eb7c99956a994527cb56f4a77c86ed61ff1dbda:102:PRIMARY,,,OFAC,"FARAZAN INDUSTRIAL ENGINEERING, INC."
NOOP_ALREADY_METI,faraztegaratertebatcompany,FARAZ TEGARAT ERTEBAT COMPANY,189,PARDAZAN SYSTEM NAMAD ARMAN,ALIAS:1,189,"[""FARAZ TEGARAT ERTEBAT COMPANY""]",c632d657f9c13b1250d688394eb7c99956a994527cb56f4a77c86ed61ff1dbda:189:ALIAS:1,,,OFAC;経産省,Faraz Tegarat Ertebat Company
READY_TAG_EXISTING,farhadghaediwholesalersllc,FARHAD GHAEDI WHOLESALERS LLC,12,FARHAD GHAEDI WHOLESALERS LLC,PRIMARY,12,"[""FARHAD GHAEDI WHOLESALERS LLC""]",c632d657f9c13b1250d688394eb7c99956a994527cb56f4a77c86ed61ff1dbda:12:PRIMARY,,,OFAC,FARHAD GHAEDI WHOLESALERS LLC
NOOP_ALREADY_METI,faterengineeringcompany,Fater Engineering Company,103,Fater Institute,ALIAS:2,103,"[""Fater Engineering Company""]",c632d657f9c13b1250d688394eb7c99956a994527cb56f4a77c86ed61ff1dbda:103:ALIAS:2,,,OFAC;経産省,FATER ENGINEERING COMPANY
NOOP_ALREADY_METI,faterengineeringinstitute,Fater Engineering Institute,103,Fater Institute,ALIAS:3,103,"[""Fater Engineering Institute""]",c632d657f9c13b1250d688394eb7c99956a994527cb56f4a77c86ed61ff1dbda:103:ALIAS:3,,,OFAC;経産省,FATER ENGINEERING INSTITUTE
NOOP_ALREADY_METI,faterinstitute,Fater Institute,103,Fater Institute,PRIMARY,103,"[""Fater Institute""]",c632d657f9c13b1250d688394eb7c99956a994527cb56f4a77c86ed61ff1dbda:103:PRIMARY,,,経産省;財務省,FATER INSTITUTE
NOOP_ALREADY_METI,federalcenterfordual-usetechnology(ftsdt)soyuz,Federal Center for Dual-Use Technology (FTsDT) Soyuz,749,"FSUE ""The Federal Center for Dual-Use Technologies ""Soyuz""",ALIAS:1,749,"[""Federal Center for Dual-Use Technology (FTsDT) Soyuz""]",c632d657f9c13b1250d688394eb7c99956a994527cb56f4a77c86ed61ff1dbda:749:ALIAS:1,,,経産省,Federal Center for Dual-Use Technology (FTsDT) Soyuz
READY_TAG_EXISTING,federalresearchandproductioncentertitanbarrikadyjsc,Federal Research and Production Center Titan Barrikady JSC,763,Joint Stock Company Federal Scientific and Production Center Titan-Barrikady,ALIAS:1,763,"[""Federal Research and Production Center Titan Barrikady JSC""]",c632d657f9c13b1250d688394eb7c99956a994527cb56f4a77c86ed61ff1dbda:763:ALIAS:1,,,OFAC;財務省,FEDERAL RESEARCH AND PRODUCTION CENTER TITAN BARRIKADY JSC
NOOP_ALREADY_METI,federalsecurityservice(fsb),Federal Security Service（FSB）,746,Federal Security Service（FSB）,PRIMARY,746,"[""Federal Security Service（FSB）""]",c632d657f9c13b1250d688394eb7c99956a994527cb56f4a77c86ed61ff1dbda:746:PRIMARY,,,経産省,Federal Security Service(FSB)
READY_TAG_EXISTING,federalstatebudgetaryestablishment27scientificcenteroftheministryofdefenseoftherussianfederation,FEDERAL STATE BUDGETARY ESTABLISHMENT 27 SCIENTIFIC CENTER OF THE MINISTRY OF DEFENSE OF THE RUSSIAN FEDERATION,736,27th Scientific Center of the Russian Ministry of Defense,ALIAS:2,736,"[""FEDERAL STATE BUDGETARY ESTABLISHMENT 27 SCIENTIFIC CENTER OF THE MINISTRY OF DEFENSE OF THE RUSSIAN FEDERATION""]",c632d657f9c13b1250d688394eb7c99956a994527cb56f4a77c86ed61ff1dbda:736:ALIAS:2,,,OFAC,FEDERAL STATE BUDGETARY ESTABLISHMENT 27 SCIENTIFIC CENTER OF THE MINISTRY OF DEFENSE OF THE RUSSIAN FEDERATION
READY_ADD,federalstatebudgetaryestablishment33centralscientificresearchtestinstituteoftheministryofdefenseoftherussian,FEDERAL STATE BUDGETARY ESTABLISHMENT 33 CENTRAL SCIENTIFIC RESEARCH TEST INSTITUTE OF THE MINISTRY OF DEFENSE OF THE RUSSIAN,737,33rd Scientific Research and Testing Institute,ALIAS:2,737,"[""FEDERAL STATE BUDGETARY ESTABLISHMENT 33 CENTRAL SCIENTIFIC RESEARCH TEST INSTITUTE OF THE MINISTRY OF DEFENSE OF THE RUSSIAN""]",c632d657f9c13b1250d688394eb7c99956a994527cb56f4a77c86ed61ff1dbda:737:ALIAS:2,125文字と異常に長い。複数名が1セルに連結された疑い,SOURCE_VERIFIED_LONG_ALIAS,,
NOOP_ALREADY_METI,federalstateunitaryenterprisedukhovautomaticsresearchinstitute(vniia),Federal State Unitary Enterprise Dukhov Automatics Research Institute（VNIIA）,747,Federal State Unitary Enterprise Dukhov Automatics Research Institute（VNIIA）,PRIMARY,747,"[""Federal State Unitary Enterprise Dukhov Automatics Research Institute（VNIIA）""]",c632d657f9c13b1250d688394eb7c99956a994527cb56f4a77c86ed61ff1dbda:747:PRIMARY,,,経産省,Federal State Unitary Enterprise Dukhov Automatics Research Institute(VNIIA)
NOOP_ALREADY_METI,fhanginco.ltd.,Fhangin Co. Ltd.,315,Fhangin Co. Ltd.,PRIMARY,315,"[""Fhangin Co. Ltd.""]",c632d657f9c13b1250d688394eb7c99956a994527cb56f4a77c86ed61ff1dbda:315:PRIMARY,,,経産省,Fhangin Co. Ltd.
READY_ADD,fidarsystempooyan,Fidar System Pooyan,104,Fidar System Pooyan,PRIMARY,104,"[""Fidar System Pooyan""]",c632d657f9c13b1250d688394eb7c99956a994527cb56f4a77c86ed61ff1dbda:104:PRIMARY,,,,
READY_ADD,fidarsystempouyan,Fidar System Pouyan,104,Fidar System Pooyan,ALIAS:1,104,"[""Fidar System Pouyan""]",c632d657f9c13b1250d688394eb7c99956a994527cb56f4a77c86ed61ff1dbda:104:ALIAS:1,,,,
NOOP_ALREADY_METI,"filial""astrakhanskisudoremontnyzavod""aktsionernogoobshchestva""tsentrsudoremonta""zvezdochka","Filial ""Astrakhanski Sudoremontny Zavod"" Aktsionernogo Obshchestva ""Tsentr sudoremonta ""Zvezdochka""",830,"United Shipbuilding Corporation JSC ""SC ""Zvyozdochka""",ALIAS:1,830,"[""Filial \""Astrakhanski Sudoremontny Zavod\"" Aktsionernogo Obshchestva \""Tsentr sudoremonta \""Zvezdochka\""""]",c632d657f9c13b1250d688394eb7c99956a994527cb56f4a77c86ed61ff1dbda:830:ALIAS:1,,,経産省,Filial “Astrakhanski Sudoremontny Zavod” Aktsionernogo Obshchestva “Tsentr sudoremonta “Zvezdochka”
NOOP_ALREADY_METI,firstacademyofthechinaaerospacesciencetechnologycorporation(中国航天科技集団公司第一研究院),First Academy of the China Aerospace Science Technology Corporation (中国航天科技集団公司第一研究院),508,China Academy of Launch Vehicle Technology (CALT) (中国運載火箭技術研究院),ALIAS:2,508,"[""First Academy of the China Aerospace Science Technology Corporation (中国航天科技集団公司第一研究院)""]",c632d657f9c13b1250d688394eb7c99956a994527cb56f4a77c86ed61ff1dbda:508:ALIAS:2,,,経産省,First Academy of the China Aerospace Science Technology Corporation (中国航天科技集団公司第一研究院)
READY_ADD,firsttrustfinanceco.ltd.(第一信託会社),First Trust Finance Co. Ltd. (第一信託会社),316,First Trust Finance Co. Ltd. (第一信託会社),PRIMARY,316,"[""First Trust Finance Co. Ltd. (第一信託会社)""]",c632d657f9c13b1250d688394eb7c99956a994527cb56f4a77c86ed61ff1dbda:316:PRIMARY,,,,
NOOP_ALREADY_METI,fitco,FITCO,172,Mobin Sanjesh,ALIAS:1,172,"[""FITCO""]",c632d657f9c13b1250d688394eb7c99956a994527cb56f4a77c86ed61ff1dbda:172:ALIAS:1,,,経産省,FITCO
NOOP_ALREADY_METI,foreignintelligenceservice(svr),Foreign Intelligence Service（SVR）,748,Foreign Intelligence Service（SVR）,PRIMARY,748,"[""Foreign Intelligence Service（SVR）""]",c632d657f9c13b1250d688394eb7c99956a994527cb56f4a77c86ed61ff1dbda:748:PRIMARY,,,経産省,Foreign Intelligence Service(SVR)
READY_ADD,foreigntradebankofthedemocraticpeople'srepublicofkorea(貿易銀行),Foreign Trade Bank of the Democratic People's Republic of Korea (貿易銀行),317,Foreign Trade Bank of the Democratic People's Republic of Korea (貿易銀行),PRIMARY,317,"[""Foreign Trade Bank of the Democratic People's Republic of Korea (貿易銀行)""]",c632d657f9c13b1250d688394eb7c99956a994527cb56f4a77c86ed61ff1dbda:317:PRIMARY,,,,
NOOP_ALREADY_METI,forwarddesignandmanufacturing,Forward Design and Manufacturing,703,Universal Tooling Services,ALIAS:1,703,"[""Forward Design and Manufacturing""]",c632d657f9c13b1250d688394eb7c99956a994527cb56f4a77c86ed61ff1dbda:703:ALIAS:1,,,経産省,Forward Design and Manufacturing
READY_TAG_EXISTING,foundationforconstruction,FOUNDATION FOR CONSTRUCTION,2,Ummah Tameer E-Nau (UTN),ALIAS:1,2,"[""FOUNDATION FOR CONSTRUCTION""]",c632d657f9c13b1250d688394eb7c99956a994527cb56f4a77c86ed61ff1dbda:2:ALIAS:1,,,OFAC,FOUNDATION FOR CONSTRUCTION
NOOP_ALREADY_METI,"fsue""thefederalcenterfordual-usetechnologies""soyuz","FSUE ""The Federal Center for Dual-Use Technologies ""Soyuz""",749,"FSUE ""The Federal Center for Dual-Use Technologies ""Soyuz""",PRIMARY,749,"[""FSUE \""The Federal Center for Dual-Use Technologies \""Soyuz\""""]",c632d657f9c13b1250d688394eb7c99956a994527cb56f4a77c86ed61ff1dbda:749:PRIMARY,,,経産省,"FSUE ""The Federal Center for Dual-Use Technologies ""Soyuz"""
READY_TAG_EXISTING,fsuefcdtsoyuz,FSUE FCDT Soyuz,749,"FSUE ""The Federal Center for Dual-Use Technologies ""Soyuz""",ALIAS:2,749,"[""FSUE FCDT Soyuz""]",c632d657f9c13b1250d688394eb7c99956a994527cb56f4a77c86ed61ff1dbda:749:ALIAS:2,,,OFAC,FSUE FCDT Soyuz
HOLD_WEAK_ALIAS,ftb,FTB,317,Foreign Trade Bank of the Democratic People's Republic of Korea (貿易銀行),ALIAS:1,317,"[""FTB""]",c632d657f9c13b1250d688394eb7c99956a994527cb56f4a77c86ed61ff1dbda:317:ALIAS:1,3文字と短く、照合時に誤検知が多発する見込み（FTB）,,財務省,FTB
NOOP_ALREADY_METI,fulmen,Fulmen,105,Fulmen,PRIMARY,105,"[""Fulmen""]",c632d657f9c13b1250d688394eb7c99956a994527cb56f4a77c86ed61ff1dbda:105:PRIMARY,,,経産省,Fulmen
NOOP_ALREADY_METI,fulmencompany,Fulmen Company,105,Fulmen,ALIAS:1,105,"[""Fulmen Company""]",c632d657f9c13b1250d688394eb7c99956a994527cb56f4a77c86ed61ff1dbda:105:ALIAS:1,,,OFAC;経産省,FULMEN COMPANY
NOOP_ALREADY_METI,fulmengroup,Fulmen Group,105,Fulmen,ALIAS:2,105,"[""Fulmen Group""]",c632d657f9c13b1250d688394eb7c99956a994527cb56f4a77c86ed61ff1dbda:105:ALIAS:2,,,OFAC;経産省,FULMEN GROUP
NOOP_ALREADY_METI,"fushunjinlypetrochemicalcarbonco.,ltd.","Fushun Jinly Petrochemical Carbon Co., Ltd.",534,"Fushun Jinly Petrochemical Carbon Co., Ltd.",PRIMARY,534,"[""Fushun Jinly Petrochemical Carbon Co., Ltd.""]",c632d657f9c13b1250d688394eb7c99956a994527cb56f4a77c86ed61ff1dbda:534:PRIMARY,,,経産省,"Fushun Jinly Petrochemical Carbon Co., Ltd."
NOOP_ALREADY_METI,futuresystemspvt.ltd.,Future Systems Pvt. Ltd.,623,Future Systems Pvt. Ltd.,PRIMARY,623,"[""Future Systems Pvt. Ltd.""]",c632d657f9c13b1250d688394eb7c99956a994527cb56f4a77c86ed61ff1dbda:623:PRIMARY,,,経産省,Future Systems Pvt. Ltd.
NOOP_ALREADY_METI,futuretrends,Future Trends,14,"Future Trends International, FZE LLC",ALIAS:1,14,"[""Future Trends""]",c632d657f9c13b1250d688394eb7c99956a994527cb56f4a77c86ed61ff1dbda:14:ALIAS:1,,,経産省,Future Trends
READY_TAG_EXISTING,futuretrendsgoodswholesalersllc,FUTURE TRENDS GOODS WHOLESALERS LLC,13,FUTURE TRENDS GOODS WHOLESALERS LLC,PRIMARY,13,"[""FUTURE TRENDS GOODS WHOLESALERS LLC""]",c632d657f9c13b1250d688394eb7c99956a994527cb56f4a77c86ed61ff1dbda:13:PRIMARY,,,OFAC,FUTURE TRENDS GOODS WHOLESALERS LLC
NOOP_ALREADY_METI,futuretrendsintlfzellc,Future Trends Intl FZE LLC,14,"Future Trends International, FZE LLC",ALIAS:2,14,"[""Future Trends Intl FZE LLC""]",c632d657f9c13b1250d688394eb7c99956a994527cb56f4a77c86ed61ff1dbda:14:ALIAS:2,,,経産省,Future Trends Intl FZE LLC
NOOP_ALREADY_METI,fyit,FYIT,715,"FY INTERNATIONAL TRADING CO., LIMITED （伊國際貿易有限公司）",ALIAS:1,715,"[""FYIT""]",c632d657f9c13b1250d688394eb7c99956a994527cb56f4a77c86ed61ff1dbda:715:ALIAS:1,,,経産省,FYIT
NOOP_ALREADY_METI,fzellcfuturetrendsinternational,"Future Trends International, FZE LLC",14,"Future Trends International, FZE LLC",PRIMARY,14,"[""Future Trends International, FZE LLC""]",c632d657f9c13b1250d688394eb7c99956a994527cb56f4a77c86ed61ff1dbda:14:PRIMARY,,,経産省,"Future Trends International, FZE LLC"
NOOP_ALREADY_METI,generalbureauofatomicenergy(gbae)(原子力総局),General Bureau of Atomic Energy (GBAE) (原子力総局),390,Ministry of Atomic Energy Industry (MAEI) (原子力工業省),ALIAS:1,390,"[""General Bureau of Atomic Energy (GBAE) (原子力総局)""]",c632d657f9c13b1250d688394eb7c99956a994527cb56f4a77c86ed61ff1dbda:390:ALIAS:1,,,経産省,General Bureau of Atomic Energy (GBAE) (原子力総局)
NOOP_ALREADY_METI,generalbureauofreconnaissance,General Bureau of Reconnaissance,421,Reconnaissance General Bureau (RGB) (偵察総局),ALIAS:2,421,"[""General Bureau of Reconnaissance""]",c632d657f9c13b1250d688394eb7c99956a994527cb56f4a77c86ed61ff1dbda:421:ALIAS:2,,,経産省,General Bureau of Reconnaissance
NOOP_ALREADY_METI,generalbureauofsurveillance,General Bureau of Surveillance,421,Reconnaissance General Bureau (RGB) (偵察総局),ALIAS:3,421,"[""General Bureau of Surveillance""]",c632d657f9c13b1250d688394eb7c99956a994527cb56f4a77c86ed61ff1dbda:421:ALIAS:3,,,経産省,General Bureau of Surveillance
NOOP_ALREADY_METI,generaldepartmentofatomicenergy(gdae),General Department of Atomic Energy (GDAE),390,Ministry of Atomic Energy Industry (MAEI) (原子力工業省),ALIAS:2,390,"[""General Department of Atomic Energy (GDAE)""]",c632d657f9c13b1250d688394eb7c99956a994527cb56f4a77c86ed61ff1dbda:390:ALIAS:2,,,経産省,General Department of Atomic Energy (GDAE)
READY_ADD,generalelectronic,General Electronic,106,General Electronic,PRIMARY,106,"[""General Electronic""]",c632d657f9c13b1250d688394eb7c99956a994527cb56f4a77c86ed61ff1dbda:106:PRIMARY,,,,
NOOP_ALREADY_METI,generalorganizationforengineeringindustries,General Organization for Engineering Industries,456,Handasieh,ALIAS:1,456,"[""General Organization for Engineering Industries""]",c632d657f9c13b1250d688394eb7c99956a994527cb56f4a77c86ed61ff1dbda:456:ALIAS:1,,,経産省,General Organization for Engineering Industries
NOOP_ALREADY_METI,generalreconnaissancebureau,General Reconnaissance Bureau,421,Reconnaissance General Bureau (RGB) (偵察総局),ALIAS:4,421,"[""General Reconnaissance Bureau""]",c632d657f9c13b1250d688394eb7c99956a994527cb56f4a77c86ed61ff1dbda:421:ALIAS:4,,,経産省,General Reconnaissance Bureau
READY_ADD,generaltechnologylimited(大眾科技有限公司),General Technology Limited（大眾科技有限公司 ）,716,General Technology Limited（大眾科技有限公司 ）,PRIMARY,716,"[""General Technology Limited（大眾科技有限公司 ）""]",c632d657f9c13b1250d688394eb7c99956a994527cb56f4a77c86ed61ff1dbda:716:PRIMARY,,,,
NOOP_ALREADY_METI,ghanisazienrichment,GHANI SAZI ENRICHMENT,39,ADVANCED TECHNOLOGIES COMPANY OF IRAN,ALIAS:4,39,"[""GHANI SAZI ENRICHMENT""]",c632d657f9c13b1250d688394eb7c99956a994527cb56f4a77c86ed61ff1dbda:39:ALIAS:4,,,OFAC;経産省,Ghani Sazi Enrichment
NOOP_ALREADY_METI,ghanisaziuraniumcompany,GHANI SAZI URANIUM COMPANY,39,ADVANCED TECHNOLOGIES COMPANY OF IRAN,ALIAS:5,39,"[""GHANI SAZI URANIUM COMPANY""]",c632d657f9c13b1250d688394eb7c99956a994527cb56f4a77c86ed61ff1dbda:39:ALIAS:5,,,経産省,GHANI SAZI URANIUM COMPANY
NOOP_ALREADY_METI,gharagahesazandegighaem,Gharagahe Sazandegi Ghaem,107,Gharagahe Sazandegi Ghaem,PRIMARY,107,"[""Gharagahe Sazandegi Ghaem""]",c632d657f9c13b1250d688394eb7c99956a994527cb56f4a77c86ed61ff1dbda:107:PRIMARY,,,経産省;財務省,GHARAGAHE SAZANDEGI GHAEM
NOOP_ALREADY_METI,gharargahesazandegighaem,Gharargahe Sazandegi Ghaem,107,Gharagahe Sazandegi Ghaem,ALIAS:2,107,"[""Gharargahe Sazandegi Ghaem""]",c632d657f9c13b1250d688394eb7c99956a994527cb56f4a77c86ed61ff1dbda:107:ALIAS:2,,,OFAC;経産省,GHARARGAHE SAZANDEGI GHAEM
NOOP_ALREADY_METI,gharargahghaem,Gharargah Ghaem,107,Gharagahe Sazandegi Ghaem,ALIAS:1,107,"[""Gharargah Ghaem""]",c632d657f9c13b1250d688394eb7c99956a994527cb56f4a77c86ed61ff1dbda:107:ALIAS:1,,,OFAC;経産省,GHARARGAH GHAEM
NOOP_ALREADY_METI,gharargahghaemfaaterinstitute,Gharargah Ghaem Faater Institute,103,Fater Institute,ALIAS:4,103,"[""Gharargah Ghaem Faater Institute""]",c632d657f9c13b1250d688394eb7c99956a994527cb56f4a77c86ed61ff1dbda:103:ALIAS:4,,,OFAC;経産省,GHARARGAH GHAEM FAATER INSTITUTE
NOOP_ALREADY_METI,gharargahkarbala,Gharargah Karbala,108,Ghorb Karbala,ALIAS:1,108,"[""Gharargah Karbala""]",c632d657f9c13b1250d688394eb7c99956a994527cb56f4a77c86ed61ff1dbda:108:ALIAS:1,,,OFAC;経産省,GHARARGAH KARBALA
NOOP_ALREADY_METI,gharargahsazandegikarbala-moassesehtaha,Gharargah Sazandegi Karbala-Moasseseh Taha,108,Ghorb Karbala,ALIAS:2,108,"[""Gharargah Sazandegi Karbala-Moasseseh Taha""]",c632d657f9c13b1250d688394eb7c99956a994527cb56f4a77c86ed61ff1dbda:108:ALIAS:2,,,OFAC;経産省,Gharargah Sazandegi Karbala-Moasseseh Taha
NOOP_ALREADY_METI,ghorbkarbala,Ghorb Karbala,108,Ghorb Karbala,PRIMARY,108,"[""Ghorb Karbala""]",c632d657f9c13b1250d688394eb7c99956a994527cb56f4a77c86ed61ff1dbda:108:PRIMARY,,,OFAC;経産省;財務省,GHORB KARBALA
NOOP_ALREADY_METI,ghorbkhatam,Ghorb Khatam,153,Khatam al-Anbiya Construction Headquarters (KAA),ALIAS:1,153,"[""Ghorb Khatam""]",c632d657f9c13b1250d688394eb7c99956a994527cb56f4a77c86ed61ff1dbda:153:ALIAS:1,,,OFAC;経産省,GHORB KHATAM
NOOP_ALREADY_METI,ghorbnooh,Ghorb Nooh,109,Ghorb Nooh,PRIMARY,109,"[""Ghorb Nooh""]",c632d657f9c13b1250d688394eb7c99956a994527cb56f4a77c86ed61ff1dbda:109:PRIMARY,,,OFAC;経産省;財務省,GHORB NOOH
NOOP_ALREADY_METI,glavnoerazvedyvatel'noeupravlenie,GLAVNOE RAZVEDYVATEL'NOE UPRAVLENIE,785,Main Intelligence Directorate,ALIAS:1,785,"[""GLAVNOE RAZVEDYVATEL'NOE UPRAVLENIE""]",c632d657f9c13b1250d688394eb7c99956a994527cb56f4a77c86ed61ff1dbda:785:ALIAS:1,,,OFAC;経産省,GLAVNOE RAZVEDYVATEL'NOE UPRAVLENIE
READY_TAG_EXISTING,goldenstarco,GOLDEN STAR CO,455,GOLDEN STAR CO,PRIMARY,455,"[""GOLDEN STAR CO""]",c632d657f9c13b1250d688394eb7c99956a994527cb56f4a77c86ed61ff1dbda:455:PRIMARY,,,OFAC,GOLDEN STAR CO
NOOP_ALREADY_METI,goldenstarinternationalfreightlimited,GOLDEN STAR INTERNATIONAL FREIGHT LIMITED,455,GOLDEN STAR CO,ALIAS:1,455,"[""GOLDEN STAR INTERNATIONAL FREIGHT LIMITED""]",c632d657f9c13b1250d688394eb7c99956a994527cb56f4a77c86ed61ff1dbda:455:ALIAS:1,,,OFAC;経産省,GOLDEN STAR INTERNATIONAL FREIGHT Limited
NOOP_ALREADY_METI,goldenstartrading&internationalfreight,GOLDEN STAR TRADING & INTERNATIONAL FREIGHT,455,GOLDEN STAR CO,ALIAS:2,455,"[""GOLDEN STAR TRADING & INTERNATIONAL FREIGHT""]",c632d657f9c13b1250d688394eb7c99956a994527cb56f4a77c86ed61ff1dbda:455:ALIAS:2,,,OFAC;経産省,GOLDEN STAR TRADING & INTERNATIONAL FREIGHT
READY_TAG_EXISTING,goldenstartradingandinternationalfreight,GOLDEN STAR TRADING AND INTERNATIONAL FREIGHT,455,GOLDEN STAR CO,ALIAS:3,455,"[""GOLDEN STAR TRADING AND INTERNATIONAL FREIGHT""]",c632d657f9c13b1250d688394eb7c99956a994527cb56f4a77c86ed61ff1dbda:455:ALIAS:3,,,OFAC,GOLDEN STAR TRADING AND INTERNATIONAL FREIGHT
READY_TAG_EXISTING,goldenstartradinginternationalfreight,GOLDEN STAR TRADING INTERNATIONAL FREIGHT,455,GOLDEN STAR CO,ALIAS:4,455,"[""GOLDEN STAR TRADING INTERNATIONAL FREIGHT""]",c632d657f9c13b1250d688394eb7c99956a994527cb56f4a77c86ed61ff1dbda:455:ALIAS:4,,,OFAC,GOLDEN STAR TRADING INTERNATIONAL FREIGHT
NOOP_ALREADY_METI,"gosmkb""rainbow""them.andi.bereznyak","GosMKB ""Rainbow"" them. AND I. Bereznyak",805,"""Raduga"" State Engineering Design Bureau JSC named after A.Y. Bereznyak",ALIAS:2,805,"[""GosMKB \""Rainbow\"" them. AND I. Bereznyak""]",c632d657f9c13b1250d688394eb7c99956a994527cb56f4a77c86ed61ff1dbda:805:ALIAS:2,,,経産省,"GosMKB ""Rainbow"" them. AND I. Bereznyak"
NOOP_ALREADY_METI,gosniimash,GosNIImash,812,"""Scientific Research Institute for Mechanical Engineering"" JSC",ALIAS:1,812,"[""GosNIImash""]",c632d657f9c13b1250d688394eb7c99956a994527cb56f4a77c86ed61ff1dbda:812:ALIAS:1,,,経産省;財務省,GosNIImash
NOOP_ALREADY_METI,gosniiokht,GosNIIOKhT,817,State Scientific Research Institute of Organic Chemistry and Technology,ALIAS:1,817,"[""GosNIIOKhT""]",c632d657f9c13b1250d688394eb7c99956a994527cb56f4a77c86ed61ff1dbda:817:ALIAS:1,,,OFAC;経産省,GOSNIIOKHT
READY_ADD,greenpineassociatedcorporation(青松連合),Green Pine Associated Corporation （青松連合）,318,Green Pine Associated Corporation （青松連合）,PRIMARY,318,"[""Green Pine Associated Corporation （青松連合）""]",c632d657f9c13b1250d688394eb7c99956a994527cb56f4a77c86ed61ff1dbda:318:PRIMARY,,,,
HOLD_WEAK_ALIAS,gru,GRU,785,Main Intelligence Directorate,ALIAS:2,785,"[""GRU""]",c632d657f9c13b1250d688394eb7c99956a994527cb56f4a77c86ed61ff1dbda:785:ALIAS:2,3文字と短く、照合時に誤検知が多発する見込み（GRU）,,OFAC,GRU
READY_ADD,"grungroupco.,ltd","Grun Group Co., Ltd",535,"Grun Group Co., Limited",ALIAS:1,535,"[""Grun Group Co., Ltd""]",c632d657f9c13b1250d688394eb7c99956a994527cb56f4a77c86ed61ff1dbda:535:ALIAS:1,,,,
READY_TAG_EXISTING,"guangzhouausaytechnologyco.,ltd.","Guangzhou Ausay Technology Co., Ltd.",536,"GuangZhou Ausay Technology Co., Ltd. （广州欧赛科技有限公司）",ALIAS:1,536,"[""Guangzhou Ausay Technology Co., Ltd.""]",c632d657f9c13b1250d688394eb7c99956a994527cb56f4a77c86ed61ff1dbda:536:ALIAS:1,,,OFAC,"GUANGZHOU AUSAY TECHNOLOGY CO., LTD."
READY_ADD,"guangzhouausaytechnologyco.,ltd.(广州欧赛科技有限公司)","GuangZhou Ausay Technology Co., Ltd. （广州欧赛科技有限公司）",536,"GuangZhou Ausay Technology Co., Ltd. （广州欧赛科技有限公司）",PRIMARY,536,"[""GuangZhou Ausay Technology Co., Ltd. （广州欧赛科技有限公司）""]",c632d657f9c13b1250d688394eb7c99956a994527cb56f4a77c86ed61ff1dbda:536:PRIMARY,,,,
READY_ADD,guangzhouca.bencompositescompanylimited(広州卡本複合材料有限公司),Guangzhou Ca.Ben Composites Company Limited (広州卡本複合材料有限公司),537,Guangzhou Ca.Ben Composites Company Limited (広州卡本複合材料有限公司),PRIMARY,537,"[""Guangzhou Ca.Ben Composites Company Limited (広州卡本複合材料有限公司)""]",c632d657f9c13b1250d688394eb7c99956a994527cb56f4a77c86ed61ff1dbda:537:PRIMARY,,,,
READY_ADD,"guangzhoutian-hai-xiangaviationtechnologyco.,ltd.(広州天海翔航空科技有限公司)","Guangzhou Tian-Hai-Xiang Aviation Technology Co., Ltd. （広州天海翔航空科技有限公司）",538,"Guangzhou Tian-Hai-Xiang Aviation Technology Co., Ltd. （広州天海翔航空科技有限公司）",PRIMARY,538,"[""Guangzhou Tian-Hai-Xiang Aviation Technology Co., Ltd. （広州天海翔航空科技有限公司）""]",c632d657f9c13b1250d688394eb7c99956a994527cb56f4a77c86ed61ff1dbda:538:PRIMARY,,,,
NOOP_ALREADY_METI,"guangzhoutianhaixiangaviationtechnologyco.,ltd.","Guangzhou Tianhaixiang Aviation Technology Co., Ltd.",538,"Guangzhou Tian-Hai-Xiang Aviation Technology Co., Ltd. （広州天海翔航空科技有限公司）",ALIAS:1,538,"[""Guangzhou Tianhaixiang Aviation Technology Co., Ltd.""]",c632d657f9c13b1250d688394eb7c99956a994527cb56f4a77c86ed61ff1dbda:538:ALIAS:1,,,経産省,"Guangzhou Tianhaixiang Aviation Technology Co., Ltd."
READY_ADD,"guilinalpharubber&plasticstechnologyco.,ltd(桂林阿尔法橡塑科技有限公司)","GUILIN ALPHA RUBBER & PLASTICS TECHNOLOGY CO., LTD (桂林阿尔法橡塑科技有限公司)",539,"GUILIN ALPHA RUBBER & PLASTICS TECHNOLOGY CO., LTD (桂林阿尔法橡塑科技有限公司)",PRIMARY,539,"[""GUILIN ALPHA RUBBER & PLASTICS TECHNOLOGY CO., LTD (桂林阿尔法橡塑科技有限公司)""]",c632d657f9c13b1250d688394eb7c99956a994527cb56f4a77c86ed61ff1dbda:539:PRIMARY,,,,
NOOP_ALREADY_METI,guilinalpharubber&plasticstechnologycompany,GUILIN ALPHA RUBBER & PLASTICS TECHNOLOGY COMPANY,539,"GUILIN ALPHA RUBBER & PLASTICS TECHNOLOGY CO., LTD (桂林阿尔法橡塑科技有限公司)",ALIAS:1,539,"[""GUILIN ALPHA RUBBER & PLASTICS TECHNOLOGY COMPANY""]",c632d657f9c13b1250d688394eb7c99956a994527cb56f4a77c86ed61ff1dbda:539:ALIAS:1,,,OFAC;経産省,GUILIN ALPHA RUBBER & PLASTICS TECHNOLOGY COMPANY
NOOP_ALREADY_METI,"guilinalpharubberandplasticstechnologyco.,ltd",GUILIN ALPHA RUBBER AND PLASTICS TECHNOLOGY CO.， LTD,539,"GUILIN ALPHA RUBBER & PLASTICS TECHNOLOGY CO., LTD (桂林阿尔法橡塑科技有限公司)",ALIAS:2,539,"[""GUILIN ALPHA RUBBER AND PLASTICS TECHNOLOGY CO.， LTD""]",c632d657f9c13b1250d688394eb7c99956a994527cb56f4a77c86ed61ff1dbda:539:ALIAS:2,,,OFAC;経産省,GUILIN ALPHA RUBBER AND PLASTICS TECHNOLOGY CO.， LTD
READY_TAG_EXISTING,guilinalpharubberandplasticstechnologycompany,GUILIN ALPHA RUBBER AND PLASTICS TECHNOLOGY COMPANY,539,"GUILIN ALPHA RUBBER & PLASTICS TECHNOLOGY CO., LTD (桂林阿尔法橡塑科技有限公司)",ALIAS:3,539,"[""GUILIN ALPHA RUBBER AND PLASTICS TECHNOLOGY COMPANY""]",c632d657f9c13b1250d688394eb7c99956a994527cb56f4a77c86ed61ff1dbda:539:ALIAS:3,,,OFAC,GUILIN ALPHA RUBBER AND PLASTICS TECHNOLOGY COMPANY
NOOP_ALREADY_METI,h&ainternational,H&A International,624,H and A International,ALIAS:1,624,"[""H&A International""]",c632d657f9c13b1250d688394eb7c99956a994527cb56f4a77c86ed61ff1dbda:624:ALIAS:1,,,経産省,H&A International
NOOP_ALREADY_METI,haegu'mgangtradingcompany,Haegu'mgang Trading Company,422,Rimyongsu Trading Corporation (鯉明水貿易会社),ALIAS:1,422,"[""Haegu'mgang Trading Company""]",c632d657f9c13b1250d688394eb7c99956a994527cb56f4a77c86ed61ff1dbda:422:ALIAS:1,,,OFAC;経産省;財務省,Haegu'mgang Trading Company
READY_TAG_EXISTING,haejinshipmanagementcompanylimited,Haejin Ship Management Company Limited,319,Haejin Ship Management Company Limited,PRIMARY,319,"[""Haejin Ship Management Company Limited""]",c632d657f9c13b1250d688394eb7c99956a994527cb56f4a77c86ed61ff1dbda:319:PRIMARY,,,OFAC;財務省,Haejin Ship Management Company Limited
NOOP_ALREADY_METI,hamhunguniversityofchemicalindustry,Hamhung University of Chemical Industry,444,University of Chemical Industry (化学工業大学),ALIAS:2,444,"[""Hamhung University of Chemical Industry""]",c632d657f9c13b1250d688394eb7c99956a994527cb56f4a77c86ed61ff1dbda:444:ALIAS:2,,,経産省,Hamhung University of Chemical Industry
NOOP_ALREADY_METI,handainternational,H and A International,624,H and A International,PRIMARY,624,"[""H and A International""]",c632d657f9c13b1250d688394eb7c99956a994527cb56f4a77c86ed61ff1dbda:624:PRIMARY,,,経産省,H and A International
NOOP_ALREADY_METI,handasieh,Handasieh,456,Handasieh,PRIMARY,456,"[""Handasieh""]",c632d657f9c13b1250d688394eb7c99956a994527cb56f4a77c86ed61ff1dbda:456:PRIMARY,,,OFAC;経産省;財務省,HANDASIEH
NOOP_ALREADY_METI,hangzhoufuyangkotomachinery,HANGZHOU FUYANG KOTO MACHINERY,542,"HANGZHOU FUYANG KOTO MACHINERY CO., LTD （杭州富阳科拓机械有限公司）",ALIAS:1,542,"[""HANGZHOU FUYANG KOTO MACHINERY""]",c632d657f9c13b1250d688394eb7c99956a994527cb56f4a77c86ed61ff1dbda:542:ALIAS:1,,,OFAC;経産省,Hangzhou Fuyang Koto Machinery
NOOP_ALREADY_METI,hangzhoufuyangkotomachineryco.,HANGZHOU FUYANG KOTO MACHINERY CO.,542,"HANGZHOU FUYANG KOTO MACHINERY CO., LTD （杭州富阳科拓机械有限公司）",ALIAS:2,542,"[""HANGZHOU FUYANG KOTO MACHINERY CO.""]",c632d657f9c13b1250d688394eb7c99956a994527cb56f4a77c86ed61ff1dbda:542:ALIAS:2,,,OFAC;経産省,HANGZHOU FUYANG KOTO MACHINERY CO.
READY_ADD,"hangzhoufuyangkotomachineryco.,ltd(杭州富阳科拓机械有限公司)","HANGZHOU FUYANG KOTO MACHINERY CO., LTD （杭州富阳科拓机械有限公司）",542,"HANGZHOU FUYANG KOTO MACHINERY CO., LTD （杭州富阳科拓机械有限公司）",PRIMARY,542,"[""HANGZHOU FUYANG KOTO MACHINERY CO., LTD （杭州富阳科拓机械有限公司）""]",c632d657f9c13b1250d688394eb7c99956a994527cb56f4a77c86ed61ff1dbda:542:PRIMARY,,,,
READY_TAG_EXISTING,hapjanggangtradingcorporation,Hapjanggang Trading Corporation,320,Hapjanggang Trading Corporation,PRIMARY,320,"[""Hapjanggang Trading Corporation""]",c632d657f9c13b1250d688394eb7c99956a994527cb56f4a77c86ed61ff1dbda:320:PRIMARY,,,OFAC;財務省,Hapjanggang Trading Corporation
NOOP_ALREADY_METI,haracompany,Hara Company,110,Hara Company,PRIMARY,110,"[""Hara Company""]",c632d657f9c13b1250d688394eb7c99956a994527cb56f4a77c86ed61ff1dbda:110:PRIMARY,,,OFAC;経産省;財務省,HARA COMPANY
NOOP_ALREADY_METI,harainstitute,Hara Institute,110,Hara Company,ALIAS:1,110,"[""Hara Institute""]",c632d657f9c13b1250d688394eb7c99956a994527cb56f4a77c86ed61ff1dbda:110:ALIAS:1,,,OFAC;経産省,HARA INSTITUTE
READY_ADD,harbinengineeringuniversity(哈爾浜工程大学),Harbin Engineering University (哈爾浜工程大学),540,Harbin Engineering University (哈爾浜工程大学),PRIMARY,540,"[""Harbin Engineering University (哈爾浜工程大学)""]",c632d657f9c13b1250d688394eb7c99956a994527cb56f4a77c86ed61ff1dbda:540:PRIMARY,,,,
READY_ADD,harbininstituteoftechnology(hit)(哈爾浜工業大学),Harbin Institute of Technology (HIT) (哈爾浜工業大学),541,Harbin Institute of Technology (HIT) (哈爾浜工業大学),PRIMARY,541,"[""Harbin Institute of Technology (HIT) (哈爾浜工業大学)""]",c632d657f9c13b1250d688394eb7c99956a994527cb56f4a77c86ed61ff1dbda:541:PRIMARY,,,,
NOOP_ALREADY_METI,hasanscientificcorporation,Hasan Scientific Corporation,625,Hassan Scientific Corporation,ALIAS:1,625,"[""Hasan Scientific Corporation""]",c632d657f9c13b1250d688394eb7c99956a994527cb56f4a77c86ed61ff1dbda:625:ALIAS:1,,,経産省,Hasan Scientific Corporation
NOOP_ALREADY_METI,hashembrothersforinternationaltrading,Hashem Brothers for International Trading,32,Al-Swari Trading and Import Co,ALIAS:3,32,"[""Hashem Brothers for International Trading""]",c632d657f9c13b1250d688394eb7c99956a994527cb56f4a77c86ed61ff1dbda:32:ALIAS:3,,,経産省,Hashem Brothers for International Trading
NOOP_ALREADY_METI,hassanscientificcorporation,Hassan Scientific Corporation,625,Hassan Scientific Corporation,PRIMARY,625,"[""Hassan Scientific Corporation""]",c632d657f9c13b1250d688394eb7c99956a994527cb56f4a77c86ed61ff1dbda:625:PRIMARY,,,経産省,Hassan Scientific Corporation
NOOP_ALREADY_METI,havapeymasazhran,Havapeyma Sazhran,120,Iran Aircraft Manufacturing Company (IAMCO),ALIAS:3,120,"[""Havapeyma Sazhran""]",c632d657f9c13b1250d688394eb7c99956a994527cb56f4a77c86ed61ff1dbda:120:ALIAS:3,,,OFAC;経産省,HAVAPEYMA SAZHRAN
NOOP_ALREADY_METI,havapeymasazi-eiran,Hava Peyma Sazi-e Iran,120,Iran Aircraft Manufacturing Company (IAMCO),ALIAS:1,120,"[""Hava Peyma Sazi-e Iran""]",c632d657f9c13b1250d688394eb7c99956a994527cb56f4a77c86ed61ff1dbda:120:ALIAS:1,,,OFAC;経産省,Hava Peyma Sazi-e Iran
NOOP_ALREADY_METI,havapeymasaziiran,Havapeyma Sazi Iran,120,Iran Aircraft Manufacturing Company (IAMCO),ALIAS:2,120,"[""Havapeyma Sazi Iran""]",c632d657f9c13b1250d688394eb7c99956a994527cb56f4a77c86ed61ff1dbda:120:ALIAS:2,,,OFAC;経産省,HAVAPEYMA SAZI IRAN
NOOP_ALREADY_METI,heavymechanicalcomplex,Heavy Mechanical Complex,626,Heavy Mechanical Complex,PRIMARY,626,"[""Heavy Mechanical Complex""]",c632d657f9c13b1250d688394eb7c99956a994527cb56f4a77c86ed61ff1dbda:626:PRIMARY,,,経産省,Heavy Mechanical Complex
NOOP_ALREADY_METI,heavymechanicalcomplex-3,Heavy Mechanical Complex-3,627,Heavy Mechanical Complex-3,PRIMARY,627,"[""Heavy Mechanical Complex-3""]",c632d657f9c13b1250d688394eb7c99956a994527cb56f4a77c86ed61ff1dbda:627:PRIMARY,,,経産省,Heavy Mechanical Complex-3
NOOP_ALREADY_METI,hebeisinapackelec,Hebei Sinapack Elec,543,Hebei Sinopack Electronics (河北中瓷電子科技股份有限公司),ALIAS:1,543,"[""Hebei Sinapack Elec""]",c632d657f9c13b1250d688394eb7c99956a994527cb56f4a77c86ed61ff1dbda:543:ALIAS:1,,,経産省,Hebei Sinapack Elec
READY_ADD,hebeisinopackelectronics(河北中瓷電子科技股份有限公司),Hebei Sinopack Electronics (河北中瓷電子科技股份有限公司),543,Hebei Sinopack Electronics (河北中瓷電子科技股份有限公司),PRIMARY,543,"[""Hebei Sinopack Electronics (河北中瓷電子科技股份有限公司)""]",c632d657f9c13b1250d688394eb7c99956a994527cb56f4a77c86ed61ff1dbda:543:PRIMARY,,,,
NOOP_ALREADY_METI,"hebeisinopackelectronictechnologyco.,ltd.","Hebei Sinopack Electronic Technology Co., Ltd.",543,Hebei Sinopack Electronics (河北中瓷電子科技股份有限公司),ALIAS:2,543,"[""Hebei Sinopack Electronic Technology Co., Ltd.""]",c632d657f9c13b1250d688394eb7c99956a994527cb56f4a77c86ed61ff1dbda:543:ALIAS:2,,,経産省,"Hebei Sinopack Electronic Technology Co., Ltd."
READY_ADD,"henanjiayuanaluminiumindustryco.,ltd.(河南嘉源铝业有限公司)","HENAN JIAYUAN ALUMINIUM INDUSTRY CO., LTD. （河南嘉源铝业有限公司）",544,"HENAN JIAYUAN ALUMINIUM INDUSTRY CO., LTD. （河南嘉源铝业有限公司）",PRIMARY,544,"[""HENAN JIAYUAN ALUMINIUM INDUSTRY CO., LTD. （河南嘉源铝业有限公司）""]",c632d657f9c13b1250d688394eb7c99956a994527cb56f4a77c86ed61ff1dbda:544:PRIMARY,,,,
READY_TAG_EXISTING,hesa,HESA,120,Iran Aircraft Manufacturing Company (IAMCO),ALIAS:4,120,"[""HESA""]",c632d657f9c13b1250d688394eb7c99956a994527cb56f4a77c86ed61ff1dbda:120:ALIAS:4,,,OFAC,HESA
NOOP_ALREADY_METI,hesatradecenter,HESA Trade Center,120,Iran Aircraft Manufacturing Company (IAMCO),ALIAS:5,120,"[""HESA Trade Center""]",c632d657f9c13b1250d688394eb7c99956a994527cb56f4a77c86ed61ff1dbda:120:ALIAS:5,,,OFAC;経産省,HESA TRADE CENTER
NOOP_ALREADY_METI,hesongtradingcompany,Hesong Trading Company,321,Hesong Trading Corporation (彗星貿易会社),ALIAS:1,321,"[""Hesong Trading Company""]",c632d657f9c13b1250d688394eb7c99956a994527cb56f4a77c86ed61ff1dbda:321:ALIAS:1,,,経産省;財務省,HESONG TRADING COMPANY
READY_ADD,hesongtradingcorporation(彗星貿易会社),Hesong Trading Corporation (彗星貿易会社),321,Hesong Trading Corporation (彗星貿易会社),PRIMARY,321,"[""Hesong Trading Corporation (彗星貿易会社)""]",c632d657f9c13b1250d688394eb7c99956a994527cb56f4a77c86ed61ff1dbda:321:PRIMARY,,,,
NOOP_ALREADY_METI,hevapeimasazi,Hevapeimasazi,120,Iran Aircraft Manufacturing Company (IAMCO),ALIAS:6,120,"[""Hevapeimasazi""]",c632d657f9c13b1250d688394eb7c99956a994527cb56f4a77c86ed61ff1dbda:120:ALIAS:6,,,OFAC;経産省,HEVAPEIMASAZI
NOOP_ALREADY_METI,higherinstituteofappliedscienceandtechnology(hiast),Higher Institute of Applied Science and Technology (HIAST),457,Higher Institute of Applied Science and Technology (HIAST),PRIMARY,457,"[""Higher Institute of Applied Science and Technology (HIAST)""]",c632d657f9c13b1250d688394eb7c99956a994527cb56f4a77c86ed61ff1dbda:457:PRIMARY,,,経産省,Higher Institute of Applied Science and Technology (HIAST)
NOOP_ALREADY_METI,highlandersscientificsystems,High Landers Scientific Systems,628,High Landers Scientific Systems,PRIMARY,628,"[""High Landers Scientific Systems""]",c632d657f9c13b1250d688394eb7c99956a994527cb56f4a77c86ed61ff1dbda:628:PRIMARY,,,経産省,High Landers Scientific Systems
NOOP_ALREADY_METI,hirbodco,Hirbod Co,111,Hirbod Co,PRIMARY,111,"[""Hirbod Co""]",c632d657f9c13b1250d688394eb7c99956a994527cb56f4a77c86ed61ff1dbda:111:PRIMARY,,,経産省,Hirbod Co
READY_TAG_EXISTING,hodatrading,HODA TRADING,112,HODA TRADING,PRIMARY,112,"[""HODA TRADING""]",c632d657f9c13b1250d688394eb7c99956a994527cb56f4a77c86ed61ff1dbda:112:PRIMARY,,,OFAC,HODA TRADING
NOOP_ALREADY_METI,hodatradingco.,HODA TRADING CO.,112,HODA TRADING,ALIAS:1,112,"[""HODA TRADING CO.""]",c632d657f9c13b1250d688394eb7c99956a994527cb56f4a77c86ed61ff1dbda:112:ALIAS:1,,,OFAC;経産省,HODA TRADING CO.
NOOP_ALREADY_METI,hodatradingcompany,HODA TRADING COMPANY,112,HODA TRADING,ALIAS:2,112,"[""HODA TRADING COMPANY""]",c632d657f9c13b1250d688394eb7c99956a994527cb56f4a77c86ed61ff1dbda:112:ALIAS:2,,,OFAC;経産省,Hoda Trading Company
READY_TAG_EXISTING,hoeryongshippingcoltd,Hoeryong Shipping Co Ltd,322,Hoeryong Shipping Co Ltd,PRIMARY,322,"[""Hoeryong Shipping Co Ltd""]",c632d657f9c13b1250d688394eb7c99956a994527cb56f4a77c86ed61ff1dbda:322:PRIMARY,,,OFAC,HOERYONG SHIPPING CO LTD
NOOP_ALREADY_METI,hongkongelectronics,Hong Kong Electronics,113,Hong Kong Electronics,PRIMARY,113,"[""Hong Kong Electronics""]",c632d657f9c13b1250d688394eb7c99956a994527cb56f4a77c86ed61ff1dbda:113:PRIMARY,,,OFAC;経産省;財務省,HONG KONG ELECTRONICS
NOOP_ALREADY_METI,hongkongelectronicskishco.,Hong Kong Electronics Kish Co.,113,Hong Kong Electronics,ALIAS:1,113,"[""Hong Kong Electronics Kish Co.""]",c632d657f9c13b1250d688394eb7c99956a994527cb56f4a77c86ed61ff1dbda:113:ALIAS:1,,,経産省;財務省,Hong Kong Electronics Kish Co.
NOOP_ALREADY_METI,hongkonghimark,Hongkong Himark,717,HONGKONG HIMARK ELECTRON MODEL LIMITED （香港華邁電子模型有限公司）,ALIAS:1,717,"[""Hongkong Himark""]",c632d657f9c13b1250d688394eb7c99956a994527cb56f4a77c86ed61ff1dbda:717:ALIAS:1,,,経産省,Hongkong Himark
READY_ADD,hongkonghimarkelectronmodellimited(香港華邁電子模型有限公司),HONGKONG HIMARK ELECTRON MODEL LIMITED （香港華邁電子模型有限公司）,717,HONGKONG HIMARK ELECTRON MODEL LIMITED （香港華邁電子模型有限公司）,PRIMARY,717,"[""HONGKONG HIMARK ELECTRON MODEL LIMITED （香港華邁電子模型有限公司）""]",c632d657f9c13b1250d688394eb7c99956a994527cb56f4a77c86ed61ff1dbda:717:PRIMARY,,,,
NOOP_ALREADY_METI,hongkongke.do,Hong Kong Ke.Do,718,"HONG KONG KE.DO INTERNATIONAL TRADE CO., LIMITED（香港科鬥國際貿易有限公司）",ALIAS:1,718,"[""Hong Kong Ke.Do""]",c632d657f9c13b1250d688394eb7c99956a994527cb56f4a77c86ed61ff1dbda:718:ALIAS:1,,,経産省,Hong Kong Ke.Do
NOOP_ALREADY_METI,hosseininejadtradingco.,Hosseini Nejad Trading Co.,114,Hosseini Nejad Trading Company,ALIAS:1,114,"[""Hosseini Nejad Trading Co.""]",c632d657f9c13b1250d688394eb7c99956a994527cb56f4a77c86ed61ff1dbda:114:ALIAS:1,,,OFAC;経産省,Hosseini Nejad Trading Co.
NOOP_ALREADY_METI,hosseininejadtradingcompany,Hosseini Nejad Trading Company,114,Hosseini Nejad Trading Company,PRIMARY,114,"[""Hosseini Nejad Trading Company""]",c632d657f9c13b1250d688394eb7c99956a994527cb56f4a77c86ed61ff1dbda:114:PRIMARY,,,経産省,Hosseini Nejad Trading Company
NOOP_ALREADY_METI,houthi,Houthi,33,Houthi,PRIMARY,33,"[""Houthi""]",c632d657f9c13b1250d688394eb7c99956a994527cb56f4a77c86ed61ff1dbda:33:PRIMARY,,,経産省,Houthi
HOLD_WEAK_ALIAS,htc,HTC,120,Iran Aircraft Manufacturing Company (IAMCO),ALIAS:7,120,"[""HTC""]",c632d657f9c13b1250d688394eb7c99956a994527cb56f4a77c86ed61ff1dbda:120:ALIAS:7,3文字と短く、照合時に誤検知が多発する見込み（HTC）,,,
NOOP_ALREADY_METI,huahanginstituteofradiomeasurement,Huahang Institute of Radio Measurement,558,No. 35 Research Institute of the Third Academy of China Aerospace Science and Industry Corporation (CASIC),ALIAS:2,558,"[""Huahang Institute of Radio Measurement""]",c632d657f9c13b1250d688394eb7c99956a994527cb56f4a77c86ed61ff1dbda:558:ALIAS:2,,,経産省,Huahang Institute of Radio Measurement
NOOP_ALREADY_METI,"huayueinternationaltradingco.,ltd.","Hua Yue International Trading Co., Ltd.",471,"Royal Team Corporation International Trading Co., Ltd.",ALIAS:1,471,"[""Hua Yue International Trading Co., Ltd.""]",c632d657f9c13b1250d688394eb7c99956a994527cb56f4a77c86ed61ff1dbda:471:ALIAS:1,,,経産省,"Hua Yue International Trading Co., Ltd."
READY_ADD,"hubeisanjiangaerospacewanshanspecialvehicleco.,ltd.(湖北三江航天万山特种车辆有限公司)","Hubei Sanjiang Aerospace Wanshan Special Vehicle Co., Ltd. （湖北三江航天万山特种车辆有限公司）",545,"Hubei Sanjiang Aerospace Wanshan Special Vehicle Co., Ltd. （湖北三江航天万山特种车辆有限公司）",PRIMARY,545,"[""Hubei Sanjiang Aerospace Wanshan Special Vehicle Co., Ltd. （湖北三江航天万山特种车辆有限公司）""]",c632d657f9c13b1250d688394eb7c99956a994527cb56f4a77c86ed61ff1dbda:545:PRIMARY,,,,
NOOP_ALREADY_METI,huichonmachinetool,Huichon Machine Tool,369,Korea Ryonha Machinery Joint Venture Corporation (朝鮮蓮河機械合営会社),ALIAS:3,369,"[""Huichon Machine Tool""]",c632d657f9c13b1250d688394eb7c99956a994527cb56f4a77c86ed61ff1dbda:369:ALIAS:3,,,経産省,Huichon Machine Tool
NOOP_ALREADY_METI,huichonryonhamachinerygeneralplant,Huichon Ryonha Machinery General Plant,369,Korea Ryonha Machinery Joint Venture Corporation (朝鮮蓮河機械合営会社),ALIAS:4,369,"[""Huichon Ryonha Machinery General Plant""]",c632d657f9c13b1250d688394eb7c99956a994527cb56f4a77c86ed61ff1dbda:369:ALIAS:4,,,経産省,Huichon Ryonha Machinery General Plant
NOOP_ALREADY_METI,hunjintradingco.(興進貿易会社),Hunjin Trading Co. (興進貿易会社),341,Korea Heungjin Trading Company,ALIAS:1,341,"[""Hunjin Trading Co. (興進貿易会社)""]",c632d657f9c13b1250d688394eb7c99956a994527cb56f4a77c86ed61ff1dbda:341:ALIAS:1,,,経産省,Hunjin Trading Co. (興進貿易会社)
NOOP_ALREADY_METI,hwanghaiironworks,Hwanghai Iron Works,323,"Hwanghai Steel Union Co., Ltd. (黄海製鉄連合企業所)",ALIAS:1,323,"[""Hwanghai Iron Works""]",c632d657f9c13b1250d688394eb7c99956a994527cb56f4a77c86ed61ff1dbda:323:ALIAS:1,,,経産省,Hwanghai Iron Works
READY_ADD,"hwanghaisteelunionco.,ltd.(黄海製鉄連合企業所)","Hwanghai Steel Union Co., Ltd. (黄海製鉄連合企業所)",323,"Hwanghai Steel Union Co., Ltd. (黄海製鉄連合企業所)",PRIMARY,323,"[""Hwanghai Steel Union Co., Ltd. (黄海製鉄連合企業所)""]",c632d657f9c13b1250d688394eb7c99956a994527cb56f4a77c86ed61ff1dbda:323:PRIMARY,,,,
NOOP_ALREADY_METI,i.c.i.,I.C.I.,123,Iran Communications Industries (ICI),ALIAS:1,123,"[""I.C.I.""]",c632d657f9c13b1250d688394eb7c99956a994527cb56f4a77c86ed61ff1dbda:123:ALIAS:1,,,経産省,I.C.I.
NOOP_ALREADY_METI,i.o.i.,I.O.I.,136,Isfahan Optics,ALIAS:1,136,"[""I.O.I.""]",c632d657f9c13b1250d688394eb7c99956a994527cb56f4a77c86ed61ff1dbda:136:ALIAS:1,,,経産省,I.O.I.
READY_TAG_EXISTING,iami,IAMI,120,Iran Aircraft Manufacturing Company (IAMCO),ALIAS:8,120,"[""IAMI""]",c632d657f9c13b1250d688394eb7c99956a994527cb56f4a77c86ed61ff1dbda:120:ALIAS:8,,,OFAC,IAMI
READY_TAG_EXISTING,iatc,IATC,39,ADVANCED TECHNOLOGIES COMPANY OF IRAN,ALIAS:6,39,"[""IATC""]",c632d657f9c13b1250d688394eb7c99956a994527cb56f4a77c86ed61ff1dbda:39:ALIAS:6,,,OFAC,IATC
READY_ADD,icgooelectronicslimited(創新在線電子有限公司),ICGOO ELECTRONICS LIMITED（創新在線電子有限公 司）,719,ICGOO ELECTRONICS LIMITED（創新在線電子有限公 司）,PRIMARY,719,"[""ICGOO ELECTRONICS LIMITED（創新在線電子有限公 司）""]",c632d657f9c13b1250d688394eb7c99956a994527cb56f4a77c86ed61ff1dbda:719:PRIMARY,,,,
NOOP_ALREADY_METI,icgooonlinemall,ICGOO Online Mall,719,ICGOO ELECTRONICS LIMITED（創新在線電子有限公 司）,ALIAS:1,719,"[""ICGOO Online Mall""]",c632d657f9c13b1250d688394eb7c99956a994527cb56f4a77c86ed61ff1dbda:719:ALIAS:1,,,経産省,ICGOO Online Mall
READY_ADD,ickala,IC Kala,115,IC Kala,PRIMARY,115,"[""IC Kala"",""Ickala""]",c632d657f9c13b1250d688394eb7c99956a994527cb56f4a77c86ed61ff1dbda:115:PRIMARY;c632d657f9c13b1250d688394eb7c99956a994527cb56f4a77c86ed61ff1dbda:115:ALIAS:1,,,,
READY_TAG_EXISTING,ihsrc,IHSRC,127,IRAN HELICOPTER SUPPORT AND RENEWAL COMPANY,ALIAS:1,127,"[""IHSRC""]",c632d657f9c13b1250d688394eb7c99956a994527cb56f4a77c86ed61ff1dbda:127:ALIAS:1,,,OFAC,IHSRC
READY_TAG_EXISTING,ilsiminternationalbank,Ilsim International Bank,324,Ilsim International Bank,PRIMARY,324,"[""Ilsim International Bank""]",c632d657f9c13b1250d688394eb7c99956a994527cb56f4a77c86ed61ff1dbda:324:PRIMARY,,,OFAC;財務省,ILSIM INTERNATIONAL BANK
NOOP_ALREADY_METI,ilyushinaviationcomplexbranch:myasishchevaexperimentalmechanicalengineeringplant,Ilyushin Aviation Complex Branch: Myasishcheva Experimental Mechanical Engineering Plant,750,Ilyushin Aviation Complex Branch: Myasishcheva Experimental Mechanical Engineering Plant,PRIMARY,750,"[""Ilyushin Aviation Complex Branch: Myasishcheva Experimental Mechanical Engineering Plant""]",c632d657f9c13b1250d688394eb7c99956a994527cb56f4a77c86ed61ff1dbda:750:PRIMARY,,,経産省,Ilyushin Aviation Complex Branch: Myasishcheva Experimental Mechanical Engineering Plant
NOOP_ALREADY_METI,imaamhosseinuniversity,Imaam Hossein University,116,Imam Hossein University (IHU),ALIAS:2,116,"[""Imaam Hossein University""]",c632d657f9c13b1250d688394eb7c99956a994527cb56f4a77c86ed61ff1dbda:116:ALIAS:2,,,OFAC;経産省,IMAAM HOSSEIN UNIVERSITY
NOOP_ALREADY_METI,imamhoseynuniversity,Imam Hoseyn University,116,Imam Hossein University (IHU),ALIAS:3,116,"[""Imam Hoseyn University""]",c632d657f9c13b1250d688394eb7c99956a994527cb56f4a77c86ed61ff1dbda:116:ALIAS:3,,,OFAC;経産省,IMAM HOSEYN UNIVERSITY
NOOP_ALREADY_METI,imamhosseinuniversity(ihu),Imam Hossein University (IHU),116,Imam Hossein University (IHU),PRIMARY,116,"[""Imam Hossein University (IHU)""]",c632d657f9c13b1250d688394eb7c99956a994527cb56f4a77c86ed61ff1dbda:116:PRIMARY,,,経産省,Imam Hossein University (IHU)
NOOP_ALREADY_METI,imamhosseinuniversitycomplex,Imam Hossein University Complex,116,Imam Hossein University (IHU),ALIAS:4,116,"[""Imam Hossein University Complex""]",c632d657f9c13b1250d688394eb7c99956a994527cb56f4a77c86ed61ff1dbda:116:ALIAS:4,,,OFAC;経産省,IMAM HOSSEIN UNIVERSITY COMPLEX
NOOP_ALREADY_METI,imamhusseinuniversity,Imam Hussein University,116,Imam Hossein University (IHU),ALIAS:5,116,"[""Imam Hussein University""]",c632d657f9c13b1250d688394eb7c99956a994527cb56f4a77c86ed61ff1dbda:116:ALIAS:5,,,OFAC;経産省,IMAM HUSSEIN UNIVERSITY
NOOP_ALREADY_METI,imangroup,Iman Group,629,Iman Group,PRIMARY,629,"[""Iman Group""]",c632d657f9c13b1250d688394eb7c99956a994527cb56f4a77c86ed61ff1dbda:629:PRIMARY,,,経産省,Iman Group
NOOP_ALREADY_METI,imco,IMCO,630,IMCO Technology and Services,ALIAS:1,630,"[""IMCO""]",c632d657f9c13b1250d688394eb7c99956a994527cb56f4a77c86ed61ff1dbda:630:ALIAS:1,,,経産省,IMCO
NOOP_ALREADY_METI,imcotechnologyandservices,IMCO Technology and Services,630,IMCO Technology and Services,PRIMARY,630,"[""IMCO Technology and Services""]",c632d657f9c13b1250d688394eb7c99956a994527cb56f4a77c86ed61ff1dbda:630:PRIMARY,,,経産省,IMCO Technology and Services
NOOP_ALREADY_METI,imensazanconsultantengineers,Imen Sazan Consultant Engineers,117,Imensazan Consultant Engineers Institute (ICEI),ALIAS:1,117,"[""Imen Sazan Consultant Engineers""]",c632d657f9c13b1250d688394eb7c99956a994527cb56f4a77c86ed61ff1dbda:117:ALIAS:1,,,経産省,Imen Sazan Consultant Engineers
NOOP_ALREADY_METI,imensazanconsultantengineersinstitute(icei),Imensazan Consultant Engineers Institute (ICEI),117,Imensazan Consultant Engineers Institute (ICEI),PRIMARY,117,"[""Imensazan Consultant Engineers Institute (ICEI)""]",c632d657f9c13b1250d688394eb7c99956a994527cb56f4a77c86ed61ff1dbda:117:PRIMARY,,,経産省,Imensazan Consultant Engineers Institute (ICEI)
NOOP_ALREADY_METI,imensazenconsultantengineersinstitute,Imensazen Consultant Engineers Institute,117,Imensazan Consultant Engineers Institute (ICEI),ALIAS:2,117,"[""Imensazen Consultant Engineers Institute""]",c632d657f9c13b1250d688394eb7c99956a994527cb56f4a77c86ed61ff1dbda:117:ALIAS:2,,,OFAC;経産省,IMENSAZEN CONSULTANT ENGINEERS INSTITUTE
NOOP_ALREADY_METI,impextrade&services,Impex Trade & Services,631,Impex Trade & Services,PRIMARY,631,"[""Impex Trade & Services""]",c632d657f9c13b1250d688394eb7c99956a994527cb56f4a77c86ed61ff1dbda:631:PRIMARY,,,経産省,Impex Trade & Services
NOOP_ALREADY_METI,industrialestablishmentofdefence(ied),Industrial Establishment of Defence (IED),458,Industrial Establishment of Defense (IED),ALIAS:1,458,"[""Industrial Establishment of Defence (IED)""]",c632d657f9c13b1250d688394eb7c99956a994527cb56f4a77c86ed61ff1dbda:458:ALIAS:1,,,経産省,Industrial Establishment of Defence (IED)
NOOP_ALREADY_METI,industrialestablishmentofdefense(ied),Industrial Establishment of Defense (IED),458,Industrial Establishment of Defense (IED),PRIMARY,458,"[""Industrial Establishment of Defense (IED)""]",c632d657f9c13b1250d688394eb7c99956a994527cb56f4a77c86ed61ff1dbda:458:PRIMARY,,,経産省,Industrial Establishment of Defense (IED)
NOOP_ALREADY_METI,industrialfactoriesofprecision-machinery,Industrial Factories of Precision-Machinery,94,Fajr Industrial Group,ALIAS:2,94,"[""Industrial Factories of Precision-Machinery""]",c632d657f9c13b1250d688394eb7c99956a994527cb56f4a77c86ed61ff1dbda:94:ALIAS:2,,,OFAC;経産省,Industrial Factories of Precision-Machinery
NOOP_ALREADY_METI,industrialgalaxy,Industrial Galaxy,632,Industrial Galaxy,PRIMARY,632,"[""Industrial Galaxy""]",c632d657f9c13b1250d688394eb7c99956a994527cb56f4a77c86ed61ff1dbda:632:PRIMARY,,,経産省,Industrial Galaxy
READY_TAG_EXISTING,industrialsolutions,Industrial Solutions,459,Industrial Solutions,PRIMARY,459,"[""Industrial Solutions""]",c632d657f9c13b1250d688394eb7c99956a994527cb56f4a77c86ed61ff1dbda:459:PRIMARY,,,OFAC;財務省,Industrial Solutions
NOOP_ALREADY_METI,informationsystemsiran(isiran),Information Systems Iran (ISIRAN),118,Information Systems Iran (ISIRAN),PRIMARY,118,"[""Information Systems Iran (ISIRAN)""]",c632d657f9c13b1250d688394eb7c99956a994527cb56f4a77c86ed61ff1dbda:118:PRIMARY,,,経産省,Information Systems Iran (ISIRAN)
READY_TAG_EXISTING,infracomcommunicationnetworksfze,INFRACOM COMMUNICATION NETWORKS FZE,15,INFRACOM COMMUNICATION NETWORKS FZE,PRIMARY,15,"[""INFRACOM COMMUNICATION NETWORKS FZE""]",c632d657f9c13b1250d688394eb7c99956a994527cb56f4a77c86ed61ff1dbda:15:PRIMARY,,,OFAC,INFRACOM COMMUNICATION NETWORKS FZE
NOOP_ALREADY_METI,insightenterprisesinc.,Insight Enterprises Inc.,633,Insight Enterprises Inc.,PRIMARY,633,"[""Insight Enterprises Inc.""]",c632d657f9c13b1250d688394eb7c99956a994527cb56f4a77c86ed61ff1dbda:633:PRIMARY,,,経産省,Insight Enterprises Inc.
NOOP_ALREADY_METI,inspectech,Inspectech,634,Inspectech,PRIMARY,634,"[""Inspectech""]",c632d657f9c13b1250d688394eb7c99956a994527cb56f4a77c86ed61ff1dbda:634:PRIMARY,,,経産省,Inspectech
NOOP_ALREADY_METI,institutdessciencesappliqueesetdetechnologie(isat),Institut des Sciences Appliquees et de Technologie (ISAT),457,Higher Institute of Applied Science and Technology (HIAST),ALIAS:1,457,"[""Institut des Sciences Appliquees et de Technologie (ISAT)""]",c632d657f9c13b1250d688394eb7c99956a994527cb56f4a77c86ed61ff1dbda:457:ALIAS:1,,,経産省,Institut des Sciences Appliquees et de Technologie (ISAT)
NOOP_ALREADY_METI,instituteofhealthandfood,Institute of Health and Food,298,Academy of Health and Food Science (保健食品科学院),ALIAS:1,298,"[""Institute of Health and Food""]",c632d657f9c13b1250d688394eb7c99956a994527cb56f4a77c86ed61ff1dbda:298:ALIAS:1,,,経産省,Institute of Health and Food
NOOP_ALREADY_METI,instituteofindustrialcontrolsystems(iics),Institute of Industrial Control Systems (IICS),641,Khan Research Laboratories (KRL),ALIAS:3,641,"[""Institute of Industrial Control Systems (IICS)""]",c632d657f9c13b1250d688394eb7c99956a994527cb56f4a77c86ed61ff1dbda:641:ALIAS:3,,,経産省,Institute of Industrial Control Systems (IICS)
NOOP_ALREADY_METI,institutnationalcalibrationcentre,Institut National Calibration Centre,464,National Standards and Calibration Laboratory (NSCL),ALIAS:1,464,"[""Institut National Calibration Centre""]",c632d657f9c13b1250d688394eb7c99956a994527cb56f4a77c86ed61ff1dbda:464:ALIAS:1,,,経産省,Institut National Calibration Centre
NOOP_ALREADY_METI,institutsuperieurdessciencesappliqueesetdetechnologie(issat),Institut Superieur des Sciences Appliquees et de Technologie (ISSAT),457,Higher Institute of Applied Science and Technology (HIAST),ALIAS:2,457,"[""Institut Superieur des Sciences Appliquees et de Technologie (ISSAT)""]",c632d657f9c13b1250d688394eb7c99956a994527cb56f4a77c86ed61ff1dbda:457:ALIAS:2,,,経産省,Institut Superieur des Sciences Appliquees et de Technologie (ISSAT)
NOOP_ALREADY_METI,instrumentationfactoriesofprecisionmachinery,Instrumentation Factories of Precision Machinery,94,Fajr Industrial Group,ALIAS:3,94,"[""Instrumentation Factories of Precision Machinery""]",c632d657f9c13b1250d688394eb7c99956a994527cb56f4a77c86ed61ff1dbda:94:ALIAS:3,,,OFAC;経産省,INSTRUMENTATION FACTORIES OF PRECISION MACHINERY
NOOP_ALREADY_METI,instrumentationfactoriesplant(ifp),Instrumentation Factories Plant (IFP),94,Fajr Industrial Group,ALIAS:4,94,"[""Instrumentation Factories Plant (IFP)""]",c632d657f9c13b1250d688394eb7c99956a994527cb56f4a77c86ed61ff1dbda:94:ALIAS:4,,,経産省,Instrumentation Factories Plant (IFP)
READY_TAG_EXISTING,instrumentdesignbureau,Instrument Design Bureau,782,Konstruktorskoe Byuro Priborostroeniya Otkrytoe Aktsionernoe Obshchestvo,ALIAS:1,782,"[""Instrument Design Bureau""]",c632d657f9c13b1250d688394eb7c99956a994527cb56f4a77c86ed61ff1dbda:782:ALIAS:1,,,OFAC,INSTRUMENT DESIGN BUREAU
NOOP_ALREADY_METI,internationalcenterforquantumopticsandquantumtechnologieslls,International Center for Quantum Optics and Quantum Technologies LLS,751,International Center for Quantum Optics and Quantum Technologies LLS,PRIMARY,751,"[""International Center for Quantum Optics and Quantum Technologies LLS""]",c632d657f9c13b1250d688394eb7c99956a994527cb56f4a77c86ed61ff1dbda:751:PRIMARY,,,経産省,International Center for Quantum Optics and Quantum Technologies LLS
NOOP_ALREADY_METI,internationalchemicaljointventurecorporation,International Chemical Joint Venture Corporation,343,Korea International Chemical Joint Venture Company (朝鮮国際化学合営会社),ALIAS:3,343,"[""International Chemical Joint Venture Corporation""]",c632d657f9c13b1250d688394eb7c99956a994527cb56f4a77c86ed61ff1dbda:343:ALIAS:3,,,OFAC;経産省,INTERNATIONAL CHEMICAL JOINT VENTURE CORPORATION
NOOP_ALREADY_METI,internationalgeneralresourcingfze,International General Resourcing FZE,16,International General Resourcing FZE,PRIMARY,16,"[""International General Resourcing FZE""]",c632d657f9c13b1250d688394eb7c99956a994527cb56f4a77c86ed61ff1dbda:16:PRIMARY,,,OFAC;経産省,INTERNATIONAL GENERAL RESOURCING FZE
NOOP_ALREADY_METI,interscan,Interscan,635,Interscan,PRIMARY,635,"[""Interscan""]",c632d657f9c13b1250d688394eb7c99956a994527cb56f4a77c86ed61ff1dbda:635:PRIMARY,,,経産省,Interscan
NOOP_ALREADY_METI,intertechrusllc,Intertech Rus LLC,752,Intertech Rus LLC,PRIMARY,752,"[""Intertech Rus LLC""]",c632d657f9c13b1250d688394eb7c99956a994527cb56f4a77c86ed61ff1dbda:752:PRIMARY,,,経産省,Intertech Rus LLC
NOOP_ALREADY_METI,intertekinstruments,Intertek Instruments,798,OOO Intertech Instruments,ALIAS:1,798,"[""Intertek Instruments""]",c632d657f9c13b1250d688394eb7c99956a994527cb56f4a77c86ed61ff1dbda:798:ALIAS:1,,,経産省,Intertek Instruments
NOOP_ALREADY_METI,intertekrusooo,Intertek Rus OOO,752,Intertech Rus LLC,ALIAS:1,752,"[""Intertek Rus OOO""]",c632d657f9c13b1250d688394eb7c99956a994527cb56f4a77c86ed61ff1dbda:752:ALIAS:1,,,経産省,Intertek Rus OOO
NOOP_ALREADY_METI,intralinkincorporated,Intralink Incorporated,636,Intralink Incorporated,PRIMARY,636,"[""Intralink Incorporated""]",c632d657f9c13b1250d688394eb7c99956a994527cb56f4a77c86ed61ff1dbda:636:PRIMARY,,,経産省,Intralink Incorporated
NOOP_ALREADY_METI,iprogiftshenzhentechnology,Iprogift Shenzhen Technology,579,"Shenzhen Iprogift Technology Co., Ltd",ALIAS:3,579,"[""Iprogift Shenzhen Technology""]",c632d657f9c13b1250d688394eb7c99956a994527cb56f4a77c86ed61ff1dbda:579:ALIAS:3,,,経産省,Iprogift Shenzhen Technology
NOOP_ALREADY_METI,"iprogiftshenzhentechnologyco.,ltd.","Iprogift Shenzhen Technology Co., Ltd.",579,"Shenzhen Iprogift Technology Co., Ltd",ALIAS:1,579,"[""Iprogift Shenzhen Technology Co., Ltd.""]",c632d657f9c13b1250d688394eb7c99956a994527cb56f4a77c86ed61ff1dbda:579:ALIAS:1,,,経産省,"Iprogift Shenzhen Technology Co., Ltd."
NOOP_ALREADY_METI,iqbalenterprises,Iqbal Enterprises,637,Iqbal Enterprises,PRIMARY,637,"[""Iqbal Enterprises""]",c632d657f9c13b1250d688394eb7c99956a994527cb56f4a77c86ed61ff1dbda:637:PRIMARY,,,経産省,Iqbal Enterprises
NOOP_ALREADY_METI,iran'shelicopterrenovationandlogisticscompany,IRAN'S HELICOPTER RENOVATION AND LOGISTICS COMPANY,127,IRAN HELICOPTER SUPPORT AND RENEWAL COMPANY,ALIAS:3,127,"[""IRAN'S HELICOPTER RENOVATION AND LOGISTICS COMPANY""]",c632d657f9c13b1250d688394eb7c99956a994527cb56f4a77c86ed61ff1dbda:127:ALIAS:3,,,OFAC;経産省,IRAN'S HELICOPTER RENOVATION AND LOGISTICS COMPANY
NOOP_ALREADY_METI,iranadvancedtechnologiescompany,IRAN ADVANCED TECHNOLOGIES COMPANY,39,ADVANCED TECHNOLOGIES COMPANY OF IRAN,ALIAS:8,39,"[""IRAN ADVANCED TECHNOLOGIES COMPANY""]",c632d657f9c13b1250d688394eb7c99956a994527cb56f4a77c86ed61ff1dbda:39:ALIAS:8,,,OFAC;経産省,Iran Advanced Technologies Company
NOOP_ALREADY_METI,iranaircraftindustries(iaci),Iran Aircraft Industries (IACI),119,Iran Aircraft Industries (IACI),PRIMARY,119,"[""Iran Aircraft Industries (IACI)""]",c632d657f9c13b1250d688394eb7c99956a994527cb56f4a77c86ed61ff1dbda:119:PRIMARY,,,経産省,Iran Aircraft Industries (IACI)
NOOP_ALREADY_METI,iranaircraftmanufacturingcompany(iamco),Iran Aircraft Manufacturing Company (IAMCO),120,Iran Aircraft Manufacturing Company (IAMCO),PRIMARY,120,"[""Iran Aircraft Manufacturing Company (IAMCO)""]",c632d657f9c13b1250d688394eb7c99956a994527cb56f4a77c86ed61ff1dbda:120:PRIMARY,,,経産省,Iran Aircraft Manufacturing Company (IAMCO)
NOOP_ALREADY_METI,iranaircraftmanufacturingindustrialcompany,Iran Aircraft Manufacturing Industrial Company,120,Iran Aircraft Manufacturing Company (IAMCO),ALIAS:9,120,"[""Iran Aircraft Manufacturing Industrial Company""]",c632d657f9c13b1250d688394eb7c99956a994527cb56f4a77c86ed61ff1dbda:120:ALIAS:9,,,OFAC;経産省,IRAN AIRCRAFT MANUFACTURING INDUSTRIAL COMPANY
NOOP_ALREADY_METI,iranaircraftmanufacturingindustries,Iran Aircraft Manufacturing Industries,120,Iran Aircraft Manufacturing Company (IAMCO),ALIAS:10,120,"[""Iran Aircraft Manufacturing Industries""]",c632d657f9c13b1250d688394eb7c99956a994527cb56f4a77c86ed61ff1dbda:120:ALIAS:10,,,OFAC;経産省,IRAN AIRCRAFT MANUFACTURING INDUSTRIES
READY_ADD,iranaircraftmanufacturingindustriescorporation(hesa),Iran Aircraft Manufacturing Industries Corporation (HESA),121,Iran Aircraft Manufacturing Industries Corporation (HESA),PRIMARY,121,"[""Iran Aircraft Manufacturing Industries Corporation (HESA)""]",c632d657f9c13b1250d688394eb7c99956a994527cb56f4a77c86ed61ff1dbda:121:PRIMARY,,,,
NOOP_ALREADY_METI,iranaviationindustriesorganization,Iran Aviation Industries Organization,128,Iranian Aviation Industries Organization (IAIO),ALIAS:1,128,"[""Iran Aviation Industries Organization""]",c632d657f9c13b1250d688394eb7c99956a994527cb56f4a77c86ed61ff1dbda:128:ALIAS:1,,,OFAC;経産省,IRAN AVIATION INDUSTRIES ORGANIZATION
NOOP_ALREADY_METI,irancentrifugetechnologycompany,Iran Centrifuge Technology Company,122,Iran Centrifuge Technology Company,PRIMARY,122,"[""Iran Centrifuge Technology Company""]",c632d657f9c13b1250d688394eb7c99956a994527cb56f4a77c86ed61ff1dbda:122:PRIMARY,,,OFAC;経産省,IRAN CENTRIFUGE TECHNOLOGY COMPANY
NOOP_ALREADY_METI,irancommunicationindustries,Iran Communication Industries,123,Iran Communications Industries (ICI),ALIAS:2,123,"[""Iran Communication Industries""]",c632d657f9c13b1250d688394eb7c99956a994527cb56f4a77c86ed61ff1dbda:123:ALIAS:2,,,OFAC;経産省,IRAN COMMUNICATION INDUSTRIES
NOOP_ALREADY_METI,irancommunicationsindustries(ici),Iran Communications Industries (ICI),123,Iran Communications Industries (ICI),PRIMARY,123,"[""Iran Communications Industries (ICI)""]",c632d657f9c13b1250d688394eb7c99956a994527cb56f4a77c86ed61ff1dbda:123:PRIMARY,,,経産省,Iran Communications Industries (ICI)
NOOP_ALREADY_METI,irancommunicationsindustriesgroup,Iran Communications Industries Group,123,Iran Communications Industries (ICI),ALIAS:3,123,"[""Iran Communications Industries Group""]",c632d657f9c13b1250d688394eb7c99956a994527cb56f4a77c86ed61ff1dbda:123:ALIAS:3,,,OFAC;経産省,IRAN COMMUNICATIONS INDUSTRIES GROUP
READY_ADD,irancompo.,Irancompo.,124,Iran Compo Co.,ALIAS:1,124,"[""Irancompo.""]",c632d657f9c13b1250d688394eb7c99956a994527cb56f4a77c86ed61ff1dbda:124:ALIAS:1,,,,
READY_ADD,irancompoco.,Iran Compo Co.,124,Iran Compo Co.,PRIMARY,124,"[""Iran Compo Co.""]",c632d657f9c13b1250d688394eb7c99956a994527cb56f4a77c86ed61ff1dbda:124:PRIMARY,,,,
NOOP_ALREADY_METI,irancompositesinstitute,Iran Composites Institute,125,Iran Composites Institute,PRIMARY,125,"[""Iran Composites Institute""]",c632d657f9c13b1250d688394eb7c99956a994527cb56f4a77c86ed61ff1dbda:125:PRIMARY,,,経産省,Iran Composites Institute
READY_TAG_EXISTING,irancuttingtoolscompany,IRAN CUTTING TOOLS COMPANY,267,TOWLID ABZAR BORESHI IRAN,ALIAS:1,267,"[""IRAN CUTTING TOOLS COMPANY""]",c632d657f9c13b1250d688394eb7c99956a994527cb56f4a77c86ed61ff1dbda:267:ALIAS:1,,,OFAC,IRAN CUTTING TOOLS COMPANY
NOOP_ALREADY_METI,iranelectronicsindustries(iei),Iran Electronics Industries (IEI),126,Iran Electronics Industries (IEI),PRIMARY,126,"[""Iran Electronics Industries (IEI)""]",c632d657f9c13b1250d688394eb7c99956a994527cb56f4a77c86ed61ff1dbda:126:PRIMARY,,,経産省,Iran Electronics Industries (IEI)
READY_TAG_EXISTING,iranhelicoptersupportandrenewalcompany,IRAN HELICOPTER SUPPORT AND RENEWAL COMPANY,127,IRAN HELICOPTER SUPPORT AND RENEWAL COMPANY,PRIMARY,127,"[""IRAN HELICOPTER SUPPORT AND RENEWAL COMPANY""]",c632d657f9c13b1250d688394eb7c99956a994527cb56f4a77c86ed61ff1dbda:127:PRIMARY,,,OFAC,IRAN HELICOPTER SUPPORT AND RENEWAL COMPANY
NOOP_ALREADY_METI,iranianaviationindustriesorganization(iaio),Iranian Aviation Industries Organization (IAIO),128,Iranian Aviation Industries Organization (IAIO),PRIMARY,128,"[""Iranian Aviation Industries Organization (IAIO)""]",c632d657f9c13b1250d688394eb7c99956a994527cb56f4a77c86ed61ff1dbda:128:PRIMARY,,,経産省,Iranian Aviation Industries Organization (IAIO)
NOOP_ALREADY_METI,iraniancompositesinstitute(ici),Iranian Composites Institute (ICI),125,Iran Composites Institute,ALIAS:2,125,"[""Iranian Composites Institute (ICI)""]",c632d657f9c13b1250d688394eb7c99956a994527cb56f4a77c86ed61ff1dbda:125:ALIAS:2,,,経産省,Iranian Composites Institute (ICI)
NOOP_ALREADY_METI,iranianenrichmentcompany,IRANIAN ENRICHMENT COMPANY,39,ADVANCED TECHNOLOGIES COMPANY OF IRAN,ALIAS:7,39,"[""IRANIAN ENRICHMENT COMPANY""]",c632d657f9c13b1250d688394eb7c99956a994527cb56f4a77c86ed61ff1dbda:39:ALIAS:7,,,OFAC;経産省,Iranian Enrichment Company
NOOP_ALREADY_METI,iranianhelicopters'maintenanceandrepairscompany,IRANIAN HELICOPTERS' MAINTENANCE AND REPAIRS COMPANY,127,IRAN HELICOPTER SUPPORT AND RENEWAL COMPANY,ALIAS:2,127,"[""IRANIAN HELICOPTERS' MAINTENANCE AND REPAIRS COMPANY""]",c632d657f9c13b1250d688394eb7c99956a994527cb56f4a77c86ed61ff1dbda:127:ALIAS:2,,,OFAC;経産省,IRANIAN HELICOPTERS' MAINTENANCE AND REPAIRS COMPANY
READY_TAG_EXISTING,iraniannovinsystemsmanagement,Iranian Novin Systems Management,164,Matin Sanat Nik Andishan,ALIAS:1,164,"[""Iranian Novin Systems Management""]",c632d657f9c13b1250d688394eb7c99956a994527cb56f4a77c86ed61ff1dbda:164:ALIAS:1,,,OFAC,Iranian Novin Systems Management
NOOP_ALREADY_METI,iranianpresidentialcenterforinnovationandtechnologycooperation(citc),Iranian Presidential Center for Innovation and Technology Cooperation (CITC),73,Center for Innovation and Technology Cooperation (CITC),ALIAS:1,73,"[""Iranian Presidential Center for Innovation and Technology Cooperation (CITC)""]",c632d657f9c13b1250d688394eb7c99956a994527cb56f4a77c86ed61ff1dbda:73:ALIAS:1,,,経産省,Iranian Presidential Center for Innovation and Technology Cooperation (CITC)
NOOP_ALREADY_METI,iranianrevolutionaryguardcorps,Iranian Revolutionary Guard Corps,138,Islamic Revolutionary Guard Corps (IRGC),ALIAS:2,138,"[""Iranian Revolutionary Guard Corps""]",c632d657f9c13b1250d688394eb7c99956a994527cb56f4a77c86ed61ff1dbda:138:ALIAS:2,,,経産省,Iranian Revolutionary Guard Corps
NOOP_ALREADY_METI,iranianturbinemanufacturingindustries,IRANIAN TURBINE MANUFACTURING INDUSTRIES,79,Design and Manufacturing of Aero-Engine Company,ALIAS:2,79,"[""IRANIAN TURBINE MANUFACTURING INDUSTRIES""]",c632d657f9c13b1250d688394eb7c99956a994527cb56f4a77c86ed61ff1dbda:79:ALIAS:2,,,OFAC;経産省,Iranian Turbine Manufacturing Industries
NOOP_ALREADY_METI,iranmarineindustrialcompany,Iran Marine Industrial Company,129,Iran Marine Industrial Company (SADRA),ALIAS:1,129,"[""Iran Marine Industrial Company""]",c632d657f9c13b1250d688394eb7c99956a994527cb56f4a77c86ed61ff1dbda:129:ALIAS:1,,,経産省,Iran Marine Industrial Company
NOOP_ALREADY_METI,iranmarineindustrialcompany(sadra),Iran Marine Industrial Company (SADRA),129,Iran Marine Industrial Company (SADRA),PRIMARY,129,"[""Iran Marine Industrial Company (SADRA)""]",c632d657f9c13b1250d688394eb7c99956a994527cb56f4a77c86ed61ff1dbda:129:PRIMARY,,,経産省,Iran Marine Industrial Company (SADRA)
NOOP_ALREADY_METI,iranmarineindustrialcompanyssa,Iran Marine Industrial Company SSA,129,Iran Marine Industrial Company (SADRA),ALIAS:2,129,"[""Iran Marine Industrial Company SSA""]",c632d657f9c13b1250d688394eb7c99956a994527cb56f4a77c86ed61ff1dbda:129:ALIAS:2,,,OFAC;経産省,IRAN MARINE INDUSTRIAL COMPANY SSA
NOOP_ALREADY_METI,iranpooya,Iran Pooya,130,Iran Pooya,PRIMARY,130,"[""Iran Pooya""]",c632d657f9c13b1250d688394eb7c99956a994527cb56f4a77c86ed61ff1dbda:130:PRIMARY,,,OFAC;経産省,IRAN POOYA
NOOP_ALREADY_METI,iranpouya,Iran Pouya,130,Iran Pooya,ALIAS:1,130,"[""Iran Pouya""]",c632d657f9c13b1250d688394eb7c99956a994527cb56f4a77c86ed61ff1dbda:130:ALIAS:1,,,OFAC;経産省,IRAN POUYA
NOOP_ALREADY_METI,iranpuya,Iran Puya,130,Iran Pooya,ALIAS:2,130,"[""Iran Puya""]",c632d657f9c13b1250d688394eb7c99956a994527cb56f4a77c86ed61ff1dbda:130:ALIAS:2,,,OFAC;経産省,IRAN PUYA
NOOP_ALREADY_METI,iransadra,Iran SADRA,129,Iran Marine Industrial Company (SADRA),ALIAS:3,129,"[""Iran SADRA""]",c632d657f9c13b1250d688394eb7c99956a994527cb56f4a77c86ed61ff1dbda:129:ALIAS:3,,,OFAC;経産省,IRAN SADRA
NOOP_ALREADY_METI,iransaffronco.,Iransaffron Co.,131,Iran Saffron Company,ALIAS:1,131,"[""Iransaffron Co.""]",c632d657f9c13b1250d688394eb7c99956a994527cb56f4a77c86ed61ff1dbda:131:ALIAS:1,,,経産省,Iransaffron Co.
NOOP_ALREADY_METI,iransaffroncompany,Iran Saffron Company,131,Iran Saffron Company,PRIMARY,131,"[""Iran Saffron Company""]",c632d657f9c13b1250d688394eb7c99956a994527cb56f4a77c86ed61ff1dbda:131:PRIMARY,,,OFAC;経産省,IRAN SAFFRON COMPANY
NOOP_ALREADY_METI,iranshipbuildingco.,Iran Ship Building Co.,129,Iran Marine Industrial Company (SADRA),ALIAS:4,129,"[""Iran Ship Building Co.""]",c632d657f9c13b1250d688394eb7c99956a994527cb56f4a77c86ed61ff1dbda:129:ALIAS:4,,,OFAC;経産省,Iran Ship Building Co.
NOOP_ALREADY_METI,iranuniversityofscience&technology(iust),Iran University of Science & Technology (IUST),132,Iran University of Science and Technology (IUST),ALIAS:1,132,"[""Iran University of Science & Technology (IUST)""]",c632d657f9c13b1250d688394eb7c99956a994527cb56f4a77c86ed61ff1dbda:132:ALIAS:1,,,経産省,Iran University of Science & Technology (IUST)
NOOP_ALREADY_METI,iranuniversityofscienceandtechnology(iust),Iran University of Science and Technology (IUST),132,Iran University of Science and Technology (IUST),PRIMARY,132,"[""Iran University of Science and Technology (IUST)""]",c632d657f9c13b1250d688394eb7c99956a994527cb56f4a77c86ed61ff1dbda:132:PRIMARY,,,経産省,Iran University of Science and Technology (IUST)
NOOP_ALREADY_METI,iranuraniumenrichmentcompany,IRAN URANIUM ENRICHMENT COMPANY,39,ADVANCED TECHNOLOGIES COMPANY OF IRAN,ALIAS:9,39,"[""IRAN URANIUM ENRICHMENT COMPANY""]",c632d657f9c13b1250d688394eb7c99956a994527cb56f4a77c86ed61ff1dbda:39:ALIAS:9,,,OFAC;経産省,Iran Uranium Enrichment Company
HOLD_WEAK_ALIAS,irg,IRG,138,Islamic Revolutionary Guard Corps (IRGC),ALIAS:3,138,"[""IRG""]",c632d657f9c13b1250d688394eb7c99956a994527cb56f4a77c86ed61ff1dbda:138:ALIAS:3,3文字と短く、照合時に誤検知が多発する見込み（IRG）,,OFAC,IRG
NOOP_ALREADY_METI,irgc-airforceal-ghadirmissilecommand,IRGC-Air Force Al-Ghadir Missile Command,134,IRGC-Air Force Al-Ghadir Missile Command,PRIMARY,134,"[""IRGC-Air Force Al-Ghadir Missile Command""]",c632d657f9c13b1250d688394eb7c99956a994527cb56f4a77c86ed61ff1dbda:134:PRIMARY,,,経産省,IRGC-Air Force Al-Ghadir Missile Command
READY_TAG_EXISTING,irgcaerospaceforce,IRGC Aerospace Force,133,IRGC Air Force,ALIAS:3,133,"[""IRGC Aerospace Force""]",c632d657f9c13b1250d688394eb7c99956a994527cb56f4a77c86ed61ff1dbda:133:ALIAS:3,,,OFAC,IRGC Aerospace Force
NOOP_ALREADY_METI,irgcairforce,IRGC Air Force,133,IRGC Air Force,PRIMARY,133,"[""IRGC Air Force""]",c632d657f9c13b1250d688394eb7c99956a994527cb56f4a77c86ed61ff1dbda:133:PRIMARY,,,OFAC;経産省,IRGC AIR FORCE
NOOP_ALREADY_METI,irgcasf,ＩＲＧＣＡＳＦ,133,IRGC Air Force,ALIAS:4,133,"[""ＩＲＧＣＡＳＦ""]",c632d657f9c13b1250d688394eb7c99956a994527cb56f4a77c86ed61ff1dbda:133:ALIAS:4,,,OFAC;経産省,IRGCASF
NOOP_ALREADY_METI,irgcmissilecommand,IRGC Missile Command,134,IRGC-Air Force Al-Ghadir Missile Command,ALIAS:1,134,"[""IRGC Missile Command""]",c632d657f9c13b1250d688394eb7c99956a994527cb56f4a77c86ed61ff1dbda:134:ALIAS:1,,,OFAC;経産省,IRGC MISSILE COMMAND
NOOP_ALREADY_METI,irgcqf,IRGC QF,135,IRGC Qods Force,ALIAS:1,135,"[""IRGC QF""]",c632d657f9c13b1250d688394eb7c99956a994527cb56f4a77c86ed61ff1dbda:135:ALIAS:1,,,経産省,IRGC QF
NOOP_ALREADY_METI,irgcqodsforce,IRGC Qods Force,135,IRGC Qods Force,PRIMARY,135,"[""IRGC Qods Force""]",c632d657f9c13b1250d688394eb7c99956a994527cb56f4a77c86ed61ff1dbda:135:PRIMARY,,,経産省,IRGC Qods Force
NOOP_ALREADY_METI,isfahanopticalindustry,ISFAHAN OPTICAL INDUSTRY,136,Isfahan Optics,ALIAS:6,136,"[""ISFAHAN OPTICAL INDUSTRY""]",c632d657f9c13b1250d688394eb7c99956a994527cb56f4a77c86ed61ff1dbda:136:ALIAS:6,,,OFAC;経産省,Isfahan Optical Industry
NOOP_ALREADY_METI,isfahanopticindustriescompany,ISFAHAN OPTIC INDUSTRIES COMPANY,136,Isfahan Optics,ALIAS:5,136,"[""ISFAHAN OPTIC INDUSTRIES COMPANY""]",c632d657f9c13b1250d688394eb7c99956a994527cb56f4a77c86ed61ff1dbda:136:ALIAS:5,,,OFAC;経産省,Isfahan Optic Industries Company
NOOP_ALREADY_METI,isfahanoptics,Isfahan Optics,136,Isfahan Optics,PRIMARY,136,"[""Isfahan Optics"",""ISFAHAN OPTICS""]",c632d657f9c13b1250d688394eb7c99956a994527cb56f4a77c86ed61ff1dbda:136:PRIMARY;c632d657f9c13b1250d688394eb7c99956a994527cb56f4a77c86ed61ff1dbda:136:ALIAS:12,,,OFAC;経産省,Isfahan Optics
NOOP_ALREADY_METI,isfahanopticsindustries,ISFAHAN OPTICS INDUSTRIES,136,Isfahan Optics,ALIAS:7,136,"[""ISFAHAN OPTICS INDUSTRIES""]",c632d657f9c13b1250d688394eb7c99956a994527cb56f4a77c86ed61ff1dbda:136:ALIAS:7,,,OFAC;経産省,Isfahan Optics Industries
NOOP_ALREADY_METI,isfahanopticsindustry,ISFAHAN OPTICS INDUSTRY,136,Isfahan Optics,ALIAS:8,136,"[""ISFAHAN OPTICS INDUSTRY""]",c632d657f9c13b1250d688394eb7c99956a994527cb56f4a77c86ed61ff1dbda:136:ALIAS:8,,,OFAC;経産省,Isfahan Optics Industry
NOOP_ALREADY_METI,ishahanopticsindustriesco.,ISHAHAN OPTICS INDUSTRIES CO.,136,Isfahan Optics,ALIAS:9,136,"[""ISHAHAN OPTICS INDUSTRIES CO.""]",c632d657f9c13b1250d688394eb7c99956a994527cb56f4a77c86ed61ff1dbda:136:ALIAS:9,,,OFAC;経産省,ISHAHAN OPTICS INDUSTRIES CO.
READY_ADD,"iskra""engineeringdesignbureaujscnamedafteri.i.kartukov","""Iskra"" Engineering Design Bureau JSC named after I.I. Kartukov",753,"""Iskra"" Engineering Design Bureau JSC named after I.I. Kartukov",PRIMARY,753,"[""\""Iskra\"" Engineering Design Bureau JSC named after I.I. Kartukov""]",c632d657f9c13b1250d688394eb7c99956a994527cb56f4a77c86ed61ff1dbda:753:PRIMARY,,,,
NOOP_ALREADY_METI,islamicazaduniversity(iau),Islamic Azad University (IAU),137,Islamic Azad University (IAU),PRIMARY,137,"[""Islamic Azad University (IAU)""]",c632d657f9c13b1250d688394eb7c99956a994527cb56f4a77c86ed61ff1dbda:137:PRIMARY,,,経産省,Islamic Azad University (IAU)
NOOP_ALREADY_METI,islamicrevolutionarycorps,Islamic Revolutionary Corps,138,Islamic Revolutionary Guard Corps (IRGC),ALIAS:4,138,"[""Islamic Revolutionary Corps""]",c632d657f9c13b1250d688394eb7c99956a994527cb56f4a77c86ed61ff1dbda:138:ALIAS:4,,,OFAC;経産省,ISLAMIC REVOLUTIONARY CORPS
NOOP_ALREADY_METI,islamicrevolutionaryguardcorps(irgc),Islamic Revolutionary Guard Corps (IRGC),138,Islamic Revolutionary Guard Corps (IRGC),PRIMARY,138,"[""Islamic Revolutionary Guard Corps (IRGC)""]",c632d657f9c13b1250d688394eb7c99956a994527cb56f4a77c86ed61ff1dbda:138:PRIMARY,,,経産省,Islamic Revolutionary Guard Corps (IRGC)
READY_ADD,islamicrevolutionaryguardcorpsaerospaceforce,Islamic Revolutionary Guard Corps Aerospace Force,139,Islamic Revolutionary Guard Corps Aerospace Force,PRIMARY,139,"[""Islamic Revolutionary Guard Corps Aerospace Force""]",c632d657f9c13b1250d688394eb7c99956a994527cb56f4a77c86ed61ff1dbda:139:PRIMARY,,,,
NOOP_ALREADY_METI,islamicrevolutionaryguardcorpsaerospaceforceresearchandselfsufficiencyjehadorganization,ISLAMIC REVOLUTIONARY GUARD CORPS AEROSPACE FORCE RESEARCH AND SELF SUFFICIENCY JEHAD ORGANIZATION,140,ISLAMIC REVOLUTIONARY GUARD CORPS AEROSPACE FORCE SELF SUFFICIENCY JIHAD ORGANIZATION,ALIAS:1,140,"[""ISLAMIC REVOLUTIONARY GUARD CORPS AEROSPACE FORCE RESEARCH AND SELF SUFFICIENCY JEHAD ORGANIZATION""]",c632d657f9c13b1250d688394eb7c99956a994527cb56f4a77c86ed61ff1dbda:140:ALIAS:1,,,OFAC;経産省,Islamic Revolutionary Guard Corps Aerospace Force Research and Self Sufficiency Jehad Organization
NOOP_ALREADY_METI,islamicrevolutionaryguardcorpsaerospaceforceself-sufficiencyjehadorganization,ISLAMIC REVOLUTIONARY GUARD CORPS AEROSPACE FORCE SELF-SUFFICIENCY JEHAD ORGANIZATION,140,ISLAMIC REVOLUTIONARY GUARD CORPS AEROSPACE FORCE SELF SUFFICIENCY JIHAD ORGANIZATION,ALIAS:2,140,"[""ISLAMIC REVOLUTIONARY GUARD CORPS AEROSPACE FORCE SELF-SUFFICIENCY JEHAD ORGANIZATION""]",c632d657f9c13b1250d688394eb7c99956a994527cb56f4a77c86ed61ff1dbda:140:ALIAS:2,,,OFAC;経産省,ISLAMIC REVOLUTIONARY GUARD CORPS AEROSPACE FORCE SELF-SUFFICIENCY JEHAD ORGANIZATION
READY_TAG_EXISTING,islamicrevolutionaryguardcorpsaerospaceforceselfsufficiencyjihadorganization,ISLAMIC REVOLUTIONARY GUARD CORPS AEROSPACE FORCE SELF SUFFICIENCY JIHAD ORGANIZATION,140,ISLAMIC REVOLUTIONARY GUARD CORPS AEROSPACE FORCE SELF SUFFICIENCY JIHAD ORGANIZATION,PRIMARY,140,"[""ISLAMIC REVOLUTIONARY GUARD CORPS AEROSPACE FORCE SELF SUFFICIENCY JIHAD ORGANIZATION""]",c632d657f9c13b1250d688394eb7c99956a994527cb56f4a77c86ed61ff1dbda:140:PRIMARY,,,OFAC,ISLAMIC REVOLUTIONARY GUARD CORPS AEROSPACE FORCE SELF SUFFICIENCY JIHAD ORGANIZATION
NOOP_ALREADY_METI,islamicrevolutionaryguardcorpsairforce,Islamic Revolutionary Guard Corps Air Force,133,IRGC Air Force,ALIAS:1,133,"[""Islamic Revolutionary Guard Corps Air Force""]",c632d657f9c13b1250d688394eb7c99956a994527cb56f4a77c86ed61ff1dbda:133:ALIAS:1,,,OFAC;経産省,ISLAMIC REVOLUTIONARY GUARD CORPS AIR FORCE
NOOP_ALREADY_METI,islamicrevolutionaryguardcorpsmissilecommand,Islamic Revolutionary Guard Corps Missile Command,134,IRGC-Air Force Al-Ghadir Missile Command,ALIAS:2,134,"[""Islamic Revolutionary Guard Corps Missile Command""]",c632d657f9c13b1250d688394eb7c99956a994527cb56f4a77c86ed61ff1dbda:134:ALIAS:2,,,経産省,Islamic Revolutionary Guard Corps Missile Command
READY_TAG_EXISTING,islamicrevolutionaryguardcorpsresearchandself-sufficiencyjehadorganization,ISLAMIC REVOLUTIONARY GUARD CORPS RESEARCH AND SELF-SUFFICIENCY JEHAD ORGANIZATION,141,ISLAMIC REVOLUTIONARY GUARD CORPS RESEARCH AND SELF-SUFFICIENCY JEHAD ORGANIZATION,PRIMARY,141,"[""ISLAMIC REVOLUTIONARY GUARD CORPS RESEARCH AND SELF-SUFFICIENCY JEHAD ORGANIZATION""]",c632d657f9c13b1250d688394eb7c99956a994527cb56f4a77c86ed61ff1dbda:141:PRIMARY,,,OFAC,ISLAMIC REVOLUTIONARY GUARD CORPS RESEARCH AND SELF-SUFFICIENCY JEHAD ORGANIZATION
NOOP_ALREADY_METI,islamicrevolutionaryguardcorpsresearchandself-sufficiencyjihadorganization,ISLAMIC REVOLUTIONARY GUARD CORPS RESEARCH AND SELF-SUFFICIENCY JIHAD ORGANIZATION,141,ISLAMIC REVOLUTIONARY GUARD CORPS RESEARCH AND SELF-SUFFICIENCY JEHAD ORGANIZATION,ALIAS:1,141,"[""ISLAMIC REVOLUTIONARY GUARD CORPS RESEARCH AND SELF-SUFFICIENCY JIHAD ORGANIZATION""]",c632d657f9c13b1250d688394eb7c99956a994527cb56f4a77c86ed61ff1dbda:141:ALIAS:1,,,OFAC;経産省,ISLAMIC REVOLUTIONARY GUARD CORPS RESEARCH AND SELF-SUFFICIENCY JIHAD ORGANIZATION
NOOP_ALREADY_METI,islamicrevolutionaryguardcorpsself-sufficiencyjehadorganization,ISLAMIC REVOLUTIONARY GUARD CORPS SELF- SUFFICIENCY JEHAD ORGANIZATION,141,ISLAMIC REVOLUTIONARY GUARD CORPS RESEARCH AND SELF-SUFFICIENCY JEHAD ORGANIZATION,ALIAS:2,141,"[""ISLAMIC REVOLUTIONARY GUARD CORPS SELF- SUFFICIENCY JEHAD ORGANIZATION""]",c632d657f9c13b1250d688394eb7c99956a994527cb56f4a77c86ed61ff1dbda:141:ALIAS:2,,,OFAC;経産省,ISLAMIC REVOLUTIONARY GUARD CORPS SELF- SUFFICIENCY JEHAD ORGANIZATION
READY_TAG_EXISTING,islamicsalvationfoundation,Islamic Salvation Foundation,1,Al Qa'ida/Islamic Army,ALIAS:2,1,"[""Islamic Salvation Foundation""]",c632d657f9c13b1250d688394eb7c99956a994527cb56f4a77c86ed61ff1dbda:1:ALIAS:2,,,OFAC;財務省,Islamic Salvation Foundation
READY_TAG_EXISTING,izhevskiymashinostroitel'nyizavodoao,Izhevskiy Mashinostroitel'nyi Zavod OAO,780,Kalashnikov Concern,ALIAS:2,780,"[""Izhevskiy Mashinostroitel'nyi Zavod OAO""]",c632d657f9c13b1250d688394eb7c99956a994527cb56f4a77c86ed61ff1dbda:780:ALIAS:2,,,OFAC;外務省,Izhevskiy Mashinostroitel'nyi Zavod OAO
READY_TAG_EXISTING,izhmashr&dcenter,Izhmash R&D Center,780,Kalashnikov Concern,ALIAS:3,780,"[""Izhmash R&D Center""]",c632d657f9c13b1250d688394eb7c99956a994527cb56f4a77c86ed61ff1dbda:780:ALIAS:3,,,外務省,Izhmash R&D Center
READY_TAG_EXISTING,jahantech,Jahan Tech,142,Jahan Tech Rooyan Pars,ALIAS:1,142,"[""Jahan Tech""]",c632d657f9c13b1250d688394eb7c99956a994527cb56f4a77c86ed61ff1dbda:142:ALIAS:1,,,OFAC,Jahan Tech
READY_TAG_EXISTING,jahantechrooyanpars,Jahan Tech Rooyan Pars,142,Jahan Tech Rooyan Pars,PRIMARY,142,"[""Jahan Tech Rooyan Pars""]",c632d657f9c13b1250d688394eb7c99956a994527cb56f4a77c86ed61ff1dbda:142:PRIMARY,,,OFAC,JAHAN TECH ROOYAN PARS
NOOP_ALREADY_METI,jahantechrooyanparscompany,Jahan Tech Rooyan Pars Company,142,Jahan Tech Rooyan Pars,ALIAS:2,142,"[""Jahan Tech Rooyan Pars Company""]",c632d657f9c13b1250d688394eb7c99956a994527cb56f4a77c86ed61ff1dbda:142:ALIAS:2,,,経産省,Jahan Tech Rooyan Pars Company
NOOP_ALREADY_METI,jangsu100(長水100),Jangsu 100 (長水100),344,Korea Jangsu Trading Corporation (長水貿易会社),ALIAS:1,344,"[""Jangsu 100 (長水100)""]",c632d657f9c13b1250d688394eb7c99956a994527cb56f4a77c86ed61ff1dbda:344:ALIAS:1,,,経産省,Jangsu 100 (長水100)
READY_ADD,javanelectroniccompany,Javan Electronic Company,143,Javan Electronic Company,PRIMARY,143,"[""Javan Electronic Company""]",c632d657f9c13b1250d688394eb7c99956a994527cb56f4a77c86ed61ff1dbda:143:PRIMARY,,,,
NOOP_ALREADY_METI,javedanmehrtoos,Javedan Mehr Toos,144,Javedan Mehr Toos,PRIMARY,144,"[""Javedan Mehr Toos""]",c632d657f9c13b1250d688394eb7c99956a994527cb56f4a77c86ed61ff1dbda:144:PRIMARY,,,OFAC;経産省,JAVEDAN MEHR TOOS
NOOP_ALREADY_METI,jelvesazancompany,Jelvesazan Company,145,Jelvesazan Company,PRIMARY,145,"[""Jelvesazan Company""]",c632d657f9c13b1250d688394eb7c99956a994527cb56f4a77c86ed61ff1dbda:145:PRIMARY,,,経産省,Jelvesazan Company
NOOP_ALREADY_METI,jihyangassociatedcorporation,Jihyang Associated Corporation,318,Green Pine Associated Corporation （青松連合）,ALIAS:5,318,"[""Jihyang Associated Corporation""]",c632d657f9c13b1250d688394eb7c99956a994527cb56f4a77c86ed61ff1dbda:318:ALIAS:5,,,経産省,Jihyang Associated Corporation
NOOP_ALREADY_METI,jihyangtechnologytradecompany,Jihyang Technology Trade Company,318,Green Pine Associated Corporation （青松連合）,ALIAS:6,318,"[""Jihyang Technology Trade Company""]",c632d657f9c13b1250d688394eb7c99956a994527cb56f4a77c86ed61ff1dbda:318:ALIAS:6,,,経産省,Jihyang Technology Trade Company
NOOP_ALREADY_METI,jihyangtradingcorporation,Jihyang Trading Corporation,318,Green Pine Associated Corporation （青松連合）,ALIAS:7,318,"[""Jihyang Trading Corporation""]",c632d657f9c13b1250d688394eb7c99956a994527cb56f4a77c86ed61ff1dbda:318:ALIAS:7,,,経産省,Jihyang Trading Corporation
NOOP_ALREADY_METI,jimcorporation,Jim Corporation,638,Jim Corporation,PRIMARY,638,"[""Jim Corporation""]",c632d657f9c13b1250d688394eb7c99956a994527cb56f4a77c86ed61ff1dbda:638:PRIMARY,,,経産省,Jim Corporation
NOOP_ALREADY_METI,jindallae,Jindallae,318,Green Pine Associated Corporation （青松連合）,ALIAS:8,318,"[""Jindallae""]",c632d657f9c13b1250d688394eb7c99956a994527cb56f4a77c86ed61ff1dbda:318:ALIAS:8,,,OFAC;経産省;財務省,JINDALLAE
READY_TAG_EXISTING,jinxiangtradingcompany,Jinxiang Trading Company,529,"Dandong Jinxiang Trade Co., Ltd.",ALIAS:3,529,"[""Jinxiang Trading Company""]",c632d657f9c13b1250d688394eb7c99956a994527cb56f4a77c86ed61ff1dbda:529:ALIAS:3,,,OFAC,Jinxiang Trading Company
NOOP_ALREADY_METI,"jinyingtradingco.,ltd.","Jin Ying Trading Co., Ltd.",705,"ADVANTAGE TRADING CO., LIMITED",ALIAS:1,705,"[""Jin Ying Trading Co., Ltd.""]",c632d657f9c13b1250d688394eb7c99956a994527cb56f4a77c86ed61ff1dbda:705:ALIAS:1,,,経産省,"Jin Ying Trading Co., Ltd."
READY_TAG_EXISTING,joint-stockcompanyconcernalmaz-antey,Joint-Stock Company Concern Almaz-Antey,756,Joint-Stock Company Concern Almaz-Antey,PRIMARY,756,"[""Joint-Stock Company Concern Almaz-Antey""]",c632d657f9c13b1250d688394eb7c99956a994527cb56f4a77c86ed61ff1dbda:756:PRIMARY,,,OFAC;外務省,Joint-Stock Company Concern Almaz-Antey
NOOP_ALREADY_METI,"jointstockcompany""arzamasresearchandproductionenterprise""temp-avia",Joint Stock Company “Arzamas Research And Production Enterprise“TEMP-AVIA”,822,"""Temp-Avia"" Arzamas Research and Production Association JSC",ALIAS:4,822,"[""Joint Stock Company “Arzamas Research And Production Enterprise“TEMP-AVIA”""]",c632d657f9c13b1250d688394eb7c99956a994527cb56f4a77c86ed61ff1dbda:822:ALIAS:4,,,経産省,Joint Stock Company “Arzamas Research And Production Enterprise“TEMP-AVIA”
NOOP_ALREADY_METI,"jointstockcompany""federalcenterofscienceandhightechnologies""snpo""eleron","Joint Stock Company ""Federal Center of Science and High Technologies ""SNPO ""Eleron""",762,"Joint Stock Company ""Federal Center of Science and High Technologies ""SNPO ""Eleron""",PRIMARY,762,"[""Joint Stock Company \""Federal Center of Science and High Technologies \""SNPO \""Eleron\""""]",c632d657f9c13b1250d688394eb7c99956a994527cb56f4a77c86ed61ff1dbda:762:PRIMARY,,,経産省,"Joint Stock Company ""Federal Center of Science and High Technologies ""SNPO ""Eleron"""
READY_ADD,"jointstockcompany""severniypress","Joint Stock Company""Severniy press""",770,"Joint Stock Company""Severniy press""",PRIMARY,770,"[""Joint Stock Company\""Severniy press\""""]",c632d657f9c13b1250d688394eb7c99956a994527cb56f4a77c86ed61ff1dbda:770:PRIMARY,,,,
NOOP_ALREADY_METI,"jointstockcompany""statemachine-buildingdesignbureau""raduga",Joint Stock Company “State Machine-Building Design Bureau “Raduga”,805,"""Raduga"" State Engineering Design Bureau JSC named after A.Y. Bereznyak",ALIAS:3,805,"[""Joint Stock Company “State Machine-Building Design Bureau “Raduga”""]",c632d657f9c13b1250d688394eb7c99956a994527cb56f4a77c86ed61ff1dbda:805:ALIAS:3,,,経産省,Joint Stock Company “State Machine-Building Design Bureau “Raduga”
READY_TAG_EXISTING,jointstockcompanyangstrem,Joint Stock Company Angstrem,754,Joint Stock Company Angstrem,PRIMARY,754,"[""Joint Stock Company Angstrem""]",c632d657f9c13b1250d688394eb7c99956a994527cb56f4a77c86ed61ff1dbda:754:PRIMARY,,,OFAC;財務省,Joint Stock Company Angstrem
NOOP_ALREADY_METI,jointstockcompanyangstrem-t,Joint Stock Company Angstrem-T,755,Joint Stock Company Angstrem-T,PRIMARY,755,"[""Joint Stock Company Angstrem-T""]",c632d657f9c13b1250d688394eb7c99956a994527cb56f4a77c86ed61ff1dbda:755:PRIMARY,,,経産省,Joint Stock Company Angstrem-T
NOOP_ALREADY_METI,jointstockcompanyavangardtacticalmissilecorporation,"Tactical Missile Corporation, Joint Stock Company Avangard",742,"""Avangard"" JSC",ALIAS:1,742,"[""Tactical Missile Corporation, Joint Stock Company Avangard""]",c632d657f9c13b1250d688394eb7c99956a994527cb56f4a77c86ed61ff1dbda:742:ALIAS:1,,,経産省,"Tactical Missile Corporation, Joint Stock Company Avangard"
READY_TAG_EXISTING,jointstockcompanyconcernavrorascientificandproductionassociation,Joint Stock Company Concern Avrora Scientific and Production Association,757,Joint Stock Company Concern Avrora Scientific and Production Association,PRIMARY,757,"[""Joint Stock Company Concern Avrora Scientific and Production Association""]",c632d657f9c13b1250d688394eb7c99956a994527cb56f4a77c86ed61ff1dbda:757:PRIMARY,,,OFAC;財務省,Joint Stock Company Concern Avrora Scientific and Production Association
READY_TAG_EXISTING,jointstockcompanyconcernavtomatika,Joint Stock Company Concern Avtomatika,758,Joint Stock Company Concern Avtomatika,PRIMARY,758,"[""Joint Stock Company Concern Avtomatika""]",c632d657f9c13b1250d688394eb7c99956a994527cb56f4a77c86ed61ff1dbda:758:PRIMARY,,,OFAC,JOINT STOCK COMPANY CONCERN AVTOMATIKA
NOOP_ALREADY_METI,jointstockcompanyconcernsozvezdie,Joint Stock Company Concern Sozvezdie,759,Joint Stock Company Concern Sozvezdie,PRIMARY,759,"[""Joint Stock Company Concern Sozvezdie""]",c632d657f9c13b1250d688394eb7c99956a994527cb56f4a77c86ed61ff1dbda:759:PRIMARY;c632d657f9c13b1250d688394eb7c99956a994527cb56f4a77c86ed61ff1dbda:759:ALIAS:3,,,OFAC;経産省,Joint Stock Company Concern Sozvezdie
NOOP_ALREADY_METI,jointstockcompanydesignbureauofspecialmachinebuilding,Joint Stock Company Design Bureau of Special Machine Building,760,Joint Stock Company Design Bureau of Special Machine Building,PRIMARY,760,"[""Joint Stock Company Design Bureau of Special Machine Building""]",c632d657f9c13b1250d688394eb7c99956a994527cb56f4a77c86ed61ff1dbda:760:PRIMARY,,,経産省,Joint Stock Company Design Bureau of Special Machine Building
NOOP_ALREADY_METI,jointstockcompanyeleron,Joint Stock Company Eleron,762,"Joint Stock Company ""Federal Center of Science and High Technologies ""SNPO ""Eleron""",ALIAS:1,762,"[""Joint Stock Company Eleron""]",c632d657f9c13b1250d688394eb7c99956a994527cb56f4a77c86ed61ff1dbda:762:ALIAS:1,,,経産省,Joint Stock Company Eleron
NOOP_ALREADY_METI,jointstockcompanyengineeringofficespetsialnogomashinostroyeniya,Joint Stock Company Engineering Office Spetsialnogo Mashinostroyeniya,760,Joint Stock Company Design Bureau of Special Machine Building,ALIAS:9,760,"[""Joint Stock Company Engineering Office Spetsialnogo Mashinostroyeniya""]",c632d657f9c13b1250d688394eb7c99956a994527cb56f4a77c86ed61ff1dbda:760:ALIAS:9,,,経産省,Joint Stock Company Engineering Office Spetsialnogo Mashinostroyeniya
READY_TAG_EXISTING,jointstockcompanyexperimentaldesignbureaunovator,Joint Stock Company Experimental Design Bureau Novator,761,Joint Stock Company Experimental Design Bureau Novator,PRIMARY,761,"[""Joint Stock Company Experimental Design Bureau Novator""]",c632d657f9c13b1250d688394eb7c99956a994527cb56f4a77c86ed61ff1dbda:761:PRIMARY,,,OFAC;財務省,Joint Stock Company Experimental Design Bureau Novator
READY_ADD,jointstockcompanyfederalscientificandproductioncentertitan-barrikady,Joint Stock Company Federal Scientific and Production Center Titan-Barrikady,763,Joint Stock Company Federal Scientific and Production Center Titan-Barrikady,PRIMARY,763,"[""Joint Stock Company Federal Scientific and Production Center Titan-Barrikady""]",c632d657f9c13b1250d688394eb7c99956a994527cb56f4a77c86ed61ff1dbda:763:PRIMARY,,,,
NOOP_ALREADY_METI,jointstockcompanygosniimashtacticalmissilecorporation,"Tactical Missile Corporation, Joint Stock Company GosNIIMash",812,"""Scientific Research Institute for Mechanical Engineering"" JSC",ALIAS:8,812,"[""Tactical Missile Corporation, Joint Stock Company GosNIIMash""]",c632d657f9c13b1250d688394eb7c99956a994527cb56f4a77c86ed61ff1dbda:812:ALIAS:8,,,経産省,"Tactical Missile Corporation, Joint Stock Company GosNIIMash"
READY_TAG_EXISTING,jointstockcompanyinstituteforscientificresearchmicroelectronicequipmentprogress,Joint Stock Company Institute for Scientific Research Microelectronic Equipment Progress,764,Joint Stock Company Institute for Scientific Research Microelectronic Equipment Progress,PRIMARY,764,"[""Joint Stock Company Institute for Scientific Research Microelectronic Equipment Progress""]",c632d657f9c13b1250d688394eb7c99956a994527cb56f4a77c86ed61ff1dbda:764:PRIMARY,,,OFAC;財務省,Joint Stock Company Institute for Scientific Research Microelectronic Equipment Progress
NOOP_ALREADY_METI,jointstockcompanykbsm,Joint Stock Company KBSM,760,Joint Stock Company Design Bureau of Special Machine Building,ALIAS:8,760,"[""Joint Stock Company KBSM""]",c632d657f9c13b1250d688394eb7c99956a994527cb56f4a77c86ed61ff1dbda:760:ALIAS:8,,,経産省,Joint Stock Company KBSM
READY_TAG_EXISTING,jointstockcompanymachine-buildingengineeringofficefakelnamedafterakademikap.d.grushina,Joint Stock Company Machine-Building Engineering Office Fakel Named After Akademika P.D. Grushina,765,Joint Stock Company Machine-Building Engineering Office Fakel Named After Akademika P.D. Grushina,PRIMARY,765,"[""Joint Stock Company Machine-Building Engineering Office Fakel Named After Akademika P.D. Grushina""]",c632d657f9c13b1250d688394eb7c99956a994527cb56f4a77c86ed61ff1dbda:765:PRIMARY,,,OFAC;財務省,Joint Stock Company Machine-Building Engineering Office Fakel Named after Akademika P. D. Grushina
READY_TAG_EXISTING,jointstockcompanymikron,JOINT STOCK COMPANY MIKRON,786,Mikron,ALIAS:1,786,"[""JOINT STOCK COMPANY MIKRON""]",c632d657f9c13b1250d688394eb7c99956a994527cb56f4a77c86ed61ff1dbda:786:ALIAS:1,,,OFAC;財務省,Joint Stock Company Mikron
NOOP_ALREADY_METI,jointstockcompanymilitary-industrialcorporationnpomashinostroyenia,Joint Stock Company Military-Industrial Corporation NPO Mashinostroyenia,787,"""Military Industrial Corporation NPO Mashinostroenia"" JSC",ALIAS:2,787,"[""Joint Stock Company Military-Industrial Corporation NPO Mashinostroyenia""]",c632d657f9c13b1250d688394eb7c99956a994527cb56f4a77c86ed61ff1dbda:787:ALIAS:2,,,OFAC;経産省;財務省,Joint Stock Company Military-Industrial Corporation NPO Mashinostroyenia
READY_TAG_EXISTING,jointstockcompanymilitaryindustrialconsortiumnpomashinostroyenia,Joint Stock Company Military Industrial Consortium NPO Mashinostroyenia,787,"""Military Industrial Corporation NPO Mashinostroenia"" JSC",ALIAS:1,787,"[""Joint Stock Company Military Industrial Consortium NPO Mashinostroyenia""]",c632d657f9c13b1250d688394eb7c99956a994527cb56f4a77c86ed61ff1dbda:787:ALIAS:1,,,OFAC;財務省,Joint Stock Company Military Industrial Consortium NPO Mashinostroyenia
READY_TAG_EXISTING,jointstockcompanynorthdesignbureau,Joint Stock Company North Design Bureau,813,Severnoye Design Bureau Joint Stock Company,ALIAS:1,813,"[""Joint Stock Company North Design Bureau""]",c632d657f9c13b1250d688394eb7c99956a994527cb56f4a77c86ed61ff1dbda:813:ALIAS:1,,,OFAC;財務省,Joint Stock Company North Design Bureau
READY_TAG_EXISTING,jointstockcompanynorthwesternregionalcenterofalmazanteyconcernobukhovskyplant,Joint Stock Company North Western Regional Center of Almaz Antey Concern Obukhovsky Plant,766,Joint Stock Company North Western Regional Center of Almaz Antey Concern Obukhovsky Plant,PRIMARY,766,"[""Joint Stock Company North Western Regional Center of Almaz Antey Concern Obukhovsky Plant""]",c632d657f9c13b1250d688394eb7c99956a994527cb56f4a77c86ed61ff1dbda:766:PRIMARY,,,OFAC;財務省,Joint Stock Company North Western Regional Center of Almaz Antey Concern Obukhovsky Plant
NOOP_ALREADY_METI,jointstockcompanynpoelektromechaniki,Joint Stock Company NPO Elektromechaniki,767,Joint Stock Company NPO Elektromechaniki,PRIMARY,767,"[""Joint Stock Company NPO Elektromechaniki""]",c632d657f9c13b1250d688394eb7c99956a994527cb56f4a77c86ed61ff1dbda:767:PRIMARY,,,経産省,Joint Stock Company NPO Elektromechaniki
NOOP_ALREADY_METI,jointstockcompanypastrelatacticalmissilecorporation,"Tactical Missile Corporation, Joint Stock Company PA Strela",818,"""Strela"" Production Association JSC",ALIAS:2,818,"[""Tactical Missile Corporation, Joint Stock Company PA Strela""]",c632d657f9c13b1250d688394eb7c99956a994527cb56f4a77c86ed61ff1dbda:818:ALIAS:2,,,経産省,"Tactical Missile Corporation, Joint Stock Company PA Strela"
READY_TAG_EXISTING,jointstockcompanyprecisionengineeringdesignbureaunamedaftera.e.nudelman,Joint Stock Company Precision Engineering Design Bureau named after A.E. Nudelman,768,Joint Stock Company Precision Engineering Design Bureau named after A.E. Nudelman,PRIMARY,768,"[""Joint Stock Company Precision Engineering Design Bureau named after A.E. Nudelman""]",c632d657f9c13b1250d688394eb7c99956a994527cb56f4a77c86ed61ff1dbda:768:PRIMARY,,,外務省,Joint Stock Company Precision Engineering Design Bureau named after A.E. Nudelman
READY_TAG_EXISTING,jointstockcompanyresearchandproductioncorporationkonstruktorskoyebyuromashynostroyeniya,JOINT STOCK COMPANY RESEARCH AND PRODUCTION CORPORATION KONSTRUKTORSKOYE BYURO MASHYNOSTROYENIYA,769,JOINT STOCK COMPANY RESEARCH AND PRODUCTION CORPORATION KONSTRUKTORSKOYE BYURO MASHYNOSTROYENIYA,PRIMARY,769,"[""JOINT STOCK COMPANY RESEARCH AND PRODUCTION CORPORATION KONSTRUKTORSKOYE BYURO MASHYNOSTROYENIYA""]",c632d657f9c13b1250d688394eb7c99956a994527cb56f4a77c86ed61ff1dbda:769:PRIMARY,,,OFAC,JOINT STOCK COMPANY RESEARCH AND PRODUCTION CORPORATION KONSTRUKTORSKOYE BYURO MASHYNOSTROYENIYA
NOOP_ALREADY_METI,jointstockcompanyscientificresearchinstituteofcomputerengineeringniisvt,Joint Stock Company Scientific Research Institute of Computer Engineering NII SVT,771,Joint Stock Company Scientific Research Institute of Computer Engineering NII SVT,PRIMARY,771,"[""Joint Stock Company Scientific Research Institute of Computer Engineering NII SVT""]",c632d657f9c13b1250d688394eb7c99956a994527cb56f4a77c86ed61ff1dbda:771:PRIMARY,,,経産省,Joint Stock Company Scientific Research Institute of Computer Engineering NII SVT
NOOP_ALREADY_METI,jointstockcompanysevernypresstacticalmissilecorporation,"Tactical Missile Corporation, Joint Stock Company Severny Press",770,"Joint Stock Company""Severniy press""",ALIAS:3,770,"[""Tactical Missile Corporation, Joint Stock Company Severny Press""]",c632d657f9c13b1250d688394eb7c99956a994527cb56f4a77c86ed61ff1dbda:770:ALIAS:3,,,経産省,"Tactical Missile Corporation, Joint Stock Company Severny Press"
READY_TAG_EXISTING,jointstockcompanyspecialeconomiczoneofindustrialproductionalabuga,Joint Stock Company Special Economic Zone of Industrial Production Alabuga,779,JSC SEZ Alabuga,ALIAS:1,779,"[""Joint Stock Company Special Economic Zone of Industrial Production Alabuga""]",c632d657f9c13b1250d688394eb7c99956a994527cb56f4a77c86ed61ff1dbda:779:ALIAS:1,,,OFAC;財務省,JOINT STOCK COMPANY SPECIAL ECONOMIC ZONE OF INDUSTRIAL PRODUCTION ALABUGA
READY_TAG_EXISTING,jointstockcompanytekhnodinamika,Joint Stock Company Tekhnodinamika,772,Joint Stock Company Tekhnodinamika,PRIMARY,772,"[""Joint Stock Company Tekhnodinamika""]",c632d657f9c13b1250d688394eb7c99956a994527cb56f4a77c86ed61ff1dbda:772:PRIMARY,,,OFAC,JOINT STOCK COMPANY TEKHNODINAMIKA
READY_ADD,"jointstockcompanyufaaggregateenterprise""gidravlika",Joint Stock Company Ufa Aggregate Enterprise “Gidravlika”,773,Joint Stock Company Ufa Aggregate Enterprise “Gidravlika”,PRIMARY,773,"[""Joint Stock Company Ufa Aggregate Enterprise “Gidravlika”""]",c632d657f9c13b1250d688394eb7c99956a994527cb56f4a77c86ed61ff1dbda:773:PRIMARY,,,,
READY_ADD,jointstockcompanyuraltransmash,Joint Stock Company Uraltransmash,774,Joint Stock Company Uraltransmash,PRIMARY,774,"[""Joint Stock Company Uraltransmash""]",c632d657f9c13b1250d688394eb7c99956a994527cb56f4a77c86ed61ff1dbda:774:PRIMARY,,,,
NOOP_ALREADY_METI,jointstockcompanyvotkinskyzavod,Joint Stock Company Votkinsky Zavod,775,Joint Stock Company Votkinsky Zavod,PRIMARY,775,"[""Joint Stock Company Votkinsky Zavod""]",c632d657f9c13b1250d688394eb7c99956a994527cb56f4a77c86ed61ff1dbda:775:PRIMARY,,,経産省,Joint Stock Company Votkinsky Zavod
READY_TAG_EXISTING,jotrinelectronicslimited,JOTRIN ELECTRONICS LIMITED,720,JOTRIN ELECTRONICS LIMITED,PRIMARY,720,"[""JOTRIN ELECTRONICS LIMITED""]",c632d657f9c13b1250d688394eb7c99956a994527cb56f4a77c86ed61ff1dbda:720:PRIMARY,,,OFAC,JOTRIN ELECTRONICS LIMITED
NOOP_ALREADY_METI,jozaindustrialco.,Joza Industrial Co.,146,Joza Industrial Co.,PRIMARY,146,"[""Joza Industrial Co.""]",c632d657f9c13b1250d688394eb7c99956a994527cb56f4a77c86ed61ff1dbda:146:PRIMARY,,,経産省;財務省,JOZA INDUSTRIAL CO.
NOOP_ALREADY_METI,jozaindustriescompany,Joza Industries Company,146,Joza Industrial Co.,ALIAS:1,146,"[""Joza Industries Company""]",c632d657f9c13b1250d688394eb7c99956a994527cb56f4a77c86ed61ff1dbda:146:ALIAS:1,,,OFAC;経産省,JOZA INDUSTRIES COMPANY
NOOP_ALREADY_METI,"jsc""tskba",JSC “TsKBA”,743,"""Central Design Bureau for Automatics Engineering"" JSC",ALIAS:3,743,"[""JSC “TsKBA”""]",c632d657f9c13b1250d688394eb7c99956a994527cb56f4a77c86ed61ff1dbda:743:ALIAS:3,,,経産省,JSC “TsKBA”
NOOP_ALREADY_METI,jscaviationequipment,JSC Aviation Equipment,772,Joint Stock Company Tekhnodinamika,ALIAS:2,772,"[""JSC Aviation Equipment""]",c632d657f9c13b1250d688394eb7c99956a994527cb56f4a77c86ed61ff1dbda:772:ALIAS:2,,,経産省,JSC Aviation Equipment
NOOP_ALREADY_METI,jscconcernautomation,JSC Concern Automation,758,Joint Stock Company Concern Avtomatika,ALIAS:2,758,"[""JSC Concern Automation""]",c632d657f9c13b1250d688394eb7c99956a994527cb56f4a77c86ed61ff1dbda:758:ALIAS:2,,,経産省,JSC Concern Automation
READY_TAG_EXISTING,jscconcerngranit-electron,JSC Concern Granit-Electron,776,JSC Concern Granit-Electron,PRIMARY,776,"[""JSC Concern Granit-Electron""]",c632d657f9c13b1250d688394eb7c99956a994527cb56f4a77c86ed61ff1dbda:776:PRIMARY,,,財務省,JSC Concern Granit-Electron
READY_TAG_EXISTING,jscconcernradio-electronictechnologies(kret),JSC Concern Radio-Electronic Technologies（KRET）,777,JSC Concern Radio-Electronic Technologies（KRET）,PRIMARY,777,"[""JSC Concern Radio-Electronic Technologies（KRET）""]",c632d657f9c13b1250d688394eb7c99956a994527cb56f4a77c86ed61ff1dbda:777:PRIMARY,,,,JSC Concern Radio-Electronic Technologies (KRET)
NOOP_ALREADY_METI,jscconcernsozvezdie,JSC Concern Sozvezdie,759,Joint Stock Company Concern Sozvezdie,ALIAS:1,759,"[""JSC Concern Sozvezdie""]",c632d657f9c13b1250d688394eb7c99956a994527cb56f4a77c86ed61ff1dbda:759:ALIAS:1,,,OFAC;経産省,JSC Concern Sozvezdie
NOOP_ALREADY_METI,jscdesignbureauofspecialmachinebuilding,JSC Design Bureau of Special Machine Building,760,Joint Stock Company Design Bureau of Special Machine Building,ALIAS:3,760,"[""JSC Design Bureau of Special Machine Building""]",c632d657f9c13b1250d688394eb7c99956a994527cb56f4a77c86ed61ff1dbda:760:ALIAS:3,,,経産省,JSC Design Bureau of Special Machine Building
READY_TAG_EXISTING,jscebdfakel,JSC EBD Fakel,765,Joint Stock Company Machine-Building Engineering Office Fakel Named After Akademika P.D. Grushina,ALIAS:3,765,"[""JSC EBD Fakel""]",c632d657f9c13b1250d688394eb7c99956a994527cb56f4a77c86ed61ff1dbda:765:ALIAS:3,,,OFAC;財務省,JSC EBD Fakel
NOOP_ALREADY_METI,jscfcs&htsnpoeleron,JSC FCS&HT SNPO Eleron,762,"Joint Stock Company ""Federal Center of Science and High Technologies ""SNPO ""Eleron""",ALIAS:2,762,"[""JSC FCS&HT SNPO Eleron""]",c632d657f9c13b1250d688394eb7c99956a994527cb56f4a77c86ed61ff1dbda:762:ALIAS:2,,,経産省,JSC FCS&HT SNPO Eleron
READY_TAG_EXISTING,jscfnptstitan-barrikady,JSC FNPTs Titan-Barrikady,763,Joint Stock Company Federal Scientific and Production Center Titan-Barrikady,ALIAS:3,763,"[""JSC FNPTs Titan-Barrikady""]",c632d657f9c13b1250d688394eb7c99956a994527cb56f4a77c86ed61ff1dbda:763:ALIAS:3,,,OFAC;財務省,JSC FNPTs Titan-Barrikady
READY_TAG_EXISTING,jscgozobukhovplant,JSC GOZ Obukhov Plant,766,Joint Stock Company North Western Regional Center of Almaz Antey Concern Obukhovsky Plant,ALIAS:3,766,"[""JSC GOZ Obukhov Plant""]",c632d657f9c13b1250d688394eb7c99956a994527cb56f4a77c86ed61ff1dbda:766:ALIAS:3,,,OFAC;財務省,JSC GOZ Obukhov Plant
NOOP_ALREADY_METI,jsciccmilandr,JSC ICC MILANDR,741,AO PKK Milandr,ALIAS:1,741,"[""JSC ICC MILANDR""]",c632d657f9c13b1250d688394eb7c99956a994527cb56f4a77c86ed61ff1dbda:741:ALIAS:1,,,OFAC;経産省;財務省,JSC ICC Milandr
READY_TAG_EXISTING,jsckbpinstrumentdesignbureau,JSC KBP Instrument Design Bureau,782,Konstruktorskoe Byuro Priborostroeniya Otkrytoe Aktsionernoe Obshchestvo,ALIAS:2,782,"[""JSC KBP Instrument Design Bureau""]",c632d657f9c13b1250d688394eb7c99956a994527cb56f4a77c86ed61ff1dbda:782:ALIAS:2,,,OFAC,JSC KBP INSTRUMENT DESIGN BUREAU
READY_TAG_EXISTING,jscmicnpomashinostroyenia,JSC MIC NPO Mashinostroyenia,787,"""Military Industrial Corporation NPO Mashinostroenia"" JSC",ALIAS:3,787,"[""JSC MIC NPO Mashinostroyenia""]",c632d657f9c13b1250d688394eb7c99956a994527cb56f4a77c86ed61ff1dbda:787:ALIAS:3,,,OFAC;財務省,JSC MIC NPO Mashinostroyenia
NOOP_ALREADY_METI,jscmmz,JSC MMZ,835,"Zavod ""Miass""",ALIAS:2,835,"[""JSC MMZ""]",c632d657f9c13b1250d688394eb7c99956a994527cb56f4a77c86ed61ff1dbda:835:ALIAS:2,,,経産省,JSC MMZ
NOOP_ALREADY_METI,jscnikiet,JSC NIKIET,789,N.A. Dollezhal Research and Design Institute of Power Engineering,ALIAS:1,789,"[""JSC NIKIET""]",c632d657f9c13b1250d688394eb7c99956a994527cb56f4a77c86ed61ff1dbda:789:ALIAS:1,,,経産省,JSC NIKIET
READY_TAG_EXISTING,jscnorthpkb,JSC NORTH PKB,813,Severnoye Design Bureau Joint Stock Company,ALIAS:2,813,"[""JSC NORTH PKB""]",c632d657f9c13b1250d688394eb7c99956a994527cb56f4a77c86ed61ff1dbda:813:ALIAS:2,,,OFAC;財務省,JSC NORTH PKB
NOOP_ALREADY_METI,jscnpkkbm,JSC NPK KBM,769,JOINT STOCK COMPANY RESEARCH AND PRODUCTION CORPORATION KONSTRUKTORSKOYE BYURO MASHYNOSTROYENIYA,ALIAS:1,769,"[""JSC NPK KBM""]",c632d657f9c13b1250d688394eb7c99956a994527cb56f4a77c86ed61ff1dbda:769:ALIAS:1,,,経産省,JSC NPK KBM
READY_TAG_EXISTING,jscnpoizhmash,JSC NPO Izhmash,780,Kalashnikov Concern,ALIAS:4,780,"[""JSC NPO Izhmash""]",c632d657f9c13b1250d688394eb7c99956a994527cb56f4a77c86ed61ff1dbda:780:ALIAS:4,,,外務省,JSC NPO Izhmash
NOOP_ALREADY_METI,jscobukhovskiyzavod,JSC Obukhovskiy Zavod,766,Joint Stock Company North Western Regional Center of Almaz Antey Concern Obukhovsky Plant,ALIAS:4,766,"[""JSC Obukhovskiy Zavod""]",c632d657f9c13b1250d688394eb7c99956a994527cb56f4a77c86ed61ff1dbda:766:ALIAS:4,,,経産省,JSC Obukhovskiy Zavod
READY_TAG_EXISTING,jscokbnovator,JSC OKB Novator,761,Joint Stock Company Experimental Design Bureau Novator,ALIAS:2,761,"[""JSC OKB Novator""]",c632d657f9c13b1250d688394eb7c99956a994527cb56f4a77c86ed61ff1dbda:761:ALIAS:2,,,外務省,JSC OKB Novator
READY_TAG_EXISTING,jscomsktransportmachinefactoryomsktransmash,JSC Omsk Transport Machine Factory Omsktransmash,778,JSC Omsk Transport Machine Factory Omsktransmash,PRIMARY,778,"[""JSC Omsk Transport Machine Factory Omsktransmash""]",c632d657f9c13b1250d688394eb7c99956a994527cb56f4a77c86ed61ff1dbda:778:PRIMARY,,,OFAC;財務省,JSC Omsk Transport Machine Factory Omsktransmash
NOOP_ALREADY_METI,jscorderofleninresearchanddesigninstituteofenergyengineeringnamedaftern.a.dollezhal,JSC Order of Lenin Research and Design Institute of Energy Engineering named after N. A. Dollezhal,789,N.A. Dollezhal Research and Design Institute of Power Engineering,ALIAS:2,789,"[""JSC Order of Lenin Research and Design Institute of Energy Engineering named after N. A. Dollezhal""]",c632d657f9c13b1250d688394eb7c99956a994527cb56f4a77c86ed61ff1dbda:789:ALIAS:2,,,経産省,JSC Order of Lenin Research and Design Institute of Energy Engineering named after N. A. Dollezhal
READY_TAG_EXISTING,jscpkkmilandr,JSC PKK Milandr,741,AO PKK Milandr,ALIAS:2,741,"[""JSC PKK Milandr""]",c632d657f9c13b1250d688394eb7c99956a994527cb56f4a77c86ed61ff1dbda:741:ALIAS:2,,,OFAC;財務省,JSC PKK Milandr
NOOP_ALREADY_METI,jscposevmash,JSC PO Sevmash,831,United Shipbuilding Corporation “Production Association Northern Machine Building Enterprise”,ALIAS:1,831,"[""JSC PO Sevmash""]",c632d657f9c13b1250d688394eb7c99956a994527cb56f4a77c86ed61ff1dbda:831:ALIAS:1,,,経産省,JSC PO Sevmash
READY_TAG_EXISTING,jscprecisionmachinebuildingdesignbureaunudelman,JSC Precision Machine Building Design Bureau Nudelman,768,Joint Stock Company Precision Engineering Design Bureau named after A.E. Nudelman,ALIAS:3,768,"[""JSC Precision Machine Building Design Bureau Nudelman""]",c632d657f9c13b1250d688394eb7c99956a994527cb56f4a77c86ed61ff1dbda:768:ALIAS:3,,,外務省,JSC Precision Machine Building Design Bureau Nudelman
NOOP_ALREADY_METI,jscresearchandproductioncorporationdesignbureauofmechanicalengineering,JSC Research and Production Corporation Design Bureau of Mechanical Engineering,769,JOINT STOCK COMPANY RESEARCH AND PRODUCTION CORPORATION KONSTRUKTORSKOYE BYURO MASHYNOSTROYENIYA,ALIAS:2,769,"[""JSC Research and Production Corporation Design Bureau of Mechanical Engineering""]",c632d657f9c13b1250d688394eb7c99956a994527cb56f4a77c86ed61ff1dbda:769:ALIAS:2,,,経産省,JSC Research and Production Corporation Design Bureau of Mechanical Engineering
READY_TAG_EXISTING,jscscientificandproductionassociationofelectromechanic,JSC Scientific and Production Association of Electro Mechanic,767,Joint Stock Company NPO Elektromechaniki,ALIAS:1,767,"[""JSC Scientific and Production Association of Electro Mechanic""]",c632d657f9c13b1250d688394eb7c99956a994527cb56f4a77c86ed61ff1dbda:767:ALIAS:1,,,OFAC;財務省,JSC Scientific and Production Association of Electro Mechanic
READY_TAG_EXISTING,jscscientificindustrialconcernmanufacturingengineering,JSC Scientific Industrial Concern Manufacturing Engineering,791,NPK Tekhmash OAO,ALIAS:2,791,"[""JSC Scientific Industrial Concern Manufacturing Engineering""]",c632d657f9c13b1250d688394eb7c99956a994527cb56f4a77c86ed61ff1dbda:791:ALIAS:2,,,財務省,JSC Scientific Industrial Concern Manufacturing Engineering
READY_TAG_EXISTING,jscscientificresearchinstituteformechanicalengineering,JSC Scientific Research Institute for Mechanical Engineering,812,"""Scientific Research Institute for Mechanical Engineering"" JSC",ALIAS:2,812,"[""JSC Scientific Research Institute for Mechanical Engineering""]",c632d657f9c13b1250d688394eb7c99956a994527cb56f4a77c86ed61ff1dbda:812:ALIAS:2,,,財務省,JSC Scientific Research Institute for Mechanical Engineering
READY_TAG_EXISTING,jscsevernoyepkb,JSC Severnoye PKB,813,Severnoye Design Bureau Joint Stock Company,ALIAS:3,813,"[""JSC Severnoye PKB""]",c632d657f9c13b1250d688394eb7c99956a994527cb56f4a77c86ed61ff1dbda:813:ALIAS:3,,,OFAC;財務省,JSC Severnoye PKB
READY_ADD,jscsezalabuga,JSC SEZ Alabuga,779,JSC SEZ Alabuga,PRIMARY,779,"[""JSC SEZ Alabuga""]",c632d657f9c13b1250d688394eb7c99956a994527cb56f4a77c86ed61ff1dbda:779:PRIMARY,,,,
NOOP_ALREADY_METI,jscsopobukhovskiyplant,JSC SOP Obukhovskiy Plant,766,Joint Stock Company North Western Regional Center of Almaz Antey Concern Obukhovsky Plant,ALIAS:5,766,"[""JSC SOP Obukhovskiy Plant""]",c632d657f9c13b1250d688394eb7c99956a994527cb56f4a77c86ed61ff1dbda:766:ALIAS:5,,,経産省,JSC SOP Obukhovskiy Plant
READY_TAG_EXISTING,jscsozvezdieconcern,JSC Sozvezdie Concern,759,Joint Stock Company Concern Sozvezdie,ALIAS:2,759,"[""JSC Sozvezdie Concern""]",c632d657f9c13b1250d688394eb7c99956a994527cb56f4a77c86ed61ff1dbda:759:ALIAS:2,,,財務省,JSC Sozvezdie Concern
READY_TAG_EXISTING,jscspctechmash,JSC SPC Techmash,791,NPK Tekhmash OAO,ALIAS:3,791,"[""JSC SPC Techmash""]",c632d657f9c13b1250d688394eb7c99956a994527cb56f4a77c86ed61ff1dbda:791:ALIAS:3,,,OFAC;財務省,JSC SPC Techmash
NOOP_ALREADY_METI,jsctechnodynamics,JSC Technodynamics,772,Joint Stock Company Tekhnodinamika,ALIAS:3,772,"[""JSC Technodynamics""]",c632d657f9c13b1250d688394eb7c99956a994527cb56f4a77c86ed61ff1dbda:772:ALIAS:3,,,経産省,JSC Technodynamics
READY_TAG_EXISTING,jscuralplantoftransportmechanicalengineering,JSC Ural Plant of Transport Mechanical Engineering,774,Joint Stock Company Uraltransmash,ALIAS:4,774,"[""JSC Ural Plant of Transport Mechanical Engineering""]",c632d657f9c13b1250d688394eb7c99956a994527cb56f4a77c86ed61ff1dbda:774:ALIAS:4,,,財務省,JSC Ural Plant of Transport Mechanical Engineering
NOOP_ALREADY_METI,k-softenterprises,K-SOFT Enterprises,645,K-SOFT Enterprises,PRIMARY,645,"[""K-SOFT Enterprises""]",c632d657f9c13b1250d688394eb7c99956a994527cb56f4a77c86ed61ff1dbda:645:PRIMARY,,,経産省,K-SOFT Enterprises
NOOP_ALREADY_METI,k.n.technologydevelopmentco.,K.N. Technology Development Co.,326,K.N. Technology Development Co.,PRIMARY,326,"[""K.N. Technology Development Co.""]",c632d657f9c13b1250d688394eb7c99956a994527cb56f4a77c86ed61ff1dbda:326:PRIMARY,,,経産省,K.N. Technology Development Co.
NOOP_ALREADY_METI,kahutanuclearfacility,Kahuta Nuclear Facility,641,Khan Research Laboratories (KRL),ALIAS:4,641,"[""Kahuta Nuclear Facility""]",c632d657f9c13b1250d688394eb7c99956a994527cb56f4a77c86ed61ff1dbda:641:ALIAS:4,,,経産省,Kahuta Nuclear Facility
NOOP_ALREADY_METI,kahutaresearchfacility,Kahuta Research Facility,641,Khan Research Laboratories (KRL),ALIAS:5,641,"[""Kahuta Research Facility""]",c632d657f9c13b1250d688394eb7c99956a994527cb56f4a77c86ed61ff1dbda:641:ALIAS:5,,,経産省,Kahuta Research Facility
NOOP_ALREADY_METI,kala-electric,Kala-Electric,147,Kalaye Electric Company,ALIAS:2,147,"[""Kala-Electric""]",c632d657f9c13b1250d688394eb7c99956a994527cb56f4a77c86ed61ff1dbda:147:ALIAS:2,,,経産省;財務省,KALA-ELECTRIC
NOOP_ALREADY_METI,kalaelectriccompany,Kala Electric Company,147,Kalaye Electric Company,ALIAS:1,147,"[""Kala Electric Company""]",c632d657f9c13b1250d688394eb7c99956a994527cb56f4a77c86ed61ff1dbda:147:ALIAS:1,,,OFAC;経産省,KALA ELECTRIC COMPANY
READY_TAG_EXISTING,kalashnikovconcern,Kalashnikov Concern,780,Kalashnikov Concern,PRIMARY,780,"[""Kalashnikov Concern""]",c632d657f9c13b1250d688394eb7c99956a994527cb56f4a77c86ed61ff1dbda:780:PRIMARY,,,OFAC,Kalashnikov Concern
NOOP_ALREADY_METI,kalayeelectric,Kalaye Electric,147,Kalaye Electric Company,ALIAS:3,147,"[""Kalaye Electric""]",c632d657f9c13b1250d688394eb7c99956a994527cb56f4a77c86ed61ff1dbda:147:ALIAS:3,,,経産省;財務省,Kalaye Electric
NOOP_ALREADY_METI,kalayeelectricco.,Kalaye Electric Co.,147,Kalaye Electric Company,ALIAS:4,147,"[""Kalaye Electric Co.""]",c632d657f9c13b1250d688394eb7c99956a994527cb56f4a77c86ed61ff1dbda:147:ALIAS:4,,,経産省,Kalaye Electric Co.
NOOP_ALREADY_METI,kalayeelectriccompany,Kalaye Electric Company,147,Kalaye Electric Company,PRIMARY,147,"[""Kalaye Electric Company""]",c632d657f9c13b1250d688394eb7c99956a994527cb56f4a77c86ed61ff1dbda:147:PRIMARY,,,OFAC;経産省;財務省,KALAYE ELECTRIC COMPANY
NOOP_ALREADY_METI,kalayesabzorzcompany,KALAYE SABZ ORZ COMPANY,270,TAMIN KALAYE SABZ ARAS COMPANY,ALIAS:1,270,"[""KALAYE SABZ ORZ COMPANY""]",c632d657f9c13b1250d688394eb7c99956a994527cb56f4a77c86ed61ff1dbda:270:ALIAS:1,,,OFAC;経産省,Kalaye Sabz Orz Company
NOOP_ALREADY_METI,kalia,Kalia,147,Kalaye Electric Company,ALIAS:5,147,"[""Kalia""]",c632d657f9c13b1250d688394eb7c99956a994527cb56f4a77c86ed61ff1dbda:147:ALIAS:5,,,経産省,Kalia
READY_TAG_EXISTING,kamazpao,KAMAZ PAO,781,KAMAZ Publicly Traded Company,ALIAS:2,781,"[""KAMAZ PAO""]",c632d657f9c13b1250d688394eb7c99956a994527cb56f4a77c86ed61ff1dbda:781:ALIAS:2,,,OFAC;財務省,KAMAZ PAO
READY_TAG_EXISTING,kamazpjsc,KAMAZ PJSC,781,KAMAZ Publicly Traded Company,ALIAS:1,781,"[""KAMAZ PJSC""]",c632d657f9c13b1250d688394eb7c99956a994527cb56f4a77c86ed61ff1dbda:781:ALIAS:1,,,OFAC;財務省,KAMAZ PJSC
READY_TAG_EXISTING,kamazptc,KAMAZ PTC,781,KAMAZ Publicly Traded Company,ALIAS:3,781,"[""KAMAZ PTC""]",c632d657f9c13b1250d688394eb7c99956a994527cb56f4a77c86ed61ff1dbda:781:ALIAS:3,,,OFAC;財務省,KAMAZ PTC
READY_TAG_EXISTING,kamazpubliclytradedcompany,KAMAZ Publicly Traded Company,781,KAMAZ Publicly Traded Company,PRIMARY,781,"[""KAMAZ Publicly Traded Company""]",c632d657f9c13b1250d688394eb7c99956a994527cb56f4a77c86ed61ff1dbda:781:PRIMARY,,,OFAC;財務省,KAMAZ Publicly Traded Company
NOOP_ALREADY_METI,kamskoeobedineniepoproizvodstvubolshegruznykhavtomobileikamaz,Kamskoe Obedinenie PO Proizvodstvu Bolshegruznykh Avtomobilei Kamaz,781,KAMAZ Publicly Traded Company,ALIAS:4,781,"[""Kamskoe Obedinenie PO Proizvodstvu Bolshegruznykh Avtomobilei Kamaz""]",c632d657f9c13b1250d688394eb7c99956a994527cb56f4a77c86ed61ff1dbda:781:ALIAS:4,,,OFAC;経産省,Kamskoe Obedinenie PO Proizvodstvu Bolshegruznykh Avtomobilei KAMAZ
READY_TAG_EXISTING,kangbongtradingcorporation,KANGBONG TRADING CORPORATION,325,KANGBONG TRADING CORPORATION,PRIMARY,325,"[""KANGBONG TRADING CORPORATION""]",c632d657f9c13b1250d688394eb7c99956a994527cb56f4a77c86ed61ff1dbda:325:PRIMARY,,,OFAC;財務省,KANGBONG TRADING CORPORATION
NOOP_ALREADY_METI,kanggyedefensecollege(江界国防大学),Kanggye Defense College (江界国防大学),399,National Defense College (国防大学),ALIAS:1,399,"[""Kanggye Defense College (江界国防大学)""]",c632d657f9c13b1250d688394eb7c99956a994527cb56f4a77c86ed61ff1dbda:399:ALIAS:1,,,経産省,Kanggye Defense College (江界国防大学)
NOOP_ALREADY_METI,karachinuclearpowercomplex(kanupp),Karachi Nuclear Power Complex (KANUPP),639,Karachi Nuclear Power Complex (KANUPP),PRIMARY,639,"[""Karachi Nuclear Power Complex (KANUPP)""]",c632d657f9c13b1250d688394eb7c99956a994527cb56f4a77c86ed61ff1dbda:639:PRIMARY,,,経産省,Karachi Nuclear Power Complex (KANUPP)
NOOP_ALREADY_METI,karachinuclearpowerplant,Karachi Nuclear Power Plant,639,Karachi Nuclear Power Complex (KANUPP),ALIAS:1,639,"[""Karachi Nuclear Power Plant""]",c632d657f9c13b1250d688394eb7c99956a994527cb56f4a77c86ed61ff1dbda:639:ALIAS:1,,,経産省,Karachi Nuclear Power Plant
NOOP_ALREADY_METI,karanir,Karanir,148,Karanir,PRIMARY,148,"[""Karanir""]",c632d657f9c13b1250d688394eb7c99956a994527cb56f4a77c86ed61ff1dbda:148:PRIMARY,,,経産省,Karanir
NOOP_ALREADY_METI,"karatindustryco.,ltd.","Karat Industry Co., Ltd.",546,"Karat Industry Co., Ltd.",PRIMARY,546,"[""Karat Industry Co., Ltd.""]",c632d657f9c13b1250d688394eb7c99956a994527cb56f4a77c86ed61ff1dbda:546:PRIMARY,,,OFAC;経産省,"KARAT INDUSTRY CO., LTD."
NOOP_ALREADY_METI,karkhanejatesanayehavapaymaieiran,Karkhanejate Sanaye Havapaymaie Iran,120,Iran Aircraft Manufacturing Company (IAMCO),ALIAS:11,120,"[""Karkhanejate Sanaye Havapaymaie Iran""]",c632d657f9c13b1250d688394eb7c99956a994527cb56f4a77c86ed61ff1dbda:120:ALIAS:11,,,OFAC;経産省,KARKHANEJATE SANAYE HAVAPAYMAIE IRAN
NOOP_ALREADY_METI,kassoumafzc,KASSOUMA FZC,455,GOLDEN STAR CO,ALIAS:5,455,"[""KASSOUMA FZC""]",c632d657f9c13b1250d688394eb7c99956a994527cb56f4a77c86ed61ff1dbda:455:ALIAS:5,,,OFAC;経産省,Kassouma FZC
NOOP_ALREADY_METI,katrangielectronics,KATRANGI ELECTRONICS,730,EKT Electronics,ALIAS:13,730,"[""KATRANGI ELECTRONICS""]",c632d657f9c13b1250d688394eb7c99956a994527cb56f4a77c86ed61ff1dbda:730:ALIAS:13,,,OFAC;経産省,Katrangi Electronics
NOOP_ALREADY_METI,katrangiforelectronicsindustries,KATRANGI FOR ELECTRONICS INDUSTRIES,730,EKT Electronics,ALIAS:14,730,"[""KATRANGI FOR ELECTRONICS INDUSTRIES""]",c632d657f9c13b1250d688394eb7c99956a994527cb56f4a77c86ed61ff1dbda:730:ALIAS:14,,,OFAC;経産省,Katrangi for Electronics Industries
NOOP_ALREADY_METI,katrangitradingkatranjilabs,KATRANGI TRADING KATRANJI LABS,730,EKT Electronics,ALIAS:15,730,"[""KATRANGI TRADING KATRANJI LABS""]",c632d657f9c13b1250d688394eb7c99956a994527cb56f4a77c86ed61ff1dbda:730:ALIAS:15,,,経産省,KATRANGI TRADING KATRANJI LABS
READY_TAG_EXISTING,"kavanelectronicco.,ltd","KAVAN ELECTRONIC CO., LTD",149,KAVAN ELECTRONICS BEHRAD LIMITED LIABILITY COMPANY,ALIAS:1,149,"[""KAVAN ELECTRONIC CO., LTD""]",c632d657f9c13b1250d688394eb7c99956a994527cb56f4a77c86ed61ff1dbda:149:ALIAS:1,,,OFAC,"Kavan Electronic Co., Ltd"
READY_TAG_EXISTING,kavanelectroniccompany,KAVAN ELECTRONIC COMPANY,149,KAVAN ELECTRONICS BEHRAD LIMITED LIABILITY COMPANY,ALIAS:2,149,"[""KAVAN ELECTRONIC COMPANY""]",c632d657f9c13b1250d688394eb7c99956a994527cb56f4a77c86ed61ff1dbda:149:ALIAS:2,,,OFAC,Kavan Electronic Company
READY_TAG_EXISTING,kavanelectronicsadrariaengineeringlimitedliabilitycompany,KAVAN ELECTRONIC SADR ARIA ENGINEERING LIMITED LIABILITY COMPANY,149,KAVAN ELECTRONICS BEHRAD LIMITED LIABILITY COMPANY,ALIAS:3,149,"[""KAVAN ELECTRONIC SADR ARIA ENGINEERING LIMITED LIABILITY COMPANY""]",c632d657f9c13b1250d688394eb7c99956a994527cb56f4a77c86ed61ff1dbda:149:ALIAS:3,,,OFAC,Kavan Electronic Sadr Aria Engineering Limited Liability Company
READY_TAG_EXISTING,kavanelectronicsbehradlimitedliabilitycompany,KAVAN ELECTRONICS BEHRAD LIMITED LIABILITY COMPANY,149,KAVAN ELECTRONICS BEHRAD LIMITED LIABILITY COMPANY,PRIMARY,149,"[""KAVAN ELECTRONICS BEHRAD LIMITED LIABILITY COMPANY""]",c632d657f9c13b1250d688394eb7c99956a994527cb56f4a77c86ed61ff1dbda:149:PRIMARY,,,OFAC,KAVAN ELECTRONICS BEHRAD LIMITED LIABILITY COMPANY
NOOP_ALREADY_METI,kavehcuttingtools,Kaveh Cutting Tools,150,Kaveh Cutting Tools Company,ALIAS:1,150,"[""Kaveh Cutting Tools""]",c632d657f9c13b1250d688394eb7c99956a994527cb56f4a77c86ed61ff1dbda:150:ALIAS:1,,,OFAC;経産省,KAVEH CUTTING TOOLS
NOOP_ALREADY_METI,kavehcuttingtoolscompany,Kaveh Cutting Tools Company,150,Kaveh Cutting Tools Company,PRIMARY,150,"[""Kaveh Cutting Tools Company""]",c632d657f9c13b1250d688394eb7c99956a994527cb56f4a77c86ed61ff1dbda:150:PRIMARY,,,OFAC;経産省;財務省,KAVEH CUTTING TOOLS COMPANY
NOOP_ALREADY_METI,kavehcuttingtoolscomplex,Kaveh Cutting Tools Complex,150,Kaveh Cutting Tools Company,ALIAS:2,150,"[""Kaveh Cutting Tools Complex""]",c632d657f9c13b1250d688394eb7c99956a994527cb56f4a77c86ed61ff1dbda:150:ALIAS:2,,,OFAC;経産省,KAVEH CUTTING TOOLS COMPLEX
NOOP_ALREADY_METI,kavehcuttingtoolsfactories,Kaveh Cutting Tools Factories,150,Kaveh Cutting Tools Company,ALIAS:3,150,"[""Kaveh Cutting Tools Factories""]",c632d657f9c13b1250d688394eb7c99956a994527cb56f4a77c86ed61ff1dbda:150:ALIAS:3,,,OFAC;経産省,KAVEH CUTTING TOOLS FACTORIES
NOOP_ALREADY_METI,kavoshgostarboshrallc,KAVOSH GOSTAR BOSHRA LLC,201,"PISHTAZAN KAVOSH GOSTAR BOSHRA, LLC",ALIAS:1,201,"[""KAVOSH GOSTAR BOSHRA LLC""]",c632d657f9c13b1250d688394eb7c99956a994527cb56f4a77c86ed61ff1dbda:201:ALIAS:1,,,OFAC;経産省,Kavosh Gostar Boshra LLC
NOOP_ALREADY_METI,kbmashinostroeniya,KB Mashinostroeniya,769,JOINT STOCK COMPANY RESEARCH AND PRODUCTION CORPORATION KONSTRUKTORSKOYE BYURO MASHYNOSTROYENIYA,ALIAS:3,769,"[""KB Mashinostroeniya""]",c632d657f9c13b1250d688394eb7c99956a994527cb56f4a77c86ed61ff1dbda:769:ALIAS:3,,,経産省,KB Mashinostroeniya
READY_TAG_EXISTING,kbpinstrumentdesignbureau,KBP Instrument Design Bureau,782,Konstruktorskoe Byuro Priborostroeniya Otkrytoe Aktsionernoe Obshchestvo,ALIAS:3,782,"[""KBP Instrument Design Bureau""]",c632d657f9c13b1250d688394eb7c99956a994527cb56f4a77c86ed61ff1dbda:782:ALIAS:3,,,OFAC,KBP INSTRUMENT DESIGN BUREAU
READY_TAG_EXISTING,kbpinstrumentdesignbureaujointstockcompany,KBP Instrument Design Bureau Joint Stock Company,782,Konstruktorskoe Byuro Priborostroeniya Otkrytoe Aktsionernoe Obshchestvo,ALIAS:4,782,"[""KBP Instrument Design Bureau Joint Stock Company""]",c632d657f9c13b1250d688394eb7c99956a994527cb56f4a77c86ed61ff1dbda:782:ALIAS:4,,,OFAC,KBP INSTRUMENT DESIGN BUREAU JOINT STOCK COMPANY
READY_TAG_EXISTING,kbpoao,KBP OAO,782,Konstruktorskoe Byuro Priborostroeniya Otkrytoe Aktsionernoe Obshchestvo,ALIAS:5,782,"[""KBP OAO""]",c632d657f9c13b1250d688394eb7c99956a994527cb56f4a77c86ed61ff1dbda:782:ALIAS:5,,,OFAC,KBP OAO
NOOP_ALREADY_METI,kbsm,KBSM,760,Joint Stock Company Design Bureau of Special Machine Building,ALIAS:4,760,"[""KBSM""]",c632d657f9c13b1250d688394eb7c99956a994527cb56f4a77c86ed61ff1dbda:760:ALIAS:4,,,経産省,KBSM
NOOP_ALREADY_METI,kbsmdesignbureauofspecialmachinebuilding,KBSM Design Bureau of Special Machine Building,760,Joint Stock Company Design Bureau of Special Machine Building,ALIAS:7,760,"[""KBSM Design Bureau of Special Machine Building""]",c632d657f9c13b1250d688394eb7c99956a994527cb56f4a77c86ed61ff1dbda:760:ALIAS:7,,,OFAC;経産省;財務省,KBSM Design Bureau of Special Machinebuilding
READY_TAG_EXISTING,kbtochmash,KB Tochmash,768,Joint Stock Company Precision Engineering Design Bureau named after A.E. Nudelman,ALIAS:4,768,"[""KB Tochmash""]",c632d657f9c13b1250d688394eb7c99956a994527cb56f4a77c86ed61ff1dbda:768:ALIAS:4,,,財務省,KB Tochmash
READY_TAG_EXISTING,kcst,KCST,384,Korean Committee for Space Technology (朝鮮宇宙空間技術委員会),ALIAS:4,384,"[""KCST""]",c632d657f9c13b1250d688394eb7c99956a994527cb56f4a77c86ed61ff1dbda:384:ALIAS:4,,,OFAC;財務省,KCST
NOOP_ALREADY_METI,keplercorporation,Kepler Corporation,640,Kepler Corporation,PRIMARY,640,"[""Kepler Corporation""]",c632d657f9c13b1250d688394eb7c99956a994527cb56f4a77c86ed61ff1dbda:640:PRIMARY,,,経産省,Kepler Corporation
READY_ADD,keyhanelectronic,Keyhan Electronic,106,General Electronic,ALIAS:3,106,"[""Keyhan Electronic""]",c632d657f9c13b1250d688394eb7c99956a994527cb56f4a77c86ed61ff1dbda:106:ALIAS:3,,,,
NOOP_ALREADY_METI,khajehnassir-al-deentoosi(k.n.toosi)universityoftechnology,Khajeh Nassir-Al-Deen Toosi (K. N. Toosi) University of Technology,151,Khajeh Nassir-Al-Deen Toosi (K. N. Toosi) University of Technology,PRIMARY,151,"[""Khajeh Nassir-Al-Deen Toosi (K. N. Toosi) University of Technology""]",c632d657f9c13b1250d688394eb7c99956a994527cb56f4a77c86ed61ff1dbda:151:PRIMARY,,,経産省,Khajeh Nassir-Al-Deen Toosi (K. N. Toosi) University of Technology
NOOP_ALREADY_METI,khajenassir-al-deentoosi(kntoosi)university,Khaje Nassir-Al-Deen Toosi (K N Toosi) University,151,Khajeh Nassir-Al-Deen Toosi (K. N. Toosi) University of Technology,ALIAS:2,151,"[""Khaje Nassir-Al-Deen Toosi (K N Toosi) University""]",c632d657f9c13b1250d688394eb7c99956a994527cb56f4a77c86ed61ff1dbda:151:ALIAS:2,,,経産省,Khaje Nassir-Al-Deen Toosi (K N Toosi) University
NOOP_ALREADY_METI,khajenassir-al-deentoosiuniversity,Khaje Nassir-Al-DeenToosi University,151,Khajeh Nassir-Al-Deen Toosi (K. N. Toosi) University of Technology,ALIAS:3,151,"[""Khaje Nassir-Al-DeenToosi University""]",c632d657f9c13b1250d688394eb7c99956a994527cb56f4a77c86ed61ff1dbda:151:ALIAS:3,,,経産省,Khaje Nassir-Al-DeenToosi University
NOOP_ALREADY_METI,khalaafarinpars,Khala Afarin Pars,152,Khala Afarin Pars,PRIMARY,152,"[""Khala Afarin Pars""]",c632d657f9c13b1250d688394eb7c99956a994527cb56f4a77c86ed61ff1dbda:152:PRIMARY,,,経産省,Khala Afarin Pars
NOOP_ALREADY_METI,khanresearchlaboratories(krl),Khan Research Laboratories (KRL),641,Khan Research Laboratories (KRL),PRIMARY,641,"[""Khan Research Laboratories (KRL)""]",c632d657f9c13b1250d688394eb7c99956a994527cb56f4a77c86ed61ff1dbda:641:PRIMARY,,,経産省,Khan Research Laboratories (KRL)
READY_TAG_EXISTING,kharid-ebartarelectronicpars,KHARID-E BARTAR ELECTRONIC PARS,71,BUY BEST ELECTRONIC PARS COMPANY,ALIAS:1,71,"[""KHARID-E BARTAR ELECTRONIC PARS""]",c632d657f9c13b1250d688394eb7c99956a994527cb56f4a77c86ed61ff1dbda:71:ALIAS:1,,,OFAC,Kharid-e Bartar Electronic Pars
NOOP_ALREADY_METI,khatamal-anbiyaconstructionheadquarters(kaa),Khatam al-Anbiya Construction Headquarters (KAA),153,Khatam al-Anbiya Construction Headquarters (KAA),PRIMARY,153,"[""Khatam al-Anbiya Construction Headquarters (KAA)""]",c632d657f9c13b1250d688394eb7c99956a994527cb56f4a77c86ed61ff1dbda:153:PRIMARY,,,経産省,KHATAM AL-ANBIYA CONSTRUCTION HEADQUARTERS (KAA)
NOOP_ALREADY_METI,khatamal-anbya,Khatam al-Anbya,153,Khatam al-Anbiya Construction Headquarters (KAA),ALIAS:2,153,"[""Khatam al-Anbya""]",c632d657f9c13b1250d688394eb7c99956a994527cb56f4a77c86ed61ff1dbda:153:ALIAS:2,,,OFAC;経産省,Khatam al-Anbya
NOOP_ALREADY_METI,khatamolanbia,Khatam ol Anbia,153,Khatam al-Anbiya Construction Headquarters (KAA),ALIAS:3,153,"[""Khatam ol Anbia""]",c632d657f9c13b1250d688394eb7c99956a994527cb56f4a77c86ed61ff1dbda:153:ALIAS:3,,,経産省,Khatam ol Anbia
NOOP_ALREADY_METI,khatamolanbiagharargahsazandeginooh,Khatam ol Anbia Gharargah Sazandegi Nooh,153,Khatam al-Anbiya Construction Headquarters (KAA),ALIAS:4,153,"[""Khatam ol Anbia Gharargah Sazandegi Nooh""]",c632d657f9c13b1250d688394eb7c99956a994527cb56f4a77c86ed61ff1dbda:153:ALIAS:4,,,OFAC;経産省,KHATAM OL ANBIA GHARARGAH SAZANDEGI NOOH
NOOP_ALREADY_METI,khatem-olanbiyaconstructionorganisation,Khatem-ol Anbiya Construction Organisation,153,Khatam al-Anbiya Construction Headquarters (KAA),ALIAS:5,153,"[""Khatem-ol Anbiya Construction Organisation""]",c632d657f9c13b1250d688394eb7c99956a994527cb56f4a77c86ed61ff1dbda:153:ALIAS:5,,,経産省,Khatem-ol Anbiya Construction Organisation
NOOP_ALREADY_METI,khimmed,Khimmed,744,chimmed group,ALIAS:2,744,"[""Khimmed""]",c632d657f9c13b1250d688394eb7c99956a994527cb56f4a77c86ed61ff1dbda:744:ALIAS:2,,,経産省,Khimmed
NOOP_ALREADY_METI,khorasanammunitionandmetallurgyindustries,Khorasan Ammunition and Metallurgy Industries,154,Khorasan Metallurgy Industries,ALIAS:1,154,"[""Khorasan Ammunition and Metallurgy Industries""]",c632d657f9c13b1250d688394eb7c99956a994527cb56f4a77c86ed61ff1dbda:154:ALIAS:1,,,OFAC;経産省,KHORASAN AMMUNITION AND METALLURGY INDUSTRIES
NOOP_ALREADY_METI,khorasanmetallurgyindustries,Khorasan Metallurgy Industries,154,Khorasan Metallurgy Industries,PRIMARY,154,"[""Khorasan Metallurgy Industries""]",c632d657f9c13b1250d688394eb7c99956a994527cb56f4a77c86ed61ff1dbda:154:PRIMARY,,,OFAC;経産省;財務省,KHORASAN METALLUＲGY INDUSTRIES
NOOP_ALREADY_METI,khorasanmetalogyindustries,Khorasan Metalogy Industries,154,Khorasan Metallurgy Industries,ALIAS:2,154,"[""Khorasan Metalogy Industries""]",c632d657f9c13b1250d688394eb7c99956a994527cb56f4a77c86ed61ff1dbda:154:ALIAS:2,,,OFAC;経産省,KHORASAN METALOGY INDUSTRIES
NOOP_ALREADY_METI,kimchaekironandsteelcomplex,Kim Chaek Iron and Steel Complex,327,Kim Chaek Iron Works (金策製鉄所),ALIAS:1,327,"[""Kim Chaek Iron and Steel Complex""]",c632d657f9c13b1250d688394eb7c99956a994527cb56f4a77c86ed61ff1dbda:327:ALIAS:1,,,経産省,Kim Chaek Iron and Steel Complex
READY_ADD,kimchaekironworks(金策製鉄所),Kim Chaek Iron Works (金策製鉄所),327,Kim Chaek Iron Works (金策製鉄所),PRIMARY,327,"[""Kim Chaek Iron Works (金策製鉄所)""]",c632d657f9c13b1250d688394eb7c99956a994527cb56f4a77c86ed61ff1dbda:327:PRIMARY,,,,
NOOP_ALREADY_METI,kimchaeksteelunioncorp.(金策製鉄連合企業所),Kim Chaek Steel Union Corp. (金策製鉄連合企業所),327,Kim Chaek Iron Works (金策製鉄所),ALIAS:2,327,"[""Kim Chaek Steel Union Corp. (金策製鉄連合企業所)""]",c632d657f9c13b1250d688394eb7c99956a994527cb56f4a77c86ed61ff1dbda:327:ALIAS:2,,,経産省,Kim Chaek Steel Union Corp. (金策製鉄連合企業所)
READY_ADD,kimchaekuniversityoftechnology(金策工業総合大学),Kim Chaek University of Technology (金策工業総合大学),328,Kim Chaek University of Technology (金策工業総合大学),PRIMARY,328,"[""Kim Chaek University of Technology (金策工業総合大学)""]",c632d657f9c13b1250d688394eb7c99956a994527cb56f4a77c86ed61ff1dbda:328:PRIMARY,,,,
NOOP_ALREADY_METI,kimia,KIMIA,156,Kimiya Pakhsh Shargh Co Ltd,ALIAS:5,156,"[""KIMIA""]",c632d657f9c13b1250d688394eb7c99956a994527cb56f4a77c86ed61ff1dbda:156:ALIAS:5,,,OFAC;経産省,Kimia
NOOP_ALREADY_METI,"kimiaco.,ltd.","KIMIA CO., LTD.",156,Kimiya Pakhsh Shargh Co Ltd,ALIAS:6,156,"[""KIMIA CO., LTD.""]",c632d657f9c13b1250d688394eb7c99956a994527cb56f4a77c86ed61ff1dbda:156:ALIAS:6,,,OFAC;経産省,"KIMIA CO., LTD."
NOOP_ALREADY_METI,kimiapakhshshargh,KIMIA PAKHSH SHARGH,156,Kimiya Pakhsh Shargh Co Ltd,ALIAS:2,156,"[""KIMIA PAKHSH SHARGH""]",c632d657f9c13b1250d688394eb7c99956a994527cb56f4a77c86ed61ff1dbda:156:ALIAS:2,,,OFAC;経産省,Kimia Pakhsh Shargh
NOOP_ALREADY_METI,kimiapartsivan,KIMIA PART SIVAN,155,KIMIA PART SIVAN COMPANY LLC （KIPAS）,ALIAS:1,155,"[""KIMIA PART SIVAN""]",c632d657f9c13b1250d688394eb7c99956a994527cb56f4a77c86ed61ff1dbda:155:ALIAS:1,,,OFAC;経産省,Kimia Part Sivan
NOOP_ALREADY_METI,kimiapartsivancompanyllc(kipas),KIMIA PART SIVAN COMPANY LLC （KIPAS）,155,KIMIA PART SIVAN COMPANY LLC （KIPAS）,PRIMARY,155,"[""KIMIA PART SIVAN COMPANY LLC （KIPAS）""]",c632d657f9c13b1250d688394eb7c99956a994527cb56f4a77c86ed61ff1dbda:155:PRIMARY,,,経産省,KIMIA PART SIVAN COMPANY LLC (KIPAS)
NOOP_ALREADY_METI,kimiapartssibon,KIMIA PARTS SIBON,155,KIMIA PART SIVAN COMPANY LLC （KIPAS）,ALIAS:2,155,"[""KIMIA PARTS SIBON""]",c632d657f9c13b1250d688394eb7c99956a994527cb56f4a77c86ed61ff1dbda:155:ALIAS:2,,,OFAC;経産省,Kimia Parts Sibon
READY_ADD,kimilsunguniversity(金日成総合大学),Kim Il Sung University (金日成総合大学),329,Kim Il Sung University (金日成総合大学),PRIMARY,329,"[""Kim Il Sung University (金日成総合大学)""]",c632d657f9c13b1250d688394eb7c99956a994527cb56f4a77c86ed61ff1dbda:329:PRIMARY,,,,
NOOP_ALREADY_METI,kimiyapakhshsharghco.ltd,KIMIYA PAKHSH SHARGH CO. LTD,156,Kimiya Pakhsh Shargh Co Ltd,ALIAS:3,156,"[""KIMIYA PAKHSH SHARGH CO. LTD""]",c632d657f9c13b1250d688394eb7c99956a994527cb56f4a77c86ed61ff1dbda:156:ALIAS:3,,,OFAC;経産省,KIMIYA PAKHSH SHARGH CO. LTD
NOOP_ALREADY_METI,kimiyapakhshsharghcoltd,Kimiya Pakhsh Shargh Co Ltd,156,Kimiya Pakhsh Shargh Co Ltd,PRIMARY,156,"[""Kimiya Pakhsh Shargh Co Ltd""]",c632d657f9c13b1250d688394eb7c99956a994527cb56f4a77c86ed61ff1dbda:156:PRIMARY,,,経産省,Kimiya Pakhsh Shargh Co Ltd
NOOP_ALREADY_METI,kimiyapakhshsharghgroup,KIMIYA PAKHSH SHARGH GROUP,156,Kimiya Pakhsh Shargh Co Ltd,ALIAS:4,156,"[""KIMIYA PAKHSH SHARGH GROUP""]",c632d657f9c13b1250d688394eb7c99956a994527cb56f4a77c86ed61ff1dbda:156:ALIAS:4,,,OFAC;経産省,Kimiya Pakhsh Shargh Group
NOOP_ALREADY_METI,kimiyaparssebon,KIMIYA PARS SEBON,155,KIMIA PART SIVAN COMPANY LLC （KIPAS）,ALIAS:3,155,"[""KIMIYA PARS SEBON""]",c632d657f9c13b1250d688394eb7c99956a994527cb56f4a77c86ed61ff1dbda:155:ALIAS:3,,,OFAC;経産省,Kimiya Pars Sebon
NOOP_ALREADY_METI,"kingleadelectronicsco.,ltd.","Kinglead Electronics Co., Ltd.",547,"Kinglead Electronics Co., Ltd.",PRIMARY,547,"[""Kinglead Electronics Co., Ltd.""]",c632d657f9c13b1250d688394eb7c99956a994527cb56f4a77c86ed61ff1dbda:547:PRIMARY,,,経産省,"Kinglead Electronics Co., Ltd."
NOOP_ALREADY_METI,kingleadinternationaltrading,Kinglead International Trading,547,"Kinglead Electronics Co., Ltd.",ALIAS:1,547,"[""Kinglead International Trading""]",c632d657f9c13b1250d688394eb7c99956a994527cb56f4a77c86ed61ff1dbda:547:ALIAS:1,,,経産省,Kinglead International Trading
NOOP_ALREADY_METI,kingleadinternationaltradinglimited,Kinglead International Trading Limited,547,"Kinglead Electronics Co., Ltd.",ALIAS:2,547,"[""Kinglead International Trading Limited""]",c632d657f9c13b1250d688394eb7c99956a994527cb56f4a77c86ed61ff1dbda:547:ALIAS:2,,,経産省,Kinglead International Trading Limited
NOOP_ALREADY_METI,kingleadtrading,Kinglead Trading,547,"Kinglead Electronics Co., Ltd.",ALIAS:3,547,"[""Kinglead Trading""]",c632d657f9c13b1250d688394eb7c99956a994527cb56f4a77c86ed61ff1dbda:547:ALIAS:3,,,経産省,Kinglead Trading
NOOP_ALREADY_METI,kingwaymanagingtechniclimited,Kingway Managing Technic Limited,721,K Logistics (China) Limited （快急送物流(中國)有限公司）,ALIAS:4,721,"[""Kingway Managing Technic Limited""]",c632d657f9c13b1250d688394eb7c99956a994527cb56f4a77c86ed61ff1dbda:721:ALIAS:4,,,経産省,Kingway Managing Technic Limited
NOOP_ALREADY_METI,kkinternationaltraders(kkit),KK International Traders (KKIT）,642,KK International Traders (KKIT）,PRIMARY,642,"[""KK International Traders (KKIT）""]",c632d657f9c13b1250d688394eb7c99956a994527cb56f4a77c86ed61ff1dbda:642:PRIMARY,,,経産省,KK International Traders (KKIT)
READY_ADD,klogistics(china)limited(快急送物流(中國)有限公司),K Logistics (China) Limited （快急送物流(中國)有限公司）,721,K Logistics (China) Limited （快急送物流(中國)有限公司）,PRIMARY,721,"[""K Logistics (China) Limited （快急送物流(中國)有限公司）""]",c632d657f9c13b1250d688394eb7c99956a994527cb56f4a77c86ed61ff1dbda:721:PRIMARY,,,,
NOOP_ALREADY_METI,klogisticshongkong,K Logistics Hong Kong,721,K Logistics (China) Limited （快急送物流(中國)有限公司）,ALIAS:1,721,"[""K Logistics Hong Kong""]",c632d657f9c13b1250d688394eb7c99956a994527cb56f4a77c86ed61ff1dbda:721:ALIAS:1,,,経産省,K Logistics Hong Kong
NOOP_ALREADY_METI,kmainternationalimportandexportco.,KMA International Import and Export Co.,643,KMA International Import and Export Co.,PRIMARY,643,"[""KMA International Import and Export Co.""]",c632d657f9c13b1250d688394eb7c99956a994527cb56f4a77c86ed61ff1dbda:643:PRIMARY,,,経産省,KMA International Import and Export Co.
NOOP_ALREADY_METI,kntoosi(khajenassir-al-deentoosi)university,K N Toosi (Khaje Nassir-Al-Deen Toosi) University,151,Khajeh Nassir-Al-Deen Toosi (K. N. Toosi) University of Technology,ALIAS:1,151,"[""K N Toosi (Khaje Nassir-Al-Deen Toosi) University""]",c632d657f9c13b1250d688394eb7c99956a994527cb56f4a77c86ed61ff1dbda:151:ALIAS:1,,,経産省,K N Toosi (Khaje Nassir-Al-Deen Toosi) University
NOOP_ALREADY_METI,kolaelectriccompany,Kola Electric Company,147,Kalaye Electric Company,ALIAS:6,147,"[""Kola Electric Company""]",c632d657f9c13b1250d688394eb7c99956a994527cb56f4a77c86ed61ff1dbda:147:ALIAS:6,,,経産省;財務省,Kola Electric Company
READY_TAG_EXISTING,konstruktorskoebyuropriborostroeniyaotkrytoeaktsionernoeobshchestvo,Konstruktorskoe Byuro Priborostroeniya Otkrytoe Aktsionernoe Obshchestvo,782,Konstruktorskoe Byuro Priborostroeniya Otkrytoe Aktsionernoe Obshchestvo,PRIMARY,782,"[""Konstruktorskoe Byuro Priborostroeniya Otkrytoe Aktsionernoe Obshchestvo""]",c632d657f9c13b1250d688394eb7c99956a994527cb56f4a77c86ed61ff1dbda:782:PRIMARY,,,OFAC,KONSTRUKTORSKOE BYURO PRIBOROSTROENIYA OTKRYTOE AKTSIONERNOE OBSHCHESTVO
NOOP_ALREADY_METI,korea56trading(朝鮮56貿易),Korea 56 Trading (朝鮮56貿易),330,Korea 56 Trading Corp.,ALIAS:1,330,"[""Korea 56 Trading (朝鮮56貿易)""]",c632d657f9c13b1250d688394eb7c99956a994527cb56f4a77c86ed61ff1dbda:330:ALIAS:1,,,経産省,Korea 56 Trading (朝鮮56貿易)
NOOP_ALREADY_METI,korea56tradingcorp.,Korea 56 Trading Corp.,330,Korea 56 Trading Corp.,PRIMARY,330,"[""Korea 56 Trading Corp.""]",c632d657f9c13b1250d688394eb7c99956a994527cb56f4a77c86ed61ff1dbda:330:PRIMARY,,,経産省,Korea 56 Trading Corp.
READY_TAG_EXISTING,koreabuyonshippingco,Korea Buyon Shipping Co,383,Korean Buyon Shipping Co. Ltd.,ALIAS:1,383,"[""Korea Buyon Shipping Co""]",c632d657f9c13b1250d688394eb7c99956a994527cb56f4a77c86ed61ff1dbda:383:ALIAS:1,,,OFAC,Korea Buyon Shipping Co
NOOP_ALREADY_METI,koreachanggwangcreditbank,Korea Changgwang Credit Bank,439,Tanchon Commercial Bank (端川商業銀行),ALIAS:3,439,"[""Korea Changgwang Credit Bank""]",c632d657f9c13b1250d688394eb7c99956a994527cb56f4a77c86ed61ff1dbda:439:ALIAS:3,,,OFAC;経産省;財務省,KOREA CHANGGWANG CREDIT BANK
NOOP_ALREADY_METI,koreachoeisyouji,Korea Choei Syouji,331,Korea Choei Syouji,PRIMARY,331,"[""Korea Choei Syouji""]",c632d657f9c13b1250d688394eb7c99956a994527cb56f4a77c86ed61ff1dbda:331:PRIMARY,,,経産省,Korea Choei Syouji
READY_ADD,koreacomplexequipmentimportcorporation(朝鮮総合設備輸出入会社),Korea Complex Equipment Import Corporation (朝鮮総合設備輸出入会社),332,Korea Complex Equipment Import Corporation (朝鮮総合設備輸出入会社),PRIMARY,332,"[""Korea Complex Equipment Import Corporation (朝鮮総合設備輸出入会社)""]",c632d657f9c13b1250d688394eb7c99956a994527cb56f4a77c86ed61ff1dbda:332:PRIMARY,,,,
READY_TAG_EXISTING,koreacomputercenter,Korea Computer Center,333,Korea Computer Center,PRIMARY,333,"[""Korea Computer Center""]",c632d657f9c13b1250d688394eb7c99956a994527cb56f4a77c86ed61ff1dbda:333:PRIMARY,,,OFAC;財務省,Korea Computer Center
NOOP_ALREADY_METI,koreacomputercompany,Korea Computer Company,333,Korea Computer Center,ALIAS:3,333,"[""Korea Computer Company""]",c632d657f9c13b1250d688394eb7c99956a994527cb56f4a77c86ed61ff1dbda:333:ALIAS:3,,,OFAC;経産省;財務省,KOREA COMPUTER COMPANY
NOOP_ALREADY_METI,koreadaeryonggangtradingcorporation(朝鮮大玲江貿会社),Korea Daeryonggang Trading Corporation (朝鮮大玲江貿会社),394,Namchongang Trading Corporation (南川江貿易会社),ALIAS:1,394,"[""Korea Daeryonggang Trading Corporation (朝鮮大玲江貿会社)""]",c632d657f9c13b1250d688394eb7c99956a994527cb56f4a77c86ed61ff1dbda:394:ALIAS:1,,,経産省,Korea Daeryonggang Trading Corporation (朝鮮大玲江貿会社)
NOOP_ALREADY_METI,koreadaesong-8tradingcorporation,Korea Daesong-8 Trading Corporation,335,Korea Daesong General Trading Corporation,ALIAS:17,335,"[""Korea Daesong-8 Trading Corporation""]",c632d657f9c13b1250d688394eb7c99956a994527cb56f4a77c86ed61ff1dbda:335:ALIAS:17,,,経産省,Korea Daesong-8 Trading Corporation
READY_TAG_EXISTING,koreadaesongbank,Korea Daesong Bank,334,Korea Daesong Bank,PRIMARY,334,"[""Korea Daesong Bank""]",c632d657f9c13b1250d688394eb7c99956a994527cb56f4a77c86ed61ff1dbda:334:PRIMARY,,,OFAC;財務省,Korea Daesong Bank
NOOP_ALREADY_METI,koreadaesonggeneraltradingcorporation,Korea Daesong General Trading Corporation,335,Korea Daesong General Trading Corporation,PRIMARY,335,"[""Korea Daesong General Trading Corporation""]",c632d657f9c13b1250d688394eb7c99956a994527cb56f4a77c86ed61ff1dbda:335:PRIMARY,,,OFAC;経産省;財務省,Korea Daesong General Trading Corporation
NOOP_ALREADY_METI,koreadaesongjechiltradingcorporation,Korea Daesong Jechil Trading Corporation,335,Korea Daesong General Trading Corporation,ALIAS:5,335,"[""Korea Daesong Jechil Trading Corporation""]",c632d657f9c13b1250d688394eb7c99956a994527cb56f4a77c86ed61ff1dbda:335:ALIAS:5,,,経産省,Korea Daesong Jechil Trading Corporation
NOOP_ALREADY_METI,koreadaesongjegutradingcorporation,Korea Daesong Jegu Trading Corporation,335,Korea Daesong General Trading Corporation,ALIAS:6,335,"[""Korea Daesong Jegu Trading Corporation""]",c632d657f9c13b1250d688394eb7c99956a994527cb56f4a77c86ed61ff1dbda:335:ALIAS:6,,,経産省,Korea Daesong Jegu Trading Corporation
NOOP_ALREADY_METI,koreadaesongjeiltradingcorporation,Korea Daesong Jeil Trading Corporation,335,Korea Daesong General Trading Corporation,ALIAS:8,335,"[""Korea Daesong Jeil Trading Corporation""]",c632d657f9c13b1250d688394eb7c99956a994527cb56f4a77c86ed61ff1dbda:335:ALIAS:8,,,経産省,Korea Daesong Jeil Trading Corporation
NOOP_ALREADY_METI,koreadaesongjeitradingcorporation,Korea Daesong Jei Trading Corporation,335,Korea Daesong General Trading Corporation,ALIAS:7,335,"[""Korea Daesong Jei Trading Corporation""]",c632d657f9c13b1250d688394eb7c99956a994527cb56f4a77c86ed61ff1dbda:335:ALIAS:7,,,経産省,Korea Daesong Jei Trading Corporation
NOOP_ALREADY_METI,koreadaesongjeotradingcorporation,Korea Daesong Jeo Trading Corporation,335,Korea Daesong General Trading Corporation,ALIAS:9,335,"[""Korea Daesong Jeo Trading Corporation""]",c632d657f9c13b1250d688394eb7c99956a994527cb56f4a77c86ed61ff1dbda:335:ALIAS:9,,,経産省,Korea Daesong Jeo Trading Corporation
NOOP_ALREADY_METI,koreadaesongjepaltradingcorporation,Korea Daesong Jepal Trading Corporation,335,Korea Daesong General Trading Corporation,ALIAS:10,335,"[""Korea Daesong Jepal Trading Corporation""]",c632d657f9c13b1250d688394eb7c99956a994527cb56f4a77c86ed61ff1dbda:335:ALIAS:10,,,経産省,Korea Daesong Jepal Trading Corporation
NOOP_ALREADY_METI,koreadaesongjeryuktradingcorporation,Korea Daesong Jeryuk Trading Corporation,335,Korea Daesong General Trading Corporation,ALIAS:11,335,"[""Korea Daesong Jeryuk Trading Corporation""]",c632d657f9c13b1250d688394eb7c99956a994527cb56f4a77c86ed61ff1dbda:335:ALIAS:11,,,経産省,Korea Daesong Jeryuk Trading Corporation
NOOP_ALREADY_METI,koreadaesongjesamtradingcorporation,Korea Daesong Jesam Trading Corporation,335,Korea Daesong General Trading Corporation,ALIAS:12,335,"[""Korea Daesong Jesam Trading Corporation""]",c632d657f9c13b1250d688394eb7c99956a994527cb56f4a77c86ed61ff1dbda:335:ALIAS:12,,,経産省,Korea Daesong Jesam Trading Corporation
NOOP_ALREADY_METI,koreadaesongseiltradingcorporation,Korea Daesong Seil Trading Corporation,335,Korea Daesong General Trading Corporation,ALIAS:13,335,"[""Korea Daesong Seil Trading Corporation""]",c632d657f9c13b1250d688394eb7c99956a994527cb56f4a77c86ed61ff1dbda:335:ALIAS:13,,,経産省,Korea Daesong Seil Trading Corporation
NOOP_ALREADY_METI,koreadaesongtradingcompany,Korea Daesong Trading Company,335,Korea Daesong General Trading Corporation,ALIAS:14,335,"[""Korea Daesong Trading Company""]",c632d657f9c13b1250d688394eb7c99956a994527cb56f4a77c86ed61ff1dbda:335:ALIAS:14,,,OFAC;経産省;財務省,KOREA DAESONG TRADING COMPANY
NOOP_ALREADY_METI,koreadaesongtradingcorporation(朝鮮大成貿易会社),Korea Daesong Trading Corporation (朝鮮大成貿易会社),335,Korea Daesong General Trading Corporation,ALIAS:15,335,"[""Korea Daesong Trading Corporation (朝鮮大成貿易会社)""]",c632d657f9c13b1250d688394eb7c99956a994527cb56f4a77c86ed61ff1dbda:335:ALIAS:15,,,経産省,Korea Daesong Trading Corporation (朝鮮大成貿易会社)
NOOP_ALREADY_METI,koreadaesongtransportationcompany,Korea Daesong Transportation Company,335,Korea Daesong General Trading Corporation,ALIAS:16,335,"[""Korea Daesong Transportation Company""]",c632d657f9c13b1250d688394eb7c99956a994527cb56f4a77c86ed61ff1dbda:335:ALIAS:16,,,経産省,Korea Daesong Transportation Company
NOOP_ALREADY_METI,koreadanguntradingcorporation,Korea Dangun Trading Corporation,386,Korean Tangun Trading Corporation (朝鮮檀君貿易会社),ALIAS:1,386,"[""Korea Dangun Trading Corporation""]",c632d657f9c13b1250d688394eb7c99956a994527cb56f4a77c86ed61ff1dbda:386:ALIAS:1,,,経産省,Korea Dangun Trading Corporation
READY_ADD,koreadongsongtechnicalcorporation(朝鮮東城技術貿易会社),Korea Dongsong Technical Corporation (朝鮮東城技術貿易会社),336,Korea Dongsong Technical Corporation (朝鮮東城技術貿易会社),PRIMARY,336,"[""Korea Dongsong Technical Corporation (朝鮮東城技術貿易会社)""]",c632d657f9c13b1250d688394eb7c99956a994527cb56f4a77c86ed61ff1dbda:336:PRIMARY,,,,
NOOP_ALREADY_METI,koreadongsongtechnologycorp.,Korea Dongsong Technology Corp.,336,Korea Dongsong Technical Corporation (朝鮮東城技術貿易会社),ALIAS:1,336,"[""Korea Dongsong Technology Corp.""]",c632d657f9c13b1250d688394eb7c99956a994527cb56f4a77c86ed61ff1dbda:336:ALIAS:1,,,経産省,Korea Dongsong Technology Corp.
READY_ADD,koreadongyangtradingcorp.(朝鮮東洋貿易会社),Korea Dongyang Trading Corp. (朝鮮東洋貿易会社),337,Korea Dongyang Trading Corp. (朝鮮東洋貿易会社),PRIMARY,337,"[""Korea Dongyang Trading Corp. (朝鮮東洋貿易会社)""]",c632d657f9c13b1250d688394eb7c99956a994527cb56f4a77c86ed61ff1dbda:337:PRIMARY,,,,
READY_ADD,koreaeconomicco-operationcommittee(朝鮮経済協力委員会),Korea Economic Co-operation Committee (朝鮮経済協力委員会),338,Korea Economic Co-operation Committee (朝鮮経済協力委員会),PRIMARY,338,"[""Korea Economic Co-operation Committee (朝鮮経済協力委員会)""]",c632d657f9c13b1250d688394eb7c99956a994527cb56f4a77c86ed61ff1dbda:338:PRIMARY,,,,
NOOP_ALREADY_METI,koreaequipment&plantcorporation(kep),Korea Equipment & Plant Corporation (KEP),332,Korea Complex Equipment Import Corporation (朝鮮総合設備輸出入会社),ALIAS:1,332,"[""Korea Equipment & Plant Corporation (KEP)""]",c632d657f9c13b1250d688394eb7c99956a994527cb56f4a77c86ed61ff1dbda:332:ALIAS:1,,,経産省,Korea Equipment & Plant Corporation (KEP)
READY_ADD,koreaforeigntechnicaltradecenter(対外技術貿易センタ-),Korea Foreign Technical Trade Center (対外技術貿易センター),339,Korea Foreign Technical Trade Center (対外技術貿易センター),PRIMARY,339,"[""Korea Foreign Technical Trade Center (対外技術貿易センター)""]",c632d657f9c13b1250d688394eb7c99956a994527cb56f4a77c86ed61ff1dbda:339:PRIMARY,,,,
NOOP_ALREADY_METI,koreageneraltradingcorporation,Korea General Trading Corporation,340,Korea General Trading Corporation,PRIMARY,340,"[""Korea General Trading Corporation""]",c632d657f9c13b1250d688394eb7c99956a994527cb56f4a77c86ed61ff1dbda:340:PRIMARY,,,経産省,Korea General Trading Corporation
READY_TAG_EXISTING,koreahaegumgangtradingcorporation,Korea Haegumgang Trading Corporation,422,Rimyongsu Trading Corporation (鯉明水貿易会社),ALIAS:2,422,"[""Korea Haegumgang Trading Corporation""]",c632d657f9c13b1250d688394eb7c99956a994527cb56f4a77c86ed61ff1dbda:422:ALIAS:2,,,OFAC;財務省,Korea Haegumgang Trading Corporation
NOOP_ALREADY_METI,koreahengjintradingcompany,Korea Hengjin Trading Company,341,Korea Heungjin Trading Company,ALIAS:2,341,"[""Korea Hengjin Trading Company""]",c632d657f9c13b1250d688394eb7c99956a994527cb56f4a77c86ed61ff1dbda:341:ALIAS:2,,,経産省;財務省,Korea Hengjin Trading Company
NOOP_ALREADY_METI,koreahenjintradingco.,Korea Henjin Trading Co.,341,Korea Heungjin Trading Company,ALIAS:3,341,"[""Korea Henjin Trading Co.""]",c632d657f9c13b1250d688394eb7c99956a994527cb56f4a77c86ed61ff1dbda:341:ALIAS:3,,,経産省;財務省,Korea Henjin Trading Co.
NOOP_ALREADY_METI,koreaheungjintradingcompany,Korea Heungjin Trading Company,341,Korea Heungjin Trading Company,PRIMARY,341,"[""Korea Heungjin Trading Company""]",c632d657f9c13b1250d688394eb7c99956a994527cb56f4a77c86ed61ff1dbda:341:PRIMARY,,,OFAC;経産省;財務省,KOREA HEUNGJIN TRADING COMPANY
NOOP_ALREADY_METI,koreahyoksinexportandimportcorporation,Korea Hyoksin Export and Import Corporation,342,Korea Hyoksin Trading Corporation (朝鮮革新貿易会社),ALIAS:1,342,"[""Korea Hyoksin Export and Import Corporation""]",c632d657f9c13b1250d688394eb7c99956a994527cb56f4a77c86ed61ff1dbda:342:ALIAS:1,,,OFAC;経産省;財務省,KOREA HYOKSIN EXPORT AND IMPORT CORPORATION
READY_ADD,koreahyoksintradingcorporation(朝鮮革新貿易会社),Korea Hyoksin Trading Corporation (朝鮮革新貿易会社),342,Korea Hyoksin Trading Corporation (朝鮮革新貿易会社),PRIMARY,342,"[""Korea Hyoksin Trading Corporation (朝鮮革新貿易会社)""]",c632d657f9c13b1250d688394eb7c99956a994527cb56f4a77c86ed61ff1dbda:342:PRIMARY,,,,
READY_ADD,koreainternationalchemicaljointventurecompany(朝鮮国際化学合営会社),Korea International Chemical Joint Venture Company (朝鮮国際化学合営会社),343,Korea International Chemical Joint Venture Company (朝鮮国際化学合営会社),PRIMARY,343,"[""Korea International Chemical Joint Venture Company (朝鮮国際化学合営会社)""]",c632d657f9c13b1250d688394eb7c99956a994527cb56f4a77c86ed61ff1dbda:343:PRIMARY,,,,
READY_ADD,koreajangsutradingcorporation(長水貿易会社),Korea Jangsu Trading Corporation (長水貿易会社),344,Korea Jangsu Trading Corporation (長水貿易会社),PRIMARY,344,"[""Korea Jangsu Trading Corporation (長水貿易会社)""]",c632d657f9c13b1250d688394eb7c99956a994527cb56f4a77c86ed61ff1dbda:344:PRIMARY,,,,
READY_ADD,koreakangsongtradingcorp.(朝鮮強盛貿易会社),Korea Kangsong Trading Corp. (朝鮮強盛貿易会社),345,Korea Kangsong Trading Corp. (朝鮮強盛貿易会社),PRIMARY,345,"[""Korea Kangsong Trading Corp. (朝鮮強盛貿易会社)""]",c632d657f9c13b1250d688394eb7c99956a994527cb56f4a77c86ed61ff1dbda:345:PRIMARY,,,,
READY_ADD,koreakuksabongjointventurecompany(朝鮮国師峰合営会社),Korea KukSabong Joint Venture Company (朝鮮国師峰合営会社),346,Korea KukSabong Joint Venture Company (朝鮮国師峰合営会社),PRIMARY,346,"[""Korea KukSabong Joint Venture Company (朝鮮国師峰合営会社)""]",c632d657f9c13b1250d688394eb7c99956a994527cb56f4a77c86ed61ff1dbda:346:PRIMARY,,,,
NOOP_ALREADY_METI,koreakuksabongjointventurecorp.,Korea Kuksabong Joint Venture Corp.,346,Korea KukSabong Joint Venture Company (朝鮮国師峰合営会社),ALIAS:1,346,"[""Korea Kuksabong Joint Venture Corp.""]",c632d657f9c13b1250d688394eb7c99956a994527cb56f4a77c86ed61ff1dbda:346:ALIAS:1,,,経産省,Korea Kuksabong Joint Venture Corp.
NOOP_ALREADY_METI,koreakumryongtradingcorporation,Korea Kumryong Trading Corporation,352,Korea Mining Development Trading Corporation (KOMID) (朝鮮鉱業開発貿易会社),ALIAS:5,352,"[""Korea Kumryong Trading Corporation""]",c632d657f9c13b1250d688394eb7c99956a994527cb56f4a77c86ed61ff1dbda:352:ALIAS:5,,,経産省;財務省,KOREA KUMRYONG TRADING CORPORATION
READY_TAG_EXISTING,koreakumsantradingcorporation,Korea Kumsan Trading Corporation,347,Korea Kumsan Trading Corporation,PRIMARY,347,"[""Korea Kumsan Trading Corporation""]",c632d657f9c13b1250d688394eb7c99956a994527cb56f4a77c86ed61ff1dbda:347:PRIMARY,,,OFAC;財務省,KOREA KUMSAN TRADING CORPORATION
READY_TAG_EXISTING,koreakuryonggangtradingcorporation,Korea Kuryonggang Trading Corporation,386,Korean Tangun Trading Corporation (朝鮮檀君貿易会社),ALIAS:2,386,"[""Korea Kuryonggang Trading Corporation""]",c632d657f9c13b1250d688394eb7c99956a994527cb56f4a77c86ed61ff1dbda:386:ALIAS:2,,,OFAC,Korea Kuryonggang Trading Corporation
READY_ADD,koreakuwolsantradingco.(朝鮮九月山貿易会社),Korea Kuwolsan Trading Co. (朝鮮九月山貿易会社),348,Korea Kuwolsan Trading Co. (朝鮮九月山貿易会社),PRIMARY,348,"[""Korea Kuwolsan Trading Co. (朝鮮九月山貿易会社)""]",c632d657f9c13b1250d688394eb7c99956a994527cb56f4a77c86ed61ff1dbda:348:PRIMARY,,,,
READY_ADD,koreakwangsonbankingcorporation(kkbc)(朝鮮光鮮金融会社),Korea Kwangson Banking Corporation (KKBC) (朝鮮光鮮金融会社),349,Korea Kwangson Banking Corporation (KKBC) (朝鮮光鮮金融会社),PRIMARY,349,"[""Korea Kwangson Banking Corporation (KKBC) (朝鮮光鮮金融会社)""]",c632d657f9c13b1250d688394eb7c99956a994527cb56f4a77c86ed61ff1dbda:349:PRIMARY,,,,
READY_ADD,koreakwangsongtradingcorporation(朝鮮光星貿易会社),Korea Kwangsong Trading Corporation (朝鮮光星貿易会社),350,Korea Kwangsong Trading Corporation (朝鮮光星貿易会社),PRIMARY,350,"[""Korea Kwangsong Trading Corporation (朝鮮光星貿易会社)""]",c632d657f9c13b1250d688394eb7c99956a994527cb56f4a77c86ed61ff1dbda:350:PRIMARY,,,,
READY_ADD,koreamangyongtradingcorporation(朝鮮萬景貿易会社),Korea Mangyong Trading Corporation (朝鮮萬景貿易会社),351,Korea Mangyong Trading Corporation (朝鮮萬景貿易会社),PRIMARY,351,"[""Korea Mangyong Trading Corporation (朝鮮萬景貿易会社)""]",c632d657f9c13b1250d688394eb7c99956a994527cb56f4a77c86ed61ff1dbda:351:PRIMARY,,,,
READY_ADD,koreaminingdevelopmenttradingcorporation(komid)(朝鮮鉱業開発貿易会社),Korea Mining Development Trading Corporation (KOMID) (朝鮮鉱業開発貿易会社),352,Korea Mining Development Trading Corporation (KOMID) (朝鮮鉱業開発貿易会社),PRIMARY,352,"[""Korea Mining Development Trading Corporation (KOMID) (朝鮮鉱業開発貿易会社)""]",c632d657f9c13b1250d688394eb7c99956a994527cb56f4a77c86ed61ff1dbda:352:PRIMARY,,,,
NOOP_ALREADY_METI,koreanamhungtradingcompany,Korea Namhung Trading Company,394,Namchongang Trading Corporation (南川江貿易会社),ALIAS:2,394,"[""Korea Namhung Trading Company""]",c632d657f9c13b1250d688394eb7c99956a994527cb56f4a77c86ed61ff1dbda:394:ALIAS:2,,,経産省,Korea Namhung Trading Company
NOOP_ALREADY_METI,koreanbuyonshippingco.ltd.,Korean Buyon Shipping Co. Ltd.,383,Korean Buyon Shipping Co. Ltd.,PRIMARY,383,"[""Korean Buyon Shipping Co. Ltd.""]",c632d657f9c13b1250d688394eb7c99956a994527cb56f4a77c86ed61ff1dbda:383:PRIMARY,,,OFAC;経産省,KOREAN BUYON SHIPPING CO. LTD.
READY_TAG_EXISTING,koreanbuyonshippingcompanylimited,Korean Buyon Shipping Company Limited,383,Korean Buyon Shipping Co. Ltd.,ALIAS:2,383,"[""Korean Buyon Shipping Company Limited""]",c632d657f9c13b1250d688394eb7c99956a994527cb56f4a77c86ed61ff1dbda:383:ALIAS:2,,,OFAC;財務省,Korean Buyon Shipping Company Limited
READY_ADD,koreancommitteeforspacetechnology(朝鮮宇宙空間技術委員会),Korean Committee for Space Technology (朝鮮宇宙空間技術委員会),384,Korean Committee for Space Technology (朝鮮宇宙空間技術委員会),PRIMARY,384,"[""Korean Committee for Space Technology (朝鮮宇宙空間技術委員会)""]",c632d657f9c13b1250d688394eb7c99956a994527cb56f4a77c86ed61ff1dbda:384:PRIMARY,,,,
READY_TAG_EXISTING,koreanpolishshpgcoltd,Korean Polish Shpg Co Ltd,385,Korean Polish Shpg Co Ltd,PRIMARY,385,"[""Korean Polish Shpg Co Ltd""]",c632d657f9c13b1250d688394eb7c99956a994527cb56f4a77c86ed61ff1dbda:385:PRIMARY,,,OFAC,KOREAN POLISH SHPG CO LTD
NOOP_ALREADY_METI,koreanryengwangtradingcorporation,Korean Ryengwang Trading Corporation,368,Korea Ryongwang Trading Corporation (朝鮮連光貿易会社),ALIAS:2,368,"[""Korean Ryengwang Trading Corporation""]",c632d657f9c13b1250d688394eb7c99956a994527cb56f4a77c86ed61ff1dbda:368:ALIAS:2,,,経産省,Korean Ryengwang Trading Corporation
READY_ADD,koreantanguntradingcorporation(朝鮮檀君貿易会社),Korean Tangun Trading Corporation (朝鮮檀君貿易会社),386,Korean Tangun Trading Corporation (朝鮮檀君貿易会社),PRIMARY,386,"[""Korean Tangun Trading Corporation (朝鮮檀君貿易会社)""]",c632d657f9c13b1250d688394eb7c99956a994527cb56f4a77c86ed61ff1dbda:386:PRIMARY,,,,
READY_TAG_EXISTING,koreaoceanshippingagency,Korea Ocean Shipping Agency,353,Korea Ocean Shipping Agency,PRIMARY,353,"[""Korea Ocean Shipping Agency""]",c632d657f9c13b1250d688394eb7c99956a994527cb56f4a77c86ed61ff1dbda:353:PRIMARY,,,OFAC;財務省,Korea Ocean Shipping Agency
READY_ADD,koreapaekho7trading(朝鮮白虎7貿易会社),Korea Paekho 7 Trading (朝鮮白虎7貿易会社),354,Korea Paekho 7 Trading (朝鮮白虎7貿易会社),PRIMARY,354,"[""Korea Paekho 7 Trading (朝鮮白虎7貿易会社)""]",c632d657f9c13b1250d688394eb7c99956a994527cb56f4a77c86ed61ff1dbda:354:PRIMARY,,,,
READY_TAG_EXISTING,koreapongnaesantradingcorporation,KOREA PONGNAESAN TRADING CORPORATION,312,DEPARTMENT 53 OF THE MINISTRY OF THE PEOPLE'S ARMED FORCES,ALIAS:1,312,"[""KOREA PONGNAESAN TRADING CORPORATION""]",c632d657f9c13b1250d688394eb7c99956a994527cb56f4a77c86ed61ff1dbda:312:ALIAS:1,,,OFAC,Korea Pongnaesan Trading Corporation
NOOP_ALREADY_METI,koreapugangminingandmachinerycorporationltd.,Korea Pugang Mining and Machinery Corporation Ltd.,355,Korea Pugang Mining and Machinery Corporation Ltd.,PRIMARY,355,"[""Korea Pugang Mining and Machinery Corporation Ltd.""]",c632d657f9c13b1250d688394eb7c99956a994527cb56f4a77c86ed61ff1dbda:355:PRIMARY,,,経産省,Korea Pugang Mining and Machinery Corporation Ltd.
READY_ADD,koreapugangtradingcorporation(朝鮮富強貿易会社),Korea Pugang Trading Corporation (朝鮮富強貿易会社),356,Korea Pugang Trading Corporation (朝鮮富強貿易会社),PRIMARY,356,"[""Korea Pugang Trading Corporation (朝鮮富強貿易会社)""]",c632d657f9c13b1250d688394eb7c99956a994527cb56f4a77c86ed61ff1dbda:356:PRIMARY,,,,
READY_ADD,koreapuhungtradingcorporation(朝鮮富興貿易会社),Korea Puhung Trading Corporation (朝鮮富興貿易会社),357,Korea Puhung Trading Corporation (朝鮮富興貿易会社),PRIMARY,357,"[""Korea Puhung Trading Corporation (朝鮮富興貿易会社)""]",c632d657f9c13b1250d688394eb7c99956a994527cb56f4a77c86ed61ff1dbda:357:PRIMARY,,,,
READY_ADD,koreapyong-yangroksantradingcorporation(平壌緑山貿易会社),Korea Pyong-yang Roksan Trading Corporation (平壌緑山貿易会社),358,Korea Pyong-yang Roksan Trading Corporation (平壌緑山貿易会社),PRIMARY,358,"[""Korea Pyong-yang Roksan Trading Corporation (平壌緑山貿易会社)""]",c632d657f9c13b1250d688394eb7c99956a994527cb56f4a77c86ed61ff1dbda:358:PRIMARY,,,,
NOOP_ALREADY_METI,koreapyongwongtradingco.,Korea Pyongwong Trading Co.,359,Korea Pyongwong Trading Co.,PRIMARY,359,"[""Korea Pyongwong Trading Co.""]",c632d657f9c13b1250d688394eb7c99956a994527cb56f4a77c86ed61ff1dbda:359:PRIMARY,,,経産省,Korea Pyongwong Trading Co.
NOOP_ALREADY_METI,koreapyongwontradingco.,Korea Pyongwon Trading Co.,359,Korea Pyongwong Trading Co.,ALIAS:2,359,"[""Korea Pyongwon Trading Co.""]",c632d657f9c13b1250d688394eb7c99956a994527cb56f4a77c86ed61ff1dbda:359:ALIAS:2,,,経産省,Korea Pyongwon Trading Co.
NOOP_ALREADY_METI,koreapyongyangroksantradingcorporation,Korea Pyongyang Roksan Trading Corporation,358,Korea Pyong-yang Roksan Trading Corporation (平壌緑山貿易会社),ALIAS:1,358,"[""Korea Pyongyang Roksan Trading Corporation""]",c632d657f9c13b1250d688394eb7c99956a994527cb56f4a77c86ed61ff1dbda:358:ALIAS:1,,,経産省,Korea Pyongyang Roksan Trading Corporation
READY_ADD,korearagwondepartment(朝鮮楽園百貨店),Korea Ragwon Department (朝鮮楽園百貨店),360,Korea Ragwon Department (朝鮮楽園百貨店),PRIMARY,360,"[""Korea Ragwon Department (朝鮮楽園百貨店)""]",c632d657f9c13b1250d688394eb7c99956a994527cb56f4a77c86ed61ff1dbda:360:PRIMARY,,,,
READY_ADD,korearagwontradingcorp.(朝鮮楽園貿易会社),Korea Ragwon Trading Corp. (朝鮮楽園貿易会社),361,Korea Ragwon Trading Corp. (朝鮮楽園貿易会社),PRIMARY,361,"[""Korea Ragwon Trading Corp. (朝鮮楽園貿易会社)""]",c632d657f9c13b1250d688394eb7c99956a994527cb56f4a77c86ed61ff1dbda:361:PRIMARY,,,,
NOOP_ALREADY_METI,korearakwondepartment,Korea Rakwon Department,360,Korea Ragwon Department (朝鮮楽園百貨店),ALIAS:1,360,"[""Korea Rakwon Department""]",c632d657f9c13b1250d688394eb7c99956a994527cb56f4a77c86ed61ff1dbda:360:ALIAS:1,,,経産省,Korea Rakwon Department
NOOP_ALREADY_METI,korearakwontradingcorp.,Korea Rakwon Trading Corp.,361,Korea Ragwon Trading Corp. (朝鮮楽園貿易会社),ALIAS:1,361,"[""Korea Rakwon Trading Corp.""]",c632d657f9c13b1250d688394eb7c99956a994527cb56f4a77c86ed61ff1dbda:361:ALIAS:1,,,経産省,Korea Rakwon Trading Corp.
READY_ADD,korearasonmorancompany(朝鮮羅先牡丹会社),Korea Rason Moran Company (朝鮮羅先牡丹会社),362,Korea Rason Moran Company (朝鮮羅先牡丹会社),PRIMARY,362,"[""Korea Rason Moran Company (朝鮮羅先牡丹会社)""]",c632d657f9c13b1250d688394eb7c99956a994527cb56f4a77c86ed61ff1dbda:362:PRIMARY,,,,
READY_ADD,korearedcrosshospital(朝鮮赤十字病院),Korea Red Cross Hospital (朝鮮赤十字病院),363,Korea Red Cross Hospital (朝鮮赤十字病院),PRIMARY,363,"[""Korea Red Cross Hospital (朝鮮赤十字病院)""]",c632d657f9c13b1250d688394eb7c99956a994527cb56f4a77c86ed61ff1dbda:363:PRIMARY,,,,
READY_TAG_EXISTING,korearounsantradingcorporation,KOREA ROUNSAN TRADING CORPORATION,364,KOREA ROUNSAN TRADING CORPORATION,PRIMARY,364,"[""KOREA ROUNSAN TRADING CORPORATION""]",c632d657f9c13b1250d688394eb7c99956a994527cb56f4a77c86ed61ff1dbda:364:PRIMARY,,,OFAC;財務省,Korea Rounsan Trading Corporation
NOOP_ALREADY_METI,korearungra-888muyeghisa,Korea Rungra-888 Muyeg Hisa,365,Korea Rungra-888 Trading Corporation (朝鮮綾羅888貿易会社),ALIAS:2,365,"[""Korea Rungra-888 Muyeg Hisa""]",c632d657f9c13b1250d688394eb7c99956a994527cb56f4a77c86ed61ff1dbda:365:ALIAS:2,,,経産省,Korea Rungra-888 Muyeg Hisa
READY_ADD,korearungra-888tradingcorporation(朝鮮綾羅888貿易会社),Korea Rungra-888 Trading Corporation (朝鮮綾羅888貿易会社),365,Korea Rungra-888 Trading Corporation (朝鮮綾羅888貿易会社),PRIMARY,365,"[""Korea Rungra-888 Trading Corporation (朝鮮綾羅888貿易会社)""]",c632d657f9c13b1250d688394eb7c99956a994527cb56f4a77c86ed61ff1dbda:365:PRIMARY,,,,
NOOP_ALREADY_METI,korearungra888tradingco.,Korea Rungra 888 Trading Co.,365,Korea Rungra-888 Trading Corporation (朝鮮綾羅888貿易会社),ALIAS:1,365,"[""Korea Rungra 888 Trading Co.""]",c632d657f9c13b1250d688394eb7c99956a994527cb56f4a77c86ed61ff1dbda:365:ALIAS:1,,,経産省,Korea Rungra 888 Trading Co.
READY_ADD,korearungrado(general)tradingco.(朝鮮綾羅島貿易(総)会社),Korea Rungrado (General) Trading Co. (朝鮮綾羅島貿易(総)会社),366,Korea Rungrado (General) Trading Co. (朝鮮綾羅島貿易(総)会社),PRIMARY,366,"[""Korea Rungrado (General) Trading Co. (朝鮮綾羅島貿易(総)会社)""]",c632d657f9c13b1250d688394eb7c99956a994527cb56f4a77c86ed61ff1dbda:366:PRIMARY,,,,
NOOP_ALREADY_METI,korearungradojonsongtradingco.(朝鮮綾羅島全盛貿易会社),Korea Rungrado Jonsong Trading Co. (朝鮮綾羅島全盛貿易会社),366,Korea Rungrado (General) Trading Co. (朝鮮綾羅島貿易(総)会社),ALIAS:1,366,"[""Korea Rungrado Jonsong Trading Co. (朝鮮綾羅島全盛貿易会社)""]",c632d657f9c13b1250d688394eb7c99956a994527cb56f4a77c86ed61ff1dbda:366:ALIAS:1,,,経産省,Korea Rungrado Jonsong Trading Co. (朝鮮綾羅島全盛貿易会社)
NOOP_ALREADY_METI,korearyengwangtradingcorporation,Korea Ryengwang Trading Corporation,368,Korea Ryongwang Trading Corporation (朝鮮連光貿易会社),ALIAS:1,368,"[""Korea Ryengwang Trading Corporation""]",c632d657f9c13b1250d688394eb7c99956a994527cb56f4a77c86ed61ff1dbda:368:ALIAS:1,,,OFAC;経産省;財務省,KOREA RYENGWANG TRADING CORPORATION
NOOP_ALREADY_METI,korearyenhamachineryj.v.corporation,Korea Ryenha Machinery J.V. Corporation,369,Korea Ryonha Machinery Joint Venture Corporation (朝鮮蓮河機械合営会社),ALIAS:5,369,"[""Korea Ryenha Machinery J.V. Corporation""]",c632d657f9c13b1250d688394eb7c99956a994527cb56f4a77c86ed61ff1dbda:369:ALIAS:5,,,経産省,Korea Ryenha Machinery J.V. Corporation
READY_ADD,korearyonbonggeneralcorporation(krgc)(朝鮮連峰総会社),Korea Ryonbong General Corporation (KRGC) (朝鮮連峰総会社),367,Korea Ryonbong General Corporation (KRGC) (朝鮮連峰総会社),PRIMARY,367,"[""Korea Ryonbong General Corporation (KRGC) (朝鮮連峰総会社)""]",c632d657f9c13b1250d688394eb7c99956a994527cb56f4a77c86ed61ff1dbda:367:PRIMARY,,,,
READY_ADD,korearyongwangtradingcorporation(朝鮮連光貿易会社),Korea Ryongwang Trading Corporation (朝鮮連光貿易会社),368,Korea Ryongwang Trading Corporation (朝鮮連光貿易会社),PRIMARY,368,"[""Korea Ryongwang Trading Corporation (朝鮮連光貿易会社)""]",c632d657f9c13b1250d688394eb7c99956a994527cb56f4a77c86ed61ff1dbda:368:PRIMARY,,,,
READY_ADD,korearyonhamachineryjointventurecorporation(朝鮮蓮河機械合営会社),Korea Ryonha Machinery Joint Venture Corporation (朝鮮蓮河機械合営会社),369,Korea Ryonha Machinery Joint Venture Corporation (朝鮮蓮河機械合営会社),PRIMARY,369,"[""Korea Ryonha Machinery Joint Venture Corporation (朝鮮蓮河機械合営会社)""]",c632d657f9c13b1250d688394eb7c99956a994527cb56f4a77c86ed61ff1dbda:369:PRIMARY,,,,
READY_ADD,korearyonhap-2tradingcorporation(朝鮮連合2貿易会社),Korea Ryonhap-2 Trading Corporation (朝鮮連合2貿易会社),371,Korea Ryonhap-2 Trading Corporation (朝鮮連合2貿易会社),PRIMARY,371,"[""Korea Ryonhap-2 Trading Corporation (朝鮮連合2貿易会社)""]",c632d657f9c13b1250d688394eb7c99956a994527cb56f4a77c86ed61ff1dbda:371:PRIMARY,,,,
READY_ADD,korearyonhaptradingcorporation(朝鮮連合貿易会社),KOREA RYONHAP TRADING CORPORATION （朝鮮連合貿易会社）,370,KOREA RYONHAP TRADING CORPORATION （朝鮮連合貿易会社）,PRIMARY,370,"[""KOREA RYONHAP TRADING CORPORATION （朝鮮連合貿易会社）""]",c632d657f9c13b1250d688394eb7c99956a994527cb56f4a77c86ed61ff1dbda:370:PRIMARY,,,,
READY_ADD,"korearyusongco.,ltd.(朝鮮柳城商社)","Korea Ryusong Co., Ltd. (朝鮮柳城商社)",372,"Korea Ryusong Co., Ltd. (朝鮮柳城商社)",PRIMARY,372,"[""Korea Ryusong Co., Ltd. (朝鮮柳城商社)""]",c632d657f9c13b1250d688394eb7c99956a994527cb56f4a77c86ed61ff1dbda:372:PRIMARY,,,,
NOOP_ALREADY_METI,koreasamhungtradingcorp.(朝鮮三興貿易会社),Korea Samhung Trading Corp. (朝鮮三興貿易会社),423,Samhung Corporation (三興会社),ALIAS:1,423,"[""Korea Samhung Trading Corp. (朝鮮三興貿易会社)""]",c632d657f9c13b1250d688394eb7c99956a994527cb56f4a77c86ed61ff1dbda:423:ALIAS:1,,,経産省,Korea Samhung Trading Corp. (朝鮮三興貿易会社)
READY_TAG_EXISTING,koreasamilposhippingco,Korea Samilpo Shipping Co,373,Korea Samilpo Shipping Co,PRIMARY,373,"[""Korea Samilpo Shipping Co""]",c632d657f9c13b1250d688394eb7c99956a994527cb56f4a77c86ed61ff1dbda:373:PRIMARY,,,OFAC,KOREA SAMILPO SHIPPING CO
READY_TAG_EXISTING,koreasobaeksutradingcorporation,Korea Sobaeksu Trading Corporation,430,Sobaeku United Corp. (小白水連合貿易会社),ALIAS:1,430,"[""Korea Sobaeksu Trading Corporation""]",c632d657f9c13b1250d688394eb7c99956a994527cb56f4a77c86ed61ff1dbda:430:ALIAS:1,,,OFAC,Korea Sobaeksu Trading Corporation
NOOP_ALREADY_METI,koreasobaeksuunitedco.(朝鮮小白水貿易会社),Korea Sobaeksu United Co. (朝鮮小白水貿易会社),430,Sobaeku United Corp. (小白水連合貿易会社),ALIAS:3,430,"[""Korea Sobaeksu United Co. (朝鮮小白水貿易会社)""]",c632d657f9c13b1250d688394eb7c99956a994527cb56f4a77c86ed61ff1dbda:430:ALIAS:3,,,経産省,Korea Sobaeksu United Co. (朝鮮小白水貿易会社)
READY_ADD,koreasuhotradingcompany(朝鮮守護貿易会社),Korea Suho Trading Company （朝鮮守護貿易会社）,374,Korea Suho Trading Company （朝鮮守護貿易会社）,PRIMARY,374,"[""Korea Suho Trading Company （朝鮮守護貿易会社）""]",c632d657f9c13b1250d688394eb7c99956a994527cb56f4a77c86ed61ff1dbda:374:PRIMARY,,,,
NOOP_ALREADY_METI,koreasungrisantradingcorporation,KOREA SUNGRISAN TRADING CORPORATION,435,SUNGNISAN TRADING CORPORATION,ALIAS:1,435,"[""KOREA SUNGRISAN TRADING CORPORATION""]",c632d657f9c13b1250d688394eb7c99956a994527cb56f4a77c86ed61ff1dbda:435:ALIAS:1,,,OFAC;経産省;財務省,Korea Sungrisan Trading Corporation
READY_ADD,koreasungritradingcorporation(朝鮮勝利貿易会社),Korea Sungri Trading Corporation (朝鮮勝利貿易会社),375,Korea Sungri Trading Corporation (朝鮮勝利貿易会社),PRIMARY,375,"[""Korea Sungri Trading Corporation (朝鮮勝利貿易会社)""]",c632d657f9c13b1250d688394eb7c99956a994527cb56f4a77c86ed61ff1dbda:375:PRIMARY,,,,
READY_TAG_EXISTING,koreataeryonggangtradingcorporation,Korea Taeryonggang Trading Corporation,394,Namchongang Trading Corporation (南川江貿易会社),ALIAS:3,394,"[""Korea Taeryonggang Trading Corporation""]",c632d657f9c13b1250d688394eb7c99956a994527cb56f4a77c86ed61ff1dbda:394:ALIAS:3,,,OFAC,Korea Taeryonggang Trading Corporation
NOOP_ALREADY_METI,koreataesongtradingcompany,Korea Taesong Trading Company,376,Korea Taesong Trading Company,PRIMARY,376,"[""Korea Taesong Trading Company""]",c632d657f9c13b1250d688394eb7c99956a994527cb56f4a77c86ed61ff1dbda:376:PRIMARY,,,OFAC;経産省;財務省,KOREA TAESONG TRADING COMPANY
READY_TAG_EXISTING,koreatanguntradingcorporation,Korea Tangun Trading Corporation,386,Korean Tangun Trading Corporation (朝鮮檀君貿易会社),ALIAS:3,386,"[""Korea Tangun Trading Corporation""]",c632d657f9c13b1250d688394eb7c99956a994527cb56f4a77c86ed61ff1dbda:386:ALIAS:3,,,OFAC,KOREA TANGUN TRADING CORPORATION
READY_ADD,koreatonghaeshippingcompany(朝鮮東海海運会社),Korea Tonghae Shipping Company (朝鮮東海海運会社),377,Korea Tonghae Shipping Company (朝鮮東海海運会社),PRIMARY,377,"[""Korea Tonghae Shipping Company (朝鮮東海海運会社)""]",c632d657f9c13b1250d688394eb7c99956a994527cb56f4a77c86ed61ff1dbda:377:PRIMARY,,,,
NOOP_ALREADY_METI,koreatongyangtradingcorp.,Korea Tongyang Trading Corp.,337,Korea Dongyang Trading Corp. (朝鮮東洋貿易会社),ALIAS:1,337,"[""Korea Tongyang Trading Corp.""]",c632d657f9c13b1250d688394eb7c99956a994527cb56f4a77c86ed61ff1dbda:337:ALIAS:1,,,経産省,Korea Tongyang Trading Corp.
READY_ADD,koreaundoktradingcorporation(朝鮮恩徳貿易会社),Korea Undok Trading Corporation (朝鮮恩徳貿易会社),378,Korea Undok Trading Corporation (朝鮮恩徳貿易会社),PRIMARY,378,"[""Korea Undok Trading Corporation (朝鮮恩徳貿易会社)""]",c632d657f9c13b1250d688394eb7c99956a994527cb56f4a77c86ed61ff1dbda:378:PRIMARY,,,,
READY_TAG_EXISTING,koreauniteddevelopmentbank,Korea United Development Bank,379,Korea United Development Bank,PRIMARY,379,"[""Korea United Development Bank""]",c632d657f9c13b1250d688394eb7c99956a994527cb56f4a77c86ed61ff1dbda:379:PRIMARY,,,OFAC;財務省,KOREA UNITED DEVELOPMENT BANK
NOOP_ALREADY_METI,"koreawonbongco.,ltd.(朝鮮元峰会社)","Korea Wonbong Co., Ltd. (朝鮮元峰会社)",380,Korea Wonbong Trading Corp. (朝鮮元峰貿易会社),ALIAS:1,380,"[""Korea Wonbong Co., Ltd. (朝鮮元峰会社)""]",c632d657f9c13b1250d688394eb7c99956a994527cb56f4a77c86ed61ff1dbda:380:ALIAS:1,,,経産省,"Korea Wonbong Co., Ltd. (朝鮮元峰会社)"
READY_ADD,koreawonbongtradingcorp.(朝鮮元峰貿易会社),Korea Wonbong Trading Corp. (朝鮮元峰貿易会社),380,Korea Wonbong Trading Corp. (朝鮮元峰貿易会社),PRIMARY,380,"[""Korea Wonbong Trading Corp. (朝鮮元峰貿易会社)""]",c632d657f9c13b1250d688394eb7c99956a994527cb56f4a77c86ed61ff1dbda:380:PRIMARY,,,,
NOOP_ALREADY_METI,koreayonbonggeneralcorporation,Korea Yonbong General Corporation,367,Korea Ryonbong General Corporation (KRGC) (朝鮮連峰総会社),ALIAS:1,367,"[""Korea Yonbong General Corporation""]",c632d657f9c13b1250d688394eb7c99956a994527cb56f4a77c86ed61ff1dbda:367:ALIAS:1,,,OFAC;経産省;財務省,KOREA YONBONG GENERAL CORPORATION
READY_ADD,koreazincindustrialgroup(朝鮮亜鉛工業総会社),Korea Zinc Industrial Group (朝鮮亜鉛工業総会社),381,Korea Zinc Industrial Group (朝鮮亜鉛工業総会社),PRIMARY,381,"[""Korea Zinc Industrial Group (朝鮮亜鉛工業総会社)""]",c632d657f9c13b1250d688394eb7c99956a994527cb56f4a77c86ed61ff1dbda:381:PRIMARY,,,,
READY_TAG_EXISTING,koreazincindustrygeneralcorporation,Korea Zinc Industry General Corporation,381,Korea Zinc Industrial Group (朝鮮亜鉛工業総会社),ALIAS:1,381,"[""Korea Zinc Industry General Corporation""]",c632d657f9c13b1250d688394eb7c99956a994527cb56f4a77c86ed61ff1dbda:381:ALIAS:1,,,OFAC;財務省,Korea Zinc Industry General Corporation
READY_TAG_EXISTING,koreazincindustrygroup,Korea Zinc Industry Group,381,Korea Zinc Industrial Group (朝鮮亜鉛工業総会社),ALIAS:2,381,"[""Korea Zinc Industry Group""]",c632d657f9c13b1250d688394eb7c99956a994527cb56f4a77c86ed61ff1dbda:381:ALIAS:2,,,OFAC;財務省,Korea Zinc Industry Group
READY_TAG_EXISTING,koreazuzagbongmaritimeltd,Korea Zuzagbong Maritime Ltd,382,Korea Zuzagbong Maritime Ltd,PRIMARY,382,"[""Korea Zuzagbong Maritime Ltd""]",c632d657f9c13b1250d688394eb7c99956a994527cb56f4a77c86ed61ff1dbda:382:PRIMARY,,,OFAC,KOREA ZUZAGBONG MARITIME LTD
NOOP_ALREADY_METI,"kotomachineryco.,ltd","KOTO MACHINERY CO., LTD",542,"HANGZHOU FUYANG KOTO MACHINERY CO., LTD （杭州富阳科拓机械有限公司）",ALIAS:3,542,"[""KOTO MACHINERY CO., LTD""]",c632d657f9c13b1250d688394eb7c99956a994527cb56f4a77c86ed61ff1dbda:542:ALIAS:3,,,OFAC;経産省,"KOTO MACHINERY CO., LTD"
NOOP_ALREADY_METI,"kotomachinryco.,ltd","KOTO MACHINRY CO., LTD",542,"HANGZHOU FUYANG KOTO MACHINERY CO., LTD （杭州富阳科拓机械有限公司）",ALIAS:4,542,"[""KOTO MACHINRY CO., LTD""]",c632d657f9c13b1250d688394eb7c99956a994527cb56f4a77c86ed61ff1dbda:542:ALIAS:4,,,OFAC;経産省,"KOTO MACHINRY CO., LTD"
NOOP_ALREADY_METI,kpaunit586,KPA Unit 586,421,Reconnaissance General Bureau (RGB) (偵察総局),ALIAS:5,421,"[""KPA Unit 586""]",c632d657f9c13b1250d688394eb7c99956a994527cb56f4a77c86ed61ff1dbda:421:ALIAS:5,,,OFAC;経産省;財務省,KPA UNIT 586
HOLD_WEAK_ALIAS,kps,KPS,156,Kimiya Pakhsh Shargh Co Ltd,ALIAS:1,156,"[""KPS""]",c632d657f9c13b1250d688394eb7c99956a994527cb56f4a77c86ed61ff1dbda:156:ALIAS:1,3文字と短く、照合時に誤検知が多発する見込み（KPS）,,,
NOOP_ALREADY_METI,krondegroup,Kronde Group,740,AO Kronshtadt,ALIAS:3,740,"[""Kronde Group""]",c632d657f9c13b1250d688394eb7c99956a994527cb56f4a77c86ed61ff1dbda:740:ALIAS:3,,,経産省,Kronde Group
NOOP_ALREADY_METI,kronshtadt,Kronshtadt,740,AO Kronshtadt,ALIAS:2,740,"[""Kronshtadt""]",c632d657f9c13b1250d688394eb7c99956a994527cb56f4a77c86ed61ff1dbda:740:ALIAS:2,,,経産省,Kronshtadt
NOOP_ALREADY_METI,kronshtadtgroup,Kronshtadt Group,740,AO Kronshtadt,ALIAS:1,740,"[""Kronshtadt Group""]",c632d657f9c13b1250d688394eb7c99956a994527cb56f4a77c86ed61ff1dbda:740:ALIAS:1,,,経産省,Kronshtadt Group
NOOP_ALREADY_METI,ksocompany,KSO COMPANY,270,TAMIN KALAYE SABZ ARAS COMPANY,ALIAS:4,270,"[""KSO COMPANY""]",c632d657f9c13b1250d688394eb7c99956a994527cb56f4a77c86ed61ff1dbda:270:ALIAS:4,,,OFAC;経産省,KSO Company
NOOP_ALREADY_METI,ktkengineering(pvt)ltd,KTK Engineering (Pvt) LTD,644,KTK Engineering (Pvt) LTD,PRIMARY,644,"[""KTK Engineering (Pvt) LTD""]",c632d657f9c13b1250d688394eb7c99956a994527cb56f4a77c86ed61ff1dbda:644:PRIMARY,,,経産省,KTK Engineering (Pvt) LTD
NOOP_ALREADY_METI,ku'mhaeryongcompanyltd,Ku'mhaeryong Company Ltd,318,Green Pine Associated Corporation （青松連合）,ALIAS:9,318,"[""Ku'mhaeryong Company Ltd""]",c632d657f9c13b1250d688394eb7c99956a994527cb56f4a77c86ed61ff1dbda:318:ALIAS:9,,,OFAC;経産省,Ku'mhaeryong Company Ltd
NOOP_ALREADY_METI,kukpangkwahak-won,Kukpang Kwahak-Won,425,Second Academy of Natural Sciences (第二自然科学院),ALIAS:5,425,"[""Kukpang Kwahak-Won""]",c632d657f9c13b1250d688394eb7c99956a994527cb56f4a77c86ed61ff1dbda:425:ALIAS:5,,,OFAC;経産省;財務省,Kukpang Kwahak-Won
READY_ADD,kumgangenginej.v.co.(金剛原動機合営会社),Kumgang Engine J.V. Co. (金剛原動機合営会社),387,Kumgang Engine J.V. Co. (金剛原動機合営会社),PRIMARY,387,"[""Kumgang Engine J.V. Co. (金剛原動機合営会社)""]",c632d657f9c13b1250d688394eb7c99956a994527cb56f4a77c86ed61ff1dbda:387:PRIMARY,,,,
NOOP_ALREADY_METI,kumsanjointventureptyco.ltd.,Kumsan Joint Venture Pty Co. Ltd.,388,Kumsan JVC Pty Ltd. (金山合営会社),ALIAS:1,388,"[""Kumsan Joint Venture Pty Co. Ltd.""]",c632d657f9c13b1250d688394eb7c99956a994527cb56f4a77c86ed61ff1dbda:388:ALIAS:1,,,経産省,Kumsan Joint Venture Pty Co. Ltd.
READY_ADD,kumsanjvcptyltd.(金山合営会社),Kumsan JVC Pty Ltd. (金山合営会社),388,Kumsan JVC Pty Ltd. (金山合営会社),PRIMARY,388,"[""Kumsan JVC Pty Ltd. (金山合営会社)""]",c632d657f9c13b1250d688394eb7c99956a994527cb56f4a77c86ed61ff1dbda:388:PRIMARY,,,,
READY_TAG_EXISTING,kurganmashzavod,Kurganmashzavod,801,Public Joint Stock Company Kurganmashzavod,ALIAS:1,801,"[""Kurganmashzavod""]",c632d657f9c13b1250d688394eb7c99956a994527cb56f4a77c86ed61ff1dbda:801:ALIAS:1,,,OFAC;legacy,Kurganmashzavod
NOOP_ALREADY_METI,l.t.engineering&tradeservices(pvt)ltd.,L.T. Engineering & Trade Services (Pvt) Ltd.,646,L.T. Engineering & Trade Services (Pvt) Ltd.,PRIMARY,646,"[""L.T. Engineering & Trade Services (Pvt) Ltd.""]",c632d657f9c13b1250d688394eb7c99956a994527cb56f4a77c86ed61ff1dbda:646:PRIMARY,,,経産省,L.T. Engineering & Trade Services (Pvt) Ltd.
NOOP_ALREADY_METI,l.t.engineering&tradeservicespvt(ltd),L.T. Engineering & Trade Services PVT (LTD),646,L.T. Engineering & Trade Services (Pvt) Ltd.,ALIAS:2,646,"[""L.T. Engineering & Trade Services PVT (LTD)""]",c632d657f9c13b1250d688394eb7c99956a994527cb56f4a77c86ed61ff1dbda:646:ALIAS:2,,,経産省,L.T. Engineering & Trade Services PVT (LTD)
NOOP_ALREADY_METI,laboratorysystemsandtechnologiesltd,Laboratory Systems and Technologies LTD,783,Laboratory Systems and Technologies LTD,PRIMARY,783,"[""Laboratory Systems and Technologies LTD""]",c632d657f9c13b1250d688394eb7c99956a994527cb56f4a77c86ed61ff1dbda:783:PRIMARY,,,経産省,Laboratory Systems and Technologies LTD
NOOP_ALREADY_METI,landaariyaelectronicco,Landa Ariya Electronic Co,548,Landa Ariya Electronic Co,PRIMARY,548,"[""Landa Ariya Electronic Co""]",c632d657f9c13b1250d688394eb7c99956a994527cb56f4a77c86ed61ff1dbda:548:PRIMARY,,,経産省,Landa Ariya Electronic Co
NOOP_ALREADY_METI,landaariyaelectronicco.ltd.,Landa Ariya Electronic Co. Ltd.,548,Landa Ariya Electronic Co,ALIAS:1,548,"[""Landa Ariya Electronic Co. Ltd.""]",c632d657f9c13b1250d688394eb7c99956a994527cb56f4a77c86ed61ff1dbda:548:ALIAS:1,,,経産省,Landa Ariya Electronic Co. Ltd.
NOOP_ALREADY_METI,landaelectronic,Landa Electronic,548,Landa Ariya Electronic Co,ALIAS:2,548,"[""Landa Electronic""]",c632d657f9c13b1250d688394eb7c99956a994527cb56f4a77c86ed61ff1dbda:548:ALIAS:2,,,経産省,Landa Electronic
NOOP_ALREADY_METI,landaelectronics.,Landa Electronics.,548,Landa Ariya Electronic Co,ALIAS:3,548,"[""Landa Electronics.""]",c632d657f9c13b1250d688394eb7c99956a994527cb56f4a77c86ed61ff1dbda:548:ALIAS:3,,,経産省,Landa Electronics.
NOOP_ALREADY_METI,lcec,LCEC,745,Engineering Center Ltd.,ALIAS:3,745,"[""LCEC""]",c632d657f9c13b1250d688394eb7c99956a994527cb56f4a77c86ed61ff1dbda:745:ALIAS:3,,,経産省,LCEC
READY_TAG_EXISTING,leadinginnovatorlink,LEADING INNOVATOR LINK,199,PISHRO MOBTAKER PEYVAND,ALIAS:3,199,"[""LEADING INNOVATOR LINK""]",c632d657f9c13b1250d688394eb7c99956a994527cb56f4a77c86ed61ff1dbda:199:ALIAS:3,,,OFAC,LEADINGINNOVATORLINK
NOOP_ALREADY_METI,letri,LETRI,483,AVIC Leihua Electronic Technology Research Institute （中国航空工业集团公司雷华电子技术研究所）,ALIAS:1,483,"[""LETRI""]",c632d657f9c13b1250d688394eb7c99956a994527cb56f4a77c86ed61ff1dbda:483:ALIAS:1,,,経産省,LETRI
NOOP_ALREADY_METI,"liaoningindustry&tradeco.,ltd.","Liaoning Industry & Trade Co., Ltd.",550,LIMMT Economic and Trade Company (LIMMT経貿公司),ALIAS:6,550,"[""Liaoning Industry & Trade Co., Ltd.""]",c632d657f9c13b1250d688394eb7c99956a994527cb56f4a77c86ed61ff1dbda:550:ALIAS:6,,,OFAC;経産省,"Liaoning Industry & Trade Co., Ltd."
NOOP_ALREADY_METI,"liaoyangcarbonco.,ltd.","Liaoyang Carbon Co., Ltd.",549,"Liaoyang Carbon Co., Ltd.",PRIMARY,549,"[""Liaoyang Carbon Co., Ltd.""]",c632d657f9c13b1250d688394eb7c99956a994527cb56f4a77c86ed61ff1dbda:549:PRIMARY,,,経産省,"Liaoyang Carbon Co., Ltd."
READY_ADD,limited(伊國際貿易有限公司)fyinternationaltradingco.,"FY INTERNATIONAL TRADING CO., LIMITED （伊國際貿易有限公司）",715,"FY INTERNATIONAL TRADING CO., LIMITED （伊國際貿易有限公司）",PRIMARY,715,"[""FY INTERNATIONAL TRADING CO., LIMITED （伊國際貿易有限公司）""]",c632d657f9c13b1250d688394eb7c99956a994527cb56f4a77c86ed61ff1dbda:715:PRIMARY,,,,
READY_ADD,limited(南溪穀科技有限公司)nanxigutechnologyco.,"NANXIGU TECHNOLOGY CO., LIMITED（南溪穀科技有 限公司）",722,"NANXIGU TECHNOLOGY CO., LIMITED（南溪穀科技有 限公司）",PRIMARY,722,"[""NANXIGU TECHNOLOGY CO., LIMITED（南溪穀科技有 限公司）""]",c632d657f9c13b1250d688394eb7c99956a994527cb56f4a77c86ed61ff1dbda:722:PRIMARY,,,,
READY_ADD,limited(大立射頻技術有限公司)dalirftechnologyco.,"DALI RF TECHNOLOGY CO., LIMITED （大立射頻技術有限公司）",711,"DALI RF TECHNOLOGY CO., LIMITED （大立射頻技術有限公司）",PRIMARY,711,"[""DALI RF TECHNOLOGY CO., LIMITED （大立射頻技術有限公司）""]",c632d657f9c13b1250d688394eb7c99956a994527cb56f4a77c86ed61ff1dbda:711:PRIMARY,,,,
READY_ADD,limited(華弘科技香港有限公司)vohomtechnologyhkco.,"VOHOM TECHNOLOGY HK CO., LIMITED （華弘科技香港有限公司）",596,"VOHOM TECHNOLOGY HK CO., LIMITED （華弘科技香港有限公司）",PRIMARY,596,"[""VOHOM TECHNOLOGY HK CO., LIMITED （華弘科技香港有限公司）""]",c632d657f9c13b1250d688394eb7c99956a994527cb56f4a77c86ed61ff1dbda:596:PRIMARY,,,,
READY_ADD,limited(香港科鬥國際貿易有限公司)hongkongke.dointernationaltradeco.,"HONG KONG KE.DO INTERNATIONAL TRADE CO., LIMITED（香港科鬥國際貿易有限公司）",718,"HONG KONG KE.DO INTERNATIONAL TRADE CO., LIMITED（香港科鬥國際貿易有限公司）",PRIMARY,718,"[""HONG KONG KE.DO INTERNATIONAL TRADE CO., LIMITED（香港科鬥國際貿易有限公司）""]",c632d657f9c13b1250d688394eb7c99956a994527cb56f4a77c86ed61ff1dbda:718:PRIMARY,,,,
READY_ADD,limited.(cuc)(常州联拓复合材料有限公司)changzhouutekcompositeco.,"Changzhou Utek Composite Co., Limited.（CUC） （常州联拓复合材料有限公司）",504,"Changzhou Utek Composite Co., Limited.（CUC） （常州联拓复合材料有限公司）",PRIMARY,504,"[""Changzhou Utek Composite Co., Limited.（CUC） （常州联拓复合材料有限公司）""]",c632d657f9c13b1250d688394eb7c99956a994527cb56f4a77c86ed61ff1dbda:504:PRIMARY,,,,
READY_ADD,limited.(北京罗罗科技发展有限公司)beijingluoluotechnologydevelopmentco.,"Beijing Luo Luo Technology Development Co., Limited. （北京罗罗科技发展有限公司）",496,"Beijing Luo Luo Technology Development Co., Limited. （北京罗罗科技发展有限公司）",PRIMARY,496,"[""Beijing Luo Luo Technology Development Co., Limited. （北京罗罗科技发展有限公司）""]",c632d657f9c13b1250d688394eb7c99956a994527cb56f4a77c86ed61ff1dbda:496:PRIMARY,,,,
READY_TAG_EXISTING,limitedadvantagetradingco.,"ADVANTAGE TRADING CO., LIMITED",705,"ADVANTAGE TRADING CO., LIMITED",PRIMARY,705,"[""ADVANTAGE TRADING CO., LIMITED""]",c632d657f9c13b1250d688394eb7c99956a994527cb56f4a77c86ed61ff1dbda:705:PRIMARY,,,OFAC,"ADVANTAGE TRADING CO., LIMITED"
NOOP_ALREADY_METI,limitedcasprotechnologyco.,"CASPRO TECHNOLOGY CO., LIMITED",578,SHENZHEN CASPRO TECHNOLOGY CO.， LTD,ALIAS:1,578,"[""CASPRO TECHNOLOGY CO., LIMITED""]",c632d657f9c13b1250d688394eb7c99956a994527cb56f4a77c86ed61ff1dbda:578:ALIAS:1,,,OFAC;経産省,"CASPRO TECHNOLOGY CO., LIMITED"
NOOP_ALREADY_METI,limitedchinadandongkumsangtradecompany,"China Dandong Kumsang Trade Company, Limited",529,"Dandong Jinxiang Trade Co., Ltd.",ALIAS:1,529,"[""China Dandong Kumsang Trade Company, Limited""]",c632d657f9c13b1250d688394eb7c99956a994527cb56f4a77c86ed61ff1dbda:529:ALIAS:1,,,OFAC;経産省,"China Dandong Kumsang Trade Company, Limited"
READY_ADD,limitedgrungroupco.,"Grun Group Co., Limited",535,"Grun Group Co., Limited",PRIMARY,535,"[""Grun Group Co., Limited""]",c632d657f9c13b1250d688394eb7c99956a994527cb56f4a77c86ed61ff1dbda:535:PRIMARY,,,,
NOOP_ALREADY_METI,limitedguangzhouausaytechnologyco.,"Guangzhou Ausay Technology Co., Limited",536,"GuangZhou Ausay Technology Co., Ltd. （广州欧赛科技有限公司）",ALIAS:2,536,"[""Guangzhou Ausay Technology Co., Limited""]",c632d657f9c13b1250d688394eb7c99956a994527cb56f4a77c86ed61ff1dbda:536:ALIAS:2,,,OFAC;経産省,"GUANGZHOU AUSAY TECHNOLOGY CO., LIMITED"
NOOP_ALREADY_METI,limitedhenanjiayuanaluminumindustrycompany,"HENAN JIAYUAN ALUMINUM INDUSTRY COMPANY, LIMITED",544,"HENAN JIAYUAN ALUMINIUM INDUSTRY CO., LTD. （河南嘉源铝业有限公司）",ALIAS:1,544,"[""HENAN JIAYUAN ALUMINUM INDUSTRY COMPANY, LIMITED""]",c632d657f9c13b1250d688394eb7c99956a994527cb56f4a77c86ed61ff1dbda:544:ALIAS:1,,,OFAC;経産省,"HENAN JIAYUAN ALUMINUM INDUSTRY COMPANY, LIMITED"
NOOP_ALREADY_METI,limitedoceanmaritimemanagementcompany,"Ocean Maritime Management Company, Limited",402,"Ocean Maritime Management Company, Limited",PRIMARY,402,"[""Ocean Maritime Management Company, Limited""]",c632d657f9c13b1250d688394eb7c99956a994527cb56f4a77c86ed61ff1dbda:402:PRIMARY,,,経産省;財務省,"OCEAN MARITIME MANAGEMENT COMPANY, LIMITED"
NOOP_ALREADY_METI,limitedraytroniccorporation,"Raytronic Corporation, Limited",566,"Raytronic Corporation, Limited",PRIMARY,566,"[""Raytronic Corporation, Limited""]",c632d657f9c13b1250d688394eb7c99956a994527cb56f4a77c86ed61ff1dbda:566:PRIMARY,,,OFAC;経産省,"RAYTRONIC CORPORATION, LIMITED"
READY_TAG_EXISTING,limitedsinnoelectronicsco.,"SINNO ELECTRONICS CO., LIMITED",586,"Sinno Electronics Co., Ltd.",ALIAS:2,586,"[""SINNO ELECTRONICS CO., LIMITED""]",c632d657f9c13b1250d688394eb7c99956a994527cb56f4a77c86ed61ff1dbda:586:ALIAS:2,,,OFAC,"SINNO ELECTRONICS CO., LIMITED"
READY_TAG_EXISTING,limitedtastechnologyco.,"TAS TECHNOLOGY CO., LIMITED",725,TAS TECHNOLOGY COMPANY LIMITED,ALIAS:1,725,"[""TAS TECHNOLOGY CO., LIMITED""]",c632d657f9c13b1250d688394eb7c99956a994527cb56f4a77c86ed61ff1dbda:725:ALIAS:1,,,OFAC,"TAS Technology Co., Limited"
NOOP_ALREADY_METI,limmt(dalian)economicandtradeorganization,LIMMT (Dalian) Economic and Trade Organization,550,LIMMT Economic and Trade Company (LIMMT経貿公司),ALIAS:7,550,"[""LIMMT (Dalian) Economic and Trade Organization""]",c632d657f9c13b1250d688394eb7c99956a994527cb56f4a77c86ed61ff1dbda:550:ALIAS:7,,,経産省,LIMMT (Dalian) Economic and Trade Organization
NOOP_ALREADY_METI,limmt(dalian)metallurgyandmineralsco.,LIMMT (Dalian) Metallurgy and Minerals Co.,550,LIMMT Economic and Trade Company (LIMMT経貿公司),ALIAS:8,550,"[""LIMMT (Dalian) Metallurgy and Minerals Co.""]",c632d657f9c13b1250d688394eb7c99956a994527cb56f4a77c86ed61ff1dbda:550:ALIAS:8,,,経産省,LIMMT (Dalian) Metallurgy and Minerals Co.
NOOP_ALREADY_METI,"limmt(dalian)metallurgyandmineralsco.,ltd.","LIMMT (Dalian) Metallurgy and Minerals Co., Ltd.",550,LIMMT Economic and Trade Company (LIMMT経貿公司),ALIAS:9,550,"[""LIMMT (Dalian) Metallurgy and Minerals Co., Ltd.""]",c632d657f9c13b1250d688394eb7c99956a994527cb56f4a77c86ed61ff1dbda:550:ALIAS:9,,,OFAC;経産省,"LIMMT (Dalian) Metallurgy and Minerals Co., Ltd."
NOOP_ALREADY_METI,"limmt(dalianftz)metallurgyandmineralsco.,ltd.","LIMMT (Dalian FTZ) Metallurgy and Minerals Co., Ltd.",550,LIMMT Economic and Trade Company (LIMMT経貿公司),ALIAS:10,550,"[""LIMMT (Dalian FTZ) Metallurgy and Minerals Co., Ltd.""]",c632d657f9c13b1250d688394eb7c99956a994527cb56f4a77c86ed61ff1dbda:550:ALIAS:10,,,OFAC;経産省,"LIMMT (Dalian FTZ) Metallurgy and Minerals Co., Ltd."
NOOP_ALREADY_METI,"limmt(dalianftz)minmetalsandmetallurgyco.,ltd.","LIMMT (Dalian FTZ) Minmetals and Metallurgy Co., Ltd.",550,LIMMT Economic and Trade Company (LIMMT経貿公司),ALIAS:11,550,"[""LIMMT (Dalian FTZ) Minmetals and Metallurgy Co., Ltd.""]",c632d657f9c13b1250d688394eb7c99956a994527cb56f4a77c86ed61ff1dbda:550:ALIAS:11,,,OFAC;経産省,"LIMMT (Dalian FTZ) Minmetals and Metallurgy Co., Ltd."
READY_ADD,limmteconomicandtradecompany(limmt経貿公司),LIMMT Economic and Trade Company (LIMMT経貿公司),550,LIMMT Economic and Trade Company (LIMMT経貿公司),PRIMARY,550,"[""LIMMT Economic and Trade Company (LIMMT経貿公司)""]",c632d657f9c13b1250d688394eb7c99956a994527cb56f4a77c86ed61ff1dbda:550:PRIMARY,,,,
NOOP_ALREADY_METI,lingoe,Lingoe,723,LINGOE PROCESS ENGINEERING LIMITED,ALIAS:1,723,"[""Lingoe""]",c632d657f9c13b1250d688394eb7c99956a994527cb56f4a77c86ed61ff1dbda:723:ALIAS:1,,,経産省,Lingoe
READY_TAG_EXISTING,lingoeprocessengineeringlimited,LINGOE PROCESS ENGINEERING LIMITED,723,LINGOE PROCESS ENGINEERING LIMITED,PRIMARY,723,"[""LINGOE PROCESS ENGINEERING LIMITED""]",c632d657f9c13b1250d688394eb7c99956a994527cb56f4a77c86ed61ff1dbda:723:PRIMARY,,,OFAC,LINGOE PROCESS ENGINEERING LIMITED
READY_ADD,linklines(pvt.)limited,Link Lines (Pvt.) Limited,647,Link Lines (Pvt.) Limited,PRIMARY,647,"[""Link Lines (Pvt.) Limited""]",c632d657f9c13b1250d688394eb7c99956a994527cb56f4a77c86ed61ff1dbda:647:PRIMARY,,,,
READY_ADD,linklines.,Link Lines.,647,Link Lines (Pvt.) Limited,ALIAS:1,647,"[""Link Lines.""]",c632d657f9c13b1250d688394eb7c99956a994527cb56f4a77c86ed61ff1dbda:647:ALIAS:1,,,,
NOOP_ALREADY_METI,lishanmicroelectronicscompany,Lishan Microelectronics Company,512,China Aerospace Science and Technology Corporation (CASC) 9th Academy 771 Research Institute （中国航天科技集団有限公司第九研究院第771研究 所）,ALIAS:3,512,"[""Lishan Microelectronics Company""]",c632d657f9c13b1250d688394eb7c99956a994527cb56f4a77c86ed61ff1dbda:512:ALIAS:3,,,経産省,Lishan Microelectronics Company
NOOP_ALREADY_METI,llcalabugadevelopment,LLC Alabuga Development,784,LLC Alabuga Development,PRIMARY,784,"[""LLC Alabuga Development""]",c632d657f9c13b1250d688394eb7c99956a994527cb56f4a77c86ed61ff1dbda:784:PRIMARY,,,経産省,LLC Alabuga Development
NOOP_ALREADY_METI,lstltd,LST LTD,783,Laboratory Systems and Technologies LTD,ALIAS:1,783,"[""LST LTD""]",c632d657f9c13b1250d688394eb7c99956a994527cb56f4a77c86ed61ff1dbda:783:ALIAS:1,,,経産省,LST LTD
NOOP_ALREADY_METI,ltengineeringandtradeservices(pvt)ltd.(lte),LT Engineering and Trade Services (Pvt) Ltd.（LTE),646,L.T. Engineering & Trade Services (Pvt) Ltd.,ALIAS:1,646,"[""LT Engineering and Trade Services (Pvt) Ltd.（LTE)""]",c632d657f9c13b1250d688394eb7c99956a994527cb56f4a77c86ed61ff1dbda:646:ALIAS:1,,,経産省,LT Engineering and Trade Services (Pvt) Ltd.（LTE)
NOOP_ALREADY_METI,lumiereelysees(latin:lumièreelysées),LUMIERE ELYSEES (Latin: LUMIÈRE ELYSÉES),730,EKT Electronics,ALIAS:16,730,"[""LUMIERE ELYSEES (Latin: LUMIÈRE ELYSÉES)""]",c632d657f9c13b1250d688394eb7c99956a994527cb56f4a77c86ed61ff1dbda:730:ALIAS:16,,,経産省,LUMIERE ELYSEES (Latin: LUMIÈRE ELYSÉES)
NOOP_ALREADY_METI,lyongaksangeneraltradingcorporation,Lyongaksan General Trading Corporation,367,Korea Ryonbong General Corporation (KRGC) (朝鮮連峰総会社),ALIAS:3,367,"[""Lyongaksan General Trading Corporation""]",c632d657f9c13b1250d688394eb7c99956a994527cb56f4a77c86ed61ff1dbda:367:ALIAS:3,,,OFAC;経産省;財務省,LYONGAKSAN GENERAL TRADING CORPORATION
NOOP_ALREADY_METI,m.babaieindustries,M. Babaie Industries,157,M. Babaie Industries,PRIMARY,157,"[""M. Babaie Industries""]",c632d657f9c13b1250d688394eb7c99956a994527cb56f4a77c86ed61ff1dbda:157:PRIMARY,,,OFAC;経産省;財務省,M.BABAIE INDUSTRIES
NOOP_ALREADY_METI,mabrookatradingcol.l.c.,Mabrooka Trading Co L.L.C.,17,Mabrooka Trading Co L.L.C.,PRIMARY,17,"[""Mabrooka Trading Co L.L.C.""]",c632d657f9c13b1250d688394eb7c99956a994527cb56f4a77c86ed61ff1dbda:17:PRIMARY,,,OFAC;経産省,MABROOKA TRADING CO L.L.C.
NOOP_ALREADY_METI,mabrookatradingcompany,Mabrooka Trading Company,17,Mabrooka Trading Co L.L.C.,ALIAS:1,17,"[""Mabrooka Trading Company""]",c632d657f9c13b1250d688394eb7c99956a994527cb56f4a77c86ed61ff1dbda:17:ALIAS:1,,,OFAC;経産省,MABROOKA TRADING COMPANY
NOOP_ALREADY_METI,machinepardazanco.,Machine Pardazan Co.,158,Machine Pardazan Co.,PRIMARY,158,"[""Machine Pardazan Co.""]",c632d657f9c13b1250d688394eb7c99956a994527cb56f4a77c86ed61ff1dbda:158:PRIMARY,,,OFAC;経産省,MACHINE PARDAZAN CO.
NOOP_ALREADY_METI,machinepardazanco.ltd.,Machine Pardazan Co. Ltd.,158,Machine Pardazan Co.,ALIAS:1,158,"[""Machine Pardazan Co. Ltd.""]",c632d657f9c13b1250d688394eb7c99956a994527cb56f4a77c86ed61ff1dbda:158:ALIAS:1,,,OFAC;経産省,Machine Pardazan Co. Ltd.
NOOP_ALREADY_METI,machinepardazanltd.,Machine Pardazan Ltd.,158,Machine Pardazan Co.,ALIAS:2,158,"[""Machine Pardazan Ltd.""]",c632d657f9c13b1250d688394eb7c99956a994527cb56f4a77c86ed61ff1dbda:158:ALIAS:2,,,OFAC;経産省,Machine Pardazan Ltd.
NOOP_ALREADY_METI,machineryexp.andimp.corp.,Machinery Exp. and Imp. Corp.,389,Machinery Exp. and Imp. Corp.,PRIMARY,389,"[""Machinery Exp. and Imp. Corp.""]",c632d657f9c13b1250d688394eb7c99956a994527cb56f4a77c86ed61ff1dbda:389:PRIMARY,,,経産省,Machinery Exp. and Imp. Corp.
NOOP_ALREADY_METI,macs,MACS,654,Middle East Automation & Controls Services,ALIAS:1,654,"[""MACS""]",c632d657f9c13b1250d688394eb7c99956a994527cb56f4a77c86ed61ff1dbda:654:ALIAS:1,,,経産省,MACS
READY_TAG_EXISTING,madkandaloucompany,Madkandalou Company,205,Qeshm Madkandaloo Shipbuilding Cooperative Co,ALIAS:4,205,"[""Madkandalou Company""]",c632d657f9c13b1250d688394eb7c99956a994527cb56f4a77c86ed61ff1dbda:205:ALIAS:4,,,OFAC,Madkandalou Company
READY_TAG_EXISTING,madkandalucompany,Mad Kandalu Company,205,Qeshm Madkandaloo Shipbuilding Cooperative Co,ALIAS:1,205,"[""Mad Kandalu Company""]",c632d657f9c13b1250d688394eb7c99956a994527cb56f4a77c86ed61ff1dbda:205:ALIAS:1,,,OFAC,Mad Kandalu Company
READY_TAG_EXISTING,madkandalushipbuildingcooperative,Mad Kandalu Shipbuilding Cooperative,205,Qeshm Madkandaloo Shipbuilding Cooperative Co,ALIAS:2,205,"[""Mad Kandalu Shipbuilding Cooperative""]",c632d657f9c13b1250d688394eb7c99956a994527cb56f4a77c86ed61ff1dbda:205:ALIAS:2,,,OFAC,Mad Kandalu Shipbuilding Cooperative
NOOP_ALREADY_METI,madkandalushipbuildingcooperativeqeshm,Mad Kandalu Shipbuilding Cooperative qeshm,205,Qeshm Madkandaloo Shipbuilding Cooperative Co,ALIAS:3,205,"[""Mad Kandalu Shipbuilding Cooperative qeshm""]",c632d657f9c13b1250d688394eb7c99956a994527cb56f4a77c86ed61ff1dbda:205:ALIAS:3,,,OFAC;経産省,Mad Kandalu Shipbuilding Cooperative Qeshm
READY_TAG_EXISTING,mahrousgroup,Mahrous Group,460,Mahrous Group,PRIMARY,460,"[""Mahrous Group""]",c632d657f9c13b1250d688394eb7c99956a994527cb56f4a77c86ed61ff1dbda:460:PRIMARY,,,OFAC,MAHROUS GROUP
READY_TAG_EXISTING,mahroustradingestablishment,Mahrous Trading Establishment,460,Mahrous Group,ALIAS:2,460,"[""Mahrous Trading Establishment""]",c632d657f9c13b1250d688394eb7c99956a994527cb56f4a77c86ed61ff1dbda:460:ALIAS:2,,,OFAC,Mahrous Trading Establishment
READY_TAG_EXISTING,mahroustradingfze,Mahrous Trading FZE,18,Mahrous Trading FZE,PRIMARY,18,"[""Mahrous Trading FZE""]",c632d657f9c13b1250d688394eb7c99956a994527cb56f4a77c86ed61ff1dbda:18:PRIMARY,,,OFAC,MAHROUS TRADING FZE
READY_TAG_EXISTING,mahroustradinginstitute,Mahrous Trading Institute,460,Mahrous Group,ALIAS:3,460,"[""Mahrous Trading Institute""]",c632d657f9c13b1250d688394eb7c99956a994527cb56f4a77c86ed61ff1dbda:460:ALIAS:3,,,OFAC,Mahrous Trading Institute
READY_TAG_EXISTING,mahrusgroup,Mahrus Group,460,Mahrous Group,ALIAS:4,460,"[""Mahrus Group""]",c632d657f9c13b1250d688394eb7c99956a994527cb56f4a77c86ed61ff1dbda:460:ALIAS:4,,,OFAC,Mahrus Group
READY_TAG_EXISTING,mahrustradingestablishment,Mahrus Trading Establishment,460,Mahrous Group,ALIAS:5,460,"[""Mahrus Trading Establishment""]",c632d657f9c13b1250d688394eb7c99956a994527cb56f4a77c86ed61ff1dbda:460:ALIAS:5,,,OFAC,Mahrus Trading Establishment
READY_TAG_EXISTING,mahrustradingfze,Mahrus Trading FZE,18,Mahrous Trading FZE,ALIAS:1,18,"[""Mahrus Trading FZE""]",c632d657f9c13b1250d688394eb7c99956a994527cb56f4a77c86ed61ff1dbda:18:ALIAS:1,,,OFAC,Mahrus Trading FZE
NOOP_ALREADY_METI,mahtabtechnicalengineeringco.,Mahtab Technical Engineering Co.,236,Shahid Bagheri Industrial Group (SBIG),ALIAS:1,236,"[""Mahtab Technical Engineering Co.""]",c632d657f9c13b1250d688394eb7c99956a994527cb56f4a77c86ed61ff1dbda:236:ALIAS:1,,,経産省,Mahtab Technical Engineering Co.
NOOP_ALREADY_METI,mainintelligencedepartment,Main Intelligence Department,785,Main Intelligence Directorate,ALIAS:3,785,"[""Main Intelligence Department""]",c632d657f9c13b1250d688394eb7c99956a994527cb56f4a77c86ed61ff1dbda:785:ALIAS:3,,,OFAC;経産省,MAIN INTELLIGENCE DEPARTMENT
NOOP_ALREADY_METI,mainintelligencedirectorate,Main Intelligence Directorate,785,Main Intelligence Directorate,PRIMARY,785,"[""Main Intelligence Directorate""]",c632d657f9c13b1250d688394eb7c99956a994527cb56f4a77c86ed61ff1dbda:785:PRIMARY,,,OFAC;経産省,MAIN INTELLIGENCE DIRECTORATE
NOOP_ALREADY_METI,mairatradeinternational,Maira Trade International,649,Maira Trade International,PRIMARY,649,"[""Maira Trade International""]",c632d657f9c13b1250d688394eb7c99956a994527cb56f4a77c86ed61ff1dbda:649:PRIMARY,,,経産省,Maira Trade International
NOOP_ALREADY_METI,makin,Makin,159,Makin,PRIMARY,159,"[""Makin""]",c632d657f9c13b1250d688394eb7c99956a994527cb56f4a77c86ed61ff1dbda:159:PRIMARY,,,経産省;財務省,MAKIN
NOOP_ALREADY_METI,makincompany,Makin Company,159,Makin,ALIAS:1,159,"[""Makin Company""]",c632d657f9c13b1250d688394eb7c99956a994527cb56f4a77c86ed61ff1dbda:159:ALIAS:1,,,OFAC;経産省,MAKIN COMPANY
NOOP_ALREADY_METI,makininstitute,Makin Institute,159,Makin,ALIAS:2,159,"[""Makin Institute""]",c632d657f9c13b1250d688394eb7c99956a994527cb56f4a77c86ed61ff1dbda:159:ALIAS:2,,,OFAC;経産省,MAKIN INSTITUTE
NOOP_ALREADY_METI,makkayshi-techsystems,Makkays Hi-Tech Systems,648,Makkays Hi-Tech Systems,PRIMARY,648,"[""Makkays Hi-Tech Systems""]",c632d657f9c13b1250d688394eb7c99956a994527cb56f4a77c86ed61ff1dbda:648:PRIMARY,,,経産省,Makkays Hi-Tech Systems
NOOP_ALREADY_METI,malakhit,Malakhit,816,St. Petersburg Marine Bureau of Machine Building Malakhit,ALIAS:2,816,"[""Malakhit""]",c632d657f9c13b1250d688394eb7c99956a994527cb56f4a77c86ed61ff1dbda:816:ALIAS:2,,,経産省,Malakhit
NOOP_ALREADY_METI,malek-eashtartechnicaluniversity,Malek-E Ashtar Technical University,160,Malek Ashtar University,ALIAS:6,160,"[""Malek-E Ashtar Technical University""]",c632d657f9c13b1250d688394eb7c99956a994527cb56f4a77c86ed61ff1dbda:160:ALIAS:6,,,OFAC;経産省,Malek-E Ashtar Technical University
NOOP_ALREADY_METI,malek-eashtaruniversity,Malek-E Ashtar University,160,Malek Ashtar University,ALIAS:7,160,"[""Malek-E Ashtar University""]",c632d657f9c13b1250d688394eb7c99956a994527cb56f4a77c86ed61ff1dbda:160:ALIAS:7,,,OFAC;経産省,Malek-E Ashtar University
NOOP_ALREADY_METI,malekashtaraviationuniverstiycomplex,Malek Ashtar Aviation Universtiy Complex,160,Malek Ashtar University,ALIAS:2,160,"[""Malek Ashtar Aviation Universtiy Complex""]",c632d657f9c13b1250d688394eb7c99956a994527cb56f4a77c86ed61ff1dbda:160:ALIAS:2,,,OFAC;経産省,MALEK ASHTAR AVIATION UNIVERSTIY COMPLEX
NOOP_ALREADY_METI,malekashtarindustrialuniversity,Malek Ashtar Industrial University,160,Malek Ashtar University,ALIAS:3,160,"[""Malek Ashtar Industrial University""]",c632d657f9c13b1250d688394eb7c99956a994527cb56f4a77c86ed61ff1dbda:160:ALIAS:3,,,OFAC;経産省,MALEK ASHTAR INDUSTRIAL UNIVERSITY
NOOP_ALREADY_METI,malekashtaruniversity,Malek Ashtar University,160,Malek Ashtar University,PRIMARY,160,"[""Malek Ashtar University""]",c632d657f9c13b1250d688394eb7c99956a994527cb56f4a77c86ed61ff1dbda:160:PRIMARY,,,OFAC;経産省;財務省,MALEK ASHTAR UNIVERSITY
NOOP_ALREADY_METI,malekashtaruniversityofdefensetechnology,Malek Ashtar University of Defense Technology,160,Malek Ashtar University,ALIAS:4,160,"[""Malek Ashtar University of Defense Technology""]",c632d657f9c13b1250d688394eb7c99956a994527cb56f4a77c86ed61ff1dbda:160:ALIAS:4,,,OFAC;経産省,MALEK ASHTAR UNIVERSITY OF DEFENSE TECHNOLOGY
NOOP_ALREADY_METI,malekashtaruniversityoftechnology,Malek ashtar University of Technology,160,Malek Ashtar University,ALIAS:5,160,"[""Malek ashtar University of Technology""]",c632d657f9c13b1250d688394eb7c99956a994527cb56f4a77c86ed61ff1dbda:160:ALIAS:5,,,OFAC;経産省,MALEK ASHTAR UNIVERSITY OF TECHNOLOGY
READY_TAG_EXISTING,mandegarbasparfajrasia,Mandegar Baspar Fajr Asia,161,Mandegar Baspar Kimiya Company,ALIAS:2,161,"[""Mandegar Baspar Fajr Asia""]",c632d657f9c13b1250d688394eb7c99956a994527cb56f4a77c86ed61ff1dbda:161:ALIAS:2,,,OFAC,Mandegar Baspar Fajr Asia
READY_TAG_EXISTING,mandegarbasparkimiyacompany,Mandegar Baspar Kimiya Company,161,Mandegar Baspar Kimiya Company,PRIMARY,161,"[""Mandegar Baspar Kimiya Company""]",c632d657f9c13b1250d688394eb7c99956a994527cb56f4a77c86ed61ff1dbda:161:PRIMARY,,,OFAC,MANDEGAR BASPAR KIMIYA COMPANY
NOOP_ALREADY_METI,mangyongtradingcorporation,Mangyong Trading Corporation,351,Korea Mangyong Trading Corporation (朝鮮萬景貿易会社),ALIAS:1,351,"[""Mangyong Trading Corporation""]",c632d657f9c13b1250d688394eb7c99956a994527cb56f4a77c86ed61ff1dbda:351:ALIAS:1,,,経産省,Mangyong Trading Corporation
NOOP_ALREADY_METI,marineindustries,Marine Industries,162,Marine Industries,PRIMARY,162,"[""Marine Industries""]",c632d657f9c13b1250d688394eb7c99956a994527cb56f4a77c86ed61ff1dbda:162:PRIMARY,,,経産省,Marine Industries
NOOP_ALREADY_METI,marineindustriesorganization(mio),Marine Industries Organization (MIO),162,Marine Industries,ALIAS:1,162,"[""Marine Industries Organization (MIO)""]",c632d657f9c13b1250d688394eb7c99956a994527cb56f4a77c86ed61ff1dbda:162:ALIAS:1,,,経産省,Marine Industries Organization (MIO)
NOOP_ALREADY_METI,marinesystemspvt.ltd.,Marine Systems Pvt. Ltd.,650,Marine Systems Pvt. Ltd.,PRIMARY,650,"[""Marine Systems Pvt. Ltd.""]",c632d657f9c13b1250d688394eb7c99956a994527cb56f4a77c86ed61ff1dbda:650:PRIMARY,,,経産省,Marine Systems Pvt. Ltd.
NOOP_ALREADY_METI,maritimetechnologycomplex(mtc),Maritime Technology Complex (MTC),651,Maritime Technology Complex (MTC),PRIMARY,651,"[""Maritime Technology Complex (MTC)""]",c632d657f9c13b1250d688394eb7c99956a994527cb56f4a77c86ed61ff1dbda:651:PRIMARY,,,経産省,Maritime Technology Complex (MTC)
NOOP_ALREADY_METI,marosanatcompany,Maro Sanat Company,163,Marou Sanat,ALIAS:1,163,"[""Maro Sanat Company""]",c632d657f9c13b1250d688394eb7c99956a994527cb56f4a77c86ed61ff1dbda:163:ALIAS:1,,,OFAC;経産省,MARO SANAT COMPANY
NOOP_ALREADY_METI,marosanatdevelopmentanddesignengineeringcompany,Maro Sanat Development and Design Engineering Company,163,Marou Sanat,ALIAS:2,163,"[""Maro Sanat Development and Design Engineering Company""]",c632d657f9c13b1250d688394eb7c99956a994527cb56f4a77c86ed61ff1dbda:163:ALIAS:2,,,OFAC;経産省,MARO SANAT DEVELOPMENT AND DESIGN ENGINEERING COMPANY
NOOP_ALREADY_METI,marosanatengineering,Maro Sanat Engineering,163,Marou Sanat,ALIAS:3,163,"[""Maro Sanat Engineering""]",c632d657f9c13b1250d688394eb7c99956a994527cb56f4a77c86ed61ff1dbda:163:ALIAS:3,,,OFAC;経産省,MARO SANAT ENGINEERING
NOOP_ALREADY_METI,marousanat,Marou Sanat,163,Marou Sanat,PRIMARY,163,"[""Marou Sanat""]",c632d657f9c13b1250d688394eb7c99956a994527cb56f4a77c86ed61ff1dbda:163:PRIMARY,,,経産省,Marou Sanat
NOOP_ALREADY_METI,marousanatengineeringcompany,Marou Sanat Engineering Company,163,Marou Sanat,ALIAS:4,163,"[""Marou Sanat Engineering Company""]",c632d657f9c13b1250d688394eb7c99956a994527cb56f4a77c86ed61ff1dbda:163:ALIAS:4,,,OFAC;経産省,MAROU SANAT ENGINEERING COMPANY
NOOP_ALREADY_METI,mashinostroitelnoekonstruktorskoebyurofakeli.m.akademikap.d.grushina,Mashinostroitelnoe Konstruktorskoe Byuro Fakel I.M. Akademika P.D. Grushina,765,Joint Stock Company Machine-Building Engineering Office Fakel Named After Akademika P.D. Grushina,ALIAS:4,765,"[""Mashinostroitelnoe Konstruktorskoe Byuro Fakel I.M. Akademika P.D. Grushina""]",c632d657f9c13b1250d688394eb7c99956a994527cb56f4a77c86ed61ff1dbda:765:ALIAS:4,,,経産省,Mashinostroitelnoe Konstruktorskoe Byuro Fakel I.M. Akademika P.D. Grushina
READY_TAG_EXISTING,masna,MASNA,164,Matin Sanat Nik Andishan,ALIAS:2,164,"[""MASNA""]",c632d657f9c13b1250d688394eb7c99956a994527cb56f4a77c86ed61ff1dbda:164:ALIAS:2,,,OFAC,MASNA
READY_TAG_EXISTING,matinsanatnikandishan,Matin Sanat Nik Andishan,164,Matin Sanat Nik Andishan,PRIMARY,164,"[""Matin Sanat Nik Andishan""]",c632d657f9c13b1250d688394eb7c99956a994527cb56f4a77c86ed61ff1dbda:164:PRIMARY,,,OFAC,MATIN SANAT NIK ANDISHAN
NOOP_ALREADY_METI,matsa(mohandesitosehsokhtatomicompany),MATSA (Mohandesi Toseh Sokht Atomi Company),165,MATSA (Mohandesi Toseh Sokht Atomi Company),PRIMARY,165,"[""MATSA (Mohandesi Toseh Sokht Atomi Company)""]",c632d657f9c13b1250d688394eb7c99956a994527cb56f4a77c86ed61ff1dbda:165:PRIMARY,,,経産省,MATSA (Mohandesi Toseh Sokht Atomi Company)
NOOP_ALREADY_METI,mavtco.,MAVT Co.,78,Defense Technology and Science Research Center (DTSRC),ALIAS:2,78,"[""MAVT Co.""]",c632d657f9c13b1250d688394eb7c99956a994527cb56f4a77c86ed61ff1dbda:78:ALIAS:2,,,経産省,MAVT Co.
NOOP_ALREADY_METI,meacs,MEACS,654,Middle East Automation & Controls Services,ALIAS:2,654,"[""MEACS""]",c632d657f9c13b1250d688394eb7c99956a994527cb56f4a77c86ed61ff1dbda:654:ALIAS:2,,,経産省,MEACS
NOOP_ALREADY_METI,mecatech,Mecatech,652,Mecatech (Private) Limited,ALIAS:1,652,"[""Mecatech""]",c632d657f9c13b1250d688394eb7c99956a994527cb56f4a77c86ed61ff1dbda:652:ALIAS:1,,,経産省,Mecatech
NOOP_ALREADY_METI,mecatech(private)limited,Mecatech (Private) Limited,652,Mecatech (Private) Limited,PRIMARY,652,"[""Mecatech (Private) Limited""]",c632d657f9c13b1250d688394eb7c99956a994527cb56f4a77c86ed61ff1dbda:652:PRIMARY,,,経産省,Mecatech (Private) Limited
NOOP_ALREADY_METI,mechanicalconstructionfactory(mcf),Mechanical Construction Factory (MCF),461,Mechanical Construction Factory (MCF),PRIMARY,461,"[""Mechanical Construction Factory (MCF)""]",c632d657f9c13b1250d688394eb7c99956a994527cb56f4a77c86ed61ff1dbda:461:PRIMARY,,,経産省,Mechanical Construction Factory (MCF)
NOOP_ALREADY_METI,mechanicindustriesgroup,Mechanic Industries Group,166,Mechanic Industries Group,PRIMARY,166,"[""Mechanic Industries Group""]",c632d657f9c13b1250d688394eb7c99956a994527cb56f4a77c86ed61ff1dbda:166:PRIMARY,,,経産省,Mechanic Industries Group
READY_TAG_EXISTING,megatrade,Megatrade,462,Megatrade,PRIMARY,462,"[""Megatrade""]",c632d657f9c13b1250d688394eb7c99956a994527cb56f4a77c86ed61ff1dbda:462:PRIMARY,,,OFAC,MEGATRADE
READY_TAG_EXISTING,metallicmanufacturingfactory,Metallic Manufacturing Factory,463,Metallic Manufacturing Factory,PRIMARY,463,"[""Metallic Manufacturing Factory""]",c632d657f9c13b1250d688394eb7c99956a994527cb56f4a77c86ed61ff1dbda:463:PRIMARY,,,OFAC,METALLIC MANUFACTURING FACTORY
READY_ADD,metalpaintproducts(pvt)ltd,Metal Paint Products (Pvt) Ltd,620,ERDC Metal Paint Products (Pvt) Ltd.,ALIAS:1,620,"[""Metal Paint Products (Pvt) Ltd""]",c632d657f9c13b1250d688394eb7c99956a994527cb56f4a77c86ed61ff1dbda:620:ALIAS:1,,,,
NOOP_ALREADY_METI,metfaz,METFAZ,214,Research Centre for Explosion and Impact,ALIAS:1,214,"[""METFAZ""]",c632d657f9c13b1250d688394eb7c99956a994527cb56f4a77c86ed61ff1dbda:214:ALIAS:1,,,経産省,METFAZ
NOOP_ALREADY_METI,miassmachine-buildingfactory,Miass Machine-Building Factory,835,"Zavod ""Miass""",ALIAS:3,835,"[""Miass Machine-Building Factory""]",c632d657f9c13b1250d688394eb7c99956a994527cb56f4a77c86ed61ff1dbda:835:ALIAS:3,,,経産省,Miass Machine-Building Factory
NOOP_ALREADY_METI,micado,Micado,653,Micado,PRIMARY,653,"[""Micado""]",c632d657f9c13b1250d688394eb7c99956a994527cb56f4a77c86ed61ff1dbda:653:PRIMARY,,,経産省,Micado
NOOP_ALREADY_METI,micado(pvt)limited,Micado (Pvt) Limited,653,Micado,ALIAS:1,653,"[""Micado (Pvt) Limited""]",c632d657f9c13b1250d688394eb7c99956a994527cb56f4a77c86ed61ff1dbda:653:ALIAS:1,,,経産省,Micado (Pvt) Limited
NOOP_ALREADY_METI,micado(pvt)ltd.,Micado (Pvt) Ltd.,653,Micado,ALIAS:2,653,"[""Micado (Pvt) Ltd.""]",c632d657f9c13b1250d688394eb7c99956a994527cb56f4a77c86ed61ff1dbda:653:ALIAS:2,,,経産省,Micado (Pvt) Ltd.
READY_TAG_EXISTING,micnpomashinostroyeniyajsc,MIC NPO Mashinostroyeniya JSC,787,"""Military Industrial Corporation NPO Mashinostroenia"" JSC",ALIAS:4,787,"[""MIC NPO Mashinostroyeniya JSC""]",c632d657f9c13b1250d688394eb7c99956a994527cb56f4a77c86ed61ff1dbda:787:ALIAS:4,,,OFAC,MIC NPO Mashinostroyeniya JSC
READY_TAG_EXISTING,microelectronicsresearchinstituteprogressjsc,Microelectronics Research Institute Progress JSC,764,Joint Stock Company Institute for Scientific Research Microelectronic Equipment Progress,ALIAS:2,764,"[""Microelectronics Research Institute Progress JSC""]",c632d657f9c13b1250d688394eb7c99956a994527cb56f4a77c86ed61ff1dbda:764:ALIAS:2,,,OFAC;財務省,Microelectronics Research Institute Progress JSC
NOOP_ALREADY_METI,middleeastautomation&controlsservices,Middle East Automation & Controls Services,654,Middle East Automation & Controls Services,PRIMARY,654,"[""Middle East Automation & Controls Services""]",c632d657f9c13b1250d688394eb7c99956a994527cb56f4a77c86ed61ff1dbda:654:PRIMARY,,,経産省,Middle East Automation & Controls Services
NOOP_ALREADY_METI,mikron,Mikron,786,Mikron,PRIMARY,786,"[""Mikron""]",c632d657f9c13b1250d688394eb7c99956a994527cb56f4a77c86ed61ff1dbda:786:PRIMARY,,,経産省,Mikron
NOOP_ALREADY_METI,mikronjsc,MIKRON JSC,786,Mikron,ALIAS:2,786,"[""MIKRON JSC""]",c632d657f9c13b1250d688394eb7c99956a994527cb56f4a77c86ed61ff1dbda:786:ALIAS:2,,,OFAC;経産省;財務省,Mikron JSC
READY_TAG_EXISTING,milandr,Milandr,741,AO PKK Milandr,ALIAS:3,741,"[""Milandr""]",c632d657f9c13b1250d688394eb7c99956a994527cb56f4a77c86ed61ff1dbda:741:ALIAS:3,,,財務省,Milandr
READY_ADD,"militaryindustrialcorporationnpomashinostroenia""jsc","""Military Industrial Corporation NPO Mashinostroenia"" JSC",787,"""Military Industrial Corporation NPO Mashinostroenia"" JSC",PRIMARY,787,"[""\""Military Industrial Corporation NPO Mashinostroenia\"" JSC""]",c632d657f9c13b1250d688394eb7c99956a994527cb56f4a77c86ed61ff1dbda:787:PRIMARY,,,,
NOOP_ALREADY_METI,militaryindustrialcorporationnpomashinostroeniaoao,Military Industrial Corporation NPO Mashinostroenia OAO,787,"""Military Industrial Corporation NPO Mashinostroenia"" JSC",ALIAS:5,787,"[""Military Industrial Corporation NPO Mashinostroenia OAO""]",c632d657f9c13b1250d688394eb7c99956a994527cb56f4a77c86ed61ff1dbda:787:ALIAS:5,,,OFAC;経産省;財務省,Military Industrial Corporation NPO Mashinostroenia OAO
NOOP_ALREADY_METI,militarysuppliesindustrydepartment,Military Supplies Industry Department,393,Munitions Industry Department (軍需工業部),ALIAS:1,393,"[""Military Supplies Industry Department""]",c632d657f9c13b1250d688394eb7c99956a994527cb56f4a77c86ed61ff1dbda:393:ALIAS:1,,,OFAC;経産省;財務省,MILITARY SUPPLIES INDUSTRY DEPARTMENT
NOOP_ALREADY_METI,millimtechnologycompany,Millim Technology Company,369,Korea Ryonha Machinery Joint Venture Corporation (朝鮮蓮河機械合営会社),ALIAS:6,369,"[""Millim Technology Company""]",c632d657f9c13b1250d688394eb7c99956a994527cb56f4a77c86ed61ff1dbda:369:ALIAS:6,,,経産省,Millim Technology Company
READY_ADD,mingzhenginternationaltradinglimited(明正国际贸易有限公司),MINGZHENG INTERNATIONAL TRADING LIMITED （明正国际贸易有限公司）,551,MINGZHENG INTERNATIONAL TRADING LIMITED （明正国际贸易有限公司）,PRIMARY,551,"[""MINGZHENG INTERNATIONAL TRADING LIMITED （明正国际贸易有限公司）""]",c632d657f9c13b1250d688394eb7c99956a994527cb56f4a77c86ed61ff1dbda:551:PRIMARY,,,,
NOOP_ALREADY_METI,miningdevelopmentguidancebureau,Mining Development Guidance Bureau,352,Korea Mining Development Trading Corporation (KOMID) (朝鮮鉱業開発貿易会社),ALIAS:8,352,"[""Mining Development Guidance Bureau""]",c632d657f9c13b1250d688394eb7c99956a994527cb56f4a77c86ed61ff1dbda:352:ALIAS:8,,,経産省,Mining Development Guidance Bureau
READY_ADD,ministryofatomicenergyindustry(maei)(原子力工業省),Ministry of Atomic Energy Industry (MAEI) (原子力工業省),390,Ministry of Atomic Energy Industry (MAEI) (原子力工業省),PRIMARY,390,"[""Ministry of Atomic Energy Industry (MAEI) (原子力工業省)""]",c632d657f9c13b1250d688394eb7c99956a994527cb56f4a77c86ed61ff1dbda:390:PRIMARY,,,,
NOOP_ALREADY_METI,ministryofdefence&armedforceslogistics,MINISTRY OF DEFENCE & ARMED FORCES LOGISTICS,167,Ministry of Defense and Armed Forces Logistics (MODAFL),ALIAS:1,167,"[""MINISTRY OF DEFENCE & ARMED FORCES LOGISTICS""]",c632d657f9c13b1250d688394eb7c99956a994527cb56f4a77c86ed61ff1dbda:167:ALIAS:1,,,OFAC;経産省,MINISTRY OF DEFENCE & ARMED FORCES LOGISTICS
NOOP_ALREADY_METI,ministryofdefenceoftherussianfederation,Ministry of Defence of the Russian Federation,788,Ministry of Defence of the Russian Federation,PRIMARY,788,"[""Ministry of Defence of the Russian Federation""]",c632d657f9c13b1250d688394eb7c99956a994527cb56f4a77c86ed61ff1dbda:788:PRIMARY,,,経産省,Ministry of Defence of the Russian Federation
NOOP_ALREADY_METI,ministryofdefenseandarmedforceslogistics(modafl),Ministry of Defense and Armed Forces Logistics (MODAFL),167,Ministry of Defense and Armed Forces Logistics (MODAFL),PRIMARY,167,"[""Ministry of Defense and Armed Forces Logistics (MODAFL)""]",c632d657f9c13b1250d688394eb7c99956a994527cb56f4a77c86ed61ff1dbda:167:PRIMARY,,,経産省,Ministry of Defense and Armed Forces Logistics (MODAFL)
READY_TAG_EXISTING,ministryofdefenseandsupportforarmedforceslogistics,MINISTRY OF DEFENSE AND SUPPORT FOR ARMED FORCES LOGISTICS,167,Ministry of Defense and Armed Forces Logistics (MODAFL),ALIAS:2,167,"[""MINISTRY OF DEFENSE AND SUPPORT FOR ARMED FORCES LOGISTICS""]",c632d657f9c13b1250d688394eb7c99956a994527cb56f4a77c86ed61ff1dbda:167:ALIAS:2,,,OFAC,MINISTRY OF DEFENSE AND SUPPORT FOR ARMED FORCES LOGISTICS
NOOP_ALREADY_METI,ministryofdefensearmedforceslogistics,MINISTRY OF DEFENSE ARMED FORCES LOGISTICS,167,Ministry of Defense and Armed Forces Logistics (MODAFL),ALIAS:3,167,"[""MINISTRY OF DEFENSE ARMED FORCES LOGISTICS""]",c632d657f9c13b1250d688394eb7c99956a994527cb56f4a77c86ed61ff1dbda:167:ALIAS:3,,,OFAC;経産省,Ministry of Defense Armed Forces Logistics
READY_TAG_EXISTING,ministryofdefenseforarmedforceslogistics,MINISTRY OF DEFENSE FOR ARMED FORCES LOGISTICS,167,Ministry of Defense and Armed Forces Logistics (MODAFL),ALIAS:4,167,"[""MINISTRY OF DEFENSE FOR ARMED FORCES LOGISTICS""]",c632d657f9c13b1250d688394eb7c99956a994527cb56f4a77c86ed61ff1dbda:167:ALIAS:4,,,OFAC,MINISTRY OF DEFENSE FOR ARMED FORCES LOGISTICS
NOOP_ALREADY_METI,ministryofdefenselegionexport,Ministry of Defense Legion Export,168,Ministry of Defense Logistics Export (MODLEX),ALIAS:1,168,"[""Ministry of Defense Legion Export""]",c632d657f9c13b1250d688394eb7c99956a994527cb56f4a77c86ed61ff1dbda:168:ALIAS:1,,,OFAC;経産省,MINISTRY OF DEFENSE LEGION EXPORT
NOOP_ALREADY_METI,ministryofdefenselogisticsexport(modlex),Ministry of Defense Logistics Export (MODLEX),168,Ministry of Defense Logistics Export (MODLEX),PRIMARY,168,"[""Ministry of Defense Logistics Export (MODLEX)""]",c632d657f9c13b1250d688394eb7c99956a994527cb56f4a77c86ed61ff1dbda:168:PRIMARY,,,経産省,Ministry of Defense Logistics Export (MODLEX)
READY_ADD,ministryofinformationindustryelectronics,Ministry of Information Industry Electronics,513,China Electronics Technology Group Corporation 14th Research Institute (CETC 14) （中国電子科技集団公司 第十四研究所）,ALIAS:4,513,"[""Ministry of Information Industry Electronics""]",c632d657f9c13b1250d688394eb7c99956a994527cb56f4a77c86ed61ff1dbda:513:ALIAS:4,,,,
READY_ADD,ministryofrocketindustry(ロケット産業省),MINISTRY OF ROCKET INDUSTRY （ロケット産業省）,391,MINISTRY OF ROCKET INDUSTRY （ロケット産業省）,PRIMARY,391,"[""MINISTRY OF ROCKET INDUSTRY （ロケット産業省）""]",c632d657f9c13b1250d688394eb7c99956a994527cb56f4a77c86ed61ff1dbda:391:PRIMARY,,,,
READY_TAG_EXISTING,mirimshippingcoltd,Mirim Shipping Co Ltd,392,Mirim Shipping Co Ltd,PRIMARY,392,"[""Mirim Shipping Co Ltd""]",c632d657f9c13b1250d688394eb7c99956a994527cb56f4a77c86ed61ff1dbda:392:PRIMARY,,,OFAC,MIRIM SHIPPING CO LTD
NOOP_ALREADY_METI,mirza,Mirza,655,Mirza and Co,ALIAS:1,655,"[""Mirza""]",c632d657f9c13b1250d688394eb7c99956a994527cb56f4a77c86ed61ff1dbda:655:ALIAS:1,,,経産省,Mirza
NOOP_ALREADY_METI,mirzaandco,Mirza and Co,655,Mirza and Co,PRIMARY,655,"[""Mirza and Co""]",c632d657f9c13b1250d688394eb7c99956a994527cb56f4a77c86ed61ff1dbda:655:PRIMARY,,,経産省,Mirza and Co
NOOP_ALREADY_METI,mizanmachinemanufacturinggroup,Mizan Machine Manufacturing Group,169,Mizan Machinery Manufacturing (3M),ALIAS:2,169,"[""Mizan Machine Manufacturing Group""]",c632d657f9c13b1250d688394eb7c99956a994527cb56f4a77c86ed61ff1dbda:169:ALIAS:2,,,OFAC;経産省,MIZAN MACHINE MANUFACTURING GROUP
NOOP_ALREADY_METI,mizanmachinerymanufacturing(3m),Mizan Machinery Manufacturing (3M),169,Mizan Machinery Manufacturing (3M),PRIMARY,169,"[""Mizan Machinery Manufacturing (3M)""]",c632d657f9c13b1250d688394eb7c99956a994527cb56f4a77c86ed61ff1dbda:169:PRIMARY,,,経産省,Mizan Machinery Manufacturing (3M)
NOOP_ALREADY_METI,mkbraduga,MKB Raduga,805,"""Raduga"" State Engineering Design Bureau JSC named after A.Y. Bereznyak",ALIAS:4,805,"[""MKB Raduga""]",c632d657f9c13b1250d688394eb7c99956a994527cb56f4a77c86ed61ff1dbda:805:ALIAS:4,,,経産省,MKB Raduga
READY_TAG_EXISTING,mksinternational,MKS International,170,MKS International Co. Ltd.,ALIAS:1,170,"[""MKS International""]",c632d657f9c13b1250d688394eb7c99956a994527cb56f4a77c86ed61ff1dbda:170:ALIAS:1,,,OFAC,MKS International
NOOP_ALREADY_METI,mksinternationalco.ltd.,MKS International Co. Ltd.,170,MKS International Co. Ltd.,PRIMARY,170,"[""MKS International Co. Ltd.""]",c632d657f9c13b1250d688394eb7c99956a994527cb56f4a77c86ed61ff1dbda:170:PRIMARY,,,OFAC;経産省,MKS INTERNATIONAL CO. LTD.
READY_TAG_EXISTING,mksinternationalgroup,MKS International Group,170,MKS International Co. Ltd.,ALIAS:2,170,"[""MKS International Group""]",c632d657f9c13b1250d688394eb7c99956a994527cb56f4a77c86ed61ff1dbda:170:ALIAS:2,,,OFAC,MKS International Group
NOOP_ALREADY_METI,moaser,Moaser,148,Karanir,ALIAS:1,148,"[""Moaser""]",c632d657f9c13b1250d688394eb7c99956a994527cb56f4a77c86ed61ff1dbda:148:ALIAS:1,,,経産省,Moaser
NOOP_ALREADY_METI,moasseseamozehvatahgiaghati,Moassese Amozeh Va Tahgiaghati,78,Defense Technology and Science Research Center (DTSRC),ALIAS:3,78,"[""Moassese Amozeh Va Tahgiaghati""]",c632d657f9c13b1250d688394eb7c99956a994527cb56f4a77c86ed61ff1dbda:78:ALIAS:3,,,経産省,Moassese Amozeh Va Tahgiaghati
NOOP_ALREADY_METI,mobarakehesfahansteelcompany,Mobarakeh Esfahan Steel Company,171,Mobarakeh Steel Company,ALIAS:7,171,"[""Mobarakeh Esfahan Steel Company""]",c632d657f9c13b1250d688394eb7c99956a994527cb56f4a77c86ed61ff1dbda:171:ALIAS:7,,,経産省,Mobarakeh Esfahan Steel Company
NOOP_ALREADY_METI,mobarakehsteel,Mobarakeh Steel,171,Mobarakeh Steel Company,ALIAS:3,171,"[""Mobarakeh Steel""]",c632d657f9c13b1250d688394eb7c99956a994527cb56f4a77c86ed61ff1dbda:171:ALIAS:3,,,経産省,Mobarakeh Steel
READY_TAG_EXISTING,mobarakehsteelcompany,Mobarakeh Steel Company,171,Mobarakeh Steel Company,PRIMARY,171,"[""Mobarakeh Steel Company""]",c632d657f9c13b1250d688394eb7c99956a994527cb56f4a77c86ed61ff1dbda:171:PRIMARY,,,OFAC,Mobarakeh Steel Company
NOOP_ALREADY_METI,mobarakehsteelcomplex,Mobarakeh Steel Complex,171,Mobarakeh Steel Company,ALIAS:1,171,"[""Mobarakeh Steel Complex""]",c632d657f9c13b1250d688394eb7c99956a994527cb56f4a77c86ed61ff1dbda:171:ALIAS:1,,,経産省,Mobarakeh Steel Complex
NOOP_ALREADY_METI,mobarakehsteelmill,Mobarakeh Steel Mill,171,Mobarakeh Steel Company,ALIAS:6,171,"[""Mobarakeh Steel Mill""]",c632d657f9c13b1250d688394eb7c99956a994527cb56f4a77c86ed61ff1dbda:171:ALIAS:6,,,経産省,Mobarakeh Steel Mill
NOOP_ALREADY_METI,mobilevalue-addedserviceslaboratory,MOBILE Value-Added Services Laboratory,283,Value-Added Services Laboratory (VASL),ALIAS:1,283,"[""MOBILE Value-Added Services Laboratory""]",c632d657f9c13b1250d688394eb7c99956a994527cb56f4a77c86ed61ff1dbda:283:ALIAS:1,,,OFAC;経産省,MOBILE VALUE-ADDED SERVICES LABORATORY
NOOP_ALREADY_METI,mobinsanjesh,Mobin Sanjesh,172,Mobin Sanjesh,PRIMARY,172,"[""Mobin Sanjesh""]",c632d657f9c13b1250d688394eb7c99956a994527cb56f4a77c86ed61ff1dbda:172:PRIMARY,,,経産省,Mobin Sanjesh
READY_TAG_EXISTING,modafl,MODAFL,167,Ministry of Defense and Armed Forces Logistics (MODAFL),ALIAS:5,167,"[""MODAFL""]",c632d657f9c13b1250d688394eb7c99956a994527cb56f4a77c86ed61ff1dbda:167:ALIAS:5,,,OFAC,MODAFL
NOOP_ALREADY_METI,moderntechnologiesfzc(mtfzc),Modern Technologies FZC (MTFZC),19,Modern Technologies FZC (MTFZC),PRIMARY,19,"[""Modern Technologies FZC (MTFZC)""]",c632d657f9c13b1250d688394eb7c99956a994527cb56f4a77c86ed61ff1dbda:19:PRIMARY,,,経産省,Modern Technologies FZC (MTFZC)
READY_TAG_EXISTING,modsaf,MODSAF,167,Ministry of Defense and Armed Forces Logistics (MODAFL),ALIAS:6,167,"[""MODSAF""]",c632d657f9c13b1250d688394eb7c99956a994527cb56f4a77c86ed61ff1dbda:167:ALIAS:6,,,OFAC,MODSAF
NOOP_ALREADY_METI,mojtamaesanatehaftometir,Mojtamae Sanate Haftome Tir,35,7th of Tir,ALIAS:5,35,"[""Mojtamae Sanate Haftome Tir""]",c632d657f9c13b1250d688394eb7c99956a994527cb56f4a77c86ed61ff1dbda:35:ALIAS:5,,,OFAC;経産省;財務省,MOJTAMAE SANATE HAFTOME TIR
NOOP_ALREADY_METI,mojtamesantyajzaedaghigh,Mojtame Santy Ajzae Daghigh,94,Fajr Industrial Group,ALIAS:5,94,"[""Mojtame Santy Ajzae Daghigh""]",c632d657f9c13b1250d688394eb7c99956a994527cb56f4a77c86ed61ff1dbda:94:ALIAS:5,,,OFAC;経産省;財務省,MOJTAME SANTY AJZAE DAGHIGH
NOOP_ALREADY_METI,mooyukeunhaeng,Mooyukeunhaeng,317,Foreign Trade Bank of the Democratic People's Republic of Korea (貿易銀行),ALIAS:2,317,"[""Mooyukeunhaeng""]",c632d657f9c13b1250d688394eb7c99956a994527cb56f4a77c86ed61ff1dbda:317:ALIAS:2,,,経産省,Mooyukeunhaeng
NOOP_ALREADY_METI,"mpkmilandr,ooo","MPK Milandr, OOO",741,AO PKK Milandr,ALIAS:4,741,"[""MPK Milandr, OOO""]",c632d657f9c13b1250d688394eb7c99956a994527cb56f4a77c86ed61ff1dbda:741:ALIAS:4,,,経産省,"MPK Milandr, OOO"
READY_ADD,mppl,MPPL,620,ERDC Metal Paint Products (Pvt) Ltd.,ALIAS:2,620,"[""MPPL""]",c632d657f9c13b1250d688394eb7c99956a994527cb56f4a77c86ed61ff1dbda:620:ALIAS:2,,,,
HOLD_WEAK_ALIAS,msc,MSC,171,Mobarakeh Steel Company,ALIAS:5,171,"[""MSC""]",c632d657f9c13b1250d688394eb7c99956a994527cb56f4a77c86ed61ff1dbda:171:ALIAS:5,3文字と短く、照合時に誤検知が多発する見込み（MSC）,,,
NOOP_ALREADY_METI,msmenterprises,MSM Enterprises,703,Universal Tooling Services,ALIAS:2,703,"[""MSM Enterprises""]",c632d657f9c13b1250d688394eb7c99956a994527cb56f4a77c86ed61ff1dbda:703:ALIAS:2,,,経産省,MSM Enterprises
READY_TAG_EXISTING,msna,MSNA,164,Matin Sanat Nik Andishan,ALIAS:3,164,"[""MSNA""]",c632d657f9c13b1250d688394eb7c99956a994527cb56f4a77c86ed61ff1dbda:164:ALIAS:3,,,OFAC,MSNA
NOOP_ALREADY_METI,msninternational,MSN International,656,MSN International,PRIMARY,656,"[""MSN International""]",c632d657f9c13b1250d688394eb7c99956a994527cb56f4a77c86ed61ff1dbda:656:PRIMARY,,,経産省,MSN International
NOOP_ALREADY_METI,mttoindustryandtradelimited,MTTO Industry and Trade Limited,552,MTTO Industry and Trade Limited,PRIMARY,552,"[""MTTO Industry and Trade Limited""]",c632d657f9c13b1250d688394eb7c99956a994527cb56f4a77c86ed61ff1dbda:552:PRIMARY,,,OFAC;経産省,MTTO INDUSTRY AND TRADE LIMITED
NOOP_ALREADY_METI,muhandiscorporation,Muhandis Corporation,657,Muhandis Corporation,PRIMARY,657,"[""Muhandis Corporation""]",c632d657f9c13b1250d688394eb7c99956a994527cb56f4a77c86ed61ff1dbda:657:PRIMARY,,,経産省,Muhandis Corporation
NOOP_ALREADY_METI,multimatdomesticandforeigntrademarketingltd.,Multimat Domestic and Foreign Trade Marketing Ltd.,173,Multimat Ic Ve Dis Ticaret Pazarlama Limited Sirketi,ALIAS:1,173,"[""Multimat Domestic and Foreign Trade Marketing Ltd.""]",c632d657f9c13b1250d688394eb7c99956a994527cb56f4a77c86ed61ff1dbda:173:ALIAS:1,,,OFAC;経産省,Multimat Domestic and Foreign Trade Marketing Ltd.
NOOP_ALREADY_METI,multimaticvedisticaretpazarlamalimitedsirketi,Multimat Ic Ve Dis Ticaret Pazarlama Limited Sirketi,173,Multimat Ic Ve Dis Ticaret Pazarlama Limited Sirketi,PRIMARY,173,"[""Multimat Ic Ve Dis Ticaret Pazarlama Limited Sirketi""]",c632d657f9c13b1250d688394eb7c99956a994527cb56f4a77c86ed61ff1dbda:173:PRIMARY,,,OFAC;経産省,MULTIMAT IC VE DIS TICARET PAZARLAMA LIMITED SIRKETI
NOOP_ALREADY_METI,multimattehran,Multimat Tehran,173,Multimat Ic Ve Dis Ticaret Pazarlama Limited Sirketi,ALIAS:2,173,"[""Multimat Tehran""]",c632d657f9c13b1250d688394eb7c99956a994527cb56f4a77c86ed61ff1dbda:173:ALIAS:2,,,OFAC;経産省,MULTIMAT TEHRAN
READY_ADD,munitionsindustrydepartment(軍需工業部),Munitions Industry Department (軍需工業部),393,Munitions Industry Department (軍需工業部),PRIMARY,393,"[""Munitions Industry Department (軍需工業部)""]",c632d657f9c13b1250d688394eb7c99956a994527cb56f4a77c86ed61ff1dbda:393:PRIMARY,,,,
NOOP_ALREADY_METI,myasishchevaemz,Myasishcheva EMZ,750,Ilyushin Aviation Complex Branch: Myasishcheva Experimental Mechanical Engineering Plant,ALIAS:1,750,"[""Myasishcheva EMZ""]",c632d657f9c13b1250d688394eb7c99956a994527cb56f4a77c86ed61ff1dbda:750:ALIAS:1,,,経産省,Myasishcheva EMZ
NOOP_ALREADY_METI,n.a.dollezhalorderofleninresearchanddesigninstituteofpowerengineering,N.A. Dollezhal Order of Lenin Research and Design Institute of Power Engineering,789,N.A. Dollezhal Research and Design Institute of Power Engineering,ALIAS:3,789,"[""N.A. Dollezhal Order of Lenin Research and Design Institute of Power Engineering""]",c632d657f9c13b1250d688394eb7c99956a994527cb56f4a77c86ed61ff1dbda:789:ALIAS:3,,,経産省,N.A. Dollezhal Order of Lenin Research and Design Institute of Power Engineering
NOOP_ALREADY_METI,n.a.dollezhalresearchanddesigninstituteofpowerengineering,N.A. Dollezhal Research and Design Institute of Power Engineering,789,N.A. Dollezhal Research and Design Institute of Power Engineering,PRIMARY,789,"[""N.A. Dollezhal Research and Design Institute of Power Engineering""]",c632d657f9c13b1250d688394eb7c99956a994527cb56f4a77c86ed61ff1dbda:789:PRIMARY,,,経産省,N.A. Dollezhal Research and Design Institute of Power Engineering
READY_TAG_EXISTING,n.a.z.technology,N.A.Z. TECHNOLOGY,474,"NAZ TECHNOLOGY CO., LTD.",ALIAS:2,474,"[""N.A.Z. TECHNOLOGY""]",c632d657f9c13b1250d688394eb7c99956a994527cb56f4a77c86ed61ff1dbda:474:ALIAS:2,,,OFAC,N.A.Z. Technology
NOOP_ALREADY_METI,naarinsepehrmobinisatis,NAARIN SEPEHR MOBIN ISATIS,174,NARIN SEPEHR MOBIN ISATIS,ALIAS:1,174,"[""NAARIN SEPEHR MOBIN ISATIS""]",c632d657f9c13b1250d688394eb7c99956a994527cb56f4a77c86ed61ff1dbda:174:ALIAS:1,,,OFAC;経産省,Naarin Sepehr Mobin Isatis
NOOP_ALREADY_METI,naegu'ngangtradingcompany,Naegu'ngang Trading Company,422,Rimyongsu Trading Corporation (鯉明水貿易会社),ALIAS:3,422,"[""Naegu'ngang Trading Company""]",c632d657f9c13b1250d688394eb7c99956a994527cb56f4a77c86ed61ff1dbda:422:ALIAS:3,,,OFAC;経産省;財務省,Naegu'ngang Trading Company
READY_ADD,naenterprises,NA Enterprises,658,NA Enterprises,PRIMARY,658,"[""NA Enterprises""]",c632d657f9c13b1250d688394eb7c99956a994527cb56f4a77c86ed61ff1dbda:658:PRIMARY,,,,
NOOP_ALREADY_METI,"naishixinelectronics(shenzhen)co.,ltd.","Naishixin Electronics (Shenzhen) Co., Ltd.",474,"NAZ TECHNOLOGY CO., LTD.",ALIAS:4,474,"[""Naishixin Electronics (Shenzhen) Co., Ltd.""]",c632d657f9c13b1250d688394eb7c99956a994527cb56f4a77c86ed61ff1dbda:474:ALIAS:4,,,経産省,"Naishixin Electronics (Shenzhen) Co., Ltd."
NOOP_ALREADY_METI,nam-avaran-epouyacontrol,Nam-Avaran-E Pouya Control,203,Pouya Control,ALIAS:1,203,"[""Nam-Avaran-E Pouya Control""]",c632d657f9c13b1250d688394eb7c99956a994527cb56f4a77c86ed61ff1dbda:203:ALIAS:1,,,OFAC;経産省,Nam-Avaran-E Pouya Control
NOOP_ALREADY_METI,namchongangcorporation,Nam Chon Gang Corporation,394,Namchongang Trading Corporation (南川江貿易会社),ALIAS:4,394,"[""Nam Chon Gang Corporation""]",c632d657f9c13b1250d688394eb7c99956a994527cb56f4a77c86ed61ff1dbda:394:ALIAS:4,,,OFAC;経産省;財務省,NAM CHON GANG CORPORATION
NOOP_ALREADY_METI,namchongangtrading,Namchongang Trading,394,Namchongang Trading Corporation (南川江貿易会社),ALIAS:6,394,"[""Namchongang Trading""]",c632d657f9c13b1250d688394eb7c99956a994527cb56f4a77c86ed61ff1dbda:394:ALIAS:6,,,OFAC;経産省;財務省,NAMCHONGANG TRADING
READY_ADD,namchongangtradingcorporation(南川江貿易会社),Namchongang Trading Corporation (南川江貿易会社),394,Namchongang Trading Corporation (南川江貿易会社),PRIMARY,394,"[""Namchongang Trading Corporation (南川江貿易会社)""]",c632d657f9c13b1250d688394eb7c99956a994527cb56f4a77c86ed61ff1dbda:394:PRIMARY,,,,
NOOP_ALREADY_METI,namchonggantradingcorporation,Nam Chong Gan Trading Corporation,394,Namchongang Trading Corporation (南川江貿易会社),ALIAS:5,394,"[""Nam Chong Gan Trading Corporation""]",c632d657f9c13b1250d688394eb7c99956a994527cb56f4a77c86ed61ff1dbda:394:ALIAS:5,,,経産省;財務省,Nam Chong Gan Trading Corporation
NOOP_ALREADY_METI,namheungyouthchemicalfertilizerfactory,Namheung Youth Chemical Fertilizer Factory,396,Namhung Youth Chemical Complex,ALIAS:1,396,"[""Namheung Youth Chemical Fertilizer Factory""]",c632d657f9c13b1250d688394eb7c99956a994527cb56f4a77c86ed61ff1dbda:396:ALIAS:1,,,経産省,Namheung Youth Chemical Fertilizer Factory
READY_ADD,namhungchemicalplant(南興化学工場),Namhung Chemical Plant (南興化学工場),395,Namhung Chemical Plant (南興化学工場),PRIMARY,395,"[""Namhung Chemical Plant (南興化学工場)""]",c632d657f9c13b1250d688394eb7c99956a994527cb56f4a77c86ed61ff1dbda:395:PRIMARY,,,,
NOOP_ALREADY_METI,namhungchemicalunioncomplex(南興化学連合企業所),Namhung Chemical Union Complex (南興化学連合企業所),395,Namhung Chemical Plant (南興化学工場),ALIAS:1,395,"[""Namhung Chemical Union Complex (南興化学連合企業所)""]",c632d657f9c13b1250d688394eb7c99956a994527cb56f4a77c86ed61ff1dbda:395:ALIAS:1,,,経産省,Namhung Chemical Union Complex (南興化学連合企業所)
NOOP_ALREADY_METI,namhungtradingcorporation,Namhung Trading Corporation,394,Namchongang Trading Corporation (南川江貿易会社),ALIAS:7,394,"[""Namhung Trading Corporation""]",c632d657f9c13b1250d688394eb7c99956a994527cb56f4a77c86ed61ff1dbda:394:ALIAS:7,,,経産省;財務省,Namhung Trading Corporation
NOOP_ALREADY_METI,namhungyouthchemicalcomplex,Namhung Youth Chemical Complex,396,Namhung Youth Chemical Complex,PRIMARY,396,"[""Namhung Youth Chemical Complex""]",c632d657f9c13b1250d688394eb7c99956a994527cb56f4a77c86ed61ff1dbda:396:PRIMARY,,,経産省,Namhung Youth Chemical Complex
READY_ADD,namsan2company(南山2会社),Namsan 2 Company (南山2会社),397,Namsan 2 Company (南山2会社),PRIMARY,397,"[""Namsan 2 Company (南山2会社)""]",c632d657f9c13b1250d688394eb7c99956a994527cb56f4a77c86ed61ff1dbda:397:PRIMARY,,,,
NOOP_ALREADY_METI,namsan2tradingcorp.(南山2貿易会社),Namsan 2 Trading Corp. (南山2貿易会社),397,Namsan 2 Company (南山2会社),ALIAS:1,397,"[""Namsan 2 Trading Corp. (南山2貿易会社)""]",c632d657f9c13b1250d688394eb7c99956a994527cb56f4a77c86ed61ff1dbda:397:ALIAS:1,,,経産省,Namsan 2 Trading Corp. (南山2貿易会社)
READY_ADD,nanjingelectronicstechnologyinstitute,Nanjing Electronics Technology Institute,513,China Electronics Technology Group Corporation 14th Research Institute (CETC 14) （中国電子科技集団公司 第十四研究所）,ALIAS:3,513,"[""Nanjing Electronics Technology Institute""]",c632d657f9c13b1250d688394eb7c99956a994527cb56f4a77c86ed61ff1dbda:513:ALIAS:3,,,,
READY_ADD,nanjingfiberglassresearch,Nanjing Fiberglass Research,554,Nanjing Fiberglass Research and Design Institute （南京玻璃繊維研究設計院有限公司）,ALIAS:2,554,"[""Nanjing Fiberglass Research""]",c632d657f9c13b1250d688394eb7c99956a994527cb56f4a77c86ed61ff1dbda:554:ALIAS:2,,,,
READY_ADD,nanjingfiberglassresearchanddesigninstitute(南京玻璃繊維研究設計院有限公司),Nanjing Fiberglass Research and Design Institute （南京玻璃繊維研究設計院有限公司）,554,Nanjing Fiberglass Research and Design Institute （南京玻璃繊維研究設計院有限公司）,PRIMARY,554,"[""Nanjing Fiberglass Research and Design Institute （南京玻璃繊維研究設計院有限公司）""]",c632d657f9c13b1250d688394eb7c99956a994527cb56f4a77c86ed61ff1dbda:554:PRIMARY,,,,
READY_ADD,nanjinginstituteofelectronicengineering,Nanjing Institute of Electronic Engineering,514,China Electronics Technology Group Corporation 28th Research Institute (CETC 28)（中国電子科技集団公司 第二十八研究所）,ALIAS:5,514,"[""Nanjing Institute of Electronic Engineering""]",c632d657f9c13b1250d688394eb7c99956a994527cb56f4a77c86ed61ff1dbda:514:ALIAS:5,,,,
READY_ADD,nanjingresearchinstituteofelectronicstechnology,Nanjing Research Institute of Electronics Technology,513,China Electronics Technology Group Corporation 14th Research Institute (CETC 14) （中国電子科技集団公司 第十四研究所）,ALIAS:1,513,"[""Nanjing Research Institute of Electronics Technology""]",c632d657f9c13b1250d688394eb7c99956a994527cb56f4a77c86ed61ff1dbda:513:ALIAS:1,,,,
READY_ADD,nanjinguniversityofaeronauticsandastronautics(nuaa)(南京航空航天大学),Nanjing University of Aeronautics and Astronautics (NUAA) （南京航空航天大学）,555,Nanjing University of Aeronautics and Astronautics (NUAA) （南京航空航天大学）,PRIMARY,555,"[""Nanjing University of Aeronautics and Astronautics (NUAA) （南京航空航天大学）""]",c632d657f9c13b1250d688394eb7c99956a994527cb56f4a77c86ed61ff1dbda:555:PRIMARY,,,,
READY_ADD,nanjinguniversityofscienceandtechnology(nust)(南京理工大学),Nanjing University of Science and Technology（NUST） （南京理工大学）,556,Nanjing University of Science and Technology（NUST） （南京理工大学）,PRIMARY,556,"[""Nanjing University of Science and Technology（NUST） （南京理工大学）""]",c632d657f9c13b1250d688394eb7c99956a994527cb56f4a77c86ed61ff1dbda:556:PRIMARY,,,,
READY_TAG_EXISTING,narinsepehrmobinisatis,NARIN SEPEHR MOBIN ISATIS,174,NARIN SEPEHR MOBIN ISATIS,PRIMARY,174,"[""NARIN SEPEHR MOBIN ISATIS""]",c632d657f9c13b1250d688394eb7c99956a994527cb56f4a77c86ed61ff1dbda:174:PRIMARY,,,OFAC,NARIN SEPEHR MOBIN ISATIS
NOOP_ALREADY_METI,naserinvahid,Naserin Vahid,175,Naserin Vahid,PRIMARY,175,"[""Naserin Vahid""]",c632d657f9c13b1250d688394eb7c99956a994527cb56f4a77c86ed61ff1dbda:175:PRIMARY,,,経産省,Naserin Vahid
NOOP_ALREADY_METI,nasrindustriesgroup,Nasr Industries Group,94,Fajr Industrial Group,ALIAS:6,94,"[""Nasr Industries Group""]",c632d657f9c13b1250d688394eb7c99956a994527cb56f4a77c86ed61ff1dbda:94:ALIAS:6,,,OFAC;経産省;財務省,NASR INDUSTRIES GROUP
READY_ADD,nationalaerospacedevelopmentadministration(nada)(国家宇宙開発局),National Aerospace Development Administration (NADA) (国家宇宙開発局),398,National Aerospace Development Administration (NADA) (国家宇宙開発局),PRIMARY,398,"[""National Aerospace Development Administration (NADA) (国家宇宙開発局)""]",c632d657f9c13b1250d688394eb7c99956a994527cb56f4a77c86ed61ff1dbda:398:PRIMARY,,,,
NOOP_ALREADY_METI,nationalcalibrationcentre,National Calibration Centre,464,National Standards and Calibration Laboratory (NSCL),ALIAS:2,464,"[""National Calibration Centre""]",c632d657f9c13b1250d688394eb7c99956a994527cb56f4a77c86ed61ff1dbda:464:ALIAS:2,,,OFAC;経産省,NATIONAL CALIBRATION CENTRE
NOOP_ALREADY_METI,nationalcentrefornondestructivetesting(ncndt),National Centre for Non Destructive Testing (NCNDT),659,National Centre for Non Destructive Testing (NCNDT),PRIMARY,659,"[""National Centre for Non Destructive Testing (NCNDT)""]",c632d657f9c13b1250d688394eb7c99956a994527cb56f4a77c86ed61ff1dbda:659:PRIMARY,,,経産省,National Centre for Non Destructive Testing (NCNDT)
NOOP_ALREADY_METI,nationaldefenseacademy,National Defense Academy,425,Second Academy of Natural Sciences (第二自然科学院),ALIAS:6,425,"[""National Defense Academy""]",c632d657f9c13b1250d688394eb7c99956a994527cb56f4a77c86ed61ff1dbda:425:ALIAS:6,,,OFAC;経産省;財務省,NATIONAL DEFENSE ACADEMY
READY_ADD,nationaldefensecollege(国防大学),National Defense College (国防大学),399,National Defense College (国防大学),PRIMARY,399,"[""National Defense College (国防大学)""]",c632d657f9c13b1250d688394eb7c99956a994527cb56f4a77c86ed61ff1dbda:399:PRIMARY,,,,
READY_TAG_EXISTING,nationaldefensecomplex,National Defense Complex,660,National Development Complex (NDC),ALIAS:1,660,"[""National Defense Complex""]",c632d657f9c13b1250d688394eb7c99956a994527cb56f4a77c86ed61ff1dbda:660:ALIAS:1,,,OFAC,National Defense Complex
READY_TAG_EXISTING,nationaldevelopmentcentre,National Development Centre,660,National Development Complex (NDC),ALIAS:2,660,"[""National Development Centre""]",c632d657f9c13b1250d688394eb7c99956a994527cb56f4a77c86ed61ff1dbda:660:ALIAS:2,,,OFAC,National Development Centre
NOOP_ALREADY_METI,nationaldevelopmentcomplex(ndc),National Development Complex (NDC),660,National Development Complex (NDC),PRIMARY,660,"[""National Development Complex (NDC)""]",c632d657f9c13b1250d688394eb7c99956a994527cb56f4a77c86ed61ff1dbda:660:PRIMARY,,,経産省,National Development Complex (NDC)
NOOP_ALREADY_METI,nationalengineeringandscientificcommission(nescom),National Engineering and Scientific Commission (NESCOM),661,National Engineering and Scientific Commission (NESCOM),PRIMARY,661,"[""National Engineering and Scientific Commission (NESCOM)""]",c632d657f9c13b1250d688394eb7c99956a994527cb56f4a77c86ed61ff1dbda:661:PRIMARY,,,経産省,National Engineering and Scientific Commission (NESCOM)
NOOP_ALREADY_METI,nationalengineeringservicetradingandconsultancycompany,National Engineering Service Trading and Consultancy Company,662,National Engineering Service Trading and Consultancy Company,PRIMARY,662,"[""National Engineering Service Trading and Consultancy Company""]",c632d657f9c13b1250d688394eb7c99956a994527cb56f4a77c86ed61ff1dbda:662:PRIMARY,,,経産省,National Engineering Service Trading and Consultancy Company
NOOP_ALREADY_METI,nationalgeographicorganization,National Geographic Organization,54,Armed Forces Geographical Organisation,ALIAS:2,54,"[""National Geographic Organization""]",c632d657f9c13b1250d688394eb7c99956a994527cb56f4a77c86ed61ff1dbda:54:ALIAS:2,,,経産省,National Geographic Organization
NOOP_ALREADY_METI,nationalinstituteoflasers,National Institute of Lasers,663,National Institute of Lasers and Optronics (NILOP),ALIAS:1,663,"[""National Institute of Lasers""]",c632d657f9c13b1250d688394eb7c99956a994527cb56f4a77c86ed61ff1dbda:663:ALIAS:1,,,経産省,National Institute of Lasers
NOOP_ALREADY_METI,nationalinstituteoflasersandoptronics(nilop),National Institute of Lasers and Optronics (NILOP),663,National Institute of Lasers and Optronics (NILOP),PRIMARY,663,"[""National Institute of Lasers and Optronics (NILOP)""]",c632d657f9c13b1250d688394eb7c99956a994527cb56f4a77c86ed61ff1dbda:663:PRIMARY,,,経産省,National Institute of Lasers and Optronics (NILOP)
NOOP_ALREADY_METI,nationalstandardsandcalibrationlaboratory(nscl),National Standards and Calibration Laboratory (NSCL),464,National Standards and Calibration Laboratory (NSCL),PRIMARY,464,"[""National Standards and Calibration Laboratory (NSCL)""]",c632d657f9c13b1250d688394eb7c99956a994527cb56f4a77c86ed61ff1dbda:464:PRIMARY,,,経産省,National Standards and Calibration Laboratory (NSCL)
READY_ADD,nationaluniversityofdefensetechnology(nudt)(国防科学技術大学),National University of Defense Technology (NUDT) (国防科学技術大学),553,National University of Defense Technology (NUDT) (国防科学技術大学),PRIMARY,553,"[""National University of Defense Technology (NUDT) (国防科学技術大学)""]",c632d657f9c13b1250d688394eb7c99956a994527cb56f4a77c86ed61ff1dbda:553:PRIMARY,,,,
READY_TAG_EXISTING,nationbuilding,NATION BUILDING,2,Ummah Tameer E-Nau (UTN),ALIAS:2,2,"[""NATION BUILDING""]",c632d657f9c13b1250d688394eb7c99956a994527cb56f4a77c86ed61ff1dbda:2:ALIAS:2,,,OFAC,NATION BUILDING
READY_TAG_EXISTING,naturalresourcesdevelopmentandinvestmentcorporation,Natural Resources Development and Investment Corporation,318,Green Pine Associated Corporation （青松連合）,ALIAS:10,318,"[""Natural Resources Development and Investment Corporation""]",c632d657f9c13b1250d688394eb7c99956a994527cb56f4a77c86ed61ff1dbda:318:ALIAS:10,,,OFAC;財務省,NATURAL RESOURCES DEVELOPMENT AND INVESTMENT CORPORATION
NOOP_ALREADY_METI,nauchno-issledovatelskiyinstitutmikroelektronnoiyapparaturyprogress,Nauchno-Issledovatelskiy Institut Mikroelektronnoiy Apparatury Progress,764,Joint Stock Company Institute for Scientific Research Microelectronic Equipment Progress,ALIAS:3,764,"[""Nauchno-Issledovatelskiy Institut Mikroelektronnoiy Apparatury Progress""]",c632d657f9c13b1250d688394eb7c99956a994527cb56f4a77c86ed61ff1dbda:764:ALIAS:3,,,経産省,Nauchno-Issledovatelskiy Institut Mikroelektronnoiy Apparatury Progress
READY_TAG_EXISTING,nauchno-proizvodstvennayakorporatsiyauralvagonzavodoao,Nauchno-Proizvodstvennaya Korporatsiya Uralvagonzavod OAO,833,Uralvagonzavod,ALIAS:1,833,"[""Nauchno-Proizvodstvennaya Korporatsiya Uralvagonzavod OAO""]",c632d657f9c13b1250d688394eb7c99956a994527cb56f4a77c86ed61ff1dbda:833:ALIAS:1,,,OFAC;外務省,Nauchno-Proizvodstvennaya Korporatsiya Uralvagonzavod OAO
NOOP_ALREADY_METI,navaldefencemissileindustrygroup,Naval Defence Missile Industry Group,75,Cruise Missile Industry Group,ALIAS:3,75,"[""Naval Defence Missile Industry Group""]",c632d657f9c13b1250d688394eb7c99956a994527cb56f4a77c86ed61ff1dbda:75:ALIAS:3,,,OFAC;経産省;財務省,NAVAL DEFENCE MISSILE INDUSTRY GROUP
NOOP_ALREADY_METI,navidcomposite,Navid Composite,176,Navid Composite Material Company,ALIAS:1,176,"[""Navid Composite""]",c632d657f9c13b1250d688394eb7c99956a994527cb56f4a77c86ed61ff1dbda:176:ALIAS:1,,,OFAC;経産省,NAVID COMPOSITE
NOOP_ALREADY_METI,navidcompositematerialcompany,Navid Composite Material Company,176,Navid Composite Material Company,PRIMARY,176,"[""Navid Composite Material Company""]",c632d657f9c13b1250d688394eb7c99956a994527cb56f4a77c86ed61ff1dbda:176:PRIMARY,,,OFAC;経産省,NAVID COMPOSITE MATERIAL COMPANY
HOLD_WEAK_ALIAS,naz,Naz,474,"NAZ TECHNOLOGY CO., LTD.",ALIAS:1,474,"[""Naz""]",c632d657f9c13b1250d688394eb7c99956a994527cb56f4a77c86ed61ff1dbda:474:ALIAS:1,3文字と短く、照合時に誤検知が多発する見込み（Naz）,,財務省,NAZ
NOOP_ALREADY_METI,nazirandsonsinternational,Nazir and Sons International,664,Nazir and Sons International,PRIMARY,664,"[""Nazir and Sons International""]",c632d657f9c13b1250d688394eb7c99956a994527cb56f4a77c86ed61ff1dbda:664:PRIMARY,,,経産省,Nazir and Sons International
READY_TAG_EXISTING,"naztechnologyco.,ltd.","NAZ TECHNOLOGY CO., LTD.",474,"NAZ TECHNOLOGY CO., LTD.",PRIMARY,474,"[""NAZ TECHNOLOGY CO., LTD.""]",c632d657f9c13b1250d688394eb7c99956a994527cb56f4a77c86ed61ff1dbda:474:PRIMARY,,,OFAC,"NAZ TECHNOLOGY CO., LTD."
READY_TAG_EXISTING,naztechnologycorporationltd,Naz Technology Corporation Ltd,474,"NAZ TECHNOLOGY CO., LTD.",ALIAS:3,474,"[""Naz Technology Corporation Ltd""]",c632d657f9c13b1250d688394eb7c99956a994527cb56f4a77c86ed61ff1dbda:474:ALIAS:3,,,OFAC,Naz Technology Corporation Ltd
HOLD_WEAK_ALIAS,ncg,NCG,394,Namchongang Trading Corporation (南川江貿易会社),ALIAS:8,394,"[""NCG""]",c632d657f9c13b1250d688394eb7c99956a994527cb56f4a77c86ed61ff1dbda:394:ALIAS:8,3文字と短く、照合時に誤検知が多発する見込み（NCG）,,財務省,NCG
NOOP_ALREADY_METI,nedaindustrialgroup,Neda Industrial Group,177,Neda Industrial Group,PRIMARY,177,"[""Neda Industrial Group""]",c632d657f9c13b1250d688394eb7c99956a994527cb56f4a77c86ed61ff1dbda:177:PRIMARY,,,OFAC;経産省,NEDA INDUSTRIAL GROUP
NOOP_ALREADY_METI,neginparto,Negin Parto,178,Negin Parto Khavar,ALIAS:2,178,"[""Negin Parto""]",c632d657f9c13b1250d688394eb7c99956a994527cb56f4a77c86ed61ff1dbda:178:ALIAS:2,,,OFAC;経産省,NEGIN PARTO
NOOP_ALREADY_METI,neginpartokhavar,Negin Parto Khavar,178,Negin Parto Khavar,PRIMARY,178,"[""Negin Parto Khavar""]",c632d657f9c13b1250d688394eb7c99956a994527cb56f4a77c86ed61ff1dbda:178:PRIMARY,,,OFAC;経産省,NEGIN PARTO KHAVAR
NOOP_ALREADY_METI,neginpartokhavarco.ltd.,Negin Parto Khavar Co. Ltd.,178,Negin Parto Khavar,ALIAS:3,178,"[""Negin Parto Khavar Co. Ltd.""]",c632d657f9c13b1250d688394eb7c99956a994527cb56f4a77c86ed61ff1dbda:178:ALIAS:3,,,OFAC;経産省,Negin Parto Khavar Co. Ltd.
NOOP_ALREADY_METI,nekanovin,Neka Novin,179,Neka Novin,PRIMARY,179,"[""Neka Novin""]",c632d657f9c13b1250d688394eb7c99956a994527cb56f4a77c86ed61ff1dbda:179:PRIMARY,,,OFAC;経産省,NEKA NOVIN
NOOP_ALREADY_METI,nestacc,NESTACC,662,National Engineering Service Trading and Consultancy Company,ALIAS:1,662,"[""NESTACC""]",c632d657f9c13b1250d688394eb7c99956a994527cb56f4a77c86ed61ff1dbda:662:ALIAS:1,,,経産省,NESTACC
NOOP_ALREADY_METI,newautoengineering(nae),New Auto Engineering (NAE),665,New Auto Engineering (NAE),PRIMARY,665,"[""New Auto Engineering (NAE)""]",c632d657f9c13b1250d688394eb7c99956a994527cb56f4a77c86ed61ff1dbda:665:PRIMARY,,,経産省,New Auto Engineering (NAE)
NOOP_ALREADY_METI,newcenturyimportandexportco.ltd,New Century Import and Export Co. Ltd,557,"Ningbo New Century Import and Export Company, Ltd. (寧波新世紀進出口有限公司)",ALIAS:1,557,"[""New Century Import and Export Co. Ltd""]",c632d657f9c13b1250d688394eb7c99956a994527cb56f4a77c86ed61ff1dbda:557:ALIAS:1,,,OFAC;経産省,New Century Import and Export Co. Ltd
READY_ADD,niee,NIEE,514,China Electronics Technology Group Corporation 28th Research Institute (CETC 28)（中国電子科技集団公司 第二十八研究所）,ALIAS:7,514,"[""NIEE""]",c632d657f9c13b1250d688394eb7c99956a994527cb56f4a77c86ed61ff1dbda:514:ALIAS:7,,,,
NOOP_ALREADY_METI,niimeandmikron,NIIME AND MIKRON,786,Mikron,ALIAS:4,786,"[""NIIME AND MIKRON""]",c632d657f9c13b1250d688394eb7c99956a994527cb56f4a77c86ed61ff1dbda:786:ALIAS:4,,,OFAC;経産省;財務省,NIIME and Mikron
NOOP_ALREADY_METI,niimolekulyarnoielektronikiizavodmikronpao,NII MOLEKULYARNOI ELEKTRONIKI I ZAVOD MIKRON PAO,786,Mikron,ALIAS:3,786,"[""NII MOLEKULYARNOI ELEKTRONIKI I ZAVOD MIKRON PAO""]",c632d657f9c13b1250d688394eb7c99956a994527cb56f4a77c86ed61ff1dbda:786:ALIAS:3,,,OFAC;経産省;財務省,NII Molekulyarnoi Elektroniki i Zavod Mikron PAO
NOOP_ALREADY_METI,niipa,NIIPA,811,Scientific Research Institute of Applied Acoustics,ALIAS:2,811,"[""NIIPA""]",c632d657f9c13b1250d688394eb7c99956a994527cb56f4a77c86ed61ff1dbda:811:ALIAS:2,,,経産省,NIIPA
READY_TAG_EXISTING,niisvtpao,NII SVT PAO,771,Joint Stock Company Scientific Research Institute of Computer Engineering NII SVT,ALIAS:4,771,"[""NII SVT PAO""]",c632d657f9c13b1250d688394eb7c99956a994527cb56f4a77c86ed61ff1dbda:771:ALIAS:4,,,OFAC;財務省,NII SVT PAO
NOOP_ALREADY_METI,nilcogroup,Nilco Group,790,Nilco Group,PRIMARY,790,"[""Nilco Group""]",c632d657f9c13b1250d688394eb7c99956a994527cb56f4a77c86ed61ff1dbda:790:PRIMARY,,,経産省,Nilco Group
NOOP_ALREADY_METI,nilfamkhazarco.,Nilfam Khazar Co.,790,Nilco Group,ALIAS:2,790,"[""Nilfam Khazar Co.""]",c632d657f9c13b1250d688394eb7c99956a994527cb56f4a77c86ed61ff1dbda:790:ALIAS:2,,,経産省,Nilfam Khazar Co.
NOOP_ALREADY_METI,nilfamkhazarcompany,Nil Fam Khazar Company,790,Nilco Group,ALIAS:1,790,"[""Nil Fam Khazar Company""]",c632d657f9c13b1250d688394eb7c99956a994527cb56f4a77c86ed61ff1dbda:790:ALIAS:1,,,経産省,Nil Fam Khazar Company
READY_ADD,"ningbonewcenturyimportandexportcompany,ltd.(寧波新世紀進出口有限公司)","Ningbo New Century Import and Export Company, Ltd. (寧波新世紀進出口有限公司)",557,"Ningbo New Century Import and Export Company, Ltd. (寧波新世紀進出口有限公司)",PRIMARY,557,"[""Ningbo New Century Import and Export Company, Ltd. (寧波新世紀進出口有限公司)""]",c632d657f9c13b1250d688394eb7c99956a994527cb56f4a77c86ed61ff1dbda:557:PRIMARY,,,,
NOOP_ALREADY_METI,ninthacademy,Ninth Academy,519,Chinese Academy of Engineering Physics （中国工程物理研究院）,ALIAS:1,519,"[""Ninth Academy""]",c632d657f9c13b1250d688394eb7c99956a994527cb56f4a77c86ed61ff1dbda:519:ALIAS:1,,,経産省,Ninth Academy
NOOP_ALREADY_METI,niroubatterymanufacturingsababatterycompany,Nirou Battery Manufacturing Saba Battery Company,180,Niru Battery Manufacturing Company,ALIAS:1,180,"[""Nirou Battery Manufacturing Saba Battery Company""]",c632d657f9c13b1250d688394eb7c99956a994527cb56f4a77c86ed61ff1dbda:180:ALIAS:1,,,OFAC;経産省,NIROU BATTERY MANUFACTURING SABA BATTERY COMPANY
NOOP_ALREADY_METI,nirubatterymanufacturingcompany,Niru Battery Manufacturing Company,180,Niru Battery Manufacturing Company,PRIMARY,180,"[""Niru Battery Manufacturing Company""]",c632d657f9c13b1250d688394eb7c99956a994527cb56f4a77c86ed61ff1dbda:180:PRIMARY,,,OFAC;経産省;財務省,NIRU BATTERY MANUFACTURING COMPANY
NOOP_ALREADY_METI,nirubatterymfg.co.,Niru Battery Mfg. Co.,180,Niru Battery Manufacturing Company,ALIAS:2,180,"[""Niru Battery Mfg. Co.""]",c632d657f9c13b1250d688394eb7c99956a994527cb56f4a77c86ed61ff1dbda:180:ALIAS:2,,,経産省,Niru Battery Mfg. Co.
NOOP_ALREADY_METI,niruco.ltd.,Niru Co. Ltd.,180,Niru Battery Manufacturing Company,ALIAS:3,180,"[""Niru Co. Ltd.""]",c632d657f9c13b1250d688394eb7c99956a994527cb56f4a77c86ed61ff1dbda:180:ALIAS:3,,,OFAC;経産省,Niru Co. Ltd.
NOOP_ALREADY_METI,nktronics,NKTRONICS,730,EKT Electronics,ALIAS:17,730,"[""NKTRONICS""]",c632d657f9c13b1250d688394eb7c99956a994527cb56f4a77c86ed61ff1dbda:730:ALIAS:17,,,OFAC;経産省,NKtronics
NOOP_ALREADY_METI,no.33researchinstituteofthethirdacademyofchinaaerospacescienceandindustrycorporation(casic)(中国航天科工集団第三研究院三十三研究所),No. 33 Research Institute of the Third Academy of China Aerospace Science and Industry Corporation (CASIC) (中国航天科工集団第三研究院三十三研究所),490,Beijing Automation Control Equipment Institute (BACEI) (北京自動化控制設備研究所),ALIAS:3,490,"[""No. 33 Research Institute of the Third Academy of China Aerospace Science and Industry Corporation (CASIC) (中国航天科工集団第三研究院三十三研究所)""]",c632d657f9c13b1250d688394eb7c99956a994527cb56f4a77c86ed61ff1dbda:490:ALIAS:3,128文字と異常に長い。複数名が1セルに連結された疑い,SOURCE_VERIFIED_LONG_ALIAS,経産省,No. 33 Research Institute of the Third Academy of China Aerospace Science and Industry Corporation (CASIC) (中国航天科工集団第三研究院三十三研究所)
NOOP_ALREADY_METI,no.35researchinstituteofthethirdacademyofchinaaerospacescienceandindustrycorporation(casic),No. 35 Research Institute of the Third Academy of China Aerospace Science and Industry Corporation (CASIC),558,No. 35 Research Institute of the Third Academy of China Aerospace Science and Industry Corporation (CASIC),PRIMARY,558,"[""No. 35 Research Institute of the Third Academy of China Aerospace Science and Industry Corporation (CASIC)""]",c632d657f9c13b1250d688394eb7c99956a994527cb56f4a77c86ed61ff1dbda:558:PRIMARY,,,経産省,No. 35 Research Institute of the Third Academy of China Aerospace Science and Industry Corporation (CASIC)
READY_ADD,no14researchinstitute,No 14 Research Institute,513,China Electronics Technology Group Corporation 14th Research Institute (CETC 14) （中国電子科技集団公司 第十四研究所）,ALIAS:5,513,"[""No 14 Research Institute""]",c632d657f9c13b1250d688394eb7c99956a994527cb56f4a77c86ed61ff1dbda:513:ALIAS:5,,,,
NOOP_ALREADY_METI,nomchongangtradingco.,Nomchongang Trading Co.,394,Namchongang Trading Corporation (南川江貿易会社),ALIAS:9,394,"[""Nomchongang Trading Co.""]",c632d657f9c13b1250d688394eb7c99956a994527cb56f4a77c86ed61ff1dbda:394:ALIAS:9,,,OFAC;経産省,Nomchongang Trading Co.
NOOP_ALREADY_METI,northernpress,Northern Press,770,"Joint Stock Company""Severniy press""",ALIAS:2,770,"[""Northern Press""]",c632d657f9c13b1250d688394eb7c99956a994527cb56f4a77c86ed61ff1dbda:770:ALIAS:2,,,経産省,Northern Press
NOOP_ALREADY_METI,northkorea'sforeigntradebank,North Korea's Foreign Trade Bank,317,Foreign Trade Bank of the Democratic People's Republic of Korea (貿易銀行),ALIAS:3,317,"[""North Korea's Foreign Trade Bank""]",c632d657f9c13b1250d688394eb7c99956a994527cb56f4a77c86ed61ff1dbda:317:ALIAS:3,,,OFAC;経産省,North Korea's Foreign Trade Bank
NOOP_ALREADY_METI,northkoreanminingdevelopmenttradingcorporation,North Korean Mining Development Trading Corporation,352,Korea Mining Development Trading Corporation (KOMID) (朝鮮鉱業開発貿易会社),ALIAS:6,352,"[""North Korean Mining Development Trading Corporation""]",c632d657f9c13b1250d688394eb7c99956a994527cb56f4a77c86ed61ff1dbda:352:ALIAS:6,,,OFAC;経産省;財務省,NORTH KOREAN MINING DEVELOPMENT TRADING CORPORATION
READY_TAG_EXISTING,northkoreanzincindustrygroup,North Korean Zinc Industry Group,381,Korea Zinc Industrial Group (朝鮮亜鉛工業総会社),ALIAS:3,381,"[""North Korean Zinc Industry Group""]",c632d657f9c13b1250d688394eb7c99956a994527cb56f4a77c86ed61ff1dbda:381:ALIAS:3,,,OFAC;財務省,North Korean Zinc Industry Group
READY_ADD,northwesternpolytechnicaluniversity(npu)(西北工業大学),Northwestern Polytechnical University（NPU） (西北工業大学),559,Northwestern Polytechnical University（NPU） (西北工業大学),PRIMARY,559,"[""Northwestern Polytechnical University（NPU） (西北工業大学)""]",c632d657f9c13b1250d688394eb7c99956a994527cb56f4a77c86ed61ff1dbda:559:PRIMARY,,,,
NOOP_ALREADY_METI,northwesternpolytechnicuniversity,Northwestern Polytechnic University,559,Northwestern Polytechnical University（NPU） (西北工業大学),ALIAS:3,559,"[""Northwestern Polytechnic University""]",c632d657f9c13b1250d688394eb7c99956a994527cb56f4a77c86ed61ff1dbda:559:ALIAS:3,,,経産省,Northwestern Polytechnic University
NOOP_ALREADY_METI,northwestpolytechnicaluniversity,Northwest Polytechnical University,559,Northwestern Polytechnical University（NPU） (西北工業大学),ALIAS:2,559,"[""Northwest Polytechnical University""]",c632d657f9c13b1250d688394eb7c99956a994527cb56f4a77c86ed61ff1dbda:559:ALIAS:2,,,経産省,Northwest Polytechnical University
NOOP_ALREADY_METI,northwestpolytechnicuniversity,Northwest Polytechnic University,559,Northwestern Polytechnical University（NPU） (西北工業大学),ALIAS:1,559,"[""Northwest Polytechnic University""]",c632d657f9c13b1250d688394eb7c99956a994527cb56f4a77c86ed61ff1dbda:559:ALIAS:1,,,経産省,Northwest Polytechnic University
READY_ADD,novatordesignbureau;and,Novator Design Bureau; and,761,Joint Stock Company Experimental Design Bureau Novator,ALIAS:1,761,"[""Novator Design Bureau; and""]",c632d657f9c13b1250d688394eb7c99956a994527cb56f4a77c86ed61ff1dbda:761:ALIAS:1,,,,
READY_TAG_EXISTING,npktekhmashoao,NPK Tekhmash OAO,791,NPK Tekhmash OAO,PRIMARY,791,"[""NPK Tekhmash OAO""]",c632d657f9c13b1250d688394eb7c99956a994527cb56f4a77c86ed61ff1dbda:791:PRIMARY,,,OFAC;財務省,NPK Tekhmash OAO
READY_TAG_EXISTING,npkuralvagonzavod,NPK Uralvagonzavod,833,Uralvagonzavod,ALIAS:2,833,"[""NPK Uralvagonzavod""]",c632d657f9c13b1250d688394eb7c99956a994527cb56f4a77c86ed61ff1dbda:833:ALIAS:2,,,外務省,NPK Uralvagonzavod
READY_TAG_EXISTING,npkuralvagonzavodoao,NPK Uralvagonzavod OAO,833,Uralvagonzavod,ALIAS:3,833,"[""NPK Uralvagonzavod OAO""]",c632d657f9c13b1250d688394eb7c99956a994527cb56f4a77c86ed61ff1dbda:833:ALIAS:3,,,OFAC;外務省,NPK Uralvagonzavod OAO
READY_TAG_EXISTING,npoavrora,NPO Avrora,757,Joint Stock Company Concern Avrora Scientific and Production Association,ALIAS:7,757,"[""NPO Avrora""]",c632d657f9c13b1250d688394eb7c99956a994527cb56f4a77c86ed61ff1dbda:757:ALIAS:7,,,外務省,NPO Avrora
NOOP_ALREADY_METI,npoelectromechanicstacticalmissilecorporation,"Tactical Missile Corporation, NPO Electromechanics",793,NPO of Electromechanics,ALIAS:1,793,"[""Tactical Missile Corporation, NPO Electromechanics""]",c632d657f9c13b1250d688394eb7c99956a994527cb56f4a77c86ed61ff1dbda:793:ALIAS:1,,,経産省,"Tactical Missile Corporation, NPO Electromechanics"
NOOP_ALREADY_METI,npohighprecisionsystemsjsc,NPO High Precision Systems JSC,792,NPO High Precision Systems JSC,PRIMARY,792,"[""NPO High Precision Systems JSC""]",c632d657f9c13b1250d688394eb7c99956a994527cb56f4a77c86ed61ff1dbda:792:PRIMARY,,,経産省,NPO High Precision Systems JSC
READY_TAG_EXISTING,npoizhmashoao,NPO Izhmash OAO,780,Kalashnikov Concern,ALIAS:5,780,"[""NPO Izhmash OAO""]",c632d657f9c13b1250d688394eb7c99956a994527cb56f4a77c86ed61ff1dbda:780:ALIAS:5,,,外務省,NPO Izhmash OAO
READY_TAG_EXISTING,npoofelectromechanics,NPO of Electromechanics,793,NPO of Electromechanics,PRIMARY,793,"[""NPO of Electromechanics""]",c632d657f9c13b1250d688394eb7c99956a994527cb56f4a77c86ed61ff1dbda:793:PRIMARY,,,OFAC;財務省,NPO of Electromechanics
NOOP_ALREADY_METI,nposplavjsc,NPO Splav JSC,794,NPO Splav JSC,PRIMARY,794,"[""NPO Splav JSC""]",c632d657f9c13b1250d688394eb7c99956a994527cb56f4a77c86ed61ff1dbda:794:PRIMARY,,,経産省,NPO Splav JSC
NOOP_ALREADY_METI,nppistok,NPP Istok,795,NPP Istok,PRIMARY,795,"[""NPP Istok""]",c632d657f9c13b1250d688394eb7c99956a994527cb56f4a77c86ed61ff1dbda:795:PRIMARY,,,経産省;財務省,NPP Istok
READY_ADD,nrdi,NRDI,554,Nanjing Fiberglass Research and Design Institute （南京玻璃繊維研究設計院有限公司）,ALIAS:1,554,"[""NRDI""]",c632d657f9c13b1250d688394eb7c99956a994527cb56f4a77c86ed61ff1dbda:554:ALIAS:1,,,,
READY_ADD,nriee,NRIEE,514,China Electronics Technology Group Corporation 28th Research Institute (CETC 28)（中国電子科技集団公司 第二十八研究所）,ALIAS:6,514,"[""NRIEE""]",c632d657f9c13b1250d688394eb7c99956a994527cb56f4a77c86ed61ff1dbda:514:ALIAS:6,,,,
READY_ADD,nriet,NRIET,513,China Electronics Technology Group Corporation 14th Research Institute (CETC 14) （中国電子科技集団公司 第十四研究所）,ALIAS:2,513,"[""NRIET""]",c632d657f9c13b1250d688394eb7c99956a994527cb56f4a77c86ed61ff1dbda:513:ALIAS:2,,,,
READY_ADD,nuclearpowerinstituteofchina(npic)(中国核動力研究設計院),Nuclear Power Institute of China (NPIC) （中国核動力研究設計院）,560,Nuclear Power Institute of China (NPIC) （中国核動力研究設計院）,PRIMARY,560,"[""Nuclear Power Institute of China (NPIC) （中国核動力研究設計院）""]",c632d657f9c13b1250d688394eb7c99956a994527cb56f4a77c86ed61ff1dbda:560:PRIMARY,,,,
NOOP_ALREADY_METI,nuclearresearchcenternegev(nrcn),Nuclear Research Center Negev (NRCN),34,Nuclear Research Center Negev (NRCN),PRIMARY,34,"[""Nuclear Research Center Negev (NRCN)""]",c632d657f9c13b1250d688394eb7c99956a994527cb56f4a77c86ed61ff1dbda:34:PRIMARY,,,経産省,Nuclear Research Center Negev (NRCN)
READY_TAG_EXISTING,nudelmanprecisionengineeringdesignbureau,Nudelman Precision Engineering Design Bureau,768,Joint Stock Company Precision Engineering Design Bureau named after A.E. Nudelman,ALIAS:5,768,"[""Nudelman Precision Engineering Design Bureau""]",c632d657f9c13b1250d688394eb7c99956a994527cb56f4a77c86ed61ff1dbda:768:ALIAS:5,,,外務省,Nudelman Precision Engineering Design Bureau
NOOP_ALREADY_METI,oaogosniikhimanalit,OAO GosNIIkhimanalit,797,OAO GosNIIkhimanalit,PRIMARY,797,"[""OAO GosNIIkhimanalit""]",c632d657f9c13b1250d688394eb7c99956a994527cb56f4a77c86ed61ff1dbda:797:PRIMARY,,,経産省,OAO GosNIIkhimanalit
READY_TAG_EXISTING,oaokurganmashzavod,OAO Kurganmashzavod,801,Public Joint Stock Company Kurganmashzavod,ALIAS:2,801,"[""OAO Kurganmashzavod""]",c632d657f9c13b1250d688394eb7c99956a994527cb56f4a77c86ed61ff1dbda:801:ALIAS:2,,,legacy,OAO Kurganmashzavod
READY_TAG_EXISTING,obedinennayasudostroitelnayakorporatsiyaoao,Obedinennaya Sudostroitelnaya Korporatsiya OAO,829,United Shipbuilding Corporation,ALIAS:1,829,"[""Obedinennaya Sudostroitelnaya Korporatsiya OAO""]",c632d657f9c13b1250d688394eb7c99956a994527cb56f4a77c86ed61ff1dbda:829:ALIAS:1,,,外務省,Obedinennaya Sudostroitelnaya Korporatsiya OAO
NOOP_ALREADY_METI,oceanbunkeringjvco,Ocean Bunkering JV Co,401,Ocean Bunkering JV Co,PRIMARY,401,"[""Ocean Bunkering JV Co""]",c632d657f9c13b1250d688394eb7c99956a994527cb56f4a77c86ed61ff1dbda:401:PRIMARY,,,OFAC;経産省,OCEAN BUNKERING JV CO
READY_ADD,odk-ufimmotor-buildingproductionassociation,ODK-Ufim Motor-Building Production Association,802,Public Joint Stock Company UEC-Ufa Engine Industrial Association,ALIAS:5,802,"[""ODK-Ufim Motor-Building Production Association""]",c632d657f9c13b1250d688394eb7c99956a994527cb56f4a77c86ed61ff1dbda:802:ALIAS:5,,,,
READY_TAG_EXISTING,odk-umpoenginebuildingassociation,ODK-UMPO Engine Building Association,802,Public Joint Stock Company UEC-Ufa Engine Industrial Association,ALIAS:12,802,"[""ODK-UMPO Engine Building Association""]",c632d657f9c13b1250d688394eb7c99956a994527cb56f4a77c86ed61ff1dbda:802:ALIAS:12,,,OFAC;財務省,ODK-UMPO Engine Building Association
READY_TAG_EXISTING,odk-umpoenginebuildingenterprise,ODK-UMPO Engine Building Enterprise,802,Public Joint Stock Company UEC-Ufa Engine Industrial Association,ALIAS:9,802,"[""ODK-UMPO Engine Building Enterprise""]",c632d657f9c13b1250d688394eb7c99956a994527cb56f4a77c86ed61ff1dbda:802:ALIAS:9,,,OFAC;財務省,ODK-UMPO Engine Building Enterprise
READY_TAG_EXISTING,odk-umpopao,ODK-UMPO PAO,802,Public Joint Stock Company UEC-Ufa Engine Industrial Association,ALIAS:11,802,"[""ODK-UMPO PAO""]",c632d657f9c13b1250d688394eb7c99956a994527cb56f4a77c86ed61ff1dbda:802:ALIAS:11,,,OFAC;財務省,ODK-UMPO PAO
NOOP_ALREADY_METI,odysseygeneraltradingfzc,Odyssey General Trading FZC,20,Odyssey General Trading FZC,PRIMARY,20,"[""Odyssey General Trading FZC""]",c632d657f9c13b1250d688394eb7c99956a994527cb56f4a77c86ed61ff1dbda:20:PRIMARY,,,経産省,Odyssey General Trading FZC
NOOP_ALREADY_METI,office#39,Office #39,403,Office 39,ALIAS:4,403,"[""Office #39""]",c632d657f9c13b1250d688394eb7c99956a994527cb56f4a77c86ed61ff1dbda:403:ALIAS:4,,,OFAC;経産省;財務省,Office #39
NOOP_ALREADY_METI,office39,Office 39,403,Office 39,PRIMARY,403,"[""Office 39""]",c632d657f9c13b1250d688394eb7c99956a994527cb56f4a77c86ed61ff1dbda:403:PRIMARY,,,OFAC;経産省;財務省,OFFICE 39
NOOP_ALREADY_METI,officeno.39,Office No. 39,403,Office 39,ALIAS:5,403,"[""Office No. 39""]",c632d657f9c13b1250d688394eb7c99956a994527cb56f4a77c86ed61ff1dbda:403:ALIAS:5,,,OFAC;経産省;財務省,Office No. 39
NOOP_ALREADY_METI,officeofscientificandindustrialstudies(osis),Office of Scientific and Industrial Studies (OSIS),73,Center for Innovation and Technology Cooperation (CITC),ALIAS:3,73,"[""Office of Scientific and Industrial Studies (OSIS)""]",c632d657f9c13b1250d688394eb7c99956a994527cb56f4a77c86ed61ff1dbda:73:ALIAS:3,,,経産省,Office of Scientific and Industrial Studies (OSIS)
NOOP_ALREADY_METI,officeofscientificandtechnicalcooperation,Office of Scientific and Technical Cooperation,73,Center for Innovation and Technology Cooperation (CITC),ALIAS:2,73,"[""Office of Scientific and Technical Cooperation""]",c632d657f9c13b1250d688394eb7c99956a994527cb56f4a77c86ed61ff1dbda:73:ALIAS:2,,,OFAC;経産省,OFFICE OF SCIENTIFIC AND TECHNICAL COOPERATION
READY_TAG_EXISTING,ofogsabzedaryacompany,Ofog Sabze Darya Company,181,Ofog Sabze Darya Company,PRIMARY,181,"[""Ofog Sabze Darya Company""]",c632d657f9c13b1250d688394eb7c99956a994527cb56f4a77c86ed61ff1dbda:181:PRIMARY,,,OFAC,OFOG SABZE DARYA COMPANY
READY_TAG_EXISTING,ojeparvazmadonafarcompany,OJE PARVAZ MADO NAFAR COMPANY,182,OJE PARVAZ MADO NAFAR COMPANY,PRIMARY,182,"[""OJE PARVAZ MADO NAFAR COMPANY""]",c632d657f9c13b1250d688394eb7c99956a994527cb56f4a77c86ed61ff1dbda:182:PRIMARY,,,OFAC,OJE PARVAZ MADO NAFAR COMPANY
READY_TAG_EXISTING,ojscconcernkalashnikov,OJSC Concern Kalashnikov,780,Kalashnikov Concern,ALIAS:6,780,"[""OJSC Concern Kalashnikov""]",c632d657f9c13b1250d688394eb7c99956a994527cb56f4a77c86ed61ff1dbda:780:ALIAS:6,,,外務省,OJSC Concern Kalashnikov
READY_TAG_EXISTING,ojscconcernnpoavrora,OJSC Concern NPO Avrora,757,Joint Stock Company Concern Avrora Scientific and Production Association,ALIAS:8,757,"[""OJSC Concern NPO Avrora""]",c632d657f9c13b1250d688394eb7c99956a994527cb56f4a77c86ed61ff1dbda:757:ALIAS:8,,,外務省,OJSC Concern NPO Avrora
READY_TAG_EXISTING,ojscizhmash,OJSC Izhmash,780,Kalashnikov Concern,ALIAS:7,780,"[""OJSC Izhmash""]",c632d657f9c13b1250d688394eb7c99956a994527cb56f4a77c86ed61ff1dbda:780:ALIAS:7,,,外務省,OJSC Izhmash
NOOP_ALREADY_METI,ojsckontsernavtomatika,OJSC Kontsern Avtomatika,758,Joint Stock Company Concern Avtomatika,ALIAS:3,758,"[""OJSC Kontsern Avtomatika""]",c632d657f9c13b1250d688394eb7c99956a994527cb56f4a77c86ed61ff1dbda:758:ALIAS:3,,,経産省,OJSC Kontsern Avtomatika
READY_TAG_EXISTING,ojscmachineengineeringtechnologies,OJSC Machine Engineering Technologies,791,NPK Tekhmash OAO,ALIAS:4,791,"[""OJSC Machine Engineering Technologies""]",c632d657f9c13b1250d688394eb7c99956a994527cb56f4a77c86ed61ff1dbda:791:ALIAS:4,,,OFAC;財務省,OJSC Machine Engineering Technologies
READY_TAG_EXISTING,ojscresearchandproductioncorporationuralvagonzavod,OJSC Research and Production Corporation Uralvagonzavod,833,Uralvagonzavod,ALIAS:4,833,"[""OJSC Research and Production Corporation Uralvagonzavod""]",c632d657f9c13b1250d688394eb7c99956a994527cb56f4a77c86ed61ff1dbda:833:ALIAS:4,,,OFAC;外務省,OJSC Research and Production Corporation Uralvagonzavod
READY_ADD,ojscrosoboronexport,OJSC ROSOBORONEXPORT,806,Rosoboronexport OJSC (ROE),ALIAS:7,806,"[""OJSC ROSOBORONEXPORT""]",c632d657f9c13b1250d688394eb7c99956a994527cb56f4a77c86ed61ff1dbda:806:ALIAS:7,,,,
READY_TAG_EXISTING,ojscunitedshipbuildingcorporation,OJSC United Shipbuilding Corporation,829,United Shipbuilding Corporation,ALIAS:2,829,"[""OJSC United Shipbuilding Corporation""]",c632d657f9c13b1250d688394eb7c99956a994527cb56f4a77c86ed61ff1dbda:829:ALIAS:2,,,外務省,OJSC United Shipbuilding Corporation
NOOP_ALREADY_METI,"okb""temp",OKB “Temp”,822,"""Temp-Avia"" Arzamas Research and Production Association JSC",ALIAS:5,822,"[""OKB “Temp”""]",c632d657f9c13b1250d688394eb7c99956a994527cb56f4a77c86ed61ff1dbda:822:ALIAS:5,,,経産省,OKB “Temp”
HOLD_WEAK_ALIAS,omm,OMM,402,"Ocean Maritime Management Company, Limited",ALIAS:1,402,"[""OMM""]",c632d657f9c13b1250d688394eb7c99956a994527cb56f4a77c86ed61ff1dbda:402:ALIAS:1,3文字と短く、照合時に誤検知が多発する見込み（OMM）,,財務省,OMM
NOOP_ALREADY_METI,omransahel,Omran Sahel,183,Omran Sahel,PRIMARY,183,"[""Omran Sahel""]",c632d657f9c13b1250d688394eb7c99956a994527cb56f4a77c86ed61ff1dbda:183:PRIMARY,,,OFAC;経産省;財務省,OMRAN SAHEL
READY_ADD,oooalabugadevelopment,OOO Alabuga Development,784,LLC Alabuga Development,ALIAS:1,784,"[""OOO Alabuga Development""]",c632d657f9c13b1250d688394eb7c99956a994527cb56f4a77c86ed61ff1dbda:784:ALIAS:1,,,,
NOOP_ALREADY_METI,oooalbatros,OOO Albatros,796,OOO Albatross,ALIAS:1,796,"[""OOO Albatros""]",c632d657f9c13b1250d688394eb7c99956a994527cb56f4a77c86ed61ff1dbda:796:ALIAS:1,,,経産省,OOO Albatros
NOOP_ALREADY_METI,oooalbatross,OOO Albatross,796,OOO Albatross,PRIMARY,796,"[""OOO Albatross""]",c632d657f9c13b1250d688394eb7c99956a994527cb56f4a77c86ed61ff1dbda:796:PRIMARY,,,経産省,OOO Albatross
NOOP_ALREADY_METI,ooointertechinstruments,OOO Intertech Instruments,798,OOO Intertech Instruments,PRIMARY,798,"[""OOO Intertech Instruments""]",c632d657f9c13b1250d688394eb7c99956a994527cb56f4a77c86ed61ff1dbda:798:PRIMARY,,,経産省,OOO Intertech Instruments
NOOP_ALREADY_METI,oookhimmed,OOO Khimmed,744,chimmed group,ALIAS:3,744,"[""OOO Khimmed""]",c632d657f9c13b1250d688394eb7c99956a994527cb56f4a77c86ed61ff1dbda:744:ALIAS:3,,,経産省,OOO Khimmed
READY_TAG_EXISTING,ooomtskt,OOO MTSKT,751,International Center for Quantum Optics and Quantum Technologies LLS,ALIAS:1,751,"[""OOO MTSKT""]",c632d657f9c13b1250d688394eb7c99956a994527cb56f4a77c86ed61ff1dbda:751:ALIAS:1,,,OFAC;財務省,OOO MTSKT
READY_TAG_EXISTING,ooosbs,OOO SBS,820,Systems of Biological Synthesis LLC,ALIAS:1,820,"[""OOO SBS""]",c632d657f9c13b1250d688394eb7c99956a994527cb56f4a77c86ed61ff1dbda:820:ALIAS:1,,,OFAC,OOO SBS
READY_TAG_EXISTING,openjointstockcompanyaviadvigatel,Open Joint Stock Company Aviadvigatel,799,Open Joint Stock Company Aviadvigatel,PRIMARY,799,"[""Open Joint Stock Company Aviadvigatel""]",c632d657f9c13b1250d688394eb7c99956a994527cb56f4a77c86ed61ff1dbda:799:PRIMARY,,,外務省,Open Joint Stock Company Aviadvigatel
NOOP_ALREADY_METI,openjointstockcompanymilitaryindustrialcorporationscientificandproductionmachinebuildingassociation,Open Joint Stock Company Military Industrial Corporation Scientific and Production Machine Building Association,787,"""Military Industrial Corporation NPO Mashinostroenia"" JSC",ALIAS:6,787,"[""Open Joint Stock Company Military Industrial Corporation Scientific and Production Machine Building Association""]",c632d657f9c13b1250d688394eb7c99956a994527cb56f4a77c86ed61ff1dbda:787:ALIAS:6,,,OFAC;経産省;財務省,Open Joint Stock Company Military Industrial Corporation Scientific and Production Machine Building Association
NOOP_ALREADY_METI,organisationfortechnologicalindustries(oti),Organisation for Technological Industries (OTI）,465,Organisation for Technological Industries (OTI）,PRIMARY,465,"[""Organisation for Technological Industries (OTI）""]",c632d657f9c13b1250d688394eb7c99956a994527cb56f4a77c86ed61ff1dbda:465:PRIMARY,,,経産省,Organisation for Technological Industries (OTI)
NOOP_ALREADY_METI,organisationofdefensiveinnovationandresearch,Organisation of Defensive Innovation and Research,184,Organisation of Defensive Innovation and Research,PRIMARY,184,"[""Organisation of Defensive Innovation and Research""]",c632d657f9c13b1250d688394eb7c99956a994527cb56f4a77c86ed61ff1dbda:184:PRIMARY,,,経産省,Organisation of Defensive Innovation and Research
NOOP_ALREADY_METI,organizacijaarmedforcesgeographicalorganisation,Organizacija Armed Forces Geographical Organisation,54,Armed Forces Geographical Organisation,ALIAS:1,54,"[""Organizacija Armed Forces Geographical Organisation""]",c632d657f9c13b1250d688394eb7c99956a994527cb56f4a77c86ed61ff1dbda:54:ALIAS:1,,,経産省,Organizacija Armed Forces Geographical Organisation
NOOP_ALREADY_METI,organizationfortechnicalindustries,Organization for Technical Industries,465,Organisation for Technological Industries (OTI）,ALIAS:1,465,"[""Organization for Technical Industries""]",c632d657f9c13b1250d688394eb7c99956a994527cb56f4a77c86ed61ff1dbda:465:ALIAS:1,,,経産省,Organization for Technical Industries
NOOP_ALREADY_METI,organizationoftechnologicalindustries,Organization of Technological Industries,465,Organisation for Technological Industries (OTI）,ALIAS:2,465,"[""Organization of Technological Industries""]",c632d657f9c13b1250d688394eb7c99956a994527cb56f4a77c86ed61ff1dbda:465:ALIAS:2,,,経産省,Organization of Technological Industries
NOOP_ALREADY_METI,orientalairtransportserviceltd,Oriental Air Transport Service Ltd,561,Oriental Logistics Group LTD,ALIAS:1,561,"[""Oriental Air Transport Service Ltd""]",c632d657f9c13b1250d688394eb7c99956a994527cb56f4a77c86ed61ff1dbda:561:ALIAS:1,,,経産省,Oriental Air Transport Service Ltd
NOOP_ALREADY_METI,orientalengineers,Oriental Engineers,666,Oriental Engineers,PRIMARY,666,"[""Oriental Engineers""]",c632d657f9c13b1250d688394eb7c99956a994527cb56f4a77c86ed61ff1dbda:666:PRIMARY,,,経産省,Oriental Engineers
NOOP_ALREADY_METI,orientalengineerspvt.ltd.,Oriental Engineers Pvt. Ltd.,666,Oriental Engineers,ALIAS:3,666,"[""Oriental Engineers Pvt. Ltd.""]",c632d657f9c13b1250d688394eb7c99956a994527cb56f4a77c86ed61ff1dbda:666:ALIAS:3,,,経産省,Oriental Engineers Pvt. Ltd.
NOOP_ALREADY_METI,orientalengineersservices,Oriental Engineers Services,666,Oriental Engineers,ALIAS:4,666,"[""Oriental Engineers Services""]",c632d657f9c13b1250d688394eb7c99956a994527cb56f4a77c86ed61ff1dbda:666:ALIAS:4,,,経産省,Oriental Engineers Services
NOOP_ALREADY_METI,orientallogisticsgroupltd,Oriental Logistics Group LTD,561,Oriental Logistics Group LTD,PRIMARY,561,"[""Oriental Logistics Group LTD""]",c632d657f9c13b1250d688394eb7c99956a994527cb56f4a77c86ed61ff1dbda:561:PRIMARY,,,経産省,Oriental Logistics Group LTD
NOOP_ALREADY_METI,orientaloilkish,Oriental Oil Kish,185,Oriental Oil Kish,PRIMARY,185,"[""Oriental Oil Kish""]",c632d657f9c13b1250d688394eb7c99956a994527cb56f4a77c86ed61ff1dbda:185:PRIMARY,,,OFAC;経産省;財務省,ORIENTAL OIL KISH
NOOP_ALREADY_METI,orionelevenpvt.ltd.,Orion Eleven Pvt. Ltd.,667,Orion Eleven Pvt. Ltd.,PRIMARY,667,"[""Orion Eleven Pvt. Ltd.""]",c632d657f9c13b1250d688394eb7c99956a994527cb56f4a77c86ed61ff1dbda:667:PRIMARY,,,経産省,Orion Eleven Pvt. Ltd.
READY_TAG_EXISTING,oskoao,OSK OAO,829,United Shipbuilding Corporation,ALIAS:4,829,"[""OSK OAO""]",c632d657f9c13b1250d688394eb7c99956a994527cb56f4a77c86ed61ff1dbda:829:ALIAS:4,,,外務省,OSK OAO
READY_TAG_EXISTING,otkrytoeaktsionernoeobshchestvokontsernpvoalmazantei,Otkrytoe Aktsionernoe Obshchestvo Kontsern PVO Almaz Antei,756,Joint-Stock Company Concern Almaz-Antey,ALIAS:4,756,"[""Otkrytoe Aktsionernoe Obshchestvo Kontsern PVO Almaz Antei""]",c632d657f9c13b1250d688394eb7c99956a994527cb56f4a77c86ed61ff1dbda:756:ALIAS:4,,,外務省,Otkrytoe Aktsionernoe Obshchestvo Kontsern PVO Almaz Antei
NOOP_ALREADY_METI,otkrytoeaktsionernoeobshchestvoniimolekulyarnoyelecktronikiizavodmikron,OTKRYTOE AKTSIONERNOE OBSHCHESTVO NII MOLEKULYARNOY ELECKTRONIKI I ZAVOD MIKRON,786,Mikron,ALIAS:5,786,"[""OTKRYTOE AKTSIONERNOE OBSHCHESTVO NII MOLEKULYARNOY ELECKTRONIKI I ZAVOD MIKRON""]",c632d657f9c13b1250d688394eb7c99956a994527cb56f4a77c86ed61ff1dbda:786:ALIAS:5,,,OFAC;経産省;財務省,Otkrytoe Aktsionernoe Obshchestvo NII Molekulyarnoy Elecktroniki i Zavod Mikron
NOOP_ALREADY_METI,owjparvazmadonafarcompanyllc,OWJ PARVAZ MADO NAFAR COMPANY LLC,182,OJE PARVAZ MADO NAFAR COMPANY,ALIAS:1,182,"[""OWJ PARVAZ MADO NAFAR COMPANY LLC""]",c632d657f9c13b1250d688394eb7c99956a994527cb56f4a77c86ed61ff1dbda:182:ALIAS:1,,,OFAC;経産省,Owj Parvaz Mado Nafar Company LLC
NOOP_ALREADY_METI,paeksanassociatedcorporation,Paeksan Associated Corporation,318,Green Pine Associated Corporation （青松連合）,ALIAS:11,318,"[""Paeksan Associated Corporation""]",c632d657f9c13b1250d688394eb7c99956a994527cb56f4a77c86ed61ff1dbda:318:ALIAS:11,,,経産省,Paeksan Associated Corporation
NOOP_ALREADY_METI,pakistanaeronauticalcomplex(pac),Pakistan Aeronautical Complex (PAC),668,Pakistan Aeronautical Complex (PAC),PRIMARY,668,"[""Pakistan Aeronautical Complex (PAC)""]",c632d657f9c13b1250d688394eb7c99956a994527cb56f4a77c86ed61ff1dbda:668:PRIMARY,,,経産省,Pakistan Aeronautical Complex (PAC)
NOOP_ALREADY_METI,pakistanatomicenergycommission(paec),Pakistan Atomic Energy Commission (PAEC),669,Pakistan Atomic Energy Commission (PAEC),PRIMARY,669,"[""Pakistan Atomic Energy Commission (PAEC)""]",c632d657f9c13b1250d688394eb7c99956a994527cb56f4a77c86ed61ff1dbda:669:PRIMARY,,,経産省,Pakistan Atomic Energy Commission (PAEC)
NOOP_ALREADY_METI,pakistaninstituteofengineering&appliedsciences(pieas),Pakistan Institute of Engineering & Applied Sciences (PIEAS),670,Pakistan Institute of Engineering & Applied Sciences (PIEAS),PRIMARY,670,"[""Pakistan Institute of Engineering & Applied Sciences (PIEAS)""]",c632d657f9c13b1250d688394eb7c99956a994527cb56f4a77c86ed61ff1dbda:670:PRIMARY,,,経産省,Pakistan Institute of Engineering & Applied Sciences (PIEAS)
NOOP_ALREADY_METI,pakistaninstituteofnuclearscienceandtechnology(pinstech),Pakistan Institute of Nuclear Science and Technology (PINSTECH),671,Pakistan Institute of Nuclear Science and Technology (PINSTECH),PRIMARY,671,"[""Pakistan Institute of Nuclear Science and Technology (PINSTECH)""]",c632d657f9c13b1250d688394eb7c99956a994527cb56f4a77c86ed61ff1dbda:671:PRIMARY,,,経産省,Pakistan Institute of Nuclear Science and Technology (PINSTECH)
NOOP_ALREADY_METI,pakistanordnancefactories(pof),Pakistan Ordnance Factories (POF),672,Pakistan Ordnance Factories (POF),PRIMARY,672,"[""Pakistan Ordnance Factories (POF)""]",c632d657f9c13b1250d688394eb7c99956a994527cb56f4a77c86ed61ff1dbda:672:PRIMARY,,,経産省,Pakistan Ordnance Factories (POF)
NOOP_ALREADY_METI,paktechengineers,Paktech Engineers,673,Paktech Engineers,PRIMARY,673,"[""Paktech Engineers""]",c632d657f9c13b1250d688394eb7c99956a994527cb56f4a77c86ed61ff1dbda:673:PRIMARY,,,経産省,Paktech Engineers
NOOP_ALREADY_METI,panacommunicationinc.,Pana Communication Inc.,629,Iman Group,ALIAS:1,629,"[""Pana Communication Inc.""]",c632d657f9c13b1250d688394eb7c99956a994527cb56f4a77c86ed61ff1dbda:629:ALIAS:1,,,経産省,Pana Communication Inc.
READY_TAG_EXISTING,panha,PANHA,127,IRAN HELICOPTER SUPPORT AND RENEWAL COMPANY,ALIAS:4,127,"[""PANHA""]",c632d657f9c13b1250d688394eb7c99956a994527cb56f4a77c86ed61ff1dbda:127:ALIAS:4,,,OFAC,PANHA
NOOP_ALREADY_METI,pansystemspte.ltd.(pyongyangbranch),Pan Systems Pte. Ltd. (Pyongyang branch),404,Pan Systems Pte. Ltd. (Pyongyang branch),PRIMARY,404,"[""Pan Systems Pte. Ltd. (Pyongyang branch)""]",c632d657f9c13b1250d688394eb7c99956a994527cb56f4a77c86ed61ff1dbda:404:PRIMARY,,,経産省,Pan Systems Pte. Ltd. (Pyongyang branch)
READY_ADD,paouec-umpo,PAO UEC-UMPO,802,Public Joint Stock Company UEC-Ufa Engine Industrial Association,ALIAS:4,802,"[""PAO UEC-UMPO""]",c632d657f9c13b1250d688394eb7c99956a994527cb56f4a77c86ed61ff1dbda:802:ALIAS:4,,,,
NOOP_ALREADY_METI,parachemicalindustries,Para Chemical Industries,188,Parchin Chemical Industries (PCI),ALIAS:1,188,"[""Para Chemical Industries""]",c632d657f9c13b1250d688394eb7c99956a994527cb56f4a77c86ed61ff1dbda:188:ALIAS:1,,,OFAC;経産省,PARA CHEMICAL INDUSTRIES
READY_TAG_EXISTING,paradisemedicalpioneerscompany,Paradise Medical Pioneers Company,186,Paradise Medical Pioneers Company,PRIMARY,186,"[""Paradise Medical Pioneers Company""]",c632d657f9c13b1250d688394eb7c99956a994527cb56f4a77c86ed61ff1dbda:186:PRIMARY,,,OFAC,PARADISE MEDICAL PIONEERS COMPANY
READY_TAG_EXISTING,paravarparscompany,PARAVAR PARS COMPANY,187,PARAVAR PARS COMPANY,PRIMARY,187,"[""PARAVAR PARS COMPANY""]",c632d657f9c13b1250d688394eb7c99956a994527cb56f4a77c86ed61ff1dbda:187:PRIMARY,,,OFAC,PARAVAR PARS COMPANY
NOOP_ALREADY_METI,parchinchemicalfactories(pcf),Parchin Chemical Factories (PCF),188,Parchin Chemical Industries (PCI),ALIAS:2,188,"[""Parchin Chemical Factories (PCF)""]",c632d657f9c13b1250d688394eb7c99956a994527cb56f4a77c86ed61ff1dbda:188:ALIAS:2,,,経産省,Parchin Chemical Factories (PCF)
NOOP_ALREADY_METI,parchinchemicalindustries(pci),Parchin Chemical Industries (PCI),188,Parchin Chemical Industries (PCI),PRIMARY,188,"[""Parchin Chemical Industries (PCI)""]",c632d657f9c13b1250d688394eb7c99956a994527cb56f4a77c86ed61ff1dbda:188:PRIMARY,,,経産省,Parchin Chemical Industries (PCI)
NOOP_ALREADY_METI,parchinchemicalindustriesgroup,Parchin Chemical Industries Group,188,Parchin Chemical Industries (PCI),ALIAS:3,188,"[""Parchin Chemical Industries Group""]",c632d657f9c13b1250d688394eb7c99956a994527cb56f4a77c86ed61ff1dbda:188:ALIAS:3,,,OFAC;経産省,PARCHIN CHEMICAL INDUSTRIES GROUP
NOOP_ALREADY_METI,pardazansystemhousesarman,PARDAZAN SYSTEM HOUSES ARMAN,189,PARDAZAN SYSTEM NAMAD ARMAN,ALIAS:2,189,"[""PARDAZAN SYSTEM HOUSES ARMAN""]",c632d657f9c13b1250d688394eb7c99956a994527cb56f4a77c86ed61ff1dbda:189:ALIAS:2,,,OFAC;経産省,Pardazan System Houses Arman
READY_TAG_EXISTING,pardazansystemnamadarman,PARDAZAN SYSTEM NAMAD ARMAN,189,PARDAZAN SYSTEM NAMAD ARMAN,PRIMARY,189,"[""PARDAZAN SYSTEM NAMAD ARMAN""]",c632d657f9c13b1250d688394eb7c99956a994527cb56f4a77c86ed61ff1dbda:189:PRIMARY,,,OFAC,PARDAZAN SYSTEM NAMAD ARMAN
NOOP_ALREADY_METI,parsamayeshsanaatkish,Pars Amayesh Sanaat Kish,190,Pars Amayesh Sanaat Kish,PRIMARY,190,"[""Pars Amayesh Sanaat Kish""]",c632d657f9c13b1250d688394eb7c99956a994527cb56f4a77c86ed61ff1dbda:190:PRIMARY,,,OFAC;経産省,PARS AMAYESH SANAAT KISH
READY_TAG_EXISTING,parsaviationservicescompany,Pars Aviation Services Company,191,Pars Aviation Services Company,PRIMARY,191,"[""Pars Aviation Services Company""]",c632d657f9c13b1250d688394eb7c99956a994527cb56f4a77c86ed61ff1dbda:191:PRIMARY,,,OFAC;財務省,PARS AVIATION SERVICES COMPANY
READY_TAG_EXISTING,parsreactorsconstructionanddevelopmentcompany,PARS REACTORS CONSTRUCTION AND DEVELOPMENT COMPANY,192,PARS REACTORS CONSTRUCTION AND DEVELOPMENT COMPANY,PRIMARY,192,"[""PARS REACTORS CONSTRUCTION AND DEVELOPMENT COMPANY""]",c632d657f9c13b1250d688394eb7c99956a994527cb56f4a77c86ed61ff1dbda:192:PRIMARY,,,OFAC,PARS REACTORS CONSTRUCTION AND DEVELOPMENT COMPANY
NOOP_ALREADY_METI,partosanatco.,Parto Sanat Co.,193,Parto Sanat Company,ALIAS:1,193,"[""Parto Sanat Co.""]",c632d657f9c13b1250d688394eb7c99956a994527cb56f4a77c86ed61ff1dbda:193:ALIAS:1,,,OFAC;経産省,PARTO SANAT CO.
NOOP_ALREADY_METI,partosanatcompany,Parto Sanat Company,193,Parto Sanat Company,PRIMARY,193,"[""Parto Sanat Company""]",c632d657f9c13b1250d688394eb7c99956a994527cb56f4a77c86ed61ff1dbda:193:PRIMARY,,,経産省,Parto Sanat Company
NOOP_ALREADY_METI,partsdeeptrading,Parts Deep Trading,21,Parts Deep Trading,PRIMARY,21,"[""Parts Deep Trading""]",c632d657f9c13b1250d688394eb7c99956a994527cb56f4a77c86ed61ff1dbda:21:PRIMARY,,,経産省,Parts Deep Trading
NOOP_ALREADY_METI,pasdaran,Pasdaran,138,Islamic Revolutionary Guard Corps (IRGC),ALIAS:5,138,"[""Pasdaran""]",c632d657f9c13b1250d688394eb7c99956a994527cb56f4a77c86ed61ff1dbda:138:ALIAS:5,,,OFAC;経産省,PASDARAN
HOLD_MULTI_PARTY_COLLISION,pasdaran-eenghelab-eislami,Pasdaran-e Enghelab-e Islami,135,IRGC Qods Force,ALIAS:2,135;138,"[""Pasdaran-e Enghelab-e Islami""]",c632d657f9c13b1250d688394eb7c99956a994527cb56f4a77c86ed61ff1dbda:135:ALIAS:2;c632d657f9c13b1250d688394eb7c99956a994527cb56f4a77c86ed61ff1dbda:138:ALIAS:6,同一match_keyが複数のMETI No.に紐づく。party-aware管理まで単独master反映しない,,経産省,Pasdaran-e Enghelab-e Islami
NOOP_ALREADY_METI,pasdaran-einqilab,Pasdaran-e Inqilab,138,Islamic Revolutionary Guard Corps (IRGC),ALIAS:7,138,"[""Pasdaran-e Inqilab""]",c632d657f9c13b1250d688394eb7c99956a994527cb56f4a77c86ed61ff1dbda:138:ALIAS:7,,,OFAC;経産省,Pasdaran-e Inqilab
READY_TAG_EXISTING,pask,PASK,190,Pars Amayesh Sanaat Kish,ALIAS:1,190,"[""PASK""]",c632d657f9c13b1250d688394eb7c99956a994527cb56f4a77c86ed61ff1dbda:190:ALIAS:1,,,OFAC,PASK
READY_TAG_EXISTING,pasna,PASNA,189,PARDAZAN SYSTEM NAMAD ARMAN,ALIAS:3,189,"[""PASNA""]",c632d657f9c13b1250d688394eb7c99956a994527cb56f4a77c86ed61ff1dbda:189:ALIAS:3,,,OFAC,PASNA
NOOP_ALREADY_METI,pasnaindustryco.,PASNA INDUSTRY CO.,189,PARDAZAN SYSTEM NAMAD ARMAN,ALIAS:4,189,"[""PASNA INDUSTRY CO.""]",c632d657f9c13b1250d688394eb7c99956a994527cb56f4a77c86ed61ff1dbda:189:ALIAS:4,,,OFAC;経産省,PASNA INDUSTRY CO.
NOOP_ALREADY_METI,pasnainternationtradingco.,PASNA INTERNATION TRADING CO.,189,PARDAZAN SYSTEM NAMAD ARMAN,ALIAS:5,189,"[""PASNA INTERNATION TRADING CO.""]",c632d657f9c13b1250d688394eb7c99956a994527cb56f4a77c86ed61ff1dbda:189:ALIAS:5,,,OFAC;経産省,PASNA INTERNATION TRADING CO.
NOOP_ALREADY_METI,passivedefenseorganization,Passive Defense Organization,194,Passive Defense Organization,PRIMARY,194,"[""Passive Defense Organization""]",c632d657f9c13b1250d688394eb7c99956a994527cb56f4a77c86ed61ff1dbda:194:PRIMARY,,,経産省,Passive Defense Organization
NOOP_ALREADY_METI,payanavaranomran,Payan Avaran Omran,178,Negin Parto Khavar,ALIAS:4,178,"[""Payan Avaran Omran""]",c632d657f9c13b1250d688394eb7c99956a994527cb56f4a77c86ed61ff1dbda:178:ALIAS:4,,,OFAC;経産省,PAYAN AVARAN OMRAN
NOOP_ALREADY_METI,payaparto,Paya Parto,195,Paya Parto,PRIMARY,195,"[""Paya Parto""]",c632d657f9c13b1250d688394eb7c99956a994527cb56f4a77c86ed61ff1dbda:195:PRIMARY,,,経産省,Paya Parto
NOOP_ALREADY_METI,payapartov,Paya Partov,195,Paya Parto,ALIAS:1,195,"[""Paya Partov""]",c632d657f9c13b1250d688394eb7c99956a994527cb56f4a77c86ed61ff1dbda:195:ALIAS:1,,,経産省,Paya Partov
NOOP_ALREADY_METI,payapartovco.,Paya Partov Co.,195,Paya Parto,ALIAS:2,195,"[""Paya Partov Co.""]",c632d657f9c13b1250d688394eb7c99956a994527cb56f4a77c86ed61ff1dbda:195:ALIAS:2,,,OFAC;経産省,PAYA PARTOV CO.
READY_ADD,peacemotorscorporation(平和自動車会社),Peace Motors Corporation (平和自動車会社),405,Peace Motors Corporation (平和自動車会社),PRIMARY,405,"[""Peace Motors Corporation (平和自動車会社)""]",c632d657f9c13b1250d688394eb7c99956a994527cb56f4a77c86ed61ff1dbda:405:PRIMARY,,,,
READY_TAG_EXISTING,pegahaluminumarakcompany,PEGAH ALUMINUM ARAK COMPANY,196,PEGAH ALUMINUM ARAK COMPANY,PRIMARY,196,"[""PEGAH ALUMINUM ARAK COMPANY""]",c632d657f9c13b1250d688394eb7c99956a994527cb56f4a77c86ed61ff1dbda:196:PRIMARY,,,OFAC,PEGAH ALUMINUM ARAK COMPANY
READY_TAG_EXISTING,pegahaluminumcompany,PEGAH ALUMINUM COMPANY,196,PEGAH ALUMINUM ARAK COMPANY,ALIAS:2,196,"[""PEGAH ALUMINUM COMPANY""]",c632d657f9c13b1250d688394eb7c99956a994527cb56f4a77c86ed61ff1dbda:196:ALIAS:2,,,OFAC,Pegah Aluminum Company
READY_TAG_EXISTING,pegasus,Pegasus,22,Pegasus General Trading FZE,ALIAS:6,22,"[""Pegasus""]",c632d657f9c13b1250d688394eb7c99956a994527cb56f4a77c86ed61ff1dbda:22:ALIAS:6,,,OFAC,PEGASUS
NOOP_ALREADY_METI,pegasusgeneral,Pegasus General,22,Pegasus General Trading FZE,ALIAS:4,22,"[""Pegasus General""]",c632d657f9c13b1250d688394eb7c99956a994527cb56f4a77c86ed61ff1dbda:22:ALIAS:4,,,経産省,Pegasus General
NOOP_ALREADY_METI,pegasusgeneraltradingcompany,Pegasus General Trading Company,22,Pegasus General Trading FZE,ALIAS:2,22,"[""Pegasus General Trading Company""]",c632d657f9c13b1250d688394eb7c99956a994527cb56f4a77c86ed61ff1dbda:22:ALIAS:2,,,経産省,Pegasus General Trading Company
NOOP_ALREADY_METI,pegasusgeneraltradingfze,Pegasus General Trading FZE,22,Pegasus General Trading FZE,PRIMARY,22,"[""Pegasus General Trading FZE""]",c632d657f9c13b1250d688394eb7c99956a994527cb56f4a77c86ed61ff1dbda:22:PRIMARY;c632d657f9c13b1250d688394eb7c99956a994527cb56f4a77c86ed61ff1dbda:22:ALIAS:1,,,経産省,Pegasus General Trading FZE
NOOP_ALREADY_METI,pegasusgeneraltradingllc,Pegasus General Trading LLC,22,Pegasus General Trading FZE,ALIAS:3,22,"[""Pegasus General Trading LLC""]",c632d657f9c13b1250d688394eb7c99956a994527cb56f4a77c86ed61ff1dbda:22:ALIAS:3,,,経産省,Pegasus General Trading LLC
NOOP_ALREADY_METI,pegasustrading,Pegasus Trading,22,Pegasus General Trading FZE,ALIAS:5,22,"[""Pegasus Trading""]",c632d657f9c13b1250d688394eb7c99956a994527cb56f4a77c86ed61ff1dbda:22:ALIAS:5,,,経産省,Pegasus Trading
NOOP_ALREADY_METI,pentanechemistry,Pentane Chemistry,197,Pentane Chemistry Industries (PCI),ALIAS:1,197,"[""Pentane Chemistry""]",c632d657f9c13b1250d688394eb7c99956a994527cb56f4a77c86ed61ff1dbda:197:ALIAS:1,,,OFAC;経産省,PENTANE CHEMISTRY
NOOP_ALREADY_METI,pentanechemistryindustries(pci),Pentane Chemistry Industries (PCI),197,Pentane Chemistry Industries (PCI),PRIMARY,197,"[""Pentane Chemistry Industries (PCI)""]",c632d657f9c13b1250d688394eb7c99956a994527cb56f4a77c86ed61ff1dbda:197:PRIMARY,,,経産省,Pentane Chemistry Industries (PCI)
NOOP_ALREADY_METI,pentanechemistryindustriescompany,Pentane Chemistry Industries Company,197,Pentane Chemistry Industries (PCI),ALIAS:2,197,"[""Pentane Chemistry Industries Company""]",c632d657f9c13b1250d688394eb7c99956a994527cb56f4a77c86ed61ff1dbda:197:ALIAS:2,,,OFAC;経産省,PENTANE CHEMISTRY INDUSTRIES COMPANY
NOOP_ALREADY_METI,pentanechemistryindustrycompany,Pentane Chemistry Industry Company,197,Pentane Chemistry Industries (PCI),ALIAS:3,197,"[""Pentane Chemistry Industry Company""]",c632d657f9c13b1250d688394eb7c99956a994527cb56f4a77c86ed61ff1dbda:197:ALIAS:3,,,OFAC;経産省,PENTANE CHEMISTRY INDUSTRY COMPANY
NOOP_ALREADY_METI,pentiumengineeringsolutions,Pentium Engineering Solutions,674,Pentium Engineering Solutions,PRIMARY,674,"[""Pentium Engineering Solutions""]",c632d657f9c13b1250d688394eb7c99956a994527cb56f4a77c86ed61ff1dbda:674:PRIMARY,,,経産省,Pentium Engineering Solutions
NOOP_ALREADY_METI,people'ssteelmills,People's Steel Mills,675,People's Steel Mills Ltd.,ALIAS:3,675,"[""People's Steel Mills""]",c632d657f9c13b1250d688394eb7c99956a994527cb56f4a77c86ed61ff1dbda:675:ALIAS:3,,,経産省,People's Steel Mills
NOOP_ALREADY_METI,people'ssteelmillsltd.,People's Steel Mills Ltd.,675,People's Steel Mills Ltd.,PRIMARY,675,"[""People's Steel Mills Ltd.""]",c632d657f9c13b1250d688394eb7c99956a994527cb56f4a77c86ed61ff1dbda:675:PRIMARY;c632d657f9c13b1250d688394eb7c99956a994527cb56f4a77c86ed61ff1dbda:675:ALIAS:2,,,経産省,People's Steel Mills Ltd.
NOOP_ALREADY_METI,peoplessteelmills,Peoples Steel Mills,675,People's Steel Mills Ltd.,ALIAS:1,675,"[""Peoples Steel Mills""]",c632d657f9c13b1250d688394eb7c99956a994527cb56f4a77c86ed61ff1dbda:675:ALIAS:1,,,経産省,Peoples Steel Mills
NOOP_ALREADY_METI,pergasariamovalledltd.,Pergas Aria Movalled Ltd.,52,Aria Nikan,ALIAS:2,52,"[""Pergas Aria Movalled Ltd.""]",c632d657f9c13b1250d688394eb7c99956a994527cb56f4a77c86ed61ff1dbda:52:ALIAS:2,,,OFAC;経産省,Pergas Aria Movalled Ltd.
NOOP_ALREADY_METI,pervaizcommercialtradingco.(pctc),Pervaiz Commercial Trading Co. (PCTC),676,Pervaiz Commercial Trading Co. (PCTC),PRIMARY,676,"[""Pervaiz Commercial Trading Co. (PCTC)""]",c632d657f9c13b1250d688394eb7c99956a994527cb56f4a77c86ed61ff1dbda:676:PRIMARY,,,経産省,Pervaiz Commercial Trading Co. (PCTC)
NOOP_ALREADY_METI,"pervichnayaprofsoyuznayaorganizatsiyarossiskogoprofsoyuzarabotnikovpromyshlennostiv""gosniimash",Pervichnaya Profsoyuznaya Organizatsiya Rossiskogo Profsoyuza Rabotnikov Promyshlennosti V “GOSNIIMASH”,812,"""Scientific Research Institute for Mechanical Engineering"" JSC",ALIAS:3,812,"[""Pervichnaya Profsoyuznaya Organizatsiya Rossiskogo Profsoyuza Rabotnikov Promyshlennosti V “GOSNIIMASH”""]",c632d657f9c13b1250d688394eb7c99956a994527cb56f4a77c86ed61ff1dbda:812:ALIAS:3,,,経産省,Pervichnaya Profsoyuznaya Organizatsiya Rossiskogo Profsoyuza Rabotnikov Promyshlennosti V “GOSNIIMASH”
READY_TAG_EXISTING,phenomenainternationalgeneraltradingllc,PHENOMENA INTERNATIONAL GENERAL TRADING LLC,23,PHENOMENA INTERNATIONAL GENERAL TRADING LLC,PRIMARY,23,"[""PHENOMENA INTERNATIONAL GENERAL TRADING LLC""]",c632d657f9c13b1250d688394eb7c99956a994527cb56f4a77c86ed61ff1dbda:23:PRIMARY,,,OFAC,PHENOMENA INTERNATIONAL GENERAL TRADING LLC
NOOP_ALREADY_METI,phonideelectronicslimited,Phonide Electronics Limited,547,"Kinglead Electronics Co., Ltd.",ALIAS:4,547,"[""Phonide Electronics Limited""]",c632d657f9c13b1250d688394eb7c99956a994527cb56f4a77c86ed61ff1dbda:547:ALIAS:4,,,経産省,Phonide Electronics Limited
NOOP_ALREADY_METI,pietradinghouse,Pie Trading House,677,Pie Trading House,PRIMARY,677,"[""Pie Trading House""]",c632d657f9c13b1250d688394eb7c99956a994527cb56f4a77c86ed61ff1dbda:677:PRIMARY,,,経産省,Pie Trading House
READY_TAG_EXISTING,pishgamelectronicsafehcompany,PISHGAM ELECTRONIC SAFEH COMPANY,198,PISHGAM ELECTRONIC SAFEH COMPANY,PRIMARY,198,"[""PISHGAM ELECTRONIC SAFEH COMPANY""]",c632d657f9c13b1250d688394eb7c99956a994527cb56f4a77c86ed61ff1dbda:198:PRIMARY,,,OFAC,PISHGAM ELECTRONIC SAFEH COMPANY
NOOP_ALREADY_METI,pishgamelectronicsofehcompany,PISHGAM ELECTRONIC SOFEH COMPANY,198,PISHGAM ELECTRONIC SAFEH COMPANY,ALIAS:1,198,"[""PISHGAM ELECTRONIC SOFEH COMPANY""]",c632d657f9c13b1250d688394eb7c99956a994527cb56f4a77c86ed61ff1dbda:198:ALIAS:1,,,OFAC;経産省,Pishgam Electronic Sofeh Company
READY_TAG_EXISTING,pishramobtakerpeyvandcompany,PISHRA MOBTAKER PEYVAND COMPANY,199,PISHRO MOBTAKER PEYVAND,ALIAS:1,199,"[""PISHRA MOBTAKER PEYVAND COMPANY""]",c632d657f9c13b1250d688394eb7c99956a994527cb56f4a77c86ed61ff1dbda:199:ALIAS:1,,,OFAC,PISHRAMOBTAKERPEYVANDCOMPANY
NOOP_ALREADY_METI,pishrocompany,Pishro Company,200,Pishro Systems Research Company,ALIAS:5,200,"[""Pishro Company""]",c632d657f9c13b1250d688394eb7c99956a994527cb56f4a77c86ed61ff1dbda:200:ALIAS:5,,,OFAC;経産省,PISHRO COMPANY
READY_TAG_EXISTING,pishromobtakerpeivand,PISHRO MOBTAKER PEIVAND,199,PISHRO MOBTAKER PEYVAND,ALIAS:2,199,"[""PISHRO MOBTAKER PEIVAND""]",c632d657f9c13b1250d688394eb7c99956a994527cb56f4a77c86ed61ff1dbda:199:ALIAS:2,,,OFAC,PISHROMOBTAKERPEIVAND
READY_TAG_EXISTING,pishromobtakerpeyvand,PISHRO MOBTAKER PEYVAND,199,PISHRO MOBTAKER PEYVAND,PRIMARY,199,"[""PISHRO MOBTAKER PEYVAND""]",c632d657f9c13b1250d688394eb7c99956a994527cb56f4a77c86ed61ff1dbda:199:PRIMARY,,,OFAC,PISHROMOBTAKERPEYVAND
NOOP_ALREADY_METI,pishrosystemsresearchcompany,Pishro Systems Research Company,200,Pishro Systems Research Company,PRIMARY,200,"[""Pishro Systems Research Company""]",c632d657f9c13b1250d688394eb7c99956a994527cb56f4a77c86ed61ff1dbda:200:PRIMARY,,,OFAC;経産省,PISHRO SYSTEMS RESEARCH COMPANY
NOOP_ALREADY_METI,pishtazankavoshgostarbasharallc,PISHTAZAN KAVOSH GOSTAR BASHARA LLC,201,"PISHTAZAN KAVOSH GOSTAR BOSHRA, LLC",ALIAS:2,201,"[""PISHTAZAN KAVOSH GOSTAR BASHARA LLC""]",c632d657f9c13b1250d688394eb7c99956a994527cb56f4a77c86ed61ff1dbda:201:ALIAS:2,,,OFAC;経産省,Pishtazan Kavosh Gostar Bashara LLC
READY_TAG_EXISTING,"pishtazankavoshgostarboshra,llc","PISHTAZAN KAVOSH GOSTAR BOSHRA, LLC",201,"PISHTAZAN KAVOSH GOSTAR BOSHRA, LLC",PRIMARY,201,"[""PISHTAZAN KAVOSH GOSTAR BOSHRA, LLC""]",c632d657f9c13b1250d688394eb7c99956a994527cb56f4a77c86ed61ff1dbda:201:PRIMARY,,,OFAC,"PISHTAZAN KAVOSH GOSTAR BOSHRA, LLC"
NOOP_ALREADY_METI,"pishtazankavoshgostarbushracompany,llc","PISHTAZAN KAVOSH GOSTAR BUSHRA COMPANY, LLC",201,"PISHTAZAN KAVOSH GOSTAR BOSHRA, LLC",ALIAS:3,201,"[""PISHTAZAN KAVOSH GOSTAR BUSHRA COMPANY, LLC""]",c632d657f9c13b1250d688394eb7c99956a994527cb56f4a77c86ed61ff1dbda:201:ALIAS:3,,,経産省,"PISHTAZAN KAVOSH GOSTAR BUSHRA COMPANY, LLC"
NOOP_ALREADY_METI,pishtazankavoshgostarbushrallc,PISHTAZAN KAVOSH GOSTAR BUSHRA LLC,201,"PISHTAZAN KAVOSH GOSTAR BOSHRA, LLC",ALIAS:4,201,"[""PISHTAZAN KAVOSH GOSTAR BUSHRA LLC""]",c632d657f9c13b1250d688394eb7c99956a994527cb56f4a77c86ed61ff1dbda:201:ALIAS:4,,,OFAC;経産省,Pishtazan Kavosh Gostar Bushra LLC
NOOP_ALREADY_METI,pishtazansanatparvazsadraco.llc,PISHTAZAN SANAT PARVAZ SADRA CO. LLC,174,NARIN SEPEHR MOBIN ISATIS,ALIAS:2,174,"[""PISHTAZAN SANAT PARVAZ SADRA CO. LLC""]",c632d657f9c13b1250d688394eb7c99956a994527cb56f4a77c86ed61ff1dbda:174:ALIAS:2,,,経産省,PISHTAZAN SANAT PARVAZ SADRA CO. LLC
NOOP_ALREADY_METI,"pjsc""mbdbiskra""tacticalmissilecorporation","Tactical Missile Corporation, PJSC “MBDB ISKRA”",753,"""Iskra"" Engineering Design Bureau JSC named after I.I. Kartukov",ALIAS:3,753,"[""Tactical Missile Corporation, PJSC “MBDB ISKRA”""]",c632d657f9c13b1250d688394eb7c99956a994527cb56f4a77c86ed61ff1dbda:753:ALIAS:3,,,経産省,"Tactical Missile Corporation, PJSC “MBDB ISKRA”"
READY_ADD,pjscanpptempavia,PJSC ANPP Temp Avia,822,"""Temp-Avia"" Arzamas Research and Production Association JSC",ALIAS:8,822,"[""PJSC ANPP Temp Avia""]",c632d657f9c13b1250d688394eb7c99956a994527cb56f4a77c86ed61ff1dbda:822:ALIAS:8,,,,
READY_TAG_EXISTING,pjsckurganmachinebuildingfactory,PJSC Kurgan Machine Building Factory,801,Public Joint Stock Company Kurganmashzavod,ALIAS:3,801,"[""PJSC Kurgan Machine Building Factory""]",c632d657f9c13b1250d688394eb7c99956a994527cb56f4a77c86ed61ff1dbda:801:ALIAS:3,,,legacy,PJSC Kurgan Machine Building Factory
READY_TAG_EXISTING,pjsckurganskymashinostroitelnyfactory,PJSC Kurgansky Mashinostroitelny Factory,801,Public Joint Stock Company Kurganmashzavod,ALIAS:5,801,"[""PJSC Kurgansky Mashinostroitelny Factory""]",c632d657f9c13b1250d688394eb7c99956a994527cb56f4a77c86ed61ff1dbda:801:ALIAS:5,,,OFAC;legacy,PJSC Kurgansky Mashinostroitelny Factory
READY_TAG_EXISTING,pjsckurganskymashinostroitelnyzavod,PJSC Kurgansky Mashinostroitelny Zavod,801,Public Joint Stock Company Kurganmashzavod,ALIAS:4,801,"[""PJSC Kurgansky Mashinostroitelny Zavod""]",c632d657f9c13b1250d688394eb7c99956a994527cb56f4a77c86ed61ff1dbda:801:ALIAS:4,,,legacy,PJSC Kurgansky Mashinostroitelny Zavod
NOOP_ALREADY_METI,pjscmikron,PJSC MIKRON,786,Mikron,ALIAS:6,786,"[""PJSC MIKRON""]",c632d657f9c13b1250d688394eb7c99956a994527cb56f4a77c86ed61ff1dbda:786:ALIAS:6,,,OFAC;経産省;財務省,PJSC Mikron
READY_TAG_EXISTING,pjscodk-umpo,PJSC ODK-UMPO,802,Public Joint Stock Company UEC-Ufa Engine Industrial Association,ALIAS:6,802,"[""PJSC ODK-UMPO""]",c632d657f9c13b1250d688394eb7c99956a994527cb56f4a77c86ed61ff1dbda:802:ALIAS:6,,,OFAC;財務省,PJSC ODK-UMPO
READY_ADD,pjscuec-umpo,PJSC UEC-UMPO,802,Public Joint Stock Company UEC-Ufa Engine Industrial Association,ALIAS:3,802,"[""PJSC UEC-UMPO""]",c632d657f9c13b1250d688394eb7c99956a994527cb56f4a77c86ed61ff1dbda:802:ALIAS:3,,,,
READY_TAG_EXISTING,pkkmilandrao,PKK Milandr AO,741,AO PKK Milandr,ALIAS:5,741,"[""PKK Milandr AO""]",c632d657f9c13b1250d688394eb7c99956a994527cb56f4a77c86ed61ff1dbda:741:ALIAS:5,,,財務省,PKK Milandr AO
HOLD_WEAK_ALIAS,pmp,PMP,186,Paradise Medical Pioneers Company,ALIAS:1,186,"[""PMP""]",c632d657f9c13b1250d688394eb7c99956a994527cb56f4a77c86ed61ff1dbda:186:ALIAS:1,3文字と短く、照合時に誤検知が多発する見込み（PMP）,,,
READY_TAG_EXISTING,polotrading,POLO TRADING,731,POLO TRADING,PRIMARY,731,"[""POLO TRADING""]",c632d657f9c13b1250d688394eb7c99956a994527cb56f4a77c86ed61ff1dbda:731:PRIMARY,,,OFAC,POLO TRADING
NOOP_ALREADY_METI,polyasiapacificltd.(papl),Poly Asia Pacific Ltd.(PAPL),562,Poly Asia Pacific Ltd.(PAPL),PRIMARY,562,"[""Poly Asia Pacific Ltd.(PAPL)""]",c632d657f9c13b1250d688394eb7c99956a994527cb56f4a77c86ed61ff1dbda:562:PRIMARY,,,経産省,Poly Asia Pacific Ltd.(PAPL)
NOOP_ALREADY_METI,polyusresearchinstituteofm.f.stelmakhjointstockcompany,POLYUS Research Institute of M.F. Stelmakh Joint Stock Company,800,POLYUS Research Institute of M.F. Stelmakh Joint Stock Company,PRIMARY,800,"[""POLYUS Research Institute of M.F. Stelmakh Joint Stock Company""]",c632d657f9c13b1250d688394eb7c99956a994527cb56f4a77c86ed61ff1dbda:800:PRIMARY,,,経産省,POLYUS Research Institute of M.F. Stelmakh Joint Stock Company
NOOP_ALREADY_METI,ponghwageneralcorp(烽火総会社),Ponghwa General Corp (烽火総会社),406,Ponghwa General Trading Corporation,ALIAS:1,406,"[""Ponghwa General Corp (烽火総会社)""]",c632d657f9c13b1250d688394eb7c99956a994527cb56f4a77c86ed61ff1dbda:406:ALIAS:1,,,経産省,Ponghwa General Corp (烽火総会社)
NOOP_ALREADY_METI,ponghwageneraltradingcorporation,Ponghwa General Trading Corporation,406,Ponghwa General Trading Corporation,PRIMARY,406,"[""Ponghwa General Trading Corporation""]",c632d657f9c13b1250d688394eb7c99956a994527cb56f4a77c86ed61ff1dbda:406:PRIMARY,,,経産省,Ponghwa General Trading Corporation
READY_ADD,ponghwahospital(烽火診療所),Ponghwa Hospital (烽火診療所),407,Ponghwa Hospital (烽火診療所),PRIMARY,407,"[""Ponghwa Hospital (烽火診療所)""]",c632d657f9c13b1250d688394eb7c99956a994527cb56f4a77c86ed61ff1dbda:407:PRIMARY,,,,
READY_TAG_EXISTING,pooyeshenvironmentalinstruments,Pooyesh Environmental Instruments,290,Zist Tajhiz Pooyesh Company,ALIAS:1,290,"[""Pooyesh Environmental Instruments""]",c632d657f9c13b1250d688394eb7c99956a994527cb56f4a77c86ed61ff1dbda:290:ALIAS:1,,,OFAC,Pooyesh Environmental Instruments
READY_ADD,potonggangcooperativeofopticalglassproduction(普通江眼鏡生産共同組合),Potonggang Cooperative of Optical Glass Production (普通江眼鏡生産共同組合),408,Potonggang Cooperative of Optical Glass Production (普通江眼鏡生産共同組合),PRIMARY,408,"[""Potonggang Cooperative of Optical Glass Production (普通江眼鏡生産共同組合)""]",c632d657f9c13b1250d688394eb7c99956a994527cb56f4a77c86ed61ff1dbda:408:PRIMARY,,,,
READY_TAG_EXISTING,pouyaair,Pouya Air,202,Pouya Air,PRIMARY,202,"[""Pouya Air""]",c632d657f9c13b1250d688394eb7c99956a994527cb56f4a77c86ed61ff1dbda:202:PRIMARY,,,OFAC,POUYA AIR
READY_TAG_EXISTING,pouyaairlines,Pouya Airlines,202,Pouya Air,ALIAS:1,202,"[""Pouya Airlines""]",c632d657f9c13b1250d688394eb7c99956a994527cb56f4a77c86ed61ff1dbda:202:ALIAS:1,,,OFAC,Pouya Airlines
NOOP_ALREADY_METI,pouyacontrol,Pouya Control,203,Pouya Control,PRIMARY,203,"[""Pouya Control""]",c632d657f9c13b1250d688394eb7c99956a994527cb56f4a77c86ed61ff1dbda:203:PRIMARY,,,OFAC;経産省,POUYA CONTROL
NOOP_ALREADY_METI,pouyanelectronicco.,POUYAN ELECTRONIC CO.,189,PARDAZAN SYSTEM NAMAD ARMAN,ALIAS:6,189,"[""POUYAN ELECTRONIC CO.""]",c632d657f9c13b1250d688394eb7c99956a994527cb56f4a77c86ed61ff1dbda:189:ALIAS:6,,,OFAC;経産省,POUYAN ELECTRONIC CO.
NOOP_ALREADY_METI,powerplantworkshops,Power Plant Workshops,669,Pakistan Atomic Energy Commission (PAEC),ALIAS:1,669,"[""Power Plant Workshops""]",c632d657f9c13b1250d688394eb7c99956a994527cb56f4a77c86ed61ff1dbda:669:ALIAS:1,,,経産省,Power Plant Workshops
NOOP_ALREADY_METI,"pporosprofpromv""gosniimash",PPO Rosprofprom V “GOSNIIMASH”,812,"""Scientific Research Institute for Mechanical Engineering"" JSC",ALIAS:4,812,"[""PPO Rosprofprom V “GOSNIIMASH”""]",c632d657f9c13b1250d688394eb7c99956a994527cb56f4a77c86ed61ff1dbda:812:ALIAS:4,,,経産省,PPO Rosprofprom V “GOSNIIMASH”
NOOP_ALREADY_METI,premierinternational,Premier International,678,Premier International,PRIMARY,678,"[""Premier International""]",c632d657f9c13b1250d688394eb7c99956a994527cb56f4a77c86ed61ff1dbda:678:PRIMARY,,,経産省,Premier International
NOOP_ALREADY_METI,presidencyofficeofscientificandindustrialstudies(posis),Presidency Office of Scientific and Industrial Studies (POSIS),73,Center for Innovation and Technology Cooperation (CITC),ALIAS:4,73,"[""Presidency Office of Scientific and Industrial Studies (POSIS)""]",c632d657f9c13b1250d688394eb7c99956a994527cb56f4a77c86ed61ff1dbda:73:ALIAS:4,,,経産省,Presidency Office of Scientific and Industrial Studies (POSIS)
NOOP_ALREADY_METI,primetech,Prime Tech,679,Prime Tech,PRIMARY,679,"[""Prime Tech""]",c632d657f9c13b1250d688394eb7c99956a994527cb56f4a77c86ed61ff1dbda:679:PRIMARY,,,経産省,Prime Tech
NOOP_ALREADY_METI,productionassociationstrela,Production Association Strela,818,"""Strela"" Production Association JSC",ALIAS:1,818,"[""Production Association Strela""]",c632d657f9c13b1250d688394eb7c99956a994527cb56f4a77c86ed61ff1dbda:818:ALIAS:1,,,経産省,Production Association Strela
NOOP_ALREADY_METI,proficientengineers,Proficient Engineers,680,Proficient Engineers,PRIMARY,680,"[""Proficient Engineers""]",c632d657f9c13b1250d688394eb7c99956a994527cb56f4a77c86ed61ff1dbda:680:PRIMARY,,,経産省,Proficient Engineers
NOOP_ALREADY_METI,profileengineeringworks,Profile Engineering Works,681,Profile Engineering Works,PRIMARY,681,"[""Profile Engineering Works""]",c632d657f9c13b1250d688394eb7c99956a994527cb56f4a77c86ed61ff1dbda:681:PRIMARY,,,経産省,Profile Engineering Works
READY_TAG_EXISTING,progressmrijsc,Progress MRI JSC,764,Joint Stock Company Institute for Scientific Research Microelectronic Equipment Progress,ALIAS:4,764,"[""Progress MRI JSC""]",c632d657f9c13b1250d688394eb7c99956a994527cb56f4a77c86ed61ff1dbda:764:ALIAS:4,,,OFAC;財務省,Progress MRI JSC
NOOP_ALREADY_METI,publichnoeaktsionernoeobschestvomikron,PUBLICHNOE AKTSIONERNOE OBSCHESTVO MIKRON,786,Mikron,ALIAS:7,786,"[""PUBLICHNOE AKTSIONERNOE OBSCHESTVO MIKRON""]",c632d657f9c13b1250d688394eb7c99956a994527cb56f4a77c86ed61ff1dbda:786:ALIAS:7,,,OFAC;経産省;財務省,Publichnoe Aktsionernoe Obschestvo Mikron
NOOP_ALREADY_METI,"publichnoeaktsionernoeobshchestvo""arzamasskoenauchno-proizvodstvennoepredpriyatie""temp-avia",Publichnoe Aktsionernoe Obshchestvo “Arzamasskoe Nauchno-Proizvodstvennoe Predpriyatie “TEMP-AVIA”,822,"""Temp-Avia"" Arzamas Research and Production Association JSC",ALIAS:7,822,"[""Publichnoe Aktsionernoe Obshchestvo “Arzamasskoe Nauchno-Proizvodstvennoe Predpriyatie “TEMP-AVIA”""]",c632d657f9c13b1250d688394eb7c99956a994527cb56f4a77c86ed61ff1dbda:822:ALIAS:7,,,経産省,Publichnoe Aktsionernoe Obshchestvo “Arzamasskoe Nauchno-Proizvodstvennoe Predpriyatie “TEMP-AVIA”
READY_TAG_EXISTING,publicjoint-stockcompanyodk-ufimskoye,Public Joint-Stock Company ODK-Ufimskoye,802,Public Joint Stock Company UEC-Ufa Engine Industrial Association,ALIAS:2,802,"[""Public Joint-Stock Company ODK-Ufimskoye""]",c632d657f9c13b1250d688394eb7c99956a994527cb56f4a77c86ed61ff1dbda:802:ALIAS:2,,,OFAC;財務省,Public Joint-Stock Company ODK-Ufimskoye
NOOP_ALREADY_METI,"publicjointstockcompany""arzamasresearchandproductionenterprise",Public Joint Stock Company “Arzamas Research and Production Enterprise”,822,"""Temp-Avia"" Arzamas Research and Production Association JSC",ALIAS:6,822,"[""Public Joint Stock Company “Arzamas Research and Production Enterprise”""]",c632d657f9c13b1250d688394eb7c99956a994527cb56f4a77c86ed61ff1dbda:822:ALIAS:6,,,経産省,Public Joint Stock Company “Arzamas Research and Production Enterprise”
READY_TAG_EXISTING,publicjointstockcompanykurganmashzavod,Public Joint Stock Company Kurganmashzavod,801,Public Joint Stock Company Kurganmashzavod,PRIMARY,801,"[""Public Joint Stock Company Kurganmashzavod""]",c632d657f9c13b1250d688394eb7c99956a994527cb56f4a77c86ed61ff1dbda:801:PRIMARY,,,legacy,Public Joint Stock Company Kurganmashzavod
READY_ADD,publicjointstockcompanyodk-ufimmotor-buildingproductionassociation,Public Joint Stock Company ODK-Ufim Motor-Building Production Association,802,Public Joint Stock Company UEC-Ufa Engine Industrial Association,ALIAS:1,802,"[""Public Joint Stock Company ODK-Ufim Motor-Building Production Association""]",c632d657f9c13b1250d688394eb7c99956a994527cb56f4a77c86ed61ff1dbda:802:ALIAS:1,,,,
READY_ADD,publicjointstockcompanyuec-ufaengineindustrialassociation,Public Joint Stock Company UEC-Ufa Engine Industrial Association,802,Public Joint Stock Company UEC-Ufa Engine Industrial Association,PRIMARY,802,"[""Public Joint Stock Company UEC-Ufa Engine Industrial Association""]",c632d657f9c13b1250d688394eb7c99956a994527cb56f4a77c86ed61ff1dbda:802:PRIMARY,,,,
READY_TAG_EXISTING,publicjointstockcompanyunitedaircraftcorporation,Public Joint Stock Company United Aircraft Corporation,803,Public Joint Stock Company United Aircraft Corporation,PRIMARY,803,"[""Public Joint Stock Company United Aircraft Corporation""]",c632d657f9c13b1250d688394eb7c99956a994527cb56f4a77c86ed61ff1dbda:803:PRIMARY,,,OFAC,PUBLIC JOINT STOCK COMPANY UNITED AIRCRAFT CORPORATION
NOOP_ALREADY_METI,pulseniru,PULSE NIRU,204,PUYA ELECTRO SAMAN NIRU,ALIAS:1,204,"[""PULSE NIRU""]",c632d657f9c13b1250d688394eb7c99956a994527cb56f4a77c86ed61ff1dbda:204:ALIAS:1,,,OFAC;経産省,Pulse Niru
NOOP_ALREADY_METI,pulseniruco,PULSE NIRU CO,204,PUYA ELECTRO SAMAN NIRU,ALIAS:2,204,"[""PULSE NIRU CO""]",c632d657f9c13b1250d688394eb7c99956a994527cb56f4a77c86ed61ff1dbda:204:ALIAS:2,,,経産省,PULSE NIRU CO
NOOP_ALREADY_METI,pulseniruinc.,PULSENIRU INC.,204,PUYA ELECTRO SAMAN NIRU,ALIAS:4,204,"[""PULSENIRU INC.""]",c632d657f9c13b1250d688394eb7c99956a994527cb56f4a77c86ed61ff1dbda:204:ALIAS:4,,,OFAC;経産省,PULSENIRU INC.
NOOP_ALREADY_METI,pulseniruindustries,PULSE NIRU INDUSTRIES,204,PUYA ELECTRO SAMAN NIRU,ALIAS:3,204,"[""PULSE NIRU INDUSTRIES""]",c632d657f9c13b1250d688394eb7c99956a994527cb56f4a77c86ed61ff1dbda:204:ALIAS:3,,,OFAC;経産省,Pulse Niru Industries
READY_TAG_EXISTING,puyaelectrosamanniru,PUYA ELECTRO SAMAN NIRU,204,PUYA ELECTRO SAMAN NIRU,PRIMARY,204,"[""PUYA ELECTRO SAMAN NIRU""]",c632d657f9c13b1250d688394eb7c99956a994527cb56f4a77c86ed61ff1dbda:204:PRIMARY,,,OFAC,PUYA ELECTRO SAMAN NIRU
READY_ADD,pyongannamdo(大安親善ガラス工場(平安南道))taeanfriendshipglassfactory,"Taean Friendship Glass Factory, Pyongan Namdo (大安親善ガラス工場(平安南道))",437,"Taean Friendship Glass Factory, Pyongan Namdo (大安親善ガラス工場(平安南道))",PRIMARY,437,"[""Taean Friendship Glass Factory, Pyongan Namdo (大安親善ガラス工場(平安南道))""]",c632d657f9c13b1250d688394eb7c99956a994527cb56f4a77c86ed61ff1dbda:437:PRIMARY,,,,
NOOP_ALREADY_METI,pyonghwageneralmotorcompany(平和自動車総会社),Pyonghwa General Motor Company (平和自動車総会社),405,Peace Motors Corporation (平和自動車会社),ALIAS:1,405,"[""Pyonghwa General Motor Company (平和自動車総会社)""]",c632d657f9c13b1250d688394eb7c99956a994527cb56f4a77c86ed61ff1dbda:405:ALIAS:1,,,経産省,Pyonghwa General Motor Company (平和自動車総会社)
READY_TAG_EXISTING,pyongjinshipmanagementcompanylimited,Pyongjin Ship Management Company Limited,409,Pyongjin Ship Management Company Limited,PRIMARY,409,"[""Pyongjin Ship Management Company Limited""]",c632d657f9c13b1250d688394eb7c99956a994527cb56f4a77c86ed61ff1dbda:409:PRIMARY,,,OFAC;財務省,Pyongjin Ship Management Company Limited
NOOP_ALREADY_METI,pyongyangcentralzoo,Pyongyang Central Zoo,418,Pyongyang Trading Company (平壌貿易会社),ALIAS:1,418,"[""Pyongyang Central Zoo""]",c632d657f9c13b1250d688394eb7c99956a994527cb56f4a77c86ed61ff1dbda:418:ALIAS:1,,,経産省,Pyongyang Central Zoo
READY_ADD,pyongyangcityconstructionbureau(平壌市都市建設総局),Pyongyang City Construction Bureau (平壌市都市建設総局),410,Pyongyang City Construction Bureau (平壌市都市建設総局),PRIMARY,410,"[""Pyongyang City Construction Bureau (平壌市都市建設総局)""]",c632d657f9c13b1250d688394eb7c99956a994527cb56f4a77c86ed61ff1dbda:410:PRIMARY,,,,
READY_ADD,pyongyanggomugongjang(平壌ゴム工場),Pyongyang Gomu Gongjang (平壌ゴム工場),411,Pyongyang Gomu Gongjang (平壌ゴム工場),PRIMARY,411,"[""Pyongyang Gomu Gongjang (平壌ゴム工場)""]",c632d657f9c13b1250d688394eb7c99956a994527cb56f4a77c86ed61ff1dbda:411:PRIMARY,,,,
READY_ADD,pyongyanginformaticscentre(平壌情報センタ-),Pyongyang Informatics Centre (平壌情報センター),412,Pyongyang Informatics Centre (平壌情報センター),PRIMARY,412,"[""Pyongyang Informatics Centre (平壌情報センター)""]",c632d657f9c13b1250d688394eb7c99956a994527cb56f4a77c86ed61ff1dbda:412:PRIMARY,,,,
NOOP_ALREADY_METI,pyongyanginformationcenter,Pyongyang Information Center,412,Pyongyang Informatics Centre (平壌情報センター),ALIAS:1,412,"[""Pyongyang Information Center""]",c632d657f9c13b1250d688394eb7c99956a994527cb56f4a77c86ed61ff1dbda:412:ALIAS:1,,,経産省;財務省,Pyongyang Information Center
READY_ADD,pyongyangmaternityhospital(平壌産院),Pyongyang Maternity Hospital (平壌産院),413,Pyongyang Maternity Hospital (平壌産院),PRIMARY,413,"[""Pyongyang Maternity Hospital (平壌産院)""]",c632d657f9c13b1250d688394eb7c99956a994527cb56f4a77c86ed61ff1dbda:413:PRIMARY,,,,
READY_ADD,pyongyangoffice(東新国際貿易有限公司平壌事務所)neweastinternationaltradingltd.,"New East International Trading Ltd., Pyongyang Office (東新国際貿易有限公司平壌事務所)",400,"New East International Trading Ltd., Pyongyang Office (東新国際貿易有限公司平壌事務所)",PRIMARY,400,"[""New East International Trading Ltd., Pyongyang Office (東新国際貿易有限公司平壌事務所)""]",c632d657f9c13b1250d688394eb7c99956a994527cb56f4a77c86ed61ff1dbda:400:PRIMARY,,,,
READY_ADD,pyongyangpubliclibrary(平壌市図書館),Pyongyang Public Library (平壌市図書館),414,Pyongyang Public Library (平壌市図書館),PRIMARY,414,"[""Pyongyang Public Library (平壌市図書館)""]",c632d657f9c13b1250d688394eb7c99956a994527cb56f4a77c86ed61ff1dbda:414:PRIMARY,,,,
READY_ADD,pyongyangroadconstructionoffice(平壌市道路建設事務所),Pyongyang Road Construction Office (平壌市道路建設事務所),415,Pyongyang Road Construction Office (平壌市道路建設事務所),PRIMARY,415,"[""Pyongyang Road Construction Office (平壌市道路建設事務所)""]",c632d657f9c13b1250d688394eb7c99956a994527cb56f4a77c86ed61ff1dbda:415:PRIMARY,,,,
NOOP_ALREADY_METI,pyongyangrubberfactory,Pyongyang Rubber Factory,411,Pyongyang Gomu Gongjang (平壌ゴム工場),ALIAS:1,411,"[""Pyongyang Rubber Factory""]",c632d657f9c13b1250d688394eb7c99956a994527cb56f4a77c86ed61ff1dbda:411:ALIAS:1,,,経産省,Pyongyang Rubber Factory
READY_ADD,pyongyangtechnicaluniversity(平壌技術大学),Pyongyang Technical University (平壌技術大学),416,Pyongyang Technical University (平壌技術大学),PRIMARY,416,"[""Pyongyang Technical University (平壌技術大学)""]",c632d657f9c13b1250d688394eb7c99956a994527cb56f4a77c86ed61ff1dbda:416:PRIMARY,,,,
READY_ADD,pyongyangtelephoneexchange(平壌電話交換局),Pyongyang Telephone Exchange (平壌電話交換局),417,Pyongyang Telephone Exchange (平壌電話交換局),PRIMARY,417,"[""Pyongyang Telephone Exchange (平壌電話交換局)""]",c632d657f9c13b1250d688394eb7c99956a994527cb56f4a77c86ed61ff1dbda:417:PRIMARY,,,,
READY_ADD,pyongyangtradingcompany(平壌貿易会社),Pyongyang Trading Company (平壌貿易会社),418,Pyongyang Trading Company (平壌貿易会社),PRIMARY,418,"[""Pyongyang Trading Company (平壌貿易会社)""]",c632d657f9c13b1250d688394eb7c99956a994527cb56f4a77c86ed61ff1dbda:418:PRIMARY,,,,
READY_TAG_EXISTING,qeshmmadkandalooshipbuildingcooperativeco,Qeshm Madkandaloo Shipbuilding Cooperative Co,205,Qeshm Madkandaloo Shipbuilding Cooperative Co,PRIMARY,205,"[""Qeshm Madkandaloo Shipbuilding Cooperative Co""]",c632d657f9c13b1250d688394eb7c99956a994527cb56f4a77c86ed61ff1dbda:205:PRIMARY,,,OFAC,QESHM MADKANDALOO SHIPBUILDING COOPERATIVE CO
NOOP_ALREADY_METI,"qianputechnologyco.,ltd.","Qianpu Technology Co., Ltd.",563,"Qianpu Technology Co., Ltd.",PRIMARY,563,"[""Qianpu Technology Co., Ltd.""]",c632d657f9c13b1250d688394eb7c99956a994527cb56f4a77c86ed61ff1dbda:563:PRIMARY,,,経産省,"Qianpu Technology Co., Ltd."
READY_ADD,"qingdaozhongrongtongtradedevelopmentco.,ltd.(青岛中融通贸易发展有限公司)","QINGDAO ZHONGRONGTONG TRADE DEVELOPMENT CO., LTD. （青岛中融通贸易发展有限公司）",564,"QINGDAO ZHONGRONGTONG TRADE DEVELOPMENT CO., LTD. （青岛中融通贸易发展有限公司）",PRIMARY,564,"[""QINGDAO ZHONGRONGTONG TRADE DEVELOPMENT CO., LTD. （青岛中融通贸易发展有限公司）""]",c632d657f9c13b1250d688394eb7c99956a994527cb56f4a77c86ed61ff1dbda:564:PRIMARY,,,,
NOOP_ALREADY_METI,"qingdaozhongrongtongtradingdevelopmentco.,ltd.","QINGDAO ZHONGRONGTONG TRADING DEVELOPMENT CO., LTD.",564,"QINGDAO ZHONGRONGTONG TRADE DEVELOPMENT CO., LTD. （青岛中融通贸易发展有限公司）",ALIAS:1,564,"[""QINGDAO ZHONGRONGTONG TRADING DEVELOPMENT CO., LTD.""]",c632d657f9c13b1250d688394eb7c99956a994527cb56f4a77c86ed61ff1dbda:564:ALIAS:1,,,OFAC;経産省,"QINGDAO ZHONGRONGTONG TRADING DEVELOPMENT CO., LTD."
NOOP_ALREADY_METI,qodsaeronauticsindustries,Qods Aeronautics Industries,206,Qods Aeronautics Industries,PRIMARY,206,"[""Qods Aeronautics Industries""]",c632d657f9c13b1250d688394eb7c99956a994527cb56f4a77c86ed61ff1dbda:206:PRIMARY,,,経産省;財務省,QODS AERONAUTICS INDUSTRIES
NOOP_ALREADY_METI,qodsaviationindustries,Qods Aviation Industries,206,Qods Aeronautics Industries,ALIAS:1,206,"[""Qods Aviation Industries""]",c632d657f9c13b1250d688394eb7c99956a994527cb56f4a77c86ed61ff1dbda:206:ALIAS:1,,,OFAC;経産省,QODS AVIATION INDUSTRIES
NOOP_ALREADY_METI,qodsresearchcenter,Qods Research Center,206,Qods Aeronautics Industries,ALIAS:2,206,"[""Qods Research Center""]",c632d657f9c13b1250d688394eb7c99956a994527cb56f4a77c86ed61ff1dbda:206:ALIAS:2,,,OFAC;経産省,QODS RESEARCH CENTER
NOOP_ALREADY_METI,qtech,QTech,682,QTech,PRIMARY,682,"[""QTech""]",c632d657f9c13b1250d688394eb7c99956a994527cb56f4a77c86ed61ff1dbda:682:PRIMARY,,,経産省,QTech
NOOP_ALREADY_METI,qualitytechnology,Quality Technology,682,QTech,ALIAS:1,682,"[""Quality Technology""]",c632d657f9c13b1250d688394eb7c99956a994527cb56f4a77c86ed61ff1dbda:682:ALIAS:1,,,経産省,Quality Technology
READY_ADD,"ra-haetradingco.,ltd.(羅海貿易会社)","RA-HAE Trading Co., Ltd. (羅海貿易会社)",419,"RA-HAE Trading Co., Ltd. (羅海貿易会社)",PRIMARY,419,"[""RA-HAE Trading Co., Ltd. (羅海貿易会社)""]",c632d657f9c13b1250d688394eb7c99956a994527cb56f4a77c86ed61ff1dbda:419:PRIMARY,,,,
NOOP_ALREADY_METI,raadautomationcompany,Raad Automation Company,207,Raad Iran,ALIAS:1,207,"[""Raad Automation Company""]",c632d657f9c13b1250d688394eb7c99956a994527cb56f4a77c86ed61ff1dbda:207:ALIAS:1,,,経産省,Raad Automation Company
NOOP_ALREADY_METI,raadiran,Raad Iran,207,Raad Iran,PRIMARY,207,"[""Raad Iran""]",c632d657f9c13b1250d688394eb7c99956a994527cb56f4a77c86ed61ff1dbda:207:PRIMARY,,,経産省,Raad Iran
NOOP_ALREADY_METI,radiotechnicalandinformationsystems(rti)concern,Radiotechnical and Information Systems (RTI) Concern,804,Radiotechnical and Information Systems (RTI) Concern,PRIMARY,804,"[""Radiotechnical and Information Systems (RTI) Concern""]",c632d657f9c13b1250d688394eb7c99956a994527cb56f4a77c86ed61ff1dbda:804:PRIMARY,,,経産省,Radiotechnical and Information Systems (RTI) Concern
NOOP_ALREADY_METI,radsepahan,RADSEPAHAN,65,BAKHTAR RAAD SEPAHAN COMPANY,ALIAS:3,65,"[""RADSEPAHAN""]",c632d657f9c13b1250d688394eb7c99956a994527cb56f4a77c86ed61ff1dbda:65:ALIAS:3,,,OFAC;経産省,Radsepahan
READY_ADD,"raduga""stateengineeringdesignbureaujscnamedaftera.y.bereznyak","""Raduga"" State Engineering Design Bureau JSC named after A.Y. Bereznyak",805,"""Raduga"" State Engineering Design Bureau JSC named after A.Y. Bereznyak",PRIMARY,805,"[""\""Raduga\"" State Engineering Design Bureau JSC named after A.Y. Bereznyak""]",c632d657f9c13b1250d688394eb7c99956a994527cb56f4a77c86ed61ff1dbda:805:PRIMARY,,,,
NOOP_ALREADY_METI,radugadesignbureautacticalmissilecorporation,"Tactical Missile Corporation, Raduga Design Bureau",805,"""Raduga"" State Engineering Design Bureau JSC named after A.Y. Bereznyak",ALIAS:6,805,"[""Tactical Missile Corporation, Raduga Design Bureau""]",c632d657f9c13b1250d688394eb7c99956a994527cb56f4a77c86ed61ff1dbda:805:ALIAS:6,,,経産省,"Tactical Missile Corporation, Raduga Design Bureau"
NOOP_ALREADY_METI,ragwon929importcorporation,Ragwon 929 Import Corporation,420,Rakwon 929 Import Corporation (楽園929輸入会社),ALIAS:1,420,"[""Ragwon 929 Import Corporation""]",c632d657f9c13b1250d688394eb7c99956a994527cb56f4a77c86ed61ff1dbda:420:ALIAS:1,,,経産省,Ragwon 929 Import Corporation
NOOP_ALREADY_METI,rahabengineeringinstitute,Rahab Engineering Institute,208,Rahab Engineering Institute,PRIMARY,208,"[""Rahab Engineering Institute""]",c632d657f9c13b1250d688394eb7c99956a994527cb56f4a77c86ed61ff1dbda:208:PRIMARY,,,経産省;財務省,RAHAB ENGINEERING INSTITUTE
NOOP_ALREADY_METI,rahabinstitute,Rahab Institute,208,Rahab Engineering Institute,ALIAS:1,208,"[""Rahab Institute""]",c632d657f9c13b1250d688394eb7c99956a994527cb56f4a77c86ed61ff1dbda:208:ALIAS:1,,,OFAC;経産省,RAHAB INSTITUTE
READY_TAG_EXISTING,rahroshd,RAH ROSHD,209,RAH ROSHD INTERNATIONAL TRADE EXCHANGES DEVELOPMENT,ALIAS:5,209,"[""RAH ROSHD""]",c632d657f9c13b1250d688394eb7c99956a994527cb56f4a77c86ed61ff1dbda:209:ALIAS:5,,,OFAC,Rah Roshd
READY_TAG_EXISTING,rahroshdcompany,RAH ROSHD COMPANY,209,RAH ROSHD INTERNATIONAL TRADE EXCHANGES DEVELOPMENT,ALIAS:1,209,"[""RAH ROSHD COMPANY""]",c632d657f9c13b1250d688394eb7c99956a994527cb56f4a77c86ed61ff1dbda:209:ALIAS:1,,,OFAC,Rah Roshd Company
READY_TAG_EXISTING,rahroshdengineeringco,RAH ROSHD ENGINEERING CO,209,RAH ROSHD INTERNATIONAL TRADE EXCHANGES DEVELOPMENT,ALIAS:2,209,"[""RAH ROSHD ENGINEERING CO""]",c632d657f9c13b1250d688394eb7c99956a994527cb56f4a77c86ed61ff1dbda:209:ALIAS:2,,,OFAC,Rah Roshd Engineering Co
READY_TAG_EXISTING,rahroshdinternationaltradedevelopmentcompany,RAH ROSHD INTERNATIONAL TRADE DEVELOPMENT COMPANY,209,RAH ROSHD INTERNATIONAL TRADE EXCHANGES DEVELOPMENT,ALIAS:3,209,"[""RAH ROSHD INTERNATIONAL TRADE DEVELOPMENT COMPANY""]",c632d657f9c13b1250d688394eb7c99956a994527cb56f4a77c86ed61ff1dbda:209:ALIAS:3,,,OFAC,Rah Roshd International Trade Development Company
READY_TAG_EXISTING,rahroshdinternationaltradeexchangesdevelopment,RAH ROSHD INTERNATIONAL TRADE EXCHANGES DEVELOPMENT,209,RAH ROSHD INTERNATIONAL TRADE EXCHANGES DEVELOPMENT,PRIMARY,209,"[""RAH ROSHD INTERNATIONAL TRADE EXCHANGES DEVELOPMENT""]",c632d657f9c13b1250d688394eb7c99956a994527cb56f4a77c86ed61ff1dbda:209:PRIMARY,,,OFAC,RAH ROSHD INTERNATIONAL TRADE EXCHANGES DEVELOPMENT
NOOP_ALREADY_METI,rahsahel,Rah Sahel,210,Rah Sahel,PRIMARY,210,"[""Rah Sahel""]",c632d657f9c13b1250d688394eb7c99956a994527cb56f4a77c86ed61ff1dbda:210:PRIMARY,,,経産省;財務省,RAH SAHEL
NOOP_ALREADY_METI,rahsahelinstitute,Rah Sahel Institute,210,Rah Sahel,ALIAS:1,210,"[""Rah Sahel Institute""]",c632d657f9c13b1250d688394eb7c99956a994527cb56f4a77c86ed61ff1dbda:210:ALIAS:1,,,OFAC;経産省,RAH SAHEL INSTITUTE
NOOP_ALREADY_METI,rahsazinstitute,Rahsaz Institute,208,Rahab Engineering Institute,ALIAS:2,208,"[""Rahsaz Institute""]",c632d657f9c13b1250d688394eb7c99956a994527cb56f4a77c86ed61ff1dbda:208:ALIAS:2,,,OFAC;経産省,RAHSAZ INSTITUTE
NOOP_ALREADY_METI,rainbowsolutions,RAINBOW SOLUTIONS,683,RAINBOW SOLUTIONS,PRIMARY,683,"[""RAINBOW SOLUTIONS""]",c632d657f9c13b1250d688394eb7c99956a994527cb56f4a77c86ed61ff1dbda:683:PRIMARY,,,経産省,RAINBOW SOLUTIONS
NOOP_ALREADY_METI,raka,Raka,211,Raka,PRIMARY,211,"[""Raka""]",c632d657f9c13b1250d688394eb7c99956a994527cb56f4a77c86ed61ff1dbda:211:PRIMARY,,,経産省,Raka
READY_ADD,rakwon929importcorporation(楽園929輸入会社),Rakwon 929 Import Corporation (楽園929輸入会社),420,Rakwon 929 Import Corporation (楽園929輸入会社),PRIMARY,420,"[""Rakwon 929 Import Corporation (楽園929輸入会社)""]",c632d657f9c13b1250d688394eb7c99956a994527cb56f4a77c86ed61ff1dbda:420:PRIMARY,,,,
NOOP_ALREADY_METI,rasonhyesongtradecompany(羅先彗星貿易会社),Rason Hyesong Trade Company (羅先彗星貿易会社),321,Hesong Trading Corporation (彗星貿易会社),ALIAS:2,321,"[""Rason Hyesong Trade Company (羅先彗星貿易会社)""]",c632d657f9c13b1250d688394eb7c99956a994527cb56f4a77c86ed61ff1dbda:321:ALIAS:2,,,経産省,Rason Hyesong Trade Company (羅先彗星貿易会社)
READY_TAG_EXISTING,rasstafannco,Rasstafann Co,212,Rastafann Ertebat Engineering Company,ALIAS:1,212,"[""Rasstafann Co""]",c632d657f9c13b1250d688394eb7c99956a994527cb56f4a77c86ed61ff1dbda:212:ALIAS:1,,,OFAC,Rasstafann Co
READY_TAG_EXISTING,rastafan,Rastafan,212,Rastafann Ertebat Engineering Company,ALIAS:2,212,"[""Rastafan""]",c632d657f9c13b1250d688394eb7c99956a994527cb56f4a77c86ed61ff1dbda:212:ALIAS:2,,,OFAC,Rastafan
READY_TAG_EXISTING,rastafann,Rastafann,212,Rastafann Ertebat Engineering Company,ALIAS:3,212,"[""Rastafann""]",c632d657f9c13b1250d688394eb7c99956a994527cb56f4a77c86ed61ff1dbda:212:ALIAS:3,,,OFAC,Rastafann
READY_TAG_EXISTING,rastafannertebatengineeringcompany,Rastafann Ertebat Engineering Company,212,Rastafann Ertebat Engineering Company,PRIMARY,212,"[""Rastafann Ertebat Engineering Company""]",c632d657f9c13b1250d688394eb7c99956a994527cb56f4a77c86ed61ff1dbda:212:PRIMARY,,,OFAC,RASTAFANN ERTEBAT ENGINEERING COMPANY
READY_ADD,raveninternationaltradelimited(瑞文機械有限公司),RAVEN INTERNATIONAL TRADE LIMITED（瑞文機械有 限公司）,724,RAVEN INTERNATIONAL TRADE LIMITED（瑞文機械有 限公司）,PRIMARY,724,"[""RAVEN INTERNATIONAL TRADE LIMITED（瑞文機械有 限公司）""]",c632d657f9c13b1250d688394eb7c99956a994527cb56f4a77c86ed61ff1dbda:724:PRIMARY,,,,
READY_TAG_EXISTING,rayanroshd,Rayan Roshd,213,Rayan Roshd Afzar Company,ALIAS:2,213,"[""Rayan Roshd""]",c632d657f9c13b1250d688394eb7c99956a994527cb56f4a77c86ed61ff1dbda:213:ALIAS:2,,,OFAC,Rayan Roshd
READY_TAG_EXISTING,rayanroshdafzarcompany,Rayan Roshd Afzar Company,213,Rayan Roshd Afzar Company,PRIMARY,213,"[""Rayan Roshd Afzar Company""]",c632d657f9c13b1250d688394eb7c99956a994527cb56f4a77c86ed61ff1dbda:213:PRIMARY,,,OFAC,RAYAN ROSHD AFZAR COMPANY
READY_TAG_EXISTING,rayanroshdcompany,Rayan Roshd Company,213,Rayan Roshd Afzar Company,ALIAS:1,213,"[""Rayan Roshd Company""]",c632d657f9c13b1250d688394eb7c99956a994527cb56f4a77c86ed61ff1dbda:213:ALIAS:1,,,OFAC,Rayan Roshd Company
READY_ADD,raybeamoptronicsco.ltd.(三河市戎邦光电设备股份有限公司),Raybeam Optronics Co. Ltd. （三河市戎邦光电设备股份有限公司）,565,Raybeam Optronics Co. Ltd. （三河市戎邦光电设备股份有限公司）,PRIMARY,565,"[""Raybeam Optronics Co. Ltd. （三河市戎邦光电设备股份有限公司）""]",c632d657f9c13b1250d688394eb7c99956a994527cb56f4a77c86ed61ff1dbda:565:PRIMARY,,,,
READY_ADD,reconnaissancegeneralbureau(rgb)(偵察総局),Reconnaissance General Bureau (RGB) (偵察総局),421,Reconnaissance General Bureau (RGB) (偵察総局),PRIMARY,421,"[""Reconnaissance General Bureau (RGB) (偵察総局)""]",c632d657f9c13b1250d688394eb7c99956a994527cb56f4a77c86ed61ff1dbda:421:PRIMARY,,,,
READY_TAG_EXISTING,reconstructionfoundation,RECONSTRUCTION FOUNDATION,2,Ummah Tameer E-Nau (UTN),ALIAS:3,2,"[""RECONSTRUCTION FOUNDATION""]",c632d657f9c13b1250d688394eb7c99956a994527cb56f4a77c86ed61ff1dbda:2:ALIAS:3,,,OFAC,RECONSTRUCTION FOUNDATION
READY_TAG_EXISTING,reconstructionoftheislamiccommunity,RECONSTRUCTION OF THE ISLAMIC COMMUNITY,2,Ummah Tameer E-Nau (UTN),ALIAS:4,2,"[""RECONSTRUCTION OF THE ISLAMIC COMMUNITY""]",c632d657f9c13b1250d688394eb7c99956a994527cb56f4a77c86ed61ff1dbda:2:ALIAS:4,,,OFAC,RECONSTRUCTION OF THE ISLAMIC COMMUNITY
READY_TAG_EXISTING,reconstructionofthemuslimummah,RECONSTRUCTION OF THE MUSLIM UMMAH,2,Ummah Tameer E-Nau (UTN),ALIAS:5,2,"[""RECONSTRUCTION OF THE MUSLIM UMMAH""]",c632d657f9c13b1250d688394eb7c99956a994527cb56f4a77c86ed61ff1dbda:2:ALIAS:5,,,OFAC,RECONSTRUCTION OF THE MUSLIM UMMAH
NOOP_ALREADY_METI,"region""scientific&productionenterprisejsc","""Region"" Scientific & Production Enterprise JSC",739,AO GNPP Region,ALIAS:1,739,"[""\""Region\"" Scientific & Production Enterprise JSC""]",c632d657f9c13b1250d688394eb7c99956a994527cb56f4a77c86ed61ff1dbda:739:ALIAS:1,,,経産省,“Region” Scientific & Production Enterprise JSC
READY_TAG_EXISTING,researchandproductioncorporationuralvagonzavod,Research and Production Corporation Uralvagonzavod,833,Uralvagonzavod,ALIAS:5,833,"[""Research and Production Corporation Uralvagonzavod""]",c632d657f9c13b1250d688394eb7c99956a994527cb56f4a77c86ed61ff1dbda:833:ALIAS:5,,,外務省,Research and Production Corporation Uralvagonzavod
READY_TAG_EXISTING,researchandproductioncorporationuralvagonzavodoao,Research and Production Corporation Uralvagonzavod OAO,833,Uralvagonzavod,ALIAS:6,833,"[""Research and Production Corporation Uralvagonzavod OAO""]",c632d657f9c13b1250d688394eb7c99956a994527cb56f4a77c86ed61ff1dbda:833:ALIAS:6,,,OFAC;外務省,Research and Production Corporation Uralvagonzavod OAO
NOOP_ALREADY_METI,researchcentreforexplosionandimpact,Research Centre for Explosion and Impact,214,Research Centre for Explosion and Impact,PRIMARY,214,"[""Research Centre for Explosion and Impact""]",c632d657f9c13b1250d688394eb7c99956a994527cb56f4a77c86ed61ff1dbda:214:PRIMARY,,,経産省,Research Centre for Explosion and Impact
READY_ADD,researchinstitute14,Research Institute 14,513,China Electronics Technology Group Corporation 14th Research Institute (CETC 14) （中国電子科技集団公司 第十四研究所）,ALIAS:6,513,"[""Research Institute 14""]",c632d657f9c13b1250d688394eb7c99956a994527cb56f4a77c86ed61ff1dbda:513:ALIAS:6,,,,
NOOP_ALREADY_METI,revolutionaryguard,Revolutionary Guard,138,Islamic Revolutionary Guard Corps (IRGC),ALIAS:8,138,"[""Revolutionary Guard""]",c632d657f9c13b1250d688394eb7c99956a994527cb56f4a77c86ed61ff1dbda:138:ALIAS:8,,,OFAC;経産省,REVOLUTIONARY GUARD
NOOP_ALREADY_METI,revolutionaryguards,Revolutionary Guards,138,Islamic Revolutionary Guard Corps (IRGC),ALIAS:9,138,"[""Revolutionary Guards""]",c632d657f9c13b1250d688394eb7c99956a994527cb56f4a77c86ed61ff1dbda:138:ALIAS:9,,,OFAC;経産省,REVOLUTIONARY GUARDS
NOOP_ALREADY_METI,rigsolwelldrillingequipmenttrading,Rigsol Well Drilling Equipment Trading,25,Rigsol Well Drilling Equipment Trading,PRIMARY,25,"[""Rigsol Well Drilling Equipment Trading""]",c632d657f9c13b1250d688394eb7c99956a994527cb56f4a77c86ed61ff1dbda:25:PRIMARY,,,経産省,Rigsol Well Drilling Equipment Trading
READY_ADD,rimyongsutradingcorporation(鯉明水貿易会社),Rimyongsu Trading Corporation (鯉明水貿易会社),422,Rimyongsu Trading Corporation (鯉明水貿易会社),PRIMARY,422,"[""Rimyongsu Trading Corporation (鯉明水貿易会社)""]",c632d657f9c13b1250d688394eb7c99956a994527cb56f4a77c86ed61ff1dbda:422:PRIMARY,,,,
READY_ADD,rmltechnology,RML Technology,507,"Chengdu RML Technology Co., Ltd.（成都雷电微力科技 股份有限公司）",ALIAS:2,507,"[""RML Technology""]",c632d657f9c13b1250d688394eb7c99956a994527cb56f4a77c86ed61ff1dbda:507:ALIAS:2,,,,
NOOP_ALREADY_METI,rocketindustrydepartment,ROCKET INDUSTRY DEPARTMENT,391,MINISTRY OF ROCKET INDUSTRY （ロケット産業省）,ALIAS:1,391,"[""ROCKET INDUSTRY DEPARTMENT""]",c632d657f9c13b1250d688394eb7c99956a994527cb56f4a77c86ed61ff1dbda:391:ALIAS:1,,,OFAC;経産省;財務省,Rocket Industry Department
NOOP_ALREADY_METI,rohtasenterprises,Rohtas Enterprises,684,Rohtas Enterprises,PRIMARY,684,"[""Rohtas Enterprises""]",c632d657f9c13b1250d688394eb7c99956a994527cb56f4a77c86ed61ff1dbda:684:PRIMARY,,,経産省,Rohtas Enterprises
NOOP_ALREADY_METI,roksangeneraltradingcorp(緑山貿易総会社),Roksan General Trading Corp (緑山貿易総会社),358,Korea Pyong-yang Roksan Trading Corporation (平壌緑山貿易会社),ALIAS:2,358,"[""Roksan General Trading Corp (緑山貿易総会社)""]",c632d657f9c13b1250d688394eb7c99956a994527cb56f4a77c86ed61ff1dbda:358:ALIAS:2,,,経産省,Roksan General Trading Corp (緑山貿易総会社)
NOOP_ALREADY_METI,rosmachin,Rosmachin,215,Rosmachin,PRIMARY,215,"[""Rosmachin""]",c632d657f9c13b1250d688394eb7c99956a994527cb56f4a77c86ed61ff1dbda:215:PRIMARY,,,経産省,Rosmachin
READY_ADD,rosoboroneksportao,Rosoboroneksport AO,806,Rosoboronexport OJSC (ROE),ALIAS:8,806,"[""Rosoboroneksport AO""]",c632d657f9c13b1250d688394eb7c99956a994527cb56f4a77c86ed61ff1dbda:806:ALIAS:8,,,,
READY_TAG_EXISTING,rosoboroneksportojsc,ROSOBORONEKSPORT OJSC,806,Rosoboronexport OJSC (ROE),ALIAS:3,806,"[""ROSOBORONEKSPORT OJSC""]",c632d657f9c13b1250d688394eb7c99956a994527cb56f4a77c86ed61ff1dbda:806:ALIAS:3,,,OFAC,Rosoboroneksport OJSC
READY_ADD,rosoboronexport,ROSOBORONEXPORT,806,Rosoboronexport OJSC (ROE),ALIAS:4,806,"[""ROSOBORONEXPORT""]",c632d657f9c13b1250d688394eb7c99956a994527cb56f4a77c86ed61ff1dbda:806:ALIAS:4,,,,
NOOP_ALREADY_METI,rosoboronexportjsc,ROSOBORONEXPORT JSC,806,Rosoboronexport OJSC (ROE),ALIAS:1,806,"[""ROSOBORONEXPORT JSC""]",c632d657f9c13b1250d688394eb7c99956a994527cb56f4a77c86ed61ff1dbda:806:ALIAS:1,,,OFAC;経産省,Rosoboronexport JSC
NOOP_ALREADY_METI,rosoboronexportojsc(roe),Rosoboronexport OJSC (ROE),806,Rosoboronexport OJSC (ROE),PRIMARY,806,"[""Rosoboronexport OJSC (ROE)""]",c632d657f9c13b1250d688394eb7c99956a994527cb56f4a77c86ed61ff1dbda:806:PRIMARY,,,経産省,Rosoboronexport OJSC (ROE)
NOOP_ALREADY_METI,rostec(russiantechnologiesstatecorporation),Rostec（Russian Technologies State Corporation）,807,Rostec（Russian Technologies State Corporation）,PRIMARY,807,"[""Rostec（Russian Technologies State Corporation）""]",c632d657f9c13b1250d688394eb7c99956a994527cb56f4a77c86ed61ff1dbda:807:PRIMARY,,,経産省,Rostec(Russian Technologies State Corporation)
READY_TAG_EXISTING,royalpearlchemical,Royal Pearl Chemical,24,Royal Pearl General T.R.D.,ALIAS:1,24,"[""Royal Pearl Chemical""]",c632d657f9c13b1250d688394eb7c99956a994527cb56f4a77c86ed61ff1dbda:24:ALIAS:1,,,OFAC,Royal Pearl Chemical
NOOP_ALREADY_METI,royalpearlgeneralt.r.d.,Royal Pearl General T.R.D.,24,Royal Pearl General T.R.D.,PRIMARY,24,"[""Royal Pearl General T.R.D.""]",c632d657f9c13b1250d688394eb7c99956a994527cb56f4a77c86ed61ff1dbda:24:PRIMARY,,,OFAC;経産省,ROYAL PEARL GENERAL T.R.D.
READY_TAG_EXISTING,royalpearls,Royal Pearls,24,Royal Pearl General T.R.D.,ALIAS:2,24,"[""Royal Pearls""]",c632d657f9c13b1250d688394eb7c99956a994527cb56f4a77c86ed61ff1dbda:24:ALIAS:2,,,OFAC,Royal Pearls
READY_TAG_EXISTING,royalpearlsgeneraltrading,Royal Pearls General Trading,24,Royal Pearl General T.R.D.,ALIAS:3,24,"[""Royal Pearls General Trading""]",c632d657f9c13b1250d688394eb7c99956a994527cb56f4a77c86ed61ff1dbda:24:ALIAS:3,,,OFAC,Royal Pearls General Trading
NOOP_ALREADY_METI,royalteamcorporation,Royal Team Corporation,471,"Royal Team Corporation International Trading Co., Ltd.",ALIAS:2,471,"[""Royal Team Corporation""]",c632d657f9c13b1250d688394eb7c99956a994527cb56f4a77c86ed61ff1dbda:471:ALIAS:2,,,経産省,Royal Team Corporation
NOOP_ALREADY_METI,"royalteamcorporationinternationaltradingco.,ltd.","Royal Team Corporation International Trading Co., Ltd.",471,"Royal Team Corporation International Trading Co., Ltd.",PRIMARY,471,"[""Royal Team Corporation International Trading Co., Ltd.""]",c632d657f9c13b1250d688394eb7c99956a994527cb56f4a77c86ed61ff1dbda:471:PRIMARY,,,経産省,"Royal Team Corporation International Trading Co., Ltd."
HOLD_WEAK_ALIAS,rqc,RQC,751,International Center for Quantum Optics and Quantum Technologies LLS,ALIAS:2,751,"[""RQC""]",c632d657f9c13b1250d688394eb7c99956a994527cb56f4a77c86ed61ff1dbda:751:ALIAS:2,3文字と短く、照合時に誤検知が多発する見込み（RQC）,,OFAC;財務省,RQC
READY_TAG_EXISTING,ruiyuankejiyouxiangongsi,Ruiyuan Keji Youxian Gongsi,473,Sharp Edge Engineering (SEE),ALIAS:1,473,"[""Ruiyuan Keji Youxian Gongsi""]",c632d657f9c13b1250d688394eb7c99956a994527cb56f4a77c86ed61ff1dbda:473:ALIAS:1,,,OFAC,Ruiyuan Keji Youxian Gongsi
NOOP_ALREADY_METI,rungra888generaltradingcorp(綾羅888貿易総会社),Rungra 888 General Trading Corp (綾羅888貿易総会社),365,Korea Rungra-888 Trading Corporation (朝鮮綾羅888貿易会社),ALIAS:3,365,"[""Rungra 888 General Trading Corp (綾羅888貿易総会社)""]",c632d657f9c13b1250d688394eb7c99956a994527cb56f4a77c86ed61ff1dbda:365:ALIAS:3,,,経産省,Rungra 888 General Trading Corp (綾羅888貿易総会社)
READY_TAG_EXISTING,rungradotradecompany,Rungrado Trade Company,366,Korea Rungrado (General) Trading Co. (朝鮮綾羅島貿易(総)会社),ALIAS:2,366,"[""Rungrado Trade Company""]",c632d657f9c13b1250d688394eb7c99956a994527cb56f4a77c86ed61ff1dbda:366:ALIAS:2,,,OFAC;財務省,Rungrado Trade Company
NOOP_ALREADY_METI,ruselectronicsjsc,Ruselectronics JSC,808,Ruselectronics JSC,PRIMARY,808,"[""Ruselectronics JSC""]",c632d657f9c13b1250d688394eb7c99956a994527cb56f4a77c86ed61ff1dbda:808:PRIMARY,,,経産省,Ruselectronics JSC
NOOP_ALREADY_METI,russianaircraftcorporationmig,Russian Aircraft Corporation MiG,809,Russian Aircraft Corporation MiG,PRIMARY,809,"[""Russian Aircraft Corporation MiG""]",c632d657f9c13b1250d688394eb7c99956a994527cb56f4a77c86ed61ff1dbda:809:PRIMARY,,,経産省,Russian Aircraft Corporation MiG
READY_ADD,russiandefenceexport,Russian Defence Export,806,Rosoboronexport OJSC (ROE),ALIAS:6,806,"[""Russian Defence Export""]",c632d657f9c13b1250d688394eb7c99956a994527cb56f4a77c86ed61ff1dbda:806:ALIAS:6,,,,
NOOP_ALREADY_METI,russiandefenseexportrosoboronexport,RUSSIAN DEFENSE EXPORT ROSOBORONEXPORT,806,Rosoboronexport OJSC (ROE),ALIAS:2,806,"[""RUSSIAN DEFENSE EXPORT ROSOBORONEXPORT""]",c632d657f9c13b1250d688394eb7c99956a994527cb56f4a77c86ed61ff1dbda:806:ALIAS:2,,,OFAC;経産省,Russian Defense Export Rosoboronexport
READY_TAG_EXISTING,russianhelicoptersjsc,Russian Helicopters JSC,810,Russian Helicopters JSC,PRIMARY,810,"[""Russian Helicopters JSC""]",c632d657f9c13b1250d688394eb7c99956a994527cb56f4a77c86ed61ff1dbda:810:PRIMARY,,,財務省,Russian Helicopters JSC
READY_TAG_EXISTING,russianquantumcenter,Russian Quantum Center,751,International Center for Quantum Optics and Quantum Technologies LLS,ALIAS:3,751,"[""Russian Quantum Center""]",c632d657f9c13b1250d688394eb7c99956a994527cb56f4a77c86ed61ff1dbda:751:ALIAS:3,,,OFAC;財務省,RUSSIAN QUANTUM CENTER
NOOP_ALREADY_METI,ryoehap-2,Ryoehap-2,371,Korea Ryonhap-2 Trading Corporation (朝鮮連合2貿易会社),ALIAS:1,371,"[""Ryoehap-2""]",c632d657f9c13b1250d688394eb7c99956a994527cb56f4a77c86ed61ff1dbda:371:ALIAS:1,,,経産省,Ryoehap-2
NOOP_ALREADY_METI,ryoehap-2tradingco.,Ryoehap-2 Trading Co.,371,Korea Ryonhap-2 Trading Corporation (朝鮮連合2貿易会社),ALIAS:2,371,"[""Ryoehap-2 Trading Co.""]",c632d657f9c13b1250d688394eb7c99956a994527cb56f4a77c86ed61ff1dbda:371:ALIAS:2,,,経産省,Ryoehap-2 Trading Co.
NOOP_ALREADY_METI,ryonhamachinerycorp,Ryonha Machinery Corp,369,Korea Ryonha Machinery Joint Venture Corporation (朝鮮蓮河機械合営会社),ALIAS:9,369,"[""Ryonha Machinery Corp""]",c632d657f9c13b1250d688394eb7c99956a994527cb56f4a77c86ed61ff1dbda:369:ALIAS:9,,,経産省,Ryonha Machinery Corp
NOOP_ALREADY_METI,ryonhamachinerycorporation,Ryonha Machinery Corporation,369,Korea Ryonha Machinery Joint Venture Corporation (朝鮮蓮河機械合営会社),ALIAS:10,369,"[""Ryonha Machinery Corporation""]",c632d657f9c13b1250d688394eb7c99956a994527cb56f4a77c86ed61ff1dbda:369:ALIAS:10,,,経産省,Ryonha Machinery Corporation
NOOP_ALREADY_METI,ryonhamachineryjointventurecorporation,Ryonha Machinery Joint Venture Corporation,369,Korea Ryonha Machinery Joint Venture Corporation (朝鮮蓮河機械合営会社),ALIAS:11,369,"[""Ryonha Machinery Joint Venture Corporation""]",c632d657f9c13b1250d688394eb7c99956a994527cb56f4a77c86ed61ff1dbda:369:ALIAS:11,,,OFAC;経産省;財務省,RYONHA MACHINERY JOINT VENTURE CORPORATION
NOOP_ALREADY_METI,ryonhamachinetool,Ryonha Machine Tool,369,Korea Ryonha Machinery Joint Venture Corporation (朝鮮蓮河機械合営会社),ALIAS:7,369,"[""Ryonha Machine Tool""]",c632d657f9c13b1250d688394eb7c99956a994527cb56f4a77c86ed61ff1dbda:369:ALIAS:7,,,経産省,Ryonha Machine Tool
NOOP_ALREADY_METI,ryonhamachinetoolcorporation,Ryonha Machine Tool Corporation,369,Korea Ryonha Machinery Joint Venture Corporation (朝鮮蓮河機械合営会社),ALIAS:8,369,"[""Ryonha Machine Tool Corporation""]",c632d657f9c13b1250d688394eb7c99956a994527cb56f4a77c86ed61ff1dbda:369:ALIAS:8,,,経産省,Ryonha Machine Tool Corporation
NOOP_ALREADY_METI,ryonhwamachineryjointventurecorporation,Ryonhwa Machinery Joint Venture Corporation,369,Korea Ryonha Machinery Joint Venture Corporation (朝鮮蓮河機械合営会社),ALIAS:12,369,"[""Ryonhwa Machinery Joint Venture Corporation""]",c632d657f9c13b1250d688394eb7c99956a994527cb56f4a77c86ed61ff1dbda:369:ALIAS:12,,,経産省,Ryonhwa Machinery Joint Venture Corporation
NOOP_ALREADY_METI,ryonhwamachineryjv,Ryonhwa Machinery JV,369,Korea Ryonha Machinery Joint Venture Corporation (朝鮮蓮河機械合営会社),ALIAS:13,369,"[""Ryonhwa Machinery JV""]",c632d657f9c13b1250d688394eb7c99956a994527cb56f4a77c86ed61ff1dbda:369:ALIAS:13,,,経産省,Ryonhwa Machinery JV
READY_TAG_EXISTING,ryungsengtradingcorporation,Ryung Seng Trading Corporation,386,Korean Tangun Trading Corporation (朝鮮檀君貿易会社),ALIAS:4,386,"[""Ryung Seng Trading Corporation"",""Ryungseng Trading Corporation""]",c632d657f9c13b1250d688394eb7c99956a994527cb56f4a77c86ed61ff1dbda:386:ALIAS:4;c632d657f9c13b1250d688394eb7c99956a994527cb56f4a77c86ed61ff1dbda:386:ALIAS:5,,,OFAC;財務省,Ryung Seng Trading Corporation
READY_TAG_EXISTING,ryungsongtradingcorporation,Ryungsong Trading Corporation,386,Korean Tangun Trading Corporation (朝鮮檀君貿易会社),ALIAS:6,386,"[""Ryungsong Trading Corporation""]",c632d657f9c13b1250d688394eb7c99956a994527cb56f4a77c86ed61ff1dbda:386:ALIAS:6,,,OFAC;財務省,Ryungsong Trading Corporation
READY_TAG_EXISTING,"s&ctradeptyco.,ltd",S&C TRADE PTY CO.， LTD,592,S&C TRADE PTY CO.， LTD,PRIMARY,592,"[""S&C TRADE PTY CO.， LTD""]",c632d657f9c13b1250d688394eb7c99956a994527cb56f4a77c86ed61ff1dbda:592:PRIMARY,,,OFAC,"S&C TRADE PTY CO., LTD"
NOOP_ALREADY_METI,s&ctradeptyltd,S&C TRADE PTY LTD,592,S&C TRADE PTY CO.， LTD,ALIAS:3,592,"[""S&C TRADE PTY LTD""]",c632d657f9c13b1250d688394eb7c99956a994527cb56f4a77c86ed61ff1dbda:592:ALIAS:3,,,OFAC;経産省,S&C TRADE PTY LTD
NOOP_ALREADY_METI,s&dindustryltd,S&D INDUSTRY LTD,26,S&D INDUSTRY LTD,PRIMARY,26,"[""S&D INDUSTRY LTD""]",c632d657f9c13b1250d688394eb7c99956a994527cb56f4a77c86ed61ff1dbda:26:PRIMARY,,,経産省,S&D INDUSTRY LTD
NOOP_ALREADY_METI,s.c.sabaengco.,S.C. SABA ENG CO.,219,Sadid Caran Saba Engineering Company,ALIAS:1,219,"[""S.C. SABA ENG CO.""]",c632d657f9c13b1250d688394eb7c99956a994527cb56f4a77c86ed61ff1dbda:219:ALIAS:1,,,経産省,S.C. SABA ENG CO.
NOOP_ALREADY_METI,s.m.bassociates,S.M.B Associates,685,S.M.B Associates,PRIMARY,685,"[""S.M.B Associates""]",c632d657f9c13b1250d688394eb7c99956a994527cb56f4a77c86ed61ff1dbda:685:PRIMARY,,,経産省,S.M.B Associates
NOOP_ALREADY_METI,s.m.g.,S.M.G.,245,Shahid Meisami Group,ALIAS:3,245,"[""S.M.G.""]",c632d657f9c13b1250d688394eb7c99956a994527cb56f4a77c86ed61ff1dbda:245:ALIAS:3,,,経産省,S.M.G.
READY_TAG_EXISTING,saadsazehfarazsharif,Saad Sazeh Faraz Sharif,216,Saad Sazeh Faraz Sharif,PRIMARY,216,"[""Saad Sazeh Faraz Sharif""]",c632d657f9c13b1250d688394eb7c99956a994527cb56f4a77c86ed61ff1dbda:216:PRIMARY,,,OFAC,SAAD SAZEH FARAZ SHARIF
NOOP_ALREADY_METI,sabacrane,SABA CRANE,219,Sadid Caran Saba Engineering Company,ALIAS:2,219,"[""SABA CRANE""]",c632d657f9c13b1250d688394eb7c99956a994527cb56f4a77c86ed61ff1dbda:219:ALIAS:2,,,OFAC;経産省,Saba Crane
NOOP_ALREADY_METI,sabalancompany,Sabalan Company,240,Shahid Hemmat Industrial Group (SHIG),ALIAS:2,240,"[""Sabalan Company""]",c632d657f9c13b1250d688394eb7c99956a994527cb56f4a77c86ed61ff1dbda:240:ALIAS:2,,,経産省;財務省,SABALAN COMPANY
NOOP_ALREADY_METI,saberinkishco.,SABERIN KISH CO.,217,SABERIN KISH COMPANY,ALIAS:1,217,"[""SABERIN KISH CO.""]",c632d657f9c13b1250d688394eb7c99956a994527cb56f4a77c86ed61ff1dbda:217:ALIAS:1,,,OFAC;経産省,SABERIN KISH CO.
READY_TAG_EXISTING,saberinkishcompany,SABERIN KISH COMPANY,217,SABERIN KISH COMPANY,PRIMARY,217,"[""SABERIN KISH COMPANY""]",c632d657f9c13b1250d688394eb7c99956a994527cb56f4a77c86ed61ff1dbda:217:PRIMARY,,,OFAC,SABERIN KISH COMPANY
NOOP_ALREADY_METI,sadexportimportcompany,Sad Export Import Company,218,Sad Export Import Company,PRIMARY,218,"[""Sad Export Import Company""]",c632d657f9c13b1250d688394eb7c99956a994527cb56f4a77c86ed61ff1dbda:218:PRIMARY,,,経産省,Sad Export Import Company
READY_TAG_EXISTING,sadidcaransabacompany,Sadid Caran Saba Company,219,Sadid Caran Saba Engineering Company,ALIAS:3,219,"[""Sadid Caran Saba Company""]",c632d657f9c13b1250d688394eb7c99956a994527cb56f4a77c86ed61ff1dbda:219:ALIAS:3,,,OFAC,Sadid Caran Saba Company
NOOP_ALREADY_METI,sadidcaransabaeng.co.,Sadid Caran Saba Eng. Co.,219,Sadid Caran Saba Engineering Company,ALIAS:4,219,"[""Sadid Caran Saba Eng. Co.""]",c632d657f9c13b1250d688394eb7c99956a994527cb56f4a77c86ed61ff1dbda:219:ALIAS:4,,,OFAC;経産省,Sadid Caran Saba Eng. Co.
READY_TAG_EXISTING,sadidcaransabaengineeringcompany,Sadid Caran Saba Engineering Company,219,Sadid Caran Saba Engineering Company,PRIMARY,219,"[""Sadid Caran Saba Engineering Company""]",c632d657f9c13b1250d688394eb7c99956a994527cb56f4a77c86ed61ff1dbda:219:PRIMARY,,,OFAC,SADID CARAN SABA ENGINEERING COMPANY
READY_TAG_EXISTING,sadidsazehparvazsharif,Sadid Sazeh Parvaz Sharif,216,Saad Sazeh Faraz Sharif,ALIAS:2,216,"[""Sadid Sazeh Parvaz Sharif""]",c632d657f9c13b1250d688394eb7c99956a994527cb56f4a77c86ed61ff1dbda:216:ALIAS:2,,,OFAC,Sadid Sazeh Parvaz Sharif
NOOP_ALREADY_METI,sadimport&exportcompany,SAD Import & Export Company,218,Sad Export Import Company,ALIAS:1,218,"[""SAD Import & Export Company""]",c632d657f9c13b1250d688394eb7c99956a994527cb56f4a77c86ed61ff1dbda:218:ALIAS:1,,,経産省,SAD Import & Export Company
NOOP_ALREADY_METI,saeingp'ilcompany,Saeingp'il Company,318,Green Pine Associated Corporation （青松連合）,ALIAS:13,318,"[""Saeingp'il Company""]",c632d657f9c13b1250d688394eb7c99956a994527cb56f4a77c86ed61ff1dbda:318:ALIAS:13,,,経産省;財務省,Saeingp'il Company
NOOP_ALREADY_METI,saengpiltradingcorporation(sptc),Saeng Pil Trading Corporation (SPTC),318,Green Pine Associated Corporation （青松連合）,ALIAS:12,318,"[""Saeng Pil Trading Corporation (SPTC)""]",c632d657f9c13b1250d688394eb7c99956a994527cb56f4a77c86ed61ff1dbda:318:ALIAS:12,,,経産省,Saeng Pil Trading Corporation (SPTC)
NOOP_ALREADY_METI,safetech,SafeTech,27,Safe Technical Supply,ALIAS:4,27,"[""SafeTech""]",c632d657f9c13b1250d688394eb7c99956a994527cb56f4a77c86ed61ff1dbda:27:ALIAS:4,,,経産省,SafeTech
NOOP_ALREADY_METI,safetechnical,Safe Technical,27,Safe Technical Supply,ALIAS:3,27,"[""Safe Technical""]",c632d657f9c13b1250d688394eb7c99956a994527cb56f4a77c86ed61ff1dbda:27:ALIAS:3,,,経産省,Safe Technical
NOOP_ALREADY_METI,safetechnicalequipmentservicesllc,Safe Technical Equipment Services LLC,27,Safe Technical Supply,ALIAS:2,27,"[""Safe Technical Equipment Services LLC""]",c632d657f9c13b1250d688394eb7c99956a994527cb56f4a77c86ed61ff1dbda:27:ALIAS:2,,,経産省,Safe Technical Equipment Services LLC
NOOP_ALREADY_METI,safetechnicalsupply,Safe Technical Supply,27,Safe Technical Supply,PRIMARY,27,"[""Safe Technical Supply""]",c632d657f9c13b1250d688394eb7c99956a994527cb56f4a77c86ed61ff1dbda:27:PRIMARY,,,経産省,Safe Technical Supply
NOOP_ALREADY_METI,"safetechnicalsupplyco.,llc","Safe Technical Supply Co., LLC",27,Safe Technical Supply,ALIAS:1,27,"[""Safe Technical Supply Co., LLC""]",c632d657f9c13b1250d688394eb7c99956a994527cb56f4a77c86ed61ff1dbda:27:ALIAS:1,,,経産省,"Safe Technical Supply Co., LLC"
NOOP_ALREADY_METI,safetyequipmentprocurement(sep),Safety Equipment Procurement (SEP),220,Safety Equipment Procurement (SEP),PRIMARY,220,"[""Safety Equipment Procurement (SEP)""]",c632d657f9c13b1250d688394eb7c99956a994527cb56f4a77c86ed61ff1dbda:220:PRIMARY,,,経産省,SAFETY EQUIPMENT PROCUREMENT (SEP)
NOOP_ALREADY_METI,safetyequipmentprocurementcompany,Safety Equipment Procurement Company,220,Safety Equipment Procurement (SEP),ALIAS:1,220,"[""Safety Equipment Procurement Company""]",c632d657f9c13b1250d688394eb7c99956a994527cb56f4a77c86ed61ff1dbda:220:ALIAS:1,,,OFAC;経産省,SAFETY EQUIPMENT PROCUREMENT COMPANY
READY_TAG_EXISTING,saha,SAHA,119,Iran Aircraft Industries (IACI),ALIAS:1,119,"[""SAHA""]",c632d657f9c13b1250d688394eb7c99956a994527cb56f4a77c86ed61ff1dbda:119:ALIAS:1,,,OFAC,SAHA
NOOP_ALREADY_METI,sahandaluminumpartsindustrialcompany(sapico),Sahand Aluminum Parts Industrial Company (SAPICO),240,Shahid Hemmat Industrial Group (SHIG),ALIAS:3,240,"[""Sahand Aluminum Parts Industrial Company (SAPICO)""]",c632d657f9c13b1250d688394eb7c99956a994527cb56f4a77c86ed61ff1dbda:240:ALIAS:3,,,経産省,SAHAND ALUMINUM PARTS INDUSTRIAL COMPANY (SAPICO)
NOOP_ALREADY_METI,sahelconsultantengineers,Sahel Consultant Engineers,221,Sahel Consultant Engineers,PRIMARY,221,"[""Sahel Consultant Engineers""]",c632d657f9c13b1250d688394eb7c99956a994527cb56f4a77c86ed61ff1dbda:221:PRIMARY,,,OFAC;経産省;財務省,SAHEL CONSULTANT ENGINEERS
HOLD_WEAK_ALIAS,sai,SAI,235,Shahid Alamolhoda Industries,ALIAS:1,235,"[""SAI""]",c632d657f9c13b1250d688394eb7c99956a994527cb56f4a77c86ed61ff1dbda:235:ALIAS:1,3文字と短く、照合時に誤検知が多発する見込み（SAI）,,,
READY_TAG_EXISTING,sairc,SAIRC,233,SHAHED AVIATION RESEARCH INDUSTRIES CENTER,ALIAS:1,233,"[""SAIRC""]",c632d657f9c13b1250d688394eb7c99956a994527cb56f4a77c86ed61ff1dbda:233:ALIAS:1,,,OFAC,SAIRC
NOOP_ALREADY_METI,sakrfactoryfordevelopedindustries,Sakr Factory for Developed Industries,296,Sakr Factory for Developed Industries,PRIMARY,296,"[""Sakr Factory for Developed Industries""]",c632d657f9c13b1250d688394eb7c99956a994527cb56f4a77c86ed61ff1dbda:296:PRIMARY,,,経産省,Sakr Factory for Developed Industries
READY_TAG_EXISTING,samanindustrialgroup,SAMAN INDUSTRIAL GROUP,222,SAMAN INDUSTRIAL GROUP,PRIMARY,222,"[""SAMAN INDUSTRIAL GROUP""]",c632d657f9c13b1250d688394eb7c99956a994527cb56f4a77c86ed61ff1dbda:222:PRIMARY,,,OFAC,SAMAN INDUSTRIAL GROUP
NOOP_ALREADY_METI,samannasbzainderood,Saman Nasbzainde Rood,223,Saman Nasb Zayendeh Rood,ALIAS:1,223,"[""Saman Nasbzainde Rood""]",c632d657f9c13b1250d688394eb7c99956a994527cb56f4a77c86ed61ff1dbda:223:ALIAS:1,,,経産省,Saman Nasbzainde Rood
NOOP_ALREADY_METI,samannasbzayendehrood,Saman Nasb Zayendeh Rood,223,Saman Nasb Zayendeh Rood,PRIMARY,223,"[""Saman Nasb Zayendeh Rood""]",c632d657f9c13b1250d688394eb7c99956a994527cb56f4a77c86ed61ff1dbda:223:PRIMARY,,,経産省,Saman Nasb Zayendeh Rood
READY_TAG_EXISTING,samantejaratbarmantradingcompany,SAMAN TEJARAT BARMAN TRADINGCOMPANY,224,SAMAN TEJARAT BARMAN TRADINGCOMPANY,PRIMARY,224,"[""SAMAN TEJARAT BARMAN TRADINGCOMPANY""]",c632d657f9c13b1250d688394eb7c99956a994527cb56f4a77c86ed61ff1dbda:224:PRIMARY,,,OFAC,SAMAN TEJARAT BARMAN TRADING COMPANY
NOOP_ALREADY_METI,samc,SAMC,570,Shanghai Aircraft Manufacturing Company (上海飛機製造有限公司),ALIAS:1,570,"[""SAMC""]",c632d657f9c13b1250d688394eb7c99956a994527cb56f4a77c86ed61ff1dbda:570:ALIAS:1,,,経産省,SAMC
NOOP_ALREADY_METI,samenal-a'emmehindustriesgroup,Samen Al-A'emmeh Industries Group,75,Cruise Missile Industry Group,ALIAS:4,75,"[""Samen Al-A'emmeh Industries Group""]",c632d657f9c13b1250d688394eb7c99956a994527cb56f4a77c86ed61ff1dbda:75:ALIAS:4,,,OFAC;経産省,Samen Al-A'emmeh Industries Group
NOOP_ALREADY_METI,samenindustries,Samen Industries,154,Khorasan Metallurgy Industries,ALIAS:3,154,"[""Samen Industries""]",c632d657f9c13b1250d688394eb7c99956a994527cb56f4a77c86ed61ff1dbda:154:ALIAS:3,,,経産省,Samen Industries
READY_ADD,samhungcorporation(三興会社),Samhung Corporation (三興会社),423,Samhung Corporation (三興会社),PRIMARY,423,"[""Samhung Corporation (三興会社)""]",c632d657f9c13b1250d688394eb7c99956a994527cb56f4a77c86ed61ff1dbda:423:PRIMARY,,,,
NOOP_ALREADY_METI,saminapvt.ltd.,Samina Pvt. Ltd.,686,Samina Pvt. Ltd.,PRIMARY,686,"[""Samina Pvt. Ltd.""]",c632d657f9c13b1250d688394eb7c99956a994527cb56f4a77c86ed61ff1dbda:686:PRIMARY,,,経産省,Samina Pvt. Ltd.
NOOP_ALREADY_METI,sanamindustrialgroup,Sanam Industrial Group,225,Sanam Industrial Group,PRIMARY,225,"[""Sanam Industrial Group""]",c632d657f9c13b1250d688394eb7c99956a994527cb56f4a77c86ed61ff1dbda:225:PRIMARY,,,OFAC;経産省;財務省,SANAM INDUSTRIAL GROUP
NOOP_ALREADY_METI,sanamindustriesgroup,Sanam Industries Group,225,Sanam Industrial Group,ALIAS:1,225,"[""Sanam Industries Group""]",c632d657f9c13b1250d688394eb7c99956a994527cb56f4a77c86ed61ff1dbda:225:ALIAS:1,,,OFAC;経産省;財務省,SANAM INDUSTRIES GROUP
NOOP_ALREADY_METI,sanaye-eoptikeesfahan,SANAYE-E OPTIKE ESFAHAN,136,Isfahan Optics,ALIAS:10,136,"[""SANAYE-E OPTIKE ESFAHAN""]",c632d657f9c13b1250d688394eb7c99956a994527cb56f4a77c86ed61ff1dbda:136:ALIAS:10,,,OFAC;経産省,SANAYE-E OPTIKE ESFAHAN
NOOP_ALREADY_METI,sanayeelectroniciran,Sanaye Electronic Iran,126,Iran Electronics Industries (IEI),ALIAS:1,126,"[""Sanaye Electronic Iran""]",c632d657f9c13b1250d688394eb7c99956a994527cb56f4a77c86ed61ff1dbda:126:ALIAS:1,,,OFAC;経産省,SANAYE ELECTRONIC IRAN
NOOP_ALREADY_METI,sanayehaftometir,Sanaye Haftome Tir,35,7th of Tir,ALIAS:6,35,"[""Sanaye Haftome Tir""]",c632d657f9c13b1250d688394eb7c99956a994527cb56f4a77c86ed61ff1dbda:35:ALIAS:6,,,OFAC;経産省;財務省,SANAYE HAFTOME TIR
NOOP_ALREADY_METI,sanayemetologieiran,Sanaye Metologie Iran,154,Khorasan Metallurgy Industries,ALIAS:4,154,"[""Sanaye Metologie Iran""]",c632d657f9c13b1250d688394eb7c99956a994527cb56f4a77c86ed61ff1dbda:154:ALIAS:4,,,OFAC;経産省,SANAYE METOLOGIE IRAN
NOOP_ALREADY_METI,sanayemohematsazi,Sanaye Mohematsazi,46,Ammunition and Metallurgy Industries Group (AMIG),ALIAS:3,46,"[""Sanaye Mohematsazi""]",c632d657f9c13b1250d688394eb7c99956a994527cb56f4a77c86ed61ff1dbda:46:ALIAS:3,,,OFAC;経産省;財務省,SANAYE MOHEMATSAZI
NOOP_ALREADY_METI,sanayemokhaberatiran,Sanaye Mokhaberat Iran,123,Iran Communications Industries (ICI),ALIAS:4,123,"[""Sanaye Mokhaberat Iran""]",c632d657f9c13b1250d688394eb7c99956a994527cb56f4a77c86ed61ff1dbda:123:ALIAS:4,,,OFAC;経産省,SANAYE MOKHABERAT IRAN
NOOP_ALREADY_METI,sancomefzc,SANCO ME FZC,28,SANCO MIDDLE EAST FZC,ALIAS:1,28,"[""SANCO ME FZC""]",c632d657f9c13b1250d688394eb7c99956a994527cb56f4a77c86ed61ff1dbda:28:ALIAS:1,,,経産省,SANCO ME FZC
NOOP_ALREADY_METI,sancomiddleeastfzc,SANCO MIDDLE EAST FZC,28,SANCO MIDDLE EAST FZC,PRIMARY,28,"[""SANCO MIDDLE EAST FZC""]",c632d657f9c13b1250d688394eb7c99956a994527cb56f4a77c86ed61ff1dbda:28:PRIMARY,,,経産省,SANCO MIDDLE EAST FZC
NOOP_ALREADY_METI,"sandctradeptyco.,ltd","S AND C TRADE PTY CO., LTD",592,S&C TRADE PTY CO.， LTD,ALIAS:1,592,"[""S AND C TRADE PTY CO., LTD""]",c632d657f9c13b1250d688394eb7c99956a994527cb56f4a77c86ed61ff1dbda:592:ALIAS:1,,,OFAC;経産省,"S AND C TRADE PTY CO., LTD"
READY_TAG_EXISTING,sandctradeptyltd,S AND C TRADE PTY LTD,592,S&C TRADE PTY CO.， LTD,ALIAS:2,592,"[""S AND C TRADE PTY LTD""]",c632d657f9c13b1250d688394eb7c99956a994527cb56f4a77c86ed61ff1dbda:592:ALIAS:2,,,OFAC,S AND C TRADE PTY LTD
READY_ADD,"sanmingsino-euroimportandexportco.,ltd(三明市中伊欧进出口有限公司)","SANMING SINO-EURO IMPORT AND EXPORT CO., LTD (三明市中伊欧进出⼝有限公司)",567,"SANMING SINO-EURO IMPORT AND EXPORT CO., LTD (三明市中伊欧进出⼝有限公司)",PRIMARY,567,"[""SANMING SINO-EURO IMPORT AND EXPORT CO., LTD (三明市中伊欧进出⼝有限公司)""]",c632d657f9c13b1250d688394eb7c99956a994527cb56f4a77c86ed61ff1dbda:567:PRIMARY,,,,
NOOP_ALREADY_METI,sanoyeelektroniksairan,SANOYE ELEKTRONIK SAIRAN,136,Isfahan Optics,ALIAS:11,136,"[""SANOYE ELEKTRONIK SAIRAN""]",c632d657f9c13b1250d688394eb7c99956a994527cb56f4a77c86ed61ff1dbda:136:ALIAS:11,,,OFAC;経産省,Sanoye Elektronik Sairan
READY_TAG_EXISTING,sansri,SANSRI,425,Second Academy of Natural Sciences (第二自然科学院),ALIAS:7,425,"[""SANSRI""]",c632d657f9c13b1250d688394eb7c99956a994527cb56f4a77c86ed61ff1dbda:425:ALIAS:7,,,OFAC;財務省,SANSRI
NOOP_ALREADY_METI,santersholding,Santers Holding,790,Nilco Group,ALIAS:3,790,"[""Santers Holding""]",c632d657f9c13b1250d688394eb7c99956a994527cb56f4a77c86ed61ff1dbda:790:ALIAS:3,,,経産省,Santers Holding
NOOP_ALREADY_METI,sanyongco.ltd.,San Yong Co. Ltd.,424,San Yong Co. Ltd.,PRIMARY,424,"[""San Yong Co. Ltd."",""Sanyong Co. Ltd.""]",c632d657f9c13b1250d688394eb7c99956a994527cb56f4a77c86ed61ff1dbda:424:PRIMARY;c632d657f9c13b1250d688394eb7c99956a994527cb56f4a77c86ed61ff1dbda:424:ALIAS:1,,,経産省,Sanyong Co. Ltd.
NOOP_ALREADY_METI,sanyongjointventureco.,Sanyong Joint Venture Co.,424,San Yong Co. Ltd.,ALIAS:2,424,"[""Sanyong Joint Venture Co.""]",c632d657f9c13b1250d688394eb7c99956a994527cb56f4a77c86ed61ff1dbda:424:ALIAS:2,,,経産省,Sanyong Joint Venture Co.
READY_TAG_EXISTING,sapa,SAPA,136,Isfahan Optics,ALIAS:13,136,"[""SAPA""]",c632d657f9c13b1250d688394eb7c99956a994527cb56f4a77c86ed61ff1dbda:136:ALIAS:13,,,OFAC,SAPA
NOOP_ALREADY_METI,sarmadelectronicsco.,Sarmad Electronics Co.,226,Sarmad Electronic Sepahan Company,ALIAS:2,226,"[""Sarmad Electronics Co.""]",c632d657f9c13b1250d688394eb7c99956a994527cb56f4a77c86ed61ff1dbda:226:ALIAS:2,,,経産省,Sarmad Electronics Co.
NOOP_ALREADY_METI,sarmadelectronicsepahan,Sarmad Electronic Sepahan,226,Sarmad Electronic Sepahan Company,ALIAS:1,226,"[""Sarmad Electronic Sepahan""]",c632d657f9c13b1250d688394eb7c99956a994527cb56f4a77c86ed61ff1dbda:226:ALIAS:1,,,経産省,Sarmad Electronic Sepahan
READY_TAG_EXISTING,sarmadelectronicsepahancompany,Sarmad Electronic Sepahan Company,226,Sarmad Electronic Sepahan Company,PRIMARY,226,"[""Sarmad Electronic Sepahan Company""]",c632d657f9c13b1250d688394eb7c99956a994527cb56f4a77c86ed61ff1dbda:226:PRIMARY,,,OFAC,SARMAD ELECTRONIC SEPAHAN COMPANY
NOOP_ALREADY_METI,sasadiranelectronicsindustries,Sasad Iran Electronics Industries,126,Iran Electronics Industries (IEI),ALIAS:2,126,"[""Sasad Iran Electronics Industries""]",c632d657f9c13b1250d688394eb7c99956a994527cb56f4a77c86ed61ff1dbda:126:ALIAS:2,,,OFAC;経産省,SASAD IRAN ELECTRONICS INDUSTRIES
READY_TAG_EXISTING,sasadja,SASADJA,77,Defence Industrieal Organisation,ALIAS:2,77,"[""SASADJA""]",c632d657f9c13b1250d688394eb7c99956a994527cb56f4a77c86ed61ff1dbda:77:ALIAS:2,,,OFAC;財務省,SASADJA
NOOP_ALREADY_METI,sasemansanajedefa,Saseman Sanaje Defa,77,Defence Industrieal Organisation,ALIAS:3,77,"[""Saseman Sanaje Defa""]",c632d657f9c13b1250d688394eb7c99956a994527cb56f4a77c86ed61ff1dbda:77:ALIAS:3,,,OFAC;経産省;財務省,SASEMAN SANAJE DEFA
NOOP_ALREADY_METI,saterehsharghmobinco.,Satereh Shargh Mobin Co.,84,East Star Company,ALIAS:1,84,"[""Satereh Shargh Mobin Co.""]",c632d657f9c13b1250d688394eb7c99956a994527cb56f4a77c86ed61ff1dbda:84:ALIAS:1,,,OFAC;経産省,Satereh Shargh Mobin Co.
NOOP_ALREADY_METI,"saterehsharghsaminco.,ltd.","Satereh Shargh Samin Co., Ltd.",84,East Star Company,ALIAS:2,84,"[""Satereh Shargh Samin Co., Ltd.""]",c632d657f9c13b1250d688394eb7c99956a994527cb56f4a77c86ed61ff1dbda:84:ALIAS:2,,,OFAC;経産省,"Satereh Shargh Samin Co., Ltd."
READY_TAG_EXISTING,satraparscompany,SATRA PARS COMPANY,192,PARS REACTORS CONSTRUCTION AND DEVELOPMENT COMPANY,ALIAS:1,192,"[""SATRA PARS COMPANY""]",c632d657f9c13b1250d688394eb7c99956a994527cb56f4a77c86ed61ff1dbda:192:ALIAS:1,,,OFAC,Satra Pars Company
NOOP_ALREADY_METI,sayyedbrothersengineeringco.(sbec),Sayyed Brothers Engineering Co. （SBEC）,687,Sayyed Brothers Engineering Co. （SBEC）,PRIMARY,687,"[""Sayyed Brothers Engineering Co. （SBEC）""]",c632d657f9c13b1250d688394eb7c99956a994527cb56f4a77c86ed61ff1dbda:687:PRIMARY,,,経産省,Sayyed Brothers Engineering Co. (SBEC)
NOOP_ALREADY_METI,sazehmorakabco.ltd,Sazeh Morakab Co. Ltd,227,Sazeh Morakab Co. Ltd,PRIMARY,227,"[""Sazeh Morakab Co. Ltd""]",c632d657f9c13b1250d688394eb7c99956a994527cb56f4a77c86ed61ff1dbda:227:PRIMARY,,,OFAC;経産省,SAZEH MORAKAB CO. LTD
NOOP_ALREADY_METI,sazemanesanayedefa,Sazemane Sanaye Defa,77,Defence Industrieal Organisation,ALIAS:4,77,"[""Sazemane Sanaye Defa""]",c632d657f9c13b1250d688394eb7c99956a994527cb56f4a77c86ed61ff1dbda:77:ALIAS:4,,,OFAC;経産省;財務省,SAZEMANE SANAYE DEFA
NOOP_ALREADY_METI,sazemanesanayehavafaza,Sazemane Sanaye Hava Faza,40,Aerospace Industries Organization（AIO）,ALIAS:1,40,"[""Sazemane Sanaye Hava Faza""]",c632d657f9c13b1250d688394eb7c99956a994527cb56f4a77c86ed61ff1dbda:40:ALIAS:1,,,経産省,Sazemane Sanaye Hava Faza
NOOP_ALREADY_METI,sazmanesanayehavai,Sazmane Sanaye Havai,128,Iranian Aviation Industries Organization (IAIO),ALIAS:2,128,"[""Sazmane Sanaye Havai""]",c632d657f9c13b1250d688394eb7c99956a994527cb56f4a77c86ed61ff1dbda:128:ALIAS:2,,,OFAC;経産省,SAZMANE SANAYE HAVAI
READY_TAG_EXISTING,sbsllc,SBS LLC,820,Systems of Biological Synthesis LLC,ALIAS:2,820,"[""SBS LLC""]",c632d657f9c13b1250d688394eb7c99956a994527cb56f4a77c86ed61ff1dbda:820:ALIAS:2,,,OFAC,SBS LLC
NOOP_ALREADY_METI,"sc(dalian)industry&tradeco.,ltd.","SC (Dalian) Industry & Trade Co., Ltd.",550,LIMMT Economic and Trade Company (LIMMT経貿公司),ALIAS:12,550,"[""SC (Dalian) Industry & Trade Co., Ltd.""]",c632d657f9c13b1250d688394eb7c99956a994527cb56f4a77c86ed61ff1dbda:550:ALIAS:12,,,OFAC;経産省,"SC (Dalian) Industry & Trade Co., Ltd."
NOOP_ALREADY_METI,schillernovin,Schiller Novin,228,Schiller Novin,PRIMARY,228,"[""Schiller Novin""]",c632d657f9c13b1250d688394eb7c99956a994527cb56f4a77c86ed61ff1dbda:228:PRIMARY,,,経産省,Schiller Novin
NOOP_ALREADY_METI,sci-techglobal,Sci-Tech Global,688,Sci-Tech Global,PRIMARY,688,"[""Sci-Tech Global""]",c632d657f9c13b1250d688394eb7c99956a994527cb56f4a77c86ed61ff1dbda:688:PRIMARY,,,経産省,Sci-Tech Global
NOOP_ALREADY_METI,"sciboxscientificandlaboratoryequipmenttrading,llc","Sci Box Scientific and Laboratory Equipment Trading, LLC",29,"Sci Box Scientific and Laboratory Equipment Trading, LLC",PRIMARY,29,"[""Sci Box Scientific and Laboratory Equipment Trading, LLC""]",c632d657f9c13b1250d688394eb7c99956a994527cb56f4a77c86ed61ff1dbda:29:PRIMARY,,,経産省,"Sci Box Scientific and Laboratory Equipment Trading, LLC"
NOOP_ALREADY_METI,scientificengineeringcorporation,Scientific Engineering Corporation,616,Dynamic Engineering Corporation (DEC),ALIAS:2,616,"[""Scientific Engineering Corporation""]",c632d657f9c13b1250d688394eb7c99956a994527cb56f4a77c86ed61ff1dbda:616:ALIAS:2,,,経産省,Scientific Engineering Corporation
READY_TAG_EXISTING,scientificindustrialconcernmanufacturingengineeringojsc,Scientific Industrial Concern Manufacturing Engineering OJSC,791,NPK Tekhmash OAO,ALIAS:5,791,"[""Scientific Industrial Concern Manufacturing Engineering OJSC""]",c632d657f9c13b1250d688394eb7c99956a994527cb56f4a77c86ed61ff1dbda:791:ALIAS:5,,,OFAC;財務省,Scientific Industrial Concern Manufacturing Engineering OJSC
READY_TAG_EXISTING,scientificproductionassociationizhmashjointstockcompany,Scientific Production Association Izhmash Joint Stock Company,780,Kalashnikov Concern,ALIAS:8,780,"[""Scientific Production Association Izhmash Joint Stock Company""]",c632d657f9c13b1250d688394eb7c99956a994527cb56f4a77c86ed61ff1dbda:780:ALIAS:8,,,外務省,Scientific Production Association Izhmash Joint Stock Company
NOOP_ALREADY_METI,scientificresearchcouncil(src),Scientific Research Council (SRC),466,Scientific Studies and Research Center (SSRC),ALIAS:7,466,"[""Scientific Research Council (SRC)""]",c632d657f9c13b1250d688394eb7c99956a994527cb56f4a77c86ed61ff1dbda:466:ALIAS:7,,,経産省,Scientific Research Council (SRC)
READY_ADD,"scientificresearchinstituteformechanicalengineering""jsc","""Scientific Research Institute for Mechanical Engineering"" JSC",812,"""Scientific Research Institute for Mechanical Engineering"" JSC",PRIMARY,812,"[""\""Scientific Research Institute for Mechanical Engineering\"" JSC""]",c632d657f9c13b1250d688394eb7c99956a994527cb56f4a77c86ed61ff1dbda:812:PRIMARY,,,,
NOOP_ALREADY_METI,scientificresearchinstituteofappliedacoustics,Scientific Research Institute of Applied Acoustics,811,Scientific Research Institute of Applied Acoustics,PRIMARY,811,"[""Scientific Research Institute of Applied Acoustics""]",c632d657f9c13b1250d688394eb7c99956a994527cb56f4a77c86ed61ff1dbda:811:PRIMARY,,,OFAC;経産省,SCIENTIFIC RESEARCH INSTITUTE OF APPLIED ACOUSTICS
NOOP_ALREADY_METI,scientificstudiesandresearchcenter(ssrc),Scientific Studies and Research Center (SSRC),466,Scientific Studies and Research Center (SSRC),PRIMARY,466,"[""Scientific Studies and Research Center (SSRC)""]",c632d657f9c13b1250d688394eb7c99956a994527cb56f4a77c86ed61ff1dbda:466:PRIMARY,,,経産省,Scientific Studies and Research Center (SSRC)
NOOP_ALREADY_METI,scientificstudiesandresearchcenter(ssrc)-nscl,Scientific Studies and Research Center (SSRC)-NSCL,464,National Standards and Calibration Laboratory (NSCL),ALIAS:3,464,"[""Scientific Studies and Research Center (SSRC)-NSCL""]",c632d657f9c13b1250d688394eb7c99956a994527cb56f4a77c86ed61ff1dbda:464:ALIAS:3,,,経産省,Scientific Studies and Research Center (SSRC)-NSCL
NOOP_ALREADY_METI,scientificstudiesandresearchcouncil,Scientific Studies and Research Council,466,Scientific Studies and Research Center (SSRC),ALIAS:8,466,"[""Scientific Studies and Research Council""]",c632d657f9c13b1250d688394eb7c99956a994527cb56f4a77c86ed61ff1dbda:466:ALIAS:8,,,経産省,Scientific Studies and Research Council
NOOP_ALREADY_METI,scientificstudiesresearchcentre(ssrc),Scientific Studies Research Centre (SSRC),466,Scientific Studies and Research Center (SSRC),ALIAS:9,466,"[""Scientific Studies Research Centre (SSRC)""]",c632d657f9c13b1250d688394eb7c99956a994527cb56f4a77c86ed61ff1dbda:466:ALIAS:9,,,経産省,Scientific Studies Research Centre (SSRC)
READY_ADD,secondacademyofnaturalsciences(第二自然科学院),Second Academy of Natural Sciences (第二自然科学院),425,Second Academy of Natural Sciences (第二自然科学院),PRIMARY,425,"[""Second Academy of Natural Sciences (第二自然科学院)""]",c632d657f9c13b1250d688394eb7c99956a994527cb56f4a77c86ed61ff1dbda:425:PRIMARY,,,,
NOOP_ALREADY_METI,secondacademyofnaturalsciencesresearchinstitute,Second Academy of Natural Sciences Research Institute,425,Second Academy of Natural Sciences (第二自然科学院),ALIAS:8,425,"[""Second Academy of Natural Sciences Research Institute""]",c632d657f9c13b1250d688394eb7c99956a994527cb56f4a77c86ed61ff1dbda:425:ALIAS:8,,,OFAC;経産省;財務省,SECOND ACADEMY OF NATURAL SCIENCES RESEARCH INSTITUTE
READY_ADD,secondeconomiccommittee(第二経済委員会),Second Economic Committee (第二経済委員会),426,Second Economic Committee (第二経済委員会),PRIMARY,426,"[""Second Economic Committee (第二経済委員会)""]",c632d657f9c13b1250d688394eb7c99956a994527cb56f4a77c86ed61ff1dbda:426:PRIMARY,,,,
READY_ADD,secondresearchacademyofcasic,Second Research Academy of CASIC,511,China Aerospace Science and Industry Corporation Second Academy（中国航天科工集団第二研究院）,ALIAS:6,511,"[""Second Research Academy of CASIC""]",c632d657f9c13b1250d688394eb7c99956a994527cb56f4a77c86ed61ff1dbda:511:ALIAS:6,,,,
NOOP_ALREADY_METI,seibuco.ltd.,Seibu Co. Ltd.,427,Seibu Co. Ltd.,PRIMARY,427,"[""Seibu Co. Ltd.""]",c632d657f9c13b1250d688394eb7c99956a994527cb56f4a77c86ed61ff1dbda:427:PRIMARY,,,経産省,Seibu Co. Ltd.
READY_TAG_EXISTING,selintechnicco,SELIN TECHNIC CO,229,SELIN TECHNIC CO,PRIMARY,229,"[""SELIN TECHNIC CO""]",c632d657f9c13b1250d688394eb7c99956a994527cb56f4a77c86ed61ff1dbda:229:PRIMARY,,,OFAC,SELIN TECHNIC CO
NOOP_ALREADY_METI,selintechnickishcompany,SELIN TECHNIC KISH COMPANY,229,SELIN TECHNIC CO,ALIAS:1,229,"[""SELIN TECHNIC KISH COMPANY""]",c632d657f9c13b1250d688394eb7c99956a994527cb56f4a77c86ed61ff1dbda:229:ALIAS:1,,,OFAC;経産省,Selin Technic Kish Company
NOOP_ALREADY_METI,semiconductorequipmentmanufacturingincorporated,Semiconductor Equipment Manufacturing Incorporated,472,Semiconductor Equipment Manufacturing Incorporated,PRIMARY,472,"[""Semiconductor Equipment Manufacturing Incorporated""]",c632d657f9c13b1250d688394eb7c99956a994527cb56f4a77c86ed61ff1dbda:472:PRIMARY,,,経産省,Semiconductor Equipment Manufacturing Incorporated
NOOP_ALREADY_METI,sepah,Sepah,138,Islamic Revolutionary Guard Corps (IRGC),ALIAS:10,138,"[""Sepah""]",c632d657f9c13b1250d688394eb7c99956a994527cb56f4a77c86ed61ff1dbda:138:ALIAS:10,,,OFAC;経産省,SEPAH
NOOP_ALREADY_METI,sepah-epasdaran-eenqelab-eeslami,Sepah-e Pasdaran-e Enqelab-e Eslami,138,Islamic Revolutionary Guard Corps (IRGC),ALIAS:12,138,"[""Sepah-e Pasdaran-e Enqelab-e Eslami""]",c632d657f9c13b1250d688394eb7c99956a994527cb56f4a77c86ed61ff1dbda:138:ALIAS:12,,,OFAC;経産省,Sepah-e Pasdaran-e Enqelab-e Eslami
NOOP_ALREADY_METI,sepah-eqods,Sepah-e Qods,135,IRGC Qods Force,ALIAS:3,135,"[""Sepah-e Qods""]",c632d657f9c13b1250d688394eb7c99956a994527cb56f4a77c86ed61ff1dbda:135:ALIAS:3,,,OFAC;経産省,Sepah-e Qods
NOOP_ALREADY_METI,sepahnir,Sepah Nir,230,Sepanir,ALIAS:1,230,"[""Sepah Nir""]",c632d657f9c13b1250d688394eb7c99956a994527cb56f4a77c86ed61ff1dbda:230:ALIAS:1,,,経産省,Sepah Nir
NOOP_ALREADY_METI,sepahpasdaran,Sepah Pasdaran,138,Islamic Revolutionary Guard Corps (IRGC),ALIAS:11,138,"[""Sepah Pasdaran""]",c632d657f9c13b1250d688394eb7c99956a994527cb56f4a77c86ed61ff1dbda:138:ALIAS:11,,,OFAC;経産省,SEPAH PASDARAN
NOOP_ALREADY_METI,sepahpasdaranairforce,Sepah Pasdaran Air Force,133,IRGC Air Force,ALIAS:2,133,"[""Sepah Pasdaran Air Force""]",c632d657f9c13b1250d688394eb7c99956a994527cb56f4a77c86ed61ff1dbda:133:ALIAS:2,,,OFAC;経産省,SEPAH PASDARAN AIR FORCE
NOOP_ALREADY_METI,sepanir,Sepanir,230,Sepanir,PRIMARY,230,"[""Sepanir""]",c632d657f9c13b1250d688394eb7c99956a994527cb56f4a77c86ed61ff1dbda:230:PRIMARY,,,OFAC;経産省;財務省,SEPANIR
NOOP_ALREADY_METI,sepanirestablishment,Sepanir Establishment,230,Sepanir,ALIAS:2,230,"[""Sepanir Establishment""]",c632d657f9c13b1250d688394eb7c99956a994527cb56f4a77c86ed61ff1dbda:230:ALIAS:2,,,OFAC;経産省,SEPANIR ESTABLISHMENT
NOOP_ALREADY_METI,sepaniroilandgasenergyengineeringcompany,Sepanir Oil and Gas Energy Engineering Company,230,Sepanir,ALIAS:3,230,"[""Sepanir Oil and Gas Energy Engineering Company""]",c632d657f9c13b1250d688394eb7c99956a994527cb56f4a77c86ed61ff1dbda:230:ALIAS:3,,,経産省,Sepanir Oil and Gas Energy Engineering Company
NOOP_ALREADY_METI,sepasadengineeringcompany,Sepasad Engineering Company,231,Sepasad Engineering Company,PRIMARY,231,"[""Sepasad Engineering Company""]",c632d657f9c13b1250d688394eb7c99956a994527cb56f4a77c86ed61ff1dbda:231:PRIMARY,,,OFAC;経産省;財務省,SEPASAD ENGINEERING COMPANY
NOOP_ALREADY_METI,sepco.,SEP Co.,220,Safety Equipment Procurement (SEP),ALIAS:2,220,"[""SEP Co.""]",c632d657f9c13b1250d688394eb7c99956a994527cb56f4a77c86ed61ff1dbda:220:ALIAS:2,,,OFAC;経産省,SEP Co.
READY_ADD,sepehrtejarattradinggroup.,Sepehr Tejarat Trading Group.,265,SkyTech Electronic,ALIAS:1,265,"[""Sepehr Tejarat Trading Group.""]",c632d657f9c13b1250d688394eb7c99956a994527cb56f4a77c86ed61ff1dbda:265:ALIAS:1,,,,
NOOP_ALREADY_METI,setarehsharghco.,Setareh Shargh Co.,84,East Star Company,ALIAS:3,84,"[""Setareh Shargh Co.""]",c632d657f9c13b1250d688394eb7c99956a994527cb56f4a77c86ed61ff1dbda:84:ALIAS:3,,,OFAC;経産省,Setareh Shargh Co.
NOOP_ALREADY_METI,seventhoftir,Seventh of Tir,35,7th of Tir,ALIAS:7,35,"[""Seventh of Tir""]",c632d657f9c13b1250d688394eb7c99956a994527cb56f4a77c86ed61ff1dbda:35:ALIAS:7,,,OFAC;経産省,SEVENTH OF TIR
READY_TAG_EXISTING,severnoedesignbureau,Severnoe Design Bureau,813,Severnoye Design Bureau Joint Stock Company,ALIAS:4,813,"[""Severnoe Design Bureau""]",c632d657f9c13b1250d688394eb7c99956a994527cb56f4a77c86ed61ff1dbda:813:ALIAS:4,,,OFAC;財務省,Severnoe Design Bureau
READY_TAG_EXISTING,severnoyedesignbureau,Severnoye Design Bureau,813,Severnoye Design Bureau Joint Stock Company,ALIAS:5,813,"[""Severnoye Design Bureau""]",c632d657f9c13b1250d688394eb7c99956a994527cb56f4a77c86ed61ff1dbda:813:ALIAS:5,,,OFAC;財務省,Severnoye Design Bureau
READY_ADD,severnoyedesignbureaujointstockcompany,Severnoye Design Bureau Joint Stock Company,813,Severnoye Design Bureau Joint Stock Company,PRIMARY,813,"[""Severnoye Design Bureau Joint Stock Company""]",c632d657f9c13b1250d688394eb7c99956a994527cb56f4a77c86ed61ff1dbda:813:PRIMARY,,,,
READY_ADD,"shaanxiheavydutyautomobileco.,ltd(陝西重型汽車有限公司)","Shaanxi Heavy Duty Automobile Co., Ltd （陝西重型汽車有限公司）",568,"Shaanxi Heavy Duty Automobile Co., Ltd （陝西重型汽車有限公司）",PRIMARY,568,"[""Shaanxi Heavy Duty Automobile Co., Ltd （陝西重型汽車有限公司）""]",c632d657f9c13b1250d688394eb7c99956a994527cb56f4a77c86ed61ff1dbda:568:PRIMARY,,,,
NOOP_ALREADY_METI,shadiforcarstrading,Shadi for Cars Trading,732,Shadi for Cars Trading,PRIMARY,732,"[""Shadi for Cars Trading""]",c632d657f9c13b1250d688394eb7c99956a994527cb56f4a77c86ed61ff1dbda:732:PRIMARY,,,OFAC;経産省,SHADI FOR CARS TRADING
NOOP_ALREADY_METI,shafaghsanubaryazdcompany,SHAFAGH SANUBAR YAZD COMPANY,232,SHAFAGH SENOBAR YAZD COMPANY LIMITED,ALIAS:1,232,"[""SHAFAGH SANUBAR YAZD COMPANY""]",c632d657f9c13b1250d688394eb7c99956a994527cb56f4a77c86ed61ff1dbda:232:ALIAS:1,,,OFAC;経産省,Shafagh Sanubar Yazd Company
NOOP_ALREADY_METI,shafaghsenobarcompany,SHAFAGH SENOBAR COMPANY,232,SHAFAGH SENOBAR YAZD COMPANY LIMITED,ALIAS:2,232,"[""SHAFAGH SENOBAR COMPANY""]",c632d657f9c13b1250d688394eb7c99956a994527cb56f4a77c86ed61ff1dbda:232:ALIAS:2,,,OFAC;経産省,Shafagh Senobar Company
NOOP_ALREADY_METI,shafaghsenobaryazdco.ltd,SHAFAGH SENOBAR YAZD CO. LTD,232,SHAFAGH SENOBAR YAZD COMPANY LIMITED,ALIAS:3,232,"[""SHAFAGH SENOBAR YAZD CO. LTD""]",c632d657f9c13b1250d688394eb7c99956a994527cb56f4a77c86ed61ff1dbda:232:ALIAS:3,,,OFAC;経産省,SHAFAGH SENOBAR YAZD CO. LTD
READY_TAG_EXISTING,shafaghsenobaryazdcompanylimited,SHAFAGH SENOBAR YAZD COMPANY LIMITED,232,SHAFAGH SENOBAR YAZD COMPANY LIMITED,PRIMARY,232,"[""SHAFAGH SENOBAR YAZD COMPANY LIMITED""]",c632d657f9c13b1250d688394eb7c99956a994527cb56f4a77c86ed61ff1dbda:232:PRIMARY,,,OFAC,SHAFAGH SENOBAR YAZD COMPANY LIMITED
NOOP_ALREADY_METI,shafaghsenowbaryazdco.,SHAFAGH SENOWBAR YAZD CO.,232,SHAFAGH SENOBAR YAZD COMPANY LIMITED,ALIAS:4,232,"[""SHAFAGH SENOWBAR YAZD CO.""]",c632d657f9c13b1250d688394eb7c99956a994527cb56f4a77c86ed61ff1dbda:232:ALIAS:4,,,OFAC;経産省,SHAFAGH SENOWBAR YAZD CO.
NOOP_ALREADY_METI,shahedaviation,Shahed Aviation,233,SHAHED AVIATION RESEARCH INDUSTRIES CENTER,ALIAS:2,233,"[""Shahed Aviation""]",c632d657f9c13b1250d688394eb7c99956a994527cb56f4a77c86ed61ff1dbda:233:ALIAS:2,,,OFAC;経産省,SHAHED AVIATION
READY_TAG_EXISTING,shahedaviationindustries,Shahed Aviation Industries,233,SHAHED AVIATION RESEARCH INDUSTRIES CENTER,ALIAS:3,233,"[""Shahed Aviation Industries""]",c632d657f9c13b1250d688394eb7c99956a994527cb56f4a77c86ed61ff1dbda:233:ALIAS:3,,,OFAC,SHAHED AVIATION INDUSTRIES
NOOP_ALREADY_METI,shahedaviationindustriesresearch,Shahed Aviation Industries Research,233,SHAHED AVIATION RESEARCH INDUSTRIES CENTER,ALIAS:4,233,"[""Shahed Aviation Industries Research""]",c632d657f9c13b1250d688394eb7c99956a994527cb56f4a77c86ed61ff1dbda:233:ALIAS:4,,,OFAC;経産省,SHAHED AVIATION INDUSTRIES RESEARCH
NOOP_ALREADY_METI,shahedaviationindustriesresearchcenter,Shahed Aviation Industries Research Center,233,SHAHED AVIATION RESEARCH INDUSTRIES CENTER,ALIAS:5,233,"[""Shahed Aviation Industries Research Center""]",c632d657f9c13b1250d688394eb7c99956a994527cb56f4a77c86ed61ff1dbda:233:ALIAS:5,,,OFAC;経産省,SHAHED AVIATION INDUSTRIES RESEARCH CENTER
NOOP_ALREADY_METI,shahedaviationindustriesresearchcentre,Shahed Aviation Industries Research Centre,233,SHAHED AVIATION RESEARCH INDUSTRIES CENTER,ALIAS:6,233,"[""Shahed Aviation Industries Research Centre""]",c632d657f9c13b1250d688394eb7c99956a994527cb56f4a77c86ed61ff1dbda:233:ALIAS:6,,,OFAC;経産省,SHAHED AVIATION INDUSTRIES RESEARCH CENTRE
NOOP_ALREADY_METI,shahedaviationresearchindustriescenter,SHAHED AVIATION RESEARCH INDUSTRIES CENTER,233,SHAHED AVIATION RESEARCH INDUSTRIES CENTER,PRIMARY,233,"[""SHAHED AVIATION RESEARCH INDUSTRIES CENTER""]",c632d657f9c13b1250d688394eb7c99956a994527cb56f4a77c86ed61ff1dbda:233:PRIMARY,,,経産省,SHAHED AVIATION RESEARCH INDUSTRIES CENTER
NOOP_ALREADY_METI,shahidahmadkazemiindustrialgroup(sakig),Shahid Ahmad Kazemi Industrial Group (SAKIG),234,Shahid Ahmad Kazemi Industrial Group (SAKIG),PRIMARY,234,"[""Shahid Ahmad Kazemi Industrial Group (SAKIG)""]",c632d657f9c13b1250d688394eb7c99956a994527cb56f4a77c86ed61ff1dbda:234:PRIMARY,,,経産省,Shahid Ahmad Kazemi Industrial Group (SAKIG)
READY_TAG_EXISTING,shahidalamolhoda,Shahid Alamolhoda,235,Shahid Alamolhoda Industries,ALIAS:2,235,"[""Shahid Alamolhoda""]",c632d657f9c13b1250d688394eb7c99956a994527cb56f4a77c86ed61ff1dbda:235:ALIAS:2,,,OFAC,Shahid Alamolhoda
READY_TAG_EXISTING,shahidalamolhodaindustries,Shahid Alamolhoda Industries,235,Shahid Alamolhoda Industries,PRIMARY,235,"[""Shahid Alamolhoda Industries""]",c632d657f9c13b1250d688394eb7c99956a994527cb56f4a77c86ed61ff1dbda:235:PRIMARY,,,OFAC,SHAHID ALAMOLHODA INDUSTRIES
READY_TAG_EXISTING,shahidalamolhodaindustry,Shahid Alamolhoda Industry,235,Shahid Alamolhoda Industries,ALIAS:3,235,"[""Shahid Alamolhoda Industry""]",c632d657f9c13b1250d688394eb7c99956a994527cb56f4a77c86ed61ff1dbda:235:ALIAS:3,,,OFAC,Shahid Alamolhoda Industry
NOOP_ALREADY_METI,shahidbabaieindustries,Shahid Babaie Industries,157,M. Babaie Industries,ALIAS:1,157,"[""Shahid Babaie Industries""]",c632d657f9c13b1250d688394eb7c99956a994527cb56f4a77c86ed61ff1dbda:157:ALIAS:1,,,OFAC;経産省,SHAHID BABAIE INDUSTRIES
NOOP_ALREADY_METI,shahidbabaieindustriescomplex,Shahid Babaie Industries Complex,157,M. Babaie Industries,ALIAS:2,157,"[""Shahid Babaie Industries Complex""]",c632d657f9c13b1250d688394eb7c99956a994527cb56f4a77c86ed61ff1dbda:157:ALIAS:2,,,OFAC;経産省,SHAHID BABAIE INDUSTRIES COMPLEX
NOOP_ALREADY_METI,shahidbabaiiindustriesco.,Shahid Babaii Industries Co.,157,M. Babaie Industries,ALIAS:3,157,"[""Shahid Babaii Industries Co.""]",c632d657f9c13b1250d688394eb7c99956a994527cb56f4a77c86ed61ff1dbda:157:ALIAS:3,,,OFAC;経産省,Shahid Babaii Industries Co.
NOOP_ALREADY_METI,shahidbagheriindustrialgroup(sbig),Shahid Bagheri Industrial Group (SBIG),236,Shahid Bagheri Industrial Group (SBIG),PRIMARY,236,"[""Shahid Bagheri Industrial Group (SBIG)""]",c632d657f9c13b1250d688394eb7c99956a994527cb56f4a77c86ed61ff1dbda:236:PRIMARY,,,経産省,SHAHID BAGHERI INDUSTRIAL GROUP (SBIG)
NOOP_ALREADY_METI,shahidbagheriindustriesgroup,Shahid Bagheri Industries Group,236,Shahid Bagheri Industrial Group (SBIG),ALIAS:2,236,"[""Shahid Bagheri Industries Group""]",c632d657f9c13b1250d688394eb7c99956a994527cb56f4a77c86ed61ff1dbda:236:ALIAS:2,,,経産省;財務省,Shahid Bagheri Industries Group
NOOP_ALREADY_METI,shahidbakeriindustrialgroup,Shahid Bakeri Industrial Group,236,Shahid Bagheri Industrial Group (SBIG),ALIAS:3,236,"[""Shahid Bakeri Industrial Group""]",c632d657f9c13b1250d688394eb7c99956a994527cb56f4a77c86ed61ff1dbda:236:ALIAS:3,,,OFAC;経産省;財務省,SHAHID BAKERI INDUSTRIAL GROUP
NOOP_ALREADY_METI,shahidbeheshtiuniversity,Shahid Beheshti University,237,Shahid Beheshti University,PRIMARY,237,"[""Shahid Beheshti University""]",c632d657f9c13b1250d688394eb7c99956a994527cb56f4a77c86ed61ff1dbda:237:PRIMARY,,,経産省,Shahid Beheshti University
READY_TAG_EXISTING,shahidcheraghiindustries,Shahid Cheraghi Industries,238,Shahid Cheraghi Industries,PRIMARY,238,"[""Shahid Cheraghi Industries""]",c632d657f9c13b1250d688394eb7c99956a994527cb56f4a77c86ed61ff1dbda:238:PRIMARY,,,OFAC,SHAHID CHERAGHI INDUSTRIES
READY_TAG_EXISTING,shahideslamiresearchcenter,Shahid Eslami Research Center,239,Shahid Eslami Research Center,PRIMARY,239,"[""Shahid Eslami Research Center""]",c632d657f9c13b1250d688394eb7c99956a994527cb56f4a77c86ed61ff1dbda:239:PRIMARY,,,OFAC,SHAHID ESLAMI RESEARCH CENTER
NOOP_ALREADY_METI,shahidhajalimovahedresearchcenter,SHAHID HAJ ALI MOVAHED RESEARCH CENTER,248,Shahid Movahed Industries,ALIAS:1,248,"[""SHAHID HAJ ALI MOVAHED RESEARCH CENTER""]",c632d657f9c13b1250d688394eb7c99956a994527cb56f4a77c86ed61ff1dbda:248:ALIAS:1,,,OFAC;経産省,Shahid Haj Ali Movahed Research Center
READY_TAG_EXISTING,shahidhassanbagheriindustrialfactoriesgroup,Shahid Hassan Bagheri Industrial Factories Group,236,Shahid Bagheri Industrial Group (SBIG),ALIAS:4,236,"[""Shahid Hassan Bagheri Industrial Factories Group""]",c632d657f9c13b1250d688394eb7c99956a994527cb56f4a77c86ed61ff1dbda:236:ALIAS:4,,,財務省,Shahid Hassan Bagheri Industrial Factories Group
NOOP_ALREADY_METI,shahidhemmatindustrialgroup(shig),Shahid Hemmat Industrial Group (SHIG),240,Shahid Hemmat Industrial Group (SHIG),PRIMARY,240,"[""Shahid Hemmat Industrial Group (SHIG)""]",c632d657f9c13b1250d688394eb7c99956a994527cb56f4a77c86ed61ff1dbda:240:PRIMARY,,,経産省,SHAHID HEMMAT INDUSTRIAL GROUP (SHIG)
READY_TAG_EXISTING,shahidkalhorindustries,Shahid Kalhor Industries,241,Shahid Kalhor Industries,PRIMARY,241,"[""Shahid Kalhor Industries""]",c632d657f9c13b1250d688394eb7c99956a994527cb56f4a77c86ed61ff1dbda:241:PRIMARY,,,OFAC,SHAHID KALHOR INDUSTRIES
READY_TAG_EXISTING,shahidkarimigroup,SHAHID KARIMI GROUP,242,SHAHID KARIMI GROUP,PRIMARY,242,"[""SHAHID KARIMI GROUP""]",c632d657f9c13b1250d688394eb7c99956a994527cb56f4a77c86ed61ff1dbda:242:PRIMARY,,,OFAC,SHAHID KARIMI GROUP
READY_TAG_EXISTING,shahidkarimiindustries,Shahid Karimi Industries,243,Shahid Karimi Industries,PRIMARY,243,"[""Shahid Karimi Industries""]",c632d657f9c13b1250d688394eb7c99956a994527cb56f4a77c86ed61ff1dbda:243:PRIMARY,,,OFAC,SHAHID KARIMI INDUSTRIES
NOOP_ALREADY_METI,shahidkarraziindustries,Shahid Karrazi Industries,244,Shahid Kharrazi Industries,ALIAS:1,244,"[""Shahid Karrazi Industries""]",c632d657f9c13b1250d688394eb7c99956a994527cb56f4a77c86ed61ff1dbda:244:ALIAS:1,,,経産省;財務省,SHAHID KARRAZI INDUSTRIES
READY_TAG_EXISTING,shahidkharraziindustries,Shahid Kharrazi Industries,244,Shahid Kharrazi Industries,PRIMARY,244,"[""Shahid Kharrazi Industries""]",c632d657f9c13b1250d688394eb7c99956a994527cb56f4a77c86ed61ff1dbda:244:PRIMARY,,,OFAC,SHAHID KHARRAZI INDUSTRIES
READY_TAG_EXISTING,shahidmeisamigroup,Shahid Meisami Group,245,Shahid Meisami Group,PRIMARY,245,"[""Shahid Meisami Group""]",c632d657f9c13b1250d688394eb7c99956a994527cb56f4a77c86ed61ff1dbda:245:PRIMARY,,,OFAC,SHAHID MEISAMI GROUP
NOOP_ALREADY_METI,shahidmeisamiresearchcomplex,SHAHID MEISAMI RESEARCH COMPLEX,245,Shahid Meisami Group,ALIAS:1,245,"[""SHAHID MEISAMI RESEARCH COMPLEX""]",c632d657f9c13b1250d688394eb7c99956a994527cb56f4a77c86ed61ff1dbda:245:ALIAS:1,,,OFAC;経産省,Shahid Meisami Research Complex
READY_TAG_EXISTING,shahidmoghaddamindustries,Shahid Moghaddam Industries,246,Shahid Moghaddam Industries,PRIMARY,246,"[""Shahid Moghaddam Industries""]",c632d657f9c13b1250d688394eb7c99956a994527cb56f4a77c86ed61ff1dbda:246:PRIMARY,,,OFAC,SHAHID MOGHADDAM INDUSTRIES
READY_TAG_EXISTING,shahidmovahedindustries,Shahid Movahed Industries,248,Shahid Movahed Industries,PRIMARY,248,"[""Shahid Movahed Industries""]",c632d657f9c13b1250d688394eb7c99956a994527cb56f4a77c86ed61ff1dbda:248:PRIMARY,,,OFAC,SHAHID MOVAHED INDUSTRIES
NOOP_ALREADY_METI,shahidmovahedindustry,SHAHID MOVAHED INDUSTRY,248,Shahid Movahed Industries,ALIAS:2,248,"[""SHAHID MOVAHED INDUSTRY""]",c632d657f9c13b1250d688394eb7c99956a994527cb56f4a77c86ed61ff1dbda:248:ALIAS:2,,,OFAC;経産省,Shahid Movahed Industry
READY_TAG_EXISTING,shahidmovahheddaneshgroup,SHAHID MOVAHHED DANESH GROUP,247,SHAHID MOVAHHED DANESH GROUP,PRIMARY,247,"[""SHAHID MOVAHHED DANESH GROUP""]",c632d657f9c13b1250d688394eb7c99956a994527cb56f4a77c86ed61ff1dbda:247:PRIMARY,,,OFAC,SHAHID MOVAHHED DANESH GROUP
NOOP_ALREADY_METI,shahidmoyasamicomplex,SHAHID MOYASAMI COMPLEX,245,Shahid Meisami Group,ALIAS:2,245,"[""SHAHID MOYASAMI COMPLEX""]",c632d657f9c13b1250d688394eb7c99956a994527cb56f4a77c86ed61ff1dbda:245:ALIAS:2,,,OFAC;経産省,Shahid Moyasami Complex
READY_TAG_EXISTING,shahidnuriindustries,Shahid Nuri Industries,249,Shahid Nuri Industries,PRIMARY,249,"[""Shahid Nuri Industries""]",c632d657f9c13b1250d688394eb7c99956a994527cb56f4a77c86ed61ff1dbda:249:PRIMARY,,,OFAC,SHAHID NURI INDUSTRIES
READY_TAG_EXISTING,shahidnuriindustry,Shahid Nuri Industry,249,Shahid Nuri Industries,ALIAS:1,249,"[""Shahid Nuri Industry""]",c632d657f9c13b1250d688394eb7c99956a994527cb56f4a77c86ed61ff1dbda:249:ALIAS:1,,,OFAC,Shahid Nuri Industry
READY_TAG_EXISTING,shahidrastegarindustries,Shahid Rastegar Industries,250,Shahid Rastegar Industries,PRIMARY,250,"[""Shahid Rastegar Industries""]",c632d657f9c13b1250d688394eb7c99956a994527cb56f4a77c86ed61ff1dbda:250:PRIMARY,,,OFAC,SHAHID RASTEGAR INDUSTRIES
READY_TAG_EXISTING,shahidsanikhaniindustries,Shahid Sanikhani Industries,251,Shahid Sanikhani Industries,PRIMARY,251,"[""Shahid Sanikhani Industries""]",c632d657f9c13b1250d688394eb7c99956a994527cb56f4a77c86ed61ff1dbda:251:PRIMARY,,,OFAC,SHAHID SANIKHANI INDUSTRIES
NOOP_ALREADY_METI,shahidsattarigroupequipmentindustries,Shahid Sattari Group Equipment Industries,252,Shahid Sattari Industries,ALIAS:1,252,"[""Shahid Sattari Group Equipment Industries""]",c632d657f9c13b1250d688394eb7c99956a994527cb56f4a77c86ed61ff1dbda:252:ALIAS:1,,,経産省;財務省,Shahid Sattari Group Equipment Industries
NOOP_ALREADY_METI,shahidsattariindustries,Shahid Sattari Industries,252,Shahid Sattari Industries,PRIMARY,252,"[""Shahid Sattari Industries""]",c632d657f9c13b1250d688394eb7c99956a994527cb56f4a77c86ed61ff1dbda:252:PRIMARY,,,OFAC;経産省;財務省,SHAHID SATTARI INDUSTRIES
NOOP_ALREADY_METI,shahidsayyadeshiraziindustries(sssi),Shahid Sayyade Shirazi Industries (SSSI),253,Shahid Sayyade Shirazi Industries (SSSI),PRIMARY,253,"[""Shahid Sayyade Shirazi Industries (SSSI)""]",c632d657f9c13b1250d688394eb7c99956a994527cb56f4a77c86ed61ff1dbda:253:PRIMARY,,,経産省,SHAHID SAYYADE SHIRAZI INDUSTRIES (SSSI)
NOOP_ALREADY_METI,shahidsayyadshiraziindustries,Shahid Sayyad Shirazi Industries,253,Shahid Sayyade Shirazi Industries (SSSI),ALIAS:2,253,"[""Shahid Sayyad Shirazi Industries""]",c632d657f9c13b1250d688394eb7c99956a994527cb56f4a77c86ed61ff1dbda:253:ALIAS:2,,,OFAC;経産省,SHAHID SAYYAD SHIRAZI INDUSTRIES
NOOP_ALREADY_METI,shahidsayyedshiraziind.,Shahid Sayyed Shirazi Ind.,253,Shahid Sayyade Shirazi Industries (SSSI),ALIAS:1,253,"[""Shahid Sayyed Shirazi Ind.""]",c632d657f9c13b1250d688394eb7c99956a994527cb56f4a77c86ed61ff1dbda:253:ALIAS:1,,,OFAC;経産省,Shahid Sayyed Shirazi Ind.
READY_TAG_EXISTING,shahidshoshtariindustries,Shahid Shoshtari Industries,254,Shahid Shustari Industries,ALIAS:1,254,"[""Shahid Shoshtari Industries""]",c632d657f9c13b1250d688394eb7c99956a994527cb56f4a77c86ed61ff1dbda:254:ALIAS:1,,,OFAC,Shahid Shoshtari Industries
READY_TAG_EXISTING,shahidshoushtari,Shahid Shoushtari,254,Shahid Shustari Industries,ALIAS:2,254,"[""Shahid Shoushtari""]",c632d657f9c13b1250d688394eb7c99956a994527cb56f4a77c86ed61ff1dbda:254:ALIAS:2,,,OFAC,Shahid Shoushtari
READY_TAG_EXISTING,shahidshushtariindustries,Shahid Shushtari Industries,254,Shahid Shustari Industries,ALIAS:3,254,"[""Shahid Shushtari Industries""]",c632d657f9c13b1250d688394eb7c99956a994527cb56f4a77c86ed61ff1dbda:254:ALIAS:3,,,OFAC,Shahid Shushtari Industries
READY_TAG_EXISTING,shahidshustariindustries,Shahid Shustari Industries,254,Shahid Shustari Industries,PRIMARY,254,"[""Shahid Shustari Industries""]",c632d657f9c13b1250d688394eb7c99956a994527cb56f4a77c86ed61ff1dbda:254:PRIMARY,,,OFAC,SHAHID SHUSTARI INDUSTRIES
READY_TAG_EXISTING,shahidvaraminiindustries,Shahid Varamini Industries,255,Shahid Varamini Industries,PRIMARY,255,"[""Shahid Varamini Industries""]",c632d657f9c13b1250d688394eb7c99956a994527cb56f4a77c86ed61ff1dbda:255:PRIMARY,,,OFAC,SHAHID VARAMINI INDUSTRIES
READY_TAG_EXISTING,shahidzeinoddingroup,SHAHID ZEINODDIN GROUP,256,SHAHID ZEINODDIN GROUP,PRIMARY,256,"[""SHAHID ZEINODDIN GROUP""]",c632d657f9c13b1250d688394eb7c99956a994527cb56f4a77c86ed61ff1dbda:256:PRIMARY,,,OFAC,SHAHID ZEINODDIN GROUP
NOOP_ALREADY_METI,shakadsanatasmari,Shakad Sanat Asmari,257,Shakad Sanat Asmari,PRIMARY,257,"[""Shakad Sanat Asmari""]",c632d657f9c13b1250d688394eb7c99956a994527cb56f4a77c86ed61ff1dbda:257:PRIMARY,,,経産省,Shakad Sanat Asmari
NOOP_ALREADY_METI,shakhesebehbudsanat,Shakhese Behbud Sanat,258,Shakhese Behbud Sanat,PRIMARY,258,"[""Shakhese Behbud Sanat""]",c632d657f9c13b1250d688394eb7c99956a994527cb56f4a77c86ed61ff1dbda:258:PRIMARY,,,経産省,Shakhese Behbud Sanat
READY_ADD,shanghaiacademyofspaceflighttechnology(sast)(上海航天技術研究院),Shanghai Academy of Spaceflight Technology (SAST) (上海航天技術研究院),569,Shanghai Academy of Spaceflight Technology (SAST) (上海航天技術研究院),PRIMARY,569,"[""Shanghai Academy of Spaceflight Technology (SAST) (上海航天技術研究院)""]",c632d657f9c13b1250d688394eb7c99956a994527cb56f4a77c86ed61ff1dbda:569:PRIMARY,,,,
READY_ADD,shanghaiaircraftmanufacturingco.ltd.,Shanghai Aircraft Manufacturing Co. Ltd.,570,Shanghai Aircraft Manufacturing Company (上海飛機製造有限公司),ALIAS:2,570,"[""Shanghai Aircraft Manufacturing Co. Ltd.""]",c632d657f9c13b1250d688394eb7c99956a994527cb56f4a77c86ed61ff1dbda:570:ALIAS:2,,,,
READY_ADD,shanghaiaircraftmanufacturingcompany(上海飛機製造有限公司),Shanghai Aircraft Manufacturing Company (上海飛機製造有限公司),570,Shanghai Aircraft Manufacturing Company (上海飛機製造有限公司),PRIMARY,570,"[""Shanghai Aircraft Manufacturing Company (上海飛機製造有限公司)""]",c632d657f9c13b1250d688394eb7c99956a994527cb56f4a77c86ed61ff1dbda:570:PRIMARY,,,,
NOOP_ALREADY_METI,shanghaiastronauticsindustrybureau,Shanghai Astronautics Industry Bureau,569,Shanghai Academy of Spaceflight Technology (SAST) (上海航天技術研究院),ALIAS:2,569,"[""Shanghai Astronautics Industry Bureau""]",c632d657f9c13b1250d688394eb7c99956a994527cb56f4a77c86ed61ff1dbda:569:ALIAS:2,,,経産省,Shanghai Astronautics Industry Bureau
READY_TAG_EXISTING,shanghaibingzhiguojimaoyiyouxiangongsi,Shanghai Bingzhi Guoji Maoyi Youxian Gongsi,573,Shanghai North Begins International (上海丙至国際貿易有限公司),ALIAS:1,573,"[""Shanghai Bingzhi Guoji Maoyi Youxian Gongsi""]",c632d657f9c13b1250d688394eb7c99956a994527cb56f4a77c86ed61ff1dbda:573:ALIAS:1,,,OFAC,Shanghai Bingzhi Guoji Maoyi Youxian Gongsi
NOOP_ALREADY_METI,shanghaibureauofastronautics(shboa),Shanghai Bureau of Astronautics (SHBOA),569,Shanghai Academy of Spaceflight Technology (SAST) (上海航天技術研究院),ALIAS:3,569,"[""Shanghai Bureau of Astronautics (SHBOA)""]",c632d657f9c13b1250d688394eb7c99956a994527cb56f4a77c86ed61ff1dbda:569:ALIAS:3,,,経産省,Shanghai Bureau of Astronautics (SHBOA)
NOOP_ALREADY_METI,shanghaibureauofspace,Shanghai Bureau of Space,569,Shanghai Academy of Spaceflight Technology (SAST) (上海航天技術研究院),ALIAS:4,569,"[""Shanghai Bureau of Space""]",c632d657f9c13b1250d688394eb7c99956a994527cb56f4a77c86ed61ff1dbda:569:ALIAS:4,,,経産省,Shanghai Bureau of Space
READY_ADD,shanghaigangquantradeco.(上海港泉商貿有限公司),Shanghai Gang Quan Trade Co. (上海港泉商貿有限公司),571,Shanghai Gang Quan Trade Co. (上海港泉商貿有限公司),PRIMARY,571,"[""Shanghai Gang Quan Trade Co. (上海港泉商貿有限公司)""]",c632d657f9c13b1250d688394eb7c99956a994527cb56f4a77c86ed61ff1dbda:571:PRIMARY,,,,
READY_ADD,shanghaiinstituteofspacepowersources(上海空間電源研究所),Shanghai Institute of Space Power Sources (上海空間電源研究所),572,Shanghai Institute of Space Power Sources (上海空間電源研究所),PRIMARY,572,"[""Shanghai Institute of Space Power Sources (上海空間電源研究所)""]",c632d657f9c13b1250d688394eb7c99956a994527cb56f4a77c86ed61ff1dbda:572:PRIMARY,,,,
READY_ADD,shanghainorthbeginsinternational(上海丙至国際貿易有限公司),Shanghai North Begins International (上海丙至国際貿易有限公司),573,Shanghai North Begins International (上海丙至国際貿易有限公司),PRIMARY,573,"[""Shanghai North Begins International (上海丙至国際貿易有限公司)""]",c632d657f9c13b1250d688394eb7c99956a994527cb56f4a77c86ed61ff1dbda:573:PRIMARY,,,,
NOOP_ALREADY_METI,shanghainorthtranswayinternationaltradingco.,Shanghai North Transway International Trading Co.,574,Shanghai North Transway International Trading Co.,PRIMARY,574,"[""Shanghai North Transway International Trading Co.""]",c632d657f9c13b1250d688394eb7c99956a994527cb56f4a77c86ed61ff1dbda:574:PRIMARY,,,OFAC;経産省,SHANGHAI NORTH TRANSWAY INTERNATIONAL TRADING CO.
READY_ADD,"shanghaipeople'sinnovationindustrialco.,ltd.(上海人创实业有限公司)","SHANGHAI PEOPLE'S INNOVATION INDUSTRIAL CO., LTD. （上海人创实业有限公司）",576,"SHANGHAI PEOPLE'S INNOVATION INDUSTRIAL CO., LTD. （上海人创实业有限公司）",PRIMARY,576,"[""SHANGHAI PEOPLE'S INNOVATION INDUSTRIAL CO., LTD. （上海人创实业有限公司）""]",c632d657f9c13b1250d688394eb7c99956a994527cb56f4a77c86ed61ff1dbda:576:PRIMARY,,,,
NOOP_ALREADY_METI,shanghaispaceenergyresearchinstitute,Shanghai Space Energy Research Institute,572,Shanghai Institute of Space Power Sources (上海空間電源研究所),ALIAS:2,572,"[""Shanghai Space Energy Research Institute""]",c632d657f9c13b1250d688394eb7c99956a994527cb56f4a77c86ed61ff1dbda:572:ALIAS:2,,,経産省,Shanghai Space Energy Research Institute
NOOP_ALREADY_METI,shanghaispacepowersupplyresearchinstitute,Shanghai Space Power Supply Research Institute,572,Shanghai Institute of Space Power Sources (上海空間電源研究所),ALIAS:3,572,"[""Shanghai Space Power Supply Research Institute""]",c632d657f9c13b1250d688394eb7c99956a994527cb56f4a77c86ed61ff1dbda:572:ALIAS:3,,,経産省,Shanghai Space Power Supply Research Institute
NOOP_ALREADY_METI,shanghaithehighpowerlaserlaboratory,"The High Power Laser Laboratory, Shanghai",519,Chinese Academy of Engineering Physics （中国工程物理研究院）,ALIAS:16,519,"[""The High Power Laser Laboratory, Shanghai""]",c632d657f9c13b1250d688394eb7c99956a994527cb56f4a77c86ed61ff1dbda:519:ALIAS:16,,,経産省,"The High Power Laser Laboratory, Shanghai"
READY_ADD,"shanghaitianhaicompositecylindersco.,ltd.(上海天海复合气瓶有限公司)","Shanghai Tianhai Composite Cylinders Co., Ltd. （上海天海复合气瓶有限公司）",575,"Shanghai Tianhai Composite Cylinders Co., Ltd. （上海天海复合气瓶有限公司）",PRIMARY,575,"[""Shanghai Tianhai Composite Cylinders Co., Ltd. （上海天海复合气瓶有限公司）""]",c632d657f9c13b1250d688394eb7c99956a994527cb56f4a77c86ed61ff1dbda:575:PRIMARY,,,,
READY_ADD,"shanghaixinlimachinefactoryco.,ltd(上海新力機器廠有限公司)","Shanghai Xinli Machine Factory Co., Ltd （上海新力機器廠有限公司）",577,"Shanghai Xinli Machine Factory Co., Ltd （上海新力機器廠有限公司）",PRIMARY,577,"[""Shanghai Xinli Machine Factory Co., Ltd （上海新力機器廠有限公司）""]",c632d657f9c13b1250d688394eb7c99956a994527cb56f4a77c86ed61ff1dbda:577:PRIMARY,,,,
NOOP_ALREADY_METI,sharekatgoldenstar,SHAREKAT GOLDEN STAR,455,GOLDEN STAR CO,ALIAS:6,455,"[""SHAREKAT GOLDEN STAR""]",c632d657f9c13b1250d688394eb7c99956a994527cb56f4a77c86ed61ff1dbda:455:ALIAS:6,,,OFAC;経産省,Sharekat Golden Star
NOOP_ALREADY_METI,shariftechnicaluniversity,Sharif Technical University,259,Sharif University of Technology (SHFT),ALIAS:1,259,"[""Sharif Technical University""]",c632d657f9c13b1250d688394eb7c99956a994527cb56f4a77c86ed61ff1dbda:259:ALIAS:1,,,経産省,Sharif Technical University
NOOP_ALREADY_METI,sharifuniversityoftechnology(shft),Sharif University of Technology (SHFT),259,Sharif University of Technology (SHFT),PRIMARY,259,"[""Sharif University of Technology (SHFT)""]",c632d657f9c13b1250d688394eb7c99956a994527cb56f4a77c86ed61ff1dbda:259:PRIMARY,,,経産省,Sharif University of Technology (SHFT)
NOOP_ALREADY_METI,sharpedgeengineering(see),Sharp Edge Engineering (SEE),473,Sharp Edge Engineering (SEE),PRIMARY,473,"[""Sharp Edge Engineering (SEE)""]",c632d657f9c13b1250d688394eb7c99956a994527cb56f4a77c86ed61ff1dbda:473:PRIMARY,,,経産省,Sharp Edge Engineering (SEE)
READY_TAG_EXISTING,"shenzhencasprotechnologyco.,ltd",SHENZHEN CASPRO TECHNOLOGY CO.， LTD,578,SHENZHEN CASPRO TECHNOLOGY CO.， LTD,PRIMARY,578,"[""SHENZHEN CASPRO TECHNOLOGY CO.， LTD""]",c632d657f9c13b1250d688394eb7c99956a994527cb56f4a77c86ed61ff1dbda:578:PRIMARY,,,OFAC,"SHENZHEN CASPRO TECHNOLOGY CO., LTD"
NOOP_ALREADY_METI,shenzhencasprotechnologyltd.,SHENZHEN CASPRO TECHNOLOGY LTD.,578,SHENZHEN CASPRO TECHNOLOGY CO.， LTD,ALIAS:4,578,"[""SHENZHEN CASPRO TECHNOLOGY LTD.""]",c632d657f9c13b1250d688394eb7c99956a994527cb56f4a77c86ed61ff1dbda:578:ALIAS:4,,,OFAC;経産省,SHENZHEN CASPRO TECHNOLOGY LTD.
NOOP_ALREADY_METI,shenzheniprogifttechnology,Shenzhen Iprogift Technology,579,"Shenzhen Iprogift Technology Co., Ltd",ALIAS:2,579,"[""Shenzhen Iprogift Technology""]",c632d657f9c13b1250d688394eb7c99956a994527cb56f4a77c86ed61ff1dbda:579:ALIAS:2,,,経産省,Shenzhen Iprogift Technology
NOOP_ALREADY_METI,"shenzheniprogifttechnologyco.,ltd","Shenzhen Iprogift Technology Co., Ltd",579,"Shenzhen Iprogift Technology Co., Ltd",PRIMARY,579,"[""Shenzhen Iprogift Technology Co., Ltd""]",c632d657f9c13b1250d688394eb7c99956a994527cb56f4a77c86ed61ff1dbda:579:PRIMARY,,,経産省,"Shenzhen Iprogift Technology Co., Ltd"
NOOP_ALREADY_METI,"shenzhenjiasiboscienceandtechnologyco.,ltd.","SHENZHEN JIA SIBO SCIENCE AND TECHNOLOGY CO., LTD.",580,SHENZHEN JIASIBO TECHNOLOGY CO.， LTD. （深圳嘉思博科技有限公司）,ALIAS:1,580,"[""SHENZHEN JIA SIBO SCIENCE AND TECHNOLOGY CO., LTD.""]",c632d657f9c13b1250d688394eb7c99956a994527cb56f4a77c86ed61ff1dbda:580:ALIAS:1,,,OFAC;経産省,"SHENZHEN JIA SIBO SCIENCE AND TECHNOLOGY CO., LTD."
READY_ADD,"shenzhenjiasibotechnologyco.,ltd.(深圳嘉思博科技有限公司)",SHENZHEN JIASIBO TECHNOLOGY CO.， LTD. （深圳嘉思博科技有限公司）,580,SHENZHEN JIASIBO TECHNOLOGY CO.， LTD. （深圳嘉思博科技有限公司）,PRIMARY,580,"[""SHENZHEN JIASIBO TECHNOLOGY CO.， LTD. （深圳嘉思博科技有限公司）""]",c632d657f9c13b1250d688394eb7c99956a994527cb56f4a77c86ed61ff1dbda:580:PRIMARY,,,,
NOOP_ALREADY_METI,shenzhenjotrinelectronicsco.ltd.,Shenzhen Jotrin Electronics Co. Ltd.,720,JOTRIN ELECTRONICS LIMITED,ALIAS:3,720,"[""Shenzhen Jotrin Electronics Co. Ltd.""]",c632d657f9c13b1250d688394eb7c99956a994527cb56f4a77c86ed61ff1dbda:720:ALIAS:3,,,経産省,Shenzhen Jotrin Electronics Co. Ltd.
NOOP_ALREADY_METI,shenzhenshunjinxinimp&exportco.ltd,Shenzhen Shunjinxin IMP & Export Co. Ltd,581,Shenzhen Shunjinxin Import & Export Co. Ltd,ALIAS:1,581,"[""Shenzhen Shunjinxin IMP & Export Co. Ltd""]",c632d657f9c13b1250d688394eb7c99956a994527cb56f4a77c86ed61ff1dbda:581:ALIAS:1,,,経産省,Shenzhen Shunjinxin IMP & Export Co. Ltd
NOOP_ALREADY_METI,shenzhenshunjinxinimport&exportco.ltd,Shenzhen Shunjinxin Import & Export Co. Ltd,581,Shenzhen Shunjinxin Import & Export Co. Ltd,PRIMARY,581,"[""Shenzhen Shunjinxin Import & Export Co. Ltd""]",c632d657f9c13b1250d688394eb7c99956a994527cb56f4a77c86ed61ff1dbda:581:PRIMARY,,,経産省,Shenzhen Shunjinxin Import & Export Co. Ltd
NOOP_ALREADY_METI,sherkatbatterysazinirusahamikhass,Sherkat Battery Sazi Niru Sahami Khass,180,Niru Battery Manufacturing Company,ALIAS:4,180,"[""Sherkat Battery Sazi Niru Sahami Khass""]",c632d657f9c13b1250d688394eb7c99956a994527cb56f4a77c86ed61ff1dbda:180:ALIAS:4,,,OFAC;経産省,SHERKAT BATTERY SAZI NIRU SAHAMI KHASS
NOOP_ALREADY_METI,sherkatesanatidaryaiiran,Sherkate Sanati Daryai Iran,129,Iran Marine Industrial Company (SADRA),ALIAS:5,129,"[""Sherkate Sanati Daryai Iran""]",c632d657f9c13b1250d688394eb7c99956a994527cb56f4a77c86ed61ff1dbda:129:ALIAS:5,,,OFAC;経産省,SHERKATE SANATI DARYAI IRAN
NOOP_ALREADY_METI,sherkatsanayehelectronicsiran,Sherkat Sanayeh Electronics Iran,126,Iran Electronics Industries (IEI),ALIAS:3,126,"[""Sherkat Sanayeh Electronics Iran""]",c632d657f9c13b1250d688394eb7c99956a994527cb56f4a77c86ed61ff1dbda:126:ALIAS:3,,,OFAC;経産省,SHERKAT SANAYEH ELECTRONICS IRAN
NOOP_ALREADY_METI,shetabg.,Shetab G.,260,Shetab G.,PRIMARY,260,"[""Shetab G.""]",c632d657f9c13b1250d688394eb7c99956a994527cb56f4a77c86ed61ff1dbda:260:PRIMARY,,,経産省,Shetab G.
NOOP_ALREADY_METI,shetabgaman,Shetab Gaman,261,Shetab Gaman,PRIMARY,261,"[""Shetab Gaman""]",c632d657f9c13b1250d688394eb7c99956a994527cb56f4a77c86ed61ff1dbda:261:PRIMARY,,,OFAC;経産省,SHETAB GAMAN
NOOP_ALREADY_METI,shetabtrading,Shetab Trading,262,Shetab Trading,PRIMARY,262,"[""Shetab Trading""]",c632d657f9c13b1250d688394eb7c99956a994527cb56f4a77c86ed61ff1dbda:262:PRIMARY,,,OFAC;経産省,SHETAB TRADING
NOOP_ALREADY_METI,shigdepartment7500,SHIG DEPARTMENT 7500,248,Shahid Movahed Industries,ALIAS:3,248,"[""SHIG DEPARTMENT 7500""]",c632d657f9c13b1250d688394eb7c99956a994527cb56f4a77c86ed61ff1dbda:248:ALIAS:3,,,OFAC;経産省,SHIG Department 7500
NOOP_ALREADY_METI,shijiazhuangcommunicationobservationandcontroltechnologyinstitute(石家庄通信測控技術研究所),Shijiazhuang Communication Observation and Control Technology Institute (石家庄通信測控技術研究所),515,China Electronics Technology Group Corporation (CETC) 54th Research Institute (中国電子科技集団公司第五十四研究所),ALIAS:3,515,"[""Shijiazhuang Communication Observation and Control Technology Institute (石家庄通信測控技術研究所)""]",c632d657f9c13b1250d688394eb7c99956a994527cb56f4a77c86ed61ff1dbda:515:ALIAS:3,,,経産省,Shijiazhuang Communication Observation and Control Technology Institute (石家庄通信測控技術研究所)
NOOP_ALREADY_METI,shinfungtrading,Shinfung Trading,428,Shinhung Trading (新興貿易会社),ALIAS:1,428,"[""Shinfung Trading""]",c632d657f9c13b1250d688394eb7c99956a994527cb56f4a77c86ed61ff1dbda:428:ALIAS:1,,,経産省,Shinfung Trading
READY_ADD,shinhungtrading(新興貿易会社),Shinhung Trading (新興貿易会社),428,Shinhung Trading (新興貿易会社),PRIMARY,428,"[""Shinhung Trading (新興貿易会社)""]",c632d657f9c13b1250d688394eb7c99956a994527cb56f4a77c86ed61ff1dbda:428:PRIMARY,,,,
NOOP_ALREADY_METI,shirazelectronicindustries,Shiraz Electronic Industries,263,Shiraz Electronics Industries (SEI),ALIAS:1,263,"[""Shiraz Electronic Industries""]",c632d657f9c13b1250d688394eb7c99956a994527cb56f4a77c86ed61ff1dbda:263:ALIAS:1,,,OFAC;経産省,SHIRAZ ELECTRONIC INDUSTRIES
NOOP_ALREADY_METI,shirazelectronicsindustries(sei),Shiraz Electronics Industries (SEI),263,Shiraz Electronics Industries (SEI),PRIMARY,263,"[""Shiraz Electronics Industries (SEI)""]",c632d657f9c13b1250d688394eb7c99956a994527cb56f4a77c86ed61ff1dbda:263:PRIMARY,,,経産省,Shiraz Electronics Industries (SEI)
READY_ADD,shunjielectriniceco.ltd(深圳市顺吉电子科技有限公司),Shunji Electrinice Co. Ltd (深圳市顺吉电子科技有限公司),582,Shunji Electrinice Co. Ltd (深圳市顺吉电子科技有限公司),PRIMARY,582,"[""Shunji Electrinice Co. Ltd (深圳市顺吉电子科技有限公司)""]",c632d657f9c13b1250d688394eb7c99956a994527cb56f4a77c86ed61ff1dbda:582:PRIMARY,,,,
READY_ADD,shvabeopto-electronicsco.ltd,Shvabe Opto-Electronics Co. LTD,583,Shvabe Opto-Electronics Co. LTD,PRIMARY,583,"[""Shvabe Opto-Electronics Co. LTD""]",c632d657f9c13b1250d688394eb7c99956a994527cb56f4a77c86ed61ff1dbda:583:PRIMARY,,,,
READY_TAG_EXISTING,"shvabeopto-electronicsmeizhouco.,ltd","SHVABE OPTO-ELECTRONICS MEIZHOU CO., LTD",583,Shvabe Opto-Electronics Co. LTD,ALIAS:3,583,"[""SHVABE OPTO-ELECTRONICS MEIZHOU CO., LTD""]",c632d657f9c13b1250d688394eb7c99956a994527cb56f4a77c86ed61ff1dbda:583:ALIAS:3,,,OFAC,"SHVABE OPTO-ELECTRONICS MEIZHOU CO., LTD"
READY_TAG_EXISTING,"shvabeopto-electronicsshenzhenco.,ltd","SHVABE OPTO-ELECTRONICS SHENZHEN CO., LTD",583,Shvabe Opto-Electronics Co. LTD,ALIAS:1,583,"[""SHVABE OPTO-ELECTRONICS SHENZHEN CO., LTD""]",c632d657f9c13b1250d688394eb7c99956a994527cb56f4a77c86ed61ff1dbda:583:ALIAS:1,,,OFAC,"SHVABE OPTO-ELECTRONICS SHENZHEN CO., LTD"
NOOP_ALREADY_METI,sigmatech,Sigma Tech,467,Sigma Tech,PRIMARY,467,"[""Sigma Tech""]",c632d657f9c13b1250d688394eb7c99956a994527cb56f4a77c86ed61ff1dbda:467:PRIMARY,,,経産省,Sigma Tech
NOOP_ALREADY_METI,simatecdevelopmentcompany,Simatec Development Company,264,Simatic Development Co.,ALIAS:1,264,"[""Simatec Development Company""]",c632d657f9c13b1250d688394eb7c99956a994527cb56f4a77c86ed61ff1dbda:264:ALIAS:1,,,経産省,Simatec Development Company
NOOP_ALREADY_METI,simaticdevelopmentco.,Simatic Development Co.,264,Simatic Development Co.,PRIMARY,264,"[""Simatic Development Co.""]",c632d657f9c13b1250d688394eb7c99956a994527cb56f4a77c86ed61ff1dbda:264:PRIMARY,,,OFAC;経産省,SIMATIC DEVELOPMENT CO.
READY_TAG_EXISTING,singwangeconomicsandtradinggeneralcorporation,Singwang Economics and Trading General Corporation,429,Singwang Economics and Trading General Corporation,PRIMARY,429,"[""Singwang Economics and Trading General Corporation""]",c632d657f9c13b1250d688394eb7c99956a994527cb56f4a77c86ed61ff1dbda:429:PRIMARY,,,OFAC;財務省,SINGWANG ECONOMICS AND TRADING GENERAL CORPORATION
NOOP_ALREADY_METI,sinhungtradinggeneralco(新興貿易総会社),Sinhung Trading General Co (新興貿易総会社),428,Shinhung Trading (新興貿易会社),ALIAS:2,428,"[""Sinhung Trading General Co (新興貿易総会社)""]",c632d657f9c13b1250d688394eb7c99956a994527cb56f4a77c86ed61ff1dbda:428:ALIAS:2,,,経産省,Sinhung Trading General Co (新興貿易総会社)
READY_ADD,"sinnoelectronicsco.,ltd.","Sinno Electronics Co., Ltd.",586,"Sinno Electronics Co., Ltd.",PRIMARY,586,"[""Sinno Electronics Co., Ltd.""]",c632d657f9c13b1250d688394eb7c99956a994527cb56f4a77c86ed61ff1dbda:586:PRIMARY,,,,
NOOP_ALREADY_METI,"sinometallurgy&minmetalsindustryco.,ltd.","Sino Metallurgy & Minmetals Industry Co., Ltd.",550,LIMMT Economic and Trade Company (LIMMT経貿公司),ALIAS:13,550,"[""Sino Metallurgy & Minmetals Industry Co., Ltd.""]",c632d657f9c13b1250d688394eb7c99956a994527cb56f4a77c86ed61ff1dbda:550:ALIAS:13,,,OFAC;経産省,"Sino Metallurgy & Minmetals Industry Co., Ltd."
NOOP_ALREADY_METI,sinotechdaliancarbonandgraphitemanufacturingcorporation,Sinotech Dalian Carbon and Graphite Manufacturing Corporation,584,Sinotech Dalian Carbon and Graphite Manufacturing Corporation,PRIMARY,584,"[""Sinotech Dalian Carbon and Graphite Manufacturing Corporation""]",c632d657f9c13b1250d688394eb7c99956a994527cb56f4a77c86ed61ff1dbda:584:PRIMARY,,,OFAC;経産省,SINOTECH DALIAN CARBON AND GRAPHITE MANUFACTURING CORPORATION
NOOP_ALREADY_METI,"sinotechindustryco.,ltd.","Sinotech Industry Co., Ltd.",585,"Sinotech Industry Co., Ltd.",PRIMARY,585,"[""Sinotech Industry Co., Ltd.""]",c632d657f9c13b1250d688394eb7c99956a994527cb56f4a77c86ed61ff1dbda:585:PRIMARY,,,OFAC;経産省,"SINOTECH INDUSTRY CO., LTD."
NOOP_ALREADY_METI,sinotradercompany,SINO TRADER COMPANY,189,PARDAZAN SYSTEM NAMAD ARMAN,ALIAS:7,189,"[""SINO TRADER COMPANY""]",c632d657f9c13b1250d688394eb7c99956a994527cb56f4a77c86ed61ff1dbda:189:ALIAS:7,,,OFAC;経産省,Sino Trader Company
NOOP_ALREADY_METI,sistemybiologicheskogosinteza,Sistemy Biologicheskogo Sinteza,820,Systems of Biological Synthesis LLC,ALIAS:3,820,"[""Sistemy Biologicheskogo Sinteza""]",c632d657f9c13b1250d688394eb7c99956a994527cb56f4a77c86ed61ff1dbda:820:ALIAS:3,,,経産省,Sistemy Biologicheskogo Sinteza
NOOP_ALREADY_METI,sitarachemicalindustriesltd.,Sitara Chemical Industries Ltd.,689,Sitara Chemical Industries Ltd.,PRIMARY,689,"[""Sitara Chemical Industries Ltd.""]",c632d657f9c13b1250d688394eb7c99956a994527cb56f4a77c86ed61ff1dbda:689:PRIMARY,,,経産省,Sitara Chemical Industries Ltd.
NOOP_ALREADY_METI,sitarachemicalsindustriesltd.,Sitara Chemicals Industries Ltd.,689,Sitara Chemical Industries Ltd.,ALIAS:1,689,"[""Sitara Chemicals Industries Ltd.""]",c632d657f9c13b1250d688394eb7c99956a994527cb56f4a77c86ed61ff1dbda:689:ALIAS:1,,,経産省,Sitara Chemicals Industries Ltd.
NOOP_ALREADY_METI,skbdnikhti,SKB DNIKhTI,812,"""Scientific Research Institute for Mechanical Engineering"" JSC",ALIAS:5,812,"[""SKB DNIKhTI""]",c632d657f9c13b1250d688394eb7c99956a994527cb56f4a77c86ed61ff1dbda:812:ALIAS:5,,,経産省,SKB DNIKhTI
NOOP_ALREADY_METI,skyrisetech,Sky Rise Tech,587,Sky Rise Technology Ltd.,ALIAS:1,587,"[""Sky Rise Tech""]",c632d657f9c13b1250d688394eb7c99956a994527cb56f4a77c86ed61ff1dbda:587:ALIAS:1,,,経産省,Sky Rise Tech
NOOP_ALREADY_METI,skyrisetechnologyltd.,Sky Rise Technology Ltd.,587,Sky Rise Technology Ltd.,PRIMARY,587,"[""Sky Rise Technology Ltd.""]",c632d657f9c13b1250d688394eb7c99956a994527cb56f4a77c86ed61ff1dbda:587:PRIMARY,,,経産省,Sky Rise Technology Ltd.
READY_ADD,skytechelectronic,SkyTech Electronic,265,SkyTech Electronic,PRIMARY,265,"[""SkyTech Electronic""]",c632d657f9c13b1250d688394eb7c99956a994527cb56f4a77c86ed61ff1dbda:265:PRIMARY,,,,
NOOP_ALREADY_METI,smartgreenpower,SMART GREEN POWER,730,EKT Electronics,ALIAS:18,730,"[""SMART GREEN POWER""]",c632d657f9c13b1250d688394eb7c99956a994527cb56f4a77c86ed61ff1dbda:730:ALIAS:18,,,OFAC;経産省,Smart Green Power
NOOP_ALREADY_METI,smartlogisticsf.s.s.a.l,SMART LOGISTICS F.S.S.A.L,455,GOLDEN STAR CO,ALIAS:7,455,"[""SMART LOGISTICS F.S.S.A.L""]",c632d657f9c13b1250d688394eb7c99956a994527cb56f4a77c86ed61ff1dbda:455:ALIAS:7,,,OFAC;経産省,SMART LOGISTICS F.S.S.A.L
NOOP_ALREADY_METI,smartlogisticsoffshore,SMART LOGISTICS OFFSHORE,455,GOLDEN STAR CO,ALIAS:8,455,"[""SMART LOGISTICS OFFSHORE""]",c632d657f9c13b1250d688394eb7c99956a994527cb56f4a77c86ed61ff1dbda:455:ALIAS:8,,,OFAC;経産省,Smart Logistics Offshore
NOOP_ALREADY_METI,smartlogisticstrading&internationalfreight,SMART LOGISTICS TRADING & INTERNATIONAL FREIGHT,455,GOLDEN STAR CO,ALIAS:9,455,"[""SMART LOGISTICS TRADING & INTERNATIONAL FREIGHT""]",c632d657f9c13b1250d688394eb7c99956a994527cb56f4a77c86ed61ff1dbda:455:ALIAS:9,,,OFAC;経産省,SMART LOGISTICS TRADING & INTERNATIONAL FREIGHT
READY_TAG_EXISTING,smartlogisticstradingandinternationalfreight,SMART LOGISTICS TRADING AND INTERNATIONAL FREIGHT,455,GOLDEN STAR CO,ALIAS:10,455,"[""SMART LOGISTICS TRADING AND INTERNATIONAL FREIGHT""]",c632d657f9c13b1250d688394eb7c99956a994527cb56f4a77c86ed61ff1dbda:455:ALIAS:10,,,OFAC,SMART LOGISTICS TRADING AND INTERNATIONAL FREIGHT
NOOP_ALREADY_METI,smartpegasuse.k.t.,SMART PEGASUS E.K.T.,730,EKT Electronics,ALIAS:19,730,"[""SMART PEGASUS E.K.T.""]",c632d657f9c13b1250d688394eb7c99956a994527cb56f4a77c86ed61ff1dbda:730:ALIAS:19,,,経産省,SMART PEGASUS E.K.T.
NOOP_ALREADY_METI,smbassociates,SMB Associates,685,S.M.B Associates,ALIAS:1,685,"[""SMB Associates""]",c632d657f9c13b1250d688394eb7c99956a994527cb56f4a77c86ed61ff1dbda:685:ALIAS:1,,,経産省,SMB Associates
NOOP_ALREADY_METI,smt-ilogic,SMT-iLogic,814,SMT-iLogic,PRIMARY,814,"[""SMT-iLogic""]",c632d657f9c13b1250d688394eb7c99956a994527cb56f4a77c86ed61ff1dbda:814:PRIMARY,,,経産省,SMT-iLogic
READY_ADD,"smt-ilogic,llc","SMT-iLogic, LLC",814,SMT-iLogic,ALIAS:1,814,"[""SMT-iLogic, LLC""]",c632d657f9c13b1250d688394eb7c99956a994527cb56f4a77c86ed61ff1dbda:814:ALIAS:1,,,,
NOOP_ALREADY_METI,smtaylogik,SMT Aylogik,814,SMT-iLogic,ALIAS:2,814,"[""SMT Aylogik""]",c632d657f9c13b1250d688394eb7c99956a994527cb56f4a77c86ed61ff1dbda:814:ALIAS:2,,,経産省,SMT Aylogik
NOOP_ALREADY_METI,snpoeleron,SNPO Eleron,762,"Joint Stock Company ""Federal Center of Science and High Technologies ""SNPO ""Eleron""",ALIAS:3,762,"[""SNPO Eleron""]",c632d657f9c13b1250d688394eb7c99956a994527cb56f4a77c86ed61ff1dbda:762:ALIAS:3,,,経産省,SNPO Eleron
NOOP_ALREADY_METI,sobaeksuunitedcorp.,Sobaeksu United Corp.,430,Sobaeku United Corp. (小白水連合貿易会社),ALIAS:2,430,"[""Sobaeksu United Corp.""]",c632d657f9c13b1250d688394eb7c99956a994527cb56f4a77c86ed61ff1dbda:430:ALIAS:2,,,OFAC;経産省,Sobaeksu United Corp.
READY_ADD,sobaekuunitedcorp.(小白水連合貿易会社),Sobaeku United Corp. (小白水連合貿易会社),430,Sobaeku United Corp. (小白水連合貿易会社),PRIMARY,430,"[""Sobaeku United Corp. (小白水連合貿易会社)""]",c632d657f9c13b1250d688394eb7c99956a994527cb56f4a77c86ed61ff1dbda:430:PRIMARY,,,,
NOOP_ALREADY_METI,solmate,SOLMATE,55,ARTIN SANA'AT TABAAN COMPANY,ALIAS:3,55,"[""SOLMATE""]",c632d657f9c13b1250d688394eb7c99956a994527cb56f4a77c86ed61ff1dbda:55:ALIAS:3,,,OFAC;経産省,Solmate
NOOP_ALREADY_METI,solutionsengineeringpvt.ltd.,Solutions Engineering Pvt. Ltd.,690,Solutions Engineering Pvt. Ltd.,PRIMARY,690,"[""Solutions Engineering Pvt. Ltd.""]",c632d657f9c13b1250d688394eb7c99956a994527cb56f4a77c86ed61ff1dbda:690:PRIMARY,,,経産省,Solutions Engineering Pvt. Ltd.
NOOP_ALREADY_METI,solutronixengineeringpvt.ltd.,Solutronix Engineering Pvt. Ltd.,690,Solutions Engineering Pvt. Ltd.,ALIAS:1,690,"[""Solutronix Engineering Pvt. Ltd.""]",c632d657f9c13b1250d688394eb7c99956a994527cb56f4a77c86ed61ff1dbda:690:ALIAS:1,,,経産省,Solutronix Engineering Pvt. Ltd.
NOOP_ALREADY_METI,solutronixpvt.ltd.,Solutronix Pvt. Ltd.,690,Solutions Engineering Pvt. Ltd.,ALIAS:2,690,"[""Solutronix Pvt. Ltd.""]",c632d657f9c13b1250d688394eb7c99956a994527cb56f4a77c86ed61ff1dbda:690:ALIAS:2,,,経産省,Solutronix Pvt. Ltd.
READY_ADD,sosongfoodfactory(西城食品工場),Sosong Food Factory (西城食品工場),431,Sosong Food Factory (西城食品工場),PRIMARY,431,"[""Sosong Food Factory (西城食品工場)""]",c632d657f9c13b1250d688394eb7c99956a994527cb56f4a77c86ed61ff1dbda:431:PRIMARY,,,,
NOOP_ALREADY_METI,southwestcomputingcenter,Southwest Computing Center,519,Chinese Academy of Engineering Physics （中国工程物理研究院）,ALIAS:2,519,"[""Southwest Computing Center""]",c632d657f9c13b1250d688394eb7c99956a994527cb56f4a77c86ed61ff1dbda:519:ALIAS:2,,,経産省,Southwest Computing Center
NOOP_ALREADY_METI,southwestinstituteofappliedelectronics,Southwest Institute of Applied Electronics,519,Chinese Academy of Engineering Physics （中国工程物理研究院）,ALIAS:3,519,"[""Southwest Institute of Applied Electronics""]",c632d657f9c13b1250d688394eb7c99956a994527cb56f4a77c86ed61ff1dbda:519:ALIAS:3,,,経産省,Southwest Institute of Applied Electronics
NOOP_ALREADY_METI,southwestinstituteofchemicalmaterials,Southwest Institute of Chemical Materials,519,Chinese Academy of Engineering Physics （中国工程物理研究院）,ALIAS:4,519,"[""Southwest Institute of Chemical Materials""]",c632d657f9c13b1250d688394eb7c99956a994527cb56f4a77c86ed61ff1dbda:519:ALIAS:4,,,経産省,Southwest Institute of Chemical Materials
NOOP_ALREADY_METI,southwestinstituteofelectronicengineering,Southwest Institute of Electronic Engineering,519,Chinese Academy of Engineering Physics （中国工程物理研究院）,ALIAS:5,519,"[""Southwest Institute of Electronic Engineering""]",c632d657f9c13b1250d688394eb7c99956a994527cb56f4a77c86ed61ff1dbda:519:ALIAS:5,,,経産省,Southwest Institute of Electronic Engineering
NOOP_ALREADY_METI,southwestinstituteofelectronictechnology(swiet),Southwest Institute of Electronic Technology (SWIET),475,10th Research Institute of China Electronic Technology Group Corporation (CETC) (中国電子科技集団公司第十研究所),ALIAS:2,475,"[""Southwest Institute of Electronic Technology (SWIET)""]",c632d657f9c13b1250d688394eb7c99956a994527cb56f4a77c86ed61ff1dbda:475:ALIAS:2,,,経産省,Southwest Institute of Electronic Technology (SWIET)
NOOP_ALREADY_METI,southwestinstituteofenvironmentaltesting,Southwest Institute of Environmental Testing,519,Chinese Academy of Engineering Physics （中国工程物理研究院）,ALIAS:6,519,"[""Southwest Institute of Environmental Testing""]",c632d657f9c13b1250d688394eb7c99956a994527cb56f4a77c86ed61ff1dbda:519:ALIAS:6,,,経産省,Southwest Institute of Environmental Testing
NOOP_ALREADY_METI,southwestinstituteofexplosivesandchemicalengineering,Southwest Institute of Explosives and Chemical Engineering,519,Chinese Academy of Engineering Physics （中国工程物理研究院）,ALIAS:7,519,"[""Southwest Institute of Explosives and Chemical Engineering""]",c632d657f9c13b1250d688394eb7c99956a994527cb56f4a77c86ed61ff1dbda:519:ALIAS:7,,,経産省,Southwest Institute of Explosives and Chemical Engineering
NOOP_ALREADY_METI,southwestinstituteoffluidphysics,Southwest Institute of Fluid Physics,519,Chinese Academy of Engineering Physics （中国工程物理研究院）,ALIAS:8,519,"[""Southwest Institute of Fluid Physics""]",c632d657f9c13b1250d688394eb7c99956a994527cb56f4a77c86ed61ff1dbda:519:ALIAS:8,,,経産省,Southwest Institute of Fluid Physics
NOOP_ALREADY_METI,southwestinstituteofgeneraldesigningandassembly,Southwest Institute of General Designing and Assembly,519,Chinese Academy of Engineering Physics （中国工程物理研究院）,ALIAS:9,519,"[""Southwest Institute of General Designing and Assembly""]",c632d657f9c13b1250d688394eb7c99956a994527cb56f4a77c86ed61ff1dbda:519:ALIAS:9,,,経産省,Southwest Institute of General Designing and Assembly
NOOP_ALREADY_METI,southwestinstituteofmachiningtechnology,Southwest Institute of Machining Technology,519,Chinese Academy of Engineering Physics （中国工程物理研究院）,ALIAS:10,519,"[""Southwest Institute of Machining Technology""]",c632d657f9c13b1250d688394eb7c99956a994527cb56f4a77c86ed61ff1dbda:519:ALIAS:10,,,経産省,Southwest Institute of Machining Technology
NOOP_ALREADY_METI,southwestinstituteofmaterials,Southwest Institute of Materials,519,Chinese Academy of Engineering Physics （中国工程物理研究院）,ALIAS:11,519,"[""Southwest Institute of Materials""]",c632d657f9c13b1250d688394eb7c99956a994527cb56f4a77c86ed61ff1dbda:519:ALIAS:11,,,経産省,Southwest Institute of Materials
NOOP_ALREADY_METI,southwestinstituteofnuclearphysicsandchemistry,Southwest Institute of Nuclear Physics and Chemistry,519,Chinese Academy of Engineering Physics （中国工程物理研究院）,ALIAS:12,519,"[""Southwest Institute of Nuclear Physics and Chemistry""]",c632d657f9c13b1250d688394eb7c99956a994527cb56f4a77c86ed61ff1dbda:519:ALIAS:12,,,経産省,Southwest Institute of Nuclear Physics and Chemistry
NOOP_ALREADY_METI,southwestinstituteofresearchandapplicationsofspecialmaterialsfactory,Southwest Institute of Research and Applications of Special Materials Factory,519,Chinese Academy of Engineering Physics （中国工程物理研究院）,ALIAS:14,519,"[""Southwest Institute of Research and Applications of Special Materials Factory""]",c632d657f9c13b1250d688394eb7c99956a994527cb56f4a77c86ed61ff1dbda:519:ALIAS:14,,,経産省,Southwest Institute of Research and Applications of Special Materials Factory
NOOP_ALREADY_METI,southwestinstituteofstructuralmechanics,Southwest Institute of Structural Mechanics,519,Chinese Academy of Engineering Physics （中国工程物理研究院）,ALIAS:15,519,"[""Southwest Institute of Structural Mechanics""]",c632d657f9c13b1250d688394eb7c99956a994527cb56f4a77c86ed61ff1dbda:519:ALIAS:15,,,経産省,Southwest Institute of Structural Mechanics
NOOP_ALREADY_METI,southwestresearchinstituteofelectronicstechnology(中国西南電子技術研究所),Southwest Research Institute of Electronics Technology (中国西南電子技術研究所),475,10th Research Institute of China Electronic Technology Group Corporation (CETC) (中国電子科技集団公司第十研究所),ALIAS:4,475,"[""Southwest Research Institute of Electronics Technology (中国西南電子技術研究所)""]",c632d657f9c13b1250d688394eb7c99956a994527cb56f4a77c86ed61ff1dbda:475:ALIAS:4,,,経産省,Southwest Research Institute of Electronics Technology (中国西南電子技術研究所)
NOOP_ALREADY_METI,southwestresearchinstituteofelectronictechnology(swiet),Southwest Research Institute of Electronic Technology (SWIET),475,10th Research Institute of China Electronic Technology Group Corporation (CETC) (中国電子科技集団公司第十研究所),ALIAS:3,475,"[""Southwest Research Institute of Electronic Technology (SWIET)""]",c632d657f9c13b1250d688394eb7c99956a994527cb56f4a77c86ed61ff1dbda:475:ALIAS:3,,,経産省,Southwest Research Institute of Electronic Technology (SWIET)
NOOP_ALREADY_METI,spaceandupperatmosphereresearchcommission(suparco),Space and Upper Atmosphere Research Commission (SUPARCO),691,Space and Upper Atmosphere Research Commission (SUPARCO),PRIMARY,691,"[""Space and Upper Atmosphere Research Commission (SUPARCO)""]",c632d657f9c13b1250d688394eb7c99956a994527cb56f4a77c86ed61ff1dbda:691:PRIMARY,,,経産省,Space and Upper Atmosphere Research Commission (SUPARCO)
NOOP_ALREADY_METI,spaceandupperatmosphericresearchcommission,Space and Upper Atmospheric Research Commission,691,Space and Upper Atmosphere Research Commission (SUPARCO),ALIAS:1,691,"[""Space and Upper Atmospheric Research Commission""]",c632d657f9c13b1250d688394eb7c99956a994527cb56f4a77c86ed61ff1dbda:691:ALIAS:1,,,経産省,Space and Upper Atmospheric Research Commission
READY_TAG_EXISTING,specialtechnologycenter,Special Technology Center,815,Special Technology Center,PRIMARY,815,"[""Special Technology Center""]",c632d657f9c13b1250d688394eb7c99956a994527cb56f4a77c86ed61ff1dbda:815:PRIMARY,,,OFAC;財務省,Special Technology Center
NOOP_ALREADY_METI,specialtechnologycentrelimitedliabilitycompany,Special Technology Centre Limited Liability Company,815,Special Technology Center,ALIAS:1,815,"[""Special Technology Centre Limited Liability Company""]",c632d657f9c13b1250d688394eb7c99956a994527cb56f4a77c86ed61ff1dbda:815:ALIAS:1,,,経産省,Special Technology Centre Limited Liability Company
NOOP_ALREADY_METI,speedyenterpriseltd,Speedy Enterprise Ltd,563,"Qianpu Technology Co., Ltd.",ALIAS:2,563,"[""Speedy Enterprise Ltd""]",c632d657f9c13b1250d688394eb7c99956a994527cb56f4a77c86ed61ff1dbda:563:ALIAS:2,,,経産省,Speedy Enterprise Ltd
NOOP_ALREADY_METI,spkkhimmed,SPK Khimmed,744,chimmed group,ALIAS:4,744,"[""SPK Khimmed""]",c632d657f9c13b1250d688394eb7c99956a994527cb56f4a77c86ed61ff1dbda:744:ALIAS:4,,,経産省,SPK Khimmed
NOOP_ALREADY_METI,spmbmmalakhit,SPMBM Malakhit,816,St. Petersburg Marine Bureau of Machine Building Malakhit,ALIAS:1,816,"[""SPMBM Malakhit""]",c632d657f9c13b1250d688394eb7c99956a994527cb56f4a77c86ed61ff1dbda:816:ALIAS:1,,,経産省,SPMBM Malakhit
READY_TAG_EXISTING,spnd,SPND,184,Organisation of Defensive Innovation and Research,ALIAS:1,184,"[""SPND""]",c632d657f9c13b1250d688394eb7c99956a994527cb56f4a77c86ed61ff1dbda:184:ALIAS:1,,,OFAC,SPND
NOOP_ALREADY_METI,st.petersburgmarinebureauofmachinebuildingmalakhit,St. Petersburg Marine Bureau of Machine Building Malakhit,816,St. Petersburg Marine Bureau of Machine Building Malakhit,PRIMARY,816,"[""St. Petersburg Marine Bureau of Machine Building Malakhit""]",c632d657f9c13b1250d688394eb7c99956a994527cb56f4a77c86ed61ff1dbda:816:PRIMARY,,,経産省,St. Petersburg Marine Bureau of Machine Building Malakhit
NOOP_ALREADY_METI,stateacademyofscienceofthedprkinstituteofautomation,State Academy of Science of the DPRK Institute of Automation,432,State Academy of Science of the DPRK Institute of Automation,PRIMARY,432,"[""State Academy of Science of the DPRK Institute of Automation""]",c632d657f9c13b1250d688394eb7c99956a994527cb56f4a77c86ed61ff1dbda:432:PRIMARY,,,経産省,State Academy of Science of the DPRK Institute of Automation
READY_ADD,statecorporationrosoboronexport,State Corporation Rosoboronexport,806,Rosoboronexport OJSC (ROE),ALIAS:12,806,"[""State Corporation Rosoboronexport""]",c632d657f9c13b1250d688394eb7c99956a994527cb56f4a77c86ed61ff1dbda:806:ALIAS:12,,,,
READY_TAG_EXISTING,statemachinebuildingdesignbureauraduga,State Machine Building Design Bureau Raduga,805,"""Raduga"" State Engineering Design Bureau JSC named after A.Y. Bereznyak",ALIAS:5,805,"[""State Machine Building Design Bureau Raduga""]",c632d657f9c13b1250d688394eb7c99956a994527cb56f4a77c86ed61ff1dbda:805:ALIAS:5,,,財務省,State Machine Building Design Bureau Raduga
NOOP_ALREADY_METI,statepurchasingorganisation(spo),State Purchasing Organisation (SPO),266,State Purchasing Organisation (SPO),PRIMARY,266,"[""State Purchasing Organisation (SPO)""]",c632d657f9c13b1250d688394eb7c99956a994527cb56f4a77c86ed61ff1dbda:266:PRIMARY,,,経産省,State Purchasing Organisation (SPO)
NOOP_ALREADY_METI,stateresearchchemical-analyticalinstitute,State Research Chemical-Analytical Institute,797,OAO GosNIIkhimanalit,ALIAS:1,797,"[""State Research Chemical-Analytical Institute""]",c632d657f9c13b1250d688394eb7c99956a994527cb56f4a77c86ed61ff1dbda:797:ALIAS:1,,,経産省,State Research Chemical-Analytical Institute
NOOP_ALREADY_METI,stateresearchinstituteofmechanicalengineeringnamedafterv.v.bakhireva,State Research Institute of Mechanical Engineering named after V.V. Bakhireva,812,"""Scientific Research Institute for Mechanical Engineering"" JSC",ALIAS:6,812,"[""State Research Institute of Mechanical Engineering named after V.V. Bakhireva""]",c632d657f9c13b1250d688394eb7c99956a994527cb56f4a77c86ed61ff1dbda:812:ALIAS:6,,,経産省,State Research Institute of Mechanical Engineering named after V.V. Bakhireva
READY_TAG_EXISTING,statescientificresearchinstituteofmachinebuildingbakhirev,State Scientific Research Institute of Machine Building Bakhirev,812,"""Scientific Research Institute for Mechanical Engineering"" JSC",ALIAS:7,812,"[""State Scientific Research Institute of Machine Building Bakhirev""]",c632d657f9c13b1250d688394eb7c99956a994527cb56f4a77c86ed61ff1dbda:812:ALIAS:7,,,財務省,State Scientific Research Institute of Machine Building Bakhirev
NOOP_ALREADY_METI,statescientificresearchinstituteoforganicchemistryandtechnology,State Scientific Research Institute of Organic Chemistry and Technology,817,State Scientific Research Institute of Organic Chemistry and Technology,PRIMARY,817,"[""State Scientific Research Institute of Organic Chemistry and Technology""]",c632d657f9c13b1250d688394eb7c99956a994527cb56f4a77c86ed61ff1dbda:817:PRIMARY,,,OFAC;経産省,STATE SCIENTIFIC RESEARCH INSTITUTE OF ORGANIC CHEMISTRY AND TECHNOLOGY
NOOP_ALREADY_METI,"stc,ltd.","STC, Ltd.",815,Special Technology Center,ALIAS:2,815,"[""STC, Ltd.""]",c632d657f9c13b1250d688394eb7c99956a994527cb56f4a77c86ed61ff1dbda:815:ALIAS:2,,,経産省,"STC, Ltd."
NOOP_ALREADY_METI,stepforwardgroupltd,Step Forward Group Ltd,563,"Qianpu Technology Co., Ltd.",ALIAS:3,563,"[""Step Forward Group Ltd""]",c632d657f9c13b1250d688394eb7c99956a994527cb56f4a77c86ed61ff1dbda:563:ALIAS:3,,,経産省,Step Forward Group Ltd
READY_ADD,"strela""productionassociationjsc","""Strela"" Production Association JSC",818,"""Strela"" Production Association JSC",PRIMARY,818,"[""\""Strela\"" Production Association JSC""]",c632d657f9c13b1250d688394eb7c99956a994527cb56f4a77c86ed61ff1dbda:818:PRIMARY,,,,
NOOP_ALREADY_METI,successmoveltd.,Success Move Ltd.,588,Success Move Ltd.,PRIMARY,588,"[""Success Move Ltd.""]",c632d657f9c13b1250d688394eb7c99956a994527cb56f4a77c86ed61ff1dbda:588:PRIMARY,,,OFAC;経産省,SUCCESS MOVE LTD.
NOOP_ALREADY_METI,sukhoiaviationjsc,Sukhoi Aviation JSC,819,Sukhoi Aviation JSC,PRIMARY,819,"[""Sukhoi Aviation JSC""]",c632d657f9c13b1250d688394eb7c99956a994527cb56f4a77c86ed61ff1dbda:819:PRIMARY,,,経産省,Sukhoi Aviation JSC
NOOP_ALREADY_METI,sumicotechnologies,Sumico Technologies,692,Sumico Technologies,PRIMARY,692,"[""Sumico Technologies""]",c632d657f9c13b1250d688394eb7c99956a994527cb56f4a77c86ed61ff1dbda:692:PRIMARY,,,経産省,Sumico Technologies
READY_ADD,sunchoncementfactory(順川セメント工場),Sunchon Cement Factory (順川セメント工場),434,Sunchon Cement Factory (順川セメント工場),PRIMARY,434,"[""Sunchon Cement Factory (順川セメント工場)""]",c632d657f9c13b1250d688394eb7c99956a994527cb56f4a77c86ed61ff1dbda:434:PRIMARY,,,,
READY_TAG_EXISTING,sungnisantradingcorporation,SUNGNISAN TRADING CORPORATION,435,SUNGNISAN TRADING CORPORATION,PRIMARY,435,"[""SUNGNISAN TRADING CORPORATION""]",c632d657f9c13b1250d688394eb7c99956a994527cb56f4a77c86ed61ff1dbda:435:PRIMARY,,,OFAC;財務省,Sungnisan Trading Corporation
READY_ADD,sunhwagangco.ltd.(順和江会社),Sun Hwa Gang Co. Ltd. (順和江会社),433,Sun Hwa Gang Co. Ltd. (順和江会社),PRIMARY,433,"[""Sun Hwa Gang Co. Ltd. (順和江会社)""]",c632d657f9c13b1250d688394eb7c99956a994527cb56f4a77c86ed61ff1dbda:433:PRIMARY,,,,
READY_ADD,"sunwaytechco.,ltd(北京旭润科技有限公司)","Sunway Tech Co., Ltd （北京旭润科技有限公司 ）",589,"Sunway Tech Co., Ltd （北京旭润科技有限公司 ）",PRIMARY,589,"[""Sunway Tech Co., Ltd （北京旭润科技有限公司 ）""]",c632d657f9c13b1250d688394eb7c99956a994527cb56f4a77c86ed61ff1dbda:589:PRIMARY,,,,
NOOP_ALREADY_METI,sustainableelectronicdevelopment,SUSTAINABLE ELECTRONIC DEVELOPMENT,112,HODA TRADING,ALIAS:3,112,"[""SUSTAINABLE ELECTRONIC DEVELOPMENT""]",c632d657f9c13b1250d688394eb7c99956a994527cb56f4a77c86ed61ff1dbda:112:ALIAS:3,,,OFAC;経産省,Sustainable Electronic Development
NOOP_ALREADY_METI,sustainableelectronicsdevelopment,SUSTAINABLE ELECTRONICS DEVELOPMENT,112,HODA TRADING,ALIAS:4,112,"[""SUSTAINABLE ELECTRONICS DEVELOPMENT""]",c632d657f9c13b1250d688394eb7c99956a994527cb56f4a77c86ed61ff1dbda:112:ALIAS:4,,,OFAC;経産省,Sustainable Electronics Development
HOLD_WEAK_ALIAS,sut,SUT,259,Sharif University of Technology (SHFT),ALIAS:2,259,"[""SUT""]",c632d657f9c13b1250d688394eb7c99956a994527cb56f4a77c86ed61ff1dbda:259:ALIAS:2,3文字と短く、照合時に誤検知が多発する見込み（SUT）,,,
READY_ADD,"suzhoua-onespecialalloyco.,ltd.(苏州埃文特种合金有限公司)","SUZHOU A-ONE SPECIAL ALLOY CO., LTD. (苏州埃⽂特种合⾦有限公司)",590,"SUZHOU A-ONE SPECIAL ALLOY CO., LTD. (苏州埃⽂特种合⾦有限公司)",PRIMARY,590,"[""SUZHOU A-ONE SPECIAL ALLOY CO., LTD. (苏州埃⽂特种合⾦有限公司)""]",c632d657f9c13b1250d688394eb7c99956a994527cb56f4a77c86ed61ff1dbda:590:PRIMARY,,,,
NOOP_ALREADY_METI,"suzhouaiwenspecialalloyco.,ltd.","SUZHOU AIWEN SPECIAL ALLOY CO., LTD.",590,"SUZHOU A-ONE SPECIAL ALLOY CO., LTD. (苏州埃⽂特种合⾦有限公司)",ALIAS:1,590,"[""SUZHOU AIWEN SPECIAL ALLOY CO., LTD.""]",c632d657f9c13b1250d688394eb7c99956a994527cb56f4a77c86ed61ff1dbda:590:ALIAS:1,,,OFAC;経産省,"SUZHOU AIWEN SPECIAL ALLOY CO., LTD."
NOOP_ALREADY_METI,suzhouzhongshengmagneticcompanylimited,SUZHOU ZHONGSHENG MAGNETIC COMPANY LIMITED,591,"SUZHOU ZHONGSHENG MAGNETIC INDUSTRY CO., LTD. (苏州中盛磁业有限公司)",ALIAS:1,591,"[""SUZHOU ZHONGSHENG MAGNETIC COMPANY LIMITED""]",c632d657f9c13b1250d688394eb7c99956a994527cb56f4a77c86ed61ff1dbda:591:ALIAS:1,,,OFAC;経産省,Suzhou Zhongsheng Magnetic Company Limited
READY_ADD,"suzhouzhongshengmagneticindustryco.,ltd.(苏州中盛磁业有限公司)","SUZHOU ZHONGSHENG MAGNETIC INDUSTRY CO., LTD. (苏州中盛磁业有限公司)",591,"SUZHOU ZHONGSHENG MAGNETIC INDUSTRY CO., LTD. (苏州中盛磁业有限公司)",PRIMARY,591,"[""SUZHOU ZHONGSHENG MAGNETIC INDUSTRY CO., LTD. (苏州中盛磁业有限公司)""]",c632d657f9c13b1250d688394eb7c99956a994527cb56f4a77c86ed61ff1dbda:591:PRIMARY,,,,
NOOP_ALREADY_METI,swaninternationaltrading,Swan International Trading,693,Swan International Trading,PRIMARY,693,"[""Swan International Trading""]",c632d657f9c13b1250d688394eb7c99956a994527cb56f4a77c86ed61ff1dbda:693:PRIMARY,,,経産省,Swan International Trading
NOOP_ALREADY_METI,syrianarabcompanyforelectronicindustries,Syrian Arab Company for Electronic Industries,468,Syrian Arab Company for Electronic Industries,PRIMARY,468,"[""Syrian Arab Company for Electronic Industries""]",c632d657f9c13b1250d688394eb7c99956a994527cb56f4a77c86ed61ff1dbda:468:PRIMARY,,,経産省,Syrian Arab Company for Electronic Industries
NOOP_ALREADY_METI,syriancompanyforinformationtechnology(scit),Syrian Company for Information Technology (SCIT),469,Syrian Company for Information Technology (SCIT),PRIMARY,469,"[""Syrian Company for Information Technology (SCIT)""]",c632d657f9c13b1250d688394eb7c99956a994527cb56f4a77c86ed61ff1dbda:469:PRIMARY,,,経産省,Syrian Company for Information Technology (SCIT)
NOOP_ALREADY_METI,syrianscientificresearchcouncil,Syrian Scientific Research Council,466,Scientific Studies and Research Center (SSRC),ALIAS:10,466,"[""Syrian Scientific Research Council""]",c632d657f9c13b1250d688394eb7c99956a994527cb56f4a77c86ed61ff1dbda:466:ALIAS:10,,,経産省,Syrian Scientific Research Council
READY_TAG_EXISTING,syronics,SYRONICS,468,Syrian Arab Company for Electronic Industries,ALIAS:1,468,"[""SYRONICS""]",c632d657f9c13b1250d688394eb7c99956a994527cb56f4a77c86ed61ff1dbda:468:ALIAS:1,,,OFAC;財務省,SYRONICS
READY_TAG_EXISTING,systemsofbiologicalsynthesisllc,Systems of Biological Synthesis LLC,820,Systems of Biological Synthesis LLC,PRIMARY,820,"[""Systems of Biological Synthesis LLC""]",c632d657f9c13b1250d688394eb7c99956a994527cb56f4a77c86ed61ff1dbda:820:PRIMARY,,,OFAC,SYSTEMS OF BIOLOGICAL SYNTHESIS LLC
NOOP_ALREADY_METI,t.e.m.co.,T.E.M. Co.,79,Design and Manufacturing of Aero-Engine Company,ALIAS:3,79,"[""T.E.M. Co.""]",c632d657f9c13b1250d688394eb7c99956a994527cb56f4a77c86ed61ff1dbda:79:ALIAS:3,,,経産省,T.E.M. Co.
READY_TAG_EXISTING,taba,TABA,267,TOWLID ABZAR BORESHI IRAN,ALIAS:2,267,"[""TABA""]",c632d657f9c13b1250d688394eb7c99956a994527cb56f4a77c86ed61ff1dbda:267:ALIAS:2,,,OFAC,TABA
READY_TAG_EXISTING,tabacompany,TABA COMPANY,267,TOWLID ABZAR BORESHI IRAN,ALIAS:3,267,"[""TABA COMPANY""]",c632d657f9c13b1250d688394eb7c99956a994527cb56f4a77c86ed61ff1dbda:267:ALIAS:3,,,OFAC,TABA COMPANY
NOOP_ALREADY_METI,"tacticalmissilecorporation,jointstockcompany""statemachinebuildingdesignbureau""vympel""bynamei.i.toropov","Tactical Missile Corporation, Joint Stock Company “State Machine Building Design Bureau “Vympel” By Name I.I. Toropov”",834,"""Vympel"" State Engineering Design Bureau JSC named after I.I. Toropov",ALIAS:2,834,"[""Tactical Missile Corporation, Joint Stock Company “State Machine Building Design Bureau “Vympel” By Name I.I. Toropov”""]",c632d657f9c13b1250d688394eb7c99956a994527cb56f4a77c86ed61ff1dbda:834:ALIAS:2,,,経産省,"Tactical Missile Corporation, Joint Stock Company “State Machine Building Design Bureau “Vympel” By Name I.I. Toropov”"
READY_TAG_EXISTING,tacticalmissilescorporationjsc,Tactical Missiles Corporation JSC,821,Tactical Missiles Corporation JSC,PRIMARY,821,"[""Tactical Missiles Corporation JSC""]",c632d657f9c13b1250d688394eb7c99956a994527cb56f4a77c86ed61ff1dbda:821:PRIMARY,,,OFAC;財務省,Tactical Missiles Corporation JSC
READY_ADD,taeanelectricfactory(大安電機工場),Taean Electric Factory (大安電機工場),436,Taean Electric Factory (大安電機工場),PRIMARY,436,"[""Taean Electric Factory (大安電機工場)""]",c632d657f9c13b1250d688394eb7c99956a994527cb56f4a77c86ed61ff1dbda:436:PRIMARY,,,,
READY_ADD,taeanheavymachinerycomplex(大安重機械連合企業所),Taean Heavy Machinery Complex (大安重機械連合企業所),438,Taean Heavy Machinery Complex (大安重機械連合企業所),PRIMARY,438,"[""Taean Heavy Machinery Complex (大安重機械連合企業所)""]",c632d657f9c13b1250d688394eb7c99956a994527cb56f4a77c86ed61ff1dbda:438:PRIMARY,,,,
NOOP_ALREADY_METI,taeanmachineryfactory(大安機械工場),Taean Machinery Factory (大安機械工場),438,Taean Heavy Machinery Complex (大安重機械連合企業所),ALIAS:3,438,"[""Taean Machinery Factory (大安機械工場)""]",c632d657f9c13b1250d688394eb7c99956a994527cb56f4a77c86ed61ff1dbda:438:ALIAS:3,,,経産省,Taean Machinery Factory (大安機械工場)
NOOP_ALREADY_METI,taedongcreditbank,Taedong Credit Bank,308,Daedong Credit Bank,ALIAS:3,308,"[""Taedong Credit Bank""]",c632d657f9c13b1250d688394eb7c99956a994527cb56f4a77c86ed61ff1dbda:308:ALIAS:3,,,OFAC;経産省;財務省,TAEDONG CREDIT BANK
NOOP_ALREADY_METI,taedonggangtechnicalassociatedcorporation,Taedonggang Technical Associated Corporation,318,Green Pine Associated Corporation （青松連合）,ALIAS:14,318,"[""Taedonggang Technical Associated Corporation""]",c632d657f9c13b1250d688394eb7c99956a994527cb56f4a77c86ed61ff1dbda:318:ALIAS:14,,,経産省,Taedonggang Technical Associated Corporation
NOOP_ALREADY_METI,taehungoil&vehicletradingco.(太興運輸貿易会社),Taehung Oil & Vehicle Trading Co. (太興運輸貿易会社),309,Daehung Oil & Vehicle Trading Co. (大興運輸貿易会社),ALIAS:1,309,"[""Taehung Oil & Vehicle Trading Co. (太興運輸貿易会社)""]",c632d657f9c13b1250d688394eb7c99956a994527cb56f4a77c86ed61ff1dbda:309:ALIAS:1,,,経産省,Taehung Oil & Vehicle Trading Co. (太興運輸貿易会社)
NOOP_ALREADY_METI,taesongbank,Taesong Bank,334,Korea Daesong Bank,ALIAS:2,334,"[""Taesong Bank""]",c632d657f9c13b1250d688394eb7c99956a994527cb56f4a77c86ed61ff1dbda:334:ALIAS:2,,,OFAC;経産省;財務省,TAESONG BANK
NOOP_ALREADY_METI,taghtirankashanco,Taghtiran Kashan Co,268,Taghtiran Kashan Company,ALIAS:1,268,"[""Taghtiran Kashan Co""]",c632d657f9c13b1250d688394eb7c99956a994527cb56f4a77c86ed61ff1dbda:268:ALIAS:1,,,経産省,Taghtiran Kashan Co
NOOP_ALREADY_METI,taghtirankashancompany,Taghtiran Kashan Company,268,Taghtiran Kashan Company,PRIMARY,268,"[""Taghtiran Kashan Company""]",c632d657f9c13b1250d688394eb7c99956a994527cb56f4a77c86ed61ff1dbda:268:PRIMARY,,,OFAC;経産省,TAGHTIRAN KASHAN COMPANY
NOOP_ALREADY_METI,taghtiranp.j.s,Taghtiran P.J.S,268,Taghtiran Kashan Company,ALIAS:2,268,"[""Taghtiran P.J.S""]",c632d657f9c13b1250d688394eb7c99956a994527cb56f4a77c86ed61ff1dbda:268:ALIAS:2,,,経産省,Taghtiran P.J.S
NOOP_ALREADY_METI,tajhizsanat,Tajhiz Sanat,148,Karanir,ALIAS:2,148,"[""Tajhiz Sanat""]",c632d657f9c13b1250d688394eb7c99956a994527cb56f4a77c86ed61ff1dbda:148:ALIAS:2,,,経産省,Tajhiz Sanat
NOOP_ALREADY_METI,tajhizsanatshayan(tss),Tajhiz Sanat Shayan (TSS),269,Tajhiz Sanat Shayan (TSS),PRIMARY,269,"[""Tajhiz Sanat Shayan (TSS)""]",c632d657f9c13b1250d688394eb7c99956a994527cb56f4a77c86ed61ff1dbda:269:PRIMARY,,,経産省,Tajhiz Sanat Shayan (TSS)
NOOP_ALREADY_METI,taminkalayesabz,TAMIN KALAYE SABZ,270,TAMIN KALAYE SABZ ARAS COMPANY,ALIAS:2,270,"[""TAMIN KALAYE SABZ""]",c632d657f9c13b1250d688394eb7c99956a994527cb56f4a77c86ed61ff1dbda:270:ALIAS:2,,,OFAC;経産省,Tamin Kalaye Sabz
READY_TAG_EXISTING,taminkalayesabzarascompany,TAMIN KALAYE SABZ ARAS COMPANY,270,TAMIN KALAYE SABZ ARAS COMPANY,PRIMARY,270,"[""TAMIN KALAYE SABZ ARAS COMPANY""]",c632d657f9c13b1250d688394eb7c99956a994527cb56f4a77c86ed61ff1dbda:270:PRIMARY,,,OFAC,TAMIN KALAYE SABZ ARAS COMPANY
NOOP_ALREADY_METI,taminkalayesabzcompany,TAMIN KALAYE SABZ COMPANY,270,TAMIN KALAYE SABZ ARAS COMPANY,ALIAS:3,270,"[""TAMIN KALAYE SABZ COMPANY""]",c632d657f9c13b1250d688394eb7c99956a994527cb56f4a77c86ed61ff1dbda:270:ALIAS:3,,,OFAC;経産省,Tamin Kalaye Sabz Company
READY_ADD,tanchoncommercialbank(端川商業銀行),Tanchon Commercial Bank (端川商業銀行),439,Tanchon Commercial Bank (端川商業銀行),PRIMARY,439,"[""Tanchon Commercial Bank (端川商業銀行)""]",c632d657f9c13b1250d688394eb7c99956a994527cb56f4a77c86ed61ff1dbda:439:PRIMARY,,,,
NOOP_ALREADY_METI,tanguntrading,Tangun Trading,386,Korean Tangun Trading Corporation (朝鮮檀君貿易会社),ALIAS:7,386,"[""Tangun Trading""]",c632d657f9c13b1250d688394eb7c99956a994527cb56f4a77c86ed61ff1dbda:386:ALIAS:7,,,経産省,Tangun Trading
NOOP_ALREADY_METI,tarbiatmodaresuniversity,Tarbiat Modares University,271,Tarbiat Modares University,PRIMARY,271,"[""Tarbiat Modares University""]",c632d657f9c13b1250d688394eb7c99956a994527cb56f4a77c86ed61ff1dbda:271:PRIMARY,,,経産省,Tarbiat Modares University
NOOP_ALREADY_METI,tarhopalayesh,Tarh O Palayesh,272,Tarh O Palayesh,PRIMARY,272,"[""Tarh O Palayesh""]",c632d657f9c13b1250d688394eb7c99956a994527cb56f4a77c86ed61ff1dbda:272:PRIMARY,,,OFAC;経産省,TARH O PALAYESH
READY_TAG_EXISTING,tastechnologycompanylimited,TAS TECHNOLOGY COMPANY LIMITED,725,TAS TECHNOLOGY COMPANY LIMITED,PRIMARY,725,"[""TAS TECHNOLOGY COMPANY LIMITED""]",c632d657f9c13b1250d688394eb7c99956a994527cb56f4a77c86ed61ff1dbda:725:PRIMARY,,,OFAC,TAS TECHNOLOGY COMPANY LIMITED
HOLD_WEAK_ALIAS,tcl,TCL,696,Techno-Commercial,ALIAS:1,696,"[""TCL""]",c632d657f9c13b1250d688394eb7c99956a994527cb56f4a77c86ed61ff1dbda:696:ALIAS:1,3文字と短く、照合時に誤検知が多発する見込み（TCL）,,,
NOOP_ALREADY_METI,tcooftheislamicrepublicofiran,TCO of the Islamic Republic of Iran,73,Center for Innovation and Technology Cooperation (CITC),ALIAS:8,73,"[""TCO of the Islamic Republic of Iran""]",c632d657f9c13b1250d688394eb7c99956a994527cb56f4a77c86ed61ff1dbda:73:ALIAS:8,,,経産省,TCO of the Islamic Republic of Iran
NOOP_ALREADY_METI,tdchimmed,TD Chimmed,744,chimmed group,ALIAS:5,744,"[""TD Chimmed""]",c632d657f9c13b1250d688394eb7c99956a994527cb56f4a77c86ed61ff1dbda:744:ALIAS:5,,,経産省,TD Chimmed
READY_TAG_EXISTING,tdkhimmed,TD Khimmed,744,chimmed group,ALIAS:6,744,"[""TD Khimmed""]",c632d657f9c13b1250d688394eb7c99956a994527cb56f4a77c86ed61ff1dbda:744:ALIAS:6,,,OFAC,TD Khimmed
NOOP_ALREADY_METI,techcareservicesfzllc,Techcare Services FZ LLC,30,Techcare Services FZ LLC,PRIMARY,30,"[""Techcare Services FZ LLC""]",c632d657f9c13b1250d688394eb7c99956a994527cb56f4a77c86ed61ff1dbda:30:PRIMARY,,,経産省,Techcare Services FZ LLC
NOOP_ALREADY_METI,techlinkcommunications,Techlink Communications,694,Techlink Communications,PRIMARY,694,"[""Techlink Communications""]",c632d657f9c13b1250d688394eb7c99956a994527cb56f4a77c86ed61ff1dbda:694:PRIMARY,,,経産省,Techlink Communications
NOOP_ALREADY_METI,techlinks,Techlinks,695,Techlinks,PRIMARY,695,"[""Techlinks""]",c632d657f9c13b1250d688394eb7c99956a994527cb56f4a77c86ed61ff1dbda:695:PRIMARY,,,経産省,Techlinks
NOOP_ALREADY_METI,techno-commercial,Techno-Commercial,696,Techno-Commercial,PRIMARY,696,"[""Techno-Commercial""]",c632d657f9c13b1250d688394eb7c99956a994527cb56f4a77c86ed61ff1dbda:696:PRIMARY,,,経産省,Techno-Commercial
NOOP_ALREADY_METI,technolab,Technolab,733,Technolab,PRIMARY,733,"[""Technolab"",""Techno Lab""]",c632d657f9c13b1250d688394eb7c99956a994527cb56f4a77c86ed61ff1dbda:733:PRIMARY;c632d657f9c13b1250d688394eb7c99956a994527cb56f4a77c86ed61ff1dbda:733:ALIAS:1,,,OFAC;経産省,TECHNOLAB
NOOP_ALREADY_METI,technologycooperationoffice(tco),Technology Cooperation Office (TCO),73,Center for Innovation and Technology Cooperation (CITC),ALIAS:5,73,"[""Technology Cooperation Office (TCO)""]",c632d657f9c13b1250d688394eb7c99956a994527cb56f4a77c86ed61ff1dbda:73:ALIAS:5,,,経産省,Technology Cooperation Office (TCO)
NOOP_ALREADY_METI,technologycooperationofficeoftheiranianpresident'soffice,Technology Cooperation Office of the Iranian President's Office,73,Center for Innovation and Technology Cooperation (CITC),ALIAS:6,73,"[""Technology Cooperation Office of the Iranian President's Office""]",c632d657f9c13b1250d688394eb7c99956a994527cb56f4a77c86ed61ff1dbda:73:ALIAS:6,,,経産省,Technology Cooperation Office of the Iranian President's Office
NOOP_ALREADY_METI,technologycooperationofficeofthepresidency,Technology Cooperation Office of the Presidency,73,Center for Innovation and Technology Cooperation (CITC),ALIAS:7,73,"[""Technology Cooperation Office of the Presidency""]",c632d657f9c13b1250d688394eb7c99956a994527cb56f4a77c86ed61ff1dbda:73:ALIAS:7,,,経産省,Technology Cooperation Office of the Presidency
NOOP_ALREADY_METI,technopakengineering,Technopak Engineering,703,Universal Tooling Services,ALIAS:3,703,"[""Technopak Engineering""]",c632d657f9c13b1250d688394eb7c99956a994527cb56f4a77c86ed61ff1dbda:703:ALIAS:3,,,経産省,Technopak Engineering
NOOP_ALREADY_METI,techserve,Techserve,696,Techno-Commercial,ALIAS:2,696,"[""Techserve""]",c632d657f9c13b1250d688394eb7c99956a994527cb56f4a77c86ed61ff1dbda:696:ALIAS:2,,,経産省,Techserve
NOOP_ALREADY_METI,tehrangostaresh,Tehran Gostaresh,273,Tehran Gostaresh,PRIMARY,273,"[""Tehran Gostaresh""]",c632d657f9c13b1250d688394eb7c99956a994527cb56f4a77c86ed61ff1dbda:273:PRIMARY,,,経産省,Tehran Gostaresh
NOOP_ALREADY_METI,tehrangostareshco.pjs,Tehran Gostaresh Co. PJS,273,Tehran Gostaresh,ALIAS:1,273,"[""Tehran Gostaresh Co. PJS""]",c632d657f9c13b1250d688394eb7c99956a994527cb56f4a77c86ed61ff1dbda:273:ALIAS:1,,,経産省,Tehran Gostaresh Co. PJS
READY_ADD,tehranpishrotradingco.,Tehran Pishro Trading Co.,274,Tehran Pishro Trading Co.,PRIMARY,274,"[""Tehran Pishro Trading Co.""]",c632d657f9c13b1250d688394eb7c99956a994527cb56f4a77c86ed61ff1dbda:274:PRIMARY,,,,
NOOP_ALREADY_METI,tehranuniversity,Tehran University,282,University of Tehran,ALIAS:1,282,"[""Tehran University""]",c632d657f9c13b1250d688394eb7c99956a994527cb56f4a77c86ed61ff1dbda:282:ALIAS:1,,,経産省,Tehran University
NOOP_ALREADY_METI,teiftadbirarya,TEIF TADBIR ARYA,276,TEYF TADBIR ARYA ENGINEERING COMPANY,ALIAS:1,276,"[""TEIF TADBIR ARYA""]",c632d657f9c13b1250d688394eb7c99956a994527cb56f4a77c86ed61ff1dbda:276:ALIAS:1,,,OFAC;経産省,Teif Tadbir Arya
NOOP_ALREADY_METI,tejaratpaydarofogh,TEJARAT PAYDAR OFOGH,217,SABERIN KISH COMPANY,ALIAS:2,217,"[""TEJARAT PAYDAR OFOGH""]",c632d657f9c13b1250d688394eb7c99956a994527cb56f4a77c86ed61ff1dbda:217:ALIAS:2,,,OFAC;経産省,Tejarat Paydar Ofogh
NOOP_ALREADY_METI,tejeratgostarnikaniraniancompany,Tejerat Gostar Nikan Iranian Company,203,Pouya Control,ALIAS:2,203,"[""Tejerat Gostar Nikan Iranian Company""]",c632d657f9c13b1250d688394eb7c99956a994527cb56f4a77c86ed61ff1dbda:203:ALIAS:2,,,OFAC;経産省,TEJERAT GOSTAR NIKAN IRANIAN COMPANY
NOOP_ALREADY_METI,tekoglobalvisionpvtltd,Teko Global Vision Pvt Ltd,697,Teko Global Vision Pvt Ltd,PRIMARY,697,"[""Teko Global Vision Pvt Ltd""]",c632d657f9c13b1250d688394eb7c99956a994527cb56f4a77c86ed61ff1dbda:697:PRIMARY,,,経産省,Teko Global Vision Pvt Ltd
NOOP_ALREADY_METI,telec,TELEC,698,TELEC Electronics & Machinery (Pvt) Ltd.,ALIAS:1,698,"[""TELEC""]",c632d657f9c13b1250d688394eb7c99956a994527cb56f4a77c86ed61ff1dbda:698:ALIAS:1,,,経産省,TELEC
NOOP_ALREADY_METI,telecelectronics&machinery(pvt)ltd.,TELEC Electronics & Machinery (Pvt) Ltd.,698,TELEC Electronics & Machinery (Pvt) Ltd.,PRIMARY,698,"[""TELEC Electronics & Machinery (Pvt) Ltd.""]",c632d657f9c13b1250d688394eb7c99956a994527cb56f4a77c86ed61ff1dbda:698:PRIMARY,,,経産省,TELEC Electronics & Machinery (Pvt) Ltd.
NOOP_ALREADY_METI,telemetryandtelecontrolresearchinstitute(cti)communication,"Communication, Telemetry and Telecontrol Research Institute (CTI)",515,China Electronics Technology Group Corporation (CETC) 54th Research Institute (中国電子科技集団公司第五十四研究所),ALIAS:2,515,"[""Communication, Telemetry and Telecontrol Research Institute (CTI)""]",c632d657f9c13b1250d688394eb7c99956a994527cb56f4a77c86ed61ff1dbda:515:ALIAS:2,,,経産省,"Communication, Telemetry and Telecontrol Research Institute (CTI)"
NOOP_ALREADY_METI,teminternationalfzc(tem),TEM International FZC（TEM）,31,TEM International FZC（TEM）,PRIMARY,31,"[""TEM International FZC（TEM）""]",c632d657f9c13b1250d688394eb7c99956a994527cb56f4a77c86ed61ff1dbda:31:PRIMARY,,,経産省,TEM International FZC (TEM)
NOOP_ALREADY_METI,temp-avia,TEMP-AVIA,822,"""Temp-Avia"" Arzamas Research and Production Association JSC",ALIAS:9,822,"[""TEMP-AVIA""]",c632d657f9c13b1250d688394eb7c99956a994527cb56f4a77c86ed61ff1dbda:822:ALIAS:9,,,経産省,TEMP-AVIA
READY_ADD,"temp-avia""arzamasresearchandproductionassociationjsc","""Temp-Avia"" Arzamas Research and Production Association JSC",822,"""Temp-Avia"" Arzamas Research and Production Association JSC",PRIMARY,822,"[""\""Temp-Avia\"" Arzamas Research and Production Association JSC""]",c632d657f9c13b1250d688394eb7c99956a994527cb56f4a77c86ed61ff1dbda:822:PRIMARY,,,,
NOOP_ALREADY_METI,terealindustryandtradelimited,Tereal Industry and Trade Limited,593,Tereal Industry and Trade Limited,PRIMARY,593,"[""Tereal Industry and Trade Limited""]",c632d657f9c13b1250d688394eb7c99956a994527cb56f4a77c86ed61ff1dbda:593:PRIMARY,,,OFAC;経産省,TEREAL INDUSTRY AND TRADE LIMITED
READY_TAG_EXISTING,tesa,TESA,122,Iran Centrifuge Technology Company,ALIAS:1,122,"[""TESA""]",c632d657f9c13b1250d688394eb7c99956a994527cb56f4a77c86ed61ff1dbda:122:ALIAS:1,,,OFAC,TESA
READY_ADD,teslahooshmandsazancompany,Tesla Hooshmand Sazan Company,289,Zagros Electronic,ALIAS:1,289,"[""Tesla Hooshmand Sazan Company""]",c632d657f9c13b1250d688394eb7c99956a994527cb56f4a77c86ed61ff1dbda:289:ALIAS:1,,,,
NOOP_ALREADY_METI,testtafsir,Test Tafsir,275,Test Tafsir,PRIMARY,275,"[""Test Tafsir""]",c632d657f9c13b1250d688394eb7c99956a994527cb56f4a77c86ed61ff1dbda:275:PRIMARY,,,経産省,Test Tafsir
NOOP_ALREADY_METI,teyftadbiraria,TEYF TADBIR ARIA,276,TEYF TADBIR ARYA ENGINEERING COMPANY,ALIAS:2,276,"[""TEYF TADBIR ARIA""]",c632d657f9c13b1250d688394eb7c99956a994527cb56f4a77c86ed61ff1dbda:276:ALIAS:2,,,OFAC;経産省,Teyf Tadbir Aria
READY_TAG_EXISTING,teyftadbiraryaengineeringcompany,TEYF TADBIR ARYA ENGINEERING COMPANY,276,TEYF TADBIR ARYA ENGINEERING COMPANY,PRIMARY,276,"[""TEYF TADBIR ARYA ENGINEERING COMPANY""]",c632d657f9c13b1250d688394eb7c99956a994527cb56f4a77c86ed61ff1dbda:276:PRIMARY,,,OFAC,TEYF TADBIR ARYA ENGINEERING COMPANY
READY_TAG_EXISTING,thaephyongsanshippingcoltd,Thaephyongsan Shipping Co Ltd,440,Thaephyongsan Shipping Co Ltd,PRIMARY,440,"[""Thaephyongsan Shipping Co Ltd""]",c632d657f9c13b1250d688394eb7c99956a994527cb56f4a77c86ed61ff1dbda:440:PRIMARY,,,OFAC,THAEPHYONGSAN SHIPPING CO LTD
READY_ADD,the28thinstitute,The 28th Institute,514,China Electronics Technology Group Corporation 28th Research Institute (CETC 28)（中国電子科技集団公司 第二十八研究所）,ALIAS:4,514,"[""The 28th Institute""]",c632d657f9c13b1250d688394eb7c99956a994527cb56f4a77c86ed61ff1dbda:514:ALIAS:4,,,,
READY_ADD,the28thresearchinstituteofchinaelectronicstechnologygroupcorporation,The 28th Research Institute of China Electronics Technology Group Corporation,514,China Electronics Technology Group Corporation 28th Research Institute (CETC 28)（中国電子科技集団公司 第二十八研究所）,ALIAS:1,514,"[""The 28th Research Institute of China Electronics Technology Group Corporation""]",c632d657f9c13b1250d688394eb7c99956a994527cb56f4a77c86ed61ff1dbda:514:ALIAS:1,,,,
NOOP_ALREADY_METI,thearmyoftheguardiansoftheislamicrevolution,The Army of the Guardians of the Islamic Revolution,138,Islamic Revolutionary Guard Corps (IRGC),ALIAS:13,138,"[""The Army of the Guardians of the Islamic Revolution""]",c632d657f9c13b1250d688394eb7c99956a994527cb56f4a77c86ed61ff1dbda:138:ALIAS:13,,,OFAC;経産省,THE ARMY OF THE GUARDIANS OF THE ISLAMIC REVOLUTION
READY_TAG_EXISTING,thebase,The Base,1,Al Qa'ida/Islamic Army,ALIAS:3,1,"[""The Base""]",c632d657f9c13b1250d688394eb7c99956a994527cb56f4a77c86ed61ff1dbda:1:ALIAS:3,,,OFAC;財務省,The Base
READY_TAG_EXISTING,thegroupforthepreservationoftheholysites,The Group for the Preservation of the Holy Sites,1,Al Qa'ida/Islamic Army,ALIAS:4,1,"[""The Group for the Preservation of the Holy Sites""]",c632d657f9c13b1250d688394eb7c99956a994527cb56f4a77c86ed61ff1dbda:1:ALIAS:4,,,OFAC;財務省,The Group for the Preservation of the Holy Sites
NOOP_ALREADY_METI,"theinstituteofappliedphysicsandcomputationalmathematics,beijing","The Institute of Applied Physics and Computational Mathematics, Beijing",519,Chinese Academy of Engineering Physics （中国工程物理研究院）,ALIAS:17,519,"[""The Institute of Applied Physics and Computational Mathematics, Beijing""]",c632d657f9c13b1250d688394eb7c99956a994527cb56f4a77c86ed61ff1dbda:519:ALIAS:17,,,経産省,"The Institute of Applied Physics and Computational Mathematics, Beijing"
NOOP_ALREADY_METI,theirancentrifugetechnologycompany,The Iran Centrifuge Technology Company,122,Iran Centrifuge Technology Company,ALIAS:2,122,"[""The Iran Centrifuge Technology Company""]",c632d657f9c13b1250d688394eb7c99956a994527cb56f4a77c86ed61ff1dbda:122:ALIAS:2,,,経産省,The Iran Centrifuge Technology Company
NOOP_ALREADY_METI,theiranianrevolutionaryguards,The Iranian Revolutionary Guards,138,Islamic Revolutionary Guard Corps (IRGC),ALIAS:14,138,"[""The Iranian Revolutionary Guards""]",c632d657f9c13b1250d688394eb7c99956a994527cb56f4a77c86ed61ff1dbda:138:ALIAS:14,,,OFAC;経産省,THE IRANIAN REVOLUTIONARY GUARDS
READY_TAG_EXISTING,theislamicarmyfortheliberationofholyplaces,The Islamic Army for the Liberation of Holy Places,1,Al Qa'ida/Islamic Army,ALIAS:5,1,"[""The Islamic Army for the Liberation of Holy Places""]",c632d657f9c13b1250d688394eb7c99956a994527cb56f4a77c86ed61ff1dbda:1:ALIAS:5,,,財務省,The Islamic Army for the Liberation of Holy Places
NOOP_ALREADY_METI,themetallurgyindustriesofkhorasan,The Metallurgy Industries of Khorasan,154,Khorasan Metallurgy Industries,ALIAS:5,154,"[""The Metallurgy Industries of Khorasan""]",c632d657f9c13b1250d688394eb7c99956a994527cb56f4a77c86ed61ff1dbda:154:ALIAS:5,,,OFAC;経産省,THE METALLURGY INDUSTRIES OF KHORASAN
NOOP_ALREADY_METI,thenirubatterycompany,The Niru Battery Company,180,Niru Battery Manufacturing Company,ALIAS:5,180,"[""The Niru Battery Company""]",c632d657f9c13b1250d688394eb7c99956a994527cb56f4a77c86ed61ff1dbda:180:ALIAS:5,,,OFAC;経産省,THE NIRU BATTERY COMPANY
NOOP_ALREADY_METI,therubincentraldesignbureauformarineengineering,The Rubin Central Design Bureau for Marine Engineering,823,TsKB MT Rubin,ALIAS:2,823,"[""The Rubin Central Design Bureau for Marine Engineering""]",c632d657f9c13b1250d688394eb7c99956a994527cb56f4a77c86ed61ff1dbda:823:ALIAS:2,,,経産省,The Rubin Central Design Bureau for Marine Engineering
READY_ADD,thesadidians,The Sadidians,699,The Sadidians,PRIMARY,699,"[""The Sadidians""]",c632d657f9c13b1250d688394eb7c99956a994527cb56f4a77c86ed61ff1dbda:699:PRIMARY,,,,
READY_TAG_EXISTING,theuralsplantoftransportengineering,the Urals Plant of Transport Engineering,774,Joint Stock Company Uraltransmash,ALIAS:3,774,"[""the Urals Plant of Transport Engineering""]",c632d657f9c13b1250d688394eb7c99956a994527cb56f4a77c86ed61ff1dbda:774:ALIAS:3,,,OFAC;財務省,the Urals Plant of Transport Engineering
NOOP_ALREADY_METI,theworldislamicfrontforjihadagainstjewsandcrusaders,The World Islamic Front for Jihad against Jews and Crusaders,1,Al Qa'ida/Islamic Army,ALIAS:6,1,"[""The World Islamic Front for Jihad against Jews and Crusaders""]",c632d657f9c13b1250d688394eb7c99956a994527cb56f4a77c86ed61ff1dbda:1:ALIAS:6,,,OFAC;経産省;財務省,The World Islamic Front for Jihad Against Jews and Crusaders
NOOP_ALREADY_METI,thirdfloor,Third Floor,403,Office 39,ALIAS:6,403,"[""Third Floor""]",c632d657f9c13b1250d688394eb7c99956a994527cb56f4a77c86ed61ff1dbda:403:ALIAS:6,,,OFAC;経産省;財務省,THIRD FLOOR
NOOP_ALREADY_METI,thxaviation,THX Aviation,538,"Guangzhou Tian-Hai-Xiang Aviation Technology Co., Ltd. （広州天海翔航空科技有限公司）",ALIAS:2,538,"[""THX Aviation""]",c632d657f9c13b1250d688394eb7c99956a994527cb56f4a77c86ed61ff1dbda:538:ALIAS:2,,,経産省,THX Aviation
NOOP_ALREADY_METI,"tianjinhanextechnologyco.,ltd","Tianjin Hanex Technology Co., Ltd",697,Teko Global Vision Pvt Ltd,ALIAS:1,697,"[""Tianjin Hanex Technology Co., Ltd""]",c632d657f9c13b1250d688394eb7c99956a994527cb56f4a77c86ed61ff1dbda:697:ALIAS:1,,,経産省,"Tianjin Hanex Technology Co., Ltd"
READY_ADD,"tianniaohightechnologyco.,ltd.(江蘇天鳥高新技術有限責任公司)","Tianniao High Technology Co., Ltd. （江蘇天鳥高新技術有限責任公司）",594,"Tianniao High Technology Co., Ltd. （江蘇天鳥高新技術有限責任公司）",PRIMARY,594,"[""Tianniao High Technology Co., Ltd. （江蘇天鳥高新技術有限責任公司）""]",c632d657f9c13b1250d688394eb7c99956a994527cb56f4a77c86ed61ff1dbda:594:PRIMARY,,,,
NOOP_ALREADY_METI,tidewater,Tidewater,277,Tidewater Middle East Co.,ALIAS:3,277,"[""Tidewater""]",c632d657f9c13b1250d688394eb7c99956a994527cb56f4a77c86ed61ff1dbda:277:ALIAS:3,,,経産省,Tidewater
NOOP_ALREADY_METI,tidewaterco.(middleeastmarineservices),Tidewater Co. (Middle east marine services),277,Tidewater Middle East Co.,ALIAS:4,277,"[""Tidewater Co. (Middle east marine services)""]",c632d657f9c13b1250d688394eb7c99956a994527cb56f4a77c86ed61ff1dbda:277:ALIAS:4,,,OFAC;経産省,Tidewater Co. (Middle east marine services)
NOOP_ALREADY_METI,tidewatercompany,Tide Water Company,277,Tidewater Middle East Co.,ALIAS:1,277,"[""Tide Water Company""]",c632d657f9c13b1250d688394eb7c99956a994527cb56f4a77c86ed61ff1dbda:277:ALIAS:1,,,OFAC;経産省,TIDE WATER COMPANY
NOOP_ALREADY_METI,tidewatermiddleeastco.,Tidewater Middle East Co.,277,Tidewater Middle East Co.,PRIMARY,277,"[""Tidewater Middle East Co.""]",c632d657f9c13b1250d688394eb7c99956a994527cb56f4a77c86ed61ff1dbda:277:PRIMARY,,,OFAC;経産省,TIDEWATER MIDDLE EAST CO.
NOOP_ALREADY_METI,tidewatermiddleeastmarineservice,Tide water middle east marine service,277,Tidewater Middle East Co.,ALIAS:2,277,"[""Tide water middle east marine service""]",c632d657f9c13b1250d688394eb7c99956a994527cb56f4a77c86ed61ff1dbda:277:ALIAS:2,,,OFAC;経産省,TIDE WATER MIDDLE EAST MARINE SERVICE
NOOP_ALREADY_METI,time&tune,Time & Tune,700,Time & Tune,PRIMARY,700,"[""Time & Tune""]",c632d657f9c13b1250d688394eb7c99956a994527cb56f4a77c86ed61ff1dbda:700:PRIMARY,,,経産省,Time & Tune
READY_TAG_EXISTING,titandesignbureau,Titan Design Bureau,763,Joint Stock Company Federal Scientific and Production Center Titan-Barrikady,ALIAS:2,763,"[""Titan Design Bureau""]",c632d657f9c13b1250d688394eb7c99956a994527cb56f4a77c86ed61ff1dbda:763:ALIAS:2,,,OFAC;財務省,TITAN DESIGN BUREAU
NOOP_ALREADY_METI,tivadarya,Tiva Darya,278,Tiva Darya,PRIMARY,278,"[""Tiva Darya""]",c632d657f9c13b1250d688394eb7c99956a994527cb56f4a77c86ed61ff1dbda:278:PRIMARY,,,OFAC;経産省,TIVA DARYA
NOOP_ALREADY_METI,tivagroup,Tiva Group,281,Tiva Sanat Group,ALIAS:1,281,"[""Tiva Group""]",c632d657f9c13b1250d688394eb7c99956a994527cb56f4a77c86ed61ff1dbda:281:ALIAS:1,,,OFAC;経産省,TIVA GROUP
NOOP_ALREADY_METI,tivagroupindustries,Tiva Group Industries,281,Tiva Sanat Group,ALIAS:2,281,"[""Tiva Group Industries""]",c632d657f9c13b1250d688394eb7c99956a994527cb56f4a77c86ed61ff1dbda:281:ALIAS:2,,,OFAC;経産省,TIVA GROUP INDUSTRIES
NOOP_ALREADY_METI,tivakaraco.ltd.,Tiva Kara Co. Ltd.,279,Tiva Kara Co. Ltd.,PRIMARY,279,"[""Tiva Kara Co. Ltd.""]",c632d657f9c13b1250d688394eb7c99956a994527cb56f4a77c86ed61ff1dbda:279:PRIMARY,,,OFAC;経産省,TIVA KARA CO. LTD.
NOOP_ALREADY_METI,tivakaragroup,Tiva Kara Group,279,Tiva Kara Co. Ltd.,ALIAS:1,279,"[""Tiva Kara Group""]",c632d657f9c13b1250d688394eb7c99956a994527cb56f4a77c86ed61ff1dbda:279:ALIAS:1,,,OFAC;経産省,TIVA KARA GROUP
NOOP_ALREADY_METI,tivapolymerco.,Tiva Polymer Co.,280,Tiva Polymer Co.,PRIMARY,280,"[""Tiva Polymer Co.""]",c632d657f9c13b1250d688394eb7c99956a994527cb56f4a77c86ed61ff1dbda:280:PRIMARY,,,OFAC;経産省,TIVA POLYMER CO.
NOOP_ALREADY_METI,tivasanatgroup,Tiva Sanat Group,281,Tiva Sanat Group,PRIMARY,281,"[""Tiva Sanat Group""]",c632d657f9c13b1250d688394eb7c99956a994527cb56f4a77c86ed61ff1dbda:281:PRIMARY,,,OFAC;経産省,TIVA SANAT GROUP
NOOP_ALREADY_METI,tivasanatshipbuildingcompany,Tiva Sanat Shipbuilding Company,281,Tiva Sanat Group,ALIAS:3,281,"[""Tiva Sanat Shipbuilding Company""]",c632d657f9c13b1250d688394eb7c99956a994527cb56f4a77c86ed61ff1dbda:281:ALIAS:3,,,OFAC;経産省,TIVA SANAT SHIPBUILDING COMPANY
NOOP_ALREADY_METI,tizpars,Tiz Pars,240,Shahid Hemmat Industrial Group (SHIG),ALIAS:4,240,"[""Tiz Pars""]",c632d657f9c13b1250d688394eb7c99956a994527cb56f4a77c86ed61ff1dbda:240:ALIAS:4,,,経産省;財務省,TIZ PARS
NOOP_ALREADY_METI,tmbdbsoyuzpjsc,TMBDB SoyuZ PJSC,825,Turayev Machine Building Design Bureau Soyuz,ALIAS:1,825,"[""TMBDB SoyuZ PJSC""]",c632d657f9c13b1250d688394eb7c99956a994527cb56f4a77c86ed61ff1dbda:825:ALIAS:1,,,経産省,TMBDB SoyuZ PJSC
READY_TAG_EXISTING,tochmash,Tochmash,768,Joint Stock Company Precision Engineering Design Bureau named after A.E. Nudelman,ALIAS:6,768,"[""Tochmash""]",c632d657f9c13b1250d688394eb7c99956a994527cb56f4a77c86ed61ff1dbda:768:ALIAS:6,,,外務省;財務省,Tochmash
NOOP_ALREADY_METI,tongbangbank,Tongbang Bank,302,Bank of East Land,ALIAS:2,302,"[""Tongbang Bank""]",c632d657f9c13b1250d688394eb7c99956a994527cb56f4a77c86ed61ff1dbda:302:ALIAS:2,,,OFAC;経産省;財務省,TONGBANG BANK
NOOP_ALREADY_METI,tongbangu'nhaeng,Tongbang U'Nhaeng,302,Bank of East Land,ALIAS:3,302,"[""Tongbang U'Nhaeng""]",c632d657f9c13b1250d688394eb7c99956a994527cb56f4a77c86ed61ff1dbda:302:ALIAS:3,,,OFAC;経産省;財務省,Tongbang U'Nhaeng
NOOP_ALREADY_METI,tonghungsanshippingcompanylimited,Tonghungsan Shipping Company Limited,305,Chongchongang Shipping Company (清川江号),ALIAS:3,305,"[""Tonghungsan Shipping Company Limited""]",c632d657f9c13b1250d688394eb7c99956a994527cb56f4a77c86ed61ff1dbda:305:ALIAS:3,,,経産省,Tonghungsan Shipping Company Limited
READY_TAG_EXISTING,toptechnologiessarl,TOP TECHNOLOGIES SARL,734,TOP TECHNOLOGIES SARL,PRIMARY,734,"[""TOP TECHNOLOGIES SARL""]",c632d657f9c13b1250d688394eb7c99956a994527cb56f4a77c86ed61ff1dbda:734:PRIMARY,,,OFAC,TOP TECHNOLOGIES SARL
READY_TAG_EXISTING,tose'emobadlatbazarganibeynolmelalirahroshd,TOSE'E MOBADLAT BAZARGANI BEYN OLMELALI RAH ROSHD,209,RAH ROSHD INTERNATIONAL TRADE EXCHANGES DEVELOPMENT,ALIAS:4,209,"[""TOSE'E MOBADLAT BAZARGANI BEYN OLMELALI RAH ROSHD""]",c632d657f9c13b1250d688394eb7c99956a994527cb56f4a77c86ed61ff1dbda:209:ALIAS:4,,,OFAC,Tose'e Mobadlat Bazargani Beyn Olmelali Rah Roshd
READY_ADD,tosongtechnologytradingcorporation(土星技術貿易会社),Tosong Technology Trading Corporation (土星技術貿易会社),441,Tosong Technology Trading Corporation (土星技術貿易会社),PRIMARY,441,"[""Tosong Technology Trading Corporation (土星技術貿易会社)""]",c632d657f9c13b1250d688394eb7c99956a994527cb56f4a77c86ed61ff1dbda:441:PRIMARY,,,,
READY_TAG_EXISTING,towlidabzarboreshiiran,TOWLID ABZAR BORESHI IRAN,267,TOWLID ABZAR BORESHI IRAN,PRIMARY,267,"[""TOWLID ABZAR BORESHI IRAN""]",c632d657f9c13b1250d688394eb7c99956a994527cb56f4a77c86ed61ff1dbda:267:PRIMARY,,,OFAC,TOWLID ABZAR BORESHI IRAN
NOOP_ALREADY_METI,tritoneducationalequipment&consultancyco.,Triton Educational Equipment & Consultancy Co.,701,Triton Educational Equipment & Consultancy Co.,PRIMARY,701,"[""Triton Educational Equipment & Consultancy Co.""]",c632d657f9c13b1250d688394eb7c99956a994527cb56f4a77c86ed61ff1dbda:701:PRIMARY,,,経産省,Triton Educational Equipment & Consultancy Co.
HOLD_WEAK_ALIAS,tsa,TSA,122,Iran Centrifuge Technology Company,ALIAS:3,122,"[""TSA""]",c632d657f9c13b1250d688394eb7c99956a994527cb56f4a77c86ed61ff1dbda:122:ALIAS:3,3文字と短く、照合時に誤検知が多発する見込み（TSA）,,,
NOOP_ALREADY_METI,tsco.,TS CO.,270,TAMIN KALAYE SABZ ARAS COMPANY,ALIAS:5,270,"[""TS CO.""]",c632d657f9c13b1250d688394eb7c99956a994527cb56f4a77c86ed61ff1dbda:270:ALIAS:5,,,OFAC;経産省,TS CO.
NOOP_ALREADY_METI,tscompany,TS COMPANY,270,TAMIN KALAYE SABZ ARAS COMPANY,ALIAS:6,270,"[""TS COMPANY""]",c632d657f9c13b1250d688394eb7c99956a994527cb56f4a77c86ed61ff1dbda:270:ALIAS:6,,,OFAC;経産省,TS Company
NOOP_ALREADY_METI,tsentralnoekonstruktorskoebyuromorskoitekhnikirubin,Tsentralnoe Konstruktorskoe Byuro Morskoi Tekhniki Rubin,823,TsKB MT Rubin,ALIAS:1,823,"[""Tsentralnoe Konstruktorskoe Byuro Morskoi Tekhniki Rubin""]",c632d657f9c13b1250d688394eb7c99956a994527cb56f4a77c86ed61ff1dbda:823:ALIAS:1,,,経産省,Tsentralnoe Konstruktorskoe Byuro Morskoi Tekhniki Rubin
NOOP_ALREADY_METI,tskbmtrubin,TsKB MT Rubin,823,TsKB MT Rubin,PRIMARY,823,"[""TsKB MT Rubin""]",c632d657f9c13b1250d688394eb7c99956a994527cb56f4a77c86ed61ff1dbda:823:PRIMARY,,,経産省,TsKB MT Rubin
READY_TAG_EXISTING,tupolevjsc,Tupolev JSC,824,Tupolev JSC,PRIMARY,824,"[""Tupolev JSC""]",c632d657f9c13b1250d688394eb7c99956a994527cb56f4a77c86ed61ff1dbda:824:PRIMARY,,,OFAC;財務省,Tupolev JSC
NOOP_ALREADY_METI,turayevmachinebuildingdesignbureausoyuz,Turayev Machine Building Design Bureau Soyuz,825,Turayev Machine Building Design Bureau Soyuz,PRIMARY,825,"[""Turayev Machine Building Design Bureau Soyuz""]",c632d657f9c13b1250d688394eb7c99956a994527cb56f4a77c86ed61ff1dbda:825:PRIMARY,,,経産省,Turayev Machine Building Design Bureau Soyuz
NOOP_ALREADY_METI,turbineengineeringmanufacturingindustries,Turbine Engineering Manufacturing Industries,79,Design and Manufacturing of Aero-Engine Company,ALIAS:4,79,"[""Turbine Engineering Manufacturing Industries""]",c632d657f9c13b1250d688394eb7c99956a994527cb56f4a77c86ed61ff1dbda:79:ALIAS:4,,,経産省,Turbine Engineering Manufacturing Industries
NOOP_ALREADY_METI,ucbarcade,UCB Arcade,608,Allied Trading Co.,ALIAS:2,608,"[""UCB Arcade""]",c632d657f9c13b1250d688394eb7c99956a994527cb56f4a77c86ed61ff1dbda:608:ALIAS:2,,,経産省,UCB Arcade
NOOP_ALREADY_METI,uec(pvt.)ltd.,UEC (Pvt.) Ltd.,702,UEC (Pvt.) Ltd.,PRIMARY,702,"[""UEC (Pvt.) Ltd.""]",c632d657f9c13b1250d688394eb7c99956a994527cb56f4a77c86ed61ff1dbda:702:PRIMARY,,,経産省,UEC (Pvt.) Ltd.
READY_TAG_EXISTING,uec-saturn,UEC-Saturn,826,UEC-Saturn,PRIMARY,826,"[""UEC-Saturn""]",c632d657f9c13b1250d688394eb7c99956a994527cb56f4a77c86ed61ff1dbda:826:PRIMARY,,,OFAC;財務省,UEC-Saturn
READY_ADD,uec-ufamotor-buildingmanufacturingassociation,UEC-Ufa Motor-Building Manufacturing Association,802,Public Joint Stock Company UEC-Ufa Engine Industrial Association,ALIAS:8,802,"[""UEC-Ufa Motor-Building Manufacturing Association""]",c632d657f9c13b1250d688394eb7c99956a994527cb56f4a77c86ed61ff1dbda:802:ALIAS:8,,,,
READY_ADD,uec-umpo,UEC-UMPO,802,Public Joint Stock Company UEC-Ufa Engine Industrial Association,ALIAS:14,802,"[""UEC-UMPO""]",c632d657f9c13b1250d688394eb7c99956a994527cb56f4a77c86ed61ff1dbda:802:ALIAS:14,,,,
READY_TAG_EXISTING,ufaengine-manufacturingcompany,Ufa Engine-Manufacturing Company,802,Public Joint Stock Company UEC-Ufa Engine Industrial Association,ALIAS:10,802,"[""Ufa Engine-Manufacturing Company""]",c632d657f9c13b1250d688394eb7c99956a994527cb56f4a77c86ed61ff1dbda:802:ALIAS:10,,,OFAC;財務省,Ufa Engine-Manufacturing Company
READY_TAG_EXISTING,ufaenginebuildingmanufacturingcompany,Ufa Engine Building Manufacturing Company,802,Public Joint Stock Company UEC-Ufa Engine Industrial Association,ALIAS:13,802,"[""Ufa Engine Building Manufacturing Company""]",c632d657f9c13b1250d688394eb7c99956a994527cb56f4a77c86ed61ff1dbda:802:ALIAS:13,,,OFAC;財務省,Ufa Engine Building Manufacturing Company
NOOP_ALREADY_METI,ummahtameere-nau(utn),Ummah Tameer E-Nau (UTN),2,Ummah Tameer E-Nau (UTN),PRIMARY,2,"[""Ummah Tameer E-Nau (UTN)""]",c632d657f9c13b1250d688394eb7c99956a994527cb56f4a77c86ed61ff1dbda:2:PRIMARY,,,経産省;財務省,UMMAH TAMEER E-NAU (UTN)
NOOP_ALREADY_METI,ummahtameeri-nau,UMMAH TAMEER I-NAU,2,Ummah Tameer E-Nau (UTN),ALIAS:6,2,"[""UMMAH TAMEER I-NAU""]",c632d657f9c13b1250d688394eb7c99956a994527cb56f4a77c86ed61ff1dbda:2:ALIAS:6,,,OFAC;経産省,UMMAH TAMEER I-NAU
NOOP_ALREADY_METI,ummahtamire-nau,UMMAH TAMIR E-NAU,2,Ummah Tameer E-Nau (UTN),ALIAS:7,2,"[""UMMAH TAMIR E-NAU""]",c632d657f9c13b1250d688394eb7c99956a994527cb56f4a77c86ed61ff1dbda:2:ALIAS:7,,,OFAC;経産省,UMMAH TAMIR E-NAU
NOOP_ALREADY_METI,ummahtamiri-nau,UMMAH TAMIR I-NAU,2,Ummah Tameer E-Nau (UTN),ALIAS:8,2,"[""UMMAH TAMIR I-NAU""]",c632d657f9c13b1250d688394eb7c99956a994527cb56f4a77c86ed61ff1dbda:2:ALIAS:8,,,OFAC;経産省,UMMAH TAMIR I-NAU
NOOP_ALREADY_METI,ummattamir-i-pau,UMMAT TAMIR-I-PAU,2,Ummah Tameer E-Nau (UTN),ALIAS:10,2,"[""UMMAT TAMIR-I-PAU""]",c632d657f9c13b1250d688394eb7c99956a994527cb56f4a77c86ed61ff1dbda:2:ALIAS:10,,,OFAC;経産省,UMMAT TAMIR-I-PAU
NOOP_ALREADY_METI,ummattamire-nau,UMMAT TAMIR E-NAU,2,Ummah Tameer E-Nau (UTN),ALIAS:9,2,"[""UMMAT TAMIR E-NAU""]",c632d657f9c13b1250d688394eb7c99956a994527cb56f4a77c86ed61ff1dbda:2:ALIAS:9,,,OFAC;経産省,UMMAT TAMIR E-NAU
NOOP_ALREADY_METI,unchentradingcorp.,UNCHEN TRADING CORP.,442,UNCHON TRADING CORPORATION,ALIAS:1,442,"[""UNCHEN TRADING CORP.""]",c632d657f9c13b1250d688394eb7c99956a994527cb56f4a77c86ed61ff1dbda:442:ALIAS:1,,,OFAC;経産省;財務省,UNCHEN TRADING CORP.
NOOP_ALREADY_METI,unchontradingcorp.,UNCHON TRADING CORP.,442,UNCHON TRADING CORPORATION,ALIAS:2,442,"[""UNCHON TRADING CORP.""]",c632d657f9c13b1250d688394eb7c99956a994527cb56f4a77c86ed61ff1dbda:442:ALIAS:2,,,OFAC;経産省;財務省,UNCHON TRADING CORP.
READY_TAG_EXISTING,unchontradingcorporation,UNCHON TRADING CORPORATION,442,UNCHON TRADING CORPORATION,PRIMARY,442,"[""UNCHON TRADING CORPORATION""]",c632d657f9c13b1250d688394eb7c99956a994527cb56f4a77c86ed61ff1dbda:442:PRIMARY,,,OFAC;財務省,Unchon Trading Corporation
READY_ADD,undokchemicalfactory(恩徳化学工場),Undok Chemical Factory (恩徳化学工場),443,Undok Chemical Factory (恩徳化学工場),PRIMARY,443,"[""Undok Chemical Factory (恩徳化学工場)""]",c632d657f9c13b1250d688394eb7c99956a994527cb56f4a77c86ed61ff1dbda:443:PRIMARY,,,,
NOOP_ALREADY_METI,unitedenginecorporation,United Engine Corporation,827,United Engine Corporation,PRIMARY,827,"[""United Engine Corporation""]",c632d657f9c13b1250d688394eb7c99956a994527cb56f4a77c86ed61ff1dbda:827:PRIMARY,,,経産省,United Engine Corporation
READY_TAG_EXISTING,unitedenginemanufacturingcorporation-ufaenginebuildingproductionassociationpublicjointstockcorporation,United Engine Manufacturing Corporation-Ufa Engine Building Production Association Public Joint Stock Corporation,802,Public Joint Stock Company UEC-Ufa Engine Industrial Association,ALIAS:7,802,"[""United Engine Manufacturing Corporation-Ufa Engine Building Production Association Public Joint Stock Corporation""]",c632d657f9c13b1250d688394eb7c99956a994527cb56f4a77c86ed61ff1dbda:802:ALIAS:7,,,OFAC;財務省,United Engine Manufacturing Corporation-Ufa Engine Building Production Association Public Joint Stock Corporation
NOOP_ALREADY_METI,unitedinstrumentmanufacturingcorporation,United Instrument Manufacturing Corporation,828,United Instrument Manufacturing Corporation,PRIMARY,828,"[""United Instrument Manufacturing Corporation""]",c632d657f9c13b1250d688394eb7c99956a994527cb56f4a77c86ed61ff1dbda:828:PRIMARY,,,OFAC;経産省,United Instrument Manufacturing Corporation
READY_TAG_EXISTING,unitedshipbuildingcorporation,United Shipbuilding Corporation,829,United Shipbuilding Corporation,PRIMARY,829,"[""United Shipbuilding Corporation""]",c632d657f9c13b1250d688394eb7c99956a994527cb56f4a77c86ed61ff1dbda:829:PRIMARY,,,OFAC;外務省,United Shipbuilding Corporation
NOOP_ALREADY_METI,"unitedshipbuildingcorporation""productionassociationnorthernmachinebuildingenterprise",United Shipbuilding Corporation “Production Association Northern Machine Building Enterprise”,831,United Shipbuilding Corporation “Production Association Northern Machine Building Enterprise”,PRIMARY,831,"[""United Shipbuilding Corporation “Production Association Northern Machine Building Enterprise”""]",c632d657f9c13b1250d688394eb7c99956a994527cb56f4a77c86ed61ff1dbda:831:PRIMARY,,,経産省,United Shipbuilding Corporation “Production Association Northern Machine Building Enterprise”
READY_TAG_EXISTING,unitedshipbuildingcorporationjointstockcompany,United Shipbuilding Corporation Joint Stock Company,829,United Shipbuilding Corporation,ALIAS:3,829,"[""United Shipbuilding Corporation Joint Stock Company""]",c632d657f9c13b1250d688394eb7c99956a994527cb56f4a77c86ed61ff1dbda:829:ALIAS:3,,,外務省,United Shipbuilding Corporation Joint Stock Company
NOOP_ALREADY_METI,"unitedshipbuildingcorporationjsc""sc""zvyozdochka","United Shipbuilding Corporation JSC ""SC ""Zvyozdochka""",830,"United Shipbuilding Corporation JSC ""SC ""Zvyozdochka""",PRIMARY,830,"[""United Shipbuilding Corporation JSC \""SC \""Zvyozdochka\""""]",c632d657f9c13b1250d688394eb7c99956a994527cb56f4a77c86ed61ff1dbda:830:PRIMARY,,,経産省,United Shipbuilding Corporation JSC “SC “Zvyozdochka”
NOOP_ALREADY_METI,universaltoolingservices,Universal Tooling Services,703,Universal Tooling Services,PRIMARY,703,"[""Universal Tooling Services""]",c632d657f9c13b1250d688394eb7c99956a994527cb56f4a77c86ed61ff1dbda:703:PRIMARY,,,経産省,Universal Tooling Services
READY_ADD,universityofchemicalindustry(化学工業大学),University of Chemical Industry (化学工業大学),444,University of Chemical Industry (化学工業大学),PRIMARY,444,"[""University of Chemical Industry (化学工業大学)""]",c632d657f9c13b1250d688394eb7c99956a994527cb56f4a77c86ed61ff1dbda:444:PRIMARY,,,,
READY_ADD,universityofelectronicscienceandtechnologyofchina(uestc)(電子科技大学),University of Electronic Science and Technology of China (UESTC) (電子科技大学),595,University of Electronic Science and Technology of China (UESTC) (電子科技大学),PRIMARY,595,"[""University of Electronic Science and Technology of China (UESTC) (電子科技大学)""]",c632d657f9c13b1250d688394eb7c99956a994527cb56f4a77c86ed61ff1dbda:595:PRIMARY,,,,
NOOP_ALREADY_METI,universityofelm-o-sanat,University of Elm-o-Sanat,132,Iran University of Science and Technology (IUST),ALIAS:2,132,"[""University of Elm-o-Sanat""]",c632d657f9c13b1250d688394eb7c99956a994527cb56f4a77c86ed61ff1dbda:132:ALIAS:2,,,経産省,University of Elm-o-Sanat
NOOP_ALREADY_METI,universityofimamhoseyn,University of Imam Hoseyn,116,Imam Hossein University (IHU),ALIAS:6,116,"[""University of Imam Hoseyn""]",c632d657f9c13b1250d688394eb7c99956a994527cb56f4a77c86ed61ff1dbda:116:ALIAS:6,,,OFAC;経産省,UNIVERSITY OF IMAM HOSEYN
NOOP_ALREADY_METI,universityoftehran,University of Tehran,282,University of Tehran,PRIMARY,282,"[""University of Tehran""]",c632d657f9c13b1250d688394eb7c99956a994527cb56f4a77c86ed61ff1dbda:282:PRIMARY,,,経産省,University of Tehran
NOOP_ALREADY_METI,unsan,Unsan,369,Korea Ryonha Machinery Joint Venture Corporation (朝鮮蓮河機械合営会社),ALIAS:14,369,"[""Unsan""]",c632d657f9c13b1250d688394eb7c99956a994527cb56f4a77c86ed61ff1dbda:369:ALIAS:14,,,経産省,Unsan
NOOP_ALREADY_METI,unsansolidtools,Unsan Solid Tools,369,Korea Ryonha Machinery Joint Venture Corporation (朝鮮蓮河機械合営会社),ALIAS:15,369,"[""Unsan Solid Tools""]",c632d657f9c13b1250d688394eb7c99956a994527cb56f4a77c86ed61ff1dbda:369:ALIAS:15,,,経産省,Unsan Solid Tools
READY_TAG_EXISTING,"uomzmeizhouco.,ltd","UOMZ MEIZHOU CO., LTD",583,Shvabe Opto-Electronics Co. LTD,ALIAS:2,583,"[""UOMZ MEIZHOU CO., LTD""]",c632d657f9c13b1250d688394eb7c99956a994527cb56f4a77c86ed61ff1dbda:583:ALIAS:2,,,OFAC,"UOMZ MEIZHOU CO., LTD"
NOOP_ALREADY_METI,uralresearchinstituteofcompositematerials,Ural Research Institute of Composite Materials,832,Ural Research Institute of Composite Materials,PRIMARY,832,"[""Ural Research Institute of Composite Materials""]",c632d657f9c13b1250d688394eb7c99956a994527cb56f4a77c86ed61ff1dbda:832:PRIMARY,,,経産省,Ural Research Institute of Composite Materials
NOOP_ALREADY_METI,uralscientificresearchinstituteforcompositematerials,Ural Scientific Research Institute for Composite Materials,832,Ural Research Institute of Composite Materials,ALIAS:1,832,"[""Ural Scientific Research Institute for Composite Materials""]",c632d657f9c13b1250d688394eb7c99956a994527cb56f4a77c86ed61ff1dbda:832:ALIAS:1,,,経産省,Ural Scientific Research Institute for Composite Materials
READY_TAG_EXISTING,uralsplantoftransportationmachineryjointstockcompany,Urals Plant of Transportation Machinery Joint Stock Company,774,Joint Stock Company Uraltransmash,ALIAS:1,774,"[""Urals Plant of Transportation Machinery Joint Stock Company""]",c632d657f9c13b1250d688394eb7c99956a994527cb56f4a77c86ed61ff1dbda:774:ALIAS:1,,,OFAC;財務省,Urals Plant of Transportation Machinery Joint Stock Company
READY_TAG_EXISTING,uralvagonzavod,Uralvagonzavod,833,Uralvagonzavod,PRIMARY,833,"[""Uralvagonzavod""]",c632d657f9c13b1250d688394eb7c99956a994527cb56f4a77c86ed61ff1dbda:833:PRIMARY,,,外務省,Uralvagonzavod
READY_TAG_EXISTING,uralvagonzavodcorporation,Uralvagonzavod Corporation,833,Uralvagonzavod,ALIAS:7,833,"[""Uralvagonzavod Corporation""]",c632d657f9c13b1250d688394eb7c99956a994527cb56f4a77c86ed61ff1dbda:833:ALIAS:7,,,OFAC;外務省,Uralvagonzavod Corporation
READY_TAG_EXISTING,usamabinladennetwork,Usama Bin Laden Network,1,Al Qa'ida/Islamic Army,ALIAS:7,1,"[""Usama Bin Laden Network""]",c632d657f9c13b1250d688394eb7c99956a994527cb56f4a77c86ed61ff1dbda:1:ALIAS:7,,,OFAC;財務省,Usama Bin Laden Network
NOOP_ALREADY_METI,usamabinladenorganisation,Usama Bin Laden Organisation,1,Al Qa'ida/Islamic Army,ALIAS:8,1,"[""Usama Bin Laden Organisation""]",c632d657f9c13b1250d688394eb7c99956a994527cb56f4a77c86ed61ff1dbda:1:ALIAS:8,,,経産省,Usama Bin Laden Organisation
HOLD_WEAK_ALIAS,uvz,UVZ,833,Uralvagonzavod,ALIAS:8,833,"[""UVZ""]",c632d657f9c13b1250d688394eb7c99956a994527cb56f4a77c86ed61ff1dbda:833:ALIAS:8,3文字と短く、照合時に誤検知が多発する見込み（UVZ）,,外務省,UVZ
NOOP_ALREADY_METI,vacuumkaran,Vacuum Karan,190,Pars Amayesh Sanaat Kish,ALIAS:2,190,"[""Vacuum Karan"",""Vacuumkaran""]",c632d657f9c13b1250d688394eb7c99956a994527cb56f4a77c86ed61ff1dbda:190:ALIAS:2;c632d657f9c13b1250d688394eb7c99956a994527cb56f4a77c86ed61ff1dbda:190:ALIAS:4,,,OFAC;経産省,VACUUMKARAN
NOOP_ALREADY_METI,vacuumkaranco.,Vacuum Karan Co.,190,Pars Amayesh Sanaat Kish,ALIAS:3,190,"[""Vacuum Karan Co.""]",c632d657f9c13b1250d688394eb7c99956a994527cb56f4a77c86ed61ff1dbda:190:ALIAS:3,,,OFAC;経産省,Vacuum Karan Co.
NOOP_ALREADY_METI,value-addedserviceslaboratory(vasl),Value-Added Services Laboratory (VASL),283,Value-Added Services Laboratory (VASL),PRIMARY,283,"[""Value-Added Services Laboratory (VASL)""]",c632d657f9c13b1250d688394eb7c99956a994527cb56f4a77c86ed61ff1dbda:283:PRIMARY,,,経産省,Value-Added Services Laboratory (VASL)
NOOP_ALREADY_METI,valueadditions(pvt)limited.,Value Additions (Pvt) Limited.,704,Value Additions (Pvt) Limited.,PRIMARY,704,"[""Value Additions (Pvt) Limited.""]",c632d657f9c13b1250d688394eb7c99956a994527cb56f4a77c86ed61ff1dbda:704:PRIMARY,,,経産省,Value Additions (Pvt) Limited.
NOOP_ALREADY_METI,vezarat-edefavaposhtybani-eniru-hayemosallah,VEZARAT-E DEFA VA POSHTYBANI-E NIRU-HAYE MOSALLAH,167,Ministry of Defense and Armed Forces Logistics (MODAFL),ALIAS:8,167,"[""VEZARAT-E DEFA VA POSHTYBANI-E NIRU-HAYE MOSALLAH""]",c632d657f9c13b1250d688394eb7c99956a994527cb56f4a77c86ed61ff1dbda:167:ALIAS:8,,,OFAC;経産省,VEZARAT-E DEFA VA POSHTYBANI-E NIRU-HAYE MOSALLAH
NOOP_ALREADY_METI,vezaratedefa,VEZARATE DEFA,167,Ministry of Defense and Armed Forces Logistics (MODAFL),ALIAS:7,167,"[""VEZARATE DEFA""]",c632d657f9c13b1250d688394eb7c99956a994527cb56f4a77c86ed61ff1dbda:167:ALIAS:7,,,OFAC;経産省,Vezarate Defa
NOOP_ALREADY_METI,vibesinternationalincsarl,Vibes International Inc Sarl,735,Vibes International Inc Sarl,PRIMARY,735,"[""Vibes International Inc Sarl""]",c632d657f9c13b1250d688394eb7c99956a994527cb56f4a77c86ed61ff1dbda:735:PRIMARY,,,経産省,Vibes International Inc Sarl
NOOP_ALREADY_METI,voenno-promyshlennayakorporatsiyanauchno-proizvodstvennoeobedineniemashinostroeniyaoao,Voenno-Promyshlennaya Korporatsiya Nauchno- Proizvodstvennoe Obedinenie Mashinostroeniya OAO,787,"""Military Industrial Corporation NPO Mashinostroenia"" JSC",ALIAS:7,787,"[""Voenno-Promyshlennaya Korporatsiya Nauchno- Proizvodstvennoe Obedinenie Mashinostroeniya OAO""]",c632d657f9c13b1250d688394eb7c99956a994527cb56f4a77c86ed61ff1dbda:787:ALIAS:7,,,OFAC;経産省;財務省,Voenno-Promyshlennaya Korporatsiya Nauchno-Proizvodstvennoe Obedinenie Mashinostroeniya OAO
READY_TAG_EXISTING,vpknpomashinostroeniya,VPK NPO Mashinostroeniya,787,"""Military Industrial Corporation NPO Mashinostroenia"" JSC",ALIAS:8,787,"[""VPK NPO Mashinostroeniya""]",c632d657f9c13b1250d688394eb7c99956a994527cb56f4a77c86ed61ff1dbda:787:ALIAS:8,,,OFAC;財務省,VPK NPO Mashinostroeniya
READY_ADD,"vympel""stateengineeringdesignbureaujscnamedafteri.i.toropov","""Vympel"" State Engineering Design Bureau JSC named after I.I. Toropov",834,"""Vympel"" State Engineering Design Bureau JSC named after I.I. Toropov",PRIMARY,834,"[""\""Vympel\"" State Engineering Design Bureau JSC named after I.I. Toropov""]",c632d657f9c13b1250d688394eb7c99956a994527cb56f4a77c86ed61ff1dbda:834:PRIMARY,,,,
NOOP_ALREADY_METI,vympelnpo,Vympel NPO,834,"""Vympel"" State Engineering Design Bureau JSC named after I.I. Toropov",ALIAS:3,834,"[""Vympel NPO""]",c632d657f9c13b1250d688394eb7c99956a994527cb56f4a77c86ed61ff1dbda:834:ALIAS:3,,,経産省,Vympel NPO
NOOP_ALREADY_METI,wanyuancompany,Wanyuan Company,508,China Academy of Launch Vehicle Technology (CALT) (中国運載火箭技術研究院),ALIAS:3,508,"[""Wanyuan Company""]",c632d657f9c13b1250d688394eb7c99956a994527cb56f4a77c86ed61ff1dbda:508:ALIAS:3,,,経産省,Wanyuan Company
NOOP_ALREADY_METI,wealthyoceanenterprisesltd.,Wealthy Ocean Enterprises Ltd.,550,LIMMT Economic and Trade Company (LIMMT経貿公司),ALIAS:14,550,"[""Wealthy Ocean Enterprises Ltd.""]",c632d657f9c13b1250d688394eb7c99956a994527cb56f4a77c86ed61ff1dbda:550:ALIAS:14,,,OFAC;経産省,Wealthy Ocean Enterprises Ltd.
READY_ADD,weilaixitongltd.,Wei Lai Xi Tong Ltd.,495,Beijing Lion Heart International Trading Company,ALIAS:1,495,"[""Wei Lai Xi Tong Ltd.""]",c632d657f9c13b1250d688394eb7c99956a994527cb56f4a77c86ed61ff1dbda:495:ALIAS:1,,,,
NOOP_ALREADY_METI,winkeylimited,WIN KEY LIMITED,726,WIN KEY LIMITED,PRIMARY,726,"[""WIN KEY LIMITED""]",c632d657f9c13b1250d688394eb7c99956a994527cb56f4a77c86ed61ff1dbda:726:PRIMARY,,,OFAC;経産省,Win Key Limited
NOOP_ALREADY_METI,wonbangtradingco.,Wonbang Trading Co.,404,Pan Systems Pte. Ltd. (Pyongyang branch),ALIAS:1,404,"[""Wonbang Trading Co.""]",c632d657f9c13b1250d688394eb7c99956a994527cb56f4a77c86ed61ff1dbda:404:ALIAS:1,,,経産省,Wonbang Trading Co.
READY_TAG_EXISTING,wsiec,WSIEC,597,Wuhan Sanjiang Import and Export Co. Ltd,ALIAS:3,597,"[""WSIEC""]",c632d657f9c13b1250d688394eb7c99956a994527cb56f4a77c86ed61ff1dbda:597:ALIAS:3,,,OFAC,WSIEC
NOOP_ALREADY_METI,"wuhanlonghuaweiyeindustryandtradeco.,ltd","Wuhan Longhua Weiye Industry and Trade Co., Ltd",597,Wuhan Sanjiang Import and Export Co. Ltd,ALIAS:1,597,"[""Wuhan Longhua Weiye Industry and Trade Co., Ltd""]",c632d657f9c13b1250d688394eb7c99956a994527cb56f4a77c86ed61ff1dbda:597:ALIAS:1,,,OFAC;経産省,"Wuhan Longhua Weiye Industry and Trade Co., Ltd"
NOOP_ALREADY_METI,wuhansanjiangimp.&exp.co.ltd.,Wuhan Sanjiang Imp. & Exp. Co. Ltd.,597,Wuhan Sanjiang Import and Export Co. Ltd,ALIAS:2,597,"[""Wuhan Sanjiang Imp. & Exp. Co. Ltd.""]",c632d657f9c13b1250d688394eb7c99956a994527cb56f4a77c86ed61ff1dbda:597:ALIAS:2,,,OFAC;経産省,Wuhan Sanjiang Imp. & Exp. Co. Ltd.
NOOP_ALREADY_METI,wuhansanjiangimportandexportco.ltd,Wuhan Sanjiang Import and Export Co. Ltd,597,Wuhan Sanjiang Import and Export Co. Ltd,PRIMARY,597,"[""Wuhan Sanjiang Import and Export Co. Ltd""]",c632d657f9c13b1250d688394eb7c99956a994527cb56f4a77c86ed61ff1dbda:597:PRIMARY,,,OFAC;経産省,WUHAN SANJIANG IMPORT AND EXPORT CO. LTD
NOOP_ALREADY_METI,xi'aninstituteofmicroelectronics,Xi'an Institute of Microelectronics,512,China Aerospace Science and Technology Corporation (CASC) 9th Academy 771 Research Institute （中国航天科技集団有限公司第九研究院第771研究 所）,ALIAS:4,512,"[""Xi'an Institute of Microelectronics""]",c632d657f9c13b1250d688394eb7c99956a994527cb56f4a77c86ed61ff1dbda:512:ALIAS:4,,,経産省,Xi'an Institute of Microelectronics
NOOP_ALREADY_METI,xi'anmicroelectronicstechnologyinstitute,Xi'an Microelectronics Technology Institute,512,China Aerospace Science and Technology Corporation (CASC) 9th Academy 771 Research Institute （中国航天科技集団有限公司第九研究院第771研究 所）,ALIAS:5,512,"[""Xi'an Microelectronics Technology Institute""]",c632d657f9c13b1250d688394eb7c99956a994527cb56f4a77c86ed61ff1dbda:512:ALIAS:5,,,経産省,Xi'an Microelectronics Technology Institute
NOOP_ALREADY_METI,xianresearchinstituteofnavigationtechnology(西安導航技術研究所),Xian Research Institute of Navigation Technology (西安導航技術研究所),477,20th Research Institute of China Electronic Technology Group Corporation (CETC) (中国電子科技集団公司第二十研究所),ALIAS:2,477,"[""Xian Research Institute of Navigation Technology (西安導航技術研究所)""]",c632d657f9c13b1250d688394eb7c99956a994527cb56f4a77c86ed61ff1dbda:477:ALIAS:2,,,経産省,Xian Research Institute of Navigation Technology (西安導航技術研究所)
NOOP_ALREADY_METI,"xinghexingyongcarbonco.,ltd.","Xinghe Xingyong Carbon Co., Ltd.",598,"Xinghe Xingyong Carbon Co., Ltd.",PRIMARY,598,"[""Xinghe Xingyong Carbon Co., Ltd.""]",c632d657f9c13b1250d688394eb7c99956a994527cb56f4a77c86ed61ff1dbda:598:PRIMARY,,,経産省,"Xinghe Xingyong Carbon Co., Ltd."
READY_ADD,xinnuoelectronictechnology.,Xinnuo Electronic Technology.,586,"Sinno Electronics Co., Ltd.",ALIAS:1,586,"[""Xinnuo Electronic Technology.""]",c632d657f9c13b1250d688394eb7c99956a994527cb56f4a77c86ed61ff1dbda:586:ALIAS:1,,,,
NOOP_ALREADY_METI,xmti,XMTI,512,China Aerospace Science and Technology Corporation (CASC) 9th Academy 771 Research Institute （中国航天科技集団有限公司第九研究院第771研究 所）,ALIAS:6,512,"[""XMTI""]",c632d657f9c13b1250d688394eb7c99956a994527cb56f4a77c86ed61ff1dbda:512:ALIAS:6,,,経産省,XMTI
NOOP_ALREADY_METI,y.a.s.co.ltd.,Y.A.S. Co. Ltd.,284,Y.A.S. Company Limited,ALIAS:1,284,"[""Y.A.S. Co. Ltd.""]",c632d657f9c13b1250d688394eb7c99956a994527cb56f4a77c86ed61ff1dbda:284:ALIAS:1,,,経産省,Y.A.S. Co. Ltd.
NOOP_ALREADY_METI,y.a.s.companylimited,Y.A.S. Company Limited,284,Y.A.S. Company Limited,PRIMARY,284,"[""Y.A.S. Company Limited""]",c632d657f9c13b1250d688394eb7c99956a994527cb56f4a77c86ed61ff1dbda:284:PRIMARY,,,経産省,Y.A.S. Company Limited
NOOP_ALREADY_METI,yamahdiindustrialcomplex,Ya Mahdi Industrial Complex,286,Ya Mahdi Industries Group,ALIAS:1,286,"[""Ya Mahdi Industrial Complex""]",c632d657f9c13b1250d688394eb7c99956a994527cb56f4a77c86ed61ff1dbda:286:ALIAS:1,,,OFAC;経産省;財務省,YA MAHDI INDUSTRIAL COMPLEX
NOOP_ALREADY_METI,yamahdiindustrialresearchcomplex,Ya Mahdi Industrial Research Complex,286,Ya Mahdi Industries Group,ALIAS:2,286,"[""Ya Mahdi Industrial Research Complex""]",c632d657f9c13b1250d688394eb7c99956a994527cb56f4a77c86ed61ff1dbda:286:ALIAS:2,,,OFAC;経産省;財務省,YA MAHDI INDUSTRIAL RESEARCH COMPLEX
NOOP_ALREADY_METI,yamahdiindustriesgroup,Ya Mahdi Industries Group,286,Ya Mahdi Industries Group,PRIMARY,286,"[""Ya Mahdi Industries Group""]",c632d657f9c13b1250d688394eb7c99956a994527cb56f4a77c86ed61ff1dbda:286:PRIMARY,,,OFAC;経産省;財務省,YA MAHDI INDUSTRIES GROUP
NOOP_ALREADY_METI,yarestanvacuumi,Yarestan Vacuumi,285,Yarsanat,ALIAS:2,285,"[""Yarestan Vacuumi""]",c632d657f9c13b1250d688394eb7c99956a994527cb56f4a77c86ed61ff1dbda:285:ALIAS:2,,,経産省,Yarestan Vacuumi
NOOP_ALREADY_METI,yarsanat,Yarsanat,285,Yarsanat,PRIMARY,285,"[""Yarsanat"",""Yar Sanat""]",c632d657f9c13b1250d688394eb7c99956a994527cb56f4a77c86ed61ff1dbda:285:PRIMARY;c632d657f9c13b1250d688394eb7c99956a994527cb56f4a77c86ed61ff1dbda:285:ALIAS:1,,,経産省,Yarsanat
NOOP_ALREADY_METI,yarsanatco.ltd.,Yarsanat Co. Ltd.,285,Yarsanat,ALIAS:3,285,"[""Yarsanat Co. Ltd.""]",c632d657f9c13b1250d688394eb7c99956a994527cb56f4a77c86ed61ff1dbda:285:ALIAS:3,,,経産省,Yarsanat Co. Ltd.
READY_TAG_EXISTING,yasair,Yas Air,202,Pouya Air,ALIAS:2,202,"[""Yas Air""]",c632d657f9c13b1250d688394eb7c99956a994527cb56f4a77c86ed61ff1dbda:202:ALIAS:2,,,OFAC;財務省,YAS AIR
NOOP_ALREADY_METI,yasaircargoairline,Yas Air Cargo Airline,202,Pouya Air,ALIAS:3,202,"[""Yas Air Cargo Airline""]",c632d657f9c13b1250d688394eb7c99956a994527cb56f4a77c86ed61ff1dbda:202:ALIAS:3,,,OFAC;経産省,YASAIR CARGO AIRLINE
NOOP_ALREADY_METI,yasairkish,Yas Air Kish,202,Pouya Air,ALIAS:4,202,"[""Yas Air Kish""]",c632d657f9c13b1250d688394eb7c99956a994527cb56f4a77c86ed61ff1dbda:202:ALIAS:4,,,OFAC;経産省,YAS AIR KISH
NOOP_ALREADY_METI,yasapart,Yasa Part,287,Yasa Part,PRIMARY,287,"[""Yasa Part""]",c632d657f9c13b1250d688394eb7c99956a994527cb56f4a77c86ed61ff1dbda:287:PRIMARY,,,OFAC;経産省,YASA PART
NOOP_ALREADY_METI,yasco.ltd.,YAS Co. Ltd.,284,Y.A.S. Company Limited,ALIAS:2,284,"[""YAS Co. Ltd.""]",c632d657f9c13b1250d688394eb7c99956a994527cb56f4a77c86ed61ff1dbda:284:ALIAS:2,,,経産省,YAS Co. Ltd.
NOOP_ALREADY_METI,yazdammunitionmanufacturingandmetallurgyindustries,Yazd Ammunition Manufacturing and Metallurgy Industries,288,Yazd Metallurgy Industries (YMI),ALIAS:2,288,"[""Yazd Ammunition Manufacturing and Metallurgy Industries""]",c632d657f9c13b1250d688394eb7c99956a994527cb56f4a77c86ed61ff1dbda:288:ALIAS:2,,,経産省;財務省,Yazd Ammunition Manufacturing and Metallurgy Industries
NOOP_ALREADY_METI,yazdmetallurgyindustries(ymi),Yazd Metallurgy Industries (YMI),288,Yazd Metallurgy Industries (YMI),PRIMARY,288,"[""Yazd Metallurgy Industries (YMI)""]",c632d657f9c13b1250d688394eb7c99956a994527cb56f4a77c86ed61ff1dbda:288:PRIMARY,,,経産省,YAZD METALLURGY INDUSTRIES(YMI)
NOOP_ALREADY_METI,"yinkeelectronicsco.,ltd","YINKE ELECTRONICS CO., LTD",599,YINKE HK ELECTRONICS COMPANY LIMITED （盈科香港電子有限公司）,ALIAS:1,599,"[""YINKE ELECTRONICS CO., LTD""]",c632d657f9c13b1250d688394eb7c99956a994527cb56f4a77c86ed61ff1dbda:599:ALIAS:1,,,OFAC;経産省,"YINKE ELECTRONICS CO., LTD"
READY_ADD,yinkehkelectronicscompanylimited(盈科香港電子有限公司),YINKE HK ELECTRONICS COMPANY LIMITED （盈科香港電子有限公司）,599,YINKE HK ELECTRONICS COMPANY LIMITED （盈科香港電子有限公司）,PRIMARY,599,"[""YINKE HK ELECTRONICS COMPANY LIMITED （盈科香港電子有限公司）""]",c632d657f9c13b1250d688394eb7c99956a994527cb56f4a77c86ed61ff1dbda:599:PRIMARY,,,,
HOLD_WEAK_ALIAS,yma,YMA,286,Ya Mahdi Industries Group,ALIAS:3,286,"[""YMA""]",c632d657f9c13b1250d688394eb7c99956a994527cb56f4a77c86ed61ff1dbda:286:ALIAS:3,3文字と短く、照合時に誤検知が多発する見込み（YMA）,,,
NOOP_ALREADY_METI,yongbyonnuclearresearchcentre,Yongbyon Nuclear Research Centre,445,Yongbyon Nuclear Research Centre,PRIMARY,445,"[""Yongbyon Nuclear Research Centre""]",c632d657f9c13b1250d688394eb7c99956a994527cb56f4a77c86ed61ff1dbda:445:PRIMARY,,,経産省,Yongbyon Nuclear Research Centre
READY_TAG_EXISTING,yongjinshipmanagementcompanylimited,Yongjin Ship Management Company Limited,446,Yongjin Ship Management Company Limited,PRIMARY,446,"[""Yongjin Ship Management Company Limited""]",c632d657f9c13b1250d688394eb7c99956a994527cb56f4a77c86ed61ff1dbda:446:PRIMARY,,,OFAC;財務省,Yongjin Ship Management Company Limited
READY_ADD,zagroselectronic,Zagros Electronic,289,Zagros Electronic,PRIMARY,289,"[""Zagros Electronic""]",c632d657f9c13b1250d688394eb7c99956a994527cb56f4a77c86ed61ff1dbda:289:PRIMARY,,,,
NOOP_ALREADY_METI,zaibelectronics,Zaib Electronics,648,Makkays Hi-Tech Systems,ALIAS:1,648,"[""Zaib Electronics""]",c632d657f9c13b1250d688394eb7c99956a994527cb56f4a77c86ed61ff1dbda:648:ALIAS:1,,,経産省,Zaib Electronics
NOOP_ALREADY_METI,zaokronshtadt,ZAO Kronshtadt,740,AO Kronshtadt,ALIAS:4,740,"[""ZAO Kronshtadt""]",c632d657f9c13b1250d688394eb7c99956a994527cb56f4a77c86ed61ff1dbda:740:ALIAS:4,,,経産省,ZAO Kronshtadt
NOOP_ALREADY_METI,"zavod""miass","Zavod ""Miass""",835,"Zavod ""Miass""",PRIMARY,835,"[""Zavod \""Miass\""""]",c632d657f9c13b1250d688394eb7c99956a994527cb56f4a77c86ed61ff1dbda:835:PRIMARY,,,経産省,"Zavod ""Miass"""
NOOP_ALREADY_METI,"zhejianglightmachineryindustryco.,ltd.","ZHEJIANG LIGHT MACHINERY INDUSTRY CO., LTD.",600,"ZHEJIANG QINGJI IND. CO., LTD （浙江轻机实业有限公司）",ALIAS:1,600,"[""ZHEJIANG LIGHT MACHINERY INDUSTRY CO., LTD.""]",c632d657f9c13b1250d688394eb7c99956a994527cb56f4a77c86ed61ff1dbda:600:ALIAS:1,,,OFAC;経産省,"ZHEJIANG LIGHT MACHINERY INDUSTRY CO., LTD."
READY_ADD,"zhejiangqingjiind.co.,ltd(浙江轻机实业有限公司)","ZHEJIANG QINGJI IND. CO., LTD （浙江轻机实业有限公司）",600,"ZHEJIANG QINGJI IND. CO., LTD （浙江轻机实业有限公司）",PRIMARY,600,"[""ZHEJIANG QINGJI IND. CO., LTD （浙江轻机实业有限公司）""]",c632d657f9c13b1250d688394eb7c99956a994527cb56f4a77c86ed61ff1dbda:600:PRIMARY,,,,
NOOP_ALREADY_METI,"zhejiangqingjiindustrialco.,ltd.","ZHEJIANG QINGJI INDUSTRIAL CO., LTD.",600,"ZHEJIANG QINGJI IND. CO., LTD （浙江轻机实业有限公司）",ALIAS:2,600,"[""ZHEJIANG QINGJI INDUSTRIAL CO., LTD.""]",c632d657f9c13b1250d688394eb7c99956a994527cb56f4a77c86ed61ff1dbda:600:ALIAS:2,,,OFAC;経産省,"ZHEJIANG QINGJI INDUSTRIAL CO., LTD."
READY_TAG_EXISTING,zhongguojingmijixiejinchukouzonggongsi,ZHONGGUO JINGMI JIXIE JINCHUKOU ZONGGONGSI,517,China National Precision Machinery Import and Export Corporation (CPMIEC) (中国精密機械進出口有限公司),ALIAS:3,517,"[""ZHONGGUO JINGMI JIXIE JINCHUKOU ZONGGONGSI""]",c632d657f9c13b1250d688394eb7c99956a994527cb56f4a77c86ed61ff1dbda:517:ALIAS:3,,,OFAC,ZHONGGUO JINGMI JIXIE JINCHUKOU ZONGGONGSI
READY_TAG_EXISTING,ziboshenboelectromechanicalcoltd,ZIBO SHENBO ELECTROMECHANICAL CO LTD,601,Zibo Shenbo Machinelectronics Co Ltd （淄博申博机电有限公司）,ALIAS:1,601,"[""ZIBO SHENBO ELECTROMECHANICAL CO LTD""]",c632d657f9c13b1250d688394eb7c99956a994527cb56f4a77c86ed61ff1dbda:601:ALIAS:1,,,OFAC,Zibo Shenbo Electromechanical Co Ltd
READY_ADD,ziboshenbomachinelectronicscoltd(淄博申博机电有限公司),Zibo Shenbo Machinelectronics Co Ltd （淄博申博机电有限公司）,601,Zibo Shenbo Machinelectronics Co Ltd （淄博申博机电有限公司）,PRIMARY,601,"[""Zibo Shenbo Machinelectronics Co Ltd （淄博申博机电有限公司）""]",c632d657f9c13b1250d688394eb7c99956a994527cb56f4a77c86ed61ff1dbda:601:PRIMARY,,,,
READY_TAG_EXISTING,ziesttajhiezpooyesh,Ziest Tajhiez Pooyesh,290,Zist Tajhiz Pooyesh Company,ALIAS:2,290,"[""Ziest Tajhiez Pooyesh""]",c632d657f9c13b1250d688394eb7c99956a994527cb56f4a77c86ed61ff1dbda:290:ALIAS:2,,,OFAC,Ziest Tajhiez Pooyesh
READY_TAG_EXISTING,zisttajhizpooyeshcompany,Zist Tajhiz Pooyesh Company,290,Zist Tajhiz Pooyesh Company,PRIMARY,290,"[""Zist Tajhiz Pooyesh Company""]",c632d657f9c13b1250d688394eb7c99956a994527cb56f4a77c86ed61ff1dbda:290:PRIMARY,,,OFAC,ZIST TAJHIZ POOYESH COMPANY
NOOP_ALREADY_METI,zolaliranco.,Zolal Iran Co.,291,Zolal Iran Company,ALIAS:1,291,"[""Zolal Iran Co.""]",c632d657f9c13b1250d688394eb7c99956a994527cb56f4a77c86ed61ff1dbda:291:ALIAS:1,,,経産省,Zolal Iran Co.
NOOP_ALREADY_METI,zolalirancompany,Zolal Iran Company,291,Zolal Iran Company,PRIMARY,291,"[""Zolal Iran Company""]",c632d657f9c13b1250d688394eb7c99956a994527cb56f4a77c86ed61ff1dbda:291:PRIMARY,,,OFAC;経産省,ZOLAL IRAN COMPANY
NOOP_ALREADY_METI,établissementsindustrielsdeladéfense(eid),Établissements Industriels de la Défense (EID),458,Industrial Establishment of Defense (IED),ALIAS:3,458,"[""Établissements Industriels de la Défense (EID)""]",c632d657f9c13b1250d688394eb7c99956a994527cb56f4a77c86ed61ff1dbda:458:ALIAS:3,,,経産省,Établissements Industriels de la Défense (EID)
READY_ADD,акционерноеобщество,Акционерное общество,806,Rosoboronexport OJSC (ROE),ALIAS:9,806,"[""Акционерное общество""]",c632d657f9c13b1250d688394eb7c99956a994527cb56f4a77c86ed61ff1dbda:806:ALIAS:9,,,,
READY_ADD,аорособоронэкспорт,АО Рособоронэкспорт,806,Rosoboronexport OJSC (ROE),ALIAS:5,806,"[""АО Рособоронэкспорт""]",c632d657f9c13b1250d688394eb7c99956a994527cb56f4a77c86ed61ff1dbda:806:ALIAS:5,,,,
READY_ADD,рособоронэкспорт,Рособоронэкспорт,806,Rosoboronexport OJSC (ROE),ALIAS:10,806,"[""Рособоронэкспорт""]",c632d657f9c13b1250d688394eb7c99956a994527cb56f4a77c86ed61ff1dbda:806:ALIAS:10,,,,
NOOP_ALREADY_METI,セソン技術貿易,セソン技術貿易,447,セソン技術貿易,PRIMARY,447,"[""セソン技術貿易""]",c632d657f9c13b1250d688394eb7c99956a994527cb56f4a77c86ed61ff1dbda:447:PRIMARY,,,経産省,セソン技術貿易
NOOP_ALREADY_METI,マンウォル貿易,マンウォル貿易,449,マンウォル貿易,PRIMARY,449,"[""マンウォル貿易""]",c632d657f9c13b1250d688394eb7c99956a994527cb56f4a77c86ed61ff1dbda:449:PRIMARY,,,経産省,マンウォル貿易
NOOP_ALREADY_METI,上海人創実業有限公司,上海人創実業有限公司,576,"SHANGHAI PEOPLE'S INNOVATION INDUSTRIAL CO., LTD. （上海人创实业有限公司）",ALIAS:1,576,"[""上海人創実業有限公司""]",c632d657f9c13b1250d688394eb7c99956a994527cb56f4a77c86ed61ff1dbda:576:ALIAS:1,,,経産省,上海人創実業有限公司
NOOP_ALREADY_METI,上海天海複合気瓶有限公司,上海天海複合気瓶有限公司,575,"Shanghai Tianhai Composite Cylinders Co., Ltd. （上海天海复合气瓶有限公司）",ALIAS:1,575,"[""上海天海複合気瓶有限公司""]",c632d657f9c13b1250d688394eb7c99956a994527cb56f4a77c86ed61ff1dbda:575:ALIAS:1,,,経産省,上海天海複合気瓶有限公司
NOOP_ALREADY_METI,上海新力机器厂有限公司,上海新力机器厂有限公司,577,"Shanghai Xinli Machine Factory Co., Ltd （上海新力機器廠有限公司）",ALIAS:1,577,"[""上海新力机器厂有限公司""]",c632d657f9c13b1250d688394eb7c99956a994527cb56f4a77c86ed61ff1dbda:577:ALIAS:1,,,経産省,上海新力机器厂有限公司
NOOP_ALREADY_METI,上海新躍儀表厰,上海新躍儀表厰,569,Shanghai Academy of Spaceflight Technology (SAST) (上海航天技術研究院),ALIAS:5,569,"[""上海新躍儀表厰""]",c632d657f9c13b1250d688394eb7c99956a994527cb56f4a77c86ed61ff1dbda:569:ALIAS:5,,,経産省,上海新躍儀表厰
READY_ADD,中国航天科工防御技術研究院,中国航天科工防御技術研究院,511,China Aerospace Science and Industry Corporation Second Academy（中国航天科工集団第二研究院）,ALIAS:9,511,"[""中国航天科工防御技術研究院""]",c632d657f9c13b1250d688394eb7c99956a994527cb56f4a77c86ed61ff1dbda:511:ALIAS:9,,,,
NOOP_ALREADY_METI,中国航天科技集団有限公司第四研究院,中国航天科技集団有限公司第四研究院,480,Academy of Aerospace Solid Propulsion Technology （航天动力技术研究院）,ALIAS:2,480,"[""中国航天科技集団有限公司第四研究院""]",c632d657f9c13b1250d688394eb7c99956a994527cb56f4a77c86ed61ff1dbda:480:ALIAS:2,,,経産省,中国航天科技集団有限公司第四研究院
NOOP_ALREADY_METI,优势贸易有限公司,优势贸易有限公司,705,"ADVANTAGE TRADING CO., LIMITED",ALIAS:2,705,"[""优势贸易有限公司""]",c632d657f9c13b1250d688394eb7c99956a994527cb56f4a77c86ed61ff1dbda:705:ALIAS:2,,,経産省,优势贸易有限公司
READY_TAG_EXISTING,信諾電子科技有限公司,信諾電子科技有限公司,586,"Sinno Electronics Co., Ltd.",ALIAS:3,586,"[""信諾電子科技有限公司""]",c632d657f9c13b1250d688394eb7c99956a994527cb56f4a77c86ed61ff1dbda:586:ALIAS:3,,,OFAC,信諾電子科技有限公司
NOOP_ALREADY_METI,利安科技股份有限公司,利安科技股份有限公司,470,Bentech Computer Corp.,ALIAS:1,470,"[""利安科技股份有限公司""]",c632d657f9c13b1250d688394eb7c99956a994527cb56f4a77c86ed61ff1dbda:470:ALIAS:1,,,経産省,利安科技股份有限公司
NOOP_ALREADY_METI,北京天海工業有限公司,北京天海工業有限公司,498,"Beijing Tianhai Industry Co., Ltd. （北京天海工业有限公司）",ALIAS:1,498,"[""北京天海工業有限公司""]",c632d657f9c13b1250d688394eb7c99956a994527cb56f4a77c86ed61ff1dbda:498:ALIAS:1,,,経産省,北京天海工業有限公司
READY_ADD,南京電子技術研究所,南京電子技術研究所,513,China Electronics Technology Group Corporation 14th Research Institute (CETC 14) （中国電子科技集団公司 第十四研究所）,ALIAS:8,513,"[""南京電子技術研究所""]",c632d657f9c13b1250d688394eb7c99956a994527cb56f4a77c86ed61ff1dbda:513:ALIAS:8,,,,
NOOP_ALREADY_METI,咸興化学工業大学,咸興化学工業大学,444,University of Chemical Industry (化学工業大学),ALIAS:1,444,"[""咸興化学工業大学""]",c632d657f9c13b1250d688394eb7c99956a994527cb56f4a77c86ed61ff1dbda:444:ALIAS:1,,,経産省,咸興化学工業大学
NOOP_ALREADY_METI,対外技術貿易会社,対外技術貿易会社,339,Korea Foreign Technical Trade Center (対外技術貿易センター),ALIAS:2,339,"[""対外技術貿易会社""]",c632d657f9c13b1250d688394eb7c99956a994527cb56f4a77c86ed61ff1dbda:339:ALIAS:2,,,経産省,対外技術貿易会社
NOOP_ALREADY_METI,山栄合営会社,山栄合営会社,424,San Yong Co. Ltd.,ALIAS:3,424,"[""山栄合営会社""]",c632d657f9c13b1250d688394eb7c99956a994527cb56f4a77c86ed61ff1dbda:424:ALIAS:3,,,経産省,山栄合営会社
NOOP_ALREADY_METI,朝鮮対外技術貿易会社,朝鮮対外技術貿易会社,339,Korea Foreign Technical Trade Center (対外技術貿易センター),ALIAS:1,339,"[""朝鮮対外技術貿易会社""]",c632d657f9c13b1250d688394eb7c99956a994527cb56f4a77c86ed61ff1dbda:339:ALIAS:1,,,経産省,朝鮮対外技術貿易会社
NOOP_ALREADY_METI,朝鮮嶺峰貿易会社,朝鮮嶺峰貿易会社,367,Korea Ryonbong General Corporation (KRGC) (朝鮮連峰総会社),ALIAS:2,367,"[""朝鮮嶺峰貿易会社""]",c632d657f9c13b1250d688394eb7c99956a994527cb56f4a77c86ed61ff1dbda:367:ALIAS:2,,,経産省,朝鮮嶺峰貿易会社
NOOP_ALREADY_METI,朝鮮平原貿易会社,朝鮮平原貿易会社,359,Korea Pyongwong Trading Co.,ALIAS:1,359,"[""朝鮮平原貿易会社""]",c632d657f9c13b1250d688394eb7c99956a994527cb56f4a77c86ed61ff1dbda:359:ALIAS:1,,,経産省,朝鮮平原貿易会社
NOOP_ALREADY_METI,朝鮮東陽貿易会社,朝鮮東陽貿易会社,337,Korea Dongyang Trading Corp. (朝鮮東洋貿易会社),ALIAS:2,337,"[""朝鮮東陽貿易会社""]",c632d657f9c13b1250d688394eb7c99956a994527cb56f4a77c86ed61ff1dbda:337:ALIAS:2,,,経産省,朝鮮東陽貿易会社
NOOP_ALREADY_METI,朝鮮民族経済協力連合会,朝鮮民族経済協力連合会,450,民族経済協力連合会,ALIAS:1,450,"[""朝鮮民族経済協力連合会""]",c632d657f9c13b1250d688394eb7c99956a994527cb56f4a77c86ed61ff1dbda:450:ALIAS:1,,,経産省,朝鮮民族経済協力連合会
NOOP_ALREADY_METI,朝鮮綾羅科学技術交流社,朝鮮綾羅科学技術交流社,448,朝鮮綾羅科学技術交流社,PRIMARY,448,"[""朝鮮綾羅科学技術交流社""]",c632d657f9c13b1250d688394eb7c99956a994527cb56f4a77c86ed61ff1dbda:448:PRIMARY,,,経産省,朝鮮綾羅科学技術交流社
NOOP_ALREADY_METI,杰驰电子有限公司,杰驰电子有限公司,720,JOTRIN ELECTRONICS LIMITED,ALIAS:1,720,"[""杰驰电子有限公司""]",c632d657f9c13b1250d688394eb7c99956a994527cb56f4a77c86ed61ff1dbda:720:ALIAS:1,,,経産省,杰驰电子有限公司
NOOP_ALREADY_METI,欣憶電子股份有限公司,欣憶電子股份有限公司,472,Semiconductor Equipment Manufacturing Incorporated,ALIAS:1,472,"[""欣憶電子股份有限公司""]",c632d657f9c13b1250d688394eb7c99956a994527cb56f4a77c86ed61ff1dbda:472:ALIAS:1,,,経産省,欣憶電子股份有限公司
NOOP_ALREADY_METI,民族経済協力連合会,民族経済協力連合会,450,民族経済協力連合会,PRIMARY,450,"[""民族経済協力連合会""]",c632d657f9c13b1250d688394eb7c99956a994527cb56f4a77c86ed61ff1dbda:450:PRIMARY,,,経産省,民族経済協力連合会
READY_ADD,民経連,民経連,450,民族経済協力連合会,ALIAS:2,450,"[""民経連""]",c632d657f9c13b1250d688394eb7c99956a994527cb56f4a77c86ed61ff1dbda:450:ALIAS:2,,,,
NOOP_ALREADY_METI,深圳市杰驰电子有限公司,深圳市杰驰电子有限公司,720,JOTRIN ELECTRONICS LIMITED,ALIAS:2,720,"[""深圳市杰驰电子有限公司""]",c632d657f9c13b1250d688394eb7c99956a994527cb56f4a77c86ed61ff1dbda:720:ALIAS:2,,,経産省,深圳市杰驰电子有限公司
NOOP_ALREADY_METI,湖北三江航天万山特種車輛有限公司,湖北三江航天万山特種車輛有限公司,545,"Hubei Sanjiang Aerospace Wanshan Special Vehicle Co., Ltd. （湖北三江航天万山特种车辆有限公司）",ALIAS:1,545,"[""湖北三江航天万山特種車輛有限公司""]",c632d657f9c13b1250d688394eb7c99956a994527cb56f4a77c86ed61ff1dbda:545:ALIAS:1,,,経産省,湖北三江航天万山特種車輛有限公司
NOOP_ALREADY_METI,精滙企管科技有限公司,精滙企管科技有限公司,721,K Logistics (China) Limited （快急送物流(中國)有限公司）,ALIAS:2,721,"[""精滙企管科技有限公司""]",c632d657f9c13b1250d688394eb7c99956a994527cb56f4a77c86ed61ff1dbda:721:ALIAS:2,,,経産省,精滙企管科技有限公司
NOOP_ALREADY_METI,総合貴金属連合体,総合貴金属連合体,318,Green Pine Associated Corporation （青松連合）,ALIAS:15,318,"[""総合貴金属連合体""]",c632d657f9c13b1250d688394eb7c99956a994527cb56f4a77c86ed61ff1dbda:318:ALIAS:15,,,経産省,総合貴金属連合体
READY_ADD,航天科工二院,航天科工二院,511,China Aerospace Science and Industry Corporation Second Academy（中国航天科工集団第二研究院）,ALIAS:10,511,"[""航天科工二院""]",c632d657f9c13b1250d688394eb7c99956a994527cb56f4a77c86ed61ff1dbda:511:ALIAS:10,,,,
NOOP_ALREADY_METI,華悦國際企業股份有限公司,華悦國際企業股份有限公司,471,"Royal Team Corporation International Trading Co., Ltd.",ALIAS:3,471,"[""華悦國際企業股份有限公司""]",c632d657f9c13b1250d688394eb7c99956a994527cb56f4a77c86ed61ff1dbda:471:ALIAS:3,,,経産省,華悦國際企業股份有限公司
READY_TAG_EXISTING,銳元科技有限公司,銳元科技有限公司,473,Sharp Edge Engineering (SEE),ALIAS:2,473,"[""銳元科技有限公司""]",c632d657f9c13b1250d688394eb7c99956a994527cb56f4a77c86ed61ff1dbda:473:ALIAS:2,,,OFAC,銳元科技有限公司
NOOP_ALREADY_METI,鼐实鑫电子(深圳)有限公司,鼐实鑫电子(深圳)有限公司,474,"NAZ TECHNOLOGY CO., LTD.",ALIAS:5,474,"[""鼐实鑫电子(深圳)有限公司""]",c632d657f9c13b1250d688394eb7c99956a994527cb56f4a77c86ed61ff1dbda:474:ALIAS:5,,,経産省,鼐实鑫电子(深圳)有限公司
