checked_at,source,document_role,status,http_status,etag,last_modified,content_hash,source_updated,url,final_url,fetched_file,raw_path,record_count,diff_added,diff_removed,diff_changed,fetch_failed,schema_changed,error_type,error_message
2026-09-04T21:38:25Z,ofac_sdn,classic_primary,unchanged,304,"""cbed905f8f399415e6482568a272026f""","Fri, 04 Sep 2026 14:01:46 GMT",0ffb4504696e2f5adecbd23a3f27c27e8264447a8021752f1043c74422650f5f,"Fri, 04 Sep 2026 14:01:45 GMT",https://sanctionslistservice.ofac.treas.gov/api/download/SDN.CSV,https://wc2h-sls-prod-public-published.s3.us-gov-west-1.amazonaws.com/Published/59378d00-93aa-456f-af2b-bcaa6b3f4984/2026-09-03/99660c61-0e62-4850-be2f-77796b8efbc5/SDN.CSV,sdn.csv,,89262,,,,0,0,,
2026-09-04T21:38:25Z,ofac_cons,classic_primary,unchanged,200,"""d4be08e7bcd5c9374f8cfc51da75c6ce""","Fri, 04 Sep 2026 14:01:47 GMT",fa681487dfd865c189177b478a171178ab8e7133402342acc51f638a7bc121de,"Thu, 03 Sep 2026 15:37:43 GMT",https://sanctionslistservice.ofac.treas.gov/api/download/CONS_PRIM.CSV,https://wc2h-sls-prod-public-published.s3.us-gov-west-1.amazonaws.com/Published/59378d00-93aa-456f-af2b-bcaa6b3f4984/2026-09-03/99660c61-0e62-4850-be2f-77796b8efbc5/CONS_PRIM.CSV,cons_prim.csv,,3371,,,,0,0,,
2026-09-04T21:39:07Z,mof,index_page,fetched,200,"""a250-65a674ec61680""","Tue, 01 Sep 2026 08:00:10 GMT",61898398c4a6349949fdf10d388607c53ce6c0277ca2b3b82e160357c3f793d3,令和8年9月2日,https://www.mof.go.jp/policy/international_policy/gaitame_kawase/gaitame/economic_sanctions/list.html,https://www.mof.go.jp/policy/international_policy/gaitame_kawase/gaitame/economic_sanctions/list.html,list.html,,,,,,0,0,,
2026-09-04T21:39:07Z,mof,list_file,unchanged,304,"""32251c-65a674ed558c0""","Tue, 01 Sep 2026 08:00:11 GMT",25fe3658295bb7010dd37ccf3d03d681abf47080dd1c5c8712f5bbad0c9ba7a9,令和8年9月2日,https://www.mof.go.jp/policy/international_policy/gaitame_kawase/gaitame/economic_sanctions/shisantouketsu20260902.csv,https://www.mof.go.jp/policy/international_policy/gaitame_kawase/gaitame/economic_sanctions/shisantouketsu20260902.csv,shisantouketsu20260902.csv,,14743,,,,0,0,,
2026-09-04T21:39:07Z,meti,index_page,blocked,403,"W/""c3bb143a530e398af9a1c1a440f0189c""","Mon, 24 Aug 2026 07:11:49 GMT",,,https://www.meti.go.jp/policy/anpo/law09.html,https://www.meti.go.jp/policy/anpo/law09.html,,,,,,,1,0,HTTPError,403 Client Error: Forbidden for url: https://www.meti.go.jp/policy/anpo/law09.html
2026-09-04T22:27:36Z,ofac_sdn,classic_primary,unchanged,304,"""cbed905f8f399415e6482568a272026f""","Fri, 04 Sep 2026 14:01:46 GMT",0ffb4504696e2f5adecbd23a3f27c27e8264447a8021752f1043c74422650f5f,"Fri, 04 Sep 2026 14:01:45 GMT",https://sanctionslistservice.ofac.treas.gov/api/download/SDN.CSV,https://wc2h-sls-prod-public-published.s3.us-gov-west-1.amazonaws.com/Published/59378d00-93aa-456f-af2b-bcaa6b3f4984/2026-09-03/99660c61-0e62-4850-be2f-77796b8efbc5/SDN.CSV,sdn.csv,,89262,,,,0,0,,
2026-09-04T22:27:36Z,ofac_cons,classic_primary,unchanged,200,"""d4be08e7bcd5c9374f8cfc51da75c6ce""","Fri, 04 Sep 2026 14:01:47 GMT",fa681487dfd865c189177b478a171178ab8e7133402342acc51f638a7bc121de,"Thu, 03 Sep 2026 15:37:43 GMT",https://sanctionslistservice.ofac.treas.gov/api/download/CONS_PRIM.CSV,https://wc2h-sls-prod-public-published.s3.us-gov-west-1.amazonaws.com/Published/59378d00-93aa-456f-af2b-bcaa6b3f4984/2026-09-03/99660c61-0e62-4850-be2f-77796b8efbc5/CONS_PRIM.CSV,cons_prim.csv,,3371,,,,0,0,,
2026-09-04T23:26:14Z,ofac_sdn,classic_primary,unchanged,304,"""cbed905f8f399415e6482568a272026f""","Fri, 04 Sep 2026 14:01:46 GMT",0ffb4504696e2f5adecbd23a3f27c27e8264447a8021752f1043c74422650f5f,"Fri, 04 Sep 2026 14:01:45 GMT",https://sanctionslistservice.ofac.treas.gov/api/download/SDN.CSV,https://wc2h-sls-prod-public-published.s3.us-gov-west-1.amazonaws.com/Published/59378d00-93aa-456f-af2b-bcaa6b3f4984/2026-09-03/99660c61-0e62-4850-be2f-77796b8efbc5/SDN.CSV,sdn.csv,,89262,,,,0,0,,
2026-09-04T23:26:14Z,ofac_cons,classic_primary,unchanged,200,"""d4be08e7bcd5c9374f8cfc51da75c6ce""","Fri, 04 Sep 2026 14:01:47 GMT",fa681487dfd865c189177b478a171178ab8e7133402342acc51f638a7bc121de,"Thu, 03 Sep 2026 15:37:43 GMT",https://sanctionslistservice.ofac.treas.gov/api/download/CONS_PRIM.CSV,https://wc2h-sls-prod-public-published.s3.us-gov-west-1.amazonaws.com/Published/59378d00-93aa-456f-af2b-bcaa6b3f4984/2026-09-03/99660c61-0e62-4850-be2f-77796b8efbc5/CONS_PRIM.CSV,cons_prim.csv,,3371,,,,0,0,,
2026-09-05T00:38:37Z,ofac_sdn,classic_primary,unchanged,304,"""cbed905f8f399415e6482568a272026f""","Fri, 04 Sep 2026 14:01:46 GMT",0ffb4504696e2f5adecbd23a3f27c27e8264447a8021752f1043c74422650f5f,"Fri, 04 Sep 2026 14:01:45 GMT",https://sanctionslistservice.ofac.treas.gov/api/download/SDN.CSV,https://wc2h-sls-prod-public-published.s3.us-gov-west-1.amazonaws.com/Published/59378d00-93aa-456f-af2b-bcaa6b3f4984/2026-09-03/99660c61-0e62-4850-be2f-77796b8efbc5/SDN.CSV,sdn.csv,,89262,,,,0,0,,
2026-09-05T00:38:37Z,ofac_cons,classic_primary,unchanged,200,"""d4be08e7bcd5c9374f8cfc51da75c6ce""","Fri, 04 Sep 2026 14:01:47 GMT",fa681487dfd865c189177b478a171178ab8e7133402342acc51f638a7bc121de,"Thu, 03 Sep 2026 15:37:43 GMT",https://sanctionslistservice.ofac.treas.gov/api/download/CONS_PRIM.CSV,https://wc2h-sls-prod-public-published.s3.us-gov-west-1.amazonaws.com/Published/59378d00-93aa-456f-af2b-bcaa6b3f4984/2026-09-03/99660c61-0e62-4850-be2f-77796b8efbc5/CONS_PRIM.CSV,cons_prim.csv,,3371,,,,0,0,,
2026-09-05T00:48:40Z,mof,index_page,fetched,200,"""a250-65a674ec61680""","Tue, 01 Sep 2026 08:00:10 GMT",59488e113ad0423bf701cffa578816be3c07c03aa1e731f7fd5f27d705606b7b,令和8年9月2日,https://www.mof.go.jp/policy/international_policy/gaitame_kawase/gaitame/economic_sanctions/list.html,https://www.mof.go.jp/policy/international_policy/gaitame_kawase/gaitame/economic_sanctions/list.html,list.html,,,,,,0,0,,
2026-09-05T00:48:40Z,mof,list_file,unchanged,304,"""32251c-65a674ed558c0""","Tue, 01 Sep 2026 08:00:11 GMT",25fe3658295bb7010dd37ccf3d03d681abf47080dd1c5c8712f5bbad0c9ba7a9,令和8年9月2日,https://www.mof.go.jp/policy/international_policy/gaitame_kawase/gaitame/economic_sanctions/shisantouketsu20260902.csv,https://www.mof.go.jp/policy/international_policy/gaitame_kawase/gaitame/economic_sanctions/shisantouketsu20260902.csv,shisantouketsu20260902.csv,,14743,,,,0,0,,
2026-09-05T00:48:40Z,meti,index_page,blocked,403,"W/""c3bb143a530e398af9a1c1a440f0189c""","Mon, 24 Aug 2026 07:11:49 GMT",,,https://www.meti.go.jp/policy/anpo/law09.html,https://www.meti.go.jp/policy/anpo/law09.html,,,,,,,1,0,HTTPError,403 Client Error: Forbidden for url: https://www.meti.go.jp/policy/anpo/law09.html
2026-09-05T01:27:05Z,ofac_sdn,classic_primary,unchanged,304,"""cbed905f8f399415e6482568a272026f""","Fri, 04 Sep 2026 14:01:46 GMT",0ffb4504696e2f5adecbd23a3f27c27e8264447a8021752f1043c74422650f5f,"Fri, 04 Sep 2026 14:01:45 GMT",https://sanctionslistservice.ofac.treas.gov/api/download/SDN.CSV,https://wc2h-sls-prod-public-published.s3.us-gov-west-1.amazonaws.com/Published/59378d00-93aa-456f-af2b-bcaa6b3f4984/2026-09-03/99660c61-0e62-4850-be2f-77796b8efbc5/SDN.CSV,sdn.csv,,89262,,,,0,0,,
2026-09-05T01:27:05Z,ofac_cons,classic_primary,unchanged,200,"""d4be08e7bcd5c9374f8cfc51da75c6ce""","Fri, 04 Sep 2026 14:01:47 GMT",fa681487dfd865c189177b478a171178ab8e7133402342acc51f638a7bc121de,"Thu, 03 Sep 2026 15:37:43 GMT",https://sanctionslistservice.ofac.treas.gov/api/download/CONS_PRIM.CSV,https://wc2h-sls-prod-public-published.s3.us-gov-west-1.amazonaws.com/Published/59378d00-93aa-456f-af2b-bcaa6b3f4984/2026-09-03/99660c61-0e62-4850-be2f-77796b8efbc5/CONS_PRIM.CSV,cons_prim.csv,,3371,,,,0,0,,
2026-09-05T02:28:58Z,ofac_sdn,classic_primary,unchanged,304,"""cbed905f8f399415e6482568a272026f""","Fri, 04 Sep 2026 14:01:46 GMT",0ffb4504696e2f5adecbd23a3f27c27e8264447a8021752f1043c74422650f5f,"Fri, 04 Sep 2026 14:01:45 GMT",https://sanctionslistservice.ofac.treas.gov/api/download/SDN.CSV,https://wc2h-sls-prod-public-published.s3.us-gov-west-1.amazonaws.com/Published/59378d00-93aa-456f-af2b-bcaa6b3f4984/2026-09-03/99660c61-0e62-4850-be2f-77796b8efbc5/SDN.CSV,sdn.csv,,89262,,,,0,0,,
2026-09-05T02:28:58Z,ofac_cons,classic_primary,unchanged,200,"""d4be08e7bcd5c9374f8cfc51da75c6ce""","Fri, 04 Sep 2026 14:01:47 GMT",fa681487dfd865c189177b478a171178ab8e7133402342acc51f638a7bc121de,"Thu, 03 Sep 2026 15:37:43 GMT",https://sanctionslistservice.ofac.treas.gov/api/download/CONS_PRIM.CSV,https://wc2h-sls-prod-public-published.s3.us-gov-west-1.amazonaws.com/Published/59378d00-93aa-456f-af2b-bcaa6b3f4984/2026-09-03/99660c61-0e62-4850-be2f-77796b8efbc5/CONS_PRIM.CSV,cons_prim.csv,,3371,,,,0,0,,
2026-09-05T03:28:54Z,ofac_sdn,classic_primary,unchanged,304,"""cbed905f8f399415e6482568a272026f""","Fri, 04 Sep 2026 14:01:46 GMT",0ffb4504696e2f5adecbd23a3f27c27e8264447a8021752f1043c74422650f5f,"Fri, 04 Sep 2026 14:01:45 GMT",https://sanctionslistservice.ofac.treas.gov/api/download/SDN.CSV,https://wc2h-sls-prod-public-published.s3.us-gov-west-1.amazonaws.com/Published/59378d00-93aa-456f-af2b-bcaa6b3f4984/2026-09-03/99660c61-0e62-4850-be2f-77796b8efbc5/SDN.CSV,sdn.csv,,89262,,,,0,0,,
2026-09-05T03:28:54Z,ofac_cons,classic_primary,unchanged,200,"""d4be08e7bcd5c9374f8cfc51da75c6ce""","Fri, 04 Sep 2026 14:01:47 GMT",fa681487dfd865c189177b478a171178ab8e7133402342acc51f638a7bc121de,"Thu, 03 Sep 2026 15:37:43 GMT",https://sanctionslistservice.ofac.treas.gov/api/download/CONS_PRIM.CSV,https://wc2h-sls-prod-public-published.s3.us-gov-west-1.amazonaws.com/Published/59378d00-93aa-456f-af2b-bcaa6b3f4984/2026-09-03/99660c61-0e62-4850-be2f-77796b8efbc5/CONS_PRIM.CSV,cons_prim.csv,,3371,,,,0,0,,
2026-09-05T04:28:49Z,ofac_sdn,classic_primary,unchanged,304,"""cbed905f8f399415e6482568a272026f""","Fri, 04 Sep 2026 14:01:46 GMT",0ffb4504696e2f5adecbd23a3f27c27e8264447a8021752f1043c74422650f5f,"Fri, 04 Sep 2026 14:01:45 GMT",https://sanctionslistservice.ofac.treas.gov/api/download/SDN.CSV,https://wc2h-sls-prod-public-published.s3.us-gov-west-1.amazonaws.com/Published/59378d00-93aa-456f-af2b-bcaa6b3f4984/2026-09-03/99660c61-0e62-4850-be2f-77796b8efbc5/SDN.CSV,sdn.csv,,89262,,,,0,0,,
2026-09-05T04:28:49Z,ofac_cons,classic_primary,unchanged,200,"""d4be08e7bcd5c9374f8cfc51da75c6ce""","Fri, 04 Sep 2026 14:01:47 GMT",fa681487dfd865c189177b478a171178ab8e7133402342acc51f638a7bc121de,"Thu, 03 Sep 2026 15:37:43 GMT",https://sanctionslistservice.ofac.treas.gov/api/download/CONS_PRIM.CSV,https://wc2h-sls-prod-public-published.s3.us-gov-west-1.amazonaws.com/Published/59378d00-93aa-456f-af2b-bcaa6b3f4984/2026-09-03/99660c61-0e62-4850-be2f-77796b8efbc5/CONS_PRIM.CSV,cons_prim.csv,,3371,,,,0,0,,
2026-09-05T05:28:00Z,ofac_sdn,classic_primary,unchanged,304,"""cbed905f8f399415e6482568a272026f""","Fri, 04 Sep 2026 14:01:46 GMT",0ffb4504696e2f5adecbd23a3f27c27e8264447a8021752f1043c74422650f5f,"Fri, 04 Sep 2026 14:01:45 GMT",https://sanctionslistservice.ofac.treas.gov/api/download/SDN.CSV,https://wc2h-sls-prod-public-published.s3.us-gov-west-1.amazonaws.com/Published/59378d00-93aa-456f-af2b-bcaa6b3f4984/2026-09-03/99660c61-0e62-4850-be2f-77796b8efbc5/SDN.CSV,sdn.csv,,89262,,,,0,0,,
2026-09-05T05:28:00Z,ofac_cons,classic_primary,unchanged,200,"""d4be08e7bcd5c9374f8cfc51da75c6ce""","Fri, 04 Sep 2026 14:01:47 GMT",fa681487dfd865c189177b478a171178ab8e7133402342acc51f638a7bc121de,"Thu, 03 Sep 2026 15:37:43 GMT",https://sanctionslistservice.ofac.treas.gov/api/download/CONS_PRIM.CSV,https://wc2h-sls-prod-public-published.s3.us-gov-west-1.amazonaws.com/Published/59378d00-93aa-456f-af2b-bcaa6b3f4984/2026-09-03/99660c61-0e62-4850-be2f-77796b8efbc5/CONS_PRIM.CSV,cons_prim.csv,,3371,,,,0,0,,
2026-09-05T06:32:45Z,ofac_sdn,classic_primary,unchanged,304,"""cbed905f8f399415e6482568a272026f""","Fri, 04 Sep 2026 14:01:46 GMT",0ffb4504696e2f5adecbd23a3f27c27e8264447a8021752f1043c74422650f5f,"Fri, 04 Sep 2026 14:01:45 GMT",https://sanctionslistservice.ofac.treas.gov/api/download/SDN.CSV,https://wc2h-sls-prod-public-published.s3.us-gov-west-1.amazonaws.com/Published/59378d00-93aa-456f-af2b-bcaa6b3f4984/2026-09-03/99660c61-0e62-4850-be2f-77796b8efbc5/SDN.CSV,sdn.csv,,89262,,,,0,0,,
2026-09-05T06:32:45Z,ofac_cons,classic_primary,unchanged,200,"""d4be08e7bcd5c9374f8cfc51da75c6ce""","Fri, 04 Sep 2026 14:01:47 GMT",fa681487dfd865c189177b478a171178ab8e7133402342acc51f638a7bc121de,"Thu, 03 Sep 2026 15:37:43 GMT",https://sanctionslistservice.ofac.treas.gov/api/download/CONS_PRIM.CSV,https://wc2h-sls-prod-public-published.s3.us-gov-west-1.amazonaws.com/Published/59378d00-93aa-456f-af2b-bcaa6b3f4984/2026-09-03/99660c61-0e62-4850-be2f-77796b8efbc5/CONS_PRIM.CSV,cons_prim.csv,,3371,,,,0,0,,
2026-09-05T06:45:39Z,mof,index_page,fetched,200,"""a250-65a674ec61680""","Tue, 01 Sep 2026 08:00:10 GMT",131a64b1c8981a88efcd02a09f9d993fbc8b7ecaa0fe59bcb426fa90923e4922,令和8年9月2日,https://www.mof.go.jp/policy/international_policy/gaitame_kawase/gaitame/economic_sanctions/list.html,https://www.mof.go.jp/policy/international_policy/gaitame_kawase/gaitame/economic_sanctions/list.html,list.html,,,,,,0,0,,
2026-09-05T06:45:39Z,mof,list_file,unchanged,304,"""32251c-65a674ed558c0""","Tue, 01 Sep 2026 08:00:11 GMT",25fe3658295bb7010dd37ccf3d03d681abf47080dd1c5c8712f5bbad0c9ba7a9,令和8年9月2日,https://www.mof.go.jp/policy/international_policy/gaitame_kawase/gaitame/economic_sanctions/shisantouketsu20260902.csv,https://www.mof.go.jp/policy/international_policy/gaitame_kawase/gaitame/economic_sanctions/shisantouketsu20260902.csv,shisantouketsu20260902.csv,,14743,,,,0,0,,
2026-09-05T06:45:39Z,meti,index_page,blocked,403,"W/""c3bb143a530e398af9a1c1a440f0189c""","Mon, 24 Aug 2026 07:11:49 GMT",,,https://www.meti.go.jp/policy/anpo/law09.html,https://www.meti.go.jp/policy/anpo/law09.html,,,,,,,1,0,HTTPError,403 Client Error: Forbidden for url: https://www.meti.go.jp/policy/anpo/law09.html
2026-09-05T07:27:44Z,ofac_sdn,classic_primary,unchanged,304,"""cbed905f8f399415e6482568a272026f""","Fri, 04 Sep 2026 14:01:46 GMT",0ffb4504696e2f5adecbd23a3f27c27e8264447a8021752f1043c74422650f5f,"Fri, 04 Sep 2026 14:01:45 GMT",https://sanctionslistservice.ofac.treas.gov/api/download/SDN.CSV,https://wc2h-sls-prod-public-published.s3.us-gov-west-1.amazonaws.com/Published/59378d00-93aa-456f-af2b-bcaa6b3f4984/2026-09-03/99660c61-0e62-4850-be2f-77796b8efbc5/SDN.CSV,sdn.csv,,89262,,,,0,0,,
2026-09-05T07:27:44Z,ofac_cons,classic_primary,unchanged,200,"""d4be08e7bcd5c9374f8cfc51da75c6ce""","Fri, 04 Sep 2026 14:01:47 GMT",fa681487dfd865c189177b478a171178ab8e7133402342acc51f638a7bc121de,"Thu, 03 Sep 2026 15:37:43 GMT",https://sanctionslistservice.ofac.treas.gov/api/download/CONS_PRIM.CSV,https://wc2h-sls-prod-public-published.s3.us-gov-west-1.amazonaws.com/Published/59378d00-93aa-456f-af2b-bcaa6b3f4984/2026-09-03/99660c61-0e62-4850-be2f-77796b8efbc5/CONS_PRIM.CSV,cons_prim.csv,,3371,,,,0,0,,
2026-09-05T08:28:46Z,ofac_sdn,classic_primary,unchanged,304,"""cbed905f8f399415e6482568a272026f""","Fri, 04 Sep 2026 14:01:46 GMT",0ffb4504696e2f5adecbd23a3f27c27e8264447a8021752f1043c74422650f5f,"Fri, 04 Sep 2026 14:01:45 GMT",https://sanctionslistservice.ofac.treas.gov/api/download/SDN.CSV,https://wc2h-sls-prod-public-published.s3.us-gov-west-1.amazonaws.com/Published/59378d00-93aa-456f-af2b-bcaa6b3f4984/2026-09-03/99660c61-0e62-4850-be2f-77796b8efbc5/SDN.CSV,sdn.csv,,89262,,,,0,0,,
2026-09-05T08:28:46Z,ofac_cons,classic_primary,unchanged,200,"""d4be08e7bcd5c9374f8cfc51da75c6ce""","Fri, 04 Sep 2026 14:01:47 GMT",fa681487dfd865c189177b478a171178ab8e7133402342acc51f638a7bc121de,"Thu, 03 Sep 2026 15:37:43 GMT",https://sanctionslistservice.ofac.treas.gov/api/download/CONS_PRIM.CSV,https://wc2h-sls-prod-public-published.s3.us-gov-west-1.amazonaws.com/Published/59378d00-93aa-456f-af2b-bcaa6b3f4984/2026-09-03/99660c61-0e62-4850-be2f-77796b8efbc5/CONS_PRIM.CSV,cons_prim.csv,,3371,,,,0,0,,
2026-09-05T09:27:47Z,ofac_sdn,classic_primary,unchanged,304,"""cbed905f8f399415e6482568a272026f""","Fri, 04 Sep 2026 14:01:46 GMT",0ffb4504696e2f5adecbd23a3f27c27e8264447a8021752f1043c74422650f5f,"Fri, 04 Sep 2026 14:01:45 GMT",https://sanctionslistservice.ofac.treas.gov/api/download/SDN.CSV,https://wc2h-sls-prod-public-published.s3.us-gov-west-1.amazonaws.com/Published/59378d00-93aa-456f-af2b-bcaa6b3f4984/2026-09-03/99660c61-0e62-4850-be2f-77796b8efbc5/SDN.CSV,sdn.csv,,89262,,,,0,0,,
2026-09-05T09:27:47Z,ofac_cons,classic_primary,unchanged,200,"""d4be08e7bcd5c9374f8cfc51da75c6ce""","Fri, 04 Sep 2026 14:01:47 GMT",fa681487dfd865c189177b478a171178ab8e7133402342acc51f638a7bc121de,"Thu, 03 Sep 2026 15:37:43 GMT",https://sanctionslistservice.ofac.treas.gov/api/download/CONS_PRIM.CSV,https://wc2h-sls-prod-public-published.s3.us-gov-west-1.amazonaws.com/Published/59378d00-93aa-456f-af2b-bcaa6b3f4984/2026-09-03/99660c61-0e62-4850-be2f-77796b8efbc5/CONS_PRIM.CSV,cons_prim.csv,,3371,,,,0,0,,
2026-09-05T10:27:48Z,ofac_sdn,classic_primary,unchanged,304,"""cbed905f8f399415e6482568a272026f""","Fri, 04 Sep 2026 14:01:46 GMT",0ffb4504696e2f5adecbd23a3f27c27e8264447a8021752f1043c74422650f5f,"Fri, 04 Sep 2026 14:01:45 GMT",https://sanctionslistservice.ofac.treas.gov/api/download/SDN.CSV,https://wc2h-sls-prod-public-published.s3.us-gov-west-1.amazonaws.com/Published/59378d00-93aa-456f-af2b-bcaa6b3f4984/2026-09-03/99660c61-0e62-4850-be2f-77796b8efbc5/SDN.CSV,sdn.csv,,89262,,,,0,0,,
2026-09-05T10:27:48Z,ofac_cons,classic_primary,unchanged,200,"""d4be08e7bcd5c9374f8cfc51da75c6ce""","Fri, 04 Sep 2026 14:01:47 GMT",fa681487dfd865c189177b478a171178ab8e7133402342acc51f638a7bc121de,"Thu, 03 Sep 2026 15:37:43 GMT",https://sanctionslistservice.ofac.treas.gov/api/download/CONS_PRIM.CSV,https://wc2h-sls-prod-public-published.s3.us-gov-west-1.amazonaws.com/Published/59378d00-93aa-456f-af2b-bcaa6b3f4984/2026-09-03/99660c61-0e62-4850-be2f-77796b8efbc5/CONS_PRIM.CSV,cons_prim.csv,,3371,,,,0,0,,
2026-09-05T11:27:07Z,ofac_sdn,classic_primary,unchanged,304,"""cbed905f8f399415e6482568a272026f""","Fri, 04 Sep 2026 14:01:46 GMT",0ffb4504696e2f5adecbd23a3f27c27e8264447a8021752f1043c74422650f5f,"Fri, 04 Sep 2026 14:01:45 GMT",https://sanctionslistservice.ofac.treas.gov/api/download/SDN.CSV,https://wc2h-sls-prod-public-published.s3.us-gov-west-1.amazonaws.com/Published/59378d00-93aa-456f-af2b-bcaa6b3f4984/2026-09-03/99660c61-0e62-4850-be2f-77796b8efbc5/SDN.CSV,sdn.csv,,89262,,,,0,0,,
2026-09-05T11:27:07Z,ofac_cons,classic_primary,unchanged,200,"""d4be08e7bcd5c9374f8cfc51da75c6ce""","Fri, 04 Sep 2026 14:01:47 GMT",fa681487dfd865c189177b478a171178ab8e7133402342acc51f638a7bc121de,"Thu, 03 Sep 2026 15:37:43 GMT",https://sanctionslistservice.ofac.treas.gov/api/download/CONS_PRIM.CSV,https://wc2h-sls-prod-public-published.s3.us-gov-west-1.amazonaws.com/Published/59378d00-93aa-456f-af2b-bcaa6b3f4984/2026-09-03/99660c61-0e62-4850-be2f-77796b8efbc5/CONS_PRIM.CSV,cons_prim.csv,,3371,,,,0,0,,
2026-09-05T12:32:41Z,ofac_sdn,classic_primary,unchanged,304,"""cbed905f8f399415e6482568a272026f""","Fri, 04 Sep 2026 14:01:46 GMT",0ffb4504696e2f5adecbd23a3f27c27e8264447a8021752f1043c74422650f5f,"Fri, 04 Sep 2026 14:01:45 GMT",https://sanctionslistservice.ofac.treas.gov/api/download/SDN.CSV,https://wc2h-sls-prod-public-published.s3.us-gov-west-1.amazonaws.com/Published/59378d00-93aa-456f-af2b-bcaa6b3f4984/2026-09-03/99660c61-0e62-4850-be2f-77796b8efbc5/SDN.CSV,sdn.csv,,89262,,,,0,0,,
2026-09-05T12:32:41Z,ofac_cons,classic_primary,unchanged,200,"""d4be08e7bcd5c9374f8cfc51da75c6ce""","Fri, 04 Sep 2026 14:01:47 GMT",fa681487dfd865c189177b478a171178ab8e7133402342acc51f638a7bc121de,"Thu, 03 Sep 2026 15:37:43 GMT",https://sanctionslistservice.ofac.treas.gov/api/download/CONS_PRIM.CSV,https://wc2h-sls-prod-public-published.s3.us-gov-west-1.amazonaws.com/Published/59378d00-93aa-456f-af2b-bcaa6b3f4984/2026-09-03/99660c61-0e62-4850-be2f-77796b8efbc5/CONS_PRIM.CSV,cons_prim.csv,,3371,,,,0,0,,
2026-09-05T12:46:39Z,mof,index_page,fetched,200,"""a250-65a674ec61680""","Tue, 01 Sep 2026 08:00:10 GMT",8571fa4c2ab1c646fcff889809165f4b241718bfbfed377cc01c4e5464ebc04c,令和8年9月2日,https://www.mof.go.jp/policy/international_policy/gaitame_kawase/gaitame/economic_sanctions/list.html,https://www.mof.go.jp/policy/international_policy/gaitame_kawase/gaitame/economic_sanctions/list.html,list.html,,,,,,0,0,,
2026-09-05T12:46:39Z,mof,list_file,unchanged,304,"""32251c-65a674ed558c0""","Tue, 01 Sep 2026 08:00:11 GMT",25fe3658295bb7010dd37ccf3d03d681abf47080dd1c5c8712f5bbad0c9ba7a9,令和8年9月2日,https://www.mof.go.jp/policy/international_policy/gaitame_kawase/gaitame/economic_sanctions/shisantouketsu20260902.csv,https://www.mof.go.jp/policy/international_policy/gaitame_kawase/gaitame/economic_sanctions/shisantouketsu20260902.csv,shisantouketsu20260902.csv,,14743,,,,0,0,,
2026-09-05T12:46:39Z,meti,index_page,blocked,403,"W/""c3bb143a530e398af9a1c1a440f0189c""","Mon, 24 Aug 2026 07:11:49 GMT",,,https://www.meti.go.jp/policy/anpo/law09.html,https://www.meti.go.jp/policy/anpo/law09.html,,,,,,,1,0,HTTPError,403 Client Error: Forbidden for url: https://www.meti.go.jp/policy/anpo/law09.html
2026-09-05T13:27:38Z,ofac_sdn,classic_primary,unchanged,304,"""cbed905f8f399415e6482568a272026f""","Fri, 04 Sep 2026 14:01:46 GMT",0ffb4504696e2f5adecbd23a3f27c27e8264447a8021752f1043c74422650f5f,"Fri, 04 Sep 2026 14:01:45 GMT",https://sanctionslistservice.ofac.treas.gov/api/download/SDN.CSV,https://wc2h-sls-prod-public-published.s3.us-gov-west-1.amazonaws.com/Published/59378d00-93aa-456f-af2b-bcaa6b3f4984/2026-09-03/99660c61-0e62-4850-be2f-77796b8efbc5/SDN.CSV,sdn.csv,,89262,,,,0,0,,
2026-09-05T13:27:38Z,ofac_cons,classic_primary,unchanged,200,"""d4be08e7bcd5c9374f8cfc51da75c6ce""","Fri, 04 Sep 2026 14:01:47 GMT",fa681487dfd865c189177b478a171178ab8e7133402342acc51f638a7bc121de,"Thu, 03 Sep 2026 15:37:43 GMT",https://sanctionslistservice.ofac.treas.gov/api/download/CONS_PRIM.CSV,https://wc2h-sls-prod-public-published.s3.us-gov-west-1.amazonaws.com/Published/59378d00-93aa-456f-af2b-bcaa6b3f4984/2026-09-03/99660c61-0e62-4850-be2f-77796b8efbc5/CONS_PRIM.CSV,cons_prim.csv,,3371,,,,0,0,,
2026-09-05T14:27:29Z,ofac_sdn,classic_primary,unchanged,304,"""cbed905f8f399415e6482568a272026f""","Fri, 04 Sep 2026 14:01:46 GMT",0ffb4504696e2f5adecbd23a3f27c27e8264447a8021752f1043c74422650f5f,"Fri, 04 Sep 2026 14:01:45 GMT",https://sanctionslistservice.ofac.treas.gov/api/download/SDN.CSV,https://wc2h-sls-prod-public-published.s3.us-gov-west-1.amazonaws.com/Published/59378d00-93aa-456f-af2b-bcaa6b3f4984/2026-09-03/99660c61-0e62-4850-be2f-77796b8efbc5/SDN.CSV,sdn.csv,,89262,,,,0,0,,
2026-09-05T14:27:29Z,ofac_cons,classic_primary,unchanged,200,"""d4be08e7bcd5c9374f8cfc51da75c6ce""","Fri, 04 Sep 2026 14:01:47 GMT",fa681487dfd865c189177b478a171178ab8e7133402342acc51f638a7bc121de,"Thu, 03 Sep 2026 15:37:43 GMT",https://sanctionslistservice.ofac.treas.gov/api/download/CONS_PRIM.CSV,https://wc2h-sls-prod-public-published.s3.us-gov-west-1.amazonaws.com/Published/59378d00-93aa-456f-af2b-bcaa6b3f4984/2026-09-03/99660c61-0e62-4850-be2f-77796b8efbc5/CONS_PRIM.CSV,cons_prim.csv,,3371,,,,0,0,,
2026-09-05T15:27:51Z,ofac_sdn,classic_primary,unchanged,304,"""cbed905f8f399415e6482568a272026f""","Fri, 04 Sep 2026 14:01:46 GMT",0ffb4504696e2f5adecbd23a3f27c27e8264447a8021752f1043c74422650f5f,"Fri, 04 Sep 2026 14:01:45 GMT",https://sanctionslistservice.ofac.treas.gov/api/download/SDN.CSV,https://wc2h-sls-prod-public-published.s3.us-gov-west-1.amazonaws.com/Published/59378d00-93aa-456f-af2b-bcaa6b3f4984/2026-09-03/99660c61-0e62-4850-be2f-77796b8efbc5/SDN.CSV,sdn.csv,,89262,,,,0,0,,
2026-09-05T15:27:51Z,ofac_cons,classic_primary,unchanged,200,"""d4be08e7bcd5c9374f8cfc51da75c6ce""","Fri, 04 Sep 2026 14:01:47 GMT",fa681487dfd865c189177b478a171178ab8e7133402342acc51f638a7bc121de,"Thu, 03 Sep 2026 15:37:43 GMT",https://sanctionslistservice.ofac.treas.gov/api/download/CONS_PRIM.CSV,https://wc2h-sls-prod-public-published.s3.us-gov-west-1.amazonaws.com/Published/59378d00-93aa-456f-af2b-bcaa6b3f4984/2026-09-03/99660c61-0e62-4850-be2f-77796b8efbc5/CONS_PRIM.CSV,cons_prim.csv,,3371,,,,0,0,,
2026-09-05T16:28:48Z,ofac_sdn,classic_primary,unchanged,304,"""cbed905f8f399415e6482568a272026f""","Fri, 04 Sep 2026 14:01:46 GMT",0ffb4504696e2f5adecbd23a3f27c27e8264447a8021752f1043c74422650f5f,"Fri, 04 Sep 2026 14:01:45 GMT",https://sanctionslistservice.ofac.treas.gov/api/download/SDN.CSV,https://wc2h-sls-prod-public-published.s3.us-gov-west-1.amazonaws.com/Published/59378d00-93aa-456f-af2b-bcaa6b3f4984/2026-09-03/99660c61-0e62-4850-be2f-77796b8efbc5/SDN.CSV,sdn.csv,,89262,,,,0,0,,
2026-09-05T16:28:48Z,ofac_cons,classic_primary,unchanged,200,"""d4be08e7bcd5c9374f8cfc51da75c6ce""","Fri, 04 Sep 2026 14:01:47 GMT",fa681487dfd865c189177b478a171178ab8e7133402342acc51f638a7bc121de,"Thu, 03 Sep 2026 15:37:43 GMT",https://sanctionslistservice.ofac.treas.gov/api/download/CONS_PRIM.CSV,https://wc2h-sls-prod-public-published.s3.us-gov-west-1.amazonaws.com/Published/59378d00-93aa-456f-af2b-bcaa6b3f4984/2026-09-03/99660c61-0e62-4850-be2f-77796b8efbc5/CONS_PRIM.CSV,cons_prim.csv,,3371,,,,0,0,,
2026-09-05T17:26:27Z,ofac_sdn,classic_primary,unchanged,304,"""cbed905f8f399415e6482568a272026f""","Fri, 04 Sep 2026 14:01:46 GMT",0ffb4504696e2f5adecbd23a3f27c27e8264447a8021752f1043c74422650f5f,"Fri, 04 Sep 2026 14:01:45 GMT",https://sanctionslistservice.ofac.treas.gov/api/download/SDN.CSV,https://wc2h-sls-prod-public-published.s3.us-gov-west-1.amazonaws.com/Published/59378d00-93aa-456f-af2b-bcaa6b3f4984/2026-09-03/99660c61-0e62-4850-be2f-77796b8efbc5/SDN.CSV,sdn.csv,,89262,,,,0,0,,
2026-09-05T17:26:27Z,ofac_cons,classic_primary,unchanged,200,"""d4be08e7bcd5c9374f8cfc51da75c6ce""","Fri, 04 Sep 2026 14:01:47 GMT",fa681487dfd865c189177b478a171178ab8e7133402342acc51f638a7bc121de,"Thu, 03 Sep 2026 15:37:43 GMT",https://sanctionslistservice.ofac.treas.gov/api/download/CONS_PRIM.CSV,https://wc2h-sls-prod-public-published.s3.us-gov-west-1.amazonaws.com/Published/59378d00-93aa-456f-af2b-bcaa6b3f4984/2026-09-03/99660c61-0e62-4850-be2f-77796b8efbc5/CONS_PRIM.CSV,cons_prim.csv,,3371,,,,0,0,,
2026-09-05T18:30:37Z,ofac_sdn,classic_primary,unchanged,304,"""cbed905f8f399415e6482568a272026f""","Fri, 04 Sep 2026 14:01:46 GMT",0ffb4504696e2f5adecbd23a3f27c27e8264447a8021752f1043c74422650f5f,"Fri, 04 Sep 2026 14:01:45 GMT",https://sanctionslistservice.ofac.treas.gov/api/download/SDN.CSV,https://wc2h-sls-prod-public-published.s3.us-gov-west-1.amazonaws.com/Published/59378d00-93aa-456f-af2b-bcaa6b3f4984/2026-09-03/99660c61-0e62-4850-be2f-77796b8efbc5/SDN.CSV,sdn.csv,,89262,,,,0,0,,
2026-09-05T18:30:37Z,ofac_cons,classic_primary,unchanged,200,"""d4be08e7bcd5c9374f8cfc51da75c6ce""","Fri, 04 Sep 2026 14:01:47 GMT",fa681487dfd865c189177b478a171178ab8e7133402342acc51f638a7bc121de,"Thu, 03 Sep 2026 15:37:43 GMT",https://sanctionslistservice.ofac.treas.gov/api/download/CONS_PRIM.CSV,https://wc2h-sls-prod-public-published.s3.us-gov-west-1.amazonaws.com/Published/59378d00-93aa-456f-af2b-bcaa6b3f4984/2026-09-03/99660c61-0e62-4850-be2f-77796b8efbc5/CONS_PRIM.CSV,cons_prim.csv,,3371,,,,0,0,,
2026-09-05T18:45:32Z,mof,index_page,fetched,200,"""a250-65a674ec61680""","Tue, 01 Sep 2026 08:00:10 GMT",0e850daf318dda495ac6c7f0d611bc0b54d92f21e80015bc064ff0e58af58d55,令和8年9月2日,https://www.mof.go.jp/policy/international_policy/gaitame_kawase/gaitame/economic_sanctions/list.html,https://www.mof.go.jp/policy/international_policy/gaitame_kawase/gaitame/economic_sanctions/list.html,list.html,,,,,,0,0,,
2026-09-05T18:45:32Z,mof,list_file,unchanged,304,"""32251c-65a674ed558c0""","Tue, 01 Sep 2026 08:00:11 GMT",25fe3658295bb7010dd37ccf3d03d681abf47080dd1c5c8712f5bbad0c9ba7a9,令和8年9月2日,https://www.mof.go.jp/policy/international_policy/gaitame_kawase/gaitame/economic_sanctions/shisantouketsu20260902.csv,https://www.mof.go.jp/policy/international_policy/gaitame_kawase/gaitame/economic_sanctions/shisantouketsu20260902.csv,shisantouketsu20260902.csv,,14743,,,,0,0,,
2026-09-05T18:45:32Z,meti,index_page,blocked,403,"W/""c3bb143a530e398af9a1c1a440f0189c""","Mon, 24 Aug 2026 07:11:49 GMT",,,https://www.meti.go.jp/policy/anpo/law09.html,https://www.meti.go.jp/policy/anpo/law09.html,,,,,,,1,0,HTTPError,403 Client Error: Forbidden for url: https://www.meti.go.jp/policy/anpo/law09.html
2026-09-05T19:26:24Z,ofac_sdn,classic_primary,unchanged,304,"""cbed905f8f399415e6482568a272026f""","Fri, 04 Sep 2026 14:01:46 GMT",0ffb4504696e2f5adecbd23a3f27c27e8264447a8021752f1043c74422650f5f,"Fri, 04 Sep 2026 14:01:45 GMT",https://sanctionslistservice.ofac.treas.gov/api/download/SDN.CSV,https://wc2h-sls-prod-public-published.s3.us-gov-west-1.amazonaws.com/Published/59378d00-93aa-456f-af2b-bcaa6b3f4984/2026-09-03/99660c61-0e62-4850-be2f-77796b8efbc5/SDN.CSV,sdn.csv,,89262,,,,0,0,,
2026-09-05T19:26:24Z,ofac_cons,classic_primary,unchanged,200,"""d4be08e7bcd5c9374f8cfc51da75c6ce""","Fri, 04 Sep 2026 14:01:47 GMT",fa681487dfd865c189177b478a171178ab8e7133402342acc51f638a7bc121de,"Thu, 03 Sep 2026 15:37:43 GMT",https://sanctionslistservice.ofac.treas.gov/api/download/CONS_PRIM.CSV,https://wc2h-sls-prod-public-published.s3.us-gov-west-1.amazonaws.com/Published/59378d00-93aa-456f-af2b-bcaa6b3f4984/2026-09-03/99660c61-0e62-4850-be2f-77796b8efbc5/CONS_PRIM.CSV,cons_prim.csv,,3371,,,,0,0,,
2026-09-05T19:44:13Z,meti_rss,METI_NEWS_RELEASE_RSS_SENSOR,baseline,200,"W/""85de91fe47e2f3e3e025833da3ffffab""","Thu, 25 Jun 2026 20:29:34 GMT",ae1eb72bba8d18f20bc9a7bb38611e5f9c2db3d242163875b8b6b6a44fa6c9d0,2026-06-19T05:00:00Z,https://www.meti.go.jp/ml_index_release_atom.xml,https://www.meti.go.jp/ml_index_release_atom.xml,ml_index_release_atom.xml,data/raw/meti_rss/20260905T194413Z__ml_index_release_atom.xml.gz,25,,,,0,0,,
2026-09-05T19:44:13Z,meti_rss,METI_NEWS_RELEASE_RSS_SENSOR,stale,200,"W/""85de91fe47e2f3e3e025833da3ffffab""","Thu, 25 Jun 2026 20:29:34 GMT",ae1eb72bba8d18f20bc9a7bb38611e5f9c2db3d242163875b8b6b6a44fa6c9d0,2026-06-19T05:00:00Z,https://www.meti.go.jp/ml_index_release_atom.xml,https://www.meti.go.jp/ml_index_release_atom.xml,ml_index_release_atom.xml,data/raw/meti_rss/20260905T194413Z__ml_index_release_atom.xml.gz,25,,,,0,0,FeedStaleError,"RSS最終entryが古すぎる: latest=2026-06-19T05:00:00Z, age=1886.7h, threshold=168h"
2026-09-05T19:57:35Z,meti_rss,METI_NEWS_RELEASE_RSS_SENSOR,stale,304,"W/""85de91fe47e2f3e3e025833da3ffffab""","Thu, 25 Jun 2026 20:29:34 GMT",ae1eb72bba8d18f20bc9a7bb38611e5f9c2db3d242163875b8b6b6a44fa6c9d0,2026-06-19T05:00:00Z,https://www.meti.go.jp/ml_index_release_atom.xml,https://www.meti.go.jp/ml_index_release_atom.xml,ml_index_release_atom.xml,,25,,,,0,0,FeedStaleError,"RSS最終entryが古すぎる: latest=2026-06-19T05:00:00Z, age=1887.0h, threshold=168h"
2026-09-05T20:12:40Z,meti_rss,METI_NEWS_RELEASE_RSS_SENSOR,stale,304,"W/""85de91fe47e2f3e3e025833da3ffffab""","Thu, 25 Jun 2026 20:29:34 GMT",ae1eb72bba8d18f20bc9a7bb38611e5f9c2db3d242163875b8b6b6a44fa6c9d0,2026-06-19T05:00:00Z,https://www.meti.go.jp/ml_index_release_atom.xml,https://www.meti.go.jp/ml_index_release_atom.xml,ml_index_release_atom.xml,,25,,,,0,0,FeedStaleError,"RSS最終entryが古すぎる: latest=2026-06-19T05:00:00Z, age=1887.2h, threshold=168h"
2026-09-05T20:19:17Z,meti_manual,foreign_user_list_pdf,baseline_review_required,,,,c632d657f9c13b1250d688394eb7c99956a994527cb56f4a77c86ed61ff1dbda,2025-10-09,https://www.meti.go.jp/policy/anpo/20250929_3.pdf,,20250929_3.pdf,data/raw/meti_manual/20260905T201914Z__c632d657f9c1__20250929_3.pdf,835,0,0,0,0,0,,
2026-09-05T20:28:40Z,ofac_sdn,classic_primary,unchanged,304,"""cbed905f8f399415e6482568a272026f""","Fri, 04 Sep 2026 14:01:46 GMT",0ffb4504696e2f5adecbd23a3f27c27e8264447a8021752f1043c74422650f5f,"Fri, 04 Sep 2026 14:01:45 GMT",https://sanctionslistservice.ofac.treas.gov/api/download/SDN.CSV,https://wc2h-sls-prod-public-published.s3.us-gov-west-1.amazonaws.com/Published/59378d00-93aa-456f-af2b-bcaa6b3f4984/2026-09-03/99660c61-0e62-4850-be2f-77796b8efbc5/SDN.CSV,sdn.csv,,89262,,,,0,0,,
2026-09-05T20:28:40Z,ofac_cons,classic_primary,unchanged,200,"""d4be08e7bcd5c9374f8cfc51da75c6ce""","Fri, 04 Sep 2026 14:01:47 GMT",fa681487dfd865c189177b478a171178ab8e7133402342acc51f638a7bc121de,"Thu, 03 Sep 2026 15:37:43 GMT",https://sanctionslistservice.ofac.treas.gov/api/download/CONS_PRIM.CSV,https://wc2h-sls-prod-public-published.s3.us-gov-west-1.amazonaws.com/Published/59378d00-93aa-456f-af2b-bcaa6b3f4984/2026-09-03/99660c61-0e62-4850-be2f-77796b8efbc5/CONS_PRIM.CSV,cons_prim.csv,,3371,,,,0,0,,
2026-09-05T20:29:22Z,meti_manual,foreign_user_list_pdf,approved,,,,c632d657f9c13b1250d688394eb7c99956a994527cb56f4a77c86ed61ff1dbda,2025-10-09,https://www.meti.go.jp/policy/anpo/20250929_3.pdf,,20260905T201914Z__c632d657f9c1__20250929_3.pdf,data/raw/meti_manual/20260905T201914Z__c632d657f9c1__20250929_3.pdf,835,0,0,0,0,0,,
2026-09-05T20:53:06Z,meti_manual,foreign_user_list_pdf,applied_with_holds,,,,c632d657f9c13b1250d688394eb7c99956a994527cb56f4a77c86ed61ff1dbda,2025-10-09,https://www.meti.go.jp/policy/anpo/20250929_3.pdf,,20260905T201914Z__c632d657f9c1__20250929_3.pdf,data/raw/meti_manual/20260905T201914Z__c632d657f9c1__20250929_3.pdf,835,314,0,432,0,0,,
2026-09-05T21:27:12Z,ofac_sdn,classic_primary,unchanged,304,"""cbed905f8f399415e6482568a272026f""","Fri, 04 Sep 2026 14:01:46 GMT",0ffb4504696e2f5adecbd23a3f27c27e8264447a8021752f1043c74422650f5f,"Fri, 04 Sep 2026 14:01:45 GMT",https://sanctionslistservice.ofac.treas.gov/api/download/SDN.CSV,https://wc2h-sls-prod-public-published.s3.us-gov-west-1.amazonaws.com/Published/59378d00-93aa-456f-af2b-bcaa6b3f4984/2026-09-03/99660c61-0e62-4850-be2f-77796b8efbc5/SDN.CSV,sdn.csv,,89262,,,,0,0,,
2026-09-05T21:27:12Z,ofac_cons,classic_primary,unchanged,200,"""d4be08e7bcd5c9374f8cfc51da75c6ce""","Fri, 04 Sep 2026 14:01:47 GMT",fa681487dfd865c189177b478a171178ab8e7133402342acc51f638a7bc121de,"Thu, 03 Sep 2026 15:37:43 GMT",https://sanctionslistservice.ofac.treas.gov/api/download/CONS_PRIM.CSV,https://wc2h-sls-prod-public-published.s3.us-gov-west-1.amazonaws.com/Published/59378d00-93aa-456f-af2b-bcaa6b3f4984/2026-09-03/99660c61-0e62-4850-be2f-77796b8efbc5/CONS_PRIM.CSV,cons_prim.csv,,3371,,,,0,0,,
2026-09-05T21:32:33Z,meti_rss,METI_NEWS_RELEASE_RSS_SENSOR,fetch_error,403,"W/""c3bb143a530e398af9a1c1a440f0189c""","Mon, 24 Aug 2026 07:11:49 GMT",,2026-06-19T05:00:00Z,https://www.meti.go.jp/ml_index_release_atom.xml,https://www.meti.go.jp/ml_index_release_atom.xml,,,25,,,,1,0,HTTPError,403 Client Error: Forbidden for url: https://www.meti.go.jp/ml_index_release_atom.xml
2026-09-05T22:26:58Z,ofac_sdn,classic_primary,unchanged,304,"""cbed905f8f399415e6482568a272026f""","Fri, 04 Sep 2026 14:01:46 GMT",0ffb4504696e2f5adecbd23a3f27c27e8264447a8021752f1043c74422650f5f,"Fri, 04 Sep 2026 14:01:45 GMT",https://sanctionslistservice.ofac.treas.gov/api/download/SDN.CSV,https://wc2h-sls-prod-public-published.s3.us-gov-west-1.amazonaws.com/Published/59378d00-93aa-456f-af2b-bcaa6b3f4984/2026-09-03/99660c61-0e62-4850-be2f-77796b8efbc5/SDN.CSV,sdn.csv,,89262,,,,0,0,,
2026-09-05T22:26:58Z,ofac_cons,classic_primary,unchanged,200,"""d4be08e7bcd5c9374f8cfc51da75c6ce""","Fri, 04 Sep 2026 14:01:47 GMT",fa681487dfd865c189177b478a171178ab8e7133402342acc51f638a7bc121de,"Thu, 03 Sep 2026 15:37:43 GMT",https://sanctionslistservice.ofac.treas.gov/api/download/CONS_PRIM.CSV,https://wc2h-sls-prod-public-published.s3.us-gov-west-1.amazonaws.com/Published/59378d00-93aa-456f-af2b-bcaa6b3f4984/2026-09-03/99660c61-0e62-4850-be2f-77796b8efbc5/CONS_PRIM.CSV,cons_prim.csv,,3371,,,,0,0,,
2026-09-05T23:27:25Z,ofac_sdn,classic_primary,unchanged,304,"""cbed905f8f399415e6482568a272026f""","Fri, 04 Sep 2026 14:01:46 GMT",0ffb4504696e2f5adecbd23a3f27c27e8264447a8021752f1043c74422650f5f,"Fri, 04 Sep 2026 14:01:45 GMT",https://sanctionslistservice.ofac.treas.gov/api/download/SDN.CSV,https://wc2h-sls-prod-public-published.s3.us-gov-west-1.amazonaws.com/Published/59378d00-93aa-456f-af2b-bcaa6b3f4984/2026-09-03/99660c61-0e62-4850-be2f-77796b8efbc5/SDN.CSV,sdn.csv,,89262,,,,0,0,,
2026-09-05T23:27:25Z,ofac_cons,classic_primary,unchanged,200,"""d4be08e7bcd5c9374f8cfc51da75c6ce""","Fri, 04 Sep 2026 14:01:47 GMT",fa681487dfd865c189177b478a171178ab8e7133402342acc51f638a7bc121de,"Thu, 03 Sep 2026 15:37:43 GMT",https://sanctionslistservice.ofac.treas.gov/api/download/CONS_PRIM.CSV,https://wc2h-sls-prod-public-published.s3.us-gov-west-1.amazonaws.com/Published/59378d00-93aa-456f-af2b-bcaa6b3f4984/2026-09-03/99660c61-0e62-4850-be2f-77796b8efbc5/CONS_PRIM.CSV,cons_prim.csv,,3371,,,,0,0,,
2026-09-06T00:41:43Z,ofac_sdn,classic_primary,unchanged,304,"""cbed905f8f399415e6482568a272026f""","Fri, 04 Sep 2026 14:01:46 GMT",0ffb4504696e2f5adecbd23a3f27c27e8264447a8021752f1043c74422650f5f,"Fri, 04 Sep 2026 14:01:45 GMT",https://sanctionslistservice.ofac.treas.gov/api/download/SDN.CSV,https://wc2h-sls-prod-public-published.s3.us-gov-west-1.amazonaws.com/Published/59378d00-93aa-456f-af2b-bcaa6b3f4984/2026-09-03/99660c61-0e62-4850-be2f-77796b8efbc5/SDN.CSV,sdn.csv,,89262,,,,0,0,,
2026-09-06T00:41:43Z,ofac_cons,classic_primary,unchanged,200,"""d4be08e7bcd5c9374f8cfc51da75c6ce""","Fri, 04 Sep 2026 14:01:47 GMT",fa681487dfd865c189177b478a171178ab8e7133402342acc51f638a7bc121de,"Thu, 03 Sep 2026 15:37:43 GMT",https://sanctionslistservice.ofac.treas.gov/api/download/CONS_PRIM.CSV,https://wc2h-sls-prod-public-published.s3.us-gov-west-1.amazonaws.com/Published/59378d00-93aa-456f-af2b-bcaa6b3f4984/2026-09-03/99660c61-0e62-4850-be2f-77796b8efbc5/CONS_PRIM.CSV,cons_prim.csv,,3371,,,,0,0,,
2026-09-06T00:50:19Z,mof,index_page,fetched,200,"""a250-65a674ec61680""","Tue, 01 Sep 2026 08:00:10 GMT",1fdd20838f0f29a3dbdeac019e3bc86e1a2ce5872efcac4127e59e4e4a8fcaa7,令和8年9月2日,https://www.mof.go.jp/policy/international_policy/gaitame_kawase/gaitame/economic_sanctions/list.html,https://www.mof.go.jp/policy/international_policy/gaitame_kawase/gaitame/economic_sanctions/list.html,list.html,,,,,,0,0,,
2026-09-06T00:50:19Z,mof,list_file,unchanged,304,"""32251c-65a674ed558c0""","Tue, 01 Sep 2026 08:00:11 GMT",25fe3658295bb7010dd37ccf3d03d681abf47080dd1c5c8712f5bbad0c9ba7a9,令和8年9月2日,https://www.mof.go.jp/policy/international_policy/gaitame_kawase/gaitame/economic_sanctions/shisantouketsu20260902.csv,https://www.mof.go.jp/policy/international_policy/gaitame_kawase/gaitame/economic_sanctions/shisantouketsu20260902.csv,shisantouketsu20260902.csv,,14743,,,,0,0,,
2026-09-06T00:50:19Z,meti,index_page,blocked,403,"W/""c3bb143a530e398af9a1c1a440f0189c""","Mon, 24 Aug 2026 07:11:49 GMT",,,https://www.meti.go.jp/policy/anpo/law09.html,https://www.meti.go.jp/policy/anpo/law09.html,,,,,,,1,0,HTTPError,403 Client Error: Forbidden for url: https://www.meti.go.jp/policy/anpo/law09.html
2026-09-06T01:27:40Z,ofac_sdn,classic_primary,unchanged,304,"""cbed905f8f399415e6482568a272026f""","Fri, 04 Sep 2026 14:01:46 GMT",0ffb4504696e2f5adecbd23a3f27c27e8264447a8021752f1043c74422650f5f,"Fri, 04 Sep 2026 14:01:45 GMT",https://sanctionslistservice.ofac.treas.gov/api/download/SDN.CSV,https://wc2h-sls-prod-public-published.s3.us-gov-west-1.amazonaws.com/Published/59378d00-93aa-456f-af2b-bcaa6b3f4984/2026-09-03/99660c61-0e62-4850-be2f-77796b8efbc5/SDN.CSV,sdn.csv,,89262,,,,0,0,,
2026-09-06T01:27:40Z,ofac_cons,classic_primary,unchanged,200,"""d4be08e7bcd5c9374f8cfc51da75c6ce""","Fri, 04 Sep 2026 14:01:47 GMT",fa681487dfd865c189177b478a171178ab8e7133402342acc51f638a7bc121de,"Thu, 03 Sep 2026 15:37:43 GMT",https://sanctionslistservice.ofac.treas.gov/api/download/CONS_PRIM.CSV,https://wc2h-sls-prod-public-published.s3.us-gov-west-1.amazonaws.com/Published/59378d00-93aa-456f-af2b-bcaa6b3f4984/2026-09-03/99660c61-0e62-4850-be2f-77796b8efbc5/CONS_PRIM.CSV,cons_prim.csv,,3371,,,,0,0,,
2026-09-06T02:29:11Z,ofac_sdn,classic_primary,unchanged,304,"""cbed905f8f399415e6482568a272026f""","Fri, 04 Sep 2026 14:01:46 GMT",0ffb4504696e2f5adecbd23a3f27c27e8264447a8021752f1043c74422650f5f,"Fri, 04 Sep 2026 14:01:45 GMT",https://sanctionslistservice.ofac.treas.gov/api/download/SDN.CSV,https://wc2h-sls-prod-public-published.s3.us-gov-west-1.amazonaws.com/Published/59378d00-93aa-456f-af2b-bcaa6b3f4984/2026-09-03/99660c61-0e62-4850-be2f-77796b8efbc5/SDN.CSV,sdn.csv,,89262,,,,0,0,,
2026-09-06T02:29:11Z,ofac_cons,classic_primary,unchanged,200,"""d4be08e7bcd5c9374f8cfc51da75c6ce""","Fri, 04 Sep 2026 14:01:47 GMT",fa681487dfd865c189177b478a171178ab8e7133402342acc51f638a7bc121de,"Thu, 03 Sep 2026 15:37:43 GMT",https://sanctionslistservice.ofac.treas.gov/api/download/CONS_PRIM.CSV,https://wc2h-sls-prod-public-published.s3.us-gov-west-1.amazonaws.com/Published/59378d00-93aa-456f-af2b-bcaa6b3f4984/2026-09-03/99660c61-0e62-4850-be2f-77796b8efbc5/CONS_PRIM.CSV,cons_prim.csv,,3371,,,,0,0,,
2026-09-06T03:29:46Z,ofac_sdn,classic_primary,unchanged,304,"""cbed905f8f399415e6482568a272026f""","Fri, 04 Sep 2026 14:01:46 GMT",0ffb4504696e2f5adecbd23a3f27c27e8264447a8021752f1043c74422650f5f,"Fri, 04 Sep 2026 14:01:45 GMT",https://sanctionslistservice.ofac.treas.gov/api/download/SDN.CSV,https://wc2h-sls-prod-public-published.s3.us-gov-west-1.amazonaws.com/Published/59378d00-93aa-456f-af2b-bcaa6b3f4984/2026-09-03/99660c61-0e62-4850-be2f-77796b8efbc5/SDN.CSV,sdn.csv,,89262,,,,0,0,,
2026-09-06T03:29:46Z,ofac_cons,classic_primary,unchanged,200,"""d4be08e7bcd5c9374f8cfc51da75c6ce""","Fri, 04 Sep 2026 14:01:47 GMT",fa681487dfd865c189177b478a171178ab8e7133402342acc51f638a7bc121de,"Thu, 03 Sep 2026 15:37:43 GMT",https://sanctionslistservice.ofac.treas.gov/api/download/CONS_PRIM.CSV,https://wc2h-sls-prod-public-published.s3.us-gov-west-1.amazonaws.com/Published/59378d00-93aa-456f-af2b-bcaa6b3f4984/2026-09-03/99660c61-0e62-4850-be2f-77796b8efbc5/CONS_PRIM.CSV,cons_prim.csv,,3371,,,,0,0,,
2026-09-06T04:29:37Z,ofac_sdn,classic_primary,unchanged,304,"""cbed905f8f399415e6482568a272026f""","Fri, 04 Sep 2026 14:01:46 GMT",0ffb4504696e2f5adecbd23a3f27c27e8264447a8021752f1043c74422650f5f,"Fri, 04 Sep 2026 14:01:45 GMT",https://sanctionslistservice.ofac.treas.gov/api/download/SDN.CSV,https://wc2h-sls-prod-public-published.s3.us-gov-west-1.amazonaws.com/Published/59378d00-93aa-456f-af2b-bcaa6b3f4984/2026-09-03/99660c61-0e62-4850-be2f-77796b8efbc5/SDN.CSV,sdn.csv,,89262,,,,0,0,,
2026-09-06T04:29:37Z,ofac_cons,classic_primary,unchanged,200,"""d4be08e7bcd5c9374f8cfc51da75c6ce""","Fri, 04 Sep 2026 14:01:47 GMT",fa681487dfd865c189177b478a171178ab8e7133402342acc51f638a7bc121de,"Thu, 03 Sep 2026 15:37:43 GMT",https://sanctionslistservice.ofac.treas.gov/api/download/CONS_PRIM.CSV,https://wc2h-sls-prod-public-published.s3.us-gov-west-1.amazonaws.com/Published/59378d00-93aa-456f-af2b-bcaa6b3f4984/2026-09-03/99660c61-0e62-4850-be2f-77796b8efbc5/CONS_PRIM.CSV,cons_prim.csv,,3371,,,,0,0,,
2026-09-06T05:28:05Z,ofac_sdn,classic_primary,unchanged,304,"""cbed905f8f399415e6482568a272026f""","Fri, 04 Sep 2026 14:01:46 GMT",0ffb4504696e2f5adecbd23a3f27c27e8264447a8021752f1043c74422650f5f,"Fri, 04 Sep 2026 14:01:45 GMT",https://sanctionslistservice.ofac.treas.gov/api/download/SDN.CSV,https://wc2h-sls-prod-public-published.s3.us-gov-west-1.amazonaws.com/Published/59378d00-93aa-456f-af2b-bcaa6b3f4984/2026-09-03/99660c61-0e62-4850-be2f-77796b8efbc5/SDN.CSV,sdn.csv,,89262,,,,0,0,,
2026-09-06T05:28:05Z,ofac_cons,classic_primary,unchanged,200,"""d4be08e7bcd5c9374f8cfc51da75c6ce""","Fri, 04 Sep 2026 14:01:47 GMT",fa681487dfd865c189177b478a171178ab8e7133402342acc51f638a7bc121de,"Thu, 03 Sep 2026 15:37:43 GMT",https://sanctionslistservice.ofac.treas.gov/api/download/CONS_PRIM.CSV,https://wc2h-sls-prod-public-published.s3.us-gov-west-1.amazonaws.com/Published/59378d00-93aa-456f-af2b-bcaa6b3f4984/2026-09-03/99660c61-0e62-4850-be2f-77796b8efbc5/CONS_PRIM.CSV,cons_prim.csv,,3371,,,,0,0,,
2026-09-06T06:33:51Z,ofac_sdn,classic_primary,unchanged,304,"""cbed905f8f399415e6482568a272026f""","Fri, 04 Sep 2026 14:01:46 GMT",0ffb4504696e2f5adecbd23a3f27c27e8264447a8021752f1043c74422650f5f,"Fri, 04 Sep 2026 14:01:45 GMT",https://sanctionslistservice.ofac.treas.gov/api/download/SDN.CSV,https://wc2h-sls-prod-public-published.s3.us-gov-west-1.amazonaws.com/Published/59378d00-93aa-456f-af2b-bcaa6b3f4984/2026-09-03/99660c61-0e62-4850-be2f-77796b8efbc5/SDN.CSV,sdn.csv,,89262,,,,0,0,,
2026-09-06T06:33:51Z,ofac_cons,classic_primary,unchanged,200,"""d4be08e7bcd5c9374f8cfc51da75c6ce""","Fri, 04 Sep 2026 14:01:47 GMT",fa681487dfd865c189177b478a171178ab8e7133402342acc51f638a7bc121de,"Thu, 03 Sep 2026 15:37:43 GMT",https://sanctionslistservice.ofac.treas.gov/api/download/CONS_PRIM.CSV,https://wc2h-sls-prod-public-published.s3.us-gov-west-1.amazonaws.com/Published/59378d00-93aa-456f-af2b-bcaa6b3f4984/2026-09-03/99660c61-0e62-4850-be2f-77796b8efbc5/CONS_PRIM.CSV,cons_prim.csv,,3371,,,,0,0,,
2026-09-06T06:47:20Z,mof,index_page,fetched,200,"""a250-65a674ec61680""","Tue, 01 Sep 2026 08:00:10 GMT",d327e180bbcb945e4c925b4d1e69c507ae59da943828a965f6c0238c8d3f600b,令和8年9月2日,https://www.mof.go.jp/policy/international_policy/gaitame_kawase/gaitame/economic_sanctions/list.html,https://www.mof.go.jp/policy/international_policy/gaitame_kawase/gaitame/economic_sanctions/list.html,list.html,,,,,,0,0,,
2026-09-06T06:47:20Z,mof,list_file,unchanged,304,"""32251c-65a674ed558c0""","Tue, 01 Sep 2026 08:00:11 GMT",25fe3658295bb7010dd37ccf3d03d681abf47080dd1c5c8712f5bbad0c9ba7a9,令和8年9月2日,https://www.mof.go.jp/policy/international_policy/gaitame_kawase/gaitame/economic_sanctions/shisantouketsu20260902.csv,https://www.mof.go.jp/policy/international_policy/gaitame_kawase/gaitame/economic_sanctions/shisantouketsu20260902.csv,shisantouketsu20260902.csv,,14743,,,,0,0,,
2026-09-06T06:47:20Z,meti,index_page,blocked,403,"W/""c3bb143a530e398af9a1c1a440f0189c""","Mon, 24 Aug 2026 07:11:49 GMT",,,https://www.meti.go.jp/policy/anpo/law09.html,https://www.meti.go.jp/policy/anpo/law09.html,,,,,,,1,0,HTTPError,403 Client Error: Forbidden for url: https://www.meti.go.jp/policy/anpo/law09.html
2026-09-06T07:28:19Z,ofac_sdn,classic_primary,unchanged,304,"""cbed905f8f399415e6482568a272026f""","Fri, 04 Sep 2026 14:01:46 GMT",0ffb4504696e2f5adecbd23a3f27c27e8264447a8021752f1043c74422650f5f,"Fri, 04 Sep 2026 14:01:45 GMT",https://sanctionslistservice.ofac.treas.gov/api/download/SDN.CSV,https://wc2h-sls-prod-public-published.s3.us-gov-west-1.amazonaws.com/Published/59378d00-93aa-456f-af2b-bcaa6b3f4984/2026-09-03/99660c61-0e62-4850-be2f-77796b8efbc5/SDN.CSV,sdn.csv,,89262,,,,0,0,,
2026-09-06T07:28:19Z,ofac_cons,classic_primary,unchanged,200,"""d4be08e7bcd5c9374f8cfc51da75c6ce""","Fri, 04 Sep 2026 14:01:47 GMT",fa681487dfd865c189177b478a171178ab8e7133402342acc51f638a7bc121de,"Thu, 03 Sep 2026 15:37:43 GMT",https://sanctionslistservice.ofac.treas.gov/api/download/CONS_PRIM.CSV,https://wc2h-sls-prod-public-published.s3.us-gov-west-1.amazonaws.com/Published/59378d00-93aa-456f-af2b-bcaa6b3f4984/2026-09-03/99660c61-0e62-4850-be2f-77796b8efbc5/CONS_PRIM.CSV,cons_prim.csv,,3371,,,,0,0,,
2026-09-06T08:30:37Z,ofac_sdn,classic_primary,unchanged,304,"""cbed905f8f399415e6482568a272026f""","Fri, 04 Sep 2026 14:01:46 GMT",0ffb4504696e2f5adecbd23a3f27c27e8264447a8021752f1043c74422650f5f,"Fri, 04 Sep 2026 14:01:45 GMT",https://sanctionslistservice.ofac.treas.gov/api/download/SDN.CSV,https://wc2h-sls-prod-public-published.s3.us-gov-west-1.amazonaws.com/Published/59378d00-93aa-456f-af2b-bcaa6b3f4984/2026-09-03/99660c61-0e62-4850-be2f-77796b8efbc5/SDN.CSV,sdn.csv,,89262,,,,0,0,,
2026-09-06T08:30:37Z,ofac_cons,classic_primary,unchanged,200,"""d4be08e7bcd5c9374f8cfc51da75c6ce""","Fri, 04 Sep 2026 14:01:47 GMT",fa681487dfd865c189177b478a171178ab8e7133402342acc51f638a7bc121de,"Thu, 03 Sep 2026 15:37:43 GMT",https://sanctionslistservice.ofac.treas.gov/api/download/CONS_PRIM.CSV,https://wc2h-sls-prod-public-published.s3.us-gov-west-1.amazonaws.com/Published/59378d00-93aa-456f-af2b-bcaa6b3f4984/2026-09-03/99660c61-0e62-4850-be2f-77796b8efbc5/CONS_PRIM.CSV,cons_prim.csv,,3371,,,,0,0,,
2026-09-06T09:29:09Z,ofac_sdn,classic_primary,unchanged,304,"""cbed905f8f399415e6482568a272026f""","Fri, 04 Sep 2026 14:01:46 GMT",0ffb4504696e2f5adecbd23a3f27c27e8264447a8021752f1043c74422650f5f,"Fri, 04 Sep 2026 14:01:45 GMT",https://sanctionslistservice.ofac.treas.gov/api/download/SDN.CSV,https://wc2h-sls-prod-public-published.s3.us-gov-west-1.amazonaws.com/Published/59378d00-93aa-456f-af2b-bcaa6b3f4984/2026-09-03/99660c61-0e62-4850-be2f-77796b8efbc5/SDN.CSV,sdn.csv,,89262,,,,0,0,,
2026-09-06T09:29:09Z,ofac_cons,classic_primary,unchanged,200,"""d4be08e7bcd5c9374f8cfc51da75c6ce""","Fri, 04 Sep 2026 14:01:47 GMT",fa681487dfd865c189177b478a171178ab8e7133402342acc51f638a7bc121de,"Thu, 03 Sep 2026 15:37:43 GMT",https://sanctionslistservice.ofac.treas.gov/api/download/CONS_PRIM.CSV,https://wc2h-sls-prod-public-published.s3.us-gov-west-1.amazonaws.com/Published/59378d00-93aa-456f-af2b-bcaa6b3f4984/2026-09-03/99660c61-0e62-4850-be2f-77796b8efbc5/CONS_PRIM.CSV,cons_prim.csv,,3371,,,,0,0,,
2026-09-06T10:28:55Z,ofac_sdn,classic_primary,unchanged,304,"""cbed905f8f399415e6482568a272026f""","Fri, 04 Sep 2026 14:01:46 GMT",0ffb4504696e2f5adecbd23a3f27c27e8264447a8021752f1043c74422650f5f,"Fri, 04 Sep 2026 14:01:45 GMT",https://sanctionslistservice.ofac.treas.gov/api/download/SDN.CSV,https://wc2h-sls-prod-public-published.s3.us-gov-west-1.amazonaws.com/Published/59378d00-93aa-456f-af2b-bcaa6b3f4984/2026-09-03/99660c61-0e62-4850-be2f-77796b8efbc5/SDN.CSV,sdn.csv,,89262,,,,0,0,,
2026-09-06T10:28:55Z,ofac_cons,classic_primary,unchanged,200,"""d4be08e7bcd5c9374f8cfc51da75c6ce""","Fri, 04 Sep 2026 14:01:47 GMT",fa681487dfd865c189177b478a171178ab8e7133402342acc51f638a7bc121de,"Thu, 03 Sep 2026 15:37:43 GMT",https://sanctionslistservice.ofac.treas.gov/api/download/CONS_PRIM.CSV,https://wc2h-sls-prod-public-published.s3.us-gov-west-1.amazonaws.com/Published/59378d00-93aa-456f-af2b-bcaa6b3f4984/2026-09-03/99660c61-0e62-4850-be2f-77796b8efbc5/CONS_PRIM.CSV,cons_prim.csv,,3371,,,,0,0,,
2026-09-06T11:27:45Z,ofac_sdn,classic_primary,unchanged,304,"""cbed905f8f399415e6482568a272026f""","Fri, 04 Sep 2026 14:01:46 GMT",0ffb4504696e2f5adecbd23a3f27c27e8264447a8021752f1043c74422650f5f,"Fri, 04 Sep 2026 14:01:45 GMT",https://sanctionslistservice.ofac.treas.gov/api/download/SDN.CSV,https://wc2h-sls-prod-public-published.s3.us-gov-west-1.amazonaws.com/Published/59378d00-93aa-456f-af2b-bcaa6b3f4984/2026-09-03/99660c61-0e62-4850-be2f-77796b8efbc5/SDN.CSV,sdn.csv,,89262,,,,0,0,,
2026-09-06T11:27:45Z,ofac_cons,classic_primary,unchanged,200,"""d4be08e7bcd5c9374f8cfc51da75c6ce""","Fri, 04 Sep 2026 14:01:47 GMT",fa681487dfd865c189177b478a171178ab8e7133402342acc51f638a7bc121de,"Thu, 03 Sep 2026 15:37:43 GMT",https://sanctionslistservice.ofac.treas.gov/api/download/CONS_PRIM.CSV,https://wc2h-sls-prod-public-published.s3.us-gov-west-1.amazonaws.com/Published/59378d00-93aa-456f-af2b-bcaa6b3f4984/2026-09-03/99660c61-0e62-4850-be2f-77796b8efbc5/CONS_PRIM.CSV,cons_prim.csv,,3371,,,,0,0,,
2026-09-06T12:34:07Z,ofac_sdn,classic_primary,unchanged,304,"""cbed905f8f399415e6482568a272026f""","Fri, 04 Sep 2026 14:01:46 GMT",0ffb4504696e2f5adecbd23a3f27c27e8264447a8021752f1043c74422650f5f,"Fri, 04 Sep 2026 14:01:45 GMT",https://sanctionslistservice.ofac.treas.gov/api/download/SDN.CSV,https://wc2h-sls-prod-public-published.s3.us-gov-west-1.amazonaws.com/Published/59378d00-93aa-456f-af2b-bcaa6b3f4984/2026-09-03/99660c61-0e62-4850-be2f-77796b8efbc5/SDN.CSV,sdn.csv,,89262,,,,0,0,,
2026-09-06T12:34:07Z,ofac_cons,classic_primary,unchanged,200,"""d4be08e7bcd5c9374f8cfc51da75c6ce""","Fri, 04 Sep 2026 14:01:47 GMT",fa681487dfd865c189177b478a171178ab8e7133402342acc51f638a7bc121de,"Thu, 03 Sep 2026 15:37:43 GMT",https://sanctionslistservice.ofac.treas.gov/api/download/CONS_PRIM.CSV,https://wc2h-sls-prod-public-published.s3.us-gov-west-1.amazonaws.com/Published/59378d00-93aa-456f-af2b-bcaa6b3f4984/2026-09-03/99660c61-0e62-4850-be2f-77796b8efbc5/CONS_PRIM.CSV,cons_prim.csv,,3371,,,,0,0,,
2026-09-06T12:47:01Z,mof,index_page,fetched,200,"""a250-65a674ec61680""","Tue, 01 Sep 2026 08:00:10 GMT",30c40172b933e03566b647d92d87ad31a17bf8e4f79470000e6eac8b7fd0a394,令和8年9月2日,https://www.mof.go.jp/policy/international_policy/gaitame_kawase/gaitame/economic_sanctions/list.html,https://www.mof.go.jp/policy/international_policy/gaitame_kawase/gaitame/economic_sanctions/list.html,list.html,,,,,,0,0,,
2026-09-06T12:47:01Z,mof,list_file,unchanged,304,"""32251c-65a674ed558c0""","Tue, 01 Sep 2026 08:00:11 GMT",25fe3658295bb7010dd37ccf3d03d681abf47080dd1c5c8712f5bbad0c9ba7a9,令和8年9月2日,https://www.mof.go.jp/policy/international_policy/gaitame_kawase/gaitame/economic_sanctions/shisantouketsu20260902.csv,https://www.mof.go.jp/policy/international_policy/gaitame_kawase/gaitame/economic_sanctions/shisantouketsu20260902.csv,shisantouketsu20260902.csv,,14743,,,,0,0,,
2026-09-06T12:47:01Z,meti,index_page,blocked,403,"W/""c3bb143a530e398af9a1c1a440f0189c""","Mon, 24 Aug 2026 07:11:49 GMT",,,https://www.meti.go.jp/policy/anpo/law09.html,https://www.meti.go.jp/policy/anpo/law09.html,,,,,,,1,0,HTTPError,403 Client Error: Forbidden for url: https://www.meti.go.jp/policy/anpo/law09.html
2026-09-06T13:28:22Z,ofac_sdn,classic_primary,unchanged,304,"""cbed905f8f399415e6482568a272026f""","Fri, 04 Sep 2026 14:01:46 GMT",0ffb4504696e2f5adecbd23a3f27c27e8264447a8021752f1043c74422650f5f,"Fri, 04 Sep 2026 14:01:45 GMT",https://sanctionslistservice.ofac.treas.gov/api/download/SDN.CSV,https://wc2h-sls-prod-public-published.s3.us-gov-west-1.amazonaws.com/Published/59378d00-93aa-456f-af2b-bcaa6b3f4984/2026-09-03/99660c61-0e62-4850-be2f-77796b8efbc5/SDN.CSV,sdn.csv,,89262,,,,0,0,,
2026-09-06T13:28:22Z,ofac_cons,classic_primary,unchanged,200,"""d4be08e7bcd5c9374f8cfc51da75c6ce""","Fri, 04 Sep 2026 14:01:47 GMT",fa681487dfd865c189177b478a171178ab8e7133402342acc51f638a7bc121de,"Thu, 03 Sep 2026 15:37:43 GMT",https://sanctionslistservice.ofac.treas.gov/api/download/CONS_PRIM.CSV,https://wc2h-sls-prod-public-published.s3.us-gov-west-1.amazonaws.com/Published/59378d00-93aa-456f-af2b-bcaa6b3f4984/2026-09-03/99660c61-0e62-4850-be2f-77796b8efbc5/CONS_PRIM.CSV,cons_prim.csv,,3371,,,,0,0,,
2026-09-06T14:26:46Z,meti_rss,METI_NEWS_RELEASE_RSS_SENSOR,stale,304,"W/""85de91fe47e2f3e3e025833da3ffffab""","Thu, 25 Jun 2026 20:29:34 GMT",ae1eb72bba8d18f20bc9a7bb38611e5f9c2db3d242163875b8b6b6a44fa6c9d0,2026-06-19T05:00:00Z,https://www.meti.go.jp/ml_index_release_atom.xml,https://www.meti.go.jp/ml_index_release_atom.xml,ml_index_release_atom.xml,,25,,,,0,0,FeedStaleError,"RSS最終entryが古すぎる: latest=2026-06-19T05:00:00Z, age=1905.4h, threshold=168h"
2026-09-06T14:27:51Z,meti_rss,METI_NEWS_RELEASE_RSS_SENSOR,fetch_error,403,"W/""c3bb143a530e398af9a1c1a440f0189c""","Mon, 24 Aug 2026 07:11:49 GMT",,2026-06-19T05:00:00Z,https://www.meti.go.jp/ml_index_release_atom.xml,https://www.meti.go.jp/ml_index_release_atom.xml,,,25,,,,1,0,HTTPError,403 Client Error: Forbidden for url: https://www.meti.go.jp/ml_index_release_atom.xml
2026-09-06T14:32:29Z,meti_html,METI_EXTERNAL_ECONOMY_PRESS_HTML,fetch_error,403,"W/""c3bb143a530e398af9a1c1a440f0189c""","Mon, 24 Aug 2026 07:11:49 GMT",,,https://www.meti.go.jp/press/category_02.html,https://www.meti.go.jp/press/category_02.html,,,,,,,1,0,HTTPError,403 Client Error: Forbidden for url: https://www.meti.go.jp/press/category_02.html
2026-09-06T14:32:29Z,meti_html,METI_ANPO_REVISION_HTML,fetch_error,403,"W/""c3bb143a530e398af9a1c1a440f0189c""","Mon, 24 Aug 2026 07:11:49 GMT",,,https://www.meti.go.jp/policy/anpo/law09-2.html,https://www.meti.go.jp/policy/anpo/law09-2.html,,,,,,,1,0,HTTPError,403 Client Error: Forbidden for url: https://www.meti.go.jp/policy/anpo/law09-2.html
2026-09-06T14:41:55Z,meti_rss,METI_NEWS_RELEASE_RSS_SENSOR,stale,304,"W/""85de91fe47e2f3e3e025833da3ffffab""","Thu, 25 Jun 2026 20:29:34 GMT",ae1eb72bba8d18f20bc9a7bb38611e5f9c2db3d242163875b8b6b6a44fa6c9d0,2026-06-19T05:00:00Z,https://www.meti.go.jp/ml_index_release_atom.xml,https://www.meti.go.jp/ml_index_release_atom.xml,ml_index_release_atom.xml,,25,,,,0,0,FeedStaleError,"RSS最終entryが古すぎる: latest=2026-06-19T05:00:00Z, age=1905.7h, threshold=168h"
2026-09-06T14:44:57Z,meti_html,METI_EXTERNAL_ECONOMY_PRESS_HTML,baseline,200,"W/""4784f765aa37f2c064216f4e1c3595b2""","Thu, 03 Sep 2026 00:55:00 GMT",1ce027d914985fd645fcc28ccb02125f72eacd4191d1e254cc365a8b001f6e4a,,https://www.meti.go.jp/press/category_02.html,https://www.meti.go.jp/press/category_02.html,category_02.html,data/raw/meti_html/20260906T144457Z__category_02.html.gz,469,469,0,0,0,0,,
2026-09-06T14:44:57Z,meti_html,METI_EXTERNAL_ECONOMY_PRESS_HTML,recovered,200,"W/""4784f765aa37f2c064216f4e1c3595b2""","Thu, 03 Sep 2026 00:55:00 GMT",1ce027d914985fd645fcc28ccb02125f72eacd4191d1e254cc365a8b001f6e4a,,https://www.meti.go.jp/press/category_02.html,https://www.meti.go.jp/press/category_02.html,category_02.html,data/raw/meti_html/20260906T144457Z__category_02.html.gz,469,,,,0,0,,
2026-09-06T14:44:57Z,meti_html,METI_ANPO_REVISION_HTML,baseline,200,"W/""93da7972954ef5b53037e6851feaf1ad""","Thu, 25 Jun 2026 20:29:32 GMT",81bdf72e5bd90225fa28e486b807fdec72fb74a20ab5d1ae1b885eb3e83fde7a,,https://www.meti.go.jp/policy/anpo/law09-2.html,https://www.meti.go.jp/policy/anpo/law09-2.html,law09-2.html,data/raw/meti_html/20260906T144457Z__law09-2.html.gz,15,0,0,0,0,0,,
2026-09-06T14:44:57Z,meti_html,METI_ANPO_REVISION_HTML,recovered,200,"W/""93da7972954ef5b53037e6851feaf1ad""","Thu, 25 Jun 2026 20:29:32 GMT",81bdf72e5bd90225fa28e486b807fdec72fb74a20ab5d1ae1b885eb3e83fde7a,,https://www.meti.go.jp/policy/anpo/law09-2.html,https://www.meti.go.jp/policy/anpo/law09-2.html,law09-2.html,data/raw/meti_html/20260906T144457Z__law09-2.html.gz,15,,,,0,0,,
2026-09-06T15:28:23Z,ofac_sdn,classic_primary,unchanged,304,"""cbed905f8f399415e6482568a272026f""","Fri, 04 Sep 2026 14:01:46 GMT",0ffb4504696e2f5adecbd23a3f27c27e8264447a8021752f1043c74422650f5f,"Fri, 04 Sep 2026 14:01:45 GMT",https://sanctionslistservice.ofac.treas.gov/api/download/SDN.CSV,https://wc2h-sls-prod-public-published.s3.us-gov-west-1.amazonaws.com/Published/59378d00-93aa-456f-af2b-bcaa6b3f4984/2026-09-03/99660c61-0e62-4850-be2f-77796b8efbc5/SDN.CSV,sdn.csv,,89262,,,,0,0,,
2026-09-06T15:28:23Z,ofac_cons,classic_primary,unchanged,200,"""d4be08e7bcd5c9374f8cfc51da75c6ce""","Fri, 04 Sep 2026 14:01:47 GMT",fa681487dfd865c189177b478a171178ab8e7133402342acc51f638a7bc121de,"Thu, 03 Sep 2026 15:37:43 GMT",https://sanctionslistservice.ofac.treas.gov/api/download/CONS_PRIM.CSV,https://wc2h-sls-prod-public-published.s3.us-gov-west-1.amazonaws.com/Published/59378d00-93aa-456f-af2b-bcaa6b3f4984/2026-09-03/99660c61-0e62-4850-be2f-77796b8efbc5/CONS_PRIM.CSV,cons_prim.csv,,3371,,,,0,0,,
2026-09-06T16:29:21Z,ofac_sdn,classic_primary,unchanged,304,"""cbed905f8f399415e6482568a272026f""","Fri, 04 Sep 2026 14:01:46 GMT",0ffb4504696e2f5adecbd23a3f27c27e8264447a8021752f1043c74422650f5f,"Fri, 04 Sep 2026 14:01:45 GMT",https://sanctionslistservice.ofac.treas.gov/api/download/SDN.CSV,https://wc2h-sls-prod-public-published.s3.us-gov-west-1.amazonaws.com/Published/59378d00-93aa-456f-af2b-bcaa6b3f4984/2026-09-03/99660c61-0e62-4850-be2f-77796b8efbc5/SDN.CSV,sdn.csv,,89262,,,,0,0,,
2026-09-06T16:29:21Z,ofac_cons,classic_primary,unchanged,200,"""d4be08e7bcd5c9374f8cfc51da75c6ce""","Fri, 04 Sep 2026 14:01:47 GMT",fa681487dfd865c189177b478a171178ab8e7133402342acc51f638a7bc121de,"Thu, 03 Sep 2026 15:37:43 GMT",https://sanctionslistservice.ofac.treas.gov/api/download/CONS_PRIM.CSV,https://wc2h-sls-prod-public-published.s3.us-gov-west-1.amazonaws.com/Published/59378d00-93aa-456f-af2b-bcaa6b3f4984/2026-09-03/99660c61-0e62-4850-be2f-77796b8efbc5/CONS_PRIM.CSV,cons_prim.csv,,3371,,,,0,0,,
2026-09-06T17:27:01Z,ofac_sdn,classic_primary,unchanged,304,"""cbed905f8f399415e6482568a272026f""","Fri, 04 Sep 2026 14:01:46 GMT",0ffb4504696e2f5adecbd23a3f27c27e8264447a8021752f1043c74422650f5f,"Fri, 04 Sep 2026 14:01:45 GMT",https://sanctionslistservice.ofac.treas.gov/api/download/SDN.CSV,https://wc2h-sls-prod-public-published.s3.us-gov-west-1.amazonaws.com/Published/59378d00-93aa-456f-af2b-bcaa6b3f4984/2026-09-03/99660c61-0e62-4850-be2f-77796b8efbc5/SDN.CSV,sdn.csv,,89262,,,,0,0,,
2026-09-06T17:27:01Z,ofac_cons,classic_primary,unchanged,200,"""d4be08e7bcd5c9374f8cfc51da75c6ce""","Fri, 04 Sep 2026 14:01:47 GMT",fa681487dfd865c189177b478a171178ab8e7133402342acc51f638a7bc121de,"Thu, 03 Sep 2026 15:37:43 GMT",https://sanctionslistservice.ofac.treas.gov/api/download/CONS_PRIM.CSV,https://wc2h-sls-prod-public-published.s3.us-gov-west-1.amazonaws.com/Published/59378d00-93aa-456f-af2b-bcaa6b3f4984/2026-09-03/99660c61-0e62-4850-be2f-77796b8efbc5/CONS_PRIM.CSV,cons_prim.csv,,3371,,,,0,0,,
2026-09-06T18:30:27Z,ofac_sdn,classic_primary,unchanged,304,"""cbed905f8f399415e6482568a272026f""","Fri, 04 Sep 2026 14:01:46 GMT",0ffb4504696e2f5adecbd23a3f27c27e8264447a8021752f1043c74422650f5f,"Fri, 04 Sep 2026 14:01:45 GMT",https://sanctionslistservice.ofac.treas.gov/api/download/SDN.CSV,https://wc2h-sls-prod-public-published.s3.us-gov-west-1.amazonaws.com/Published/59378d00-93aa-456f-af2b-bcaa6b3f4984/2026-09-03/99660c61-0e62-4850-be2f-77796b8efbc5/SDN.CSV,sdn.csv,,89262,,,,0,0,,
2026-09-06T18:30:27Z,ofac_cons,classic_primary,unchanged,200,"""d4be08e7bcd5c9374f8cfc51da75c6ce""","Fri, 04 Sep 2026 14:01:47 GMT",fa681487dfd865c189177b478a171178ab8e7133402342acc51f638a7bc121de,"Thu, 03 Sep 2026 15:37:43 GMT",https://sanctionslistservice.ofac.treas.gov/api/download/CONS_PRIM.CSV,https://wc2h-sls-prod-public-published.s3.us-gov-west-1.amazonaws.com/Published/59378d00-93aa-456f-af2b-bcaa6b3f4984/2026-09-03/99660c61-0e62-4850-be2f-77796b8efbc5/CONS_PRIM.CSV,cons_prim.csv,,3371,,,,0,0,,
2026-09-06T18:43:33Z,mof,index_page,fetched,200,"""a250-65a674ec61680""","Tue, 01 Sep 2026 08:00:10 GMT",8f374a3a71efd5bba6f7cb399c31d206d0e0a966647696235b45c99f47caebcf,令和8年9月2日,https://www.mof.go.jp/policy/international_policy/gaitame_kawase/gaitame/economic_sanctions/list.html,https://www.mof.go.jp/policy/international_policy/gaitame_kawase/gaitame/economic_sanctions/list.html,list.html,,,,,,0,0,,
2026-09-06T18:43:33Z,mof,list_file,unchanged,304,"""32251c-65a674ed558c0""","Tue, 01 Sep 2026 08:00:11 GMT",25fe3658295bb7010dd37ccf3d03d681abf47080dd1c5c8712f5bbad0c9ba7a9,令和8年9月2日,https://www.mof.go.jp/policy/international_policy/gaitame_kawase/gaitame/economic_sanctions/shisantouketsu20260902.csv,https://www.mof.go.jp/policy/international_policy/gaitame_kawase/gaitame/economic_sanctions/shisantouketsu20260902.csv,shisantouketsu20260902.csv,,14743,,,,0,0,,
2026-09-06T18:43:33Z,meti,index_page,blocked,403,"W/""c3bb143a530e398af9a1c1a440f0189c""","Mon, 24 Aug 2026 07:11:49 GMT",,,https://www.meti.go.jp/policy/anpo/law09.html,https://www.meti.go.jp/policy/anpo/law09.html,,,,,,,1,0,HTTPError,403 Client Error: Forbidden for url: https://www.meti.go.jp/policy/anpo/law09.html
2026-09-06T19:26:42Z,ofac_sdn,classic_primary,unchanged,304,"""cbed905f8f399415e6482568a272026f""","Fri, 04 Sep 2026 14:01:46 GMT",0ffb4504696e2f5adecbd23a3f27c27e8264447a8021752f1043c74422650f5f,"Fri, 04 Sep 2026 14:01:45 GMT",https://sanctionslistservice.ofac.treas.gov/api/download/SDN.CSV,https://wc2h-sls-prod-public-published.s3.us-gov-west-1.amazonaws.com/Published/59378d00-93aa-456f-af2b-bcaa6b3f4984/2026-09-03/99660c61-0e62-4850-be2f-77796b8efbc5/SDN.CSV,sdn.csv,,89262,,,,0,0,,
2026-09-06T19:26:42Z,ofac_cons,classic_primary,unchanged,200,"""d4be08e7bcd5c9374f8cfc51da75c6ce""","Fri, 04 Sep 2026 14:01:47 GMT",fa681487dfd865c189177b478a171178ab8e7133402342acc51f638a7bc121de,"Thu, 03 Sep 2026 15:37:43 GMT",https://sanctionslistservice.ofac.treas.gov/api/download/CONS_PRIM.CSV,https://wc2h-sls-prod-public-published.s3.us-gov-west-1.amazonaws.com/Published/59378d00-93aa-456f-af2b-bcaa6b3f4984/2026-09-03/99660c61-0e62-4850-be2f-77796b8efbc5/CONS_PRIM.CSV,cons_prim.csv,,3371,,,,0,0,,
2026-09-06T20:29:11Z,ofac_sdn,classic_primary,unchanged,304,"""cbed905f8f399415e6482568a272026f""","Fri, 04 Sep 2026 14:01:46 GMT",0ffb4504696e2f5adecbd23a3f27c27e8264447a8021752f1043c74422650f5f,"Fri, 04 Sep 2026 14:01:45 GMT",https://sanctionslistservice.ofac.treas.gov/api/download/SDN.CSV,https://wc2h-sls-prod-public-published.s3.us-gov-west-1.amazonaws.com/Published/59378d00-93aa-456f-af2b-bcaa6b3f4984/2026-09-03/99660c61-0e62-4850-be2f-77796b8efbc5/SDN.CSV,sdn.csv,,89262,,,,0,0,,
2026-09-06T20:29:11Z,ofac_cons,classic_primary,unchanged,200,"""d4be08e7bcd5c9374f8cfc51da75c6ce""","Fri, 04 Sep 2026 14:01:47 GMT",fa681487dfd865c189177b478a171178ab8e7133402342acc51f638a7bc121de,"Thu, 03 Sep 2026 15:37:43 GMT",https://sanctionslistservice.ofac.treas.gov/api/download/CONS_PRIM.CSV,https://wc2h-sls-prod-public-published.s3.us-gov-west-1.amazonaws.com/Published/59378d00-93aa-456f-af2b-bcaa6b3f4984/2026-09-03/99660c61-0e62-4850-be2f-77796b8efbc5/CONS_PRIM.CSV,cons_prim.csv,,3371,,,,0,0,,
2026-09-06T21:27:29Z,ofac_sdn,classic_primary,unchanged,304,"""cbed905f8f399415e6482568a272026f""","Fri, 04 Sep 2026 14:01:46 GMT",0ffb4504696e2f5adecbd23a3f27c27e8264447a8021752f1043c74422650f5f,"Fri, 04 Sep 2026 14:01:45 GMT",https://sanctionslistservice.ofac.treas.gov/api/download/SDN.CSV,https://wc2h-sls-prod-public-published.s3.us-gov-west-1.amazonaws.com/Published/59378d00-93aa-456f-af2b-bcaa6b3f4984/2026-09-03/99660c61-0e62-4850-be2f-77796b8efbc5/SDN.CSV,sdn.csv,,89262,,,,0,0,,
2026-09-06T21:27:29Z,ofac_cons,classic_primary,unchanged,200,"""d4be08e7bcd5c9374f8cfc51da75c6ce""","Fri, 04 Sep 2026 14:01:47 GMT",fa681487dfd865c189177b478a171178ab8e7133402342acc51f638a7bc121de,"Thu, 03 Sep 2026 15:37:43 GMT",https://sanctionslistservice.ofac.treas.gov/api/download/CONS_PRIM.CSV,https://wc2h-sls-prod-public-published.s3.us-gov-west-1.amazonaws.com/Published/59378d00-93aa-456f-af2b-bcaa6b3f4984/2026-09-03/99660c61-0e62-4850-be2f-77796b8efbc5/CONS_PRIM.CSV,cons_prim.csv,,3371,,,,0,0,,
2026-09-06T22:28:00Z,ofac_sdn,classic_primary,unchanged,304,"""cbed905f8f399415e6482568a272026f""","Fri, 04 Sep 2026 14:01:46 GMT",0ffb4504696e2f5adecbd23a3f27c27e8264447a8021752f1043c74422650f5f,"Fri, 04 Sep 2026 14:01:45 GMT",https://sanctionslistservice.ofac.treas.gov/api/download/SDN.CSV,https://wc2h-sls-prod-public-published.s3.us-gov-west-1.amazonaws.com/Published/59378d00-93aa-456f-af2b-bcaa6b3f4984/2026-09-03/99660c61-0e62-4850-be2f-77796b8efbc5/SDN.CSV,sdn.csv,,89262,,,,0,0,,
2026-09-06T22:28:00Z,ofac_cons,classic_primary,unchanged,200,"""d4be08e7bcd5c9374f8cfc51da75c6ce""","Fri, 04 Sep 2026 14:01:47 GMT",fa681487dfd865c189177b478a171178ab8e7133402342acc51f638a7bc121de,"Thu, 03 Sep 2026 15:37:43 GMT",https://sanctionslistservice.ofac.treas.gov/api/download/CONS_PRIM.CSV,https://wc2h-sls-prod-public-published.s3.us-gov-west-1.amazonaws.com/Published/59378d00-93aa-456f-af2b-bcaa6b3f4984/2026-09-03/99660c61-0e62-4850-be2f-77796b8efbc5/CONS_PRIM.CSV,cons_prim.csv,,3371,,,,0,0,,
2026-09-06T23:27:30Z,ofac_sdn,classic_primary,unchanged,304,"""cbed905f8f399415e6482568a272026f""","Fri, 04 Sep 2026 14:01:46 GMT",0ffb4504696e2f5adecbd23a3f27c27e8264447a8021752f1043c74422650f5f,"Fri, 04 Sep 2026 14:01:45 GMT",https://sanctionslistservice.ofac.treas.gov/api/download/SDN.CSV,https://wc2h-sls-prod-public-published.s3.us-gov-west-1.amazonaws.com/Published/59378d00-93aa-456f-af2b-bcaa6b3f4984/2026-09-03/99660c61-0e62-4850-be2f-77796b8efbc5/SDN.CSV,sdn.csv,,89262,,,,0,0,,
2026-09-06T23:27:30Z,ofac_cons,classic_primary,unchanged,200,"""d4be08e7bcd5c9374f8cfc51da75c6ce""","Fri, 04 Sep 2026 14:01:47 GMT",fa681487dfd865c189177b478a171178ab8e7133402342acc51f638a7bc121de,"Thu, 03 Sep 2026 15:37:43 GMT",https://sanctionslistservice.ofac.treas.gov/api/download/CONS_PRIM.CSV,https://wc2h-sls-prod-public-published.s3.us-gov-west-1.amazonaws.com/Published/59378d00-93aa-456f-af2b-bcaa6b3f4984/2026-09-03/99660c61-0e62-4850-be2f-77796b8efbc5/CONS_PRIM.CSV,cons_prim.csv,,3371,,,,0,0,,
2026-09-07T00:41:43Z,ofac_sdn,classic_primary,unchanged,304,"""cbed905f8f399415e6482568a272026f""","Fri, 04 Sep 2026 14:01:46 GMT",0ffb4504696e2f5adecbd23a3f27c27e8264447a8021752f1043c74422650f5f,"Fri, 04 Sep 2026 14:01:45 GMT",https://sanctionslistservice.ofac.treas.gov/api/download/SDN.CSV,https://wc2h-sls-prod-public-published.s3.us-gov-west-1.amazonaws.com/Published/59378d00-93aa-456f-af2b-bcaa6b3f4984/2026-09-03/99660c61-0e62-4850-be2f-77796b8efbc5/SDN.CSV,sdn.csv,,89262,,,,0,0,,
2026-09-07T00:41:43Z,ofac_cons,classic_primary,unchanged,200,"""d4be08e7bcd5c9374f8cfc51da75c6ce""","Fri, 04 Sep 2026 14:01:47 GMT",fa681487dfd865c189177b478a171178ab8e7133402342acc51f638a7bc121de,"Thu, 03 Sep 2026 15:37:43 GMT",https://sanctionslistservice.ofac.treas.gov/api/download/CONS_PRIM.CSV,https://wc2h-sls-prod-public-published.s3.us-gov-west-1.amazonaws.com/Published/59378d00-93aa-456f-af2b-bcaa6b3f4984/2026-09-03/99660c61-0e62-4850-be2f-77796b8efbc5/CONS_PRIM.CSV,cons_prim.csv,,3371,,,,0,0,,
2026-09-07T00:50:28Z,mof,index_page,fetched,200,"""a250-65a674ec61680""","Tue, 01 Sep 2026 08:00:10 GMT",1cfc413caf68c0c7413b01032cd5d31306fa9c8af271c0a9497dd308dc078754,令和8年9月2日,https://www.mof.go.jp/policy/international_policy/gaitame_kawase/gaitame/economic_sanctions/list.html,https://www.mof.go.jp/policy/international_policy/gaitame_kawase/gaitame/economic_sanctions/list.html,list.html,,,,,,0,0,,
2026-09-07T00:50:28Z,mof,list_file,unchanged,304,"""32251c-65a674ed558c0""","Tue, 01 Sep 2026 08:00:11 GMT",25fe3658295bb7010dd37ccf3d03d681abf47080dd1c5c8712f5bbad0c9ba7a9,令和8年9月2日,https://www.mof.go.jp/policy/international_policy/gaitame_kawase/gaitame/economic_sanctions/shisantouketsu20260902.csv,https://www.mof.go.jp/policy/international_policy/gaitame_kawase/gaitame/economic_sanctions/shisantouketsu20260902.csv,shisantouketsu20260902.csv,,14743,,,,0,0,,
2026-09-07T00:50:28Z,meti,index_page,blocked,403,"W/""c3bb143a530e398af9a1c1a440f0189c""","Mon, 24 Aug 2026 07:11:49 GMT",,,https://www.meti.go.jp/policy/anpo/law09.html,https://www.meti.go.jp/policy/anpo/law09.html,,,,,,,1,0,HTTPError,403 Client Error: Forbidden for url: https://www.meti.go.jp/policy/anpo/law09.html
2026-09-07T01:29:19Z,ofac_sdn,classic_primary,unchanged,304,"""cbed905f8f399415e6482568a272026f""","Fri, 04 Sep 2026 14:01:46 GMT",0ffb4504696e2f5adecbd23a3f27c27e8264447a8021752f1043c74422650f5f,"Fri, 04 Sep 2026 14:01:45 GMT",https://sanctionslistservice.ofac.treas.gov/api/download/SDN.CSV,https://wc2h-sls-prod-public-published.s3.us-gov-west-1.amazonaws.com/Published/59378d00-93aa-456f-af2b-bcaa6b3f4984/2026-09-03/99660c61-0e62-4850-be2f-77796b8efbc5/SDN.CSV,sdn.csv,,89262,,,,0,0,,
2026-09-07T01:29:19Z,ofac_cons,classic_primary,unchanged,200,"""d4be08e7bcd5c9374f8cfc51da75c6ce""","Fri, 04 Sep 2026 14:01:47 GMT",fa681487dfd865c189177b478a171178ab8e7133402342acc51f638a7bc121de,"Thu, 03 Sep 2026 15:37:43 GMT",https://sanctionslistservice.ofac.treas.gov/api/download/CONS_PRIM.CSV,https://wc2h-sls-prod-public-published.s3.us-gov-west-1.amazonaws.com/Published/59378d00-93aa-456f-af2b-bcaa6b3f4984/2026-09-03/99660c61-0e62-4850-be2f-77796b8efbc5/CONS_PRIM.CSV,cons_prim.csv,,3371,,,,0,0,,
2026-09-07T02:30:36Z,ofac_sdn,classic_primary,unchanged,304,"""cbed905f8f399415e6482568a272026f""","Fri, 04 Sep 2026 14:01:46 GMT",0ffb4504696e2f5adecbd23a3f27c27e8264447a8021752f1043c74422650f5f,"Fri, 04 Sep 2026 14:01:45 GMT",https://sanctionslistservice.ofac.treas.gov/api/download/SDN.CSV,https://wc2h-sls-prod-public-published.s3.us-gov-west-1.amazonaws.com/Published/59378d00-93aa-456f-af2b-bcaa6b3f4984/2026-09-03/99660c61-0e62-4850-be2f-77796b8efbc5/SDN.CSV,sdn.csv,,89262,,,,0,0,,
2026-09-07T02:30:36Z,ofac_cons,classic_primary,unchanged,200,"""d4be08e7bcd5c9374f8cfc51da75c6ce""","Fri, 04 Sep 2026 14:01:47 GMT",fa681487dfd865c189177b478a171178ab8e7133402342acc51f638a7bc121de,"Thu, 03 Sep 2026 15:37:43 GMT",https://sanctionslistservice.ofac.treas.gov/api/download/CONS_PRIM.CSV,https://wc2h-sls-prod-public-published.s3.us-gov-west-1.amazonaws.com/Published/59378d00-93aa-456f-af2b-bcaa6b3f4984/2026-09-03/99660c61-0e62-4850-be2f-77796b8efbc5/CONS_PRIM.CSV,cons_prim.csv,,3371,,,,0,0,,
2026-09-07T03:31:40Z,ofac_sdn,classic_primary,unchanged,304,"""cbed905f8f399415e6482568a272026f""","Fri, 04 Sep 2026 14:01:46 GMT",0ffb4504696e2f5adecbd23a3f27c27e8264447a8021752f1043c74422650f5f,"Fri, 04 Sep 2026 14:01:45 GMT",https://sanctionslistservice.ofac.treas.gov/api/download/SDN.CSV,https://wc2h-sls-prod-public-published.s3.us-gov-west-1.amazonaws.com/Published/59378d00-93aa-456f-af2b-bcaa6b3f4984/2026-09-03/99660c61-0e62-4850-be2f-77796b8efbc5/SDN.CSV,sdn.csv,,89262,,,,0,0,,
2026-09-07T03:31:40Z,ofac_cons,classic_primary,unchanged,200,"""d4be08e7bcd5c9374f8cfc51da75c6ce""","Fri, 04 Sep 2026 14:01:47 GMT",fa681487dfd865c189177b478a171178ab8e7133402342acc51f638a7bc121de,"Thu, 03 Sep 2026 15:37:43 GMT",https://sanctionslistservice.ofac.treas.gov/api/download/CONS_PRIM.CSV,https://wc2h-sls-prod-public-published.s3.us-gov-west-1.amazonaws.com/Published/59378d00-93aa-456f-af2b-bcaa6b3f4984/2026-09-03/99660c61-0e62-4850-be2f-77796b8efbc5/CONS_PRIM.CSV,cons_prim.csv,,3371,,,,0,0,,
2026-09-07T04:31:48Z,ofac_sdn,classic_primary,unchanged,304,"""cbed905f8f399415e6482568a272026f""","Fri, 04 Sep 2026 14:01:46 GMT",0ffb4504696e2f5adecbd23a3f27c27e8264447a8021752f1043c74422650f5f,"Fri, 04 Sep 2026 14:01:45 GMT",https://sanctionslistservice.ofac.treas.gov/api/download/SDN.CSV,https://wc2h-sls-prod-public-published.s3.us-gov-west-1.amazonaws.com/Published/59378d00-93aa-456f-af2b-bcaa6b3f4984/2026-09-03/99660c61-0e62-4850-be2f-77796b8efbc5/SDN.CSV,sdn.csv,,89262,,,,0,0,,
2026-09-07T04:31:48Z,ofac_cons,classic_primary,unchanged,200,"""d4be08e7bcd5c9374f8cfc51da75c6ce""","Fri, 04 Sep 2026 14:01:47 GMT",fa681487dfd865c189177b478a171178ab8e7133402342acc51f638a7bc121de,"Thu, 03 Sep 2026 15:37:43 GMT",https://sanctionslistservice.ofac.treas.gov/api/download/CONS_PRIM.CSV,https://wc2h-sls-prod-public-published.s3.us-gov-west-1.amazonaws.com/Published/59378d00-93aa-456f-af2b-bcaa6b3f4984/2026-09-03/99660c61-0e62-4850-be2f-77796b8efbc5/CONS_PRIM.CSV,cons_prim.csv,,3371,,,,0,0,,
2026-09-07T05:30:25Z,ofac_sdn,classic_primary,unchanged,304,"""cbed905f8f399415e6482568a272026f""","Fri, 04 Sep 2026 14:01:46 GMT",0ffb4504696e2f5adecbd23a3f27c27e8264447a8021752f1043c74422650f5f,"Fri, 04 Sep 2026 14:01:45 GMT",https://sanctionslistservice.ofac.treas.gov/api/download/SDN.CSV,https://wc2h-sls-prod-public-published.s3.us-gov-west-1.amazonaws.com/Published/59378d00-93aa-456f-af2b-bcaa6b3f4984/2026-09-03/99660c61-0e62-4850-be2f-77796b8efbc5/SDN.CSV,sdn.csv,,89262,,,,0,0,,
2026-09-07T05:30:25Z,ofac_cons,classic_primary,unchanged,200,"""d4be08e7bcd5c9374f8cfc51da75c6ce""","Fri, 04 Sep 2026 14:01:47 GMT",fa681487dfd865c189177b478a171178ab8e7133402342acc51f638a7bc121de,"Thu, 03 Sep 2026 15:37:43 GMT",https://sanctionslistservice.ofac.treas.gov/api/download/CONS_PRIM.CSV,https://wc2h-sls-prod-public-published.s3.us-gov-west-1.amazonaws.com/Published/59378d00-93aa-456f-af2b-bcaa6b3f4984/2026-09-03/99660c61-0e62-4850-be2f-77796b8efbc5/CONS_PRIM.CSV,cons_prim.csv,,3371,,,,0,0,,
2026-09-07T06:39:44Z,ofac_sdn,classic_primary,unchanged,304,"""cbed905f8f399415e6482568a272026f""","Fri, 04 Sep 2026 14:01:46 GMT",0ffb4504696e2f5adecbd23a3f27c27e8264447a8021752f1043c74422650f5f,"Fri, 04 Sep 2026 14:01:45 GMT",https://sanctionslistservice.ofac.treas.gov/api/download/SDN.CSV,https://wc2h-sls-prod-public-published.s3.us-gov-west-1.amazonaws.com/Published/59378d00-93aa-456f-af2b-bcaa6b3f4984/2026-09-03/99660c61-0e62-4850-be2f-77796b8efbc5/SDN.CSV,sdn.csv,,89262,,,,0,0,,
2026-09-07T06:39:44Z,ofac_cons,classic_primary,unchanged,200,"""d4be08e7bcd5c9374f8cfc51da75c6ce""","Fri, 04 Sep 2026 14:01:47 GMT",fa681487dfd865c189177b478a171178ab8e7133402342acc51f638a7bc121de,"Thu, 03 Sep 2026 15:37:43 GMT",https://sanctionslistservice.ofac.treas.gov/api/download/CONS_PRIM.CSV,https://wc2h-sls-prod-public-published.s3.us-gov-west-1.amazonaws.com/Published/59378d00-93aa-456f-af2b-bcaa6b3f4984/2026-09-03/99660c61-0e62-4850-be2f-77796b8efbc5/CONS_PRIM.CSV,cons_prim.csv,,3371,,,,0,0,,
2026-09-07T06:51:10Z,mof,index_page,fetched,200,"""a250-65a674ec61680""","Tue, 01 Sep 2026 08:00:10 GMT",51c495dd6e979d339519e27a31be50cd7395d6cdab79aa9bcbaa293be6f1189f,令和8年9月2日,https://www.mof.go.jp/policy/international_policy/gaitame_kawase/gaitame/economic_sanctions/list.html,https://www.mof.go.jp/policy/international_policy/gaitame_kawase/gaitame/economic_sanctions/list.html,list.html,,,,,,0,0,,
2026-09-07T06:51:10Z,mof,list_file,unchanged,304,"""32251c-65a674ed558c0""","Tue, 01 Sep 2026 08:00:11 GMT",25fe3658295bb7010dd37ccf3d03d681abf47080dd1c5c8712f5bbad0c9ba7a9,令和8年9月2日,https://www.mof.go.jp/policy/international_policy/gaitame_kawase/gaitame/economic_sanctions/shisantouketsu20260902.csv,https://www.mof.go.jp/policy/international_policy/gaitame_kawase/gaitame/economic_sanctions/shisantouketsu20260902.csv,shisantouketsu20260902.csv,,14743,,,,0,0,,
2026-09-07T06:51:10Z,meti,index_page,blocked,403,"W/""c3bb143a530e398af9a1c1a440f0189c""","Mon, 24 Aug 2026 07:11:49 GMT",,,https://www.meti.go.jp/policy/anpo/law09.html,https://www.meti.go.jp/policy/anpo/law09.html,,,,,,,1,0,HTTPError,403 Client Error: Forbidden for url: https://www.meti.go.jp/policy/anpo/law09.html
2026-09-07T07:32:37Z,ofac_sdn,classic_primary,unchanged,304,"""cbed905f8f399415e6482568a272026f""","Fri, 04 Sep 2026 14:01:46 GMT",0ffb4504696e2f5adecbd23a3f27c27e8264447a8021752f1043c74422650f5f,"Fri, 04 Sep 2026 14:01:45 GMT",https://sanctionslistservice.ofac.treas.gov/api/download/SDN.CSV,https://wc2h-sls-prod-public-published.s3.us-gov-west-1.amazonaws.com/Published/59378d00-93aa-456f-af2b-bcaa6b3f4984/2026-09-03/99660c61-0e62-4850-be2f-77796b8efbc5/SDN.CSV,sdn.csv,,89262,,,,0,0,,
2026-09-07T07:32:37Z,ofac_cons,classic_primary,unchanged,200,"""d4be08e7bcd5c9374f8cfc51da75c6ce""","Fri, 04 Sep 2026 14:01:47 GMT",fa681487dfd865c189177b478a171178ab8e7133402342acc51f638a7bc121de,"Thu, 03 Sep 2026 15:37:43 GMT",https://sanctionslistservice.ofac.treas.gov/api/download/CONS_PRIM.CSV,https://wc2h-sls-prod-public-published.s3.us-gov-west-1.amazonaws.com/Published/59378d00-93aa-456f-af2b-bcaa6b3f4984/2026-09-03/99660c61-0e62-4850-be2f-77796b8efbc5/CONS_PRIM.CSV,cons_prim.csv,,3371,,,,0,0,,
2026-09-07T08:34:00Z,ofac_sdn,classic_primary,unchanged,304,"""cbed905f8f399415e6482568a272026f""","Fri, 04 Sep 2026 14:01:46 GMT",0ffb4504696e2f5adecbd23a3f27c27e8264447a8021752f1043c74422650f5f,"Fri, 04 Sep 2026 14:01:45 GMT",https://sanctionslistservice.ofac.treas.gov/api/download/SDN.CSV,https://wc2h-sls-prod-public-published.s3.us-gov-west-1.amazonaws.com/Published/59378d00-93aa-456f-af2b-bcaa6b3f4984/2026-09-03/99660c61-0e62-4850-be2f-77796b8efbc5/SDN.CSV,sdn.csv,,89262,,,,0,0,,
2026-09-07T08:34:00Z,ofac_cons,classic_primary,unchanged,200,"""d4be08e7bcd5c9374f8cfc51da75c6ce""","Fri, 04 Sep 2026 14:01:47 GMT",fa681487dfd865c189177b478a171178ab8e7133402342acc51f638a7bc121de,"Thu, 03 Sep 2026 15:37:43 GMT",https://sanctionslistservice.ofac.treas.gov/api/download/CONS_PRIM.CSV,https://wc2h-sls-prod-public-published.s3.us-gov-west-1.amazonaws.com/Published/59378d00-93aa-456f-af2b-bcaa6b3f4984/2026-09-03/99660c61-0e62-4850-be2f-77796b8efbc5/CONS_PRIM.CSV,cons_prim.csv,,3371,,,,0,0,,
2026-09-07T09:33:21Z,ofac_sdn,classic_primary,unchanged,304,"""cbed905f8f399415e6482568a272026f""","Fri, 04 Sep 2026 14:01:46 GMT",0ffb4504696e2f5adecbd23a3f27c27e8264447a8021752f1043c74422650f5f,"Fri, 04 Sep 2026 14:01:45 GMT",https://sanctionslistservice.ofac.treas.gov/api/download/SDN.CSV,https://wc2h-sls-prod-public-published.s3.us-gov-west-1.amazonaws.com/Published/59378d00-93aa-456f-af2b-bcaa6b3f4984/2026-09-03/99660c61-0e62-4850-be2f-77796b8efbc5/SDN.CSV,sdn.csv,,89262,,,,0,0,,
2026-09-07T09:33:21Z,ofac_cons,classic_primary,unchanged,200,"""d4be08e7bcd5c9374f8cfc51da75c6ce""","Fri, 04 Sep 2026 14:01:47 GMT",fa681487dfd865c189177b478a171178ab8e7133402342acc51f638a7bc121de,"Thu, 03 Sep 2026 15:37:43 GMT",https://sanctionslistservice.ofac.treas.gov/api/download/CONS_PRIM.CSV,https://wc2h-sls-prod-public-published.s3.us-gov-west-1.amazonaws.com/Published/59378d00-93aa-456f-af2b-bcaa6b3f4984/2026-09-03/99660c61-0e62-4850-be2f-77796b8efbc5/CONS_PRIM.CSV,cons_prim.csv,,3371,,,,0,0,,
2026-09-07T10:31:16Z,ofac_sdn,classic_primary,unchanged,304,"""cbed905f8f399415e6482568a272026f""","Fri, 04 Sep 2026 14:01:46 GMT",0ffb4504696e2f5adecbd23a3f27c27e8264447a8021752f1043c74422650f5f,"Fri, 04 Sep 2026 14:01:45 GMT",https://sanctionslistservice.ofac.treas.gov/api/download/SDN.CSV,https://wc2h-sls-prod-public-published.s3.us-gov-west-1.amazonaws.com/Published/59378d00-93aa-456f-af2b-bcaa6b3f4984/2026-09-03/99660c61-0e62-4850-be2f-77796b8efbc5/SDN.CSV,sdn.csv,,89262,,,,0,0,,
2026-09-07T10:31:16Z,ofac_cons,classic_primary,unchanged,200,"""d4be08e7bcd5c9374f8cfc51da75c6ce""","Fri, 04 Sep 2026 14:01:47 GMT",fa681487dfd865c189177b478a171178ab8e7133402342acc51f638a7bc121de,"Thu, 03 Sep 2026 15:37:43 GMT",https://sanctionslistservice.ofac.treas.gov/api/download/CONS_PRIM.CSV,https://wc2h-sls-prod-public-published.s3.us-gov-west-1.amazonaws.com/Published/59378d00-93aa-456f-af2b-bcaa6b3f4984/2026-09-03/99660c61-0e62-4850-be2f-77796b8efbc5/CONS_PRIM.CSV,cons_prim.csv,,3371,,,,0,0,,
2026-09-07T10:35:18Z,meti_html,METI_EXTERNAL_ECONOMY_PRESS_HTML,source_updated,200,"W/""add983b91c4850d4d86c0274d402e4e3""","Mon, 07 Sep 2026 10:15:03 GMT",8d8363ae836c494d5b1f0f8453ccdc196908ff807f52acf6dbdb6c79b370d888,,https://www.meti.go.jp/press/category_02.html,https://www.meti.go.jp/press/category_02.html,category_02.html,data/raw/meti_html/20260907T103518Z__category_02.html.gz,469,0,0,0,0,0,,
2026-09-07T11:31:31Z,ofac_sdn,classic_primary,unchanged,304,"""cbed905f8f399415e6482568a272026f""","Fri, 04 Sep 2026 14:01:46 GMT",0ffb4504696e2f5adecbd23a3f27c27e8264447a8021752f1043c74422650f5f,"Fri, 04 Sep 2026 14:01:45 GMT",https://sanctionslistservice.ofac.treas.gov/api/download/SDN.CSV,https://wc2h-sls-prod-public-published.s3.us-gov-west-1.amazonaws.com/Published/59378d00-93aa-456f-af2b-bcaa6b3f4984/2026-09-03/99660c61-0e62-4850-be2f-77796b8efbc5/SDN.CSV,sdn.csv,,89262,,,,0,0,,
2026-09-07T11:31:31Z,ofac_cons,classic_primary,unchanged,200,"""d4be08e7bcd5c9374f8cfc51da75c6ce""","Fri, 04 Sep 2026 14:01:47 GMT",fa681487dfd865c189177b478a171178ab8e7133402342acc51f638a7bc121de,"Thu, 03 Sep 2026 15:37:43 GMT",https://sanctionslistservice.ofac.treas.gov/api/download/CONS_PRIM.CSV,https://wc2h-sls-prod-public-published.s3.us-gov-west-1.amazonaws.com/Published/59378d00-93aa-456f-af2b-bcaa6b3f4984/2026-09-03/99660c61-0e62-4850-be2f-77796b8efbc5/CONS_PRIM.CSV,cons_prim.csv,,3371,,,,0,0,,
2026-09-07T12:37:45Z,ofac_sdn,classic_primary,unchanged,304,"""cbed905f8f399415e6482568a272026f""","Fri, 04 Sep 2026 14:01:46 GMT",0ffb4504696e2f5adecbd23a3f27c27e8264447a8021752f1043c74422650f5f,"Fri, 04 Sep 2026 14:01:45 GMT",https://sanctionslistservice.ofac.treas.gov/api/download/SDN.CSV,https://wc2h-sls-prod-public-published.s3.us-gov-west-1.amazonaws.com/Published/59378d00-93aa-456f-af2b-bcaa6b3f4984/2026-09-03/99660c61-0e62-4850-be2f-77796b8efbc5/SDN.CSV,sdn.csv,,89262,,,,0,0,,
2026-09-07T12:37:45Z,ofac_cons,classic_primary,unchanged,200,"""d4be08e7bcd5c9374f8cfc51da75c6ce""","Fri, 04 Sep 2026 14:01:47 GMT",fa681487dfd865c189177b478a171178ab8e7133402342acc51f638a7bc121de,"Thu, 03 Sep 2026 15:37:43 GMT",https://sanctionslistservice.ofac.treas.gov/api/download/CONS_PRIM.CSV,https://wc2h-sls-prod-public-published.s3.us-gov-west-1.amazonaws.com/Published/59378d00-93aa-456f-af2b-bcaa6b3f4984/2026-09-03/99660c61-0e62-4850-be2f-77796b8efbc5/CONS_PRIM.CSV,cons_prim.csv,,3371,,,,0,0,,
2026-09-07T12:50:22Z,mof,index_page,fetched,200,"""a250-65a674ec61680""","Tue, 01 Sep 2026 08:00:10 GMT",f354409f33a9277e51e5c53ee428346953e13cd4e6aa294042adbf1449dceae9,令和8年9月2日,https://www.mof.go.jp/policy/international_policy/gaitame_kawase/gaitame/economic_sanctions/list.html,https://www.mof.go.jp/policy/international_policy/gaitame_kawase/gaitame/economic_sanctions/list.html,list.html,,,,,,0,0,,
2026-09-07T12:50:22Z,mof,list_file,unchanged,304,"""32251c-65a674ed558c0""","Tue, 01 Sep 2026 08:00:11 GMT",25fe3658295bb7010dd37ccf3d03d681abf47080dd1c5c8712f5bbad0c9ba7a9,令和8年9月2日,https://www.mof.go.jp/policy/international_policy/gaitame_kawase/gaitame/economic_sanctions/shisantouketsu20260902.csv,https://www.mof.go.jp/policy/international_policy/gaitame_kawase/gaitame/economic_sanctions/shisantouketsu20260902.csv,shisantouketsu20260902.csv,,14743,,,,0,0,,
2026-09-07T12:50:22Z,meti,index_page,blocked,403,"W/""c3bb143a530e398af9a1c1a440f0189c""","Mon, 24 Aug 2026 07:11:49 GMT",,,https://www.meti.go.jp/policy/anpo/law09.html,https://www.meti.go.jp/policy/anpo/law09.html,,,,,,,1,0,HTTPError,403 Client Error: Forbidden for url: https://www.meti.go.jp/policy/anpo/law09.html
2026-09-07T13:32:52Z,ofac_sdn,classic_primary,unchanged,304,"""cbed905f8f399415e6482568a272026f""","Fri, 04 Sep 2026 14:01:46 GMT",0ffb4504696e2f5adecbd23a3f27c27e8264447a8021752f1043c74422650f5f,"Fri, 04 Sep 2026 14:01:45 GMT",https://sanctionslistservice.ofac.treas.gov/api/download/SDN.CSV,https://wc2h-sls-prod-public-published.s3.us-gov-west-1.amazonaws.com/Published/59378d00-93aa-456f-af2b-bcaa6b3f4984/2026-09-03/99660c61-0e62-4850-be2f-77796b8efbc5/SDN.CSV,sdn.csv,,89262,,,,0,0,,
2026-09-07T13:32:52Z,ofac_cons,classic_primary,unchanged,200,"""d4be08e7bcd5c9374f8cfc51da75c6ce""","Fri, 04 Sep 2026 14:01:47 GMT",fa681487dfd865c189177b478a171178ab8e7133402342acc51f638a7bc121de,"Thu, 03 Sep 2026 15:37:43 GMT",https://sanctionslistservice.ofac.treas.gov/api/download/CONS_PRIM.CSV,https://wc2h-sls-prod-public-published.s3.us-gov-west-1.amazonaws.com/Published/59378d00-93aa-456f-af2b-bcaa6b3f4984/2026-09-03/99660c61-0e62-4850-be2f-77796b8efbc5/CONS_PRIM.CSV,cons_prim.csv,,3371,,,,0,0,,
2026-09-07T14:31:30Z,ofac_sdn,classic_primary,unchanged,304,"""cbed905f8f399415e6482568a272026f""","Fri, 04 Sep 2026 14:01:46 GMT",0ffb4504696e2f5adecbd23a3f27c27e8264447a8021752f1043c74422650f5f,"Fri, 04 Sep 2026 14:01:45 GMT",https://sanctionslistservice.ofac.treas.gov/api/download/SDN.CSV,https://wc2h-sls-prod-public-published.s3.us-gov-west-1.amazonaws.com/Published/59378d00-93aa-456f-af2b-bcaa6b3f4984/2026-09-03/99660c61-0e62-4850-be2f-77796b8efbc5/SDN.CSV,sdn.csv,,89262,,,,0,0,,
2026-09-07T14:31:30Z,ofac_cons,classic_primary,unchanged,200,"""d4be08e7bcd5c9374f8cfc51da75c6ce""","Fri, 04 Sep 2026 14:01:47 GMT",fa681487dfd865c189177b478a171178ab8e7133402342acc51f638a7bc121de,"Thu, 03 Sep 2026 15:37:43 GMT",https://sanctionslistservice.ofac.treas.gov/api/download/CONS_PRIM.CSV,https://wc2h-sls-prod-public-published.s3.us-gov-west-1.amazonaws.com/Published/59378d00-93aa-456f-af2b-bcaa6b3f4984/2026-09-03/99660c61-0e62-4850-be2f-77796b8efbc5/CONS_PRIM.CSV,cons_prim.csv,,3371,,,,0,0,,
2026-09-07T15:30:40Z,ofac_sdn,classic_primary,unchanged,304,"""cbed905f8f399415e6482568a272026f""","Fri, 04 Sep 2026 14:01:46 GMT",0ffb4504696e2f5adecbd23a3f27c27e8264447a8021752f1043c74422650f5f,"Fri, 04 Sep 2026 14:01:45 GMT",https://sanctionslistservice.ofac.treas.gov/api/download/SDN.CSV,https://wc2h-sls-prod-public-published.s3.us-gov-west-1.amazonaws.com/Published/59378d00-93aa-456f-af2b-bcaa6b3f4984/2026-09-03/99660c61-0e62-4850-be2f-77796b8efbc5/SDN.CSV,sdn.csv,,89262,,,,0,0,,
2026-09-07T15:30:40Z,ofac_cons,classic_primary,unchanged,200,"""d4be08e7bcd5c9374f8cfc51da75c6ce""","Fri, 04 Sep 2026 14:01:47 GMT",fa681487dfd865c189177b478a171178ab8e7133402342acc51f638a7bc121de,"Thu, 03 Sep 2026 15:37:43 GMT",https://sanctionslistservice.ofac.treas.gov/api/download/CONS_PRIM.CSV,https://wc2h-sls-prod-public-published.s3.us-gov-west-1.amazonaws.com/Published/59378d00-93aa-456f-af2b-bcaa6b3f4984/2026-09-03/99660c61-0e62-4850-be2f-77796b8efbc5/CONS_PRIM.CSV,cons_prim.csv,,3371,,,,0,0,,
2026-09-07T16:30:52Z,ofac_sdn,classic_primary,unchanged,304,"""cbed905f8f399415e6482568a272026f""","Fri, 04 Sep 2026 14:01:46 GMT",0ffb4504696e2f5adecbd23a3f27c27e8264447a8021752f1043c74422650f5f,"Fri, 04 Sep 2026 14:01:45 GMT",https://sanctionslistservice.ofac.treas.gov/api/download/SDN.CSV,https://wc2h-sls-prod-public-published.s3.us-gov-west-1.amazonaws.com/Published/59378d00-93aa-456f-af2b-bcaa6b3f4984/2026-09-03/99660c61-0e62-4850-be2f-77796b8efbc5/SDN.CSV,sdn.csv,,89262,,,,0,0,,
2026-09-07T16:30:52Z,ofac_cons,classic_primary,unchanged,200,"""d4be08e7bcd5c9374f8cfc51da75c6ce""","Fri, 04 Sep 2026 14:01:47 GMT",fa681487dfd865c189177b478a171178ab8e7133402342acc51f638a7bc121de,"Thu, 03 Sep 2026 15:37:43 GMT",https://sanctionslistservice.ofac.treas.gov/api/download/CONS_PRIM.CSV,https://wc2h-sls-prod-public-published.s3.us-gov-west-1.amazonaws.com/Published/59378d00-93aa-456f-af2b-bcaa6b3f4984/2026-09-03/99660c61-0e62-4850-be2f-77796b8efbc5/CONS_PRIM.CSV,cons_prim.csv,,3371,,,,0,0,,
2026-09-07T17:29:20Z,ofac_sdn,classic_primary,unchanged,304,"""cbed905f8f399415e6482568a272026f""","Fri, 04 Sep 2026 14:01:46 GMT",0ffb4504696e2f5adecbd23a3f27c27e8264447a8021752f1043c74422650f5f,"Fri, 04 Sep 2026 14:01:45 GMT",https://sanctionslistservice.ofac.treas.gov/api/download/SDN.CSV,https://wc2h-sls-prod-public-published.s3.us-gov-west-1.amazonaws.com/Published/59378d00-93aa-456f-af2b-bcaa6b3f4984/2026-09-03/99660c61-0e62-4850-be2f-77796b8efbc5/SDN.CSV,sdn.csv,,89262,,,,0,0,,
2026-09-07T17:29:20Z,ofac_cons,classic_primary,unchanged,200,"""d4be08e7bcd5c9374f8cfc51da75c6ce""","Fri, 04 Sep 2026 14:01:47 GMT",fa681487dfd865c189177b478a171178ab8e7133402342acc51f638a7bc121de,"Thu, 03 Sep 2026 15:37:43 GMT",https://sanctionslistservice.ofac.treas.gov/api/download/CONS_PRIM.CSV,https://wc2h-sls-prod-public-published.s3.us-gov-west-1.amazonaws.com/Published/59378d00-93aa-456f-af2b-bcaa6b3f4984/2026-09-03/99660c61-0e62-4850-be2f-77796b8efbc5/CONS_PRIM.CSV,cons_prim.csv,,3371,,,,0,0,,
2026-09-07T18:34:09Z,ofac_sdn,classic_primary,unchanged,304,"""cbed905f8f399415e6482568a272026f""","Fri, 04 Sep 2026 14:01:46 GMT",0ffb4504696e2f5adecbd23a3f27c27e8264447a8021752f1043c74422650f5f,"Fri, 04 Sep 2026 14:01:45 GMT",https://sanctionslistservice.ofac.treas.gov/api/download/SDN.CSV,https://wc2h-sls-prod-public-published.s3.us-gov-west-1.amazonaws.com/Published/59378d00-93aa-456f-af2b-bcaa6b3f4984/2026-09-03/99660c61-0e62-4850-be2f-77796b8efbc5/SDN.CSV,sdn.csv,,89262,,,,0,0,,
2026-09-07T18:34:09Z,ofac_cons,classic_primary,unchanged,200,"""d4be08e7bcd5c9374f8cfc51da75c6ce""","Fri, 04 Sep 2026 14:01:47 GMT",fa681487dfd865c189177b478a171178ab8e7133402342acc51f638a7bc121de,"Thu, 03 Sep 2026 15:37:43 GMT",https://sanctionslistservice.ofac.treas.gov/api/download/CONS_PRIM.CSV,https://wc2h-sls-prod-public-published.s3.us-gov-west-1.amazonaws.com/Published/59378d00-93aa-456f-af2b-bcaa6b3f4984/2026-09-03/99660c61-0e62-4850-be2f-77796b8efbc5/CONS_PRIM.CSV,cons_prim.csv,,3371,,,,0,0,,
2026-09-07T18:47:39Z,mof,index_page,fetched,200,"""a250-65a674ec61680""","Tue, 01 Sep 2026 08:00:10 GMT",d81ad3bd62f86659c690028ad309ad41b3352621ceae89b622daecae3a9efa6b,令和8年9月2日,https://www.mof.go.jp/policy/international_policy/gaitame_kawase/gaitame/economic_sanctions/list.html,https://www.mof.go.jp/policy/international_policy/gaitame_kawase/gaitame/economic_sanctions/list.html,list.html,,,,,,0,0,,
2026-09-07T18:47:39Z,mof,list_file,unchanged,304,"""32251c-65a674ed558c0""","Tue, 01 Sep 2026 08:00:11 GMT",25fe3658295bb7010dd37ccf3d03d681abf47080dd1c5c8712f5bbad0c9ba7a9,令和8年9月2日,https://www.mof.go.jp/policy/international_policy/gaitame_kawase/gaitame/economic_sanctions/shisantouketsu20260902.csv,https://www.mof.go.jp/policy/international_policy/gaitame_kawase/gaitame/economic_sanctions/shisantouketsu20260902.csv,shisantouketsu20260902.csv,,14743,,,,0,0,,
2026-09-07T18:47:39Z,meti,index_page,blocked,403,"W/""c3bb143a530e398af9a1c1a440f0189c""","Mon, 24 Aug 2026 07:11:49 GMT",,,https://www.meti.go.jp/policy/anpo/law09.html,https://www.meti.go.jp/policy/anpo/law09.html,,,,,,,1,0,HTTPError,403 Client Error: Forbidden for url: https://www.meti.go.jp/policy/anpo/law09.html
2026-09-07T19:28:22Z,ofac_sdn,classic_primary,unchanged,304,"""cbed905f8f399415e6482568a272026f""","Fri, 04 Sep 2026 14:01:46 GMT",0ffb4504696e2f5adecbd23a3f27c27e8264447a8021752f1043c74422650f5f,"Fri, 04 Sep 2026 14:01:45 GMT",https://sanctionslistservice.ofac.treas.gov/api/download/SDN.CSV,https://wc2h-sls-prod-public-published.s3.us-gov-west-1.amazonaws.com/Published/59378d00-93aa-456f-af2b-bcaa6b3f4984/2026-09-03/99660c61-0e62-4850-be2f-77796b8efbc5/SDN.CSV,sdn.csv,,89262,,,,0,0,,
2026-09-07T19:28:22Z,ofac_cons,classic_primary,unchanged,200,"""d4be08e7bcd5c9374f8cfc51da75c6ce""","Fri, 04 Sep 2026 14:01:47 GMT",fa681487dfd865c189177b478a171178ab8e7133402342acc51f638a7bc121de,"Thu, 03 Sep 2026 15:37:43 GMT",https://sanctionslistservice.ofac.treas.gov/api/download/CONS_PRIM.CSV,https://wc2h-sls-prod-public-published.s3.us-gov-west-1.amazonaws.com/Published/59378d00-93aa-456f-af2b-bcaa6b3f4984/2026-09-03/99660c61-0e62-4850-be2f-77796b8efbc5/CONS_PRIM.CSV,cons_prim.csv,,3371,,,,0,0,,
2026-09-07T20:30:37Z,ofac_sdn,classic_primary,unchanged,304,"""cbed905f8f399415e6482568a272026f""","Fri, 04 Sep 2026 14:01:46 GMT",0ffb4504696e2f5adecbd23a3f27c27e8264447a8021752f1043c74422650f5f,"Fri, 04 Sep 2026 14:01:45 GMT",https://sanctionslistservice.ofac.treas.gov/api/download/SDN.CSV,https://wc2h-sls-prod-public-published.s3.us-gov-west-1.amazonaws.com/Published/59378d00-93aa-456f-af2b-bcaa6b3f4984/2026-09-03/99660c61-0e62-4850-be2f-77796b8efbc5/SDN.CSV,sdn.csv,,89262,,,,0,0,,
2026-09-07T20:30:37Z,ofac_cons,classic_primary,unchanged,200,"""d4be08e7bcd5c9374f8cfc51da75c6ce""","Fri, 04 Sep 2026 14:01:47 GMT",fa681487dfd865c189177b478a171178ab8e7133402342acc51f638a7bc121de,"Thu, 03 Sep 2026 15:37:43 GMT",https://sanctionslistservice.ofac.treas.gov/api/download/CONS_PRIM.CSV,https://wc2h-sls-prod-public-published.s3.us-gov-west-1.amazonaws.com/Published/59378d00-93aa-456f-af2b-bcaa6b3f4984/2026-09-03/99660c61-0e62-4850-be2f-77796b8efbc5/CONS_PRIM.CSV,cons_prim.csv,,3371,,,,0,0,,
2026-09-07T21:29:35Z,ofac_sdn,classic_primary,unchanged,304,"""cbed905f8f399415e6482568a272026f""","Fri, 04 Sep 2026 14:01:46 GMT",0ffb4504696e2f5adecbd23a3f27c27e8264447a8021752f1043c74422650f5f,"Fri, 04 Sep 2026 14:01:45 GMT",https://sanctionslistservice.ofac.treas.gov/api/download/SDN.CSV,https://wc2h-sls-prod-public-published.s3.us-gov-west-1.amazonaws.com/Published/59378d00-93aa-456f-af2b-bcaa6b3f4984/2026-09-03/99660c61-0e62-4850-be2f-77796b8efbc5/SDN.CSV,sdn.csv,,89262,,,,0,0,,
2026-09-07T21:29:35Z,ofac_cons,classic_primary,unchanged,200,"""d4be08e7bcd5c9374f8cfc51da75c6ce""","Fri, 04 Sep 2026 14:01:47 GMT",fa681487dfd865c189177b478a171178ab8e7133402342acc51f638a7bc121de,"Thu, 03 Sep 2026 15:37:43 GMT",https://sanctionslistservice.ofac.treas.gov/api/download/CONS_PRIM.CSV,https://wc2h-sls-prod-public-published.s3.us-gov-west-1.amazonaws.com/Published/59378d00-93aa-456f-af2b-bcaa6b3f4984/2026-09-03/99660c61-0e62-4850-be2f-77796b8efbc5/CONS_PRIM.CSV,cons_prim.csv,,3371,,,,0,0,,
2026-09-07T22:29:11Z,ofac_sdn,classic_primary,unchanged,304,"""cbed905f8f399415e6482568a272026f""","Fri, 04 Sep 2026 14:01:46 GMT",0ffb4504696e2f5adecbd23a3f27c27e8264447a8021752f1043c74422650f5f,"Fri, 04 Sep 2026 14:01:45 GMT",https://sanctionslistservice.ofac.treas.gov/api/download/SDN.CSV,https://wc2h-sls-prod-public-published.s3.us-gov-west-1.amazonaws.com/Published/59378d00-93aa-456f-af2b-bcaa6b3f4984/2026-09-03/99660c61-0e62-4850-be2f-77796b8efbc5/SDN.CSV,sdn.csv,,89262,,,,0,0,,
2026-09-07T22:29:11Z,ofac_cons,classic_primary,unchanged,200,"""d4be08e7bcd5c9374f8cfc51da75c6ce""","Fri, 04 Sep 2026 14:01:47 GMT",fa681487dfd865c189177b478a171178ab8e7133402342acc51f638a7bc121de,"Thu, 03 Sep 2026 15:37:43 GMT",https://sanctionslistservice.ofac.treas.gov/api/download/CONS_PRIM.CSV,https://wc2h-sls-prod-public-published.s3.us-gov-west-1.amazonaws.com/Published/59378d00-93aa-456f-af2b-bcaa6b3f4984/2026-09-03/99660c61-0e62-4850-be2f-77796b8efbc5/CONS_PRIM.CSV,cons_prim.csv,,3371,,,,0,0,,
2026-09-07T23:28:02Z,ofac_sdn,classic_primary,unchanged,304,"""cbed905f8f399415e6482568a272026f""","Fri, 04 Sep 2026 14:01:46 GMT",0ffb4504696e2f5adecbd23a3f27c27e8264447a8021752f1043c74422650f5f,"Fri, 04 Sep 2026 14:01:45 GMT",https://sanctionslistservice.ofac.treas.gov/api/download/SDN.CSV,https://wc2h-sls-prod-public-published.s3.us-gov-west-1.amazonaws.com/Published/59378d00-93aa-456f-af2b-bcaa6b3f4984/2026-09-03/99660c61-0e62-4850-be2f-77796b8efbc5/SDN.CSV,sdn.csv,,89262,,,,0,0,,
2026-09-07T23:28:02Z,ofac_cons,classic_primary,unchanged,200,"""d4be08e7bcd5c9374f8cfc51da75c6ce""","Fri, 04 Sep 2026 14:01:47 GMT",fa681487dfd865c189177b478a171178ab8e7133402342acc51f638a7bc121de,"Thu, 03 Sep 2026 15:37:43 GMT",https://sanctionslistservice.ofac.treas.gov/api/download/CONS_PRIM.CSV,https://wc2h-sls-prod-public-published.s3.us-gov-west-1.amazonaws.com/Published/59378d00-93aa-456f-af2b-bcaa6b3f4984/2026-09-03/99660c61-0e62-4850-be2f-77796b8efbc5/CONS_PRIM.CSV,cons_prim.csv,,3371,,,,0,0,,
2026-09-08T00:41:42Z,ofac_sdn,classic_primary,unchanged,304,"""cbed905f8f399415e6482568a272026f""","Fri, 04 Sep 2026 14:01:46 GMT",0ffb4504696e2f5adecbd23a3f27c27e8264447a8021752f1043c74422650f5f,"Fri, 04 Sep 2026 14:01:45 GMT",https://sanctionslistservice.ofac.treas.gov/api/download/SDN.CSV,https://wc2h-sls-prod-public-published.s3.us-gov-west-1.amazonaws.com/Published/59378d00-93aa-456f-af2b-bcaa6b3f4984/2026-09-03/99660c61-0e62-4850-be2f-77796b8efbc5/SDN.CSV,sdn.csv,,89262,,,,0,0,,
2026-09-08T00:41:42Z,ofac_cons,classic_primary,unchanged,200,"""d4be08e7bcd5c9374f8cfc51da75c6ce""","Fri, 04 Sep 2026 14:01:47 GMT",fa681487dfd865c189177b478a171178ab8e7133402342acc51f638a7bc121de,"Thu, 03 Sep 2026 15:37:43 GMT",https://sanctionslistservice.ofac.treas.gov/api/download/CONS_PRIM.CSV,https://wc2h-sls-prod-public-published.s3.us-gov-west-1.amazonaws.com/Published/59378d00-93aa-456f-af2b-bcaa6b3f4984/2026-09-03/99660c61-0e62-4850-be2f-77796b8efbc5/CONS_PRIM.CSV,cons_prim.csv,,3371,,,,0,0,,
2026-09-08T00:51:19Z,mof,index_page,fetched,200,"""a250-65a674ec61680""","Tue, 01 Sep 2026 08:00:10 GMT",b1ed8702e26d4a5869be6941498f9f7c7a2b6ed8b91c7191f963793d1daee2f1,令和8年9月2日,https://www.mof.go.jp/policy/international_policy/gaitame_kawase/gaitame/economic_sanctions/list.html,https://www.mof.go.jp/policy/international_policy/gaitame_kawase/gaitame/economic_sanctions/list.html,list.html,,,,,,0,0,,
2026-09-08T00:51:19Z,mof,list_file,unchanged,304,"""32251c-65a674ed558c0""","Tue, 01 Sep 2026 08:00:11 GMT",25fe3658295bb7010dd37ccf3d03d681abf47080dd1c5c8712f5bbad0c9ba7a9,令和8年9月2日,https://www.mof.go.jp/policy/international_policy/gaitame_kawase/gaitame/economic_sanctions/shisantouketsu20260902.csv,https://www.mof.go.jp/policy/international_policy/gaitame_kawase/gaitame/economic_sanctions/shisantouketsu20260902.csv,shisantouketsu20260902.csv,,14743,,,,0,0,,
2026-09-08T00:51:19Z,meti,index_page,blocked,403,"W/""c3bb143a530e398af9a1c1a440f0189c""","Mon, 24 Aug 2026 07:11:49 GMT",,,https://www.meti.go.jp/policy/anpo/law09.html,https://www.meti.go.jp/policy/anpo/law09.html,,,,,,,1,0,HTTPError,403 Client Error: Forbidden for url: https://www.meti.go.jp/policy/anpo/law09.html
2026-09-08T01:29:49Z,ofac_sdn,classic_primary,unchanged,304,"""cbed905f8f399415e6482568a272026f""","Fri, 04 Sep 2026 14:01:46 GMT",0ffb4504696e2f5adecbd23a3f27c27e8264447a8021752f1043c74422650f5f,"Fri, 04 Sep 2026 14:01:45 GMT",https://sanctionslistservice.ofac.treas.gov/api/download/SDN.CSV,https://wc2h-sls-prod-public-published.s3.us-gov-west-1.amazonaws.com/Published/59378d00-93aa-456f-af2b-bcaa6b3f4984/2026-09-03/99660c61-0e62-4850-be2f-77796b8efbc5/SDN.CSV,sdn.csv,,89262,,,,0,0,,
2026-09-08T01:29:49Z,ofac_cons,classic_primary,unchanged,200,"""d4be08e7bcd5c9374f8cfc51da75c6ce""","Fri, 04 Sep 2026 14:01:47 GMT",fa681487dfd865c189177b478a171178ab8e7133402342acc51f638a7bc121de,"Thu, 03 Sep 2026 15:37:43 GMT",https://sanctionslistservice.ofac.treas.gov/api/download/CONS_PRIM.CSV,https://wc2h-sls-prod-public-published.s3.us-gov-west-1.amazonaws.com/Published/59378d00-93aa-456f-af2b-bcaa6b3f4984/2026-09-03/99660c61-0e62-4850-be2f-77796b8efbc5/CONS_PRIM.CSV,cons_prim.csv,,3371,,,,0,0,,
2026-09-08T02:31:09Z,ofac_sdn,classic_primary,unchanged,304,"""cbed905f8f399415e6482568a272026f""","Fri, 04 Sep 2026 14:01:46 GMT",0ffb4504696e2f5adecbd23a3f27c27e8264447a8021752f1043c74422650f5f,"Fri, 04 Sep 2026 14:01:45 GMT",https://sanctionslistservice.ofac.treas.gov/api/download/SDN.CSV,https://wc2h-sls-prod-public-published.s3.us-gov-west-1.amazonaws.com/Published/59378d00-93aa-456f-af2b-bcaa6b3f4984/2026-09-03/99660c61-0e62-4850-be2f-77796b8efbc5/SDN.CSV,sdn.csv,,89262,,,,0,0,,
2026-09-08T02:31:09Z,ofac_cons,classic_primary,unchanged,200,"""d4be08e7bcd5c9374f8cfc51da75c6ce""","Fri, 04 Sep 2026 14:01:47 GMT",fa681487dfd865c189177b478a171178ab8e7133402342acc51f638a7bc121de,"Thu, 03 Sep 2026 15:37:43 GMT",https://sanctionslistservice.ofac.treas.gov/api/download/CONS_PRIM.CSV,https://wc2h-sls-prod-public-published.s3.us-gov-west-1.amazonaws.com/Published/59378d00-93aa-456f-af2b-bcaa6b3f4984/2026-09-03/99660c61-0e62-4850-be2f-77796b8efbc5/CONS_PRIM.CSV,cons_prim.csv,,3371,,,,0,0,,
2026-09-08T03:31:19Z,ofac_sdn,classic_primary,unchanged,304,"""cbed905f8f399415e6482568a272026f""","Fri, 04 Sep 2026 14:01:46 GMT",0ffb4504696e2f5adecbd23a3f27c27e8264447a8021752f1043c74422650f5f,"Fri, 04 Sep 2026 14:01:45 GMT",https://sanctionslistservice.ofac.treas.gov/api/download/SDN.CSV,https://wc2h-sls-prod-public-published.s3.us-gov-west-1.amazonaws.com/Published/59378d00-93aa-456f-af2b-bcaa6b3f4984/2026-09-03/99660c61-0e62-4850-be2f-77796b8efbc5/SDN.CSV,sdn.csv,,89262,,,,0,0,,
2026-09-08T03:31:19Z,ofac_cons,classic_primary,unchanged,200,"""d4be08e7bcd5c9374f8cfc51da75c6ce""","Fri, 04 Sep 2026 14:01:47 GMT",fa681487dfd865c189177b478a171178ab8e7133402342acc51f638a7bc121de,"Thu, 03 Sep 2026 15:37:43 GMT",https://sanctionslistservice.ofac.treas.gov/api/download/CONS_PRIM.CSV,https://wc2h-sls-prod-public-published.s3.us-gov-west-1.amazonaws.com/Published/59378d00-93aa-456f-af2b-bcaa6b3f4984/2026-09-03/99660c61-0e62-4850-be2f-77796b8efbc5/CONS_PRIM.CSV,cons_prim.csv,,3371,,,,0,0,,
2026-09-08T04:31:37Z,ofac_sdn,classic_primary,unchanged,304,"""cbed905f8f399415e6482568a272026f""","Fri, 04 Sep 2026 14:01:46 GMT",0ffb4504696e2f5adecbd23a3f27c27e8264447a8021752f1043c74422650f5f,"Fri, 04 Sep 2026 14:01:45 GMT",https://sanctionslistservice.ofac.treas.gov/api/download/SDN.CSV,https://wc2h-sls-prod-public-published.s3.us-gov-west-1.amazonaws.com/Published/59378d00-93aa-456f-af2b-bcaa6b3f4984/2026-09-03/99660c61-0e62-4850-be2f-77796b8efbc5/SDN.CSV,sdn.csv,,89262,,,,0,0,,
2026-09-08T04:31:37Z,ofac_cons,classic_primary,unchanged,200,"""d4be08e7bcd5c9374f8cfc51da75c6ce""","Fri, 04 Sep 2026 14:01:47 GMT",fa681487dfd865c189177b478a171178ab8e7133402342acc51f638a7bc121de,"Thu, 03 Sep 2026 15:37:43 GMT",https://sanctionslistservice.ofac.treas.gov/api/download/CONS_PRIM.CSV,https://wc2h-sls-prod-public-published.s3.us-gov-west-1.amazonaws.com/Published/59378d00-93aa-456f-af2b-bcaa6b3f4984/2026-09-03/99660c61-0e62-4850-be2f-77796b8efbc5/CONS_PRIM.CSV,cons_prim.csv,,3371,,,,0,0,,
2026-09-08T05:30:48Z,ofac_sdn,classic_primary,unchanged,304,"""cbed905f8f399415e6482568a272026f""","Fri, 04 Sep 2026 14:01:46 GMT",0ffb4504696e2f5adecbd23a3f27c27e8264447a8021752f1043c74422650f5f,"Fri, 04 Sep 2026 14:01:45 GMT",https://sanctionslistservice.ofac.treas.gov/api/download/SDN.CSV,https://wc2h-sls-prod-public-published.s3.us-gov-west-1.amazonaws.com/Published/59378d00-93aa-456f-af2b-bcaa6b3f4984/2026-09-03/99660c61-0e62-4850-be2f-77796b8efbc5/SDN.CSV,sdn.csv,,89262,,,,0,0,,
2026-09-08T05:30:48Z,ofac_cons,classic_primary,unchanged,200,"""d4be08e7bcd5c9374f8cfc51da75c6ce""","Fri, 04 Sep 2026 14:01:47 GMT",fa681487dfd865c189177b478a171178ab8e7133402342acc51f638a7bc121de,"Thu, 03 Sep 2026 15:37:43 GMT",https://sanctionslistservice.ofac.treas.gov/api/download/CONS_PRIM.CSV,https://wc2h-sls-prod-public-published.s3.us-gov-west-1.amazonaws.com/Published/59378d00-93aa-456f-af2b-bcaa6b3f4984/2026-09-03/99660c61-0e62-4850-be2f-77796b8efbc5/CONS_PRIM.CSV,cons_prim.csv,,3371,,,,0,0,,
2026-09-08T06:36:56Z,ofac_sdn,classic_primary,unchanged,304,"""cbed905f8f399415e6482568a272026f""","Fri, 04 Sep 2026 14:01:46 GMT",0ffb4504696e2f5adecbd23a3f27c27e8264447a8021752f1043c74422650f5f,"Fri, 04 Sep 2026 14:01:45 GMT",https://sanctionslistservice.ofac.treas.gov/api/download/SDN.CSV,https://wc2h-sls-prod-public-published.s3.us-gov-west-1.amazonaws.com/Published/59378d00-93aa-456f-af2b-bcaa6b3f4984/2026-09-03/99660c61-0e62-4850-be2f-77796b8efbc5/SDN.CSV,sdn.csv,,89262,,,,0,0,,
2026-09-08T06:36:56Z,ofac_cons,classic_primary,unchanged,200,"""d4be08e7bcd5c9374f8cfc51da75c6ce""","Fri, 04 Sep 2026 14:01:47 GMT",fa681487dfd865c189177b478a171178ab8e7133402342acc51f638a7bc121de,"Thu, 03 Sep 2026 15:37:43 GMT",https://sanctionslistservice.ofac.treas.gov/api/download/CONS_PRIM.CSV,https://wc2h-sls-prod-public-published.s3.us-gov-west-1.amazonaws.com/Published/59378d00-93aa-456f-af2b-bcaa6b3f4984/2026-09-03/99660c61-0e62-4850-be2f-77796b8efbc5/CONS_PRIM.CSV,cons_prim.csv,,3371,,,,0,0,,
2026-09-08T06:50:26Z,mof,index_page,fetched,200,"""a250-65a674ec61680""","Tue, 01 Sep 2026 08:00:10 GMT",c344d7263706c3d1ec06150fe1fb32b3ef1e925bf535800e8d917944b2ecd3ba,令和8年9月2日,https://www.mof.go.jp/policy/international_policy/gaitame_kawase/gaitame/economic_sanctions/list.html,https://www.mof.go.jp/policy/international_policy/gaitame_kawase/gaitame/economic_sanctions/list.html,list.html,,,,,,0,0,,
2026-09-08T06:50:26Z,mof,list_file,unchanged,304,"""32251c-65a674ed558c0""","Tue, 01 Sep 2026 08:00:11 GMT",25fe3658295bb7010dd37ccf3d03d681abf47080dd1c5c8712f5bbad0c9ba7a9,令和8年9月2日,https://www.mof.go.jp/policy/international_policy/gaitame_kawase/gaitame/economic_sanctions/shisantouketsu20260902.csv,https://www.mof.go.jp/policy/international_policy/gaitame_kawase/gaitame/economic_sanctions/shisantouketsu20260902.csv,shisantouketsu20260902.csv,,14743,,,,0,0,,
2026-09-08T06:50:26Z,meti,index_page,blocked,403,"W/""c3bb143a530e398af9a1c1a440f0189c""","Mon, 24 Aug 2026 07:11:49 GMT",,,https://www.meti.go.jp/policy/anpo/law09.html,https://www.meti.go.jp/policy/anpo/law09.html,,,,,,,1,0,HTTPError,403 Client Error: Forbidden for url: https://www.meti.go.jp/policy/anpo/law09.html
2026-09-08T07:32:13Z,ofac_sdn,classic_primary,unchanged,304,"""cbed905f8f399415e6482568a272026f""","Fri, 04 Sep 2026 14:01:46 GMT",0ffb4504696e2f5adecbd23a3f27c27e8264447a8021752f1043c74422650f5f,"Fri, 04 Sep 2026 14:01:45 GMT",https://sanctionslistservice.ofac.treas.gov/api/download/SDN.CSV,https://wc2h-sls-prod-public-published.s3.us-gov-west-1.amazonaws.com/Published/59378d00-93aa-456f-af2b-bcaa6b3f4984/2026-09-03/99660c61-0e62-4850-be2f-77796b8efbc5/SDN.CSV,sdn.csv,,89262,,,,0,0,,
2026-09-08T07:32:13Z,ofac_cons,classic_primary,unchanged,200,"""d4be08e7bcd5c9374f8cfc51da75c6ce""","Fri, 04 Sep 2026 14:01:47 GMT",fa681487dfd865c189177b478a171178ab8e7133402342acc51f638a7bc121de,"Thu, 03 Sep 2026 15:37:43 GMT",https://sanctionslistservice.ofac.treas.gov/api/download/CONS_PRIM.CSV,https://wc2h-sls-prod-public-published.s3.us-gov-west-1.amazonaws.com/Published/59378d00-93aa-456f-af2b-bcaa6b3f4984/2026-09-03/99660c61-0e62-4850-be2f-77796b8efbc5/CONS_PRIM.CSV,cons_prim.csv,,3371,,,,0,0,,
2026-09-08T08:33:05Z,ofac_sdn,classic_primary,unchanged,304,"""cbed905f8f399415e6482568a272026f""","Fri, 04 Sep 2026 14:01:46 GMT",0ffb4504696e2f5adecbd23a3f27c27e8264447a8021752f1043c74422650f5f,"Fri, 04 Sep 2026 14:01:45 GMT",https://sanctionslistservice.ofac.treas.gov/api/download/SDN.CSV,https://wc2h-sls-prod-public-published.s3.us-gov-west-1.amazonaws.com/Published/59378d00-93aa-456f-af2b-bcaa6b3f4984/2026-09-03/99660c61-0e62-4850-be2f-77796b8efbc5/SDN.CSV,sdn.csv,,89262,,,,0,0,,
2026-09-08T08:33:05Z,ofac_cons,classic_primary,unchanged,200,"""d4be08e7bcd5c9374f8cfc51da75c6ce""","Fri, 04 Sep 2026 14:01:47 GMT",fa681487dfd865c189177b478a171178ab8e7133402342acc51f638a7bc121de,"Thu, 03 Sep 2026 15:37:43 GMT",https://sanctionslistservice.ofac.treas.gov/api/download/CONS_PRIM.CSV,https://wc2h-sls-prod-public-published.s3.us-gov-west-1.amazonaws.com/Published/59378d00-93aa-456f-af2b-bcaa6b3f4984/2026-09-03/99660c61-0e62-4850-be2f-77796b8efbc5/CONS_PRIM.CSV,cons_prim.csv,,3371,,,,0,0,,
2026-09-08T09:31:56Z,ofac_sdn,classic_primary,unchanged,304,"""cbed905f8f399415e6482568a272026f""","Fri, 04 Sep 2026 14:01:46 GMT",0ffb4504696e2f5adecbd23a3f27c27e8264447a8021752f1043c74422650f5f,"Fri, 04 Sep 2026 14:01:45 GMT",https://sanctionslistservice.ofac.treas.gov/api/download/SDN.CSV,https://wc2h-sls-prod-public-published.s3.us-gov-west-1.amazonaws.com/Published/59378d00-93aa-456f-af2b-bcaa6b3f4984/2026-09-03/99660c61-0e62-4850-be2f-77796b8efbc5/SDN.CSV,sdn.csv,,89262,,,,0,0,,
2026-09-08T09:31:56Z,ofac_cons,classic_primary,unchanged,200,"""d4be08e7bcd5c9374f8cfc51da75c6ce""","Fri, 04 Sep 2026 14:01:47 GMT",fa681487dfd865c189177b478a171178ab8e7133402342acc51f638a7bc121de,"Thu, 03 Sep 2026 15:37:43 GMT",https://sanctionslistservice.ofac.treas.gov/api/download/CONS_PRIM.CSV,https://wc2h-sls-prod-public-published.s3.us-gov-west-1.amazonaws.com/Published/59378d00-93aa-456f-af2b-bcaa6b3f4984/2026-09-03/99660c61-0e62-4850-be2f-77796b8efbc5/CONS_PRIM.CSV,cons_prim.csv,,3371,,,,0,0,,
2026-09-08T10:31:54Z,ofac_sdn,classic_primary,unchanged,304,"""cbed905f8f399415e6482568a272026f""","Fri, 04 Sep 2026 14:01:46 GMT",0ffb4504696e2f5adecbd23a3f27c27e8264447a8021752f1043c74422650f5f,"Fri, 04 Sep 2026 14:01:45 GMT",https://sanctionslistservice.ofac.treas.gov/api/download/SDN.CSV,https://wc2h-sls-prod-public-published.s3.us-gov-west-1.amazonaws.com/Published/59378d00-93aa-456f-af2b-bcaa6b3f4984/2026-09-03/99660c61-0e62-4850-be2f-77796b8efbc5/SDN.CSV,sdn.csv,,89262,,,,0,0,,
2026-09-08T10:31:54Z,ofac_cons,classic_primary,unchanged,200,"""d4be08e7bcd5c9374f8cfc51da75c6ce""","Fri, 04 Sep 2026 14:01:47 GMT",fa681487dfd865c189177b478a171178ab8e7133402342acc51f638a7bc121de,"Thu, 03 Sep 2026 15:37:43 GMT",https://sanctionslistservice.ofac.treas.gov/api/download/CONS_PRIM.CSV,https://wc2h-sls-prod-public-published.s3.us-gov-west-1.amazonaws.com/Published/59378d00-93aa-456f-af2b-bcaa6b3f4984/2026-09-03/99660c61-0e62-4850-be2f-77796b8efbc5/CONS_PRIM.CSV,cons_prim.csv,,3371,,,,0,0,,
2026-09-08T10:46:36Z,meti_html,METI_EXTERNAL_ECONOMY_PRESS_HTML,source_updated,200,"W/""2fd8b3cb11108b84a800936e8875928b""","Tue, 08 Sep 2026 10:35:15 GMT",9b01ae5538e478519ae5b86db3af12ef1c3405eae46f4201e013e179b115ddf4,,https://www.meti.go.jp/press/category_02.html,https://www.meti.go.jp/press/category_02.html,category_02.html,data/raw/meti_html/20260908T104636Z__category_02.html.gz,469,0,0,0,0,0,,
2026-09-08T11:30:45Z,ofac_sdn,classic_primary,unchanged,304,"""cbed905f8f399415e6482568a272026f""","Fri, 04 Sep 2026 14:01:46 GMT",0ffb4504696e2f5adecbd23a3f27c27e8264447a8021752f1043c74422650f5f,"Fri, 04 Sep 2026 14:01:45 GMT",https://sanctionslistservice.ofac.treas.gov/api/download/SDN.CSV,https://wc2h-sls-prod-public-published.s3.us-gov-west-1.amazonaws.com/Published/59378d00-93aa-456f-af2b-bcaa6b3f4984/2026-09-03/99660c61-0e62-4850-be2f-77796b8efbc5/SDN.CSV,sdn.csv,,89262,,,,0,0,,
2026-09-08T11:30:45Z,ofac_cons,classic_primary,unchanged,200,"""d4be08e7bcd5c9374f8cfc51da75c6ce""","Fri, 04 Sep 2026 14:01:47 GMT",fa681487dfd865c189177b478a171178ab8e7133402342acc51f638a7bc121de,"Thu, 03 Sep 2026 15:37:43 GMT",https://sanctionslistservice.ofac.treas.gov/api/download/CONS_PRIM.CSV,https://wc2h-sls-prod-public-published.s3.us-gov-west-1.amazonaws.com/Published/59378d00-93aa-456f-af2b-bcaa6b3f4984/2026-09-03/99660c61-0e62-4850-be2f-77796b8efbc5/CONS_PRIM.CSV,cons_prim.csv,,3371,,,,0,0,,
2026-09-08T12:38:18Z,ofac_sdn,classic_primary,unchanged,304,"""cbed905f8f399415e6482568a272026f""","Fri, 04 Sep 2026 14:01:46 GMT",0ffb4504696e2f5adecbd23a3f27c27e8264447a8021752f1043c74422650f5f,"Fri, 04 Sep 2026 14:01:45 GMT",https://sanctionslistservice.ofac.treas.gov/api/download/SDN.CSV,https://wc2h-sls-prod-public-published.s3.us-gov-west-1.amazonaws.com/Published/59378d00-93aa-456f-af2b-bcaa6b3f4984/2026-09-03/99660c61-0e62-4850-be2f-77796b8efbc5/SDN.CSV,sdn.csv,,89262,,,,0,0,,
2026-09-08T12:38:18Z,ofac_cons,classic_primary,unchanged,200,"""d4be08e7bcd5c9374f8cfc51da75c6ce""","Fri, 04 Sep 2026 14:01:47 GMT",fa681487dfd865c189177b478a171178ab8e7133402342acc51f638a7bc121de,"Thu, 03 Sep 2026 15:37:43 GMT",https://sanctionslistservice.ofac.treas.gov/api/download/CONS_PRIM.CSV,https://wc2h-sls-prod-public-published.s3.us-gov-west-1.amazonaws.com/Published/59378d00-93aa-456f-af2b-bcaa6b3f4984/2026-09-03/99660c61-0e62-4850-be2f-77796b8efbc5/CONS_PRIM.CSV,cons_prim.csv,,3371,,,,0,0,,
2026-09-08T12:51:10Z,mof,index_page,fetched,200,"""a250-65a674ec61680""","Tue, 01 Sep 2026 08:00:10 GMT",c29050f904dc388975fb50adc46a51962a306af0df962c4018f40c0a44c43889,令和8年9月2日,https://www.mof.go.jp/policy/international_policy/gaitame_kawase/gaitame/economic_sanctions/list.html,https://www.mof.go.jp/policy/international_policy/gaitame_kawase/gaitame/economic_sanctions/list.html,list.html,,,,,,0,0,,
2026-09-08T12:51:10Z,mof,list_file,unchanged,304,"""32251c-65a674ed558c0""","Tue, 01 Sep 2026 08:00:11 GMT",25fe3658295bb7010dd37ccf3d03d681abf47080dd1c5c8712f5bbad0c9ba7a9,令和8年9月2日,https://www.mof.go.jp/policy/international_policy/gaitame_kawase/gaitame/economic_sanctions/shisantouketsu20260902.csv,https://www.mof.go.jp/policy/international_policy/gaitame_kawase/gaitame/economic_sanctions/shisantouketsu20260902.csv,shisantouketsu20260902.csv,,14743,,,,0,0,,
2026-09-08T12:51:10Z,meti,index_page,blocked,403,"W/""c3bb143a530e398af9a1c1a440f0189c""","Mon, 24 Aug 2026 07:11:49 GMT",,,https://www.meti.go.jp/policy/anpo/law09.html,https://www.meti.go.jp/policy/anpo/law09.html,,,,,,,1,0,HTTPError,403 Client Error: Forbidden for url: https://www.meti.go.jp/policy/anpo/law09.html
2026-09-08T13:32:58Z,ofac_sdn,classic_primary,unchanged,304,"""cbed905f8f399415e6482568a272026f""","Fri, 04 Sep 2026 14:01:46 GMT",0ffb4504696e2f5adecbd23a3f27c27e8264447a8021752f1043c74422650f5f,"Fri, 04 Sep 2026 14:01:45 GMT",https://sanctionslistservice.ofac.treas.gov/api/download/SDN.CSV,https://wc2h-sls-prod-public-published.s3.us-gov-west-1.amazonaws.com/Published/59378d00-93aa-456f-af2b-bcaa6b3f4984/2026-09-03/99660c61-0e62-4850-be2f-77796b8efbc5/SDN.CSV,sdn.csv,,89262,,,,0,0,,
2026-09-08T13:32:58Z,ofac_cons,classic_primary,unchanged,200,"""d4be08e7bcd5c9374f8cfc51da75c6ce""","Fri, 04 Sep 2026 14:01:47 GMT",fa681487dfd865c189177b478a171178ab8e7133402342acc51f638a7bc121de,"Thu, 03 Sep 2026 15:37:43 GMT",https://sanctionslistservice.ofac.treas.gov/api/download/CONS_PRIM.CSV,https://wc2h-sls-prod-public-published.s3.us-gov-west-1.amazonaws.com/Published/59378d00-93aa-456f-af2b-bcaa6b3f4984/2026-09-03/99660c61-0e62-4850-be2f-77796b8efbc5/CONS_PRIM.CSV,cons_prim.csv,,3371,,,,0,0,,
2026-09-08T14:33:42Z,ofac_sdn,classic_primary,fetched,200,"""06e1e67e8b5233e132b9436d2e93789a""","Tue, 08 Sep 2026 14:02:44 GMT",1c878982988268de843cd09f5fbc511bd0f0591928db5af5e8e0a5807064c520,,https://sanctionslistservice.ofac.treas.gov/api/download/SDN.CSV,https://wc2h-sls-prod-public-published.s3.us-gov-west-1.amazonaws.com/Published/85a0205c-389d-47a1-be60-24a428fc6564/2026-09-04/453d0d4f-b951-4b52-be66-6e5a7cc3e44c/SDN.CSV,sdn.csv,,,,,,0,0,,
2026-09-08T14:33:42Z,ofac_sdn,classic_alias,fetched,200,"""1b65ac196f7a17435e25a09a84079dc5""","Tue, 08 Sep 2026 14:02:44 GMT",e79d7db3dc738dad57cdfe5c426742dac75f4fee79b743b46b117aadccbbc10d,,https://sanctionslistservice.ofac.treas.gov/api/download/ALT.CSV,https://wc2h-sls-prod-public-published.s3.us-gov-west-1.amazonaws.com/Published/85a0205c-389d-47a1-be60-24a428fc6564/2026-09-04/453d0d4f-b951-4b52-be66-6e5a7cc3e44c/ALT.CSV,alt.csv,,,,,,0,0,,
2026-09-08T14:33:42Z,ofac_sdn,advanced_xml,fetched,200,"""e6caa126240552f7811e06347c7b8a49""","Tue, 08 Sep 2026 14:02:42 GMT",220b2d92a1d033dee582b43d964b73d3d659a2e5e0de175ea1ea6b848251943a,,https://sanctionslistservice.ofac.treas.gov/api/PublicationPreview/exports/SDN_ADVANCED.XML,https://wc2h-sls-prod-public-published.s3.us-gov-west-1.amazonaws.com/Published/85a0205c-389d-47a1-be60-24a428fc6564/2026-09-04/453d0d4f-b951-4b52-be66-6e5a7cc3e44c/SDN_ADVANCED.XML,sdn_advanced.xml,,,,,,0,0,,
2026-09-08T14:33:42Z,ofac_sdn,validated_snapshot,validated,200,"""e6caa126240552f7811e06347c7b8a49""","Tue, 08 Sep 2026 14:02:42 GMT",220b2d92a1d033dee582b43d964b73d3d659a2e5e0de175ea1ea6b848251943a,"Tue, 08 Sep 2026 14:02:42 GMT",https://sanctionslistservice.ofac.treas.gov/api/PublicationPreview/exports/SDN_ADVANCED.XML,https://wc2h-sls-prod-public-published.s3.us-gov-west-1.amazonaws.com/Published/85a0205c-389d-47a1-be60-24a428fc6564/2026-09-04/453d0d4f-b951-4b52-be66-6e5a7cc3e44c/SDN_ADVANCED.XML,sdn_advanced.xml,data/raw/ofac_sdn_advanced/20260908T143328Z__sdn_advanced.xml.gz,89418,,,,0,0,,
2026-09-08T14:33:42Z,ofac_cons,classic_primary,unchanged,200,"""4b45abfe868f7857ae01d485cefdfadc""","Tue, 08 Sep 2026 14:02:44 GMT",fa681487dfd865c189177b478a171178ab8e7133402342acc51f638a7bc121de,"Thu, 03 Sep 2026 15:37:43 GMT",https://sanctionslistservice.ofac.treas.gov/api/download/CONS_PRIM.CSV,https://wc2h-sls-prod-public-published.s3.us-gov-west-1.amazonaws.com/Published/85a0205c-389d-47a1-be60-24a428fc6564/2026-09-04/453d0d4f-b951-4b52-be66-6e5a7cc3e44c/CONS_PRIM.CSV,cons_prim.csv,,3371,,,,0,0,,
2026-09-08T14:33:42Z,ofac,aggregate_merge,changed,,,,,,,,,,88178,82,0,0,0,0,,
2026-09-08T15:33:36Z,ofac_sdn,classic_primary,unchanged,304,"""06e1e67e8b5233e132b9436d2e93789a""","Tue, 08 Sep 2026 14:02:44 GMT",1c878982988268de843cd09f5fbc511bd0f0591928db5af5e8e0a5807064c520,"Tue, 08 Sep 2026 14:02:42 GMT",https://sanctionslistservice.ofac.treas.gov/api/download/SDN.CSV,https://wc2h-sls-prod-public-published.s3.us-gov-west-1.amazonaws.com/Published/85a0205c-389d-47a1-be60-24a428fc6564/2026-09-04/453d0d4f-b951-4b52-be66-6e5a7cc3e44c/SDN.CSV,sdn.csv,,89418,,,,0,0,,
2026-09-08T15:33:36Z,ofac_cons,classic_primary,unchanged,200,"""4b45abfe868f7857ae01d485cefdfadc""","Tue, 08 Sep 2026 14:02:44 GMT",fa681487dfd865c189177b478a171178ab8e7133402342acc51f638a7bc121de,"Thu, 03 Sep 2026 15:37:43 GMT",https://sanctionslistservice.ofac.treas.gov/api/download/CONS_PRIM.CSV,https://wc2h-sls-prod-public-published.s3.us-gov-west-1.amazonaws.com/Published/85a0205c-389d-47a1-be60-24a428fc6564/2026-09-04/453d0d4f-b951-4b52-be66-6e5a7cc3e44c/CONS_PRIM.CSV,cons_prim.csv,,3371,,,,0,0,,
2026-09-08T16:33:43Z,ofac_sdn,classic_primary,unchanged,304,"""06e1e67e8b5233e132b9436d2e93789a""","Tue, 08 Sep 2026 14:02:44 GMT",1c878982988268de843cd09f5fbc511bd0f0591928db5af5e8e0a5807064c520,"Tue, 08 Sep 2026 14:02:42 GMT",https://sanctionslistservice.ofac.treas.gov/api/download/SDN.CSV,https://wc2h-sls-prod-public-published.s3.us-gov-west-1.amazonaws.com/Published/85a0205c-389d-47a1-be60-24a428fc6564/2026-09-04/453d0d4f-b951-4b52-be66-6e5a7cc3e44c/SDN.CSV,sdn.csv,,89418,,,,0,0,,
2026-09-08T16:33:43Z,ofac_cons,classic_primary,unchanged,200,"""4b45abfe868f7857ae01d485cefdfadc""","Tue, 08 Sep 2026 14:02:44 GMT",fa681487dfd865c189177b478a171178ab8e7133402342acc51f638a7bc121de,"Thu, 03 Sep 2026 15:37:43 GMT",https://sanctionslistservice.ofac.treas.gov/api/download/CONS_PRIM.CSV,https://wc2h-sls-prod-public-published.s3.us-gov-west-1.amazonaws.com/Published/85a0205c-389d-47a1-be60-24a428fc6564/2026-09-04/453d0d4f-b951-4b52-be66-6e5a7cc3e44c/CONS_PRIM.CSV,cons_prim.csv,,3371,,,,0,0,,
2026-09-08T17:30:12Z,ofac_sdn,classic_primary,unchanged,304,"""06e1e67e8b5233e132b9436d2e93789a""","Tue, 08 Sep 2026 14:02:44 GMT",1c878982988268de843cd09f5fbc511bd0f0591928db5af5e8e0a5807064c520,"Tue, 08 Sep 2026 14:02:42 GMT",https://sanctionslistservice.ofac.treas.gov/api/download/SDN.CSV,https://wc2h-sls-prod-public-published.s3.us-gov-west-1.amazonaws.com/Published/85a0205c-389d-47a1-be60-24a428fc6564/2026-09-04/453d0d4f-b951-4b52-be66-6e5a7cc3e44c/SDN.CSV,sdn.csv,,89418,,,,0,0,,
2026-09-08T17:30:12Z,ofac_cons,classic_primary,unchanged,200,"""4b45abfe868f7857ae01d485cefdfadc""","Tue, 08 Sep 2026 14:02:44 GMT",fa681487dfd865c189177b478a171178ab8e7133402342acc51f638a7bc121de,"Thu, 03 Sep 2026 15:37:43 GMT",https://sanctionslistservice.ofac.treas.gov/api/download/CONS_PRIM.CSV,https://wc2h-sls-prod-public-published.s3.us-gov-west-1.amazonaws.com/Published/85a0205c-389d-47a1-be60-24a428fc6564/2026-09-04/453d0d4f-b951-4b52-be66-6e5a7cc3e44c/CONS_PRIM.CSV,cons_prim.csv,,3371,,,,0,0,,
2026-09-08T18:35:18Z,ofac_sdn,classic_primary,unchanged,304,"""06e1e67e8b5233e132b9436d2e93789a""","Tue, 08 Sep 2026 14:02:44 GMT",1c878982988268de843cd09f5fbc511bd0f0591928db5af5e8e0a5807064c520,"Tue, 08 Sep 2026 14:02:42 GMT",https://sanctionslistservice.ofac.treas.gov/api/download/SDN.CSV,https://wc2h-sls-prod-public-published.s3.us-gov-west-1.amazonaws.com/Published/85a0205c-389d-47a1-be60-24a428fc6564/2026-09-04/453d0d4f-b951-4b52-be66-6e5a7cc3e44c/SDN.CSV,sdn.csv,,89418,,,,0,0,,
2026-09-08T18:35:18Z,ofac_cons,classic_primary,unchanged,200,"""4b45abfe868f7857ae01d485cefdfadc""","Tue, 08 Sep 2026 14:02:44 GMT",fa681487dfd865c189177b478a171178ab8e7133402342acc51f638a7bc121de,"Thu, 03 Sep 2026 15:37:43 GMT",https://sanctionslistservice.ofac.treas.gov/api/download/CONS_PRIM.CSV,https://wc2h-sls-prod-public-published.s3.us-gov-west-1.amazonaws.com/Published/85a0205c-389d-47a1-be60-24a428fc6564/2026-09-04/453d0d4f-b951-4b52-be66-6e5a7cc3e44c/CONS_PRIM.CSV,cons_prim.csv,,3371,,,,0,0,,
2026-09-08T18:49:32Z,mof,index_page,fetched,200,"""a250-65a674ec61680""","Tue, 01 Sep 2026 08:00:10 GMT",6e0d5e14976ef6f66b843027489140f55b6699d792b404dae489de9b32c77444,令和8年9月2日,https://www.mof.go.jp/policy/international_policy/gaitame_kawase/gaitame/economic_sanctions/list.html,https://www.mof.go.jp/policy/international_policy/gaitame_kawase/gaitame/economic_sanctions/list.html,list.html,,,,,,0,0,,
2026-09-08T18:49:32Z,mof,list_file,unchanged,304,"""32251c-65a674ed558c0""","Tue, 01 Sep 2026 08:00:11 GMT",25fe3658295bb7010dd37ccf3d03d681abf47080dd1c5c8712f5bbad0c9ba7a9,令和8年9月2日,https://www.mof.go.jp/policy/international_policy/gaitame_kawase/gaitame/economic_sanctions/shisantouketsu20260902.csv,https://www.mof.go.jp/policy/international_policy/gaitame_kawase/gaitame/economic_sanctions/shisantouketsu20260902.csv,shisantouketsu20260902.csv,,14743,,,,0,0,,
2026-09-08T18:49:32Z,meti,index_page,blocked,403,"W/""c3bb143a530e398af9a1c1a440f0189c""","Mon, 24 Aug 2026 07:11:49 GMT",,,https://www.meti.go.jp/policy/anpo/law09.html,https://www.meti.go.jp/policy/anpo/law09.html,,,,,,,1,0,HTTPError,403 Client Error: Forbidden for url: https://www.meti.go.jp/policy/anpo/law09.html
2026-09-08T19:29:00Z,ofac_sdn,classic_primary,unchanged,304,"""06e1e67e8b5233e132b9436d2e93789a""","Tue, 08 Sep 2026 14:02:44 GMT",1c878982988268de843cd09f5fbc511bd0f0591928db5af5e8e0a5807064c520,"Tue, 08 Sep 2026 14:02:42 GMT",https://sanctionslistservice.ofac.treas.gov/api/download/SDN.CSV,https://wc2h-sls-prod-public-published.s3.us-gov-west-1.amazonaws.com/Published/85a0205c-389d-47a1-be60-24a428fc6564/2026-09-04/453d0d4f-b951-4b52-be66-6e5a7cc3e44c/SDN.CSV,sdn.csv,,89418,,,,0,0,,
2026-09-08T19:29:00Z,ofac_cons,classic_primary,unchanged,200,"""4b45abfe868f7857ae01d485cefdfadc""","Tue, 08 Sep 2026 14:02:44 GMT",fa681487dfd865c189177b478a171178ab8e7133402342acc51f638a7bc121de,"Thu, 03 Sep 2026 15:37:43 GMT",https://sanctionslistservice.ofac.treas.gov/api/download/CONS_PRIM.CSV,https://wc2h-sls-prod-public-published.s3.us-gov-west-1.amazonaws.com/Published/85a0205c-389d-47a1-be60-24a428fc6564/2026-09-04/453d0d4f-b951-4b52-be66-6e5a7cc3e44c/CONS_PRIM.CSV,cons_prim.csv,,3371,,,,0,0,,
2026-09-08T20:30:34Z,ofac_sdn,classic_primary,unchanged,304,"""06e1e67e8b5233e132b9436d2e93789a""","Tue, 08 Sep 2026 14:02:44 GMT",1c878982988268de843cd09f5fbc511bd0f0591928db5af5e8e0a5807064c520,"Tue, 08 Sep 2026 14:02:42 GMT",https://sanctionslistservice.ofac.treas.gov/api/download/SDN.CSV,https://wc2h-sls-prod-public-published.s3.us-gov-west-1.amazonaws.com/Published/85a0205c-389d-47a1-be60-24a428fc6564/2026-09-04/453d0d4f-b951-4b52-be66-6e5a7cc3e44c/SDN.CSV,sdn.csv,,89418,,,,0,0,,
2026-09-08T20:30:34Z,ofac_cons,classic_primary,unchanged,200,"""4b45abfe868f7857ae01d485cefdfadc""","Tue, 08 Sep 2026 14:02:44 GMT",fa681487dfd865c189177b478a171178ab8e7133402342acc51f638a7bc121de,"Thu, 03 Sep 2026 15:37:43 GMT",https://sanctionslistservice.ofac.treas.gov/api/download/CONS_PRIM.CSV,https://wc2h-sls-prod-public-published.s3.us-gov-west-1.amazonaws.com/Published/85a0205c-389d-47a1-be60-24a428fc6564/2026-09-04/453d0d4f-b951-4b52-be66-6e5a7cc3e44c/CONS_PRIM.CSV,cons_prim.csv,,3371,,,,0,0,,
2026-09-08T21:28:25Z,ofac_sdn,classic_primary,unchanged,304,"""06e1e67e8b5233e132b9436d2e93789a""","Tue, 08 Sep 2026 14:02:44 GMT",1c878982988268de843cd09f5fbc511bd0f0591928db5af5e8e0a5807064c520,"Tue, 08 Sep 2026 14:02:42 GMT",https://sanctionslistservice.ofac.treas.gov/api/download/SDN.CSV,https://wc2h-sls-prod-public-published.s3.us-gov-west-1.amazonaws.com/Published/85a0205c-389d-47a1-be60-24a428fc6564/2026-09-04/453d0d4f-b951-4b52-be66-6e5a7cc3e44c/SDN.CSV,sdn.csv,,89418,,,,0,0,,
2026-09-08T21:28:25Z,ofac_cons,classic_primary,unchanged,200,"""4b45abfe868f7857ae01d485cefdfadc""","Tue, 08 Sep 2026 14:02:44 GMT",fa681487dfd865c189177b478a171178ab8e7133402342acc51f638a7bc121de,"Thu, 03 Sep 2026 15:37:43 GMT",https://sanctionslistservice.ofac.treas.gov/api/download/CONS_PRIM.CSV,https://wc2h-sls-prod-public-published.s3.us-gov-west-1.amazonaws.com/Published/85a0205c-389d-47a1-be60-24a428fc6564/2026-09-04/453d0d4f-b951-4b52-be66-6e5a7cc3e44c/CONS_PRIM.CSV,cons_prim.csv,,3371,,,,0,0,,
2026-09-08T22:29:27Z,ofac_sdn,classic_primary,unchanged,304,"""06e1e67e8b5233e132b9436d2e93789a""","Tue, 08 Sep 2026 14:02:44 GMT",1c878982988268de843cd09f5fbc511bd0f0591928db5af5e8e0a5807064c520,"Tue, 08 Sep 2026 14:02:42 GMT",https://sanctionslistservice.ofac.treas.gov/api/download/SDN.CSV,https://wc2h-sls-prod-public-published.s3.us-gov-west-1.amazonaws.com/Published/85a0205c-389d-47a1-be60-24a428fc6564/2026-09-04/453d0d4f-b951-4b52-be66-6e5a7cc3e44c/SDN.CSV,sdn.csv,,89418,,,,0,0,,
2026-09-08T22:29:27Z,ofac_cons,classic_primary,unchanged,200,"""4b45abfe868f7857ae01d485cefdfadc""","Tue, 08 Sep 2026 14:02:44 GMT",fa681487dfd865c189177b478a171178ab8e7133402342acc51f638a7bc121de,"Thu, 03 Sep 2026 15:37:43 GMT",https://sanctionslistservice.ofac.treas.gov/api/download/CONS_PRIM.CSV,https://wc2h-sls-prod-public-published.s3.us-gov-west-1.amazonaws.com/Published/85a0205c-389d-47a1-be60-24a428fc6564/2026-09-04/453d0d4f-b951-4b52-be66-6e5a7cc3e44c/CONS_PRIM.CSV,cons_prim.csv,,3371,,,,0,0,,
2026-09-08T23:28:10Z,ofac_sdn,classic_primary,unchanged,304,"""06e1e67e8b5233e132b9436d2e93789a""","Tue, 08 Sep 2026 14:02:44 GMT",1c878982988268de843cd09f5fbc511bd0f0591928db5af5e8e0a5807064c520,"Tue, 08 Sep 2026 14:02:42 GMT",https://sanctionslistservice.ofac.treas.gov/api/download/SDN.CSV,https://wc2h-sls-prod-public-published.s3.us-gov-west-1.amazonaws.com/Published/85a0205c-389d-47a1-be60-24a428fc6564/2026-09-04/453d0d4f-b951-4b52-be66-6e5a7cc3e44c/SDN.CSV,sdn.csv,,89418,,,,0,0,,
2026-09-08T23:28:10Z,ofac_cons,classic_primary,unchanged,200,"""4b45abfe868f7857ae01d485cefdfadc""","Tue, 08 Sep 2026 14:02:44 GMT",fa681487dfd865c189177b478a171178ab8e7133402342acc51f638a7bc121de,"Thu, 03 Sep 2026 15:37:43 GMT",https://sanctionslistservice.ofac.treas.gov/api/download/CONS_PRIM.CSV,https://wc2h-sls-prod-public-published.s3.us-gov-west-1.amazonaws.com/Published/85a0205c-389d-47a1-be60-24a428fc6564/2026-09-04/453d0d4f-b951-4b52-be66-6e5a7cc3e44c/CONS_PRIM.CSV,cons_prim.csv,,3371,,,,0,0,,
2026-09-09T00:41:01Z,ofac_sdn,classic_primary,unchanged,304,"""06e1e67e8b5233e132b9436d2e93789a""","Tue, 08 Sep 2026 14:02:44 GMT",1c878982988268de843cd09f5fbc511bd0f0591928db5af5e8e0a5807064c520,"Tue, 08 Sep 2026 14:02:42 GMT",https://sanctionslistservice.ofac.treas.gov/api/download/SDN.CSV,https://wc2h-sls-prod-public-published.s3.us-gov-west-1.amazonaws.com/Published/85a0205c-389d-47a1-be60-24a428fc6564/2026-09-04/453d0d4f-b951-4b52-be66-6e5a7cc3e44c/SDN.CSV,sdn.csv,,89418,,,,0,0,,
2026-09-09T00:41:01Z,ofac_cons,classic_primary,unchanged,200,"""4b45abfe868f7857ae01d485cefdfadc""","Tue, 08 Sep 2026 14:02:44 GMT",fa681487dfd865c189177b478a171178ab8e7133402342acc51f638a7bc121de,"Thu, 03 Sep 2026 15:37:43 GMT",https://sanctionslistservice.ofac.treas.gov/api/download/CONS_PRIM.CSV,https://wc2h-sls-prod-public-published.s3.us-gov-west-1.amazonaws.com/Published/85a0205c-389d-47a1-be60-24a428fc6564/2026-09-04/453d0d4f-b951-4b52-be66-6e5a7cc3e44c/CONS_PRIM.CSV,cons_prim.csv,,3371,,,,0,0,,
2026-09-09T00:50:15Z,mof,index_page,fetched,200,"""a250-65a674ec61680""","Tue, 01 Sep 2026 08:00:10 GMT",03d207fe5f848d2ac445642f1018e5e7a01ad65e1091e0686722b02ba28535bf,令和8年9月2日,https://www.mof.go.jp/policy/international_policy/gaitame_kawase/gaitame/economic_sanctions/list.html,https://www.mof.go.jp/policy/international_policy/gaitame_kawase/gaitame/economic_sanctions/list.html,list.html,,,,,,0,0,,
2026-09-09T00:50:15Z,mof,list_file,unchanged,304,"""32251c-65a674ed558c0""","Tue, 01 Sep 2026 08:00:11 GMT",25fe3658295bb7010dd37ccf3d03d681abf47080dd1c5c8712f5bbad0c9ba7a9,令和8年9月2日,https://www.mof.go.jp/policy/international_policy/gaitame_kawase/gaitame/economic_sanctions/shisantouketsu20260902.csv,https://www.mof.go.jp/policy/international_policy/gaitame_kawase/gaitame/economic_sanctions/shisantouketsu20260902.csv,shisantouketsu20260902.csv,,14743,,,,0,0,,
2026-09-09T00:50:15Z,meti,index_page,blocked,403,"W/""c3bb143a530e398af9a1c1a440f0189c""","Mon, 24 Aug 2026 07:11:49 GMT",,,https://www.meti.go.jp/policy/anpo/law09.html,https://www.meti.go.jp/policy/anpo/law09.html,,,,,,,1,0,HTTPError,403 Client Error: Forbidden for url: https://www.meti.go.jp/policy/anpo/law09.html
2026-09-09T01:30:56Z,ofac_sdn,classic_primary,unchanged,304,"""06e1e67e8b5233e132b9436d2e93789a""","Tue, 08 Sep 2026 14:02:44 GMT",1c878982988268de843cd09f5fbc511bd0f0591928db5af5e8e0a5807064c520,"Tue, 08 Sep 2026 14:02:42 GMT",https://sanctionslistservice.ofac.treas.gov/api/download/SDN.CSV,https://wc2h-sls-prod-public-published.s3.us-gov-west-1.amazonaws.com/Published/85a0205c-389d-47a1-be60-24a428fc6564/2026-09-04/453d0d4f-b951-4b52-be66-6e5a7cc3e44c/SDN.CSV,sdn.csv,,89418,,,,0,0,,
2026-09-09T01:30:56Z,ofac_cons,classic_primary,unchanged,200,"""4b45abfe868f7857ae01d485cefdfadc""","Tue, 08 Sep 2026 14:02:44 GMT",fa681487dfd865c189177b478a171178ab8e7133402342acc51f638a7bc121de,"Thu, 03 Sep 2026 15:37:43 GMT",https://sanctionslistservice.ofac.treas.gov/api/download/CONS_PRIM.CSV,https://wc2h-sls-prod-public-published.s3.us-gov-west-1.amazonaws.com/Published/85a0205c-389d-47a1-be60-24a428fc6564/2026-09-04/453d0d4f-b951-4b52-be66-6e5a7cc3e44c/CONS_PRIM.CSV,cons_prim.csv,,3371,,,,0,0,,
2026-09-09T02:30:55Z,ofac_sdn,classic_primary,unchanged,304,"""06e1e67e8b5233e132b9436d2e93789a""","Tue, 08 Sep 2026 14:02:44 GMT",1c878982988268de843cd09f5fbc511bd0f0591928db5af5e8e0a5807064c520,"Tue, 08 Sep 2026 14:02:42 GMT",https://sanctionslistservice.ofac.treas.gov/api/download/SDN.CSV,https://wc2h-sls-prod-public-published.s3.us-gov-west-1.amazonaws.com/Published/85a0205c-389d-47a1-be60-24a428fc6564/2026-09-04/453d0d4f-b951-4b52-be66-6e5a7cc3e44c/SDN.CSV,sdn.csv,,89418,,,,0,0,,
2026-09-09T02:30:55Z,ofac_cons,classic_primary,unchanged,200,"""4b45abfe868f7857ae01d485cefdfadc""","Tue, 08 Sep 2026 14:02:44 GMT",fa681487dfd865c189177b478a171178ab8e7133402342acc51f638a7bc121de,"Thu, 03 Sep 2026 15:37:43 GMT",https://sanctionslistservice.ofac.treas.gov/api/download/CONS_PRIM.CSV,https://wc2h-sls-prod-public-published.s3.us-gov-west-1.amazonaws.com/Published/85a0205c-389d-47a1-be60-24a428fc6564/2026-09-04/453d0d4f-b951-4b52-be66-6e5a7cc3e44c/CONS_PRIM.CSV,cons_prim.csv,,3371,,,,0,0,,
2026-09-09T03:31:50Z,ofac_sdn,classic_primary,unchanged,304,"""06e1e67e8b5233e132b9436d2e93789a""","Tue, 08 Sep 2026 14:02:44 GMT",1c878982988268de843cd09f5fbc511bd0f0591928db5af5e8e0a5807064c520,"Tue, 08 Sep 2026 14:02:42 GMT",https://sanctionslistservice.ofac.treas.gov/api/download/SDN.CSV,https://wc2h-sls-prod-public-published.s3.us-gov-west-1.amazonaws.com/Published/85a0205c-389d-47a1-be60-24a428fc6564/2026-09-04/453d0d4f-b951-4b52-be66-6e5a7cc3e44c/SDN.CSV,sdn.csv,,89418,,,,0,0,,
2026-09-09T03:31:50Z,ofac_cons,classic_primary,unchanged,200,"""4b45abfe868f7857ae01d485cefdfadc""","Tue, 08 Sep 2026 14:02:44 GMT",fa681487dfd865c189177b478a171178ab8e7133402342acc51f638a7bc121de,"Thu, 03 Sep 2026 15:37:43 GMT",https://sanctionslistservice.ofac.treas.gov/api/download/CONS_PRIM.CSV,https://wc2h-sls-prod-public-published.s3.us-gov-west-1.amazonaws.com/Published/85a0205c-389d-47a1-be60-24a428fc6564/2026-09-04/453d0d4f-b951-4b52-be66-6e5a7cc3e44c/CONS_PRIM.CSV,cons_prim.csv,,3371,,,,0,0,,
2026-09-09T04:31:16Z,ofac_sdn,classic_primary,unchanged,304,"""06e1e67e8b5233e132b9436d2e93789a""","Tue, 08 Sep 2026 14:02:44 GMT",1c878982988268de843cd09f5fbc511bd0f0591928db5af5e8e0a5807064c520,"Tue, 08 Sep 2026 14:02:42 GMT",https://sanctionslistservice.ofac.treas.gov/api/download/SDN.CSV,https://wc2h-sls-prod-public-published.s3.us-gov-west-1.amazonaws.com/Published/85a0205c-389d-47a1-be60-24a428fc6564/2026-09-04/453d0d4f-b951-4b52-be66-6e5a7cc3e44c/SDN.CSV,sdn.csv,,89418,,,,0,0,,
2026-09-09T04:31:16Z,ofac_cons,classic_primary,unchanged,200,"""4b45abfe868f7857ae01d485cefdfadc""","Tue, 08 Sep 2026 14:02:44 GMT",fa681487dfd865c189177b478a171178ab8e7133402342acc51f638a7bc121de,"Thu, 03 Sep 2026 15:37:43 GMT",https://sanctionslistservice.ofac.treas.gov/api/download/CONS_PRIM.CSV,https://wc2h-sls-prod-public-published.s3.us-gov-west-1.amazonaws.com/Published/85a0205c-389d-47a1-be60-24a428fc6564/2026-09-04/453d0d4f-b951-4b52-be66-6e5a7cc3e44c/CONS_PRIM.CSV,cons_prim.csv,,3371,,,,0,0,,
2026-09-09T05:30:24Z,ofac_sdn,classic_primary,unchanged,304,"""06e1e67e8b5233e132b9436d2e93789a""","Tue, 08 Sep 2026 14:02:44 GMT",1c878982988268de843cd09f5fbc511bd0f0591928db5af5e8e0a5807064c520,"Tue, 08 Sep 2026 14:02:42 GMT",https://sanctionslistservice.ofac.treas.gov/api/download/SDN.CSV,https://wc2h-sls-prod-public-published.s3.us-gov-west-1.amazonaws.com/Published/85a0205c-389d-47a1-be60-24a428fc6564/2026-09-04/453d0d4f-b951-4b52-be66-6e5a7cc3e44c/SDN.CSV,sdn.csv,,89418,,,,0,0,,
2026-09-09T05:30:24Z,ofac_cons,classic_primary,unchanged,200,"""4b45abfe868f7857ae01d485cefdfadc""","Tue, 08 Sep 2026 14:02:44 GMT",fa681487dfd865c189177b478a171178ab8e7133402342acc51f638a7bc121de,"Thu, 03 Sep 2026 15:37:43 GMT",https://sanctionslistservice.ofac.treas.gov/api/download/CONS_PRIM.CSV,https://wc2h-sls-prod-public-published.s3.us-gov-west-1.amazonaws.com/Published/85a0205c-389d-47a1-be60-24a428fc6564/2026-09-04/453d0d4f-b951-4b52-be66-6e5a7cc3e44c/CONS_PRIM.CSV,cons_prim.csv,,3371,,,,0,0,,
2026-09-09T06:37:29Z,ofac_sdn,classic_primary,unchanged,304,"""06e1e67e8b5233e132b9436d2e93789a""","Tue, 08 Sep 2026 14:02:44 GMT",1c878982988268de843cd09f5fbc511bd0f0591928db5af5e8e0a5807064c520,"Tue, 08 Sep 2026 14:02:42 GMT",https://sanctionslistservice.ofac.treas.gov/api/download/SDN.CSV,https://wc2h-sls-prod-public-published.s3.us-gov-west-1.amazonaws.com/Published/85a0205c-389d-47a1-be60-24a428fc6564/2026-09-04/453d0d4f-b951-4b52-be66-6e5a7cc3e44c/SDN.CSV,sdn.csv,,89418,,,,0,0,,
2026-09-09T06:37:29Z,ofac_cons,classic_primary,unchanged,200,"""4b45abfe868f7857ae01d485cefdfadc""","Tue, 08 Sep 2026 14:02:44 GMT",fa681487dfd865c189177b478a171178ab8e7133402342acc51f638a7bc121de,"Thu, 03 Sep 2026 15:37:43 GMT",https://sanctionslistservice.ofac.treas.gov/api/download/CONS_PRIM.CSV,https://wc2h-sls-prod-public-published.s3.us-gov-west-1.amazonaws.com/Published/85a0205c-389d-47a1-be60-24a428fc6564/2026-09-04/453d0d4f-b951-4b52-be66-6e5a7cc3e44c/CONS_PRIM.CSV,cons_prim.csv,,3371,,,,0,0,,
2026-09-09T06:50:08Z,mof,index_page,fetched,200,"""a250-65a674ec61680""","Tue, 01 Sep 2026 08:00:10 GMT",acdc648ee3a0c1108cde2aefff9901964f7ddcbc57ca6a7d536bb7f946b484b6,令和8年9月2日,https://www.mof.go.jp/policy/international_policy/gaitame_kawase/gaitame/economic_sanctions/list.html,https://www.mof.go.jp/policy/international_policy/gaitame_kawase/gaitame/economic_sanctions/list.html,list.html,,,,,,0,0,,
2026-09-09T06:50:08Z,mof,list_file,unchanged,304,"""32251c-65a674ed558c0""","Tue, 01 Sep 2026 08:00:11 GMT",25fe3658295bb7010dd37ccf3d03d681abf47080dd1c5c8712f5bbad0c9ba7a9,令和8年9月2日,https://www.mof.go.jp/policy/international_policy/gaitame_kawase/gaitame/economic_sanctions/shisantouketsu20260902.csv,https://www.mof.go.jp/policy/international_policy/gaitame_kawase/gaitame/economic_sanctions/shisantouketsu20260902.csv,shisantouketsu20260902.csv,,14743,,,,0,0,,
2026-09-09T06:50:08Z,meti,index_page,blocked,403,"W/""c3bb143a530e398af9a1c1a440f0189c""","Mon, 24 Aug 2026 07:11:49 GMT",,,https://www.meti.go.jp/policy/anpo/law09.html,https://www.meti.go.jp/policy/anpo/law09.html,,,,,,,1,0,HTTPError,403 Client Error: Forbidden for url: https://www.meti.go.jp/policy/anpo/law09.html
2026-09-09T07:32:14Z,ofac_sdn,classic_primary,unchanged,304,"""06e1e67e8b5233e132b9436d2e93789a""","Tue, 08 Sep 2026 14:02:44 GMT",1c878982988268de843cd09f5fbc511bd0f0591928db5af5e8e0a5807064c520,"Tue, 08 Sep 2026 14:02:42 GMT",https://sanctionslistservice.ofac.treas.gov/api/download/SDN.CSV,https://wc2h-sls-prod-public-published.s3.us-gov-west-1.amazonaws.com/Published/85a0205c-389d-47a1-be60-24a428fc6564/2026-09-04/453d0d4f-b951-4b52-be66-6e5a7cc3e44c/SDN.CSV,sdn.csv,,89418,,,,0,0,,
2026-09-09T07:32:14Z,ofac_cons,classic_primary,unchanged,200,"""4b45abfe868f7857ae01d485cefdfadc""","Tue, 08 Sep 2026 14:02:44 GMT",fa681487dfd865c189177b478a171178ab8e7133402342acc51f638a7bc121de,"Thu, 03 Sep 2026 15:37:43 GMT",https://sanctionslistservice.ofac.treas.gov/api/download/CONS_PRIM.CSV,https://wc2h-sls-prod-public-published.s3.us-gov-west-1.amazonaws.com/Published/85a0205c-389d-47a1-be60-24a428fc6564/2026-09-04/453d0d4f-b951-4b52-be66-6e5a7cc3e44c/CONS_PRIM.CSV,cons_prim.csv,,3371,,,,0,0,,
2026-09-09T08:31:53Z,ofac_sdn,classic_primary,unchanged,304,"""06e1e67e8b5233e132b9436d2e93789a""","Tue, 08 Sep 2026 14:02:44 GMT",1c878982988268de843cd09f5fbc511bd0f0591928db5af5e8e0a5807064c520,"Tue, 08 Sep 2026 14:02:42 GMT",https://sanctionslistservice.ofac.treas.gov/api/download/SDN.CSV,https://wc2h-sls-prod-public-published.s3.us-gov-west-1.amazonaws.com/Published/85a0205c-389d-47a1-be60-24a428fc6564/2026-09-04/453d0d4f-b951-4b52-be66-6e5a7cc3e44c/SDN.CSV,sdn.csv,,89418,,,,0,0,,
2026-09-09T08:31:53Z,ofac_cons,classic_primary,unchanged,200,"""4b45abfe868f7857ae01d485cefdfadc""","Tue, 08 Sep 2026 14:02:44 GMT",fa681487dfd865c189177b478a171178ab8e7133402342acc51f638a7bc121de,"Thu, 03 Sep 2026 15:37:43 GMT",https://sanctionslistservice.ofac.treas.gov/api/download/CONS_PRIM.CSV,https://wc2h-sls-prod-public-published.s3.us-gov-west-1.amazonaws.com/Published/85a0205c-389d-47a1-be60-24a428fc6564/2026-09-04/453d0d4f-b951-4b52-be66-6e5a7cc3e44c/CONS_PRIM.CSV,cons_prim.csv,,3371,,,,0,0,,
2026-09-09T09:32:26Z,ofac_sdn,classic_primary,unchanged,304,"""06e1e67e8b5233e132b9436d2e93789a""","Tue, 08 Sep 2026 14:02:44 GMT",1c878982988268de843cd09f5fbc511bd0f0591928db5af5e8e0a5807064c520,"Tue, 08 Sep 2026 14:02:42 GMT",https://sanctionslistservice.ofac.treas.gov/api/download/SDN.CSV,https://wc2h-sls-prod-public-published.s3.us-gov-west-1.amazonaws.com/Published/85a0205c-389d-47a1-be60-24a428fc6564/2026-09-04/453d0d4f-b951-4b52-be66-6e5a7cc3e44c/SDN.CSV,sdn.csv,,89418,,,,0,0,,
2026-09-09T09:32:26Z,ofac_cons,classic_primary,unchanged,200,"""4b45abfe868f7857ae01d485cefdfadc""","Tue, 08 Sep 2026 14:02:44 GMT",fa681487dfd865c189177b478a171178ab8e7133402342acc51f638a7bc121de,"Thu, 03 Sep 2026 15:37:43 GMT",https://sanctionslistservice.ofac.treas.gov/api/download/CONS_PRIM.CSV,https://wc2h-sls-prod-public-published.s3.us-gov-west-1.amazonaws.com/Published/85a0205c-389d-47a1-be60-24a428fc6564/2026-09-04/453d0d4f-b951-4b52-be66-6e5a7cc3e44c/CONS_PRIM.CSV,cons_prim.csv,,3371,,,,0,0,,
2026-09-09T10:32:06Z,ofac_sdn,classic_primary,unchanged,304,"""06e1e67e8b5233e132b9436d2e93789a""","Tue, 08 Sep 2026 14:02:44 GMT",1c878982988268de843cd09f5fbc511bd0f0591928db5af5e8e0a5807064c520,"Tue, 08 Sep 2026 14:02:42 GMT",https://sanctionslistservice.ofac.treas.gov/api/download/SDN.CSV,https://wc2h-sls-prod-public-published.s3.us-gov-west-1.amazonaws.com/Published/85a0205c-389d-47a1-be60-24a428fc6564/2026-09-04/453d0d4f-b951-4b52-be66-6e5a7cc3e44c/SDN.CSV,sdn.csv,,89418,,,,0,0,,
2026-09-09T10:32:06Z,ofac_cons,classic_primary,unchanged,200,"""4b45abfe868f7857ae01d485cefdfadc""","Tue, 08 Sep 2026 14:02:44 GMT",fa681487dfd865c189177b478a171178ab8e7133402342acc51f638a7bc121de,"Thu, 03 Sep 2026 15:37:43 GMT",https://sanctionslistservice.ofac.treas.gov/api/download/CONS_PRIM.CSV,https://wc2h-sls-prod-public-published.s3.us-gov-west-1.amazonaws.com/Published/85a0205c-389d-47a1-be60-24a428fc6564/2026-09-04/453d0d4f-b951-4b52-be66-6e5a7cc3e44c/CONS_PRIM.CSV,cons_prim.csv,,3371,,,,0,0,,
2026-09-09T11:31:00Z,ofac_sdn,classic_primary,unchanged,304,"""06e1e67e8b5233e132b9436d2e93789a""","Tue, 08 Sep 2026 14:02:44 GMT",1c878982988268de843cd09f5fbc511bd0f0591928db5af5e8e0a5807064c520,"Tue, 08 Sep 2026 14:02:42 GMT",https://sanctionslistservice.ofac.treas.gov/api/download/SDN.CSV,https://wc2h-sls-prod-public-published.s3.us-gov-west-1.amazonaws.com/Published/85a0205c-389d-47a1-be60-24a428fc6564/2026-09-04/453d0d4f-b951-4b52-be66-6e5a7cc3e44c/SDN.CSV,sdn.csv,,89418,,,,0,0,,
2026-09-09T11:31:00Z,ofac_cons,classic_primary,unchanged,200,"""4b45abfe868f7857ae01d485cefdfadc""","Tue, 08 Sep 2026 14:02:44 GMT",fa681487dfd865c189177b478a171178ab8e7133402342acc51f638a7bc121de,"Thu, 03 Sep 2026 15:37:43 GMT",https://sanctionslistservice.ofac.treas.gov/api/download/CONS_PRIM.CSV,https://wc2h-sls-prod-public-published.s3.us-gov-west-1.amazonaws.com/Published/85a0205c-389d-47a1-be60-24a428fc6564/2026-09-04/453d0d4f-b951-4b52-be66-6e5a7cc3e44c/CONS_PRIM.CSV,cons_prim.csv,,3371,,,,0,0,,
2026-09-09T12:37:56Z,ofac_sdn,classic_primary,unchanged,304,"""06e1e67e8b5233e132b9436d2e93789a""","Tue, 08 Sep 2026 14:02:44 GMT",1c878982988268de843cd09f5fbc511bd0f0591928db5af5e8e0a5807064c520,"Tue, 08 Sep 2026 14:02:42 GMT",https://sanctionslistservice.ofac.treas.gov/api/download/SDN.CSV,https://wc2h-sls-prod-public-published.s3.us-gov-west-1.amazonaws.com/Published/85a0205c-389d-47a1-be60-24a428fc6564/2026-09-04/453d0d4f-b951-4b52-be66-6e5a7cc3e44c/SDN.CSV,sdn.csv,,89418,,,,0,0,,
2026-09-09T12:37:56Z,ofac_cons,classic_primary,unchanged,200,"""4b45abfe868f7857ae01d485cefdfadc""","Tue, 08 Sep 2026 14:02:44 GMT",fa681487dfd865c189177b478a171178ab8e7133402342acc51f638a7bc121de,"Thu, 03 Sep 2026 15:37:43 GMT",https://sanctionslistservice.ofac.treas.gov/api/download/CONS_PRIM.CSV,https://wc2h-sls-prod-public-published.s3.us-gov-west-1.amazonaws.com/Published/85a0205c-389d-47a1-be60-24a428fc6564/2026-09-04/453d0d4f-b951-4b52-be66-6e5a7cc3e44c/CONS_PRIM.CSV,cons_prim.csv,,3371,,,,0,0,,
2026-09-09T12:50:54Z,mof,index_page,fetched,200,"""a251-65b083d534fc0""","Wed, 09 Sep 2026 08:00:07 GMT",b86d63f0d58d7019735759767c6e533f876931b8d9ec2631cd2b3cc5313681b5,令和8年9月10日,https://www.mof.go.jp/policy/international_policy/gaitame_kawase/gaitame/economic_sanctions/list.html,https://www.mof.go.jp/policy/international_policy/gaitame_kawase/gaitame/economic_sanctions/list.html,list.html,,,,,,0,0,,
2026-09-09T12:50:54Z,mof,list_file,no_effective_change,200,"""3225f7-65b083d71d440""","Wed, 09 Sep 2026 08:00:09 GMT",c46ccaf88a98ab9c4209c4032c91190fa740ac106767fe32331879d73de99d03,令和8年9月10日,https://www.mof.go.jp/policy/international_policy/gaitame_kawase/gaitame/economic_sanctions/shisantouketsu20260910.csv,https://www.mof.go.jp/policy/international_policy/gaitame_kawase/gaitame/economic_sanctions/shisantouketsu20260910.csv,shisantouketsu20260910.csv,data/raw/mof/20260909T125053Z__shisantouketsu20260910.csv.gz,14743,0,0,0,0,0,,
2026-09-09T12:50:54Z,meti,index_page,blocked,403,"W/""c3bb143a530e398af9a1c1a440f0189c""","Mon, 24 Aug 2026 07:11:49 GMT",,,https://www.meti.go.jp/policy/anpo/law09.html,https://www.meti.go.jp/policy/anpo/law09.html,,,,,,,1,0,HTTPError,403 Client Error: Forbidden for url: https://www.meti.go.jp/policy/anpo/law09.html
2026-09-09T13:33:45Z,ofac_sdn,classic_primary,fetched,200,"""0f80833c39377b1db13698449e1e43aa""","Wed, 09 Sep 2026 13:32:00 GMT",1420bb7f85703354657128718c8e670f94c01d461b6dff9c446582bb0eaeeb70,,https://sanctionslistservice.ofac.treas.gov/api/download/SDN.CSV,https://wc2h-sls-prod-public-published.s3.us-gov-west-1.amazonaws.com/Published/974acd69-0b85-4b14-962a-3501e183bb8f/2026-09-08/b8b4f949-152d-42b1-bf47-20fa0d746cd0/SDN.CSV,sdn.csv,,,,,,0,0,,
2026-09-09T13:33:45Z,ofac_sdn,classic_alias,fetched,200,"""6abf6be34ccb48987b84098d3fb74be7""","Wed, 09 Sep 2026 13:32:00 GMT",862f73453e94cadaaee200c8413492a827d49c62028f74715fbe3c99df0fd482,,https://sanctionslistservice.ofac.treas.gov/api/download/ALT.CSV,https://wc2h-sls-prod-public-published.s3.us-gov-west-1.amazonaws.com/Published/974acd69-0b85-4b14-962a-3501e183bb8f/2026-09-08/b8b4f949-152d-42b1-bf47-20fa0d746cd0/ALT.CSV,alt.csv,,,,,,0,0,,
2026-09-09T13:33:45Z,ofac_sdn,advanced_xml,fetched,200,"""2f506f13e52ba12348cec9eece5abfa0""","Wed, 09 Sep 2026 13:31:58 GMT",994f8983546138b7f0f87c34ea55462bedae325aa156921d308ae63d6472368b,,https://sanctionslistservice.ofac.treas.gov/api/PublicationPreview/exports/SDN_ADVANCED.XML,https://wc2h-sls-prod-public-published.s3.us-gov-west-1.amazonaws.com/Published/974acd69-0b85-4b14-962a-3501e183bb8f/2026-09-08/b8b4f949-152d-42b1-bf47-20fa0d746cd0/SDN_ADVANCED.XML,sdn_advanced.xml,,,,,,0,0,,
2026-09-09T13:33:45Z,ofac_sdn,validated_snapshot,validated,200,"""2f506f13e52ba12348cec9eece5abfa0""","Wed, 09 Sep 2026 13:31:58 GMT",994f8983546138b7f0f87c34ea55462bedae325aa156921d308ae63d6472368b,"Wed, 09 Sep 2026 13:31:58 GMT",https://sanctionslistservice.ofac.treas.gov/api/PublicationPreview/exports/SDN_ADVANCED.XML,https://wc2h-sls-prod-public-published.s3.us-gov-west-1.amazonaws.com/Published/974acd69-0b85-4b14-962a-3501e183bb8f/2026-09-08/b8b4f949-152d-42b1-bf47-20fa0d746cd0/SDN_ADVANCED.XML,sdn_advanced.xml,data/raw/ofac_sdn_advanced/20260909T133331Z__sdn_advanced.xml.gz,89430,,,,0,0,,
2026-09-09T13:33:45Z,ofac_cons,classic_primary,unchanged,200,"""995603def392abce97fbbb64f6c5d1a2""","Wed, 09 Sep 2026 13:32:00 GMT",fa681487dfd865c189177b478a171178ab8e7133402342acc51f638a7bc121de,"Thu, 03 Sep 2026 15:37:43 GMT",https://sanctionslistservice.ofac.treas.gov/api/download/CONS_PRIM.CSV,https://wc2h-sls-prod-public-published.s3.us-gov-west-1.amazonaws.com/Published/974acd69-0b85-4b14-962a-3501e183bb8f/2026-09-08/b8b4f949-152d-42b1-bf47-20fa0d746cd0/CONS_PRIM.CSV,cons_prim.csv,,3371,,,,0,0,,
2026-09-09T13:33:45Z,ofac,aggregate_merge,changed,,,,,,,,,,88185,9,0,0,0,0,,
2026-09-09T14:32:36Z,ofac_sdn,classic_primary,unchanged,304,"""0f80833c39377b1db13698449e1e43aa""","Wed, 09 Sep 2026 13:32:00 GMT",1420bb7f85703354657128718c8e670f94c01d461b6dff9c446582bb0eaeeb70,"Wed, 09 Sep 2026 13:31:58 GMT",https://sanctionslistservice.ofac.treas.gov/api/download/SDN.CSV,https://wc2h-sls-prod-public-published.s3.us-gov-west-1.amazonaws.com/Published/974acd69-0b85-4b14-962a-3501e183bb8f/2026-09-08/b8b4f949-152d-42b1-bf47-20fa0d746cd0/SDN.CSV,sdn.csv,,89430,,,,0,0,,
2026-09-09T14:32:36Z,ofac_cons,classic_primary,unchanged,200,"""995603def392abce97fbbb64f6c5d1a2""","Wed, 09 Sep 2026 13:32:00 GMT",fa681487dfd865c189177b478a171178ab8e7133402342acc51f638a7bc121de,"Thu, 03 Sep 2026 15:37:43 GMT",https://sanctionslistservice.ofac.treas.gov/api/download/CONS_PRIM.CSV,https://wc2h-sls-prod-public-published.s3.us-gov-west-1.amazonaws.com/Published/974acd69-0b85-4b14-962a-3501e183bb8f/2026-09-08/b8b4f949-152d-42b1-bf47-20fa0d746cd0/CONS_PRIM.CSV,cons_prim.csv,,3371,,,,0,0,,
2026-09-09T15:32:05Z,ofac_sdn,classic_primary,unchanged,304,"""0f80833c39377b1db13698449e1e43aa""","Wed, 09 Sep 2026 13:32:00 GMT",1420bb7f85703354657128718c8e670f94c01d461b6dff9c446582bb0eaeeb70,"Wed, 09 Sep 2026 13:31:58 GMT",https://sanctionslistservice.ofac.treas.gov/api/download/SDN.CSV,https://wc2h-sls-prod-public-published.s3.us-gov-west-1.amazonaws.com/Published/974acd69-0b85-4b14-962a-3501e183bb8f/2026-09-08/b8b4f949-152d-42b1-bf47-20fa0d746cd0/SDN.CSV,sdn.csv,,89430,,,,0,0,,
2026-09-09T15:32:05Z,ofac_cons,classic_primary,unchanged,200,"""995603def392abce97fbbb64f6c5d1a2""","Wed, 09 Sep 2026 13:32:00 GMT",fa681487dfd865c189177b478a171178ab8e7133402342acc51f638a7bc121de,"Thu, 03 Sep 2026 15:37:43 GMT",https://sanctionslistservice.ofac.treas.gov/api/download/CONS_PRIM.CSV,https://wc2h-sls-prod-public-published.s3.us-gov-west-1.amazonaws.com/Published/974acd69-0b85-4b14-962a-3501e183bb8f/2026-09-08/b8b4f949-152d-42b1-bf47-20fa0d746cd0/CONS_PRIM.CSV,cons_prim.csv,,3371,,,,0,0,,
2026-09-09T16:32:54Z,ofac_sdn,classic_primary,unchanged,304,"""0f80833c39377b1db13698449e1e43aa""","Wed, 09 Sep 2026 13:32:00 GMT",1420bb7f85703354657128718c8e670f94c01d461b6dff9c446582bb0eaeeb70,"Wed, 09 Sep 2026 13:31:58 GMT",https://sanctionslistservice.ofac.treas.gov/api/download/SDN.CSV,https://wc2h-sls-prod-public-published.s3.us-gov-west-1.amazonaws.com/Published/974acd69-0b85-4b14-962a-3501e183bb8f/2026-09-08/b8b4f949-152d-42b1-bf47-20fa0d746cd0/SDN.CSV,sdn.csv,,89430,,,,0,0,,
2026-09-09T16:32:54Z,ofac_cons,classic_primary,unchanged,200,"""995603def392abce97fbbb64f6c5d1a2""","Wed, 09 Sep 2026 13:32:00 GMT",fa681487dfd865c189177b478a171178ab8e7133402342acc51f638a7bc121de,"Thu, 03 Sep 2026 15:37:43 GMT",https://sanctionslistservice.ofac.treas.gov/api/download/CONS_PRIM.CSV,https://wc2h-sls-prod-public-published.s3.us-gov-west-1.amazonaws.com/Published/974acd69-0b85-4b14-962a-3501e183bb8f/2026-09-08/b8b4f949-152d-42b1-bf47-20fa0d746cd0/CONS_PRIM.CSV,cons_prim.csv,,3371,,,,0,0,,
2026-09-09T17:30:14Z,ofac_sdn,classic_primary,unchanged,304,"""0f80833c39377b1db13698449e1e43aa""","Wed, 09 Sep 2026 13:32:00 GMT",1420bb7f85703354657128718c8e670f94c01d461b6dff9c446582bb0eaeeb70,"Wed, 09 Sep 2026 13:31:58 GMT",https://sanctionslistservice.ofac.treas.gov/api/download/SDN.CSV,https://wc2h-sls-prod-public-published.s3.us-gov-west-1.amazonaws.com/Published/974acd69-0b85-4b14-962a-3501e183bb8f/2026-09-08/b8b4f949-152d-42b1-bf47-20fa0d746cd0/SDN.CSV,sdn.csv,,89430,,,,0,0,,
2026-09-09T17:30:14Z,ofac_cons,classic_primary,unchanged,200,"""995603def392abce97fbbb64f6c5d1a2""","Wed, 09 Sep 2026 13:32:00 GMT",fa681487dfd865c189177b478a171178ab8e7133402342acc51f638a7bc121de,"Thu, 03 Sep 2026 15:37:43 GMT",https://sanctionslistservice.ofac.treas.gov/api/download/CONS_PRIM.CSV,https://wc2h-sls-prod-public-published.s3.us-gov-west-1.amazonaws.com/Published/974acd69-0b85-4b14-962a-3501e183bb8f/2026-09-08/b8b4f949-152d-42b1-bf47-20fa0d746cd0/CONS_PRIM.CSV,cons_prim.csv,,3371,,,,0,0,,
2026-09-09T18:34:56Z,ofac_sdn,classic_primary,unchanged,304,"""0f80833c39377b1db13698449e1e43aa""","Wed, 09 Sep 2026 13:32:00 GMT",1420bb7f85703354657128718c8e670f94c01d461b6dff9c446582bb0eaeeb70,"Wed, 09 Sep 2026 13:31:58 GMT",https://sanctionslistservice.ofac.treas.gov/api/download/SDN.CSV,https://wc2h-sls-prod-public-published.s3.us-gov-west-1.amazonaws.com/Published/974acd69-0b85-4b14-962a-3501e183bb8f/2026-09-08/b8b4f949-152d-42b1-bf47-20fa0d746cd0/SDN.CSV,sdn.csv,,89430,,,,0,0,,
2026-09-09T18:34:56Z,ofac_cons,classic_primary,unchanged,200,"""995603def392abce97fbbb64f6c5d1a2""","Wed, 09 Sep 2026 13:32:00 GMT",fa681487dfd865c189177b478a171178ab8e7133402342acc51f638a7bc121de,"Thu, 03 Sep 2026 15:37:43 GMT",https://sanctionslistservice.ofac.treas.gov/api/download/CONS_PRIM.CSV,https://wc2h-sls-prod-public-published.s3.us-gov-west-1.amazonaws.com/Published/974acd69-0b85-4b14-962a-3501e183bb8f/2026-09-08/b8b4f949-152d-42b1-bf47-20fa0d746cd0/CONS_PRIM.CSV,cons_prim.csv,,3371,,,,0,0,,
2026-09-09T18:47:33Z,mof,index_page,fetched,200,"""a251-65b083d534fc0""","Wed, 09 Sep 2026 08:00:07 GMT",e374638089b67cea90dc18a01ccb132d0ec5feb3300a74bd5a69062840d62739,令和8年9月10日,https://www.mof.go.jp/policy/international_policy/gaitame_kawase/gaitame/economic_sanctions/list.html,https://www.mof.go.jp/policy/international_policy/gaitame_kawase/gaitame/economic_sanctions/list.html,list.html,,,,,,0,0,,
2026-09-09T18:47:33Z,mof,list_file,unchanged,304,"""3225f7-65b083d71d440""","Wed, 09 Sep 2026 08:00:09 GMT",c46ccaf88a98ab9c4209c4032c91190fa740ac106767fe32331879d73de99d03,令和8年9月10日,https://www.mof.go.jp/policy/international_policy/gaitame_kawase/gaitame/economic_sanctions/shisantouketsu20260910.csv,https://www.mof.go.jp/policy/international_policy/gaitame_kawase/gaitame/economic_sanctions/shisantouketsu20260910.csv,shisantouketsu20260910.csv,,14743,,,,0,0,,
2026-09-09T18:47:33Z,meti,index_page,blocked,403,"W/""c3bb143a530e398af9a1c1a440f0189c""","Mon, 24 Aug 2026 07:11:49 GMT",,,https://www.meti.go.jp/policy/anpo/law09.html,https://www.meti.go.jp/policy/anpo/law09.html,,,,,,,1,0,HTTPError,403 Client Error: Forbidden for url: https://www.meti.go.jp/policy/anpo/law09.html
2026-09-09T19:28:46Z,ofac_sdn,classic_primary,unchanged,304,"""0f80833c39377b1db13698449e1e43aa""","Wed, 09 Sep 2026 13:32:00 GMT",1420bb7f85703354657128718c8e670f94c01d461b6dff9c446582bb0eaeeb70,"Wed, 09 Sep 2026 13:31:58 GMT",https://sanctionslistservice.ofac.treas.gov/api/download/SDN.CSV,https://wc2h-sls-prod-public-published.s3.us-gov-west-1.amazonaws.com/Published/974acd69-0b85-4b14-962a-3501e183bb8f/2026-09-08/b8b4f949-152d-42b1-bf47-20fa0d746cd0/SDN.CSV,sdn.csv,,89430,,,,0,0,,
2026-09-09T19:28:46Z,ofac_cons,classic_primary,unchanged,200,"""995603def392abce97fbbb64f6c5d1a2""","Wed, 09 Sep 2026 13:32:00 GMT",fa681487dfd865c189177b478a171178ab8e7133402342acc51f638a7bc121de,"Thu, 03 Sep 2026 15:37:43 GMT",https://sanctionslistservice.ofac.treas.gov/api/download/CONS_PRIM.CSV,https://wc2h-sls-prod-public-published.s3.us-gov-west-1.amazonaws.com/Published/974acd69-0b85-4b14-962a-3501e183bb8f/2026-09-08/b8b4f949-152d-42b1-bf47-20fa0d746cd0/CONS_PRIM.CSV,cons_prim.csv,,3371,,,,0,0,,
2026-09-09T20:30:42Z,ofac_sdn,classic_primary,unchanged,304,"""0f80833c39377b1db13698449e1e43aa""","Wed, 09 Sep 2026 13:32:00 GMT",1420bb7f85703354657128718c8e670f94c01d461b6dff9c446582bb0eaeeb70,"Wed, 09 Sep 2026 13:31:58 GMT",https://sanctionslistservice.ofac.treas.gov/api/download/SDN.CSV,https://wc2h-sls-prod-public-published.s3.us-gov-west-1.amazonaws.com/Published/974acd69-0b85-4b14-962a-3501e183bb8f/2026-09-08/b8b4f949-152d-42b1-bf47-20fa0d746cd0/SDN.CSV,sdn.csv,,89430,,,,0,0,,
2026-09-09T20:30:42Z,ofac_cons,classic_primary,unchanged,200,"""995603def392abce97fbbb64f6c5d1a2""","Wed, 09 Sep 2026 13:32:00 GMT",fa681487dfd865c189177b478a171178ab8e7133402342acc51f638a7bc121de,"Thu, 03 Sep 2026 15:37:43 GMT",https://sanctionslistservice.ofac.treas.gov/api/download/CONS_PRIM.CSV,https://wc2h-sls-prod-public-published.s3.us-gov-west-1.amazonaws.com/Published/974acd69-0b85-4b14-962a-3501e183bb8f/2026-09-08/b8b4f949-152d-42b1-bf47-20fa0d746cd0/CONS_PRIM.CSV,cons_prim.csv,,3371,,,,0,0,,
2026-09-09T21:29:23Z,ofac_sdn,classic_primary,unchanged,304,"""0f80833c39377b1db13698449e1e43aa""","Wed, 09 Sep 2026 13:32:00 GMT",1420bb7f85703354657128718c8e670f94c01d461b6dff9c446582bb0eaeeb70,"Wed, 09 Sep 2026 13:31:58 GMT",https://sanctionslistservice.ofac.treas.gov/api/download/SDN.CSV,https://wc2h-sls-prod-public-published.s3.us-gov-west-1.amazonaws.com/Published/974acd69-0b85-4b14-962a-3501e183bb8f/2026-09-08/b8b4f949-152d-42b1-bf47-20fa0d746cd0/SDN.CSV,sdn.csv,,89430,,,,0,0,,
2026-09-09T21:29:23Z,ofac_cons,classic_primary,unchanged,200,"""995603def392abce97fbbb64f6c5d1a2""","Wed, 09 Sep 2026 13:32:00 GMT",fa681487dfd865c189177b478a171178ab8e7133402342acc51f638a7bc121de,"Thu, 03 Sep 2026 15:37:43 GMT",https://sanctionslistservice.ofac.treas.gov/api/download/CONS_PRIM.CSV,https://wc2h-sls-prod-public-published.s3.us-gov-west-1.amazonaws.com/Published/974acd69-0b85-4b14-962a-3501e183bb8f/2026-09-08/b8b4f949-152d-42b1-bf47-20fa0d746cd0/CONS_PRIM.CSV,cons_prim.csv,,3371,,,,0,0,,
2026-09-09T22:29:22Z,ofac_sdn,classic_primary,unchanged,304,"""0f80833c39377b1db13698449e1e43aa""","Wed, 09 Sep 2026 13:32:00 GMT",1420bb7f85703354657128718c8e670f94c01d461b6dff9c446582bb0eaeeb70,"Wed, 09 Sep 2026 13:31:58 GMT",https://sanctionslistservice.ofac.treas.gov/api/download/SDN.CSV,https://wc2h-sls-prod-public-published.s3.us-gov-west-1.amazonaws.com/Published/974acd69-0b85-4b14-962a-3501e183bb8f/2026-09-08/b8b4f949-152d-42b1-bf47-20fa0d746cd0/SDN.CSV,sdn.csv,,89430,,,,0,0,,
2026-09-09T22:29:22Z,ofac_cons,classic_primary,unchanged,200,"""995603def392abce97fbbb64f6c5d1a2""","Wed, 09 Sep 2026 13:32:00 GMT",fa681487dfd865c189177b478a171178ab8e7133402342acc51f638a7bc121de,"Thu, 03 Sep 2026 15:37:43 GMT",https://sanctionslistservice.ofac.treas.gov/api/download/CONS_PRIM.CSV,https://wc2h-sls-prod-public-published.s3.us-gov-west-1.amazonaws.com/Published/974acd69-0b85-4b14-962a-3501e183bb8f/2026-09-08/b8b4f949-152d-42b1-bf47-20fa0d746cd0/CONS_PRIM.CSV,cons_prim.csv,,3371,,,,0,0,,
2026-09-09T23:28:14Z,ofac_sdn,classic_primary,unchanged,304,"""0f80833c39377b1db13698449e1e43aa""","Wed, 09 Sep 2026 13:32:00 GMT",1420bb7f85703354657128718c8e670f94c01d461b6dff9c446582bb0eaeeb70,"Wed, 09 Sep 2026 13:31:58 GMT",https://sanctionslistservice.ofac.treas.gov/api/download/SDN.CSV,https://wc2h-sls-prod-public-published.s3.us-gov-west-1.amazonaws.com/Published/974acd69-0b85-4b14-962a-3501e183bb8f/2026-09-08/b8b4f949-152d-42b1-bf47-20fa0d746cd0/SDN.CSV,sdn.csv,,89430,,,,0,0,,
2026-09-09T23:28:14Z,ofac_cons,classic_primary,unchanged,200,"""995603def392abce97fbbb64f6c5d1a2""","Wed, 09 Sep 2026 13:32:00 GMT",fa681487dfd865c189177b478a171178ab8e7133402342acc51f638a7bc121de,"Thu, 03 Sep 2026 15:37:43 GMT",https://sanctionslistservice.ofac.treas.gov/api/download/CONS_PRIM.CSV,https://wc2h-sls-prod-public-published.s3.us-gov-west-1.amazonaws.com/Published/974acd69-0b85-4b14-962a-3501e183bb8f/2026-09-08/b8b4f949-152d-42b1-bf47-20fa0d746cd0/CONS_PRIM.CSV,cons_prim.csv,,3371,,,,0,0,,
2026-09-10T00:37:06Z,ofac_sdn,classic_primary,unchanged,304,"""0f80833c39377b1db13698449e1e43aa""","Wed, 09 Sep 2026 13:32:00 GMT",1420bb7f85703354657128718c8e670f94c01d461b6dff9c446582bb0eaeeb70,"Wed, 09 Sep 2026 13:31:58 GMT",https://sanctionslistservice.ofac.treas.gov/api/download/SDN.CSV,https://wc2h-sls-prod-public-published.s3.us-gov-west-1.amazonaws.com/Published/974acd69-0b85-4b14-962a-3501e183bb8f/2026-09-08/b8b4f949-152d-42b1-bf47-20fa0d746cd0/SDN.CSV,sdn.csv,,89430,,,,0,0,,
2026-09-10T00:37:06Z,ofac_cons,classic_primary,unchanged,200,"""995603def392abce97fbbb64f6c5d1a2""","Wed, 09 Sep 2026 13:32:00 GMT",fa681487dfd865c189177b478a171178ab8e7133402342acc51f638a7bc121de,"Thu, 03 Sep 2026 15:37:43 GMT",https://sanctionslistservice.ofac.treas.gov/api/download/CONS_PRIM.CSV,https://wc2h-sls-prod-public-published.s3.us-gov-west-1.amazonaws.com/Published/974acd69-0b85-4b14-962a-3501e183bb8f/2026-09-08/b8b4f949-152d-42b1-bf47-20fa0d746cd0/CONS_PRIM.CSV,cons_prim.csv,,3371,,,,0,0,,
2026-09-10T00:49:50Z,mof,index_page,fetched,200,"""a251-65b083d534fc0""","Wed, 09 Sep 2026 08:00:07 GMT",5bdda9107af6414cc26acb4da1ad727efe7988007e4abebc779681a19c4dfd5c,令和8年9月10日,https://www.mof.go.jp/policy/international_policy/gaitame_kawase/gaitame/economic_sanctions/list.html,https://www.mof.go.jp/policy/international_policy/gaitame_kawase/gaitame/economic_sanctions/list.html,list.html,,,,,,0,0,,
2026-09-10T00:49:50Z,mof,list_file,unchanged,304,"""3225f7-65b083d71d440""","Wed, 09 Sep 2026 08:00:09 GMT",c46ccaf88a98ab9c4209c4032c91190fa740ac106767fe32331879d73de99d03,令和8年9月10日,https://www.mof.go.jp/policy/international_policy/gaitame_kawase/gaitame/economic_sanctions/shisantouketsu20260910.csv,https://www.mof.go.jp/policy/international_policy/gaitame_kawase/gaitame/economic_sanctions/shisantouketsu20260910.csv,shisantouketsu20260910.csv,,14743,,,,0,0,,
2026-09-10T00:49:50Z,meti,index_page,blocked,403,"W/""c3bb143a530e398af9a1c1a440f0189c""","Mon, 24 Aug 2026 07:11:49 GMT",,,https://www.meti.go.jp/policy/anpo/law09.html,https://www.meti.go.jp/policy/anpo/law09.html,,,,,,,1,0,HTTPError,403 Client Error: Forbidden for url: https://www.meti.go.jp/policy/anpo/law09.html
2026-09-10T01:29:10Z,ofac_sdn,classic_primary,unchanged,304,"""0f80833c39377b1db13698449e1e43aa""","Wed, 09 Sep 2026 13:32:00 GMT",1420bb7f85703354657128718c8e670f94c01d461b6dff9c446582bb0eaeeb70,"Wed, 09 Sep 2026 13:31:58 GMT",https://sanctionslistservice.ofac.treas.gov/api/download/SDN.CSV,https://wc2h-sls-prod-public-published.s3.us-gov-west-1.amazonaws.com/Published/974acd69-0b85-4b14-962a-3501e183bb8f/2026-09-08/b8b4f949-152d-42b1-bf47-20fa0d746cd0/SDN.CSV,sdn.csv,,89430,,,,0,0,,
2026-09-10T01:29:10Z,ofac_cons,classic_primary,unchanged,200,"""995603def392abce97fbbb64f6c5d1a2""","Wed, 09 Sep 2026 13:32:00 GMT",fa681487dfd865c189177b478a171178ab8e7133402342acc51f638a7bc121de,"Thu, 03 Sep 2026 15:37:43 GMT",https://sanctionslistservice.ofac.treas.gov/api/download/CONS_PRIM.CSV,https://wc2h-sls-prod-public-published.s3.us-gov-west-1.amazonaws.com/Published/974acd69-0b85-4b14-962a-3501e183bb8f/2026-09-08/b8b4f949-152d-42b1-bf47-20fa0d746cd0/CONS_PRIM.CSV,cons_prim.csv,,3371,,,,0,0,,
2026-09-10T02:31:25Z,ofac_sdn,classic_primary,unchanged,304,"""0f80833c39377b1db13698449e1e43aa""","Wed, 09 Sep 2026 13:32:00 GMT",1420bb7f85703354657128718c8e670f94c01d461b6dff9c446582bb0eaeeb70,"Wed, 09 Sep 2026 13:31:58 GMT",https://sanctionslistservice.ofac.treas.gov/api/download/SDN.CSV,https://wc2h-sls-prod-public-published.s3.us-gov-west-1.amazonaws.com/Published/974acd69-0b85-4b14-962a-3501e183bb8f/2026-09-08/b8b4f949-152d-42b1-bf47-20fa0d746cd0/SDN.CSV,sdn.csv,,89430,,,,0,0,,
2026-09-10T02:31:25Z,ofac_cons,classic_primary,unchanged,200,"""995603def392abce97fbbb64f6c5d1a2""","Wed, 09 Sep 2026 13:32:00 GMT",fa681487dfd865c189177b478a171178ab8e7133402342acc51f638a7bc121de,"Thu, 03 Sep 2026 15:37:43 GMT",https://sanctionslistservice.ofac.treas.gov/api/download/CONS_PRIM.CSV,https://wc2h-sls-prod-public-published.s3.us-gov-west-1.amazonaws.com/Published/974acd69-0b85-4b14-962a-3501e183bb8f/2026-09-08/b8b4f949-152d-42b1-bf47-20fa0d746cd0/CONS_PRIM.CSV,cons_prim.csv,,3371,,,,0,0,,
2026-09-10T03:31:50Z,ofac_sdn,classic_primary,unchanged,304,"""0f80833c39377b1db13698449e1e43aa""","Wed, 09 Sep 2026 13:32:00 GMT",1420bb7f85703354657128718c8e670f94c01d461b6dff9c446582bb0eaeeb70,"Wed, 09 Sep 2026 13:31:58 GMT",https://sanctionslistservice.ofac.treas.gov/api/download/SDN.CSV,https://wc2h-sls-prod-public-published.s3.us-gov-west-1.amazonaws.com/Published/974acd69-0b85-4b14-962a-3501e183bb8f/2026-09-08/b8b4f949-152d-42b1-bf47-20fa0d746cd0/SDN.CSV,sdn.csv,,89430,,,,0,0,,
2026-09-10T03:31:50Z,ofac_cons,classic_primary,unchanged,200,"""995603def392abce97fbbb64f6c5d1a2""","Wed, 09 Sep 2026 13:32:00 GMT",fa681487dfd865c189177b478a171178ab8e7133402342acc51f638a7bc121de,"Thu, 03 Sep 2026 15:37:43 GMT",https://sanctionslistservice.ofac.treas.gov/api/download/CONS_PRIM.CSV,https://wc2h-sls-prod-public-published.s3.us-gov-west-1.amazonaws.com/Published/974acd69-0b85-4b14-962a-3501e183bb8f/2026-09-08/b8b4f949-152d-42b1-bf47-20fa0d746cd0/CONS_PRIM.CSV,cons_prim.csv,,3371,,,,0,0,,
2026-09-10T04:31:32Z,ofac_sdn,classic_primary,unchanged,304,"""0f80833c39377b1db13698449e1e43aa""","Wed, 09 Sep 2026 13:32:00 GMT",1420bb7f85703354657128718c8e670f94c01d461b6dff9c446582bb0eaeeb70,"Wed, 09 Sep 2026 13:31:58 GMT",https://sanctionslistservice.ofac.treas.gov/api/download/SDN.CSV,https://wc2h-sls-prod-public-published.s3.us-gov-west-1.amazonaws.com/Published/974acd69-0b85-4b14-962a-3501e183bb8f/2026-09-08/b8b4f949-152d-42b1-bf47-20fa0d746cd0/SDN.CSV,sdn.csv,,89430,,,,0,0,,
2026-09-10T04:31:32Z,ofac_cons,classic_primary,unchanged,200,"""995603def392abce97fbbb64f6c5d1a2""","Wed, 09 Sep 2026 13:32:00 GMT",fa681487dfd865c189177b478a171178ab8e7133402342acc51f638a7bc121de,"Thu, 03 Sep 2026 15:37:43 GMT",https://sanctionslistservice.ofac.treas.gov/api/download/CONS_PRIM.CSV,https://wc2h-sls-prod-public-published.s3.us-gov-west-1.amazonaws.com/Published/974acd69-0b85-4b14-962a-3501e183bb8f/2026-09-08/b8b4f949-152d-42b1-bf47-20fa0d746cd0/CONS_PRIM.CSV,cons_prim.csv,,3371,,,,0,0,,
2026-09-10T05:29:58Z,ofac_sdn,classic_primary,unchanged,304,"""0f80833c39377b1db13698449e1e43aa""","Wed, 09 Sep 2026 13:32:00 GMT",1420bb7f85703354657128718c8e670f94c01d461b6dff9c446582bb0eaeeb70,"Wed, 09 Sep 2026 13:31:58 GMT",https://sanctionslistservice.ofac.treas.gov/api/download/SDN.CSV,https://wc2h-sls-prod-public-published.s3.us-gov-west-1.amazonaws.com/Published/974acd69-0b85-4b14-962a-3501e183bb8f/2026-09-08/b8b4f949-152d-42b1-bf47-20fa0d746cd0/SDN.CSV,sdn.csv,,89430,,,,0,0,,
2026-09-10T05:29:58Z,ofac_cons,classic_primary,unchanged,200,"""995603def392abce97fbbb64f6c5d1a2""","Wed, 09 Sep 2026 13:32:00 GMT",fa681487dfd865c189177b478a171178ab8e7133402342acc51f638a7bc121de,"Thu, 03 Sep 2026 15:37:43 GMT",https://sanctionslistservice.ofac.treas.gov/api/download/CONS_PRIM.CSV,https://wc2h-sls-prod-public-published.s3.us-gov-west-1.amazonaws.com/Published/974acd69-0b85-4b14-962a-3501e183bb8f/2026-09-08/b8b4f949-152d-42b1-bf47-20fa0d746cd0/CONS_PRIM.CSV,cons_prim.csv,,3371,,,,0,0,,
2026-09-10T06:37:21Z,ofac_sdn,classic_primary,unchanged,304,"""0f80833c39377b1db13698449e1e43aa""","Wed, 09 Sep 2026 13:32:00 GMT",1420bb7f85703354657128718c8e670f94c01d461b6dff9c446582bb0eaeeb70,"Wed, 09 Sep 2026 13:31:58 GMT",https://sanctionslistservice.ofac.treas.gov/api/download/SDN.CSV,https://wc2h-sls-prod-public-published.s3.us-gov-west-1.amazonaws.com/Published/974acd69-0b85-4b14-962a-3501e183bb8f/2026-09-08/b8b4f949-152d-42b1-bf47-20fa0d746cd0/SDN.CSV,sdn.csv,,89430,,,,0,0,,
2026-09-10T06:37:21Z,ofac_cons,classic_primary,unchanged,200,"""995603def392abce97fbbb64f6c5d1a2""","Wed, 09 Sep 2026 13:32:00 GMT",fa681487dfd865c189177b478a171178ab8e7133402342acc51f638a7bc121de,"Thu, 03 Sep 2026 15:37:43 GMT",https://sanctionslistservice.ofac.treas.gov/api/download/CONS_PRIM.CSV,https://wc2h-sls-prod-public-published.s3.us-gov-west-1.amazonaws.com/Published/974acd69-0b85-4b14-962a-3501e183bb8f/2026-09-08/b8b4f949-152d-42b1-bf47-20fa0d746cd0/CONS_PRIM.CSV,cons_prim.csv,,3371,,,,0,0,,
2026-09-10T06:50:17Z,mof,index_page,fetched,200,"""a251-65b083d534fc0""","Wed, 09 Sep 2026 08:00:07 GMT",269b3af27da043fea0c8084dfb2104af231262986be86ead61e0479283582077,令和8年9月10日,https://www.mof.go.jp/policy/international_policy/gaitame_kawase/gaitame/economic_sanctions/list.html,https://www.mof.go.jp/policy/international_policy/gaitame_kawase/gaitame/economic_sanctions/list.html,list.html,,,,,,0,0,,
2026-09-10T06:50:17Z,mof,list_file,unchanged,304,"""3225f7-65b083d71d440""","Wed, 09 Sep 2026 08:00:09 GMT",c46ccaf88a98ab9c4209c4032c91190fa740ac106767fe32331879d73de99d03,令和8年9月10日,https://www.mof.go.jp/policy/international_policy/gaitame_kawase/gaitame/economic_sanctions/shisantouketsu20260910.csv,https://www.mof.go.jp/policy/international_policy/gaitame_kawase/gaitame/economic_sanctions/shisantouketsu20260910.csv,shisantouketsu20260910.csv,,14743,,,,0,0,,
2026-09-10T06:50:17Z,meti,index_page,blocked,403,"W/""c3bb143a530e398af9a1c1a440f0189c""","Mon, 24 Aug 2026 07:11:49 GMT",,,https://www.meti.go.jp/policy/anpo/law09.html,https://www.meti.go.jp/policy/anpo/law09.html,,,,,,,1,0,HTTPError,403 Client Error: Forbidden for url: https://www.meti.go.jp/policy/anpo/law09.html
2026-09-10T07:32:00Z,ofac_sdn,classic_primary,unchanged,304,"""0f80833c39377b1db13698449e1e43aa""","Wed, 09 Sep 2026 13:32:00 GMT",1420bb7f85703354657128718c8e670f94c01d461b6dff9c446582bb0eaeeb70,"Wed, 09 Sep 2026 13:31:58 GMT",https://sanctionslistservice.ofac.treas.gov/api/download/SDN.CSV,https://wc2h-sls-prod-public-published.s3.us-gov-west-1.amazonaws.com/Published/974acd69-0b85-4b14-962a-3501e183bb8f/2026-09-08/b8b4f949-152d-42b1-bf47-20fa0d746cd0/SDN.CSV,sdn.csv,,89430,,,,0,0,,
2026-09-10T07:32:00Z,ofac_cons,classic_primary,unchanged,200,"""995603def392abce97fbbb64f6c5d1a2""","Wed, 09 Sep 2026 13:32:00 GMT",fa681487dfd865c189177b478a171178ab8e7133402342acc51f638a7bc121de,"Thu, 03 Sep 2026 15:37:43 GMT",https://sanctionslistservice.ofac.treas.gov/api/download/CONS_PRIM.CSV,https://wc2h-sls-prod-public-published.s3.us-gov-west-1.amazonaws.com/Published/974acd69-0b85-4b14-962a-3501e183bb8f/2026-09-08/b8b4f949-152d-42b1-bf47-20fa0d746cd0/CONS_PRIM.CSV,cons_prim.csv,,3371,,,,0,0,,
2026-09-10T08:33:00Z,ofac_sdn,classic_primary,unchanged,304,"""0f80833c39377b1db13698449e1e43aa""","Wed, 09 Sep 2026 13:32:00 GMT",1420bb7f85703354657128718c8e670f94c01d461b6dff9c446582bb0eaeeb70,"Wed, 09 Sep 2026 13:31:58 GMT",https://sanctionslistservice.ofac.treas.gov/api/download/SDN.CSV,https://wc2h-sls-prod-public-published.s3.us-gov-west-1.amazonaws.com/Published/974acd69-0b85-4b14-962a-3501e183bb8f/2026-09-08/b8b4f949-152d-42b1-bf47-20fa0d746cd0/SDN.CSV,sdn.csv,,89430,,,,0,0,,
2026-09-10T08:33:00Z,ofac_cons,classic_primary,unchanged,200,"""995603def392abce97fbbb64f6c5d1a2""","Wed, 09 Sep 2026 13:32:00 GMT",fa681487dfd865c189177b478a171178ab8e7133402342acc51f638a7bc121de,"Thu, 03 Sep 2026 15:37:43 GMT",https://sanctionslistservice.ofac.treas.gov/api/download/CONS_PRIM.CSV,https://wc2h-sls-prod-public-published.s3.us-gov-west-1.amazonaws.com/Published/974acd69-0b85-4b14-962a-3501e183bb8f/2026-09-08/b8b4f949-152d-42b1-bf47-20fa0d746cd0/CONS_PRIM.CSV,cons_prim.csv,,3371,,,,0,0,,
2026-09-10T09:31:50Z,ofac_sdn,classic_primary,unchanged,304,"""0f80833c39377b1db13698449e1e43aa""","Wed, 09 Sep 2026 13:32:00 GMT",1420bb7f85703354657128718c8e670f94c01d461b6dff9c446582bb0eaeeb70,"Wed, 09 Sep 2026 13:31:58 GMT",https://sanctionslistservice.ofac.treas.gov/api/download/SDN.CSV,https://wc2h-sls-prod-public-published.s3.us-gov-west-1.amazonaws.com/Published/974acd69-0b85-4b14-962a-3501e183bb8f/2026-09-08/b8b4f949-152d-42b1-bf47-20fa0d746cd0/SDN.CSV,sdn.csv,,89430,,,,0,0,,
2026-09-10T09:31:50Z,ofac_cons,classic_primary,unchanged,200,"""995603def392abce97fbbb64f6c5d1a2""","Wed, 09 Sep 2026 13:32:00 GMT",fa681487dfd865c189177b478a171178ab8e7133402342acc51f638a7bc121de,"Thu, 03 Sep 2026 15:37:43 GMT",https://sanctionslistservice.ofac.treas.gov/api/download/CONS_PRIM.CSV,https://wc2h-sls-prod-public-published.s3.us-gov-west-1.amazonaws.com/Published/974acd69-0b85-4b14-962a-3501e183bb8f/2026-09-08/b8b4f949-152d-42b1-bf47-20fa0d746cd0/CONS_PRIM.CSV,cons_prim.csv,,3371,,,,0,0,,
2026-09-10T10:31:46Z,ofac_sdn,classic_primary,unchanged,304,"""0f80833c39377b1db13698449e1e43aa""","Wed, 09 Sep 2026 13:32:00 GMT",1420bb7f85703354657128718c8e670f94c01d461b6dff9c446582bb0eaeeb70,"Wed, 09 Sep 2026 13:31:58 GMT",https://sanctionslistservice.ofac.treas.gov/api/download/SDN.CSV,https://wc2h-sls-prod-public-published.s3.us-gov-west-1.amazonaws.com/Published/974acd69-0b85-4b14-962a-3501e183bb8f/2026-09-08/b8b4f949-152d-42b1-bf47-20fa0d746cd0/SDN.CSV,sdn.csv,,89430,,,,0,0,,
2026-09-10T10:31:46Z,ofac_cons,classic_primary,unchanged,200,"""995603def392abce97fbbb64f6c5d1a2""","Wed, 09 Sep 2026 13:32:00 GMT",fa681487dfd865c189177b478a171178ab8e7133402342acc51f638a7bc121de,"Thu, 03 Sep 2026 15:37:43 GMT",https://sanctionslistservice.ofac.treas.gov/api/download/CONS_PRIM.CSV,https://wc2h-sls-prod-public-published.s3.us-gov-west-1.amazonaws.com/Published/974acd69-0b85-4b14-962a-3501e183bb8f/2026-09-08/b8b4f949-152d-42b1-bf47-20fa0d746cd0/CONS_PRIM.CSV,cons_prim.csv,,3371,,,,0,0,,
2026-09-10T11:30:41Z,ofac_sdn,classic_primary,unchanged,304,"""0f80833c39377b1db13698449e1e43aa""","Wed, 09 Sep 2026 13:32:00 GMT",1420bb7f85703354657128718c8e670f94c01d461b6dff9c446582bb0eaeeb70,"Wed, 09 Sep 2026 13:31:58 GMT",https://sanctionslistservice.ofac.treas.gov/api/download/SDN.CSV,https://wc2h-sls-prod-public-published.s3.us-gov-west-1.amazonaws.com/Published/974acd69-0b85-4b14-962a-3501e183bb8f/2026-09-08/b8b4f949-152d-42b1-bf47-20fa0d746cd0/SDN.CSV,sdn.csv,,89430,,,,0,0,,
2026-09-10T11:30:41Z,ofac_cons,classic_primary,unchanged,200,"""995603def392abce97fbbb64f6c5d1a2""","Wed, 09 Sep 2026 13:32:00 GMT",fa681487dfd865c189177b478a171178ab8e7133402342acc51f638a7bc121de,"Thu, 03 Sep 2026 15:37:43 GMT",https://sanctionslistservice.ofac.treas.gov/api/download/CONS_PRIM.CSV,https://wc2h-sls-prod-public-published.s3.us-gov-west-1.amazonaws.com/Published/974acd69-0b85-4b14-962a-3501e183bb8f/2026-09-08/b8b4f949-152d-42b1-bf47-20fa0d746cd0/CONS_PRIM.CSV,cons_prim.csv,,3371,,,,0,0,,
2026-09-10T12:37:54Z,ofac_sdn,classic_primary,unchanged,304,"""0f80833c39377b1db13698449e1e43aa""","Wed, 09 Sep 2026 13:32:00 GMT",1420bb7f85703354657128718c8e670f94c01d461b6dff9c446582bb0eaeeb70,"Wed, 09 Sep 2026 13:31:58 GMT",https://sanctionslistservice.ofac.treas.gov/api/download/SDN.CSV,https://wc2h-sls-prod-public-published.s3.us-gov-west-1.amazonaws.com/Published/974acd69-0b85-4b14-962a-3501e183bb8f/2026-09-08/b8b4f949-152d-42b1-bf47-20fa0d746cd0/SDN.CSV,sdn.csv,,89430,,,,0,0,,
2026-09-10T12:37:54Z,ofac_cons,classic_primary,unchanged,200,"""995603def392abce97fbbb64f6c5d1a2""","Wed, 09 Sep 2026 13:32:00 GMT",fa681487dfd865c189177b478a171178ab8e7133402342acc51f638a7bc121de,"Thu, 03 Sep 2026 15:37:43 GMT",https://sanctionslistservice.ofac.treas.gov/api/download/CONS_PRIM.CSV,https://wc2h-sls-prod-public-published.s3.us-gov-west-1.amazonaws.com/Published/974acd69-0b85-4b14-962a-3501e183bb8f/2026-09-08/b8b4f949-152d-42b1-bf47-20fa0d746cd0/CONS_PRIM.CSV,cons_prim.csv,,3371,,,,0,0,,
2026-09-10T12:50:51Z,mof,index_page,fetched,200,"""a251-65b083d534fc0""","Wed, 09 Sep 2026 08:00:07 GMT",767546d2a199d99c887524cf599b23c936d3227cc7cb53458110d4538ba64f2f,令和8年9月10日,https://www.mof.go.jp/policy/international_policy/gaitame_kawase/gaitame/economic_sanctions/list.html,https://www.mof.go.jp/policy/international_policy/gaitame_kawase/gaitame/economic_sanctions/list.html,list.html,,,,,,0,0,,
2026-09-10T12:50:51Z,mof,list_file,unchanged,304,"""3225f7-65b083d71d440""","Wed, 09 Sep 2026 08:00:09 GMT",c46ccaf88a98ab9c4209c4032c91190fa740ac106767fe32331879d73de99d03,令和8年9月10日,https://www.mof.go.jp/policy/international_policy/gaitame_kawase/gaitame/economic_sanctions/shisantouketsu20260910.csv,https://www.mof.go.jp/policy/international_policy/gaitame_kawase/gaitame/economic_sanctions/shisantouketsu20260910.csv,shisantouketsu20260910.csv,,14743,,,,0,0,,
2026-09-10T12:50:51Z,meti,index_page,blocked,403,"W/""c3bb143a530e398af9a1c1a440f0189c""","Mon, 24 Aug 2026 07:11:49 GMT",,,https://www.meti.go.jp/policy/anpo/law09.html,https://www.meti.go.jp/policy/anpo/law09.html,,,,,,,1,0,HTTPError,403 Client Error: Forbidden for url: https://www.meti.go.jp/policy/anpo/law09.html
2026-09-10T13:30:05Z,ofac_sdn,classic_primary,unchanged,304,"""0f80833c39377b1db13698449e1e43aa""","Wed, 09 Sep 2026 13:32:00 GMT",1420bb7f85703354657128718c8e670f94c01d461b6dff9c446582bb0eaeeb70,"Wed, 09 Sep 2026 13:31:58 GMT",https://sanctionslistservice.ofac.treas.gov/api/download/SDN.CSV,https://wc2h-sls-prod-public-published.s3.us-gov-west-1.amazonaws.com/Published/974acd69-0b85-4b14-962a-3501e183bb8f/2026-09-08/b8b4f949-152d-42b1-bf47-20fa0d746cd0/SDN.CSV,sdn.csv,,89430,,,,0,0,,
2026-09-10T13:30:05Z,ofac_cons,classic_primary,unchanged,200,"""995603def392abce97fbbb64f6c5d1a2""","Wed, 09 Sep 2026 13:32:00 GMT",fa681487dfd865c189177b478a171178ab8e7133402342acc51f638a7bc121de,"Thu, 03 Sep 2026 15:37:43 GMT",https://sanctionslistservice.ofac.treas.gov/api/download/CONS_PRIM.CSV,https://wc2h-sls-prod-public-published.s3.us-gov-west-1.amazonaws.com/Published/974acd69-0b85-4b14-962a-3501e183bb8f/2026-09-08/b8b4f949-152d-42b1-bf47-20fa0d746cd0/CONS_PRIM.CSV,cons_prim.csv,,3371,,,,0,0,,
2026-09-10T14:31:16Z,ofac_sdn,classic_primary,unchanged,304,"""0f80833c39377b1db13698449e1e43aa""","Wed, 09 Sep 2026 13:32:00 GMT",1420bb7f85703354657128718c8e670f94c01d461b6dff9c446582bb0eaeeb70,"Wed, 09 Sep 2026 13:31:58 GMT",https://sanctionslistservice.ofac.treas.gov/api/download/SDN.CSV,https://wc2h-sls-prod-public-published.s3.us-gov-west-1.amazonaws.com/Published/974acd69-0b85-4b14-962a-3501e183bb8f/2026-09-08/b8b4f949-152d-42b1-bf47-20fa0d746cd0/SDN.CSV,sdn.csv,,89430,,,,0,0,,
2026-09-10T14:31:16Z,ofac_cons,classic_primary,unchanged,200,"""995603def392abce97fbbb64f6c5d1a2""","Wed, 09 Sep 2026 13:32:00 GMT",fa681487dfd865c189177b478a171178ab8e7133402342acc51f638a7bc121de,"Thu, 03 Sep 2026 15:37:43 GMT",https://sanctionslistservice.ofac.treas.gov/api/download/CONS_PRIM.CSV,https://wc2h-sls-prod-public-published.s3.us-gov-west-1.amazonaws.com/Published/974acd69-0b85-4b14-962a-3501e183bb8f/2026-09-08/b8b4f949-152d-42b1-bf47-20fa0d746cd0/CONS_PRIM.CSV,cons_prim.csv,,3371,,,,0,0,,
2026-09-10T15:31:40Z,ofac_sdn,classic_primary,unchanged,304,"""0f80833c39377b1db13698449e1e43aa""","Wed, 09 Sep 2026 13:32:00 GMT",1420bb7f85703354657128718c8e670f94c01d461b6dff9c446582bb0eaeeb70,"Wed, 09 Sep 2026 13:31:58 GMT",https://sanctionslistservice.ofac.treas.gov/api/download/SDN.CSV,https://wc2h-sls-prod-public-published.s3.us-gov-west-1.amazonaws.com/Published/974acd69-0b85-4b14-962a-3501e183bb8f/2026-09-08/b8b4f949-152d-42b1-bf47-20fa0d746cd0/SDN.CSV,sdn.csv,,89430,,,,0,0,,
2026-09-10T15:31:40Z,ofac_cons,classic_primary,unchanged,200,"""995603def392abce97fbbb64f6c5d1a2""","Wed, 09 Sep 2026 13:32:00 GMT",fa681487dfd865c189177b478a171178ab8e7133402342acc51f638a7bc121de,"Thu, 03 Sep 2026 15:37:43 GMT",https://sanctionslistservice.ofac.treas.gov/api/download/CONS_PRIM.CSV,https://wc2h-sls-prod-public-published.s3.us-gov-west-1.amazonaws.com/Published/974acd69-0b85-4b14-962a-3501e183bb8f/2026-09-08/b8b4f949-152d-42b1-bf47-20fa0d746cd0/CONS_PRIM.CSV,cons_prim.csv,,3371,,,,0,0,,
2026-09-10T16:30:37Z,ofac_sdn,classic_primary,unchanged,304,"""0f80833c39377b1db13698449e1e43aa""","Wed, 09 Sep 2026 13:32:00 GMT",1420bb7f85703354657128718c8e670f94c01d461b6dff9c446582bb0eaeeb70,"Wed, 09 Sep 2026 13:31:58 GMT",https://sanctionslistservice.ofac.treas.gov/api/download/SDN.CSV,https://wc2h-sls-prod-public-published.s3.us-gov-west-1.amazonaws.com/Published/974acd69-0b85-4b14-962a-3501e183bb8f/2026-09-08/b8b4f949-152d-42b1-bf47-20fa0d746cd0/SDN.CSV,sdn.csv,,89430,,,,0,0,,
2026-09-10T16:30:37Z,ofac_cons,classic_primary,unchanged,200,"""995603def392abce97fbbb64f6c5d1a2""","Wed, 09 Sep 2026 13:32:00 GMT",fa681487dfd865c189177b478a171178ab8e7133402342acc51f638a7bc121de,"Thu, 03 Sep 2026 15:37:43 GMT",https://sanctionslistservice.ofac.treas.gov/api/download/CONS_PRIM.CSV,https://wc2h-sls-prod-public-published.s3.us-gov-west-1.amazonaws.com/Published/974acd69-0b85-4b14-962a-3501e183bb8f/2026-09-08/b8b4f949-152d-42b1-bf47-20fa0d746cd0/CONS_PRIM.CSV,cons_prim.csv,,3371,,,,0,0,,
2026-09-10T17:28:43Z,ofac_sdn,classic_primary,unchanged,304,"""0f80833c39377b1db13698449e1e43aa""","Wed, 09 Sep 2026 13:32:00 GMT",1420bb7f85703354657128718c8e670f94c01d461b6dff9c446582bb0eaeeb70,"Wed, 09 Sep 2026 13:31:58 GMT",https://sanctionslistservice.ofac.treas.gov/api/download/SDN.CSV,https://wc2h-sls-prod-public-published.s3.us-gov-west-1.amazonaws.com/Published/974acd69-0b85-4b14-962a-3501e183bb8f/2026-09-08/b8b4f949-152d-42b1-bf47-20fa0d746cd0/SDN.CSV,sdn.csv,,89430,,,,0,0,,
2026-09-10T17:28:43Z,ofac_cons,classic_primary,unchanged,200,"""995603def392abce97fbbb64f6c5d1a2""","Wed, 09 Sep 2026 13:32:00 GMT",fa681487dfd865c189177b478a171178ab8e7133402342acc51f638a7bc121de,"Thu, 03 Sep 2026 15:37:43 GMT",https://sanctionslistservice.ofac.treas.gov/api/download/CONS_PRIM.CSV,https://wc2h-sls-prod-public-published.s3.us-gov-west-1.amazonaws.com/Published/974acd69-0b85-4b14-962a-3501e183bb8f/2026-09-08/b8b4f949-152d-42b1-bf47-20fa0d746cd0/CONS_PRIM.CSV,cons_prim.csv,,3371,,,,0,0,,
2026-09-10T18:32:42Z,ofac_sdn,classic_primary,fetched,200,"""7b8d1e512b838d3b39d0e7758e004dbe""","Thu, 10 Sep 2026 18:31:57 GMT",4da825621635b7d3c36039be0e83fdb2619200616292b5204bcffda78be9c89d,,https://sanctionslistservice.ofac.treas.gov/api/download/SDN.CSV,https://wc2h-sls-prod-public-published.s3.us-gov-west-1.amazonaws.com/Published/12b71ad8-073b-481f-95e6-ee474a18aedd/2026-09-09/8077e100-a6c9-4d99-a7c9-1b3b3161482f/SDN.CSV,sdn.csv,,,,,,0,0,,
2026-09-10T18:32:42Z,ofac_sdn,classic_alias,fetched,200,"""9c496f3e175aae90d469cc89bcf325e0""","Thu, 10 Sep 2026 18:31:57 GMT",84a188c3ca7648d49390a4985996f54e467929a2f47f5c2508bcd842731054a9,,https://sanctionslistservice.ofac.treas.gov/api/download/ALT.CSV,https://wc2h-sls-prod-public-published.s3.us-gov-west-1.amazonaws.com/Published/12b71ad8-073b-481f-95e6-ee474a18aedd/2026-09-09/8077e100-a6c9-4d99-a7c9-1b3b3161482f/ALT.CSV,alt.csv,,,,,,0,0,,
2026-09-10T18:32:42Z,ofac_sdn,advanced_xml,fetched,200,"""821bad80b6b9a1bb48635bfac6ce5310""","Thu, 10 Sep 2026 18:31:55 GMT",a1b8f07ec5b08700e006c2aaf7fd942d78123deab7bb07360bb3ee3ec733d0d9,,https://sanctionslistservice.ofac.treas.gov/api/PublicationPreview/exports/SDN_ADVANCED.XML,https://wc2h-sls-prod-public-published.s3.us-gov-west-1.amazonaws.com/Published/12b71ad8-073b-481f-95e6-ee474a18aedd/2026-09-09/8077e100-a6c9-4d99-a7c9-1b3b3161482f/SDN_ADVANCED.XML,sdn_advanced.xml,,,,,,0,0,,
2026-09-10T18:32:42Z,ofac_sdn,validated_snapshot,validated,200,"""821bad80b6b9a1bb48635bfac6ce5310""","Thu, 10 Sep 2026 18:31:55 GMT",a1b8f07ec5b08700e006c2aaf7fd942d78123deab7bb07360bb3ee3ec733d0d9,"Thu, 10 Sep 2026 18:31:55 GMT",https://sanctionslistservice.ofac.treas.gov/api/PublicationPreview/exports/SDN_ADVANCED.XML,https://wc2h-sls-prod-public-published.s3.us-gov-west-1.amazonaws.com/Published/12b71ad8-073b-481f-95e6-ee474a18aedd/2026-09-09/8077e100-a6c9-4d99-a7c9-1b3b3161482f/SDN_ADVANCED.XML,sdn_advanced.xml,data/raw/ofac_sdn_advanced/20260910T183231Z__sdn_advanced.xml.gz,89529,,,,0,0,,
2026-09-10T18:32:42Z,ofac_cons,classic_primary,unchanged,200,"""2a73fc2b7656b946311cfcc5f04073f8""","Thu, 10 Sep 2026 18:31:57 GMT",fa681487dfd865c189177b478a171178ab8e7133402342acc51f638a7bc121de,"Thu, 03 Sep 2026 15:37:43 GMT",https://sanctionslistservice.ofac.treas.gov/api/download/CONS_PRIM.CSV,https://wc2h-sls-prod-public-published.s3.us-gov-west-1.amazonaws.com/Published/12b71ad8-073b-481f-95e6-ee474a18aedd/2026-09-09/8077e100-a6c9-4d99-a7c9-1b3b3161482f/CONS_PRIM.CSV,cons_prim.csv,,3371,,,,0,0,,
2026-09-10T18:32:42Z,ofac,aggregate_merge,changed,,,,,,,,,,88280,79,0,0,0,0,,
2026-09-10T18:47:34Z,mof,index_page,fetched,200,"""a251-65b083d534fc0""","Wed, 09 Sep 2026 08:00:07 GMT",c8d25baa79c4eec0031c9fcbf2f14be9df091cc1e735bd6adba897385252fd93,令和8年9月10日,https://www.mof.go.jp/policy/international_policy/gaitame_kawase/gaitame/economic_sanctions/list.html,https://www.mof.go.jp/policy/international_policy/gaitame_kawase/gaitame/economic_sanctions/list.html,list.html,,,,,,0,0,,
2026-09-10T18:47:34Z,mof,list_file,unchanged,304,"""3225f7-65b083d71d440""","Wed, 09 Sep 2026 08:00:09 GMT",c46ccaf88a98ab9c4209c4032c91190fa740ac106767fe32331879d73de99d03,令和8年9月10日,https://www.mof.go.jp/policy/international_policy/gaitame_kawase/gaitame/economic_sanctions/shisantouketsu20260910.csv,https://www.mof.go.jp/policy/international_policy/gaitame_kawase/gaitame/economic_sanctions/shisantouketsu20260910.csv,shisantouketsu20260910.csv,,14743,,,,0,0,,
2026-09-10T18:47:34Z,meti,index_page,blocked,403,"W/""c3bb143a530e398af9a1c1a440f0189c""","Mon, 24 Aug 2026 07:11:49 GMT",,,https://www.meti.go.jp/policy/anpo/law09.html,https://www.meti.go.jp/policy/anpo/law09.html,,,,,,,1,0,HTTPError,403 Client Error: Forbidden for url: https://www.meti.go.jp/policy/anpo/law09.html
2026-09-10T19:26:27Z,ofac_sdn,classic_primary,unchanged,304,"""7b8d1e512b838d3b39d0e7758e004dbe""","Thu, 10 Sep 2026 18:31:57 GMT",4da825621635b7d3c36039be0e83fdb2619200616292b5204bcffda78be9c89d,"Thu, 10 Sep 2026 18:31:55 GMT",https://sanctionslistservice.ofac.treas.gov/api/download/SDN.CSV,https://wc2h-sls-prod-public-published.s3.us-gov-west-1.amazonaws.com/Published/12b71ad8-073b-481f-95e6-ee474a18aedd/2026-09-09/8077e100-a6c9-4d99-a7c9-1b3b3161482f/SDN.CSV,sdn.csv,,89529,,,,0,0,,
2026-09-10T19:26:27Z,ofac_cons,classic_primary,unchanged,200,"""2a73fc2b7656b946311cfcc5f04073f8""","Thu, 10 Sep 2026 18:31:57 GMT",fa681487dfd865c189177b478a171178ab8e7133402342acc51f638a7bc121de,"Thu, 03 Sep 2026 15:37:43 GMT",https://sanctionslistservice.ofac.treas.gov/api/download/CONS_PRIM.CSV,https://wc2h-sls-prod-public-published.s3.us-gov-west-1.amazonaws.com/Published/12b71ad8-073b-481f-95e6-ee474a18aedd/2026-09-09/8077e100-a6c9-4d99-a7c9-1b3b3161482f/CONS_PRIM.CSV,cons_prim.csv,,3371,,,,0,0,,
2026-09-10T20:28:50Z,ofac_sdn,classic_primary,unchanged,304,"""7b8d1e512b838d3b39d0e7758e004dbe""","Thu, 10 Sep 2026 18:31:57 GMT",4da825621635b7d3c36039be0e83fdb2619200616292b5204bcffda78be9c89d,"Thu, 10 Sep 2026 18:31:55 GMT",https://sanctionslistservice.ofac.treas.gov/api/download/SDN.CSV,https://wc2h-sls-prod-public-published.s3.us-gov-west-1.amazonaws.com/Published/12b71ad8-073b-481f-95e6-ee474a18aedd/2026-09-09/8077e100-a6c9-4d99-a7c9-1b3b3161482f/SDN.CSV,sdn.csv,,89529,,,,0,0,,
2026-09-10T20:28:50Z,ofac_cons,classic_primary,unchanged,200,"""2a73fc2b7656b946311cfcc5f04073f8""","Thu, 10 Sep 2026 18:31:57 GMT",fa681487dfd865c189177b478a171178ab8e7133402342acc51f638a7bc121de,"Thu, 03 Sep 2026 15:37:43 GMT",https://sanctionslistservice.ofac.treas.gov/api/download/CONS_PRIM.CSV,https://wc2h-sls-prod-public-published.s3.us-gov-west-1.amazonaws.com/Published/12b71ad8-073b-481f-95e6-ee474a18aedd/2026-09-09/8077e100-a6c9-4d99-a7c9-1b3b3161482f/CONS_PRIM.CSV,cons_prim.csv,,3371,,,,0,0,,
2026-09-10T21:28:13Z,ofac_sdn,classic_primary,unchanged,304,"""7b8d1e512b838d3b39d0e7758e004dbe""","Thu, 10 Sep 2026 18:31:57 GMT",4da825621635b7d3c36039be0e83fdb2619200616292b5204bcffda78be9c89d,"Thu, 10 Sep 2026 18:31:55 GMT",https://sanctionslistservice.ofac.treas.gov/api/download/SDN.CSV,https://wc2h-sls-prod-public-published.s3.us-gov-west-1.amazonaws.com/Published/12b71ad8-073b-481f-95e6-ee474a18aedd/2026-09-09/8077e100-a6c9-4d99-a7c9-1b3b3161482f/SDN.CSV,sdn.csv,,89529,,,,0,0,,
2026-09-10T21:28:13Z,ofac_cons,classic_primary,unchanged,200,"""2a73fc2b7656b946311cfcc5f04073f8""","Thu, 10 Sep 2026 18:31:57 GMT",fa681487dfd865c189177b478a171178ab8e7133402342acc51f638a7bc121de,"Thu, 03 Sep 2026 15:37:43 GMT",https://sanctionslistservice.ofac.treas.gov/api/download/CONS_PRIM.CSV,https://wc2h-sls-prod-public-published.s3.us-gov-west-1.amazonaws.com/Published/12b71ad8-073b-481f-95e6-ee474a18aedd/2026-09-09/8077e100-a6c9-4d99-a7c9-1b3b3161482f/CONS_PRIM.CSV,cons_prim.csv,,3371,,,,0,0,,
2026-09-10T22:28:51Z,ofac_sdn,classic_primary,unchanged,304,"""7b8d1e512b838d3b39d0e7758e004dbe""","Thu, 10 Sep 2026 18:31:57 GMT",4da825621635b7d3c36039be0e83fdb2619200616292b5204bcffda78be9c89d,"Thu, 10 Sep 2026 18:31:55 GMT",https://sanctionslistservice.ofac.treas.gov/api/download/SDN.CSV,https://wc2h-sls-prod-public-published.s3.us-gov-west-1.amazonaws.com/Published/12b71ad8-073b-481f-95e6-ee474a18aedd/2026-09-09/8077e100-a6c9-4d99-a7c9-1b3b3161482f/SDN.CSV,sdn.csv,,89529,,,,0,0,,
2026-09-10T22:28:51Z,ofac_cons,classic_primary,unchanged,200,"""2a73fc2b7656b946311cfcc5f04073f8""","Thu, 10 Sep 2026 18:31:57 GMT",fa681487dfd865c189177b478a171178ab8e7133402342acc51f638a7bc121de,"Thu, 03 Sep 2026 15:37:43 GMT",https://sanctionslistservice.ofac.treas.gov/api/download/CONS_PRIM.CSV,https://wc2h-sls-prod-public-published.s3.us-gov-west-1.amazonaws.com/Published/12b71ad8-073b-481f-95e6-ee474a18aedd/2026-09-09/8077e100-a6c9-4d99-a7c9-1b3b3161482f/CONS_PRIM.CSV,cons_prim.csv,,3371,,,,0,0,,
2026-09-10T23:27:24Z,ofac_sdn,classic_primary,unchanged,304,"""7b8d1e512b838d3b39d0e7758e004dbe""","Thu, 10 Sep 2026 18:31:57 GMT",4da825621635b7d3c36039be0e83fdb2619200616292b5204bcffda78be9c89d,"Thu, 10 Sep 2026 18:31:55 GMT",https://sanctionslistservice.ofac.treas.gov/api/download/SDN.CSV,https://wc2h-sls-prod-public-published.s3.us-gov-west-1.amazonaws.com/Published/12b71ad8-073b-481f-95e6-ee474a18aedd/2026-09-09/8077e100-a6c9-4d99-a7c9-1b3b3161482f/SDN.CSV,sdn.csv,,89529,,,,0,0,,
2026-09-10T23:27:24Z,ofac_cons,classic_primary,unchanged,200,"""2a73fc2b7656b946311cfcc5f04073f8""","Thu, 10 Sep 2026 18:31:57 GMT",fa681487dfd865c189177b478a171178ab8e7133402342acc51f638a7bc121de,"Thu, 03 Sep 2026 15:37:43 GMT",https://sanctionslistservice.ofac.treas.gov/api/download/CONS_PRIM.CSV,https://wc2h-sls-prod-public-published.s3.us-gov-west-1.amazonaws.com/Published/12b71ad8-073b-481f-95e6-ee474a18aedd/2026-09-09/8077e100-a6c9-4d99-a7c9-1b3b3161482f/CONS_PRIM.CSV,cons_prim.csv,,3371,,,,0,0,,
2026-09-11T00:37:27Z,ofac_sdn,classic_primary,unchanged,304,"""7b8d1e512b838d3b39d0e7758e004dbe""","Thu, 10 Sep 2026 18:31:57 GMT",4da825621635b7d3c36039be0e83fdb2619200616292b5204bcffda78be9c89d,"Thu, 10 Sep 2026 18:31:55 GMT",https://sanctionslistservice.ofac.treas.gov/api/download/SDN.CSV,https://wc2h-sls-prod-public-published.s3.us-gov-west-1.amazonaws.com/Published/12b71ad8-073b-481f-95e6-ee474a18aedd/2026-09-09/8077e100-a6c9-4d99-a7c9-1b3b3161482f/SDN.CSV,sdn.csv,,89529,,,,0,0,,
2026-09-11T00:37:27Z,ofac_cons,classic_primary,unchanged,200,"""2a73fc2b7656b946311cfcc5f04073f8""","Thu, 10 Sep 2026 18:31:57 GMT",fa681487dfd865c189177b478a171178ab8e7133402342acc51f638a7bc121de,"Thu, 03 Sep 2026 15:37:43 GMT",https://sanctionslistservice.ofac.treas.gov/api/download/CONS_PRIM.CSV,https://wc2h-sls-prod-public-published.s3.us-gov-west-1.amazonaws.com/Published/12b71ad8-073b-481f-95e6-ee474a18aedd/2026-09-09/8077e100-a6c9-4d99-a7c9-1b3b3161482f/CONS_PRIM.CSV,cons_prim.csv,,3371,,,,0,0,,
2026-09-11T00:47:54Z,mof,index_page,fetched,200,"""a251-65b083d534fc0""","Wed, 09 Sep 2026 08:00:07 GMT",0ee1d45ea478ff381924f9ad5f491ea0c3af9432b97e2c2bccfdada69dd34fd2,令和8年9月10日,https://www.mof.go.jp/policy/international_policy/gaitame_kawase/gaitame/economic_sanctions/list.html,https://www.mof.go.jp/policy/international_policy/gaitame_kawase/gaitame/economic_sanctions/list.html,list.html,,,,,,0,0,,
2026-09-11T00:47:54Z,mof,list_file,unchanged,304,"""3225f7-65b083d71d440""","Wed, 09 Sep 2026 08:00:09 GMT",c46ccaf88a98ab9c4209c4032c91190fa740ac106767fe32331879d73de99d03,令和8年9月10日,https://www.mof.go.jp/policy/international_policy/gaitame_kawase/gaitame/economic_sanctions/shisantouketsu20260910.csv,https://www.mof.go.jp/policy/international_policy/gaitame_kawase/gaitame/economic_sanctions/shisantouketsu20260910.csv,shisantouketsu20260910.csv,,14743,,,,0,0,,
2026-09-11T00:47:54Z,meti,index_page,blocked,403,"W/""c3bb143a530e398af9a1c1a440f0189c""","Mon, 24 Aug 2026 07:11:49 GMT",,,https://www.meti.go.jp/policy/anpo/law09.html,https://www.meti.go.jp/policy/anpo/law09.html,,,,,,,1,0,HTTPError,403 Client Error: Forbidden for url: https://www.meti.go.jp/policy/anpo/law09.html
2026-09-11T01:29:15Z,ofac_sdn,classic_primary,unchanged,304,"""7b8d1e512b838d3b39d0e7758e004dbe""","Thu, 10 Sep 2026 18:31:57 GMT",4da825621635b7d3c36039be0e83fdb2619200616292b5204bcffda78be9c89d,"Thu, 10 Sep 2026 18:31:55 GMT",https://sanctionslistservice.ofac.treas.gov/api/download/SDN.CSV,https://wc2h-sls-prod-public-published.s3.us-gov-west-1.amazonaws.com/Published/12b71ad8-073b-481f-95e6-ee474a18aedd/2026-09-09/8077e100-a6c9-4d99-a7c9-1b3b3161482f/SDN.CSV,sdn.csv,,89529,,,,0,0,,
2026-09-11T01:29:15Z,ofac_cons,classic_primary,unchanged,200,"""2a73fc2b7656b946311cfcc5f04073f8""","Thu, 10 Sep 2026 18:31:57 GMT",fa681487dfd865c189177b478a171178ab8e7133402342acc51f638a7bc121de,"Thu, 03 Sep 2026 15:37:43 GMT",https://sanctionslistservice.ofac.treas.gov/api/download/CONS_PRIM.CSV,https://wc2h-sls-prod-public-published.s3.us-gov-west-1.amazonaws.com/Published/12b71ad8-073b-481f-95e6-ee474a18aedd/2026-09-09/8077e100-a6c9-4d99-a7c9-1b3b3161482f/CONS_PRIM.CSV,cons_prim.csv,,3371,,,,0,0,,
2026-09-11T02:30:38Z,ofac_sdn,classic_primary,unchanged,304,"""7b8d1e512b838d3b39d0e7758e004dbe""","Thu, 10 Sep 2026 18:31:57 GMT",4da825621635b7d3c36039be0e83fdb2619200616292b5204bcffda78be9c89d,"Thu, 10 Sep 2026 18:31:55 GMT",https://sanctionslistservice.ofac.treas.gov/api/download/SDN.CSV,https://wc2h-sls-prod-public-published.s3.us-gov-west-1.amazonaws.com/Published/12b71ad8-073b-481f-95e6-ee474a18aedd/2026-09-09/8077e100-a6c9-4d99-a7c9-1b3b3161482f/SDN.CSV,sdn.csv,,89529,,,,0,0,,
2026-09-11T02:30:38Z,ofac_cons,classic_primary,unchanged,200,"""2a73fc2b7656b946311cfcc5f04073f8""","Thu, 10 Sep 2026 18:31:57 GMT",fa681487dfd865c189177b478a171178ab8e7133402342acc51f638a7bc121de,"Thu, 03 Sep 2026 15:37:43 GMT",https://sanctionslistservice.ofac.treas.gov/api/download/CONS_PRIM.CSV,https://wc2h-sls-prod-public-published.s3.us-gov-west-1.amazonaws.com/Published/12b71ad8-073b-481f-95e6-ee474a18aedd/2026-09-09/8077e100-a6c9-4d99-a7c9-1b3b3161482f/CONS_PRIM.CSV,cons_prim.csv,,3371,,,,0,0,,
2026-09-11T03:31:00Z,ofac_sdn,classic_primary,unchanged,304,"""7b8d1e512b838d3b39d0e7758e004dbe""","Thu, 10 Sep 2026 18:31:57 GMT",4da825621635b7d3c36039be0e83fdb2619200616292b5204bcffda78be9c89d,"Thu, 10 Sep 2026 18:31:55 GMT",https://sanctionslistservice.ofac.treas.gov/api/download/SDN.CSV,https://wc2h-sls-prod-public-published.s3.us-gov-west-1.amazonaws.com/Published/12b71ad8-073b-481f-95e6-ee474a18aedd/2026-09-09/8077e100-a6c9-4d99-a7c9-1b3b3161482f/SDN.CSV,sdn.csv,,89529,,,,0,0,,
2026-09-11T03:31:00Z,ofac_cons,classic_primary,unchanged,200,"""2a73fc2b7656b946311cfcc5f04073f8""","Thu, 10 Sep 2026 18:31:57 GMT",fa681487dfd865c189177b478a171178ab8e7133402342acc51f638a7bc121de,"Thu, 03 Sep 2026 15:37:43 GMT",https://sanctionslistservice.ofac.treas.gov/api/download/CONS_PRIM.CSV,https://wc2h-sls-prod-public-published.s3.us-gov-west-1.amazonaws.com/Published/12b71ad8-073b-481f-95e6-ee474a18aedd/2026-09-09/8077e100-a6c9-4d99-a7c9-1b3b3161482f/CONS_PRIM.CSV,cons_prim.csv,,3371,,,,0,0,,
2026-09-11T04:31:18Z,ofac_sdn,classic_primary,unchanged,304,"""7b8d1e512b838d3b39d0e7758e004dbe""","Thu, 10 Sep 2026 18:31:57 GMT",4da825621635b7d3c36039be0e83fdb2619200616292b5204bcffda78be9c89d,"Thu, 10 Sep 2026 18:31:55 GMT",https://sanctionslistservice.ofac.treas.gov/api/download/SDN.CSV,https://wc2h-sls-prod-public-published.s3.us-gov-west-1.amazonaws.com/Published/12b71ad8-073b-481f-95e6-ee474a18aedd/2026-09-09/8077e100-a6c9-4d99-a7c9-1b3b3161482f/SDN.CSV,sdn.csv,,89529,,,,0,0,,
2026-09-11T04:31:18Z,ofac_cons,classic_primary,unchanged,200,"""2a73fc2b7656b946311cfcc5f04073f8""","Thu, 10 Sep 2026 18:31:57 GMT",fa681487dfd865c189177b478a171178ab8e7133402342acc51f638a7bc121de,"Thu, 03 Sep 2026 15:37:43 GMT",https://sanctionslistservice.ofac.treas.gov/api/download/CONS_PRIM.CSV,https://wc2h-sls-prod-public-published.s3.us-gov-west-1.amazonaws.com/Published/12b71ad8-073b-481f-95e6-ee474a18aedd/2026-09-09/8077e100-a6c9-4d99-a7c9-1b3b3161482f/CONS_PRIM.CSV,cons_prim.csv,,3371,,,,0,0,,
2026-09-11T05:29:39Z,ofac_sdn,classic_primary,unchanged,304,"""7b8d1e512b838d3b39d0e7758e004dbe""","Thu, 10 Sep 2026 18:31:57 GMT",4da825621635b7d3c36039be0e83fdb2619200616292b5204bcffda78be9c89d,"Thu, 10 Sep 2026 18:31:55 GMT",https://sanctionslistservice.ofac.treas.gov/api/download/SDN.CSV,https://wc2h-sls-prod-public-published.s3.us-gov-west-1.amazonaws.com/Published/12b71ad8-073b-481f-95e6-ee474a18aedd/2026-09-09/8077e100-a6c9-4d99-a7c9-1b3b3161482f/SDN.CSV,sdn.csv,,89529,,,,0,0,,
2026-09-11T05:29:39Z,ofac_cons,classic_primary,unchanged,200,"""2a73fc2b7656b946311cfcc5f04073f8""","Thu, 10 Sep 2026 18:31:57 GMT",fa681487dfd865c189177b478a171178ab8e7133402342acc51f638a7bc121de,"Thu, 03 Sep 2026 15:37:43 GMT",https://sanctionslistservice.ofac.treas.gov/api/download/CONS_PRIM.CSV,https://wc2h-sls-prod-public-published.s3.us-gov-west-1.amazonaws.com/Published/12b71ad8-073b-481f-95e6-ee474a18aedd/2026-09-09/8077e100-a6c9-4d99-a7c9-1b3b3161482f/CONS_PRIM.CSV,cons_prim.csv,,3371,,,,0,0,,
2026-09-11T06:36:26Z,ofac_sdn,classic_primary,unchanged,304,"""7b8d1e512b838d3b39d0e7758e004dbe""","Thu, 10 Sep 2026 18:31:57 GMT",4da825621635b7d3c36039be0e83fdb2619200616292b5204bcffda78be9c89d,"Thu, 10 Sep 2026 18:31:55 GMT",https://sanctionslistservice.ofac.treas.gov/api/download/SDN.CSV,https://wc2h-sls-prod-public-published.s3.us-gov-west-1.amazonaws.com/Published/12b71ad8-073b-481f-95e6-ee474a18aedd/2026-09-09/8077e100-a6c9-4d99-a7c9-1b3b3161482f/SDN.CSV,sdn.csv,,89529,,,,0,0,,
2026-09-11T06:36:26Z,ofac_cons,classic_primary,unchanged,200,"""2a73fc2b7656b946311cfcc5f04073f8""","Thu, 10 Sep 2026 18:31:57 GMT",fa681487dfd865c189177b478a171178ab8e7133402342acc51f638a7bc121de,"Thu, 03 Sep 2026 15:37:43 GMT",https://sanctionslistservice.ofac.treas.gov/api/download/CONS_PRIM.CSV,https://wc2h-sls-prod-public-published.s3.us-gov-west-1.amazonaws.com/Published/12b71ad8-073b-481f-95e6-ee474a18aedd/2026-09-09/8077e100-a6c9-4d99-a7c9-1b3b3161482f/CONS_PRIM.CSV,cons_prim.csv,,3371,,,,0,0,,
2026-09-11T06:49:42Z,mof,index_page,fetched,200,"""a251-65b083d534fc0""","Wed, 09 Sep 2026 08:00:07 GMT",45bfd828a1e5f6a1310033c406fe8b523dbea95b3c77e490891d165ea9b23ba6,令和8年9月10日,https://www.mof.go.jp/policy/international_policy/gaitame_kawase/gaitame/economic_sanctions/list.html,https://www.mof.go.jp/policy/international_policy/gaitame_kawase/gaitame/economic_sanctions/list.html,list.html,,,,,,0,0,,
2026-09-11T06:49:42Z,mof,list_file,unchanged,304,"""3225f7-65b083d71d440""","Wed, 09 Sep 2026 08:00:09 GMT",c46ccaf88a98ab9c4209c4032c91190fa740ac106767fe32331879d73de99d03,令和8年9月10日,https://www.mof.go.jp/policy/international_policy/gaitame_kawase/gaitame/economic_sanctions/shisantouketsu20260910.csv,https://www.mof.go.jp/policy/international_policy/gaitame_kawase/gaitame/economic_sanctions/shisantouketsu20260910.csv,shisantouketsu20260910.csv,,14743,,,,0,0,,
2026-09-11T06:49:42Z,meti,index_page,blocked,403,"W/""c3bb143a530e398af9a1c1a440f0189c""","Mon, 24 Aug 2026 07:11:49 GMT",,,https://www.meti.go.jp/policy/anpo/law09.html,https://www.meti.go.jp/policy/anpo/law09.html,,,,,,,1,0,HTTPError,403 Client Error: Forbidden for url: https://www.meti.go.jp/policy/anpo/law09.html
2026-09-11T07:31:07Z,ofac_sdn,classic_primary,unchanged,304,"""7b8d1e512b838d3b39d0e7758e004dbe""","Thu, 10 Sep 2026 18:31:57 GMT",4da825621635b7d3c36039be0e83fdb2619200616292b5204bcffda78be9c89d,"Thu, 10 Sep 2026 18:31:55 GMT",https://sanctionslistservice.ofac.treas.gov/api/download/SDN.CSV,https://wc2h-sls-prod-public-published.s3.us-gov-west-1.amazonaws.com/Published/12b71ad8-073b-481f-95e6-ee474a18aedd/2026-09-09/8077e100-a6c9-4d99-a7c9-1b3b3161482f/SDN.CSV,sdn.csv,,89529,,,,0,0,,
2026-09-11T07:31:07Z,ofac_cons,classic_primary,unchanged,200,"""2a73fc2b7656b946311cfcc5f04073f8""","Thu, 10 Sep 2026 18:31:57 GMT",fa681487dfd865c189177b478a171178ab8e7133402342acc51f638a7bc121de,"Thu, 03 Sep 2026 15:37:43 GMT",https://sanctionslistservice.ofac.treas.gov/api/download/CONS_PRIM.CSV,https://wc2h-sls-prod-public-published.s3.us-gov-west-1.amazonaws.com/Published/12b71ad8-073b-481f-95e6-ee474a18aedd/2026-09-09/8077e100-a6c9-4d99-a7c9-1b3b3161482f/CONS_PRIM.CSV,cons_prim.csv,,3371,,,,0,0,,
2026-09-11T08:32:26Z,ofac_sdn,classic_primary,unchanged,304,"""7b8d1e512b838d3b39d0e7758e004dbe""","Thu, 10 Sep 2026 18:31:57 GMT",4da825621635b7d3c36039be0e83fdb2619200616292b5204bcffda78be9c89d,"Thu, 10 Sep 2026 18:31:55 GMT",https://sanctionslistservice.ofac.treas.gov/api/download/SDN.CSV,https://wc2h-sls-prod-public-published.s3.us-gov-west-1.amazonaws.com/Published/12b71ad8-073b-481f-95e6-ee474a18aedd/2026-09-09/8077e100-a6c9-4d99-a7c9-1b3b3161482f/SDN.CSV,sdn.csv,,89529,,,,0,0,,
2026-09-11T08:32:26Z,ofac_cons,classic_primary,unchanged,200,"""2a73fc2b7656b946311cfcc5f04073f8""","Thu, 10 Sep 2026 18:31:57 GMT",fa681487dfd865c189177b478a171178ab8e7133402342acc51f638a7bc121de,"Thu, 03 Sep 2026 15:37:43 GMT",https://sanctionslistservice.ofac.treas.gov/api/download/CONS_PRIM.CSV,https://wc2h-sls-prod-public-published.s3.us-gov-west-1.amazonaws.com/Published/12b71ad8-073b-481f-95e6-ee474a18aedd/2026-09-09/8077e100-a6c9-4d99-a7c9-1b3b3161482f/CONS_PRIM.CSV,cons_prim.csv,,3371,,,,0,0,,
2026-09-11T09:31:10Z,ofac_sdn,classic_primary,unchanged,304,"""7b8d1e512b838d3b39d0e7758e004dbe""","Thu, 10 Sep 2026 18:31:57 GMT",4da825621635b7d3c36039be0e83fdb2619200616292b5204bcffda78be9c89d,"Thu, 10 Sep 2026 18:31:55 GMT",https://sanctionslistservice.ofac.treas.gov/api/download/SDN.CSV,https://wc2h-sls-prod-public-published.s3.us-gov-west-1.amazonaws.com/Published/12b71ad8-073b-481f-95e6-ee474a18aedd/2026-09-09/8077e100-a6c9-4d99-a7c9-1b3b3161482f/SDN.CSV,sdn.csv,,89529,,,,0,0,,
2026-09-11T09:31:10Z,ofac_cons,classic_primary,unchanged,200,"""2a73fc2b7656b946311cfcc5f04073f8""","Thu, 10 Sep 2026 18:31:57 GMT",fa681487dfd865c189177b478a171178ab8e7133402342acc51f638a7bc121de,"Thu, 03 Sep 2026 15:37:43 GMT",https://sanctionslistservice.ofac.treas.gov/api/download/CONS_PRIM.CSV,https://wc2h-sls-prod-public-published.s3.us-gov-west-1.amazonaws.com/Published/12b71ad8-073b-481f-95e6-ee474a18aedd/2026-09-09/8077e100-a6c9-4d99-a7c9-1b3b3161482f/CONS_PRIM.CSV,cons_prim.csv,,3371,,,,0,0,,
2026-09-11T10:30:58Z,ofac_sdn,classic_primary,unchanged,304,"""7b8d1e512b838d3b39d0e7758e004dbe""","Thu, 10 Sep 2026 18:31:57 GMT",4da825621635b7d3c36039be0e83fdb2619200616292b5204bcffda78be9c89d,"Thu, 10 Sep 2026 18:31:55 GMT",https://sanctionslistservice.ofac.treas.gov/api/download/SDN.CSV,https://wc2h-sls-prod-public-published.s3.us-gov-west-1.amazonaws.com/Published/12b71ad8-073b-481f-95e6-ee474a18aedd/2026-09-09/8077e100-a6c9-4d99-a7c9-1b3b3161482f/SDN.CSV,sdn.csv,,89529,,,,0,0,,
2026-09-11T10:30:58Z,ofac_cons,classic_primary,unchanged,200,"""2a73fc2b7656b946311cfcc5f04073f8""","Thu, 10 Sep 2026 18:31:57 GMT",fa681487dfd865c189177b478a171178ab8e7133402342acc51f638a7bc121de,"Thu, 03 Sep 2026 15:37:43 GMT",https://sanctionslistservice.ofac.treas.gov/api/download/CONS_PRIM.CSV,https://wc2h-sls-prod-public-published.s3.us-gov-west-1.amazonaws.com/Published/12b71ad8-073b-481f-95e6-ee474a18aedd/2026-09-09/8077e100-a6c9-4d99-a7c9-1b3b3161482f/CONS_PRIM.CSV,cons_prim.csv,,3371,,,,0,0,,
2026-09-11T11:29:40Z,ofac_sdn,classic_primary,unchanged,304,"""7b8d1e512b838d3b39d0e7758e004dbe""","Thu, 10 Sep 2026 18:31:57 GMT",4da825621635b7d3c36039be0e83fdb2619200616292b5204bcffda78be9c89d,"Thu, 10 Sep 2026 18:31:55 GMT",https://sanctionslistservice.ofac.treas.gov/api/download/SDN.CSV,https://wc2h-sls-prod-public-published.s3.us-gov-west-1.amazonaws.com/Published/12b71ad8-073b-481f-95e6-ee474a18aedd/2026-09-09/8077e100-a6c9-4d99-a7c9-1b3b3161482f/SDN.CSV,sdn.csv,,89529,,,,0,0,,
2026-09-11T11:29:40Z,ofac_cons,classic_primary,unchanged,200,"""2a73fc2b7656b946311cfcc5f04073f8""","Thu, 10 Sep 2026 18:31:57 GMT",fa681487dfd865c189177b478a171178ab8e7133402342acc51f638a7bc121de,"Thu, 03 Sep 2026 15:37:43 GMT",https://sanctionslistservice.ofac.treas.gov/api/download/CONS_PRIM.CSV,https://wc2h-sls-prod-public-published.s3.us-gov-west-1.amazonaws.com/Published/12b71ad8-073b-481f-95e6-ee474a18aedd/2026-09-09/8077e100-a6c9-4d99-a7c9-1b3b3161482f/CONS_PRIM.CSV,cons_prim.csv,,3371,,,,0,0,,
2026-09-11T12:36:39Z,ofac_sdn,classic_primary,unchanged,304,"""7b8d1e512b838d3b39d0e7758e004dbe""","Thu, 10 Sep 2026 18:31:57 GMT",4da825621635b7d3c36039be0e83fdb2619200616292b5204bcffda78be9c89d,"Thu, 10 Sep 2026 18:31:55 GMT",https://sanctionslistservice.ofac.treas.gov/api/download/SDN.CSV,https://wc2h-sls-prod-public-published.s3.us-gov-west-1.amazonaws.com/Published/12b71ad8-073b-481f-95e6-ee474a18aedd/2026-09-09/8077e100-a6c9-4d99-a7c9-1b3b3161482f/SDN.CSV,sdn.csv,,89529,,,,0,0,,
2026-09-11T12:36:39Z,ofac_cons,classic_primary,unchanged,200,"""2a73fc2b7656b946311cfcc5f04073f8""","Thu, 10 Sep 2026 18:31:57 GMT",fa681487dfd865c189177b478a171178ab8e7133402342acc51f638a7bc121de,"Thu, 03 Sep 2026 15:37:43 GMT",https://sanctionslistservice.ofac.treas.gov/api/download/CONS_PRIM.CSV,https://wc2h-sls-prod-public-published.s3.us-gov-west-1.amazonaws.com/Published/12b71ad8-073b-481f-95e6-ee474a18aedd/2026-09-09/8077e100-a6c9-4d99-a7c9-1b3b3161482f/CONS_PRIM.CSV,cons_prim.csv,,3371,,,,0,0,,
2026-09-11T12:49:45Z,mof,index_page,fetched,200,"""a251-65b083d534fc0""","Wed, 09 Sep 2026 08:00:07 GMT",49078b6824fe925f72e2b37a62b82acdad905e399755bc47e1e628559e2645a8,令和8年9月10日,https://www.mof.go.jp/policy/international_policy/gaitame_kawase/gaitame/economic_sanctions/list.html,https://www.mof.go.jp/policy/international_policy/gaitame_kawase/gaitame/economic_sanctions/list.html,list.html,,,,,,0,0,,
2026-09-11T12:49:45Z,mof,list_file,unchanged,304,"""3225f7-65b083d71d440""","Wed, 09 Sep 2026 08:00:09 GMT",c46ccaf88a98ab9c4209c4032c91190fa740ac106767fe32331879d73de99d03,令和8年9月10日,https://www.mof.go.jp/policy/international_policy/gaitame_kawase/gaitame/economic_sanctions/shisantouketsu20260910.csv,https://www.mof.go.jp/policy/international_policy/gaitame_kawase/gaitame/economic_sanctions/shisantouketsu20260910.csv,shisantouketsu20260910.csv,,14743,,,,0,0,,
2026-09-11T12:49:45Z,meti,index_page,blocked,403,"W/""c3bb143a530e398af9a1c1a440f0189c""","Mon, 24 Aug 2026 07:11:49 GMT",,,https://www.meti.go.jp/policy/anpo/law09.html,https://www.meti.go.jp/policy/anpo/law09.html,,,,,,,1,0,HTTPError,403 Client Error: Forbidden for url: https://www.meti.go.jp/policy/anpo/law09.html
2026-09-11T13:31:07Z,ofac_sdn,classic_primary,unchanged,304,"""7b8d1e512b838d3b39d0e7758e004dbe""","Thu, 10 Sep 2026 18:31:57 GMT",4da825621635b7d3c36039be0e83fdb2619200616292b5204bcffda78be9c89d,"Thu, 10 Sep 2026 18:31:55 GMT",https://sanctionslistservice.ofac.treas.gov/api/download/SDN.CSV,https://wc2h-sls-prod-public-published.s3.us-gov-west-1.amazonaws.com/Published/12b71ad8-073b-481f-95e6-ee474a18aedd/2026-09-09/8077e100-a6c9-4d99-a7c9-1b3b3161482f/SDN.CSV,sdn.csv,,89529,,,,0,0,,
2026-09-11T13:31:07Z,ofac_cons,classic_primary,unchanged,200,"""2a73fc2b7656b946311cfcc5f04073f8""","Thu, 10 Sep 2026 18:31:57 GMT",fa681487dfd865c189177b478a171178ab8e7133402342acc51f638a7bc121de,"Thu, 03 Sep 2026 15:37:43 GMT",https://sanctionslistservice.ofac.treas.gov/api/download/CONS_PRIM.CSV,https://wc2h-sls-prod-public-published.s3.us-gov-west-1.amazonaws.com/Published/12b71ad8-073b-481f-95e6-ee474a18aedd/2026-09-09/8077e100-a6c9-4d99-a7c9-1b3b3161482f/CONS_PRIM.CSV,cons_prim.csv,,3371,,,,0,0,,
2026-09-11T14:31:04Z,ofac_sdn,classic_primary,unchanged,304,"""7b8d1e512b838d3b39d0e7758e004dbe""","Thu, 10 Sep 2026 18:31:57 GMT",4da825621635b7d3c36039be0e83fdb2619200616292b5204bcffda78be9c89d,"Thu, 10 Sep 2026 18:31:55 GMT",https://sanctionslistservice.ofac.treas.gov/api/download/SDN.CSV,https://wc2h-sls-prod-public-published.s3.us-gov-west-1.amazonaws.com/Published/12b71ad8-073b-481f-95e6-ee474a18aedd/2026-09-09/8077e100-a6c9-4d99-a7c9-1b3b3161482f/SDN.CSV,sdn.csv,,89529,,,,0,0,,
2026-09-11T14:31:04Z,ofac_cons,classic_primary,unchanged,200,"""2a73fc2b7656b946311cfcc5f04073f8""","Thu, 10 Sep 2026 18:31:57 GMT",fa681487dfd865c189177b478a171178ab8e7133402342acc51f638a7bc121de,"Thu, 03 Sep 2026 15:37:43 GMT",https://sanctionslistservice.ofac.treas.gov/api/download/CONS_PRIM.CSV,https://wc2h-sls-prod-public-published.s3.us-gov-west-1.amazonaws.com/Published/12b71ad8-073b-481f-95e6-ee474a18aedd/2026-09-09/8077e100-a6c9-4d99-a7c9-1b3b3161482f/CONS_PRIM.CSV,cons_prim.csv,,3371,,,,0,0,,
2026-09-11T15:30:33Z,ofac_sdn,classic_primary,unchanged,304,"""7b8d1e512b838d3b39d0e7758e004dbe""","Thu, 10 Sep 2026 18:31:57 GMT",4da825621635b7d3c36039be0e83fdb2619200616292b5204bcffda78be9c89d,"Thu, 10 Sep 2026 18:31:55 GMT",https://sanctionslistservice.ofac.treas.gov/api/download/SDN.CSV,https://wc2h-sls-prod-public-published.s3.us-gov-west-1.amazonaws.com/Published/12b71ad8-073b-481f-95e6-ee474a18aedd/2026-09-09/8077e100-a6c9-4d99-a7c9-1b3b3161482f/SDN.CSV,sdn.csv,,89529,,,,0,0,,
2026-09-11T15:30:33Z,ofac_cons,classic_primary,unchanged,200,"""2a73fc2b7656b946311cfcc5f04073f8""","Thu, 10 Sep 2026 18:31:57 GMT",fa681487dfd865c189177b478a171178ab8e7133402342acc51f638a7bc121de,"Thu, 03 Sep 2026 15:37:43 GMT",https://sanctionslistservice.ofac.treas.gov/api/download/CONS_PRIM.CSV,https://wc2h-sls-prod-public-published.s3.us-gov-west-1.amazonaws.com/Published/12b71ad8-073b-481f-95e6-ee474a18aedd/2026-09-09/8077e100-a6c9-4d99-a7c9-1b3b3161482f/CONS_PRIM.CSV,cons_prim.csv,,3371,,,,0,0,,
2026-09-11T16:31:13Z,ofac_sdn,classic_primary,unchanged,304,"""7b8d1e512b838d3b39d0e7758e004dbe""","Thu, 10 Sep 2026 18:31:57 GMT",4da825621635b7d3c36039be0e83fdb2619200616292b5204bcffda78be9c89d,"Thu, 10 Sep 2026 18:31:55 GMT",https://sanctionslistservice.ofac.treas.gov/api/download/SDN.CSV,https://wc2h-sls-prod-public-published.s3.us-gov-west-1.amazonaws.com/Published/12b71ad8-073b-481f-95e6-ee474a18aedd/2026-09-09/8077e100-a6c9-4d99-a7c9-1b3b3161482f/SDN.CSV,sdn.csv,,89529,,,,0,0,,
2026-09-11T16:31:13Z,ofac_cons,classic_primary,unchanged,200,"""2a73fc2b7656b946311cfcc5f04073f8""","Thu, 10 Sep 2026 18:31:57 GMT",fa681487dfd865c189177b478a171178ab8e7133402342acc51f638a7bc121de,"Thu, 03 Sep 2026 15:37:43 GMT",https://sanctionslistservice.ofac.treas.gov/api/download/CONS_PRIM.CSV,https://wc2h-sls-prod-public-published.s3.us-gov-west-1.amazonaws.com/Published/12b71ad8-073b-481f-95e6-ee474a18aedd/2026-09-09/8077e100-a6c9-4d99-a7c9-1b3b3161482f/CONS_PRIM.CSV,cons_prim.csv,,3371,,,,0,0,,
2026-09-11T17:29:14Z,ofac_sdn,classic_primary,unchanged,304,"""7b8d1e512b838d3b39d0e7758e004dbe""","Thu, 10 Sep 2026 18:31:57 GMT",4da825621635b7d3c36039be0e83fdb2619200616292b5204bcffda78be9c89d,"Thu, 10 Sep 2026 18:31:55 GMT",https://sanctionslistservice.ofac.treas.gov/api/download/SDN.CSV,https://wc2h-sls-prod-public-published.s3.us-gov-west-1.amazonaws.com/Published/12b71ad8-073b-481f-95e6-ee474a18aedd/2026-09-09/8077e100-a6c9-4d99-a7c9-1b3b3161482f/SDN.CSV,sdn.csv,,89529,,,,0,0,,
2026-09-11T17:29:14Z,ofac_cons,classic_primary,unchanged,200,"""2a73fc2b7656b946311cfcc5f04073f8""","Thu, 10 Sep 2026 18:31:57 GMT",fa681487dfd865c189177b478a171178ab8e7133402342acc51f638a7bc121de,"Thu, 03 Sep 2026 15:37:43 GMT",https://sanctionslistservice.ofac.treas.gov/api/download/CONS_PRIM.CSV,https://wc2h-sls-prod-public-published.s3.us-gov-west-1.amazonaws.com/Published/12b71ad8-073b-481f-95e6-ee474a18aedd/2026-09-09/8077e100-a6c9-4d99-a7c9-1b3b3161482f/CONS_PRIM.CSV,cons_prim.csv,,3371,,,,0,0,,
2026-09-11T18:33:37Z,ofac_sdn,classic_primary,unchanged,304,"""7b8d1e512b838d3b39d0e7758e004dbe""","Thu, 10 Sep 2026 18:31:57 GMT",4da825621635b7d3c36039be0e83fdb2619200616292b5204bcffda78be9c89d,"Thu, 10 Sep 2026 18:31:55 GMT",https://sanctionslistservice.ofac.treas.gov/api/download/SDN.CSV,https://wc2h-sls-prod-public-published.s3.us-gov-west-1.amazonaws.com/Published/12b71ad8-073b-481f-95e6-ee474a18aedd/2026-09-09/8077e100-a6c9-4d99-a7c9-1b3b3161482f/SDN.CSV,sdn.csv,,89529,,,,0,0,,
2026-09-11T18:33:37Z,ofac_cons,classic_primary,unchanged,200,"""2a73fc2b7656b946311cfcc5f04073f8""","Thu, 10 Sep 2026 18:31:57 GMT",fa681487dfd865c189177b478a171178ab8e7133402342acc51f638a7bc121de,"Thu, 03 Sep 2026 15:37:43 GMT",https://sanctionslistservice.ofac.treas.gov/api/download/CONS_PRIM.CSV,https://wc2h-sls-prod-public-published.s3.us-gov-west-1.amazonaws.com/Published/12b71ad8-073b-481f-95e6-ee474a18aedd/2026-09-09/8077e100-a6c9-4d99-a7c9-1b3b3161482f/CONS_PRIM.CSV,cons_prim.csv,,3371,,,,0,0,,
2026-09-11T18:46:03Z,mof,index_page,fetched,200,"""a251-65b083d534fc0""","Wed, 09 Sep 2026 08:00:07 GMT",a21e6ef87a4d59090f91124a86ad54d7de7ae81b2205d0072d0005d08f942ea2,令和8年9月10日,https://www.mof.go.jp/policy/international_policy/gaitame_kawase/gaitame/economic_sanctions/list.html,https://www.mof.go.jp/policy/international_policy/gaitame_kawase/gaitame/economic_sanctions/list.html,list.html,,,,,,0,0,,
2026-09-11T18:46:03Z,mof,list_file,unchanged,304,"""3225f7-65b083d71d440""","Wed, 09 Sep 2026 08:00:09 GMT",c46ccaf88a98ab9c4209c4032c91190fa740ac106767fe32331879d73de99d03,令和8年9月10日,https://www.mof.go.jp/policy/international_policy/gaitame_kawase/gaitame/economic_sanctions/shisantouketsu20260910.csv,https://www.mof.go.jp/policy/international_policy/gaitame_kawase/gaitame/economic_sanctions/shisantouketsu20260910.csv,shisantouketsu20260910.csv,,14743,,,,0,0,,
2026-09-11T18:46:03Z,meti,index_page,blocked,403,"W/""c3bb143a530e398af9a1c1a440f0189c""","Mon, 24 Aug 2026 07:11:49 GMT",,,https://www.meti.go.jp/policy/anpo/law09.html,https://www.meti.go.jp/policy/anpo/law09.html,,,,,,,1,0,HTTPError,403 Client Error: Forbidden for url: https://www.meti.go.jp/policy/anpo/law09.html
2026-09-11T19:28:10Z,ofac_sdn,classic_primary,unchanged,304,"""7b8d1e512b838d3b39d0e7758e004dbe""","Thu, 10 Sep 2026 18:31:57 GMT",4da825621635b7d3c36039be0e83fdb2619200616292b5204bcffda78be9c89d,"Thu, 10 Sep 2026 18:31:55 GMT",https://sanctionslistservice.ofac.treas.gov/api/download/SDN.CSV,https://wc2h-sls-prod-public-published.s3.us-gov-west-1.amazonaws.com/Published/12b71ad8-073b-481f-95e6-ee474a18aedd/2026-09-09/8077e100-a6c9-4d99-a7c9-1b3b3161482f/SDN.CSV,sdn.csv,,89529,,,,0,0,,
2026-09-11T19:28:10Z,ofac_cons,classic_primary,unchanged,200,"""2a73fc2b7656b946311cfcc5f04073f8""","Thu, 10 Sep 2026 18:31:57 GMT",fa681487dfd865c189177b478a171178ab8e7133402342acc51f638a7bc121de,"Thu, 03 Sep 2026 15:37:43 GMT",https://sanctionslistservice.ofac.treas.gov/api/download/CONS_PRIM.CSV,https://wc2h-sls-prod-public-published.s3.us-gov-west-1.amazonaws.com/Published/12b71ad8-073b-481f-95e6-ee474a18aedd/2026-09-09/8077e100-a6c9-4d99-a7c9-1b3b3161482f/CONS_PRIM.CSV,cons_prim.csv,,3371,,,,0,0,,
2026-09-11T20:30:15Z,ofac_sdn,classic_primary,unchanged,304,"""7b8d1e512b838d3b39d0e7758e004dbe""","Thu, 10 Sep 2026 18:31:57 GMT",4da825621635b7d3c36039be0e83fdb2619200616292b5204bcffda78be9c89d,"Thu, 10 Sep 2026 18:31:55 GMT",https://sanctionslistservice.ofac.treas.gov/api/download/SDN.CSV,https://wc2h-sls-prod-public-published.s3.us-gov-west-1.amazonaws.com/Published/12b71ad8-073b-481f-95e6-ee474a18aedd/2026-09-09/8077e100-a6c9-4d99-a7c9-1b3b3161482f/SDN.CSV,sdn.csv,,89529,,,,0,0,,
2026-09-11T20:30:15Z,ofac_cons,classic_primary,unchanged,200,"""2a73fc2b7656b946311cfcc5f04073f8""","Thu, 10 Sep 2026 18:31:57 GMT",fa681487dfd865c189177b478a171178ab8e7133402342acc51f638a7bc121de,"Thu, 03 Sep 2026 15:37:43 GMT",https://sanctionslistservice.ofac.treas.gov/api/download/CONS_PRIM.CSV,https://wc2h-sls-prod-public-published.s3.us-gov-west-1.amazonaws.com/Published/12b71ad8-073b-481f-95e6-ee474a18aedd/2026-09-09/8077e100-a6c9-4d99-a7c9-1b3b3161482f/CONS_PRIM.CSV,cons_prim.csv,,3371,,,,0,0,,
2026-09-11T21:28:07Z,ofac_sdn,classic_primary,unchanged,304,"""7b8d1e512b838d3b39d0e7758e004dbe""","Thu, 10 Sep 2026 18:31:57 GMT",4da825621635b7d3c36039be0e83fdb2619200616292b5204bcffda78be9c89d,"Thu, 10 Sep 2026 18:31:55 GMT",https://sanctionslistservice.ofac.treas.gov/api/download/SDN.CSV,https://wc2h-sls-prod-public-published.s3.us-gov-west-1.amazonaws.com/Published/12b71ad8-073b-481f-95e6-ee474a18aedd/2026-09-09/8077e100-a6c9-4d99-a7c9-1b3b3161482f/SDN.CSV,sdn.csv,,89529,,,,0,0,,
2026-09-11T21:28:07Z,ofac_cons,classic_primary,unchanged,200,"""2a73fc2b7656b946311cfcc5f04073f8""","Thu, 10 Sep 2026 18:31:57 GMT",fa681487dfd865c189177b478a171178ab8e7133402342acc51f638a7bc121de,"Thu, 03 Sep 2026 15:37:43 GMT",https://sanctionslistservice.ofac.treas.gov/api/download/CONS_PRIM.CSV,https://wc2h-sls-prod-public-published.s3.us-gov-west-1.amazonaws.com/Published/12b71ad8-073b-481f-95e6-ee474a18aedd/2026-09-09/8077e100-a6c9-4d99-a7c9-1b3b3161482f/CONS_PRIM.CSV,cons_prim.csv,,3371,,,,0,0,,
2026-09-11T22:28:50Z,ofac_sdn,classic_primary,unchanged,304,"""7b8d1e512b838d3b39d0e7758e004dbe""","Thu, 10 Sep 2026 18:31:57 GMT",4da825621635b7d3c36039be0e83fdb2619200616292b5204bcffda78be9c89d,"Thu, 10 Sep 2026 18:31:55 GMT",https://sanctionslistservice.ofac.treas.gov/api/download/SDN.CSV,https://wc2h-sls-prod-public-published.s3.us-gov-west-1.amazonaws.com/Published/12b71ad8-073b-481f-95e6-ee474a18aedd/2026-09-09/8077e100-a6c9-4d99-a7c9-1b3b3161482f/SDN.CSV,sdn.csv,,89529,,,,0,0,,
2026-09-11T22:28:50Z,ofac_cons,classic_primary,unchanged,200,"""2a73fc2b7656b946311cfcc5f04073f8""","Thu, 10 Sep 2026 18:31:57 GMT",fa681487dfd865c189177b478a171178ab8e7133402342acc51f638a7bc121de,"Thu, 03 Sep 2026 15:37:43 GMT",https://sanctionslistservice.ofac.treas.gov/api/download/CONS_PRIM.CSV,https://wc2h-sls-prod-public-published.s3.us-gov-west-1.amazonaws.com/Published/12b71ad8-073b-481f-95e6-ee474a18aedd/2026-09-09/8077e100-a6c9-4d99-a7c9-1b3b3161482f/CONS_PRIM.CSV,cons_prim.csv,,3371,,,,0,0,,
2026-09-11T23:27:20Z,ofac_sdn,classic_primary,unchanged,304,"""7b8d1e512b838d3b39d0e7758e004dbe""","Thu, 10 Sep 2026 18:31:57 GMT",4da825621635b7d3c36039be0e83fdb2619200616292b5204bcffda78be9c89d,"Thu, 10 Sep 2026 18:31:55 GMT",https://sanctionslistservice.ofac.treas.gov/api/download/SDN.CSV,https://wc2h-sls-prod-public-published.s3.us-gov-west-1.amazonaws.com/Published/12b71ad8-073b-481f-95e6-ee474a18aedd/2026-09-09/8077e100-a6c9-4d99-a7c9-1b3b3161482f/SDN.CSV,sdn.csv,,89529,,,,0,0,,
2026-09-11T23:27:20Z,ofac_cons,classic_primary,unchanged,200,"""2a73fc2b7656b946311cfcc5f04073f8""","Thu, 10 Sep 2026 18:31:57 GMT",fa681487dfd865c189177b478a171178ab8e7133402342acc51f638a7bc121de,"Thu, 03 Sep 2026 15:37:43 GMT",https://sanctionslistservice.ofac.treas.gov/api/download/CONS_PRIM.CSV,https://wc2h-sls-prod-public-published.s3.us-gov-west-1.amazonaws.com/Published/12b71ad8-073b-481f-95e6-ee474a18aedd/2026-09-09/8077e100-a6c9-4d99-a7c9-1b3b3161482f/CONS_PRIM.CSV,cons_prim.csv,,3371,,,,0,0,,
2026-09-12T00:36:17Z,ofac_sdn,classic_primary,unchanged,304,"""7b8d1e512b838d3b39d0e7758e004dbe""","Thu, 10 Sep 2026 18:31:57 GMT",4da825621635b7d3c36039be0e83fdb2619200616292b5204bcffda78be9c89d,"Thu, 10 Sep 2026 18:31:55 GMT",https://sanctionslistservice.ofac.treas.gov/api/download/SDN.CSV,https://wc2h-sls-prod-public-published.s3.us-gov-west-1.amazonaws.com/Published/12b71ad8-073b-481f-95e6-ee474a18aedd/2026-09-09/8077e100-a6c9-4d99-a7c9-1b3b3161482f/SDN.CSV,sdn.csv,,89529,,,,0,0,,
2026-09-12T00:36:17Z,ofac_cons,classic_primary,unchanged,200,"""2a73fc2b7656b946311cfcc5f04073f8""","Thu, 10 Sep 2026 18:31:57 GMT",fa681487dfd865c189177b478a171178ab8e7133402342acc51f638a7bc121de,"Thu, 03 Sep 2026 15:37:43 GMT",https://sanctionslistservice.ofac.treas.gov/api/download/CONS_PRIM.CSV,https://wc2h-sls-prod-public-published.s3.us-gov-west-1.amazonaws.com/Published/12b71ad8-073b-481f-95e6-ee474a18aedd/2026-09-09/8077e100-a6c9-4d99-a7c9-1b3b3161482f/CONS_PRIM.CSV,cons_prim.csv,,3371,,,,0,0,,
2026-09-12T00:48:00Z,mof,index_page,fetched,200,"""a251-65b083d534fc0""","Wed, 09 Sep 2026 08:00:07 GMT",dcdfeb80dcbc5e69f831f1e239b5c41e985193d81370b1d12055163dade7bd38,令和8年9月10日,https://www.mof.go.jp/policy/international_policy/gaitame_kawase/gaitame/economic_sanctions/list.html,https://www.mof.go.jp/policy/international_policy/gaitame_kawase/gaitame/economic_sanctions/list.html,list.html,,,,,,0,0,,
2026-09-12T00:48:00Z,mof,list_file,unchanged,304,"""3225f7-65b083d71d440""","Wed, 09 Sep 2026 08:00:09 GMT",c46ccaf88a98ab9c4209c4032c91190fa740ac106767fe32331879d73de99d03,令和8年9月10日,https://www.mof.go.jp/policy/international_policy/gaitame_kawase/gaitame/economic_sanctions/shisantouketsu20260910.csv,https://www.mof.go.jp/policy/international_policy/gaitame_kawase/gaitame/economic_sanctions/shisantouketsu20260910.csv,shisantouketsu20260910.csv,,14743,,,,0,0,,
2026-09-12T00:48:00Z,meti,index_page,blocked,403,"W/""c3bb143a530e398af9a1c1a440f0189c""","Mon, 24 Aug 2026 07:11:49 GMT",,,https://www.meti.go.jp/policy/anpo/law09.html,https://www.meti.go.jp/policy/anpo/law09.html,,,,,,,1,0,HTTPError,403 Client Error: Forbidden for url: https://www.meti.go.jp/policy/anpo/law09.html
2026-09-12T01:28:02Z,ofac_sdn,classic_primary,unchanged,304,"""7b8d1e512b838d3b39d0e7758e004dbe""","Thu, 10 Sep 2026 18:31:57 GMT",4da825621635b7d3c36039be0e83fdb2619200616292b5204bcffda78be9c89d,"Thu, 10 Sep 2026 18:31:55 GMT",https://sanctionslistservice.ofac.treas.gov/api/download/SDN.CSV,https://wc2h-sls-prod-public-published.s3.us-gov-west-1.amazonaws.com/Published/12b71ad8-073b-481f-95e6-ee474a18aedd/2026-09-09/8077e100-a6c9-4d99-a7c9-1b3b3161482f/SDN.CSV,sdn.csv,,89529,,,,0,0,,
2026-09-12T01:28:02Z,ofac_cons,classic_primary,unchanged,200,"""2a73fc2b7656b946311cfcc5f04073f8""","Thu, 10 Sep 2026 18:31:57 GMT",fa681487dfd865c189177b478a171178ab8e7133402342acc51f638a7bc121de,"Thu, 03 Sep 2026 15:37:43 GMT",https://sanctionslistservice.ofac.treas.gov/api/download/CONS_PRIM.CSV,https://wc2h-sls-prod-public-published.s3.us-gov-west-1.amazonaws.com/Published/12b71ad8-073b-481f-95e6-ee474a18aedd/2026-09-09/8077e100-a6c9-4d99-a7c9-1b3b3161482f/CONS_PRIM.CSV,cons_prim.csv,,3371,,,,0,0,,
2026-09-12T02:30:08Z,ofac_sdn,classic_primary,unchanged,304,"""7b8d1e512b838d3b39d0e7758e004dbe""","Thu, 10 Sep 2026 18:31:57 GMT",4da825621635b7d3c36039be0e83fdb2619200616292b5204bcffda78be9c89d,"Thu, 10 Sep 2026 18:31:55 GMT",https://sanctionslistservice.ofac.treas.gov/api/download/SDN.CSV,https://wc2h-sls-prod-public-published.s3.us-gov-west-1.amazonaws.com/Published/12b71ad8-073b-481f-95e6-ee474a18aedd/2026-09-09/8077e100-a6c9-4d99-a7c9-1b3b3161482f/SDN.CSV,sdn.csv,,89529,,,,0,0,,
2026-09-12T02:30:08Z,ofac_cons,classic_primary,unchanged,200,"""2a73fc2b7656b946311cfcc5f04073f8""","Thu, 10 Sep 2026 18:31:57 GMT",fa681487dfd865c189177b478a171178ab8e7133402342acc51f638a7bc121de,"Thu, 03 Sep 2026 15:37:43 GMT",https://sanctionslistservice.ofac.treas.gov/api/download/CONS_PRIM.CSV,https://wc2h-sls-prod-public-published.s3.us-gov-west-1.amazonaws.com/Published/12b71ad8-073b-481f-95e6-ee474a18aedd/2026-09-09/8077e100-a6c9-4d99-a7c9-1b3b3161482f/CONS_PRIM.CSV,cons_prim.csv,,3371,,,,0,0,,
2026-09-12T03:30:20Z,ofac_sdn,classic_primary,unchanged,304,"""7b8d1e512b838d3b39d0e7758e004dbe""","Thu, 10 Sep 2026 18:31:57 GMT",4da825621635b7d3c36039be0e83fdb2619200616292b5204bcffda78be9c89d,"Thu, 10 Sep 2026 18:31:55 GMT",https://sanctionslistservice.ofac.treas.gov/api/download/SDN.CSV,https://wc2h-sls-prod-public-published.s3.us-gov-west-1.amazonaws.com/Published/12b71ad8-073b-481f-95e6-ee474a18aedd/2026-09-09/8077e100-a6c9-4d99-a7c9-1b3b3161482f/SDN.CSV,sdn.csv,,89529,,,,0,0,,
2026-09-12T03:30:20Z,ofac_cons,classic_primary,unchanged,200,"""2a73fc2b7656b946311cfcc5f04073f8""","Thu, 10 Sep 2026 18:31:57 GMT",fa681487dfd865c189177b478a171178ab8e7133402342acc51f638a7bc121de,"Thu, 03 Sep 2026 15:37:43 GMT",https://sanctionslistservice.ofac.treas.gov/api/download/CONS_PRIM.CSV,https://wc2h-sls-prod-public-published.s3.us-gov-west-1.amazonaws.com/Published/12b71ad8-073b-481f-95e6-ee474a18aedd/2026-09-09/8077e100-a6c9-4d99-a7c9-1b3b3161482f/CONS_PRIM.CSV,cons_prim.csv,,3371,,,,0,0,,
2026-09-12T04:29:30Z,ofac_sdn,classic_primary,unchanged,304,"""7b8d1e512b838d3b39d0e7758e004dbe""","Thu, 10 Sep 2026 18:31:57 GMT",4da825621635b7d3c36039be0e83fdb2619200616292b5204bcffda78be9c89d,"Thu, 10 Sep 2026 18:31:55 GMT",https://sanctionslistservice.ofac.treas.gov/api/download/SDN.CSV,https://wc2h-sls-prod-public-published.s3.us-gov-west-1.amazonaws.com/Published/12b71ad8-073b-481f-95e6-ee474a18aedd/2026-09-09/8077e100-a6c9-4d99-a7c9-1b3b3161482f/SDN.CSV,sdn.csv,,89529,,,,0,0,,
2026-09-12T04:29:30Z,ofac_cons,classic_primary,unchanged,200,"""2a73fc2b7656b946311cfcc5f04073f8""","Thu, 10 Sep 2026 18:31:57 GMT",fa681487dfd865c189177b478a171178ab8e7133402342acc51f638a7bc121de,"Thu, 03 Sep 2026 15:37:43 GMT",https://sanctionslistservice.ofac.treas.gov/api/download/CONS_PRIM.CSV,https://wc2h-sls-prod-public-published.s3.us-gov-west-1.amazonaws.com/Published/12b71ad8-073b-481f-95e6-ee474a18aedd/2026-09-09/8077e100-a6c9-4d99-a7c9-1b3b3161482f/CONS_PRIM.CSV,cons_prim.csv,,3371,,,,0,0,,
2026-09-12T05:28:45Z,ofac_sdn,classic_primary,unchanged,304,"""7b8d1e512b838d3b39d0e7758e004dbe""","Thu, 10 Sep 2026 18:31:57 GMT",4da825621635b7d3c36039be0e83fdb2619200616292b5204bcffda78be9c89d,"Thu, 10 Sep 2026 18:31:55 GMT",https://sanctionslistservice.ofac.treas.gov/api/download/SDN.CSV,https://wc2h-sls-prod-public-published.s3.us-gov-west-1.amazonaws.com/Published/12b71ad8-073b-481f-95e6-ee474a18aedd/2026-09-09/8077e100-a6c9-4d99-a7c9-1b3b3161482f/SDN.CSV,sdn.csv,,89529,,,,0,0,,
2026-09-12T05:28:45Z,ofac_cons,classic_primary,unchanged,200,"""2a73fc2b7656b946311cfcc5f04073f8""","Thu, 10 Sep 2026 18:31:57 GMT",fa681487dfd865c189177b478a171178ab8e7133402342acc51f638a7bc121de,"Thu, 03 Sep 2026 15:37:43 GMT",https://sanctionslistservice.ofac.treas.gov/api/download/CONS_PRIM.CSV,https://wc2h-sls-prod-public-published.s3.us-gov-west-1.amazonaws.com/Published/12b71ad8-073b-481f-95e6-ee474a18aedd/2026-09-09/8077e100-a6c9-4d99-a7c9-1b3b3161482f/CONS_PRIM.CSV,cons_prim.csv,,3371,,,,0,0,,
2026-09-12T06:34:24Z,ofac_sdn,classic_primary,unchanged,304,"""7b8d1e512b838d3b39d0e7758e004dbe""","Thu, 10 Sep 2026 18:31:57 GMT",4da825621635b7d3c36039be0e83fdb2619200616292b5204bcffda78be9c89d,"Thu, 10 Sep 2026 18:31:55 GMT",https://sanctionslistservice.ofac.treas.gov/api/download/SDN.CSV,https://wc2h-sls-prod-public-published.s3.us-gov-west-1.amazonaws.com/Published/12b71ad8-073b-481f-95e6-ee474a18aedd/2026-09-09/8077e100-a6c9-4d99-a7c9-1b3b3161482f/SDN.CSV,sdn.csv,,89529,,,,0,0,,
2026-09-12T06:34:24Z,ofac_cons,classic_primary,unchanged,200,"""2a73fc2b7656b946311cfcc5f04073f8""","Thu, 10 Sep 2026 18:31:57 GMT",fa681487dfd865c189177b478a171178ab8e7133402342acc51f638a7bc121de,"Thu, 03 Sep 2026 15:37:43 GMT",https://sanctionslistservice.ofac.treas.gov/api/download/CONS_PRIM.CSV,https://wc2h-sls-prod-public-published.s3.us-gov-west-1.amazonaws.com/Published/12b71ad8-073b-481f-95e6-ee474a18aedd/2026-09-09/8077e100-a6c9-4d99-a7c9-1b3b3161482f/CONS_PRIM.CSV,cons_prim.csv,,3371,,,,0,0,,
2026-09-12T06:47:17Z,mof,index_page,fetched,200,"""a251-65b083d534fc0""","Wed, 09 Sep 2026 08:00:07 GMT",8f5066d28cd15fd72ab41125db454a42d4ab7c996560cd790e8ba35ee4aee953,令和8年9月10日,https://www.mof.go.jp/policy/international_policy/gaitame_kawase/gaitame/economic_sanctions/list.html,https://www.mof.go.jp/policy/international_policy/gaitame_kawase/gaitame/economic_sanctions/list.html,list.html,,,,,,0,0,,
2026-09-12T06:47:17Z,mof,list_file,unchanged,304,"""3225f7-65b083d71d440""","Wed, 09 Sep 2026 08:00:09 GMT",c46ccaf88a98ab9c4209c4032c91190fa740ac106767fe32331879d73de99d03,令和8年9月10日,https://www.mof.go.jp/policy/international_policy/gaitame_kawase/gaitame/economic_sanctions/shisantouketsu20260910.csv,https://www.mof.go.jp/policy/international_policy/gaitame_kawase/gaitame/economic_sanctions/shisantouketsu20260910.csv,shisantouketsu20260910.csv,,14743,,,,0,0,,
2026-09-12T06:47:17Z,meti,index_page,blocked,403,"W/""c3bb143a530e398af9a1c1a440f0189c""","Mon, 24 Aug 2026 07:11:49 GMT",,,https://www.meti.go.jp/policy/anpo/law09.html,https://www.meti.go.jp/policy/anpo/law09.html,,,,,,,1,0,HTTPError,403 Client Error: Forbidden for url: https://www.meti.go.jp/policy/anpo/law09.html
2026-09-12T07:27:38Z,ofac_sdn,classic_primary,unchanged,304,"""7b8d1e512b838d3b39d0e7758e004dbe""","Thu, 10 Sep 2026 18:31:57 GMT",4da825621635b7d3c36039be0e83fdb2619200616292b5204bcffda78be9c89d,"Thu, 10 Sep 2026 18:31:55 GMT",https://sanctionslistservice.ofac.treas.gov/api/download/SDN.CSV,https://wc2h-sls-prod-public-published.s3.us-gov-west-1.amazonaws.com/Published/12b71ad8-073b-481f-95e6-ee474a18aedd/2026-09-09/8077e100-a6c9-4d99-a7c9-1b3b3161482f/SDN.CSV,sdn.csv,,89529,,,,0,0,,
2026-09-12T07:27:38Z,ofac_cons,classic_primary,unchanged,200,"""2a73fc2b7656b946311cfcc5f04073f8""","Thu, 10 Sep 2026 18:31:57 GMT",fa681487dfd865c189177b478a171178ab8e7133402342acc51f638a7bc121de,"Thu, 03 Sep 2026 15:37:43 GMT",https://sanctionslistservice.ofac.treas.gov/api/download/CONS_PRIM.CSV,https://wc2h-sls-prod-public-published.s3.us-gov-west-1.amazonaws.com/Published/12b71ad8-073b-481f-95e6-ee474a18aedd/2026-09-09/8077e100-a6c9-4d99-a7c9-1b3b3161482f/CONS_PRIM.CSV,cons_prim.csv,,3371,,,,0,0,,
2026-09-12T08:29:48Z,ofac_sdn,classic_primary,unchanged,304,"""7b8d1e512b838d3b39d0e7758e004dbe""","Thu, 10 Sep 2026 18:31:57 GMT",4da825621635b7d3c36039be0e83fdb2619200616292b5204bcffda78be9c89d,"Thu, 10 Sep 2026 18:31:55 GMT",https://sanctionslistservice.ofac.treas.gov/api/download/SDN.CSV,https://wc2h-sls-prod-public-published.s3.us-gov-west-1.amazonaws.com/Published/12b71ad8-073b-481f-95e6-ee474a18aedd/2026-09-09/8077e100-a6c9-4d99-a7c9-1b3b3161482f/SDN.CSV,sdn.csv,,89529,,,,0,0,,
2026-09-12T08:29:48Z,ofac_cons,classic_primary,unchanged,200,"""2a73fc2b7656b946311cfcc5f04073f8""","Thu, 10 Sep 2026 18:31:57 GMT",fa681487dfd865c189177b478a171178ab8e7133402342acc51f638a7bc121de,"Thu, 03 Sep 2026 15:37:43 GMT",https://sanctionslistservice.ofac.treas.gov/api/download/CONS_PRIM.CSV,https://wc2h-sls-prod-public-published.s3.us-gov-west-1.amazonaws.com/Published/12b71ad8-073b-481f-95e6-ee474a18aedd/2026-09-09/8077e100-a6c9-4d99-a7c9-1b3b3161482f/CONS_PRIM.CSV,cons_prim.csv,,3371,,,,0,0,,
2026-09-12T09:28:42Z,ofac_sdn,classic_primary,unchanged,304,"""7b8d1e512b838d3b39d0e7758e004dbe""","Thu, 10 Sep 2026 18:31:57 GMT",4da825621635b7d3c36039be0e83fdb2619200616292b5204bcffda78be9c89d,"Thu, 10 Sep 2026 18:31:55 GMT",https://sanctionslistservice.ofac.treas.gov/api/download/SDN.CSV,https://wc2h-sls-prod-public-published.s3.us-gov-west-1.amazonaws.com/Published/12b71ad8-073b-481f-95e6-ee474a18aedd/2026-09-09/8077e100-a6c9-4d99-a7c9-1b3b3161482f/SDN.CSV,sdn.csv,,89529,,,,0,0,,
2026-09-12T09:28:42Z,ofac_cons,classic_primary,unchanged,200,"""2a73fc2b7656b946311cfcc5f04073f8""","Thu, 10 Sep 2026 18:31:57 GMT",fa681487dfd865c189177b478a171178ab8e7133402342acc51f638a7bc121de,"Thu, 03 Sep 2026 15:37:43 GMT",https://sanctionslistservice.ofac.treas.gov/api/download/CONS_PRIM.CSV,https://wc2h-sls-prod-public-published.s3.us-gov-west-1.amazonaws.com/Published/12b71ad8-073b-481f-95e6-ee474a18aedd/2026-09-09/8077e100-a6c9-4d99-a7c9-1b3b3161482f/CONS_PRIM.CSV,cons_prim.csv,,3371,,,,0,0,,
2026-09-12T10:28:19Z,ofac_sdn,classic_primary,unchanged,304,"""7b8d1e512b838d3b39d0e7758e004dbe""","Thu, 10 Sep 2026 18:31:57 GMT",4da825621635b7d3c36039be0e83fdb2619200616292b5204bcffda78be9c89d,"Thu, 10 Sep 2026 18:31:55 GMT",https://sanctionslistservice.ofac.treas.gov/api/download/SDN.CSV,https://wc2h-sls-prod-public-published.s3.us-gov-west-1.amazonaws.com/Published/12b71ad8-073b-481f-95e6-ee474a18aedd/2026-09-09/8077e100-a6c9-4d99-a7c9-1b3b3161482f/SDN.CSV,sdn.csv,,89529,,,,0,0,,
2026-09-12T10:28:19Z,ofac_cons,classic_primary,unchanged,200,"""2a73fc2b7656b946311cfcc5f04073f8""","Thu, 10 Sep 2026 18:31:57 GMT",fa681487dfd865c189177b478a171178ab8e7133402342acc51f638a7bc121de,"Thu, 03 Sep 2026 15:37:43 GMT",https://sanctionslistservice.ofac.treas.gov/api/download/CONS_PRIM.CSV,https://wc2h-sls-prod-public-published.s3.us-gov-west-1.amazonaws.com/Published/12b71ad8-073b-481f-95e6-ee474a18aedd/2026-09-09/8077e100-a6c9-4d99-a7c9-1b3b3161482f/CONS_PRIM.CSV,cons_prim.csv,,3371,,,,0,0,,
2026-09-12T11:27:37Z,ofac_sdn,classic_primary,unchanged,304,"""7b8d1e512b838d3b39d0e7758e004dbe""","Thu, 10 Sep 2026 18:31:57 GMT",4da825621635b7d3c36039be0e83fdb2619200616292b5204bcffda78be9c89d,"Thu, 10 Sep 2026 18:31:55 GMT",https://sanctionslistservice.ofac.treas.gov/api/download/SDN.CSV,https://wc2h-sls-prod-public-published.s3.us-gov-west-1.amazonaws.com/Published/12b71ad8-073b-481f-95e6-ee474a18aedd/2026-09-09/8077e100-a6c9-4d99-a7c9-1b3b3161482f/SDN.CSV,sdn.csv,,89529,,,,0,0,,
2026-09-12T11:27:37Z,ofac_cons,classic_primary,unchanged,200,"""2a73fc2b7656b946311cfcc5f04073f8""","Thu, 10 Sep 2026 18:31:57 GMT",fa681487dfd865c189177b478a171178ab8e7133402342acc51f638a7bc121de,"Thu, 03 Sep 2026 15:37:43 GMT",https://sanctionslistservice.ofac.treas.gov/api/download/CONS_PRIM.CSV,https://wc2h-sls-prod-public-published.s3.us-gov-west-1.amazonaws.com/Published/12b71ad8-073b-481f-95e6-ee474a18aedd/2026-09-09/8077e100-a6c9-4d99-a7c9-1b3b3161482f/CONS_PRIM.CSV,cons_prim.csv,,3371,,,,0,0,,
2026-09-12T12:46:50Z,mof,index_page,fetched,200,"""a251-65b083d534fc0""","Wed, 09 Sep 2026 08:00:07 GMT",e7c61969075501d24e288e88425ef858523d19bfdb5a7456a22ca3b8ac2a2eb1,令和8年9月10日,https://www.mof.go.jp/policy/international_policy/gaitame_kawase/gaitame/economic_sanctions/list.html,https://www.mof.go.jp/policy/international_policy/gaitame_kawase/gaitame/economic_sanctions/list.html,list.html,,,,,,0,0,,
2026-09-12T12:46:50Z,mof,list_file,unchanged,304,"""3225f7-65b083d71d440""","Wed, 09 Sep 2026 08:00:09 GMT",c46ccaf88a98ab9c4209c4032c91190fa740ac106767fe32331879d73de99d03,令和8年9月10日,https://www.mof.go.jp/policy/international_policy/gaitame_kawase/gaitame/economic_sanctions/shisantouketsu20260910.csv,https://www.mof.go.jp/policy/international_policy/gaitame_kawase/gaitame/economic_sanctions/shisantouketsu20260910.csv,shisantouketsu20260910.csv,,14743,,,,0,0,,
2026-09-12T12:46:50Z,meti,index_page,blocked,403,"W/""c3bb143a530e398af9a1c1a440f0189c""","Mon, 24 Aug 2026 07:11:49 GMT",,,https://www.meti.go.jp/policy/anpo/law09.html,https://www.meti.go.jp/policy/anpo/law09.html,,,,,,,1,0,HTTPError,403 Client Error: Forbidden for url: https://www.meti.go.jp/policy/anpo/law09.html
2026-09-12T14:29:22Z,ofac_sdn,classic_primary,unchanged,304,"""7b8d1e512b838d3b39d0e7758e004dbe""","Thu, 10 Sep 2026 18:31:57 GMT",4da825621635b7d3c36039be0e83fdb2619200616292b5204bcffda78be9c89d,"Thu, 10 Sep 2026 18:31:55 GMT",https://sanctionslistservice.ofac.treas.gov/api/download/SDN.CSV,https://wc2h-sls-prod-public-published.s3.us-gov-west-1.amazonaws.com/Published/12b71ad8-073b-481f-95e6-ee474a18aedd/2026-09-09/8077e100-a6c9-4d99-a7c9-1b3b3161482f/SDN.CSV,sdn.csv,,89529,,,,0,0,,
2026-09-12T14:29:22Z,ofac_cons,classic_primary,unchanged,200,"""2a73fc2b7656b946311cfcc5f04073f8""","Thu, 10 Sep 2026 18:31:57 GMT",fa681487dfd865c189177b478a171178ab8e7133402342acc51f638a7bc121de,"Thu, 03 Sep 2026 15:37:43 GMT",https://sanctionslistservice.ofac.treas.gov/api/download/CONS_PRIM.CSV,https://wc2h-sls-prod-public-published.s3.us-gov-west-1.amazonaws.com/Published/12b71ad8-073b-481f-95e6-ee474a18aedd/2026-09-09/8077e100-a6c9-4d99-a7c9-1b3b3161482f/CONS_PRIM.CSV,cons_prim.csv,,3371,,,,0,0,,
2026-09-12T15:28:08Z,ofac_sdn,classic_primary,unchanged,304,"""7b8d1e512b838d3b39d0e7758e004dbe""","Thu, 10 Sep 2026 18:31:57 GMT",4da825621635b7d3c36039be0e83fdb2619200616292b5204bcffda78be9c89d,"Thu, 10 Sep 2026 18:31:55 GMT",https://sanctionslistservice.ofac.treas.gov/api/download/SDN.CSV,https://wc2h-sls-prod-public-published.s3.us-gov-west-1.amazonaws.com/Published/12b71ad8-073b-481f-95e6-ee474a18aedd/2026-09-09/8077e100-a6c9-4d99-a7c9-1b3b3161482f/SDN.CSV,sdn.csv,,89529,,,,0,0,,
2026-09-12T15:28:08Z,ofac_cons,classic_primary,unchanged,200,"""2a73fc2b7656b946311cfcc5f04073f8""","Thu, 10 Sep 2026 18:31:57 GMT",fa681487dfd865c189177b478a171178ab8e7133402342acc51f638a7bc121de,"Thu, 03 Sep 2026 15:37:43 GMT",https://sanctionslistservice.ofac.treas.gov/api/download/CONS_PRIM.CSV,https://wc2h-sls-prod-public-published.s3.us-gov-west-1.amazonaws.com/Published/12b71ad8-073b-481f-95e6-ee474a18aedd/2026-09-09/8077e100-a6c9-4d99-a7c9-1b3b3161482f/CONS_PRIM.CSV,cons_prim.csv,,3371,,,,0,0,,
2026-09-12T15:34:08Z,ofac_sdn,classic_primary,unchanged,304,"""7b8d1e512b838d3b39d0e7758e004dbe""","Thu, 10 Sep 2026 18:31:57 GMT",4da825621635b7d3c36039be0e83fdb2619200616292b5204bcffda78be9c89d,"Thu, 10 Sep 2026 18:31:55 GMT",https://sanctionslistservice.ofac.treas.gov/api/download/SDN.CSV,https://wc2h-sls-prod-public-published.s3.us-gov-west-1.amazonaws.com/Published/12b71ad8-073b-481f-95e6-ee474a18aedd/2026-09-09/8077e100-a6c9-4d99-a7c9-1b3b3161482f/SDN.CSV,sdn.csv,,89529,,,,0,0,,
2026-09-12T15:34:08Z,ofac_cons,classic_primary,unchanged,200,"""2a73fc2b7656b946311cfcc5f04073f8""","Thu, 10 Sep 2026 18:31:57 GMT",fa681487dfd865c189177b478a171178ab8e7133402342acc51f638a7bc121de,"Thu, 03 Sep 2026 15:37:43 GMT",https://sanctionslistservice.ofac.treas.gov/api/download/CONS_PRIM.CSV,https://wc2h-sls-prod-public-published.s3.us-gov-west-1.amazonaws.com/Published/12b71ad8-073b-481f-95e6-ee474a18aedd/2026-09-09/8077e100-a6c9-4d99-a7c9-1b3b3161482f/CONS_PRIM.CSV,cons_prim.csv,,3371,,,,0,0,,
2026-09-12T15:52:52Z,ofac_sdn,classic_primary,unchanged,304,"""7b8d1e512b838d3b39d0e7758e004dbe""","Thu, 10 Sep 2026 18:31:57 GMT",4da825621635b7d3c36039be0e83fdb2619200616292b5204bcffda78be9c89d,"Thu, 10 Sep 2026 18:31:55 GMT",https://sanctionslistservice.ofac.treas.gov/api/download/SDN.CSV,https://wc2h-sls-prod-public-published.s3.us-gov-west-1.amazonaws.com/Published/12b71ad8-073b-481f-95e6-ee474a18aedd/2026-09-09/8077e100-a6c9-4d99-a7c9-1b3b3161482f/SDN.CSV,sdn.csv,,89529,,,,0,0,,
2026-09-12T15:52:52Z,ofac_cons,classic_primary,unchanged,200,"""2a73fc2b7656b946311cfcc5f04073f8""","Thu, 10 Sep 2026 18:31:57 GMT",fa681487dfd865c189177b478a171178ab8e7133402342acc51f638a7bc121de,"Thu, 03 Sep 2026 15:37:43 GMT",https://sanctionslistservice.ofac.treas.gov/api/download/CONS_PRIM.CSV,https://wc2h-sls-prod-public-published.s3.us-gov-west-1.amazonaws.com/Published/12b71ad8-073b-481f-95e6-ee474a18aedd/2026-09-09/8077e100-a6c9-4d99-a7c9-1b3b3161482f/CONS_PRIM.CSV,cons_prim.csv,,3371,,,,0,0,,
2026-09-12T16:29:12Z,ofac_sdn,classic_primary,unchanged,304,"""7b8d1e512b838d3b39d0e7758e004dbe""","Thu, 10 Sep 2026 18:31:57 GMT",4da825621635b7d3c36039be0e83fdb2619200616292b5204bcffda78be9c89d,"Thu, 10 Sep 2026 18:31:55 GMT",https://sanctionslistservice.ofac.treas.gov/api/download/SDN.CSV,https://wc2h-sls-prod-public-published.s3.us-gov-west-1.amazonaws.com/Published/12b71ad8-073b-481f-95e6-ee474a18aedd/2026-09-09/8077e100-a6c9-4d99-a7c9-1b3b3161482f/SDN.CSV,sdn.csv,,89529,,,,0,0,,
2026-09-12T16:29:12Z,ofac_cons,classic_primary,unchanged,200,"""2a73fc2b7656b946311cfcc5f04073f8""","Thu, 10 Sep 2026 18:31:57 GMT",fa681487dfd865c189177b478a171178ab8e7133402342acc51f638a7bc121de,"Thu, 03 Sep 2026 15:37:43 GMT",https://sanctionslistservice.ofac.treas.gov/api/download/CONS_PRIM.CSV,https://wc2h-sls-prod-public-published.s3.us-gov-west-1.amazonaws.com/Published/12b71ad8-073b-481f-95e6-ee474a18aedd/2026-09-09/8077e100-a6c9-4d99-a7c9-1b3b3161482f/CONS_PRIM.CSV,cons_prim.csv,,3371,,,,0,0,,
2026-09-12T17:27:35Z,ofac_sdn,classic_primary,unchanged,304,"""7b8d1e512b838d3b39d0e7758e004dbe""","Thu, 10 Sep 2026 18:31:57 GMT",4da825621635b7d3c36039be0e83fdb2619200616292b5204bcffda78be9c89d,"Thu, 10 Sep 2026 18:31:55 GMT",https://sanctionslistservice.ofac.treas.gov/api/download/SDN.CSV,https://wc2h-sls-prod-public-published.s3.us-gov-west-1.amazonaws.com/Published/12b71ad8-073b-481f-95e6-ee474a18aedd/2026-09-09/8077e100-a6c9-4d99-a7c9-1b3b3161482f/SDN.CSV,sdn.csv,,89529,,,,0,0,,
2026-09-12T17:27:35Z,ofac_cons,classic_primary,unchanged,200,"""2a73fc2b7656b946311cfcc5f04073f8""","Thu, 10 Sep 2026 18:31:57 GMT",fa681487dfd865c189177b478a171178ab8e7133402342acc51f638a7bc121de,"Thu, 03 Sep 2026 15:37:43 GMT",https://sanctionslistservice.ofac.treas.gov/api/download/CONS_PRIM.CSV,https://wc2h-sls-prod-public-published.s3.us-gov-west-1.amazonaws.com/Published/12b71ad8-073b-481f-95e6-ee474a18aedd/2026-09-09/8077e100-a6c9-4d99-a7c9-1b3b3161482f/CONS_PRIM.CSV,cons_prim.csv,,3371,,,,0,0,,
2026-09-12T17:29:46Z,ofac_sdn,classic_primary,unchanged,304,"""7b8d1e512b838d3b39d0e7758e004dbe""","Thu, 10 Sep 2026 18:31:57 GMT",4da825621635b7d3c36039be0e83fdb2619200616292b5204bcffda78be9c89d,"Thu, 10 Sep 2026 18:31:55 GMT",https://sanctionslistservice.ofac.treas.gov/api/download/SDN.CSV,https://wc2h-sls-prod-public-published.s3.us-gov-west-1.amazonaws.com/Published/12b71ad8-073b-481f-95e6-ee474a18aedd/2026-09-09/8077e100-a6c9-4d99-a7c9-1b3b3161482f/SDN.CSV,sdn.csv,,89529,,,,0,0,,
2026-09-12T17:29:46Z,ofac_cons,classic_primary,unchanged,200,"""2a73fc2b7656b946311cfcc5f04073f8""","Thu, 10 Sep 2026 18:31:57 GMT",fa681487dfd865c189177b478a171178ab8e7133402342acc51f638a7bc121de,"Thu, 03 Sep 2026 15:37:43 GMT",https://sanctionslistservice.ofac.treas.gov/api/download/CONS_PRIM.CSV,https://wc2h-sls-prod-public-published.s3.us-gov-west-1.amazonaws.com/Published/12b71ad8-073b-481f-95e6-ee474a18aedd/2026-09-09/8077e100-a6c9-4d99-a7c9-1b3b3161482f/CONS_PRIM.CSV,cons_prim.csv,,3371,,,,0,0,,
2026-09-12T18:30:24Z,ofac_sdn,classic_primary,unchanged,304,"""7b8d1e512b838d3b39d0e7758e004dbe""","Thu, 10 Sep 2026 18:31:57 GMT",4da825621635b7d3c36039be0e83fdb2619200616292b5204bcffda78be9c89d,"Thu, 10 Sep 2026 18:31:55 GMT",https://sanctionslistservice.ofac.treas.gov/api/download/SDN.CSV,https://wc2h-sls-prod-public-published.s3.us-gov-west-1.amazonaws.com/Published/12b71ad8-073b-481f-95e6-ee474a18aedd/2026-09-09/8077e100-a6c9-4d99-a7c9-1b3b3161482f/SDN.CSV,sdn.csv,,89529,,,,0,0,,
2026-09-12T18:30:24Z,ofac_cons,classic_primary,unchanged,200,"""2a73fc2b7656b946311cfcc5f04073f8""","Thu, 10 Sep 2026 18:31:57 GMT",fa681487dfd865c189177b478a171178ab8e7133402342acc51f638a7bc121de,"Thu, 03 Sep 2026 15:37:43 GMT",https://sanctionslistservice.ofac.treas.gov/api/download/CONS_PRIM.CSV,https://wc2h-sls-prod-public-published.s3.us-gov-west-1.amazonaws.com/Published/12b71ad8-073b-481f-95e6-ee474a18aedd/2026-09-09/8077e100-a6c9-4d99-a7c9-1b3b3161482f/CONS_PRIM.CSV,cons_prim.csv,,3371,,,,0,0,,
2026-09-12T18:44:12Z,mof,index_page,fetched,200,"""a251-65b083d534fc0""","Wed, 09 Sep 2026 08:00:07 GMT",e2a7e5b2663bd3898634577b15c24a34974b672ee50f72076b3ed0d0101ead25,令和8年9月10日,https://www.mof.go.jp/policy/international_policy/gaitame_kawase/gaitame/economic_sanctions/list.html,https://www.mof.go.jp/policy/international_policy/gaitame_kawase/gaitame/economic_sanctions/list.html,list.html,,,,,,0,0,,
2026-09-12T18:44:12Z,mof,list_file,unchanged,304,"""3225f7-65b083d71d440""","Wed, 09 Sep 2026 08:00:09 GMT",c46ccaf88a98ab9c4209c4032c91190fa740ac106767fe32331879d73de99d03,令和8年9月10日,https://www.mof.go.jp/policy/international_policy/gaitame_kawase/gaitame/economic_sanctions/shisantouketsu20260910.csv,https://www.mof.go.jp/policy/international_policy/gaitame_kawase/gaitame/economic_sanctions/shisantouketsu20260910.csv,shisantouketsu20260910.csv,,14743,,,,0,0,,
2026-09-12T18:44:12Z,meti,index_page,blocked,403,"W/""c3bb143a530e398af9a1c1a440f0189c""","Mon, 24 Aug 2026 07:11:49 GMT",,,https://www.meti.go.jp/policy/anpo/law09.html,https://www.meti.go.jp/policy/anpo/law09.html,,,,,,,1,0,HTTPError,403 Client Error: Forbidden for url: https://www.meti.go.jp/policy/anpo/law09.html
2026-09-12T19:27:05Z,ofac_sdn,classic_primary,unchanged,304,"""7b8d1e512b838d3b39d0e7758e004dbe""","Thu, 10 Sep 2026 18:31:57 GMT",4da825621635b7d3c36039be0e83fdb2619200616292b5204bcffda78be9c89d,"Thu, 10 Sep 2026 18:31:55 GMT",https://sanctionslistservice.ofac.treas.gov/api/download/SDN.CSV,https://wc2h-sls-prod-public-published.s3.us-gov-west-1.amazonaws.com/Published/12b71ad8-073b-481f-95e6-ee474a18aedd/2026-09-09/8077e100-a6c9-4d99-a7c9-1b3b3161482f/SDN.CSV,sdn.csv,,89529,,,,0,0,,
2026-09-12T19:27:05Z,ofac_cons,classic_primary,unchanged,200,"""2a73fc2b7656b946311cfcc5f04073f8""","Thu, 10 Sep 2026 18:31:57 GMT",fa681487dfd865c189177b478a171178ab8e7133402342acc51f638a7bc121de,"Thu, 03 Sep 2026 15:37:43 GMT",https://sanctionslistservice.ofac.treas.gov/api/download/CONS_PRIM.CSV,https://wc2h-sls-prod-public-published.s3.us-gov-west-1.amazonaws.com/Published/12b71ad8-073b-481f-95e6-ee474a18aedd/2026-09-09/8077e100-a6c9-4d99-a7c9-1b3b3161482f/CONS_PRIM.CSV,cons_prim.csv,,3371,,,,0,0,,
2026-09-12T20:31:00Z,ofac_sdn,classic_primary,unchanged,304,"""7b8d1e512b838d3b39d0e7758e004dbe""","Thu, 10 Sep 2026 18:31:57 GMT",4da825621635b7d3c36039be0e83fdb2619200616292b5204bcffda78be9c89d,"Thu, 10 Sep 2026 18:31:55 GMT",https://sanctionslistservice.ofac.treas.gov/api/download/SDN.CSV,https://wc2h-sls-prod-public-published.s3.us-gov-west-1.amazonaws.com/Published/12b71ad8-073b-481f-95e6-ee474a18aedd/2026-09-09/8077e100-a6c9-4d99-a7c9-1b3b3161482f/SDN.CSV,sdn.csv,,89529,,,,0,0,,
2026-09-12T20:31:00Z,ofac_cons,classic_primary,unchanged,200,"""2a73fc2b7656b946311cfcc5f04073f8""","Thu, 10 Sep 2026 18:31:57 GMT",fa681487dfd865c189177b478a171178ab8e7133402342acc51f638a7bc121de,"Thu, 03 Sep 2026 15:37:43 GMT",https://sanctionslistservice.ofac.treas.gov/api/download/CONS_PRIM.CSV,https://wc2h-sls-prod-public-published.s3.us-gov-west-1.amazonaws.com/Published/12b71ad8-073b-481f-95e6-ee474a18aedd/2026-09-09/8077e100-a6c9-4d99-a7c9-1b3b3161482f/CONS_PRIM.CSV,cons_prim.csv,,3371,,,,0,0,,
2026-09-12T21:28:31Z,ofac_sdn,classic_primary,unchanged,304,"""7b8d1e512b838d3b39d0e7758e004dbe""","Thu, 10 Sep 2026 18:31:57 GMT",4da825621635b7d3c36039be0e83fdb2619200616292b5204bcffda78be9c89d,"Thu, 10 Sep 2026 18:31:55 GMT",https://sanctionslistservice.ofac.treas.gov/api/download/SDN.CSV,https://wc2h-sls-prod-public-published.s3.us-gov-west-1.amazonaws.com/Published/12b71ad8-073b-481f-95e6-ee474a18aedd/2026-09-09/8077e100-a6c9-4d99-a7c9-1b3b3161482f/SDN.CSV,sdn.csv,,89529,,,,0,0,,
2026-09-12T21:28:31Z,ofac_cons,classic_primary,unchanged,200,"""2a73fc2b7656b946311cfcc5f04073f8""","Thu, 10 Sep 2026 18:31:57 GMT",fa681487dfd865c189177b478a171178ab8e7133402342acc51f638a7bc121de,"Thu, 03 Sep 2026 15:37:43 GMT",https://sanctionslistservice.ofac.treas.gov/api/download/CONS_PRIM.CSV,https://wc2h-sls-prod-public-published.s3.us-gov-west-1.amazonaws.com/Published/12b71ad8-073b-481f-95e6-ee474a18aedd/2026-09-09/8077e100-a6c9-4d99-a7c9-1b3b3161482f/CONS_PRIM.CSV,cons_prim.csv,,3371,,,,0,0,,
2026-09-12T22:28:19Z,ofac_sdn,classic_primary,unchanged,304,"""7b8d1e512b838d3b39d0e7758e004dbe""","Thu, 10 Sep 2026 18:31:57 GMT",4da825621635b7d3c36039be0e83fdb2619200616292b5204bcffda78be9c89d,"Thu, 10 Sep 2026 18:31:55 GMT",https://sanctionslistservice.ofac.treas.gov/api/download/SDN.CSV,https://wc2h-sls-prod-public-published.s3.us-gov-west-1.amazonaws.com/Published/12b71ad8-073b-481f-95e6-ee474a18aedd/2026-09-09/8077e100-a6c9-4d99-a7c9-1b3b3161482f/SDN.CSV,sdn.csv,,89529,,,,0,0,,
2026-09-12T22:28:19Z,ofac_cons,classic_primary,unchanged,200,"""2a73fc2b7656b946311cfcc5f04073f8""","Thu, 10 Sep 2026 18:31:57 GMT",fa681487dfd865c189177b478a171178ab8e7133402342acc51f638a7bc121de,"Thu, 03 Sep 2026 15:37:43 GMT",https://sanctionslistservice.ofac.treas.gov/api/download/CONS_PRIM.CSV,https://wc2h-sls-prod-public-published.s3.us-gov-west-1.amazonaws.com/Published/12b71ad8-073b-481f-95e6-ee474a18aedd/2026-09-09/8077e100-a6c9-4d99-a7c9-1b3b3161482f/CONS_PRIM.CSV,cons_prim.csv,,3371,,,,0,0,,
2026-09-12T23:27:37Z,ofac_sdn,classic_primary,unchanged,304,"""7b8d1e512b838d3b39d0e7758e004dbe""","Thu, 10 Sep 2026 18:31:57 GMT",4da825621635b7d3c36039be0e83fdb2619200616292b5204bcffda78be9c89d,"Thu, 10 Sep 2026 18:31:55 GMT",https://sanctionslistservice.ofac.treas.gov/api/download/SDN.CSV,https://wc2h-sls-prod-public-published.s3.us-gov-west-1.amazonaws.com/Published/12b71ad8-073b-481f-95e6-ee474a18aedd/2026-09-09/8077e100-a6c9-4d99-a7c9-1b3b3161482f/SDN.CSV,sdn.csv,,89529,,,,0,0,,
2026-09-12T23:27:37Z,ofac_cons,classic_primary,unchanged,200,"""2a73fc2b7656b946311cfcc5f04073f8""","Thu, 10 Sep 2026 18:31:57 GMT",fa681487dfd865c189177b478a171178ab8e7133402342acc51f638a7bc121de,"Thu, 03 Sep 2026 15:37:43 GMT",https://sanctionslistservice.ofac.treas.gov/api/download/CONS_PRIM.CSV,https://wc2h-sls-prod-public-published.s3.us-gov-west-1.amazonaws.com/Published/12b71ad8-073b-481f-95e6-ee474a18aedd/2026-09-09/8077e100-a6c9-4d99-a7c9-1b3b3161482f/CONS_PRIM.CSV,cons_prim.csv,,3371,,,,0,0,,
2026-09-13T00:38:04Z,ofac_sdn,classic_primary,unchanged,304,"""7b8d1e512b838d3b39d0e7758e004dbe""","Thu, 10 Sep 2026 18:31:57 GMT",4da825621635b7d3c36039be0e83fdb2619200616292b5204bcffda78be9c89d,"Thu, 10 Sep 2026 18:31:55 GMT",https://sanctionslistservice.ofac.treas.gov/api/download/SDN.CSV,https://wc2h-sls-prod-public-published.s3.us-gov-west-1.amazonaws.com/Published/12b71ad8-073b-481f-95e6-ee474a18aedd/2026-09-09/8077e100-a6c9-4d99-a7c9-1b3b3161482f/SDN.CSV,sdn.csv,,89529,,,,0,0,,
2026-09-13T00:38:04Z,ofac_cons,classic_primary,unchanged,200,"""2a73fc2b7656b946311cfcc5f04073f8""","Thu, 10 Sep 2026 18:31:57 GMT",fa681487dfd865c189177b478a171178ab8e7133402342acc51f638a7bc121de,"Thu, 03 Sep 2026 15:37:43 GMT",https://sanctionslistservice.ofac.treas.gov/api/download/CONS_PRIM.CSV,https://wc2h-sls-prod-public-published.s3.us-gov-west-1.amazonaws.com/Published/12b71ad8-073b-481f-95e6-ee474a18aedd/2026-09-09/8077e100-a6c9-4d99-a7c9-1b3b3161482f/CONS_PRIM.CSV,cons_prim.csv,,3371,,,,0,0,,
2026-09-13T00:48:44Z,mof,index_page,fetched,200,"""a251-65b083d534fc0""","Wed, 09 Sep 2026 08:00:07 GMT",14c41dd412402124433860c8d2e666678ba7eca3860773e004a1388157cab288,令和8年9月10日,https://www.mof.go.jp/policy/international_policy/gaitame_kawase/gaitame/economic_sanctions/list.html,https://www.mof.go.jp/policy/international_policy/gaitame_kawase/gaitame/economic_sanctions/list.html,list.html,,,,,,0,0,,
2026-09-13T00:48:44Z,mof,list_file,unchanged,304,"""3225f7-65b083d71d440""","Wed, 09 Sep 2026 08:00:09 GMT",c46ccaf88a98ab9c4209c4032c91190fa740ac106767fe32331879d73de99d03,令和8年9月10日,https://www.mof.go.jp/policy/international_policy/gaitame_kawase/gaitame/economic_sanctions/shisantouketsu20260910.csv,https://www.mof.go.jp/policy/international_policy/gaitame_kawase/gaitame/economic_sanctions/shisantouketsu20260910.csv,shisantouketsu20260910.csv,,14743,,,,0,0,,
2026-09-13T00:48:44Z,meti,index_page,blocked,403,"W/""c3bb143a530e398af9a1c1a440f0189c""","Mon, 24 Aug 2026 07:11:49 GMT",,,https://www.meti.go.jp/policy/anpo/law09.html,https://www.meti.go.jp/policy/anpo/law09.html,,,,,,,1,0,HTTPError,403 Client Error: Forbidden for url: https://www.meti.go.jp/policy/anpo/law09.html
2026-09-13T01:29:17Z,ofac_sdn,classic_primary,unchanged,304,"""7b8d1e512b838d3b39d0e7758e004dbe""","Thu, 10 Sep 2026 18:31:57 GMT",4da825621635b7d3c36039be0e83fdb2619200616292b5204bcffda78be9c89d,"Thu, 10 Sep 2026 18:31:55 GMT",https://sanctionslistservice.ofac.treas.gov/api/download/SDN.CSV,https://wc2h-sls-prod-public-published.s3.us-gov-west-1.amazonaws.com/Published/12b71ad8-073b-481f-95e6-ee474a18aedd/2026-09-09/8077e100-a6c9-4d99-a7c9-1b3b3161482f/SDN.CSV,sdn.csv,,89529,,,,0,0,,
2026-09-13T01:29:17Z,ofac_cons,classic_primary,unchanged,200,"""2a73fc2b7656b946311cfcc5f04073f8""","Thu, 10 Sep 2026 18:31:57 GMT",fa681487dfd865c189177b478a171178ab8e7133402342acc51f638a7bc121de,"Thu, 03 Sep 2026 15:37:43 GMT",https://sanctionslistservice.ofac.treas.gov/api/download/CONS_PRIM.CSV,https://wc2h-sls-prod-public-published.s3.us-gov-west-1.amazonaws.com/Published/12b71ad8-073b-481f-95e6-ee474a18aedd/2026-09-09/8077e100-a6c9-4d99-a7c9-1b3b3161482f/CONS_PRIM.CSV,cons_prim.csv,,3371,,,,0,0,,
2026-09-13T02:29:47Z,ofac_sdn,classic_primary,unchanged,304,"""7b8d1e512b838d3b39d0e7758e004dbe""","Thu, 10 Sep 2026 18:31:57 GMT",4da825621635b7d3c36039be0e83fdb2619200616292b5204bcffda78be9c89d,"Thu, 10 Sep 2026 18:31:55 GMT",https://sanctionslistservice.ofac.treas.gov/api/download/SDN.CSV,https://wc2h-sls-prod-public-published.s3.us-gov-west-1.amazonaws.com/Published/12b71ad8-073b-481f-95e6-ee474a18aedd/2026-09-09/8077e100-a6c9-4d99-a7c9-1b3b3161482f/SDN.CSV,sdn.csv,,89529,,,,0,0,,
2026-09-13T02:29:47Z,ofac_cons,classic_primary,unchanged,200,"""2a73fc2b7656b946311cfcc5f04073f8""","Thu, 10 Sep 2026 18:31:57 GMT",fa681487dfd865c189177b478a171178ab8e7133402342acc51f638a7bc121de,"Thu, 03 Sep 2026 15:37:43 GMT",https://sanctionslistservice.ofac.treas.gov/api/download/CONS_PRIM.CSV,https://wc2h-sls-prod-public-published.s3.us-gov-west-1.amazonaws.com/Published/12b71ad8-073b-481f-95e6-ee474a18aedd/2026-09-09/8077e100-a6c9-4d99-a7c9-1b3b3161482f/CONS_PRIM.CSV,cons_prim.csv,,3371,,,,0,0,,
2026-09-13T03:30:19Z,ofac_sdn,classic_primary,unchanged,304,"""7b8d1e512b838d3b39d0e7758e004dbe""","Thu, 10 Sep 2026 18:31:57 GMT",4da825621635b7d3c36039be0e83fdb2619200616292b5204bcffda78be9c89d,"Thu, 10 Sep 2026 18:31:55 GMT",https://sanctionslistservice.ofac.treas.gov/api/download/SDN.CSV,https://wc2h-sls-prod-public-published.s3.us-gov-west-1.amazonaws.com/Published/12b71ad8-073b-481f-95e6-ee474a18aedd/2026-09-09/8077e100-a6c9-4d99-a7c9-1b3b3161482f/SDN.CSV,sdn.csv,,89529,,,,0,0,,
2026-09-13T03:30:19Z,ofac_cons,classic_primary,unchanged,200,"""2a73fc2b7656b946311cfcc5f04073f8""","Thu, 10 Sep 2026 18:31:57 GMT",fa681487dfd865c189177b478a171178ab8e7133402342acc51f638a7bc121de,"Thu, 03 Sep 2026 15:37:43 GMT",https://sanctionslistservice.ofac.treas.gov/api/download/CONS_PRIM.CSV,https://wc2h-sls-prod-public-published.s3.us-gov-west-1.amazonaws.com/Published/12b71ad8-073b-481f-95e6-ee474a18aedd/2026-09-09/8077e100-a6c9-4d99-a7c9-1b3b3161482f/CONS_PRIM.CSV,cons_prim.csv,,3371,,,,0,0,,
2026-09-13T04:30:06Z,ofac_sdn,classic_primary,unchanged,304,"""7b8d1e512b838d3b39d0e7758e004dbe""","Thu, 10 Sep 2026 18:31:57 GMT",4da825621635b7d3c36039be0e83fdb2619200616292b5204bcffda78be9c89d,"Thu, 10 Sep 2026 18:31:55 GMT",https://sanctionslistservice.ofac.treas.gov/api/download/SDN.CSV,https://wc2h-sls-prod-public-published.s3.us-gov-west-1.amazonaws.com/Published/12b71ad8-073b-481f-95e6-ee474a18aedd/2026-09-09/8077e100-a6c9-4d99-a7c9-1b3b3161482f/SDN.CSV,sdn.csv,,89529,,,,0,0,,
2026-09-13T04:30:06Z,ofac_cons,classic_primary,unchanged,200,"""2a73fc2b7656b946311cfcc5f04073f8""","Thu, 10 Sep 2026 18:31:57 GMT",fa681487dfd865c189177b478a171178ab8e7133402342acc51f638a7bc121de,"Thu, 03 Sep 2026 15:37:43 GMT",https://sanctionslistservice.ofac.treas.gov/api/download/CONS_PRIM.CSV,https://wc2h-sls-prod-public-published.s3.us-gov-west-1.amazonaws.com/Published/12b71ad8-073b-481f-95e6-ee474a18aedd/2026-09-09/8077e100-a6c9-4d99-a7c9-1b3b3161482f/CONS_PRIM.CSV,cons_prim.csv,,3371,,,,0,0,,
2026-09-13T05:28:29Z,ofac_sdn,classic_primary,unchanged,304,"""7b8d1e512b838d3b39d0e7758e004dbe""","Thu, 10 Sep 2026 18:31:57 GMT",4da825621635b7d3c36039be0e83fdb2619200616292b5204bcffda78be9c89d,"Thu, 10 Sep 2026 18:31:55 GMT",https://sanctionslistservice.ofac.treas.gov/api/download/SDN.CSV,https://wc2h-sls-prod-public-published.s3.us-gov-west-1.amazonaws.com/Published/12b71ad8-073b-481f-95e6-ee474a18aedd/2026-09-09/8077e100-a6c9-4d99-a7c9-1b3b3161482f/SDN.CSV,sdn.csv,,89529,,,,0,0,,
2026-09-13T05:28:29Z,ofac_cons,classic_primary,unchanged,200,"""2a73fc2b7656b946311cfcc5f04073f8""","Thu, 10 Sep 2026 18:31:57 GMT",fa681487dfd865c189177b478a171178ab8e7133402342acc51f638a7bc121de,"Thu, 03 Sep 2026 15:37:43 GMT",https://sanctionslistservice.ofac.treas.gov/api/download/CONS_PRIM.CSV,https://wc2h-sls-prod-public-published.s3.us-gov-west-1.amazonaws.com/Published/12b71ad8-073b-481f-95e6-ee474a18aedd/2026-09-09/8077e100-a6c9-4d99-a7c9-1b3b3161482f/CONS_PRIM.CSV,cons_prim.csv,,3371,,,,0,0,,
2026-09-13T06:38:21Z,ofac_sdn,classic_primary,unchanged,304,"""7b8d1e512b838d3b39d0e7758e004dbe""","Thu, 10 Sep 2026 18:31:57 GMT",4da825621635b7d3c36039be0e83fdb2619200616292b5204bcffda78be9c89d,"Thu, 10 Sep 2026 18:31:55 GMT",https://sanctionslistservice.ofac.treas.gov/api/download/SDN.CSV,https://wc2h-sls-prod-public-published.s3.us-gov-west-1.amazonaws.com/Published/12b71ad8-073b-481f-95e6-ee474a18aedd/2026-09-09/8077e100-a6c9-4d99-a7c9-1b3b3161482f/SDN.CSV,sdn.csv,,89529,,,,0,0,,
2026-09-13T06:38:21Z,ofac_cons,classic_primary,unchanged,200,"""2a73fc2b7656b946311cfcc5f04073f8""","Thu, 10 Sep 2026 18:31:57 GMT",fa681487dfd865c189177b478a171178ab8e7133402342acc51f638a7bc121de,"Thu, 03 Sep 2026 15:37:43 GMT",https://sanctionslistservice.ofac.treas.gov/api/download/CONS_PRIM.CSV,https://wc2h-sls-prod-public-published.s3.us-gov-west-1.amazonaws.com/Published/12b71ad8-073b-481f-95e6-ee474a18aedd/2026-09-09/8077e100-a6c9-4d99-a7c9-1b3b3161482f/CONS_PRIM.CSV,cons_prim.csv,,3371,,,,0,0,,
2026-09-13T06:49:14Z,mof,index_page,fetched,200,"""a251-65b083d534fc0""","Wed, 09 Sep 2026 08:00:07 GMT",0f81d24a3b6ba9cae6f29c13c1581042048828ef867edd20b2b09d43690e4d47,令和8年9月10日,https://www.mof.go.jp/policy/international_policy/gaitame_kawase/gaitame/economic_sanctions/list.html,https://www.mof.go.jp/policy/international_policy/gaitame_kawase/gaitame/economic_sanctions/list.html,list.html,,,,,,0,0,,
2026-09-13T06:49:14Z,mof,list_file,unchanged,304,"""3225f7-65b083d71d440""","Wed, 09 Sep 2026 08:00:09 GMT",c46ccaf88a98ab9c4209c4032c91190fa740ac106767fe32331879d73de99d03,令和8年9月10日,https://www.mof.go.jp/policy/international_policy/gaitame_kawase/gaitame/economic_sanctions/shisantouketsu20260910.csv,https://www.mof.go.jp/policy/international_policy/gaitame_kawase/gaitame/economic_sanctions/shisantouketsu20260910.csv,shisantouketsu20260910.csv,,14743,,,,0,0,,
2026-09-13T06:49:14Z,meti,index_page,blocked,403,"W/""c3bb143a530e398af9a1c1a440f0189c""","Mon, 24 Aug 2026 07:11:49 GMT",,,https://www.meti.go.jp/policy/anpo/law09.html,https://www.meti.go.jp/policy/anpo/law09.html,,,,,,,1,0,HTTPError,403 Client Error: Forbidden for url: https://www.meti.go.jp/policy/anpo/law09.html
2026-09-13T07:28:19Z,ofac_sdn,classic_primary,unchanged,304,"""7b8d1e512b838d3b39d0e7758e004dbe""","Thu, 10 Sep 2026 18:31:57 GMT",4da825621635b7d3c36039be0e83fdb2619200616292b5204bcffda78be9c89d,"Thu, 10 Sep 2026 18:31:55 GMT",https://sanctionslistservice.ofac.treas.gov/api/download/SDN.CSV,https://wc2h-sls-prod-public-published.s3.us-gov-west-1.amazonaws.com/Published/12b71ad8-073b-481f-95e6-ee474a18aedd/2026-09-09/8077e100-a6c9-4d99-a7c9-1b3b3161482f/SDN.CSV,sdn.csv,,89529,,,,0,0,,
2026-09-13T07:28:19Z,ofac_cons,classic_primary,unchanged,200,"""2a73fc2b7656b946311cfcc5f04073f8""","Thu, 10 Sep 2026 18:31:57 GMT",fa681487dfd865c189177b478a171178ab8e7133402342acc51f638a7bc121de,"Thu, 03 Sep 2026 15:37:43 GMT",https://sanctionslistservice.ofac.treas.gov/api/download/CONS_PRIM.CSV,https://wc2h-sls-prod-public-published.s3.us-gov-west-1.amazonaws.com/Published/12b71ad8-073b-481f-95e6-ee474a18aedd/2026-09-09/8077e100-a6c9-4d99-a7c9-1b3b3161482f/CONS_PRIM.CSV,cons_prim.csv,,3371,,,,0,0,,
2026-09-13T08:30:24Z,ofac_sdn,classic_primary,unchanged,304,"""7b8d1e512b838d3b39d0e7758e004dbe""","Thu, 10 Sep 2026 18:31:57 GMT",4da825621635b7d3c36039be0e83fdb2619200616292b5204bcffda78be9c89d,"Thu, 10 Sep 2026 18:31:55 GMT",https://sanctionslistservice.ofac.treas.gov/api/download/SDN.CSV,https://wc2h-sls-prod-public-published.s3.us-gov-west-1.amazonaws.com/Published/12b71ad8-073b-481f-95e6-ee474a18aedd/2026-09-09/8077e100-a6c9-4d99-a7c9-1b3b3161482f/SDN.CSV,sdn.csv,,89529,,,,0,0,,
2026-09-13T08:30:24Z,ofac_cons,classic_primary,unchanged,200,"""2a73fc2b7656b946311cfcc5f04073f8""","Thu, 10 Sep 2026 18:31:57 GMT",fa681487dfd865c189177b478a171178ab8e7133402342acc51f638a7bc121de,"Thu, 03 Sep 2026 15:37:43 GMT",https://sanctionslistservice.ofac.treas.gov/api/download/CONS_PRIM.CSV,https://wc2h-sls-prod-public-published.s3.us-gov-west-1.amazonaws.com/Published/12b71ad8-073b-481f-95e6-ee474a18aedd/2026-09-09/8077e100-a6c9-4d99-a7c9-1b3b3161482f/CONS_PRIM.CSV,cons_prim.csv,,3371,,,,0,0,,
2026-09-13T09:55:28Z,ofac_sdn,classic_primary,unchanged,304,"""7b8d1e512b838d3b39d0e7758e004dbe""","Thu, 10 Sep 2026 18:31:57 GMT",4da825621635b7d3c36039be0e83fdb2619200616292b5204bcffda78be9c89d,"Thu, 10 Sep 2026 18:31:55 GMT",https://sanctionslistservice.ofac.treas.gov/api/download/SDN.CSV,https://wc2h-sls-prod-public-published.s3.us-gov-west-1.amazonaws.com/Published/12b71ad8-073b-481f-95e6-ee474a18aedd/2026-09-09/8077e100-a6c9-4d99-a7c9-1b3b3161482f/SDN.CSV,sdn.csv,,89529,,,,0,0,,
2026-09-13T09:55:28Z,ofac_cons,classic_primary,unchanged,200,"""2a73fc2b7656b946311cfcc5f04073f8""","Thu, 10 Sep 2026 18:31:57 GMT",fa681487dfd865c189177b478a171178ab8e7133402342acc51f638a7bc121de,"Thu, 03 Sep 2026 15:37:43 GMT",https://sanctionslistservice.ofac.treas.gov/api/download/CONS_PRIM.CSV,https://wc2h-sls-prod-public-published.s3.us-gov-west-1.amazonaws.com/Published/12b71ad8-073b-481f-95e6-ee474a18aedd/2026-09-09/8077e100-a6c9-4d99-a7c9-1b3b3161482f/CONS_PRIM.CSV,cons_prim.csv,,3371,,,,0,0,,
2026-09-13T10:32:17Z,ofac_sdn,classic_primary,unchanged,304,"""7b8d1e512b838d3b39d0e7758e004dbe""","Thu, 10 Sep 2026 18:31:57 GMT",4da825621635b7d3c36039be0e83fdb2619200616292b5204bcffda78be9c89d,"Thu, 10 Sep 2026 18:31:55 GMT",https://sanctionslistservice.ofac.treas.gov/api/download/SDN.CSV,https://wc2h-sls-prod-public-published.s3.us-gov-west-1.amazonaws.com/Published/12b71ad8-073b-481f-95e6-ee474a18aedd/2026-09-09/8077e100-a6c9-4d99-a7c9-1b3b3161482f/SDN.CSV,sdn.csv,,89529,,,,0,0,,
2026-09-13T10:32:17Z,ofac_cons,classic_primary,unchanged,200,"""2a73fc2b7656b946311cfcc5f04073f8""","Thu, 10 Sep 2026 18:31:57 GMT",fa681487dfd865c189177b478a171178ab8e7133402342acc51f638a7bc121de,"Thu, 03 Sep 2026 15:37:43 GMT",https://sanctionslistservice.ofac.treas.gov/api/download/CONS_PRIM.CSV,https://wc2h-sls-prod-public-published.s3.us-gov-west-1.amazonaws.com/Published/12b71ad8-073b-481f-95e6-ee474a18aedd/2026-09-09/8077e100-a6c9-4d99-a7c9-1b3b3161482f/CONS_PRIM.CSV,cons_prim.csv,,3371,,,,0,0,,
2026-09-13T11:27:57Z,ofac_sdn,classic_primary,unchanged,304,"""7b8d1e512b838d3b39d0e7758e004dbe""","Thu, 10 Sep 2026 18:31:57 GMT",4da825621635b7d3c36039be0e83fdb2619200616292b5204bcffda78be9c89d,"Thu, 10 Sep 2026 18:31:55 GMT",https://sanctionslistservice.ofac.treas.gov/api/download/SDN.CSV,https://wc2h-sls-prod-public-published.s3.us-gov-west-1.amazonaws.com/Published/12b71ad8-073b-481f-95e6-ee474a18aedd/2026-09-09/8077e100-a6c9-4d99-a7c9-1b3b3161482f/SDN.CSV,sdn.csv,,89529,,,,0,0,,
2026-09-13T11:27:57Z,ofac_cons,classic_primary,unchanged,200,"""2a73fc2b7656b946311cfcc5f04073f8""","Thu, 10 Sep 2026 18:31:57 GMT",fa681487dfd865c189177b478a171178ab8e7133402342acc51f638a7bc121de,"Thu, 03 Sep 2026 15:37:43 GMT",https://sanctionslistservice.ofac.treas.gov/api/download/CONS_PRIM.CSV,https://wc2h-sls-prod-public-published.s3.us-gov-west-1.amazonaws.com/Published/12b71ad8-073b-481f-95e6-ee474a18aedd/2026-09-09/8077e100-a6c9-4d99-a7c9-1b3b3161482f/CONS_PRIM.CSV,cons_prim.csv,,3371,,,,0,0,,
2026-09-13T12:34:18Z,ofac_sdn,classic_primary,unchanged,304,"""7b8d1e512b838d3b39d0e7758e004dbe""","Thu, 10 Sep 2026 18:31:57 GMT",4da825621635b7d3c36039be0e83fdb2619200616292b5204bcffda78be9c89d,"Thu, 10 Sep 2026 18:31:55 GMT",https://sanctionslistservice.ofac.treas.gov/api/download/SDN.CSV,https://wc2h-sls-prod-public-published.s3.us-gov-west-1.amazonaws.com/Published/12b71ad8-073b-481f-95e6-ee474a18aedd/2026-09-09/8077e100-a6c9-4d99-a7c9-1b3b3161482f/SDN.CSV,sdn.csv,,89529,,,,0,0,,
2026-09-13T12:34:18Z,ofac_cons,classic_primary,unchanged,200,"""2a73fc2b7656b946311cfcc5f04073f8""","Thu, 10 Sep 2026 18:31:57 GMT",fa681487dfd865c189177b478a171178ab8e7133402342acc51f638a7bc121de,"Thu, 03 Sep 2026 15:37:43 GMT",https://sanctionslistservice.ofac.treas.gov/api/download/CONS_PRIM.CSV,https://wc2h-sls-prod-public-published.s3.us-gov-west-1.amazonaws.com/Published/12b71ad8-073b-481f-95e6-ee474a18aedd/2026-09-09/8077e100-a6c9-4d99-a7c9-1b3b3161482f/CONS_PRIM.CSV,cons_prim.csv,,3371,,,,0,0,,
2026-09-13T12:47:33Z,mof,index_page,fetched,200,"""a251-65b083d534fc0""","Wed, 09 Sep 2026 08:00:07 GMT",8bba64f02a596aae501301e6e2031ab6cf0bc7ed911a190c144710d47d62c04b,令和8年9月10日,https://www.mof.go.jp/policy/international_policy/gaitame_kawase/gaitame/economic_sanctions/list.html,https://www.mof.go.jp/policy/international_policy/gaitame_kawase/gaitame/economic_sanctions/list.html,list.html,,,,,,0,0,,
2026-09-13T12:47:33Z,mof,list_file,unchanged,304,"""3225f7-65b083d71d440""","Wed, 09 Sep 2026 08:00:09 GMT",c46ccaf88a98ab9c4209c4032c91190fa740ac106767fe32331879d73de99d03,令和8年9月10日,https://www.mof.go.jp/policy/international_policy/gaitame_kawase/gaitame/economic_sanctions/shisantouketsu20260910.csv,https://www.mof.go.jp/policy/international_policy/gaitame_kawase/gaitame/economic_sanctions/shisantouketsu20260910.csv,shisantouketsu20260910.csv,,14743,,,,0,0,,
2026-09-13T12:47:33Z,meti,index_page,blocked,403,"W/""c3bb143a530e398af9a1c1a440f0189c""","Mon, 24 Aug 2026 07:11:49 GMT",,,https://www.meti.go.jp/policy/anpo/law09.html,https://www.meti.go.jp/policy/anpo/law09.html,,,,,,,1,0,HTTPError,403 Client Error: Forbidden for url: https://www.meti.go.jp/policy/anpo/law09.html
2026-09-13T13:28:03Z,ofac_sdn,classic_primary,unchanged,304,"""7b8d1e512b838d3b39d0e7758e004dbe""","Thu, 10 Sep 2026 18:31:57 GMT",4da825621635b7d3c36039be0e83fdb2619200616292b5204bcffda78be9c89d,"Thu, 10 Sep 2026 18:31:55 GMT",https://sanctionslistservice.ofac.treas.gov/api/download/SDN.CSV,https://wc2h-sls-prod-public-published.s3.us-gov-west-1.amazonaws.com/Published/12b71ad8-073b-481f-95e6-ee474a18aedd/2026-09-09/8077e100-a6c9-4d99-a7c9-1b3b3161482f/SDN.CSV,sdn.csv,,89529,,,,0,0,,
2026-09-13T13:28:03Z,ofac_cons,classic_primary,unchanged,200,"""2a73fc2b7656b946311cfcc5f04073f8""","Thu, 10 Sep 2026 18:31:57 GMT",fa681487dfd865c189177b478a171178ab8e7133402342acc51f638a7bc121de,"Thu, 03 Sep 2026 15:37:43 GMT",https://sanctionslistservice.ofac.treas.gov/api/download/CONS_PRIM.CSV,https://wc2h-sls-prod-public-published.s3.us-gov-west-1.amazonaws.com/Published/12b71ad8-073b-481f-95e6-ee474a18aedd/2026-09-09/8077e100-a6c9-4d99-a7c9-1b3b3161482f/CONS_PRIM.CSV,cons_prim.csv,,3371,,,,0,0,,
2026-09-13T14:28:59Z,ofac_sdn,classic_primary,unchanged,304,"""7b8d1e512b838d3b39d0e7758e004dbe""","Thu, 10 Sep 2026 18:31:57 GMT",4da825621635b7d3c36039be0e83fdb2619200616292b5204bcffda78be9c89d,"Thu, 10 Sep 2026 18:31:55 GMT",https://sanctionslistservice.ofac.treas.gov/api/download/SDN.CSV,https://wc2h-sls-prod-public-published.s3.us-gov-west-1.amazonaws.com/Published/12b71ad8-073b-481f-95e6-ee474a18aedd/2026-09-09/8077e100-a6c9-4d99-a7c9-1b3b3161482f/SDN.CSV,sdn.csv,,89529,,,,0,0,,
2026-09-13T14:28:59Z,ofac_cons,classic_primary,unchanged,200,"""2a73fc2b7656b946311cfcc5f04073f8""","Thu, 10 Sep 2026 18:31:57 GMT",fa681487dfd865c189177b478a171178ab8e7133402342acc51f638a7bc121de,"Thu, 03 Sep 2026 15:37:43 GMT",https://sanctionslistservice.ofac.treas.gov/api/download/CONS_PRIM.CSV,https://wc2h-sls-prod-public-published.s3.us-gov-west-1.amazonaws.com/Published/12b71ad8-073b-481f-95e6-ee474a18aedd/2026-09-09/8077e100-a6c9-4d99-a7c9-1b3b3161482f/CONS_PRIM.CSV,cons_prim.csv,,3371,,,,0,0,,
2026-09-13T15:29:00Z,ofac_sdn,classic_primary,unchanged,304,"""7b8d1e512b838d3b39d0e7758e004dbe""","Thu, 10 Sep 2026 18:31:57 GMT",4da825621635b7d3c36039be0e83fdb2619200616292b5204bcffda78be9c89d,"Thu, 10 Sep 2026 18:31:55 GMT",https://sanctionslistservice.ofac.treas.gov/api/download/SDN.CSV,https://wc2h-sls-prod-public-published.s3.us-gov-west-1.amazonaws.com/Published/12b71ad8-073b-481f-95e6-ee474a18aedd/2026-09-09/8077e100-a6c9-4d99-a7c9-1b3b3161482f/SDN.CSV,sdn.csv,,89529,,,,0,0,,
2026-09-13T15:29:00Z,ofac_cons,classic_primary,unchanged,200,"""2a73fc2b7656b946311cfcc5f04073f8""","Thu, 10 Sep 2026 18:31:57 GMT",fa681487dfd865c189177b478a171178ab8e7133402342acc51f638a7bc121de,"Thu, 03 Sep 2026 15:37:43 GMT",https://sanctionslistservice.ofac.treas.gov/api/download/CONS_PRIM.CSV,https://wc2h-sls-prod-public-published.s3.us-gov-west-1.amazonaws.com/Published/12b71ad8-073b-481f-95e6-ee474a18aedd/2026-09-09/8077e100-a6c9-4d99-a7c9-1b3b3161482f/CONS_PRIM.CSV,cons_prim.csv,,3371,,,,0,0,,
2026-09-13T16:30:20Z,ofac_sdn,classic_primary,fetched,200,"""7b8d1e512b838d3b39d0e7758e004dbe""","Thu, 10 Sep 2026 18:31:57 GMT",4da825621635b7d3c36039be0e83fdb2619200616292b5204bcffda78be9c89d,,https://sanctionslistservice.ofac.treas.gov/api/download/SDN.CSV,https://wc2h-sls-prod-public-published.s3.us-gov-west-1.amazonaws.com/Published/12b71ad8-073b-481f-95e6-ee474a18aedd/2026-09-09/8077e100-a6c9-4d99-a7c9-1b3b3161482f/SDN.CSV,sdn.csv,,,,,,0,0,,
2026-09-13T16:30:20Z,ofac_sdn,classic_alias,fetched,200,"""9c496f3e175aae90d469cc89bcf325e0""","Thu, 10 Sep 2026 18:31:57 GMT",84a188c3ca7648d49390a4985996f54e467929a2f47f5c2508bcd842731054a9,,https://sanctionslistservice.ofac.treas.gov/api/download/ALT.CSV,https://wc2h-sls-prod-public-published.s3.us-gov-west-1.amazonaws.com/Published/12b71ad8-073b-481f-95e6-ee474a18aedd/2026-09-09/8077e100-a6c9-4d99-a7c9-1b3b3161482f/ALT.CSV,alt.csv,,,,,,0,0,,
2026-09-13T16:30:20Z,ofac_sdn,advanced_xml,fetched,200,"""821bad80b6b9a1bb48635bfac6ce5310""","Thu, 10 Sep 2026 18:31:55 GMT",a1b8f07ec5b08700e006c2aaf7fd942d78123deab7bb07360bb3ee3ec733d0d9,,https://sanctionslistservice.ofac.treas.gov/api/PublicationPreview/exports/SDN_ADVANCED.XML,https://wc2h-sls-prod-public-published.s3.us-gov-west-1.amazonaws.com/Published/12b71ad8-073b-481f-95e6-ee474a18aedd/2026-09-09/8077e100-a6c9-4d99-a7c9-1b3b3161482f/SDN_ADVANCED.XML,sdn_advanced.xml,,,,,,0,0,,
2026-09-13T16:30:20Z,ofac_sdn,validated_snapshot,validated,200,"""821bad80b6b9a1bb48635bfac6ce5310""","Thu, 10 Sep 2026 18:31:55 GMT",a1b8f07ec5b08700e006c2aaf7fd942d78123deab7bb07360bb3ee3ec733d0d9,"Thu, 10 Sep 2026 18:31:57 GMT",https://sanctionslistservice.ofac.treas.gov/api/PublicationPreview/exports/SDN_ADVANCED.XML,https://wc2h-sls-prod-public-published.s3.us-gov-west-1.amazonaws.com/Published/12b71ad8-073b-481f-95e6-ee474a18aedd/2026-09-09/8077e100-a6c9-4d99-a7c9-1b3b3161482f/SDN_ADVANCED.XML,sdn_advanced.xml,data/raw/ofac_sdn_advanced/20260913T163004Z__sdn_advanced.xml.gz,89529,,,,0,0,,
2026-09-13T16:30:20Z,ofac_cons,classic_primary,fetched,200,"""2a73fc2b7656b946311cfcc5f04073f8""","Thu, 10 Sep 2026 18:31:57 GMT",fa681487dfd865c189177b478a171178ab8e7133402342acc51f638a7bc121de,,https://sanctionslistservice.ofac.treas.gov/api/download/CONS_PRIM.CSV,https://wc2h-sls-prod-public-published.s3.us-gov-west-1.amazonaws.com/Published/12b71ad8-073b-481f-95e6-ee474a18aedd/2026-09-09/8077e100-a6c9-4d99-a7c9-1b3b3161482f/CONS_PRIM.CSV,cons_prim.csv,,,,,,0,0,,
2026-09-13T16:30:20Z,ofac_cons,classic_alias,fetched,200,"""4263cf7a6e8ea6dde40b05b94bdcfd05""","Thu, 10 Sep 2026 18:31:57 GMT",303059e2484bfa7d669e6a5c202259c181d634eefe293528be8580706da33741,,https://sanctionslistservice.ofac.treas.gov/api/download/CONS_ALT.CSV,https://wc2h-sls-prod-public-published.s3.us-gov-west-1.amazonaws.com/Published/12b71ad8-073b-481f-95e6-ee474a18aedd/2026-09-09/8077e100-a6c9-4d99-a7c9-1b3b3161482f/CONS_ALT.CSV,cons_alt.csv,,,,,,0,0,,
2026-09-13T16:30:20Z,ofac_cons,advanced_xml,fetched,200,"""b324afa7b516c97b509e5d57e2e45f2d""","Thu, 10 Sep 2026 18:31:56 GMT",c0cdbcc3c7cb9c6bc4af5e1cff6110220aaa7628cb8216882a4feac5e71ab971,,https://sanctionslistservice.ofac.treas.gov/api/PublicationPreview/exports/CONS_ADVANCED.XML,https://wc2h-sls-prod-public-published.s3.us-gov-west-1.amazonaws.com/Published/12b71ad8-073b-481f-95e6-ee474a18aedd/2026-09-09/8077e100-a6c9-4d99-a7c9-1b3b3161482f/CONS_ADVANCED.XML,cons_advanced.xml,,,,,,0,0,,
2026-09-13T16:30:20Z,ofac_cons,validated_snapshot,validated,200,"""b324afa7b516c97b509e5d57e2e45f2d""","Thu, 10 Sep 2026 18:31:56 GMT",c0cdbcc3c7cb9c6bc4af5e1cff6110220aaa7628cb8216882a4feac5e71ab971,"Thu, 10 Sep 2026 18:31:57 GMT",https://sanctionslistservice.ofac.treas.gov/api/PublicationPreview/exports/CONS_ADVANCED.XML,https://wc2h-sls-prod-public-published.s3.us-gov-west-1.amazonaws.com/Published/12b71ad8-073b-481f-95e6-ee474a18aedd/2026-09-09/8077e100-a6c9-4d99-a7c9-1b3b3161482f/CONS_ADVANCED.XML,cons_advanced.xml,data/raw/ofac_cons_advanced/20260913T163015Z__cons_advanced.xml.gz,3371,,,,0,0,,
2026-09-13T16:30:20Z,ofac,aggregate_merge,no_effective_change,,,,,,,,,,88280,0,0,0,0,0,,
2026-09-13T17:28:18Z,ofac_sdn,classic_primary,unchanged,304,"""7b8d1e512b838d3b39d0e7758e004dbe""","Thu, 10 Sep 2026 18:31:57 GMT",4da825621635b7d3c36039be0e83fdb2619200616292b5204bcffda78be9c89d,"Thu, 10 Sep 2026 18:31:57 GMT",https://sanctionslistservice.ofac.treas.gov/api/download/SDN.CSV,https://wc2h-sls-prod-public-published.s3.us-gov-west-1.amazonaws.com/Published/12b71ad8-073b-481f-95e6-ee474a18aedd/2026-09-09/8077e100-a6c9-4d99-a7c9-1b3b3161482f/SDN.CSV,sdn.csv,,89529,,,,0,0,,
2026-09-13T17:28:18Z,ofac_sdn,classic_alias,unchanged,304,"""9c496f3e175aae90d469cc89bcf325e0""","Thu, 10 Sep 2026 18:31:57 GMT",84a188c3ca7648d49390a4985996f54e467929a2f47f5c2508bcd842731054a9,"Thu, 10 Sep 2026 18:31:57 GMT",https://sanctionslistservice.ofac.treas.gov/api/download/ALT.CSV,https://wc2h-sls-prod-public-published.s3.us-gov-west-1.amazonaws.com/Published/12b71ad8-073b-481f-95e6-ee474a18aedd/2026-09-09/8077e100-a6c9-4d99-a7c9-1b3b3161482f/ALT.CSV,,,89529,,,,0,0,,
2026-09-13T17:28:18Z,ofac_sdn,advanced_xml,unchanged,304,"""821bad80b6b9a1bb48635bfac6ce5310""","Thu, 10 Sep 2026 18:31:55 GMT",a1b8f07ec5b08700e006c2aaf7fd942d78123deab7bb07360bb3ee3ec733d0d9,"Thu, 10 Sep 2026 18:31:57 GMT",https://sanctionslistservice.ofac.treas.gov/api/PublicationPreview/exports/SDN_ADVANCED.XML,https://wc2h-sls-prod-public-published.s3.us-gov-west-1.amazonaws.com/Published/12b71ad8-073b-481f-95e6-ee474a18aedd/2026-09-09/8077e100-a6c9-4d99-a7c9-1b3b3161482f/SDN_ADVANCED.XML,,,89529,,,,0,0,,
2026-09-13T17:28:18Z,ofac_cons,classic_primary,unchanged,304,"""2a73fc2b7656b946311cfcc5f04073f8""","Thu, 10 Sep 2026 18:31:57 GMT",fa681487dfd865c189177b478a171178ab8e7133402342acc51f638a7bc121de,"Thu, 10 Sep 2026 18:31:57 GMT",https://sanctionslistservice.ofac.treas.gov/api/download/CONS_PRIM.CSV,https://wc2h-sls-prod-public-published.s3.us-gov-west-1.amazonaws.com/Published/12b71ad8-073b-481f-95e6-ee474a18aedd/2026-09-09/8077e100-a6c9-4d99-a7c9-1b3b3161482f/CONS_PRIM.CSV,cons_prim.csv,,3371,,,,0,0,,
2026-09-13T17:28:18Z,ofac_cons,classic_alias,unchanged,304,"""4263cf7a6e8ea6dde40b05b94bdcfd05""","Thu, 10 Sep 2026 18:31:57 GMT",303059e2484bfa7d669e6a5c202259c181d634eefe293528be8580706da33741,"Thu, 10 Sep 2026 18:31:57 GMT",https://sanctionslistservice.ofac.treas.gov/api/download/CONS_ALT.CSV,https://wc2h-sls-prod-public-published.s3.us-gov-west-1.amazonaws.com/Published/12b71ad8-073b-481f-95e6-ee474a18aedd/2026-09-09/8077e100-a6c9-4d99-a7c9-1b3b3161482f/CONS_ALT.CSV,,,3371,,,,0,0,,
2026-09-13T17:28:18Z,ofac_cons,advanced_xml,unchanged,304,"""b324afa7b516c97b509e5d57e2e45f2d""","Thu, 10 Sep 2026 18:31:56 GMT",c0cdbcc3c7cb9c6bc4af5e1cff6110220aaa7628cb8216882a4feac5e71ab971,"Thu, 10 Sep 2026 18:31:57 GMT",https://sanctionslistservice.ofac.treas.gov/api/PublicationPreview/exports/CONS_ADVANCED.XML,https://wc2h-sls-prod-public-published.s3.us-gov-west-1.amazonaws.com/Published/12b71ad8-073b-481f-95e6-ee474a18aedd/2026-09-09/8077e100-a6c9-4d99-a7c9-1b3b3161482f/CONS_ADVANCED.XML,,,3371,,,,0,0,,
2026-09-13T18:32:05Z,ofac_sdn,classic_primary,unchanged,304,"""7b8d1e512b838d3b39d0e7758e004dbe""","Thu, 10 Sep 2026 18:31:57 GMT",4da825621635b7d3c36039be0e83fdb2619200616292b5204bcffda78be9c89d,"Thu, 10 Sep 2026 18:31:57 GMT",https://sanctionslistservice.ofac.treas.gov/api/download/SDN.CSV,https://wc2h-sls-prod-public-published.s3.us-gov-west-1.amazonaws.com/Published/12b71ad8-073b-481f-95e6-ee474a18aedd/2026-09-09/8077e100-a6c9-4d99-a7c9-1b3b3161482f/SDN.CSV,sdn.csv,,89529,,,,0,0,,
2026-09-13T18:32:05Z,ofac_sdn,classic_alias,unchanged,304,"""9c496f3e175aae90d469cc89bcf325e0""","Thu, 10 Sep 2026 18:31:57 GMT",84a188c3ca7648d49390a4985996f54e467929a2f47f5c2508bcd842731054a9,"Thu, 10 Sep 2026 18:31:57 GMT",https://sanctionslistservice.ofac.treas.gov/api/download/ALT.CSV,https://wc2h-sls-prod-public-published.s3.us-gov-west-1.amazonaws.com/Published/12b71ad8-073b-481f-95e6-ee474a18aedd/2026-09-09/8077e100-a6c9-4d99-a7c9-1b3b3161482f/ALT.CSV,,,89529,,,,0,0,,
2026-09-13T18:32:05Z,ofac_sdn,advanced_xml,unchanged,304,"""821bad80b6b9a1bb48635bfac6ce5310""","Thu, 10 Sep 2026 18:31:55 GMT",a1b8f07ec5b08700e006c2aaf7fd942d78123deab7bb07360bb3ee3ec733d0d9,"Thu, 10 Sep 2026 18:31:57 GMT",https://sanctionslistservice.ofac.treas.gov/api/PublicationPreview/exports/SDN_ADVANCED.XML,https://wc2h-sls-prod-public-published.s3.us-gov-west-1.amazonaws.com/Published/12b71ad8-073b-481f-95e6-ee474a18aedd/2026-09-09/8077e100-a6c9-4d99-a7c9-1b3b3161482f/SDN_ADVANCED.XML,,,89529,,,,0,0,,
2026-09-13T18:32:05Z,ofac_cons,classic_primary,unchanged,304,"""2a73fc2b7656b946311cfcc5f04073f8""","Thu, 10 Sep 2026 18:31:57 GMT",fa681487dfd865c189177b478a171178ab8e7133402342acc51f638a7bc121de,"Thu, 10 Sep 2026 18:31:57 GMT",https://sanctionslistservice.ofac.treas.gov/api/download/CONS_PRIM.CSV,https://wc2h-sls-prod-public-published.s3.us-gov-west-1.amazonaws.com/Published/12b71ad8-073b-481f-95e6-ee474a18aedd/2026-09-09/8077e100-a6c9-4d99-a7c9-1b3b3161482f/CONS_PRIM.CSV,cons_prim.csv,,3371,,,,0,0,,
2026-09-13T18:32:05Z,ofac_cons,classic_alias,unchanged,304,"""4263cf7a6e8ea6dde40b05b94bdcfd05""","Thu, 10 Sep 2026 18:31:57 GMT",303059e2484bfa7d669e6a5c202259c181d634eefe293528be8580706da33741,"Thu, 10 Sep 2026 18:31:57 GMT",https://sanctionslistservice.ofac.treas.gov/api/download/CONS_ALT.CSV,https://wc2h-sls-prod-public-published.s3.us-gov-west-1.amazonaws.com/Published/12b71ad8-073b-481f-95e6-ee474a18aedd/2026-09-09/8077e100-a6c9-4d99-a7c9-1b3b3161482f/CONS_ALT.CSV,,,3371,,,,0,0,,
2026-09-13T18:32:05Z,ofac_cons,advanced_xml,unchanged,304,"""b324afa7b516c97b509e5d57e2e45f2d""","Thu, 10 Sep 2026 18:31:56 GMT",c0cdbcc3c7cb9c6bc4af5e1cff6110220aaa7628cb8216882a4feac5e71ab971,"Thu, 10 Sep 2026 18:31:57 GMT",https://sanctionslistservice.ofac.treas.gov/api/PublicationPreview/exports/CONS_ADVANCED.XML,https://wc2h-sls-prod-public-published.s3.us-gov-west-1.amazonaws.com/Published/12b71ad8-073b-481f-95e6-ee474a18aedd/2026-09-09/8077e100-a6c9-4d99-a7c9-1b3b3161482f/CONS_ADVANCED.XML,,,3371,,,,0,0,,
2026-09-13T18:45:58Z,mof,index_page,fetched,200,"""a251-65b083d534fc0""","Wed, 09 Sep 2026 08:00:07 GMT",47796e59340cc5110fe24c332d1a4e1a071f505c83b7cd359c8972e4a9613f5a,令和8年9月10日,https://www.mof.go.jp/policy/international_policy/gaitame_kawase/gaitame/economic_sanctions/list.html,https://www.mof.go.jp/policy/international_policy/gaitame_kawase/gaitame/economic_sanctions/list.html,list.html,,,,,,0,0,,
2026-09-13T18:45:58Z,mof,list_file,unchanged,304,"""3225f7-65b083d71d440""","Wed, 09 Sep 2026 08:00:09 GMT",c46ccaf88a98ab9c4209c4032c91190fa740ac106767fe32331879d73de99d03,令和8年9月10日,https://www.mof.go.jp/policy/international_policy/gaitame_kawase/gaitame/economic_sanctions/shisantouketsu20260910.csv,https://www.mof.go.jp/policy/international_policy/gaitame_kawase/gaitame/economic_sanctions/shisantouketsu20260910.csv,shisantouketsu20260910.csv,,14743,,,,0,0,,
2026-09-13T18:45:58Z,meti,index_page,blocked,403,"W/""c3bb143a530e398af9a1c1a440f0189c""","Mon, 24 Aug 2026 07:11:49 GMT",,,https://www.meti.go.jp/policy/anpo/law09.html,https://www.meti.go.jp/policy/anpo/law09.html,,,,,,,1,0,HTTPError,403 Client Error: Forbidden for url: https://www.meti.go.jp/policy/anpo/law09.html
2026-09-13T19:27:13Z,ofac_sdn,classic_primary,unchanged,304,"""7b8d1e512b838d3b39d0e7758e004dbe""","Thu, 10 Sep 2026 18:31:57 GMT",4da825621635b7d3c36039be0e83fdb2619200616292b5204bcffda78be9c89d,"Thu, 10 Sep 2026 18:31:57 GMT",https://sanctionslistservice.ofac.treas.gov/api/download/SDN.CSV,https://wc2h-sls-prod-public-published.s3.us-gov-west-1.amazonaws.com/Published/12b71ad8-073b-481f-95e6-ee474a18aedd/2026-09-09/8077e100-a6c9-4d99-a7c9-1b3b3161482f/SDN.CSV,sdn.csv,,89529,,,,0,0,,
2026-09-13T19:27:13Z,ofac_sdn,classic_alias,unchanged,304,"""9c496f3e175aae90d469cc89bcf325e0""","Thu, 10 Sep 2026 18:31:57 GMT",84a188c3ca7648d49390a4985996f54e467929a2f47f5c2508bcd842731054a9,"Thu, 10 Sep 2026 18:31:57 GMT",https://sanctionslistservice.ofac.treas.gov/api/download/ALT.CSV,https://wc2h-sls-prod-public-published.s3.us-gov-west-1.amazonaws.com/Published/12b71ad8-073b-481f-95e6-ee474a18aedd/2026-09-09/8077e100-a6c9-4d99-a7c9-1b3b3161482f/ALT.CSV,,,89529,,,,0,0,,
2026-09-13T19:27:13Z,ofac_sdn,advanced_xml,unchanged,304,"""821bad80b6b9a1bb48635bfac6ce5310""","Thu, 10 Sep 2026 18:31:55 GMT",a1b8f07ec5b08700e006c2aaf7fd942d78123deab7bb07360bb3ee3ec733d0d9,"Thu, 10 Sep 2026 18:31:57 GMT",https://sanctionslistservice.ofac.treas.gov/api/PublicationPreview/exports/SDN_ADVANCED.XML,https://wc2h-sls-prod-public-published.s3.us-gov-west-1.amazonaws.com/Published/12b71ad8-073b-481f-95e6-ee474a18aedd/2026-09-09/8077e100-a6c9-4d99-a7c9-1b3b3161482f/SDN_ADVANCED.XML,,,89529,,,,0,0,,
2026-09-13T19:27:13Z,ofac_cons,classic_primary,unchanged,304,"""2a73fc2b7656b946311cfcc5f04073f8""","Thu, 10 Sep 2026 18:31:57 GMT",fa681487dfd865c189177b478a171178ab8e7133402342acc51f638a7bc121de,"Thu, 10 Sep 2026 18:31:57 GMT",https://sanctionslistservice.ofac.treas.gov/api/download/CONS_PRIM.CSV,https://wc2h-sls-prod-public-published.s3.us-gov-west-1.amazonaws.com/Published/12b71ad8-073b-481f-95e6-ee474a18aedd/2026-09-09/8077e100-a6c9-4d99-a7c9-1b3b3161482f/CONS_PRIM.CSV,cons_prim.csv,,3371,,,,0,0,,
2026-09-13T19:27:13Z,ofac_cons,classic_alias,unchanged,304,"""4263cf7a6e8ea6dde40b05b94bdcfd05""","Thu, 10 Sep 2026 18:31:57 GMT",303059e2484bfa7d669e6a5c202259c181d634eefe293528be8580706da33741,"Thu, 10 Sep 2026 18:31:57 GMT",https://sanctionslistservice.ofac.treas.gov/api/download/CONS_ALT.CSV,https://wc2h-sls-prod-public-published.s3.us-gov-west-1.amazonaws.com/Published/12b71ad8-073b-481f-95e6-ee474a18aedd/2026-09-09/8077e100-a6c9-4d99-a7c9-1b3b3161482f/CONS_ALT.CSV,,,3371,,,,0,0,,
2026-09-13T19:27:13Z,ofac_cons,advanced_xml,unchanged,304,"""b324afa7b516c97b509e5d57e2e45f2d""","Thu, 10 Sep 2026 18:31:56 GMT",c0cdbcc3c7cb9c6bc4af5e1cff6110220aaa7628cb8216882a4feac5e71ab971,"Thu, 10 Sep 2026 18:31:57 GMT",https://sanctionslistservice.ofac.treas.gov/api/PublicationPreview/exports/CONS_ADVANCED.XML,https://wc2h-sls-prod-public-published.s3.us-gov-west-1.amazonaws.com/Published/12b71ad8-073b-481f-95e6-ee474a18aedd/2026-09-09/8077e100-a6c9-4d99-a7c9-1b3b3161482f/CONS_ADVANCED.XML,,,3371,,,,0,0,,
2026-09-13T20:29:37Z,ofac_sdn,classic_primary,unchanged,304,"""7b8d1e512b838d3b39d0e7758e004dbe""","Thu, 10 Sep 2026 18:31:57 GMT",4da825621635b7d3c36039be0e83fdb2619200616292b5204bcffda78be9c89d,"Thu, 10 Sep 2026 18:31:57 GMT",https://sanctionslistservice.ofac.treas.gov/api/download/SDN.CSV,https://wc2h-sls-prod-public-published.s3.us-gov-west-1.amazonaws.com/Published/12b71ad8-073b-481f-95e6-ee474a18aedd/2026-09-09/8077e100-a6c9-4d99-a7c9-1b3b3161482f/SDN.CSV,sdn.csv,,89529,,,,0,0,,
2026-09-13T20:29:37Z,ofac_sdn,classic_alias,unchanged,304,"""9c496f3e175aae90d469cc89bcf325e0""","Thu, 10 Sep 2026 18:31:57 GMT",84a188c3ca7648d49390a4985996f54e467929a2f47f5c2508bcd842731054a9,"Thu, 10 Sep 2026 18:31:57 GMT",https://sanctionslistservice.ofac.treas.gov/api/download/ALT.CSV,https://wc2h-sls-prod-public-published.s3.us-gov-west-1.amazonaws.com/Published/12b71ad8-073b-481f-95e6-ee474a18aedd/2026-09-09/8077e100-a6c9-4d99-a7c9-1b3b3161482f/ALT.CSV,,,89529,,,,0,0,,
2026-09-13T20:29:37Z,ofac_sdn,advanced_xml,unchanged,304,"""821bad80b6b9a1bb48635bfac6ce5310""","Thu, 10 Sep 2026 18:31:55 GMT",a1b8f07ec5b08700e006c2aaf7fd942d78123deab7bb07360bb3ee3ec733d0d9,"Thu, 10 Sep 2026 18:31:57 GMT",https://sanctionslistservice.ofac.treas.gov/api/PublicationPreview/exports/SDN_ADVANCED.XML,https://wc2h-sls-prod-public-published.s3.us-gov-west-1.amazonaws.com/Published/12b71ad8-073b-481f-95e6-ee474a18aedd/2026-09-09/8077e100-a6c9-4d99-a7c9-1b3b3161482f/SDN_ADVANCED.XML,,,89529,,,,0,0,,
2026-09-13T20:29:37Z,ofac_cons,classic_primary,unchanged,304,"""2a73fc2b7656b946311cfcc5f04073f8""","Thu, 10 Sep 2026 18:31:57 GMT",fa681487dfd865c189177b478a171178ab8e7133402342acc51f638a7bc121de,"Thu, 10 Sep 2026 18:31:57 GMT",https://sanctionslistservice.ofac.treas.gov/api/download/CONS_PRIM.CSV,https://wc2h-sls-prod-public-published.s3.us-gov-west-1.amazonaws.com/Published/12b71ad8-073b-481f-95e6-ee474a18aedd/2026-09-09/8077e100-a6c9-4d99-a7c9-1b3b3161482f/CONS_PRIM.CSV,cons_prim.csv,,3371,,,,0,0,,
2026-09-13T20:29:37Z,ofac_cons,classic_alias,unchanged,304,"""4263cf7a6e8ea6dde40b05b94bdcfd05""","Thu, 10 Sep 2026 18:31:57 GMT",303059e2484bfa7d669e6a5c202259c181d634eefe293528be8580706da33741,"Thu, 10 Sep 2026 18:31:57 GMT",https://sanctionslistservice.ofac.treas.gov/api/download/CONS_ALT.CSV,https://wc2h-sls-prod-public-published.s3.us-gov-west-1.amazonaws.com/Published/12b71ad8-073b-481f-95e6-ee474a18aedd/2026-09-09/8077e100-a6c9-4d99-a7c9-1b3b3161482f/CONS_ALT.CSV,,,3371,,,,0,0,,
2026-09-13T20:29:37Z,ofac_cons,advanced_xml,unchanged,304,"""b324afa7b516c97b509e5d57e2e45f2d""","Thu, 10 Sep 2026 18:31:56 GMT",c0cdbcc3c7cb9c6bc4af5e1cff6110220aaa7628cb8216882a4feac5e71ab971,"Thu, 10 Sep 2026 18:31:57 GMT",https://sanctionslistservice.ofac.treas.gov/api/PublicationPreview/exports/CONS_ADVANCED.XML,https://wc2h-sls-prod-public-published.s3.us-gov-west-1.amazonaws.com/Published/12b71ad8-073b-481f-95e6-ee474a18aedd/2026-09-09/8077e100-a6c9-4d99-a7c9-1b3b3161482f/CONS_ADVANCED.XML,,,3371,,,,0,0,,
2026-09-13T21:29:06Z,ofac_sdn,classic_primary,unchanged,304,"""7b8d1e512b838d3b39d0e7758e004dbe""","Thu, 10 Sep 2026 18:31:57 GMT",4da825621635b7d3c36039be0e83fdb2619200616292b5204bcffda78be9c89d,"Thu, 10 Sep 2026 18:31:57 GMT",https://sanctionslistservice.ofac.treas.gov/api/download/SDN.CSV,https://wc2h-sls-prod-public-published.s3.us-gov-west-1.amazonaws.com/Published/12b71ad8-073b-481f-95e6-ee474a18aedd/2026-09-09/8077e100-a6c9-4d99-a7c9-1b3b3161482f/SDN.CSV,sdn.csv,,89529,,,,0,0,,
2026-09-13T21:29:06Z,ofac_sdn,classic_alias,unchanged,304,"""9c496f3e175aae90d469cc89bcf325e0""","Thu, 10 Sep 2026 18:31:57 GMT",84a188c3ca7648d49390a4985996f54e467929a2f47f5c2508bcd842731054a9,"Thu, 10 Sep 2026 18:31:57 GMT",https://sanctionslistservice.ofac.treas.gov/api/download/ALT.CSV,https://wc2h-sls-prod-public-published.s3.us-gov-west-1.amazonaws.com/Published/12b71ad8-073b-481f-95e6-ee474a18aedd/2026-09-09/8077e100-a6c9-4d99-a7c9-1b3b3161482f/ALT.CSV,,,89529,,,,0,0,,
2026-09-13T21:29:06Z,ofac_sdn,advanced_xml,unchanged,304,"""821bad80b6b9a1bb48635bfac6ce5310""","Thu, 10 Sep 2026 18:31:55 GMT",a1b8f07ec5b08700e006c2aaf7fd942d78123deab7bb07360bb3ee3ec733d0d9,"Thu, 10 Sep 2026 18:31:57 GMT",https://sanctionslistservice.ofac.treas.gov/api/PublicationPreview/exports/SDN_ADVANCED.XML,https://wc2h-sls-prod-public-published.s3.us-gov-west-1.amazonaws.com/Published/12b71ad8-073b-481f-95e6-ee474a18aedd/2026-09-09/8077e100-a6c9-4d99-a7c9-1b3b3161482f/SDN_ADVANCED.XML,,,89529,,,,0,0,,
2026-09-13T21:29:06Z,ofac_cons,classic_primary,unchanged,304,"""2a73fc2b7656b946311cfcc5f04073f8""","Thu, 10 Sep 2026 18:31:57 GMT",fa681487dfd865c189177b478a171178ab8e7133402342acc51f638a7bc121de,"Thu, 10 Sep 2026 18:31:57 GMT",https://sanctionslistservice.ofac.treas.gov/api/download/CONS_PRIM.CSV,https://wc2h-sls-prod-public-published.s3.us-gov-west-1.amazonaws.com/Published/12b71ad8-073b-481f-95e6-ee474a18aedd/2026-09-09/8077e100-a6c9-4d99-a7c9-1b3b3161482f/CONS_PRIM.CSV,cons_prim.csv,,3371,,,,0,0,,
2026-09-13T21:29:06Z,ofac_cons,classic_alias,unchanged,304,"""4263cf7a6e8ea6dde40b05b94bdcfd05""","Thu, 10 Sep 2026 18:31:57 GMT",303059e2484bfa7d669e6a5c202259c181d634eefe293528be8580706da33741,"Thu, 10 Sep 2026 18:31:57 GMT",https://sanctionslistservice.ofac.treas.gov/api/download/CONS_ALT.CSV,https://wc2h-sls-prod-public-published.s3.us-gov-west-1.amazonaws.com/Published/12b71ad8-073b-481f-95e6-ee474a18aedd/2026-09-09/8077e100-a6c9-4d99-a7c9-1b3b3161482f/CONS_ALT.CSV,,,3371,,,,0,0,,
2026-09-13T21:29:06Z,ofac_cons,advanced_xml,unchanged,304,"""b324afa7b516c97b509e5d57e2e45f2d""","Thu, 10 Sep 2026 18:31:56 GMT",c0cdbcc3c7cb9c6bc4af5e1cff6110220aaa7628cb8216882a4feac5e71ab971,"Thu, 10 Sep 2026 18:31:57 GMT",https://sanctionslistservice.ofac.treas.gov/api/PublicationPreview/exports/CONS_ADVANCED.XML,https://wc2h-sls-prod-public-published.s3.us-gov-west-1.amazonaws.com/Published/12b71ad8-073b-481f-95e6-ee474a18aedd/2026-09-09/8077e100-a6c9-4d99-a7c9-1b3b3161482f/CONS_ADVANCED.XML,,,3371,,,,0,0,,
2026-09-13T22:30:29Z,ofac_sdn,classic_primary,unchanged,304,"""7b8d1e512b838d3b39d0e7758e004dbe""","Thu, 10 Sep 2026 18:31:57 GMT",4da825621635b7d3c36039be0e83fdb2619200616292b5204bcffda78be9c89d,"Thu, 10 Sep 2026 18:31:57 GMT",https://sanctionslistservice.ofac.treas.gov/api/download/SDN.CSV,https://wc2h-sls-prod-public-published.s3.us-gov-west-1.amazonaws.com/Published/12b71ad8-073b-481f-95e6-ee474a18aedd/2026-09-09/8077e100-a6c9-4d99-a7c9-1b3b3161482f/SDN.CSV,sdn.csv,,89529,,,,0,0,,
2026-09-13T22:30:29Z,ofac_sdn,classic_alias,unchanged,304,"""9c496f3e175aae90d469cc89bcf325e0""","Thu, 10 Sep 2026 18:31:57 GMT",84a188c3ca7648d49390a4985996f54e467929a2f47f5c2508bcd842731054a9,"Thu, 10 Sep 2026 18:31:57 GMT",https://sanctionslistservice.ofac.treas.gov/api/download/ALT.CSV,https://wc2h-sls-prod-public-published.s3.us-gov-west-1.amazonaws.com/Published/12b71ad8-073b-481f-95e6-ee474a18aedd/2026-09-09/8077e100-a6c9-4d99-a7c9-1b3b3161482f/ALT.CSV,,,89529,,,,0,0,,
2026-09-13T22:30:29Z,ofac_sdn,advanced_xml,unchanged,304,"""821bad80b6b9a1bb48635bfac6ce5310""","Thu, 10 Sep 2026 18:31:55 GMT",a1b8f07ec5b08700e006c2aaf7fd942d78123deab7bb07360bb3ee3ec733d0d9,"Thu, 10 Sep 2026 18:31:57 GMT",https://sanctionslistservice.ofac.treas.gov/api/PublicationPreview/exports/SDN_ADVANCED.XML,https://wc2h-sls-prod-public-published.s3.us-gov-west-1.amazonaws.com/Published/12b71ad8-073b-481f-95e6-ee474a18aedd/2026-09-09/8077e100-a6c9-4d99-a7c9-1b3b3161482f/SDN_ADVANCED.XML,,,89529,,,,0,0,,
2026-09-13T22:30:29Z,ofac_cons,classic_primary,unchanged,304,"""2a73fc2b7656b946311cfcc5f04073f8""","Thu, 10 Sep 2026 18:31:57 GMT",fa681487dfd865c189177b478a171178ab8e7133402342acc51f638a7bc121de,"Thu, 10 Sep 2026 18:31:57 GMT",https://sanctionslistservice.ofac.treas.gov/api/download/CONS_PRIM.CSV,https://wc2h-sls-prod-public-published.s3.us-gov-west-1.amazonaws.com/Published/12b71ad8-073b-481f-95e6-ee474a18aedd/2026-09-09/8077e100-a6c9-4d99-a7c9-1b3b3161482f/CONS_PRIM.CSV,cons_prim.csv,,3371,,,,0,0,,
2026-09-13T22:30:29Z,ofac_cons,classic_alias,unchanged,304,"""4263cf7a6e8ea6dde40b05b94bdcfd05""","Thu, 10 Sep 2026 18:31:57 GMT",303059e2484bfa7d669e6a5c202259c181d634eefe293528be8580706da33741,"Thu, 10 Sep 2026 18:31:57 GMT",https://sanctionslistservice.ofac.treas.gov/api/download/CONS_ALT.CSV,https://wc2h-sls-prod-public-published.s3.us-gov-west-1.amazonaws.com/Published/12b71ad8-073b-481f-95e6-ee474a18aedd/2026-09-09/8077e100-a6c9-4d99-a7c9-1b3b3161482f/CONS_ALT.CSV,,,3371,,,,0,0,,
2026-09-13T22:30:29Z,ofac_cons,advanced_xml,unchanged,304,"""b324afa7b516c97b509e5d57e2e45f2d""","Thu, 10 Sep 2026 18:31:56 GMT",c0cdbcc3c7cb9c6bc4af5e1cff6110220aaa7628cb8216882a4feac5e71ab971,"Thu, 10 Sep 2026 18:31:57 GMT",https://sanctionslistservice.ofac.treas.gov/api/PublicationPreview/exports/CONS_ADVANCED.XML,https://wc2h-sls-prod-public-published.s3.us-gov-west-1.amazonaws.com/Published/12b71ad8-073b-481f-95e6-ee474a18aedd/2026-09-09/8077e100-a6c9-4d99-a7c9-1b3b3161482f/CONS_ADVANCED.XML,,,3371,,,,0,0,,
2026-09-13T23:28:40Z,ofac_sdn,classic_primary,unchanged,304,"""7b8d1e512b838d3b39d0e7758e004dbe""","Thu, 10 Sep 2026 18:31:57 GMT",4da825621635b7d3c36039be0e83fdb2619200616292b5204bcffda78be9c89d,"Thu, 10 Sep 2026 18:31:57 GMT",https://sanctionslistservice.ofac.treas.gov/api/download/SDN.CSV,https://wc2h-sls-prod-public-published.s3.us-gov-west-1.amazonaws.com/Published/12b71ad8-073b-481f-95e6-ee474a18aedd/2026-09-09/8077e100-a6c9-4d99-a7c9-1b3b3161482f/SDN.CSV,sdn.csv,,89529,,,,0,0,,
2026-09-13T23:28:40Z,ofac_sdn,classic_alias,unchanged,304,"""9c496f3e175aae90d469cc89bcf325e0""","Thu, 10 Sep 2026 18:31:57 GMT",84a188c3ca7648d49390a4985996f54e467929a2f47f5c2508bcd842731054a9,"Thu, 10 Sep 2026 18:31:57 GMT",https://sanctionslistservice.ofac.treas.gov/api/download/ALT.CSV,https://wc2h-sls-prod-public-published.s3.us-gov-west-1.amazonaws.com/Published/12b71ad8-073b-481f-95e6-ee474a18aedd/2026-09-09/8077e100-a6c9-4d99-a7c9-1b3b3161482f/ALT.CSV,,,89529,,,,0,0,,
2026-09-13T23:28:40Z,ofac_sdn,advanced_xml,unchanged,304,"""821bad80b6b9a1bb48635bfac6ce5310""","Thu, 10 Sep 2026 18:31:55 GMT",a1b8f07ec5b08700e006c2aaf7fd942d78123deab7bb07360bb3ee3ec733d0d9,"Thu, 10 Sep 2026 18:31:57 GMT",https://sanctionslistservice.ofac.treas.gov/api/PublicationPreview/exports/SDN_ADVANCED.XML,https://wc2h-sls-prod-public-published.s3.us-gov-west-1.amazonaws.com/Published/12b71ad8-073b-481f-95e6-ee474a18aedd/2026-09-09/8077e100-a6c9-4d99-a7c9-1b3b3161482f/SDN_ADVANCED.XML,,,89529,,,,0,0,,
2026-09-13T23:28:40Z,ofac_cons,classic_primary,unchanged,304,"""2a73fc2b7656b946311cfcc5f04073f8""","Thu, 10 Sep 2026 18:31:57 GMT",fa681487dfd865c189177b478a171178ab8e7133402342acc51f638a7bc121de,"Thu, 10 Sep 2026 18:31:57 GMT",https://sanctionslistservice.ofac.treas.gov/api/download/CONS_PRIM.CSV,https://wc2h-sls-prod-public-published.s3.us-gov-west-1.amazonaws.com/Published/12b71ad8-073b-481f-95e6-ee474a18aedd/2026-09-09/8077e100-a6c9-4d99-a7c9-1b3b3161482f/CONS_PRIM.CSV,cons_prim.csv,,3371,,,,0,0,,
2026-09-13T23:28:40Z,ofac_cons,classic_alias,unchanged,304,"""4263cf7a6e8ea6dde40b05b94bdcfd05""","Thu, 10 Sep 2026 18:31:57 GMT",303059e2484bfa7d669e6a5c202259c181d634eefe293528be8580706da33741,"Thu, 10 Sep 2026 18:31:57 GMT",https://sanctionslistservice.ofac.treas.gov/api/download/CONS_ALT.CSV,https://wc2h-sls-prod-public-published.s3.us-gov-west-1.amazonaws.com/Published/12b71ad8-073b-481f-95e6-ee474a18aedd/2026-09-09/8077e100-a6c9-4d99-a7c9-1b3b3161482f/CONS_ALT.CSV,,,3371,,,,0,0,,
2026-09-13T23:28:40Z,ofac_cons,advanced_xml,unchanged,304,"""b324afa7b516c97b509e5d57e2e45f2d""","Thu, 10 Sep 2026 18:31:56 GMT",c0cdbcc3c7cb9c6bc4af5e1cff6110220aaa7628cb8216882a4feac5e71ab971,"Thu, 10 Sep 2026 18:31:57 GMT",https://sanctionslistservice.ofac.treas.gov/api/PublicationPreview/exports/CONS_ADVANCED.XML,https://wc2h-sls-prod-public-published.s3.us-gov-west-1.amazonaws.com/Published/12b71ad8-073b-481f-95e6-ee474a18aedd/2026-09-09/8077e100-a6c9-4d99-a7c9-1b3b3161482f/CONS_ADVANCED.XML,,,3371,,,,0,0,,
2026-09-14T00:39:02Z,ofac_sdn,classic_primary,unchanged,304,"""7b8d1e512b838d3b39d0e7758e004dbe""","Thu, 10 Sep 2026 18:31:57 GMT",4da825621635b7d3c36039be0e83fdb2619200616292b5204bcffda78be9c89d,"Thu, 10 Sep 2026 18:31:57 GMT",https://sanctionslistservice.ofac.treas.gov/api/download/SDN.CSV,https://wc2h-sls-prod-public-published.s3.us-gov-west-1.amazonaws.com/Published/12b71ad8-073b-481f-95e6-ee474a18aedd/2026-09-09/8077e100-a6c9-4d99-a7c9-1b3b3161482f/SDN.CSV,sdn.csv,,89529,,,,0,0,,
2026-09-14T00:39:02Z,ofac_sdn,classic_alias,unchanged,304,"""9c496f3e175aae90d469cc89bcf325e0""","Thu, 10 Sep 2026 18:31:57 GMT",84a188c3ca7648d49390a4985996f54e467929a2f47f5c2508bcd842731054a9,"Thu, 10 Sep 2026 18:31:57 GMT",https://sanctionslistservice.ofac.treas.gov/api/download/ALT.CSV,https://wc2h-sls-prod-public-published.s3.us-gov-west-1.amazonaws.com/Published/12b71ad8-073b-481f-95e6-ee474a18aedd/2026-09-09/8077e100-a6c9-4d99-a7c9-1b3b3161482f/ALT.CSV,,,89529,,,,0,0,,
2026-09-14T00:39:02Z,ofac_sdn,advanced_xml,unchanged,304,"""821bad80b6b9a1bb48635bfac6ce5310""","Thu, 10 Sep 2026 18:31:55 GMT",a1b8f07ec5b08700e006c2aaf7fd942d78123deab7bb07360bb3ee3ec733d0d9,"Thu, 10 Sep 2026 18:31:57 GMT",https://sanctionslistservice.ofac.treas.gov/api/PublicationPreview/exports/SDN_ADVANCED.XML,https://wc2h-sls-prod-public-published.s3.us-gov-west-1.amazonaws.com/Published/12b71ad8-073b-481f-95e6-ee474a18aedd/2026-09-09/8077e100-a6c9-4d99-a7c9-1b3b3161482f/SDN_ADVANCED.XML,,,89529,,,,0,0,,
2026-09-14T00:39:02Z,ofac_cons,classic_primary,unchanged,304,"""2a73fc2b7656b946311cfcc5f04073f8""","Thu, 10 Sep 2026 18:31:57 GMT",fa681487dfd865c189177b478a171178ab8e7133402342acc51f638a7bc121de,"Thu, 10 Sep 2026 18:31:57 GMT",https://sanctionslistservice.ofac.treas.gov/api/download/CONS_PRIM.CSV,https://wc2h-sls-prod-public-published.s3.us-gov-west-1.amazonaws.com/Published/12b71ad8-073b-481f-95e6-ee474a18aedd/2026-09-09/8077e100-a6c9-4d99-a7c9-1b3b3161482f/CONS_PRIM.CSV,cons_prim.csv,,3371,,,,0,0,,
2026-09-14T00:39:02Z,ofac_cons,classic_alias,unchanged,304,"""4263cf7a6e8ea6dde40b05b94bdcfd05""","Thu, 10 Sep 2026 18:31:57 GMT",303059e2484bfa7d669e6a5c202259c181d634eefe293528be8580706da33741,"Thu, 10 Sep 2026 18:31:57 GMT",https://sanctionslistservice.ofac.treas.gov/api/download/CONS_ALT.CSV,https://wc2h-sls-prod-public-published.s3.us-gov-west-1.amazonaws.com/Published/12b71ad8-073b-481f-95e6-ee474a18aedd/2026-09-09/8077e100-a6c9-4d99-a7c9-1b3b3161482f/CONS_ALT.CSV,,,3371,,,,0,0,,
2026-09-14T00:39:02Z,ofac_cons,advanced_xml,unchanged,304,"""b324afa7b516c97b509e5d57e2e45f2d""","Thu, 10 Sep 2026 18:31:56 GMT",c0cdbcc3c7cb9c6bc4af5e1cff6110220aaa7628cb8216882a4feac5e71ab971,"Thu, 10 Sep 2026 18:31:57 GMT",https://sanctionslistservice.ofac.treas.gov/api/PublicationPreview/exports/CONS_ADVANCED.XML,https://wc2h-sls-prod-public-published.s3.us-gov-west-1.amazonaws.com/Published/12b71ad8-073b-481f-95e6-ee474a18aedd/2026-09-09/8077e100-a6c9-4d99-a7c9-1b3b3161482f/CONS_ADVANCED.XML,,,3371,,,,0,0,,
2026-09-14T00:50:15Z,mof,index_page,fetched,200,"""a251-65b083d534fc0""","Wed, 09 Sep 2026 08:00:07 GMT",80b8a9281ebe550806bc62ea1d4203fbd1238ede9a2fd09b2cc3efe6237167bb,令和8年9月10日,https://www.mof.go.jp/policy/international_policy/gaitame_kawase/gaitame/economic_sanctions/list.html,https://www.mof.go.jp/policy/international_policy/gaitame_kawase/gaitame/economic_sanctions/list.html,list.html,,,,,,0,0,,
2026-09-14T00:50:15Z,mof,list_file,unchanged,304,"""3225f7-65b083d71d440""","Wed, 09 Sep 2026 08:00:09 GMT",c46ccaf88a98ab9c4209c4032c91190fa740ac106767fe32331879d73de99d03,令和8年9月10日,https://www.mof.go.jp/policy/international_policy/gaitame_kawase/gaitame/economic_sanctions/shisantouketsu20260910.csv,https://www.mof.go.jp/policy/international_policy/gaitame_kawase/gaitame/economic_sanctions/shisantouketsu20260910.csv,shisantouketsu20260910.csv,,14743,,,,0,0,,
2026-09-14T00:50:15Z,meti,index_page,blocked,403,"W/""c3bb143a530e398af9a1c1a440f0189c""","Mon, 24 Aug 2026 07:11:49 GMT",,,https://www.meti.go.jp/policy/anpo/law09.html,https://www.meti.go.jp/policy/anpo/law09.html,,,,,,,1,0,HTTPError,403 Client Error: Forbidden for url: https://www.meti.go.jp/policy/anpo/law09.html
2026-09-14T01:29:52Z,ofac_sdn,classic_primary,unchanged,304,"""7b8d1e512b838d3b39d0e7758e004dbe""","Thu, 10 Sep 2026 18:31:57 GMT",4da825621635b7d3c36039be0e83fdb2619200616292b5204bcffda78be9c89d,"Thu, 10 Sep 2026 18:31:57 GMT",https://sanctionslistservice.ofac.treas.gov/api/download/SDN.CSV,https://wc2h-sls-prod-public-published.s3.us-gov-west-1.amazonaws.com/Published/12b71ad8-073b-481f-95e6-ee474a18aedd/2026-09-09/8077e100-a6c9-4d99-a7c9-1b3b3161482f/SDN.CSV,sdn.csv,,89529,,,,0,0,,
2026-09-14T01:29:52Z,ofac_sdn,classic_alias,unchanged,304,"""9c496f3e175aae90d469cc89bcf325e0""","Thu, 10 Sep 2026 18:31:57 GMT",84a188c3ca7648d49390a4985996f54e467929a2f47f5c2508bcd842731054a9,"Thu, 10 Sep 2026 18:31:57 GMT",https://sanctionslistservice.ofac.treas.gov/api/download/ALT.CSV,https://wc2h-sls-prod-public-published.s3.us-gov-west-1.amazonaws.com/Published/12b71ad8-073b-481f-95e6-ee474a18aedd/2026-09-09/8077e100-a6c9-4d99-a7c9-1b3b3161482f/ALT.CSV,,,89529,,,,0,0,,
2026-09-14T01:29:52Z,ofac_sdn,advanced_xml,unchanged,304,"""821bad80b6b9a1bb48635bfac6ce5310""","Thu, 10 Sep 2026 18:31:55 GMT",a1b8f07ec5b08700e006c2aaf7fd942d78123deab7bb07360bb3ee3ec733d0d9,"Thu, 10 Sep 2026 18:31:57 GMT",https://sanctionslistservice.ofac.treas.gov/api/PublicationPreview/exports/SDN_ADVANCED.XML,https://wc2h-sls-prod-public-published.s3.us-gov-west-1.amazonaws.com/Published/12b71ad8-073b-481f-95e6-ee474a18aedd/2026-09-09/8077e100-a6c9-4d99-a7c9-1b3b3161482f/SDN_ADVANCED.XML,,,89529,,,,0,0,,
2026-09-14T01:29:52Z,ofac_cons,classic_primary,unchanged,304,"""2a73fc2b7656b946311cfcc5f04073f8""","Thu, 10 Sep 2026 18:31:57 GMT",fa681487dfd865c189177b478a171178ab8e7133402342acc51f638a7bc121de,"Thu, 10 Sep 2026 18:31:57 GMT",https://sanctionslistservice.ofac.treas.gov/api/download/CONS_PRIM.CSV,https://wc2h-sls-prod-public-published.s3.us-gov-west-1.amazonaws.com/Published/12b71ad8-073b-481f-95e6-ee474a18aedd/2026-09-09/8077e100-a6c9-4d99-a7c9-1b3b3161482f/CONS_PRIM.CSV,cons_prim.csv,,3371,,,,0,0,,
2026-09-14T01:29:52Z,ofac_cons,classic_alias,unchanged,304,"""4263cf7a6e8ea6dde40b05b94bdcfd05""","Thu, 10 Sep 2026 18:31:57 GMT",303059e2484bfa7d669e6a5c202259c181d634eefe293528be8580706da33741,"Thu, 10 Sep 2026 18:31:57 GMT",https://sanctionslistservice.ofac.treas.gov/api/download/CONS_ALT.CSV,https://wc2h-sls-prod-public-published.s3.us-gov-west-1.amazonaws.com/Published/12b71ad8-073b-481f-95e6-ee474a18aedd/2026-09-09/8077e100-a6c9-4d99-a7c9-1b3b3161482f/CONS_ALT.CSV,,,3371,,,,0,0,,
2026-09-14T01:29:52Z,ofac_cons,advanced_xml,unchanged,304,"""b324afa7b516c97b509e5d57e2e45f2d""","Thu, 10 Sep 2026 18:31:56 GMT",c0cdbcc3c7cb9c6bc4af5e1cff6110220aaa7628cb8216882a4feac5e71ab971,"Thu, 10 Sep 2026 18:31:57 GMT",https://sanctionslistservice.ofac.treas.gov/api/PublicationPreview/exports/CONS_ADVANCED.XML,https://wc2h-sls-prod-public-published.s3.us-gov-west-1.amazonaws.com/Published/12b71ad8-073b-481f-95e6-ee474a18aedd/2026-09-09/8077e100-a6c9-4d99-a7c9-1b3b3161482f/CONS_ADVANCED.XML,,,3371,,,,0,0,,
2026-09-14T02:31:36Z,ofac_sdn,classic_primary,unchanged,304,"""7b8d1e512b838d3b39d0e7758e004dbe""","Thu, 10 Sep 2026 18:31:57 GMT",4da825621635b7d3c36039be0e83fdb2619200616292b5204bcffda78be9c89d,"Thu, 10 Sep 2026 18:31:57 GMT",https://sanctionslistservice.ofac.treas.gov/api/download/SDN.CSV,https://wc2h-sls-prod-public-published.s3.us-gov-west-1.amazonaws.com/Published/12b71ad8-073b-481f-95e6-ee474a18aedd/2026-09-09/8077e100-a6c9-4d99-a7c9-1b3b3161482f/SDN.CSV,sdn.csv,,89529,,,,0,0,,
2026-09-14T02:31:36Z,ofac_sdn,classic_alias,unchanged,304,"""9c496f3e175aae90d469cc89bcf325e0""","Thu, 10 Sep 2026 18:31:57 GMT",84a188c3ca7648d49390a4985996f54e467929a2f47f5c2508bcd842731054a9,"Thu, 10 Sep 2026 18:31:57 GMT",https://sanctionslistservice.ofac.treas.gov/api/download/ALT.CSV,https://wc2h-sls-prod-public-published.s3.us-gov-west-1.amazonaws.com/Published/12b71ad8-073b-481f-95e6-ee474a18aedd/2026-09-09/8077e100-a6c9-4d99-a7c9-1b3b3161482f/ALT.CSV,,,89529,,,,0,0,,
2026-09-14T02:31:36Z,ofac_sdn,advanced_xml,unchanged,304,"""821bad80b6b9a1bb48635bfac6ce5310""","Thu, 10 Sep 2026 18:31:55 GMT",a1b8f07ec5b08700e006c2aaf7fd942d78123deab7bb07360bb3ee3ec733d0d9,"Thu, 10 Sep 2026 18:31:57 GMT",https://sanctionslistservice.ofac.treas.gov/api/PublicationPreview/exports/SDN_ADVANCED.XML,https://wc2h-sls-prod-public-published.s3.us-gov-west-1.amazonaws.com/Published/12b71ad8-073b-481f-95e6-ee474a18aedd/2026-09-09/8077e100-a6c9-4d99-a7c9-1b3b3161482f/SDN_ADVANCED.XML,,,89529,,,,0,0,,
2026-09-14T02:31:36Z,ofac_cons,classic_primary,unchanged,304,"""2a73fc2b7656b946311cfcc5f04073f8""","Thu, 10 Sep 2026 18:31:57 GMT",fa681487dfd865c189177b478a171178ab8e7133402342acc51f638a7bc121de,"Thu, 10 Sep 2026 18:31:57 GMT",https://sanctionslistservice.ofac.treas.gov/api/download/CONS_PRIM.CSV,https://wc2h-sls-prod-public-published.s3.us-gov-west-1.amazonaws.com/Published/12b71ad8-073b-481f-95e6-ee474a18aedd/2026-09-09/8077e100-a6c9-4d99-a7c9-1b3b3161482f/CONS_PRIM.CSV,cons_prim.csv,,3371,,,,0,0,,
2026-09-14T02:31:36Z,ofac_cons,classic_alias,unchanged,304,"""4263cf7a6e8ea6dde40b05b94bdcfd05""","Thu, 10 Sep 2026 18:31:57 GMT",303059e2484bfa7d669e6a5c202259c181d634eefe293528be8580706da33741,"Thu, 10 Sep 2026 18:31:57 GMT",https://sanctionslistservice.ofac.treas.gov/api/download/CONS_ALT.CSV,https://wc2h-sls-prod-public-published.s3.us-gov-west-1.amazonaws.com/Published/12b71ad8-073b-481f-95e6-ee474a18aedd/2026-09-09/8077e100-a6c9-4d99-a7c9-1b3b3161482f/CONS_ALT.CSV,,,3371,,,,0,0,,
2026-09-14T02:31:36Z,ofac_cons,advanced_xml,unchanged,304,"""b324afa7b516c97b509e5d57e2e45f2d""","Thu, 10 Sep 2026 18:31:56 GMT",c0cdbcc3c7cb9c6bc4af5e1cff6110220aaa7628cb8216882a4feac5e71ab971,"Thu, 10 Sep 2026 18:31:57 GMT",https://sanctionslistservice.ofac.treas.gov/api/PublicationPreview/exports/CONS_ADVANCED.XML,https://wc2h-sls-prod-public-published.s3.us-gov-west-1.amazonaws.com/Published/12b71ad8-073b-481f-95e6-ee474a18aedd/2026-09-09/8077e100-a6c9-4d99-a7c9-1b3b3161482f/CONS_ADVANCED.XML,,,3371,,,,0,0,,
2026-09-14T03:32:17Z,ofac_sdn,classic_primary,unchanged,304,"""7b8d1e512b838d3b39d0e7758e004dbe""","Thu, 10 Sep 2026 18:31:57 GMT",4da825621635b7d3c36039be0e83fdb2619200616292b5204bcffda78be9c89d,"Thu, 10 Sep 2026 18:31:57 GMT",https://sanctionslistservice.ofac.treas.gov/api/download/SDN.CSV,https://wc2h-sls-prod-public-published.s3.us-gov-west-1.amazonaws.com/Published/12b71ad8-073b-481f-95e6-ee474a18aedd/2026-09-09/8077e100-a6c9-4d99-a7c9-1b3b3161482f/SDN.CSV,sdn.csv,,89529,,,,0,0,,
2026-09-14T03:32:17Z,ofac_sdn,classic_alias,unchanged,304,"""9c496f3e175aae90d469cc89bcf325e0""","Thu, 10 Sep 2026 18:31:57 GMT",84a188c3ca7648d49390a4985996f54e467929a2f47f5c2508bcd842731054a9,"Thu, 10 Sep 2026 18:31:57 GMT",https://sanctionslistservice.ofac.treas.gov/api/download/ALT.CSV,https://wc2h-sls-prod-public-published.s3.us-gov-west-1.amazonaws.com/Published/12b71ad8-073b-481f-95e6-ee474a18aedd/2026-09-09/8077e100-a6c9-4d99-a7c9-1b3b3161482f/ALT.CSV,,,89529,,,,0,0,,
2026-09-14T03:32:17Z,ofac_sdn,advanced_xml,unchanged,304,"""821bad80b6b9a1bb48635bfac6ce5310""","Thu, 10 Sep 2026 18:31:55 GMT",a1b8f07ec5b08700e006c2aaf7fd942d78123deab7bb07360bb3ee3ec733d0d9,"Thu, 10 Sep 2026 18:31:57 GMT",https://sanctionslistservice.ofac.treas.gov/api/PublicationPreview/exports/SDN_ADVANCED.XML,https://wc2h-sls-prod-public-published.s3.us-gov-west-1.amazonaws.com/Published/12b71ad8-073b-481f-95e6-ee474a18aedd/2026-09-09/8077e100-a6c9-4d99-a7c9-1b3b3161482f/SDN_ADVANCED.XML,,,89529,,,,0,0,,
2026-09-14T03:32:17Z,ofac_cons,classic_primary,unchanged,304,"""2a73fc2b7656b946311cfcc5f04073f8""","Thu, 10 Sep 2026 18:31:57 GMT",fa681487dfd865c189177b478a171178ab8e7133402342acc51f638a7bc121de,"Thu, 10 Sep 2026 18:31:57 GMT",https://sanctionslistservice.ofac.treas.gov/api/download/CONS_PRIM.CSV,https://wc2h-sls-prod-public-published.s3.us-gov-west-1.amazonaws.com/Published/12b71ad8-073b-481f-95e6-ee474a18aedd/2026-09-09/8077e100-a6c9-4d99-a7c9-1b3b3161482f/CONS_PRIM.CSV,cons_prim.csv,,3371,,,,0,0,,
2026-09-14T03:32:17Z,ofac_cons,classic_alias,unchanged,304,"""4263cf7a6e8ea6dde40b05b94bdcfd05""","Thu, 10 Sep 2026 18:31:57 GMT",303059e2484bfa7d669e6a5c202259c181d634eefe293528be8580706da33741,"Thu, 10 Sep 2026 18:31:57 GMT",https://sanctionslistservice.ofac.treas.gov/api/download/CONS_ALT.CSV,https://wc2h-sls-prod-public-published.s3.us-gov-west-1.amazonaws.com/Published/12b71ad8-073b-481f-95e6-ee474a18aedd/2026-09-09/8077e100-a6c9-4d99-a7c9-1b3b3161482f/CONS_ALT.CSV,,,3371,,,,0,0,,
2026-09-14T03:32:17Z,ofac_cons,advanced_xml,unchanged,304,"""b324afa7b516c97b509e5d57e2e45f2d""","Thu, 10 Sep 2026 18:31:56 GMT",c0cdbcc3c7cb9c6bc4af5e1cff6110220aaa7628cb8216882a4feac5e71ab971,"Thu, 10 Sep 2026 18:31:57 GMT",https://sanctionslistservice.ofac.treas.gov/api/PublicationPreview/exports/CONS_ADVANCED.XML,https://wc2h-sls-prod-public-published.s3.us-gov-west-1.amazonaws.com/Published/12b71ad8-073b-481f-95e6-ee474a18aedd/2026-09-09/8077e100-a6c9-4d99-a7c9-1b3b3161482f/CONS_ADVANCED.XML,,,3371,,,,0,0,,
2026-09-14T04:32:30Z,ofac_sdn,classic_primary,unchanged,304,"""7b8d1e512b838d3b39d0e7758e004dbe""","Thu, 10 Sep 2026 18:31:57 GMT",4da825621635b7d3c36039be0e83fdb2619200616292b5204bcffda78be9c89d,"Thu, 10 Sep 2026 18:31:57 GMT",https://sanctionslistservice.ofac.treas.gov/api/download/SDN.CSV,https://wc2h-sls-prod-public-published.s3.us-gov-west-1.amazonaws.com/Published/12b71ad8-073b-481f-95e6-ee474a18aedd/2026-09-09/8077e100-a6c9-4d99-a7c9-1b3b3161482f/SDN.CSV,sdn.csv,,89529,,,,0,0,,
2026-09-14T04:32:30Z,ofac_sdn,classic_alias,unchanged,304,"""9c496f3e175aae90d469cc89bcf325e0""","Thu, 10 Sep 2026 18:31:57 GMT",84a188c3ca7648d49390a4985996f54e467929a2f47f5c2508bcd842731054a9,"Thu, 10 Sep 2026 18:31:57 GMT",https://sanctionslistservice.ofac.treas.gov/api/download/ALT.CSV,https://wc2h-sls-prod-public-published.s3.us-gov-west-1.amazonaws.com/Published/12b71ad8-073b-481f-95e6-ee474a18aedd/2026-09-09/8077e100-a6c9-4d99-a7c9-1b3b3161482f/ALT.CSV,,,89529,,,,0,0,,
2026-09-14T04:32:30Z,ofac_sdn,advanced_xml,unchanged,304,"""821bad80b6b9a1bb48635bfac6ce5310""","Thu, 10 Sep 2026 18:31:55 GMT",a1b8f07ec5b08700e006c2aaf7fd942d78123deab7bb07360bb3ee3ec733d0d9,"Thu, 10 Sep 2026 18:31:57 GMT",https://sanctionslistservice.ofac.treas.gov/api/PublicationPreview/exports/SDN_ADVANCED.XML,https://wc2h-sls-prod-public-published.s3.us-gov-west-1.amazonaws.com/Published/12b71ad8-073b-481f-95e6-ee474a18aedd/2026-09-09/8077e100-a6c9-4d99-a7c9-1b3b3161482f/SDN_ADVANCED.XML,,,89529,,,,0,0,,
2026-09-14T04:32:30Z,ofac_cons,classic_primary,unchanged,304,"""2a73fc2b7656b946311cfcc5f04073f8""","Thu, 10 Sep 2026 18:31:57 GMT",fa681487dfd865c189177b478a171178ab8e7133402342acc51f638a7bc121de,"Thu, 10 Sep 2026 18:31:57 GMT",https://sanctionslistservice.ofac.treas.gov/api/download/CONS_PRIM.CSV,https://wc2h-sls-prod-public-published.s3.us-gov-west-1.amazonaws.com/Published/12b71ad8-073b-481f-95e6-ee474a18aedd/2026-09-09/8077e100-a6c9-4d99-a7c9-1b3b3161482f/CONS_PRIM.CSV,cons_prim.csv,,3371,,,,0,0,,
2026-09-14T04:32:30Z,ofac_cons,classic_alias,unchanged,304,"""4263cf7a6e8ea6dde40b05b94bdcfd05""","Thu, 10 Sep 2026 18:31:57 GMT",303059e2484bfa7d669e6a5c202259c181d634eefe293528be8580706da33741,"Thu, 10 Sep 2026 18:31:57 GMT",https://sanctionslistservice.ofac.treas.gov/api/download/CONS_ALT.CSV,https://wc2h-sls-prod-public-published.s3.us-gov-west-1.amazonaws.com/Published/12b71ad8-073b-481f-95e6-ee474a18aedd/2026-09-09/8077e100-a6c9-4d99-a7c9-1b3b3161482f/CONS_ALT.CSV,,,3371,,,,0,0,,
2026-09-14T04:32:30Z,ofac_cons,advanced_xml,unchanged,304,"""b324afa7b516c97b509e5d57e2e45f2d""","Thu, 10 Sep 2026 18:31:56 GMT",c0cdbcc3c7cb9c6bc4af5e1cff6110220aaa7628cb8216882a4feac5e71ab971,"Thu, 10 Sep 2026 18:31:57 GMT",https://sanctionslistservice.ofac.treas.gov/api/PublicationPreview/exports/CONS_ADVANCED.XML,https://wc2h-sls-prod-public-published.s3.us-gov-west-1.amazonaws.com/Published/12b71ad8-073b-481f-95e6-ee474a18aedd/2026-09-09/8077e100-a6c9-4d99-a7c9-1b3b3161482f/CONS_ADVANCED.XML,,,3371,,,,0,0,,
2026-09-14T05:30:08Z,ofac_sdn,classic_primary,unchanged,304,"""7b8d1e512b838d3b39d0e7758e004dbe""","Thu, 10 Sep 2026 18:31:57 GMT",4da825621635b7d3c36039be0e83fdb2619200616292b5204bcffda78be9c89d,"Thu, 10 Sep 2026 18:31:57 GMT",https://sanctionslistservice.ofac.treas.gov/api/download/SDN.CSV,https://wc2h-sls-prod-public-published.s3.us-gov-west-1.amazonaws.com/Published/12b71ad8-073b-481f-95e6-ee474a18aedd/2026-09-09/8077e100-a6c9-4d99-a7c9-1b3b3161482f/SDN.CSV,sdn.csv,,89529,,,,0,0,,
2026-09-14T05:30:08Z,ofac_sdn,classic_alias,unchanged,304,"""9c496f3e175aae90d469cc89bcf325e0""","Thu, 10 Sep 2026 18:31:57 GMT",84a188c3ca7648d49390a4985996f54e467929a2f47f5c2508bcd842731054a9,"Thu, 10 Sep 2026 18:31:57 GMT",https://sanctionslistservice.ofac.treas.gov/api/download/ALT.CSV,https://wc2h-sls-prod-public-published.s3.us-gov-west-1.amazonaws.com/Published/12b71ad8-073b-481f-95e6-ee474a18aedd/2026-09-09/8077e100-a6c9-4d99-a7c9-1b3b3161482f/ALT.CSV,,,89529,,,,0,0,,
2026-09-14T05:30:08Z,ofac_sdn,advanced_xml,unchanged,304,"""821bad80b6b9a1bb48635bfac6ce5310""","Thu, 10 Sep 2026 18:31:55 GMT",a1b8f07ec5b08700e006c2aaf7fd942d78123deab7bb07360bb3ee3ec733d0d9,"Thu, 10 Sep 2026 18:31:57 GMT",https://sanctionslistservice.ofac.treas.gov/api/PublicationPreview/exports/SDN_ADVANCED.XML,https://wc2h-sls-prod-public-published.s3.us-gov-west-1.amazonaws.com/Published/12b71ad8-073b-481f-95e6-ee474a18aedd/2026-09-09/8077e100-a6c9-4d99-a7c9-1b3b3161482f/SDN_ADVANCED.XML,,,89529,,,,0,0,,
2026-09-14T05:30:08Z,ofac_cons,classic_primary,unchanged,304,"""2a73fc2b7656b946311cfcc5f04073f8""","Thu, 10 Sep 2026 18:31:57 GMT",fa681487dfd865c189177b478a171178ab8e7133402342acc51f638a7bc121de,"Thu, 10 Sep 2026 18:31:57 GMT",https://sanctionslistservice.ofac.treas.gov/api/download/CONS_PRIM.CSV,https://wc2h-sls-prod-public-published.s3.us-gov-west-1.amazonaws.com/Published/12b71ad8-073b-481f-95e6-ee474a18aedd/2026-09-09/8077e100-a6c9-4d99-a7c9-1b3b3161482f/CONS_PRIM.CSV,cons_prim.csv,,3371,,,,0,0,,
2026-09-14T05:30:08Z,ofac_cons,classic_alias,unchanged,304,"""4263cf7a6e8ea6dde40b05b94bdcfd05""","Thu, 10 Sep 2026 18:31:57 GMT",303059e2484bfa7d669e6a5c202259c181d634eefe293528be8580706da33741,"Thu, 10 Sep 2026 18:31:57 GMT",https://sanctionslistservice.ofac.treas.gov/api/download/CONS_ALT.CSV,https://wc2h-sls-prod-public-published.s3.us-gov-west-1.amazonaws.com/Published/12b71ad8-073b-481f-95e6-ee474a18aedd/2026-09-09/8077e100-a6c9-4d99-a7c9-1b3b3161482f/CONS_ALT.CSV,,,3371,,,,0,0,,
2026-09-14T05:30:08Z,ofac_cons,advanced_xml,unchanged,304,"""b324afa7b516c97b509e5d57e2e45f2d""","Thu, 10 Sep 2026 18:31:56 GMT",c0cdbcc3c7cb9c6bc4af5e1cff6110220aaa7628cb8216882a4feac5e71ab971,"Thu, 10 Sep 2026 18:31:57 GMT",https://sanctionslistservice.ofac.treas.gov/api/PublicationPreview/exports/CONS_ADVANCED.XML,https://wc2h-sls-prod-public-published.s3.us-gov-west-1.amazonaws.com/Published/12b71ad8-073b-481f-95e6-ee474a18aedd/2026-09-09/8077e100-a6c9-4d99-a7c9-1b3b3161482f/CONS_ADVANCED.XML,,,3371,,,,0,0,,
2026-09-14T06:39:29Z,ofac_sdn,classic_primary,unchanged,304,"""7b8d1e512b838d3b39d0e7758e004dbe""","Thu, 10 Sep 2026 18:31:57 GMT",4da825621635b7d3c36039be0e83fdb2619200616292b5204bcffda78be9c89d,"Thu, 10 Sep 2026 18:31:57 GMT",https://sanctionslistservice.ofac.treas.gov/api/download/SDN.CSV,https://wc2h-sls-prod-public-published.s3.us-gov-west-1.amazonaws.com/Published/12b71ad8-073b-481f-95e6-ee474a18aedd/2026-09-09/8077e100-a6c9-4d99-a7c9-1b3b3161482f/SDN.CSV,sdn.csv,,89529,,,,0,0,,
2026-09-14T06:39:29Z,ofac_sdn,classic_alias,unchanged,304,"""9c496f3e175aae90d469cc89bcf325e0""","Thu, 10 Sep 2026 18:31:57 GMT",84a188c3ca7648d49390a4985996f54e467929a2f47f5c2508bcd842731054a9,"Thu, 10 Sep 2026 18:31:57 GMT",https://sanctionslistservice.ofac.treas.gov/api/download/ALT.CSV,https://wc2h-sls-prod-public-published.s3.us-gov-west-1.amazonaws.com/Published/12b71ad8-073b-481f-95e6-ee474a18aedd/2026-09-09/8077e100-a6c9-4d99-a7c9-1b3b3161482f/ALT.CSV,,,89529,,,,0,0,,
2026-09-14T06:39:29Z,ofac_sdn,advanced_xml,unchanged,304,"""821bad80b6b9a1bb48635bfac6ce5310""","Thu, 10 Sep 2026 18:31:55 GMT",a1b8f07ec5b08700e006c2aaf7fd942d78123deab7bb07360bb3ee3ec733d0d9,"Thu, 10 Sep 2026 18:31:57 GMT",https://sanctionslistservice.ofac.treas.gov/api/PublicationPreview/exports/SDN_ADVANCED.XML,https://wc2h-sls-prod-public-published.s3.us-gov-west-1.amazonaws.com/Published/12b71ad8-073b-481f-95e6-ee474a18aedd/2026-09-09/8077e100-a6c9-4d99-a7c9-1b3b3161482f/SDN_ADVANCED.XML,,,89529,,,,0,0,,
2026-09-14T06:39:29Z,ofac_cons,classic_primary,unchanged,304,"""2a73fc2b7656b946311cfcc5f04073f8""","Thu, 10 Sep 2026 18:31:57 GMT",fa681487dfd865c189177b478a171178ab8e7133402342acc51f638a7bc121de,"Thu, 10 Sep 2026 18:31:57 GMT",https://sanctionslistservice.ofac.treas.gov/api/download/CONS_PRIM.CSV,https://wc2h-sls-prod-public-published.s3.us-gov-west-1.amazonaws.com/Published/12b71ad8-073b-481f-95e6-ee474a18aedd/2026-09-09/8077e100-a6c9-4d99-a7c9-1b3b3161482f/CONS_PRIM.CSV,cons_prim.csv,,3371,,,,0,0,,
2026-09-14T06:39:29Z,ofac_cons,classic_alias,unchanged,304,"""4263cf7a6e8ea6dde40b05b94bdcfd05""","Thu, 10 Sep 2026 18:31:57 GMT",303059e2484bfa7d669e6a5c202259c181d634eefe293528be8580706da33741,"Thu, 10 Sep 2026 18:31:57 GMT",https://sanctionslistservice.ofac.treas.gov/api/download/CONS_ALT.CSV,https://wc2h-sls-prod-public-published.s3.us-gov-west-1.amazonaws.com/Published/12b71ad8-073b-481f-95e6-ee474a18aedd/2026-09-09/8077e100-a6c9-4d99-a7c9-1b3b3161482f/CONS_ALT.CSV,,,3371,,,,0,0,,
2026-09-14T06:39:29Z,ofac_cons,advanced_xml,unchanged,304,"""b324afa7b516c97b509e5d57e2e45f2d""","Thu, 10 Sep 2026 18:31:56 GMT",c0cdbcc3c7cb9c6bc4af5e1cff6110220aaa7628cb8216882a4feac5e71ab971,"Thu, 10 Sep 2026 18:31:57 GMT",https://sanctionslistservice.ofac.treas.gov/api/PublicationPreview/exports/CONS_ADVANCED.XML,https://wc2h-sls-prod-public-published.s3.us-gov-west-1.amazonaws.com/Published/12b71ad8-073b-481f-95e6-ee474a18aedd/2026-09-09/8077e100-a6c9-4d99-a7c9-1b3b3161482f/CONS_ADVANCED.XML,,,3371,,,,0,0,,
2026-09-14T06:51:49Z,mof,index_page,fetched,200,"""a251-65b083d534fc0""","Wed, 09 Sep 2026 08:00:07 GMT",6afb68e2ffb679aec49d466d80ed58aed065e1c4e8b95f0e703939bc90cb8751,令和8年9月10日,https://www.mof.go.jp/policy/international_policy/gaitame_kawase/gaitame/economic_sanctions/list.html,https://www.mof.go.jp/policy/international_policy/gaitame_kawase/gaitame/economic_sanctions/list.html,list.html,,,,,,0,0,,
2026-09-14T06:51:49Z,mof,list_file,unchanged,304,"""3225f7-65b083d71d440""","Wed, 09 Sep 2026 08:00:09 GMT",c46ccaf88a98ab9c4209c4032c91190fa740ac106767fe32331879d73de99d03,令和8年9月10日,https://www.mof.go.jp/policy/international_policy/gaitame_kawase/gaitame/economic_sanctions/shisantouketsu20260910.csv,https://www.mof.go.jp/policy/international_policy/gaitame_kawase/gaitame/economic_sanctions/shisantouketsu20260910.csv,shisantouketsu20260910.csv,,14743,,,,0,0,,
2026-09-14T06:51:49Z,meti,index_page,blocked,403,"W/""c3bb143a530e398af9a1c1a440f0189c""","Mon, 24 Aug 2026 07:11:49 GMT",,,https://www.meti.go.jp/policy/anpo/law09.html,https://www.meti.go.jp/policy/anpo/law09.html,,,,,,,1,0,HTTPError,403 Client Error: Forbidden for url: https://www.meti.go.jp/policy/anpo/law09.html
2026-09-14T07:32:42Z,ofac_sdn,classic_primary,unchanged,304,"""7b8d1e512b838d3b39d0e7758e004dbe""","Thu, 10 Sep 2026 18:31:57 GMT",4da825621635b7d3c36039be0e83fdb2619200616292b5204bcffda78be9c89d,"Thu, 10 Sep 2026 18:31:57 GMT",https://sanctionslistservice.ofac.treas.gov/api/download/SDN.CSV,https://wc2h-sls-prod-public-published.s3.us-gov-west-1.amazonaws.com/Published/12b71ad8-073b-481f-95e6-ee474a18aedd/2026-09-09/8077e100-a6c9-4d99-a7c9-1b3b3161482f/SDN.CSV,sdn.csv,,89529,,,,0,0,,
2026-09-14T07:32:42Z,ofac_sdn,classic_alias,unchanged,304,"""9c496f3e175aae90d469cc89bcf325e0""","Thu, 10 Sep 2026 18:31:57 GMT",84a188c3ca7648d49390a4985996f54e467929a2f47f5c2508bcd842731054a9,"Thu, 10 Sep 2026 18:31:57 GMT",https://sanctionslistservice.ofac.treas.gov/api/download/ALT.CSV,https://wc2h-sls-prod-public-published.s3.us-gov-west-1.amazonaws.com/Published/12b71ad8-073b-481f-95e6-ee474a18aedd/2026-09-09/8077e100-a6c9-4d99-a7c9-1b3b3161482f/ALT.CSV,,,89529,,,,0,0,,
2026-09-14T07:32:42Z,ofac_sdn,advanced_xml,unchanged,304,"""821bad80b6b9a1bb48635bfac6ce5310""","Thu, 10 Sep 2026 18:31:55 GMT",a1b8f07ec5b08700e006c2aaf7fd942d78123deab7bb07360bb3ee3ec733d0d9,"Thu, 10 Sep 2026 18:31:57 GMT",https://sanctionslistservice.ofac.treas.gov/api/PublicationPreview/exports/SDN_ADVANCED.XML,https://wc2h-sls-prod-public-published.s3.us-gov-west-1.amazonaws.com/Published/12b71ad8-073b-481f-95e6-ee474a18aedd/2026-09-09/8077e100-a6c9-4d99-a7c9-1b3b3161482f/SDN_ADVANCED.XML,,,89529,,,,0,0,,
2026-09-14T07:32:42Z,ofac_cons,classic_primary,unchanged,304,"""2a73fc2b7656b946311cfcc5f04073f8""","Thu, 10 Sep 2026 18:31:57 GMT",fa681487dfd865c189177b478a171178ab8e7133402342acc51f638a7bc121de,"Thu, 10 Sep 2026 18:31:57 GMT",https://sanctionslistservice.ofac.treas.gov/api/download/CONS_PRIM.CSV,https://wc2h-sls-prod-public-published.s3.us-gov-west-1.amazonaws.com/Published/12b71ad8-073b-481f-95e6-ee474a18aedd/2026-09-09/8077e100-a6c9-4d99-a7c9-1b3b3161482f/CONS_PRIM.CSV,cons_prim.csv,,3371,,,,0,0,,
2026-09-14T07:32:42Z,ofac_cons,classic_alias,unchanged,304,"""4263cf7a6e8ea6dde40b05b94bdcfd05""","Thu, 10 Sep 2026 18:31:57 GMT",303059e2484bfa7d669e6a5c202259c181d634eefe293528be8580706da33741,"Thu, 10 Sep 2026 18:31:57 GMT",https://sanctionslistservice.ofac.treas.gov/api/download/CONS_ALT.CSV,https://wc2h-sls-prod-public-published.s3.us-gov-west-1.amazonaws.com/Published/12b71ad8-073b-481f-95e6-ee474a18aedd/2026-09-09/8077e100-a6c9-4d99-a7c9-1b3b3161482f/CONS_ALT.CSV,,,3371,,,,0,0,,
2026-09-14T07:32:42Z,ofac_cons,advanced_xml,unchanged,304,"""b324afa7b516c97b509e5d57e2e45f2d""","Thu, 10 Sep 2026 18:31:56 GMT",c0cdbcc3c7cb9c6bc4af5e1cff6110220aaa7628cb8216882a4feac5e71ab971,"Thu, 10 Sep 2026 18:31:57 GMT",https://sanctionslistservice.ofac.treas.gov/api/PublicationPreview/exports/CONS_ADVANCED.XML,https://wc2h-sls-prod-public-published.s3.us-gov-west-1.amazonaws.com/Published/12b71ad8-073b-481f-95e6-ee474a18aedd/2026-09-09/8077e100-a6c9-4d99-a7c9-1b3b3161482f/CONS_ADVANCED.XML,,,3371,,,,0,0,,
2026-09-14T08:33:21Z,ofac_sdn,classic_primary,unchanged,304,"""7b8d1e512b838d3b39d0e7758e004dbe""","Thu, 10 Sep 2026 18:31:57 GMT",4da825621635b7d3c36039be0e83fdb2619200616292b5204bcffda78be9c89d,"Thu, 10 Sep 2026 18:31:57 GMT",https://sanctionslistservice.ofac.treas.gov/api/download/SDN.CSV,https://wc2h-sls-prod-public-published.s3.us-gov-west-1.amazonaws.com/Published/12b71ad8-073b-481f-95e6-ee474a18aedd/2026-09-09/8077e100-a6c9-4d99-a7c9-1b3b3161482f/SDN.CSV,sdn.csv,,89529,,,,0,0,,
2026-09-14T08:33:21Z,ofac_sdn,classic_alias,unchanged,304,"""9c496f3e175aae90d469cc89bcf325e0""","Thu, 10 Sep 2026 18:31:57 GMT",84a188c3ca7648d49390a4985996f54e467929a2f47f5c2508bcd842731054a9,"Thu, 10 Sep 2026 18:31:57 GMT",https://sanctionslistservice.ofac.treas.gov/api/download/ALT.CSV,https://wc2h-sls-prod-public-published.s3.us-gov-west-1.amazonaws.com/Published/12b71ad8-073b-481f-95e6-ee474a18aedd/2026-09-09/8077e100-a6c9-4d99-a7c9-1b3b3161482f/ALT.CSV,,,89529,,,,0,0,,
2026-09-14T08:33:21Z,ofac_sdn,advanced_xml,unchanged,304,"""821bad80b6b9a1bb48635bfac6ce5310""","Thu, 10 Sep 2026 18:31:55 GMT",a1b8f07ec5b08700e006c2aaf7fd942d78123deab7bb07360bb3ee3ec733d0d9,"Thu, 10 Sep 2026 18:31:57 GMT",https://sanctionslistservice.ofac.treas.gov/api/PublicationPreview/exports/SDN_ADVANCED.XML,https://wc2h-sls-prod-public-published.s3.us-gov-west-1.amazonaws.com/Published/12b71ad8-073b-481f-95e6-ee474a18aedd/2026-09-09/8077e100-a6c9-4d99-a7c9-1b3b3161482f/SDN_ADVANCED.XML,,,89529,,,,0,0,,
2026-09-14T08:33:21Z,ofac_cons,classic_primary,unchanged,304,"""2a73fc2b7656b946311cfcc5f04073f8""","Thu, 10 Sep 2026 18:31:57 GMT",fa681487dfd865c189177b478a171178ab8e7133402342acc51f638a7bc121de,"Thu, 10 Sep 2026 18:31:57 GMT",https://sanctionslistservice.ofac.treas.gov/api/download/CONS_PRIM.CSV,https://wc2h-sls-prod-public-published.s3.us-gov-west-1.amazonaws.com/Published/12b71ad8-073b-481f-95e6-ee474a18aedd/2026-09-09/8077e100-a6c9-4d99-a7c9-1b3b3161482f/CONS_PRIM.CSV,cons_prim.csv,,3371,,,,0,0,,
2026-09-14T08:33:21Z,ofac_cons,classic_alias,unchanged,304,"""4263cf7a6e8ea6dde40b05b94bdcfd05""","Thu, 10 Sep 2026 18:31:57 GMT",303059e2484bfa7d669e6a5c202259c181d634eefe293528be8580706da33741,"Thu, 10 Sep 2026 18:31:57 GMT",https://sanctionslistservice.ofac.treas.gov/api/download/CONS_ALT.CSV,https://wc2h-sls-prod-public-published.s3.us-gov-west-1.amazonaws.com/Published/12b71ad8-073b-481f-95e6-ee474a18aedd/2026-09-09/8077e100-a6c9-4d99-a7c9-1b3b3161482f/CONS_ALT.CSV,,,3371,,,,0,0,,
2026-09-14T08:33:21Z,ofac_cons,advanced_xml,unchanged,304,"""b324afa7b516c97b509e5d57e2e45f2d""","Thu, 10 Sep 2026 18:31:56 GMT",c0cdbcc3c7cb9c6bc4af5e1cff6110220aaa7628cb8216882a4feac5e71ab971,"Thu, 10 Sep 2026 18:31:57 GMT",https://sanctionslistservice.ofac.treas.gov/api/PublicationPreview/exports/CONS_ADVANCED.XML,https://wc2h-sls-prod-public-published.s3.us-gov-west-1.amazonaws.com/Published/12b71ad8-073b-481f-95e6-ee474a18aedd/2026-09-09/8077e100-a6c9-4d99-a7c9-1b3b3161482f/CONS_ADVANCED.XML,,,3371,,,,0,0,,
2026-09-14T09:33:01Z,ofac_sdn,classic_primary,unchanged,304,"""7b8d1e512b838d3b39d0e7758e004dbe""","Thu, 10 Sep 2026 18:31:57 GMT",4da825621635b7d3c36039be0e83fdb2619200616292b5204bcffda78be9c89d,"Thu, 10 Sep 2026 18:31:57 GMT",https://sanctionslistservice.ofac.treas.gov/api/download/SDN.CSV,https://wc2h-sls-prod-public-published.s3.us-gov-west-1.amazonaws.com/Published/12b71ad8-073b-481f-95e6-ee474a18aedd/2026-09-09/8077e100-a6c9-4d99-a7c9-1b3b3161482f/SDN.CSV,sdn.csv,,89529,,,,0,0,,
2026-09-14T09:33:01Z,ofac_sdn,classic_alias,unchanged,304,"""9c496f3e175aae90d469cc89bcf325e0""","Thu, 10 Sep 2026 18:31:57 GMT",84a188c3ca7648d49390a4985996f54e467929a2f47f5c2508bcd842731054a9,"Thu, 10 Sep 2026 18:31:57 GMT",https://sanctionslistservice.ofac.treas.gov/api/download/ALT.CSV,https://wc2h-sls-prod-public-published.s3.us-gov-west-1.amazonaws.com/Published/12b71ad8-073b-481f-95e6-ee474a18aedd/2026-09-09/8077e100-a6c9-4d99-a7c9-1b3b3161482f/ALT.CSV,,,89529,,,,0,0,,
2026-09-14T09:33:01Z,ofac_sdn,advanced_xml,unchanged,304,"""821bad80b6b9a1bb48635bfac6ce5310""","Thu, 10 Sep 2026 18:31:55 GMT",a1b8f07ec5b08700e006c2aaf7fd942d78123deab7bb07360bb3ee3ec733d0d9,"Thu, 10 Sep 2026 18:31:57 GMT",https://sanctionslistservice.ofac.treas.gov/api/PublicationPreview/exports/SDN_ADVANCED.XML,https://wc2h-sls-prod-public-published.s3.us-gov-west-1.amazonaws.com/Published/12b71ad8-073b-481f-95e6-ee474a18aedd/2026-09-09/8077e100-a6c9-4d99-a7c9-1b3b3161482f/SDN_ADVANCED.XML,,,89529,,,,0,0,,
2026-09-14T09:33:01Z,ofac_cons,classic_primary,unchanged,304,"""2a73fc2b7656b946311cfcc5f04073f8""","Thu, 10 Sep 2026 18:31:57 GMT",fa681487dfd865c189177b478a171178ab8e7133402342acc51f638a7bc121de,"Thu, 10 Sep 2026 18:31:57 GMT",https://sanctionslistservice.ofac.treas.gov/api/download/CONS_PRIM.CSV,https://wc2h-sls-prod-public-published.s3.us-gov-west-1.amazonaws.com/Published/12b71ad8-073b-481f-95e6-ee474a18aedd/2026-09-09/8077e100-a6c9-4d99-a7c9-1b3b3161482f/CONS_PRIM.CSV,cons_prim.csv,,3371,,,,0,0,,
2026-09-14T09:33:01Z,ofac_cons,classic_alias,unchanged,304,"""4263cf7a6e8ea6dde40b05b94bdcfd05""","Thu, 10 Sep 2026 18:31:57 GMT",303059e2484bfa7d669e6a5c202259c181d634eefe293528be8580706da33741,"Thu, 10 Sep 2026 18:31:57 GMT",https://sanctionslistservice.ofac.treas.gov/api/download/CONS_ALT.CSV,https://wc2h-sls-prod-public-published.s3.us-gov-west-1.amazonaws.com/Published/12b71ad8-073b-481f-95e6-ee474a18aedd/2026-09-09/8077e100-a6c9-4d99-a7c9-1b3b3161482f/CONS_ALT.CSV,,,3371,,,,0,0,,
2026-09-14T09:33:01Z,ofac_cons,advanced_xml,unchanged,304,"""b324afa7b516c97b509e5d57e2e45f2d""","Thu, 10 Sep 2026 18:31:56 GMT",c0cdbcc3c7cb9c6bc4af5e1cff6110220aaa7628cb8216882a4feac5e71ab971,"Thu, 10 Sep 2026 18:31:57 GMT",https://sanctionslistservice.ofac.treas.gov/api/PublicationPreview/exports/CONS_ADVANCED.XML,https://wc2h-sls-prod-public-published.s3.us-gov-west-1.amazonaws.com/Published/12b71ad8-073b-481f-95e6-ee474a18aedd/2026-09-09/8077e100-a6c9-4d99-a7c9-1b3b3161482f/CONS_ADVANCED.XML,,,3371,,,,0,0,,
2026-09-14T10:31:56Z,ofac_sdn,classic_primary,unchanged,304,"""7b8d1e512b838d3b39d0e7758e004dbe""","Thu, 10 Sep 2026 18:31:57 GMT",4da825621635b7d3c36039be0e83fdb2619200616292b5204bcffda78be9c89d,"Thu, 10 Sep 2026 18:31:57 GMT",https://sanctionslistservice.ofac.treas.gov/api/download/SDN.CSV,https://wc2h-sls-prod-public-published.s3.us-gov-west-1.amazonaws.com/Published/12b71ad8-073b-481f-95e6-ee474a18aedd/2026-09-09/8077e100-a6c9-4d99-a7c9-1b3b3161482f/SDN.CSV,sdn.csv,,89529,,,,0,0,,
2026-09-14T10:31:56Z,ofac_sdn,classic_alias,unchanged,304,"""9c496f3e175aae90d469cc89bcf325e0""","Thu, 10 Sep 2026 18:31:57 GMT",84a188c3ca7648d49390a4985996f54e467929a2f47f5c2508bcd842731054a9,"Thu, 10 Sep 2026 18:31:57 GMT",https://sanctionslistservice.ofac.treas.gov/api/download/ALT.CSV,https://wc2h-sls-prod-public-published.s3.us-gov-west-1.amazonaws.com/Published/12b71ad8-073b-481f-95e6-ee474a18aedd/2026-09-09/8077e100-a6c9-4d99-a7c9-1b3b3161482f/ALT.CSV,,,89529,,,,0,0,,
2026-09-14T10:31:56Z,ofac_sdn,advanced_xml,unchanged,304,"""821bad80b6b9a1bb48635bfac6ce5310""","Thu, 10 Sep 2026 18:31:55 GMT",a1b8f07ec5b08700e006c2aaf7fd942d78123deab7bb07360bb3ee3ec733d0d9,"Thu, 10 Sep 2026 18:31:57 GMT",https://sanctionslistservice.ofac.treas.gov/api/PublicationPreview/exports/SDN_ADVANCED.XML,https://wc2h-sls-prod-public-published.s3.us-gov-west-1.amazonaws.com/Published/12b71ad8-073b-481f-95e6-ee474a18aedd/2026-09-09/8077e100-a6c9-4d99-a7c9-1b3b3161482f/SDN_ADVANCED.XML,,,89529,,,,0,0,,
2026-09-14T10:31:56Z,ofac_cons,classic_primary,unchanged,304,"""2a73fc2b7656b946311cfcc5f04073f8""","Thu, 10 Sep 2026 18:31:57 GMT",fa681487dfd865c189177b478a171178ab8e7133402342acc51f638a7bc121de,"Thu, 10 Sep 2026 18:31:57 GMT",https://sanctionslistservice.ofac.treas.gov/api/download/CONS_PRIM.CSV,https://wc2h-sls-prod-public-published.s3.us-gov-west-1.amazonaws.com/Published/12b71ad8-073b-481f-95e6-ee474a18aedd/2026-09-09/8077e100-a6c9-4d99-a7c9-1b3b3161482f/CONS_PRIM.CSV,cons_prim.csv,,3371,,,,0,0,,
2026-09-14T10:31:56Z,ofac_cons,classic_alias,unchanged,304,"""4263cf7a6e8ea6dde40b05b94bdcfd05""","Thu, 10 Sep 2026 18:31:57 GMT",303059e2484bfa7d669e6a5c202259c181d634eefe293528be8580706da33741,"Thu, 10 Sep 2026 18:31:57 GMT",https://sanctionslistservice.ofac.treas.gov/api/download/CONS_ALT.CSV,https://wc2h-sls-prod-public-published.s3.us-gov-west-1.amazonaws.com/Published/12b71ad8-073b-481f-95e6-ee474a18aedd/2026-09-09/8077e100-a6c9-4d99-a7c9-1b3b3161482f/CONS_ALT.CSV,,,3371,,,,0,0,,
2026-09-14T10:31:56Z,ofac_cons,advanced_xml,unchanged,304,"""b324afa7b516c97b509e5d57e2e45f2d""","Thu, 10 Sep 2026 18:31:56 GMT",c0cdbcc3c7cb9c6bc4af5e1cff6110220aaa7628cb8216882a4feac5e71ab971,"Thu, 10 Sep 2026 18:31:57 GMT",https://sanctionslistservice.ofac.treas.gov/api/PublicationPreview/exports/CONS_ADVANCED.XML,https://wc2h-sls-prod-public-published.s3.us-gov-west-1.amazonaws.com/Published/12b71ad8-073b-481f-95e6-ee474a18aedd/2026-09-09/8077e100-a6c9-4d99-a7c9-1b3b3161482f/CONS_ADVANCED.XML,,,3371,,,,0,0,,
2026-09-14T11:32:01Z,ofac_sdn,classic_primary,unchanged,304,"""7b8d1e512b838d3b39d0e7758e004dbe""","Thu, 10 Sep 2026 18:31:57 GMT",4da825621635b7d3c36039be0e83fdb2619200616292b5204bcffda78be9c89d,"Thu, 10 Sep 2026 18:31:57 GMT",https://sanctionslistservice.ofac.treas.gov/api/download/SDN.CSV,https://wc2h-sls-prod-public-published.s3.us-gov-west-1.amazonaws.com/Published/12b71ad8-073b-481f-95e6-ee474a18aedd/2026-09-09/8077e100-a6c9-4d99-a7c9-1b3b3161482f/SDN.CSV,sdn.csv,,89529,,,,0,0,,
2026-09-14T11:32:01Z,ofac_sdn,classic_alias,unchanged,304,"""9c496f3e175aae90d469cc89bcf325e0""","Thu, 10 Sep 2026 18:31:57 GMT",84a188c3ca7648d49390a4985996f54e467929a2f47f5c2508bcd842731054a9,"Thu, 10 Sep 2026 18:31:57 GMT",https://sanctionslistservice.ofac.treas.gov/api/download/ALT.CSV,https://wc2h-sls-prod-public-published.s3.us-gov-west-1.amazonaws.com/Published/12b71ad8-073b-481f-95e6-ee474a18aedd/2026-09-09/8077e100-a6c9-4d99-a7c9-1b3b3161482f/ALT.CSV,,,89529,,,,0,0,,
2026-09-14T11:32:01Z,ofac_sdn,advanced_xml,unchanged,304,"""821bad80b6b9a1bb48635bfac6ce5310""","Thu, 10 Sep 2026 18:31:55 GMT",a1b8f07ec5b08700e006c2aaf7fd942d78123deab7bb07360bb3ee3ec733d0d9,"Thu, 10 Sep 2026 18:31:57 GMT",https://sanctionslistservice.ofac.treas.gov/api/PublicationPreview/exports/SDN_ADVANCED.XML,https://wc2h-sls-prod-public-published.s3.us-gov-west-1.amazonaws.com/Published/12b71ad8-073b-481f-95e6-ee474a18aedd/2026-09-09/8077e100-a6c9-4d99-a7c9-1b3b3161482f/SDN_ADVANCED.XML,,,89529,,,,0,0,,
2026-09-14T11:32:01Z,ofac_cons,classic_primary,unchanged,304,"""2a73fc2b7656b946311cfcc5f04073f8""","Thu, 10 Sep 2026 18:31:57 GMT",fa681487dfd865c189177b478a171178ab8e7133402342acc51f638a7bc121de,"Thu, 10 Sep 2026 18:31:57 GMT",https://sanctionslistservice.ofac.treas.gov/api/download/CONS_PRIM.CSV,https://wc2h-sls-prod-public-published.s3.us-gov-west-1.amazonaws.com/Published/12b71ad8-073b-481f-95e6-ee474a18aedd/2026-09-09/8077e100-a6c9-4d99-a7c9-1b3b3161482f/CONS_PRIM.CSV,cons_prim.csv,,3371,,,,0,0,,
2026-09-14T11:32:01Z,ofac_cons,classic_alias,unchanged,304,"""4263cf7a6e8ea6dde40b05b94bdcfd05""","Thu, 10 Sep 2026 18:31:57 GMT",303059e2484bfa7d669e6a5c202259c181d634eefe293528be8580706da33741,"Thu, 10 Sep 2026 18:31:57 GMT",https://sanctionslistservice.ofac.treas.gov/api/download/CONS_ALT.CSV,https://wc2h-sls-prod-public-published.s3.us-gov-west-1.amazonaws.com/Published/12b71ad8-073b-481f-95e6-ee474a18aedd/2026-09-09/8077e100-a6c9-4d99-a7c9-1b3b3161482f/CONS_ALT.CSV,,,3371,,,,0,0,,
2026-09-14T11:32:01Z,ofac_cons,advanced_xml,unchanged,304,"""b324afa7b516c97b509e5d57e2e45f2d""","Thu, 10 Sep 2026 18:31:56 GMT",c0cdbcc3c7cb9c6bc4af5e1cff6110220aaa7628cb8216882a4feac5e71ab971,"Thu, 10 Sep 2026 18:31:57 GMT",https://sanctionslistservice.ofac.treas.gov/api/PublicationPreview/exports/CONS_ADVANCED.XML,https://wc2h-sls-prod-public-published.s3.us-gov-west-1.amazonaws.com/Published/12b71ad8-073b-481f-95e6-ee474a18aedd/2026-09-09/8077e100-a6c9-4d99-a7c9-1b3b3161482f/CONS_ADVANCED.XML,,,3371,,,,0,0,,
2026-09-14T12:38:21Z,ofac_sdn,classic_primary,unchanged,304,"""7b8d1e512b838d3b39d0e7758e004dbe""","Thu, 10 Sep 2026 18:31:57 GMT",4da825621635b7d3c36039be0e83fdb2619200616292b5204bcffda78be9c89d,"Thu, 10 Sep 2026 18:31:57 GMT",https://sanctionslistservice.ofac.treas.gov/api/download/SDN.CSV,https://wc2h-sls-prod-public-published.s3.us-gov-west-1.amazonaws.com/Published/12b71ad8-073b-481f-95e6-ee474a18aedd/2026-09-09/8077e100-a6c9-4d99-a7c9-1b3b3161482f/SDN.CSV,sdn.csv,,89529,,,,0,0,,
2026-09-14T12:38:21Z,ofac_sdn,classic_alias,unchanged,304,"""9c496f3e175aae90d469cc89bcf325e0""","Thu, 10 Sep 2026 18:31:57 GMT",84a188c3ca7648d49390a4985996f54e467929a2f47f5c2508bcd842731054a9,"Thu, 10 Sep 2026 18:31:57 GMT",https://sanctionslistservice.ofac.treas.gov/api/download/ALT.CSV,https://wc2h-sls-prod-public-published.s3.us-gov-west-1.amazonaws.com/Published/12b71ad8-073b-481f-95e6-ee474a18aedd/2026-09-09/8077e100-a6c9-4d99-a7c9-1b3b3161482f/ALT.CSV,,,89529,,,,0,0,,
2026-09-14T12:38:21Z,ofac_sdn,advanced_xml,unchanged,304,"""821bad80b6b9a1bb48635bfac6ce5310""","Thu, 10 Sep 2026 18:31:55 GMT",a1b8f07ec5b08700e006c2aaf7fd942d78123deab7bb07360bb3ee3ec733d0d9,"Thu, 10 Sep 2026 18:31:57 GMT",https://sanctionslistservice.ofac.treas.gov/api/PublicationPreview/exports/SDN_ADVANCED.XML,https://wc2h-sls-prod-public-published.s3.us-gov-west-1.amazonaws.com/Published/12b71ad8-073b-481f-95e6-ee474a18aedd/2026-09-09/8077e100-a6c9-4d99-a7c9-1b3b3161482f/SDN_ADVANCED.XML,,,89529,,,,0,0,,
2026-09-14T12:38:21Z,ofac_cons,classic_primary,unchanged,304,"""2a73fc2b7656b946311cfcc5f04073f8""","Thu, 10 Sep 2026 18:31:57 GMT",fa681487dfd865c189177b478a171178ab8e7133402342acc51f638a7bc121de,"Thu, 10 Sep 2026 18:31:57 GMT",https://sanctionslistservice.ofac.treas.gov/api/download/CONS_PRIM.CSV,https://wc2h-sls-prod-public-published.s3.us-gov-west-1.amazonaws.com/Published/12b71ad8-073b-481f-95e6-ee474a18aedd/2026-09-09/8077e100-a6c9-4d99-a7c9-1b3b3161482f/CONS_PRIM.CSV,cons_prim.csv,,3371,,,,0,0,,
2026-09-14T12:38:21Z,ofac_cons,classic_alias,unchanged,304,"""4263cf7a6e8ea6dde40b05b94bdcfd05""","Thu, 10 Sep 2026 18:31:57 GMT",303059e2484bfa7d669e6a5c202259c181d634eefe293528be8580706da33741,"Thu, 10 Sep 2026 18:31:57 GMT",https://sanctionslistservice.ofac.treas.gov/api/download/CONS_ALT.CSV,https://wc2h-sls-prod-public-published.s3.us-gov-west-1.amazonaws.com/Published/12b71ad8-073b-481f-95e6-ee474a18aedd/2026-09-09/8077e100-a6c9-4d99-a7c9-1b3b3161482f/CONS_ALT.CSV,,,3371,,,,0,0,,
2026-09-14T12:38:21Z,ofac_cons,advanced_xml,unchanged,304,"""b324afa7b516c97b509e5d57e2e45f2d""","Thu, 10 Sep 2026 18:31:56 GMT",c0cdbcc3c7cb9c6bc4af5e1cff6110220aaa7628cb8216882a4feac5e71ab971,"Thu, 10 Sep 2026 18:31:57 GMT",https://sanctionslistservice.ofac.treas.gov/api/PublicationPreview/exports/CONS_ADVANCED.XML,https://wc2h-sls-prod-public-published.s3.us-gov-west-1.amazonaws.com/Published/12b71ad8-073b-481f-95e6-ee474a18aedd/2026-09-09/8077e100-a6c9-4d99-a7c9-1b3b3161482f/CONS_ADVANCED.XML,,,3371,,,,0,0,,
2026-09-14T12:51:52Z,mof,index_page,fetched,200,"""a251-65b083d534fc0""","Wed, 09 Sep 2026 08:00:07 GMT",1cadbb984b35efd7cf6cbe89cea5b3e5f2c3fef0122c55684a9b8eae7a37fd27,令和8年9月10日,https://www.mof.go.jp/policy/international_policy/gaitame_kawase/gaitame/economic_sanctions/list.html,https://www.mof.go.jp/policy/international_policy/gaitame_kawase/gaitame/economic_sanctions/list.html,list.html,,,,,,0,0,,
2026-09-14T12:51:52Z,mof,list_file,unchanged,304,"""3225f7-65b083d71d440""","Wed, 09 Sep 2026 08:00:09 GMT",c46ccaf88a98ab9c4209c4032c91190fa740ac106767fe32331879d73de99d03,令和8年9月10日,https://www.mof.go.jp/policy/international_policy/gaitame_kawase/gaitame/economic_sanctions/shisantouketsu20260910.csv,https://www.mof.go.jp/policy/international_policy/gaitame_kawase/gaitame/economic_sanctions/shisantouketsu20260910.csv,shisantouketsu20260910.csv,,14743,,,,0,0,,
2026-09-14T12:51:52Z,meti,index_page,blocked,403,"W/""c3bb143a530e398af9a1c1a440f0189c""","Mon, 24 Aug 2026 07:11:49 GMT",,,https://www.meti.go.jp/policy/anpo/law09.html,https://www.meti.go.jp/policy/anpo/law09.html,,,,,,,1,0,HTTPError,403 Client Error: Forbidden for url: https://www.meti.go.jp/policy/anpo/law09.html
2026-09-14T13:33:59Z,ofac_sdn,classic_primary,unchanged,304,"""7b8d1e512b838d3b39d0e7758e004dbe""","Thu, 10 Sep 2026 18:31:57 GMT",4da825621635b7d3c36039be0e83fdb2619200616292b5204bcffda78be9c89d,"Thu, 10 Sep 2026 18:31:57 GMT",https://sanctionslistservice.ofac.treas.gov/api/download/SDN.CSV,https://wc2h-sls-prod-public-published.s3.us-gov-west-1.amazonaws.com/Published/12b71ad8-073b-481f-95e6-ee474a18aedd/2026-09-09/8077e100-a6c9-4d99-a7c9-1b3b3161482f/SDN.CSV,sdn.csv,,89529,,,,0,0,,
2026-09-14T13:33:59Z,ofac_sdn,classic_alias,unchanged,304,"""9c496f3e175aae90d469cc89bcf325e0""","Thu, 10 Sep 2026 18:31:57 GMT",84a188c3ca7648d49390a4985996f54e467929a2f47f5c2508bcd842731054a9,"Thu, 10 Sep 2026 18:31:57 GMT",https://sanctionslistservice.ofac.treas.gov/api/download/ALT.CSV,https://wc2h-sls-prod-public-published.s3.us-gov-west-1.amazonaws.com/Published/12b71ad8-073b-481f-95e6-ee474a18aedd/2026-09-09/8077e100-a6c9-4d99-a7c9-1b3b3161482f/ALT.CSV,,,89529,,,,0,0,,
2026-09-14T13:33:59Z,ofac_sdn,advanced_xml,unchanged,304,"""821bad80b6b9a1bb48635bfac6ce5310""","Thu, 10 Sep 2026 18:31:55 GMT",a1b8f07ec5b08700e006c2aaf7fd942d78123deab7bb07360bb3ee3ec733d0d9,"Thu, 10 Sep 2026 18:31:57 GMT",https://sanctionslistservice.ofac.treas.gov/api/PublicationPreview/exports/SDN_ADVANCED.XML,https://wc2h-sls-prod-public-published.s3.us-gov-west-1.amazonaws.com/Published/12b71ad8-073b-481f-95e6-ee474a18aedd/2026-09-09/8077e100-a6c9-4d99-a7c9-1b3b3161482f/SDN_ADVANCED.XML,,,89529,,,,0,0,,
2026-09-14T13:33:59Z,ofac_cons,classic_primary,unchanged,304,"""2a73fc2b7656b946311cfcc5f04073f8""","Thu, 10 Sep 2026 18:31:57 GMT",fa681487dfd865c189177b478a171178ab8e7133402342acc51f638a7bc121de,"Thu, 10 Sep 2026 18:31:57 GMT",https://sanctionslistservice.ofac.treas.gov/api/download/CONS_PRIM.CSV,https://wc2h-sls-prod-public-published.s3.us-gov-west-1.amazonaws.com/Published/12b71ad8-073b-481f-95e6-ee474a18aedd/2026-09-09/8077e100-a6c9-4d99-a7c9-1b3b3161482f/CONS_PRIM.CSV,cons_prim.csv,,3371,,,,0,0,,
2026-09-14T13:33:59Z,ofac_cons,classic_alias,unchanged,304,"""4263cf7a6e8ea6dde40b05b94bdcfd05""","Thu, 10 Sep 2026 18:31:57 GMT",303059e2484bfa7d669e6a5c202259c181d634eefe293528be8580706da33741,"Thu, 10 Sep 2026 18:31:57 GMT",https://sanctionslistservice.ofac.treas.gov/api/download/CONS_ALT.CSV,https://wc2h-sls-prod-public-published.s3.us-gov-west-1.amazonaws.com/Published/12b71ad8-073b-481f-95e6-ee474a18aedd/2026-09-09/8077e100-a6c9-4d99-a7c9-1b3b3161482f/CONS_ALT.CSV,,,3371,,,,0,0,,
2026-09-14T13:33:59Z,ofac_cons,advanced_xml,unchanged,304,"""b324afa7b516c97b509e5d57e2e45f2d""","Thu, 10 Sep 2026 18:31:56 GMT",c0cdbcc3c7cb9c6bc4af5e1cff6110220aaa7628cb8216882a4feac5e71ab971,"Thu, 10 Sep 2026 18:31:57 GMT",https://sanctionslistservice.ofac.treas.gov/api/PublicationPreview/exports/CONS_ADVANCED.XML,https://wc2h-sls-prod-public-published.s3.us-gov-west-1.amazonaws.com/Published/12b71ad8-073b-481f-95e6-ee474a18aedd/2026-09-09/8077e100-a6c9-4d99-a7c9-1b3b3161482f/CONS_ADVANCED.XML,,,3371,,,,0,0,,
2026-09-14T14:33:52Z,ofac_sdn,classic_primary,unchanged,304,"""7b8d1e512b838d3b39d0e7758e004dbe""","Thu, 10 Sep 2026 18:31:57 GMT",4da825621635b7d3c36039be0e83fdb2619200616292b5204bcffda78be9c89d,"Thu, 10 Sep 2026 18:31:57 GMT",https://sanctionslistservice.ofac.treas.gov/api/download/SDN.CSV,https://wc2h-sls-prod-public-published.s3.us-gov-west-1.amazonaws.com/Published/12b71ad8-073b-481f-95e6-ee474a18aedd/2026-09-09/8077e100-a6c9-4d99-a7c9-1b3b3161482f/SDN.CSV,sdn.csv,,89529,,,,0,0,,
2026-09-14T14:33:52Z,ofac_sdn,classic_alias,unchanged,304,"""9c496f3e175aae90d469cc89bcf325e0""","Thu, 10 Sep 2026 18:31:57 GMT",84a188c3ca7648d49390a4985996f54e467929a2f47f5c2508bcd842731054a9,"Thu, 10 Sep 2026 18:31:57 GMT",https://sanctionslistservice.ofac.treas.gov/api/download/ALT.CSV,https://wc2h-sls-prod-public-published.s3.us-gov-west-1.amazonaws.com/Published/12b71ad8-073b-481f-95e6-ee474a18aedd/2026-09-09/8077e100-a6c9-4d99-a7c9-1b3b3161482f/ALT.CSV,,,89529,,,,0,0,,
2026-09-14T14:33:52Z,ofac_sdn,advanced_xml,unchanged,304,"""821bad80b6b9a1bb48635bfac6ce5310""","Thu, 10 Sep 2026 18:31:55 GMT",a1b8f07ec5b08700e006c2aaf7fd942d78123deab7bb07360bb3ee3ec733d0d9,"Thu, 10 Sep 2026 18:31:57 GMT",https://sanctionslistservice.ofac.treas.gov/api/PublicationPreview/exports/SDN_ADVANCED.XML,https://wc2h-sls-prod-public-published.s3.us-gov-west-1.amazonaws.com/Published/12b71ad8-073b-481f-95e6-ee474a18aedd/2026-09-09/8077e100-a6c9-4d99-a7c9-1b3b3161482f/SDN_ADVANCED.XML,,,89529,,,,0,0,,
2026-09-14T14:33:52Z,ofac_cons,classic_primary,unchanged,304,"""2a73fc2b7656b946311cfcc5f04073f8""","Thu, 10 Sep 2026 18:31:57 GMT",fa681487dfd865c189177b478a171178ab8e7133402342acc51f638a7bc121de,"Thu, 10 Sep 2026 18:31:57 GMT",https://sanctionslistservice.ofac.treas.gov/api/download/CONS_PRIM.CSV,https://wc2h-sls-prod-public-published.s3.us-gov-west-1.amazonaws.com/Published/12b71ad8-073b-481f-95e6-ee474a18aedd/2026-09-09/8077e100-a6c9-4d99-a7c9-1b3b3161482f/CONS_PRIM.CSV,cons_prim.csv,,3371,,,,0,0,,
2026-09-14T14:33:52Z,ofac_cons,classic_alias,unchanged,304,"""4263cf7a6e8ea6dde40b05b94bdcfd05""","Thu, 10 Sep 2026 18:31:57 GMT",303059e2484bfa7d669e6a5c202259c181d634eefe293528be8580706da33741,"Thu, 10 Sep 2026 18:31:57 GMT",https://sanctionslistservice.ofac.treas.gov/api/download/CONS_ALT.CSV,https://wc2h-sls-prod-public-published.s3.us-gov-west-1.amazonaws.com/Published/12b71ad8-073b-481f-95e6-ee474a18aedd/2026-09-09/8077e100-a6c9-4d99-a7c9-1b3b3161482f/CONS_ALT.CSV,,,3371,,,,0,0,,
2026-09-14T14:33:52Z,ofac_cons,advanced_xml,unchanged,304,"""b324afa7b516c97b509e5d57e2e45f2d""","Thu, 10 Sep 2026 18:31:56 GMT",c0cdbcc3c7cb9c6bc4af5e1cff6110220aaa7628cb8216882a4feac5e71ab971,"Thu, 10 Sep 2026 18:31:57 GMT",https://sanctionslistservice.ofac.treas.gov/api/PublicationPreview/exports/CONS_ADVANCED.XML,https://wc2h-sls-prod-public-published.s3.us-gov-west-1.amazonaws.com/Published/12b71ad8-073b-481f-95e6-ee474a18aedd/2026-09-09/8077e100-a6c9-4d99-a7c9-1b3b3161482f/CONS_ADVANCED.XML,,,3371,,,,0,0,,
2026-09-14T15:33:29Z,ofac_sdn,classic_primary,unchanged,304,"""7b8d1e512b838d3b39d0e7758e004dbe""","Thu, 10 Sep 2026 18:31:57 GMT",4da825621635b7d3c36039be0e83fdb2619200616292b5204bcffda78be9c89d,"Thu, 10 Sep 2026 18:31:57 GMT",https://sanctionslistservice.ofac.treas.gov/api/download/SDN.CSV,https://wc2h-sls-prod-public-published.s3.us-gov-west-1.amazonaws.com/Published/12b71ad8-073b-481f-95e6-ee474a18aedd/2026-09-09/8077e100-a6c9-4d99-a7c9-1b3b3161482f/SDN.CSV,sdn.csv,,89529,,,,0,0,,
2026-09-14T15:33:29Z,ofac_sdn,classic_alias,unchanged,304,"""9c496f3e175aae90d469cc89bcf325e0""","Thu, 10 Sep 2026 18:31:57 GMT",84a188c3ca7648d49390a4985996f54e467929a2f47f5c2508bcd842731054a9,"Thu, 10 Sep 2026 18:31:57 GMT",https://sanctionslistservice.ofac.treas.gov/api/download/ALT.CSV,https://wc2h-sls-prod-public-published.s3.us-gov-west-1.amazonaws.com/Published/12b71ad8-073b-481f-95e6-ee474a18aedd/2026-09-09/8077e100-a6c9-4d99-a7c9-1b3b3161482f/ALT.CSV,,,89529,,,,0,0,,
2026-09-14T15:33:29Z,ofac_sdn,advanced_xml,unchanged,304,"""821bad80b6b9a1bb48635bfac6ce5310""","Thu, 10 Sep 2026 18:31:55 GMT",a1b8f07ec5b08700e006c2aaf7fd942d78123deab7bb07360bb3ee3ec733d0d9,"Thu, 10 Sep 2026 18:31:57 GMT",https://sanctionslistservice.ofac.treas.gov/api/PublicationPreview/exports/SDN_ADVANCED.XML,https://wc2h-sls-prod-public-published.s3.us-gov-west-1.amazonaws.com/Published/12b71ad8-073b-481f-95e6-ee474a18aedd/2026-09-09/8077e100-a6c9-4d99-a7c9-1b3b3161482f/SDN_ADVANCED.XML,,,89529,,,,0,0,,
2026-09-14T15:33:29Z,ofac_cons,classic_primary,unchanged,304,"""2a73fc2b7656b946311cfcc5f04073f8""","Thu, 10 Sep 2026 18:31:57 GMT",fa681487dfd865c189177b478a171178ab8e7133402342acc51f638a7bc121de,"Thu, 10 Sep 2026 18:31:57 GMT",https://sanctionslistservice.ofac.treas.gov/api/download/CONS_PRIM.CSV,https://wc2h-sls-prod-public-published.s3.us-gov-west-1.amazonaws.com/Published/12b71ad8-073b-481f-95e6-ee474a18aedd/2026-09-09/8077e100-a6c9-4d99-a7c9-1b3b3161482f/CONS_PRIM.CSV,cons_prim.csv,,3371,,,,0,0,,
2026-09-14T15:33:29Z,ofac_cons,classic_alias,unchanged,304,"""4263cf7a6e8ea6dde40b05b94bdcfd05""","Thu, 10 Sep 2026 18:31:57 GMT",303059e2484bfa7d669e6a5c202259c181d634eefe293528be8580706da33741,"Thu, 10 Sep 2026 18:31:57 GMT",https://sanctionslistservice.ofac.treas.gov/api/download/CONS_ALT.CSV,https://wc2h-sls-prod-public-published.s3.us-gov-west-1.amazonaws.com/Published/12b71ad8-073b-481f-95e6-ee474a18aedd/2026-09-09/8077e100-a6c9-4d99-a7c9-1b3b3161482f/CONS_ALT.CSV,,,3371,,,,0,0,,
2026-09-14T15:33:29Z,ofac_cons,advanced_xml,unchanged,304,"""b324afa7b516c97b509e5d57e2e45f2d""","Thu, 10 Sep 2026 18:31:56 GMT",c0cdbcc3c7cb9c6bc4af5e1cff6110220aaa7628cb8216882a4feac5e71ab971,"Thu, 10 Sep 2026 18:31:57 GMT",https://sanctionslistservice.ofac.treas.gov/api/PublicationPreview/exports/CONS_ADVANCED.XML,https://wc2h-sls-prod-public-published.s3.us-gov-west-1.amazonaws.com/Published/12b71ad8-073b-481f-95e6-ee474a18aedd/2026-09-09/8077e100-a6c9-4d99-a7c9-1b3b3161482f/CONS_ADVANCED.XML,,,3371,,,,0,0,,
2026-09-14T16:31:43Z,ofac_sdn,classic_primary,unchanged,304,"""7b8d1e512b838d3b39d0e7758e004dbe""","Thu, 10 Sep 2026 18:31:57 GMT",4da825621635b7d3c36039be0e83fdb2619200616292b5204bcffda78be9c89d,"Thu, 10 Sep 2026 18:31:57 GMT",https://sanctionslistservice.ofac.treas.gov/api/download/SDN.CSV,https://wc2h-sls-prod-public-published.s3.us-gov-west-1.amazonaws.com/Published/12b71ad8-073b-481f-95e6-ee474a18aedd/2026-09-09/8077e100-a6c9-4d99-a7c9-1b3b3161482f/SDN.CSV,sdn.csv,,89529,,,,0,0,,
2026-09-14T16:31:43Z,ofac_sdn,classic_alias,unchanged,304,"""9c496f3e175aae90d469cc89bcf325e0""","Thu, 10 Sep 2026 18:31:57 GMT",84a188c3ca7648d49390a4985996f54e467929a2f47f5c2508bcd842731054a9,"Thu, 10 Sep 2026 18:31:57 GMT",https://sanctionslistservice.ofac.treas.gov/api/download/ALT.CSV,https://wc2h-sls-prod-public-published.s3.us-gov-west-1.amazonaws.com/Published/12b71ad8-073b-481f-95e6-ee474a18aedd/2026-09-09/8077e100-a6c9-4d99-a7c9-1b3b3161482f/ALT.CSV,,,89529,,,,0,0,,
2026-09-14T16:31:43Z,ofac_sdn,advanced_xml,unchanged,304,"""821bad80b6b9a1bb48635bfac6ce5310""","Thu, 10 Sep 2026 18:31:55 GMT",a1b8f07ec5b08700e006c2aaf7fd942d78123deab7bb07360bb3ee3ec733d0d9,"Thu, 10 Sep 2026 18:31:57 GMT",https://sanctionslistservice.ofac.treas.gov/api/PublicationPreview/exports/SDN_ADVANCED.XML,https://wc2h-sls-prod-public-published.s3.us-gov-west-1.amazonaws.com/Published/12b71ad8-073b-481f-95e6-ee474a18aedd/2026-09-09/8077e100-a6c9-4d99-a7c9-1b3b3161482f/SDN_ADVANCED.XML,,,89529,,,,0,0,,
2026-09-14T16:31:43Z,ofac_cons,classic_primary,unchanged,304,"""2a73fc2b7656b946311cfcc5f04073f8""","Thu, 10 Sep 2026 18:31:57 GMT",fa681487dfd865c189177b478a171178ab8e7133402342acc51f638a7bc121de,"Thu, 10 Sep 2026 18:31:57 GMT",https://sanctionslistservice.ofac.treas.gov/api/download/CONS_PRIM.CSV,https://wc2h-sls-prod-public-published.s3.us-gov-west-1.amazonaws.com/Published/12b71ad8-073b-481f-95e6-ee474a18aedd/2026-09-09/8077e100-a6c9-4d99-a7c9-1b3b3161482f/CONS_PRIM.CSV,cons_prim.csv,,3371,,,,0,0,,
2026-09-14T16:31:43Z,ofac_cons,classic_alias,unchanged,304,"""4263cf7a6e8ea6dde40b05b94bdcfd05""","Thu, 10 Sep 2026 18:31:57 GMT",303059e2484bfa7d669e6a5c202259c181d634eefe293528be8580706da33741,"Thu, 10 Sep 2026 18:31:57 GMT",https://sanctionslistservice.ofac.treas.gov/api/download/CONS_ALT.CSV,https://wc2h-sls-prod-public-published.s3.us-gov-west-1.amazonaws.com/Published/12b71ad8-073b-481f-95e6-ee474a18aedd/2026-09-09/8077e100-a6c9-4d99-a7c9-1b3b3161482f/CONS_ALT.CSV,,,3371,,,,0,0,,
2026-09-14T16:31:43Z,ofac_cons,advanced_xml,unchanged,304,"""b324afa7b516c97b509e5d57e2e45f2d""","Thu, 10 Sep 2026 18:31:56 GMT",c0cdbcc3c7cb9c6bc4af5e1cff6110220aaa7628cb8216882a4feac5e71ab971,"Thu, 10 Sep 2026 18:31:57 GMT",https://sanctionslistservice.ofac.treas.gov/api/PublicationPreview/exports/CONS_ADVANCED.XML,https://wc2h-sls-prod-public-published.s3.us-gov-west-1.amazonaws.com/Published/12b71ad8-073b-481f-95e6-ee474a18aedd/2026-09-09/8077e100-a6c9-4d99-a7c9-1b3b3161482f/CONS_ADVANCED.XML,,,3371,,,,0,0,,
2026-09-14T17:29:39Z,ofac_sdn,classic_primary,unchanged,304,"""7b8d1e512b838d3b39d0e7758e004dbe""","Thu, 10 Sep 2026 18:31:57 GMT",4da825621635b7d3c36039be0e83fdb2619200616292b5204bcffda78be9c89d,"Thu, 10 Sep 2026 18:31:57 GMT",https://sanctionslistservice.ofac.treas.gov/api/download/SDN.CSV,https://wc2h-sls-prod-public-published.s3.us-gov-west-1.amazonaws.com/Published/12b71ad8-073b-481f-95e6-ee474a18aedd/2026-09-09/8077e100-a6c9-4d99-a7c9-1b3b3161482f/SDN.CSV,sdn.csv,,89529,,,,0,0,,
2026-09-14T17:29:39Z,ofac_sdn,classic_alias,unchanged,304,"""9c496f3e175aae90d469cc89bcf325e0""","Thu, 10 Sep 2026 18:31:57 GMT",84a188c3ca7648d49390a4985996f54e467929a2f47f5c2508bcd842731054a9,"Thu, 10 Sep 2026 18:31:57 GMT",https://sanctionslistservice.ofac.treas.gov/api/download/ALT.CSV,https://wc2h-sls-prod-public-published.s3.us-gov-west-1.amazonaws.com/Published/12b71ad8-073b-481f-95e6-ee474a18aedd/2026-09-09/8077e100-a6c9-4d99-a7c9-1b3b3161482f/ALT.CSV,,,89529,,,,0,0,,
2026-09-14T17:29:39Z,ofac_sdn,advanced_xml,unchanged,304,"""821bad80b6b9a1bb48635bfac6ce5310""","Thu, 10 Sep 2026 18:31:55 GMT",a1b8f07ec5b08700e006c2aaf7fd942d78123deab7bb07360bb3ee3ec733d0d9,"Thu, 10 Sep 2026 18:31:57 GMT",https://sanctionslistservice.ofac.treas.gov/api/PublicationPreview/exports/SDN_ADVANCED.XML,https://wc2h-sls-prod-public-published.s3.us-gov-west-1.amazonaws.com/Published/12b71ad8-073b-481f-95e6-ee474a18aedd/2026-09-09/8077e100-a6c9-4d99-a7c9-1b3b3161482f/SDN_ADVANCED.XML,,,89529,,,,0,0,,
2026-09-14T17:29:39Z,ofac_cons,classic_primary,unchanged,304,"""2a73fc2b7656b946311cfcc5f04073f8""","Thu, 10 Sep 2026 18:31:57 GMT",fa681487dfd865c189177b478a171178ab8e7133402342acc51f638a7bc121de,"Thu, 10 Sep 2026 18:31:57 GMT",https://sanctionslistservice.ofac.treas.gov/api/download/CONS_PRIM.CSV,https://wc2h-sls-prod-public-published.s3.us-gov-west-1.amazonaws.com/Published/12b71ad8-073b-481f-95e6-ee474a18aedd/2026-09-09/8077e100-a6c9-4d99-a7c9-1b3b3161482f/CONS_PRIM.CSV,cons_prim.csv,,3371,,,,0,0,,
2026-09-14T17:29:39Z,ofac_cons,classic_alias,unchanged,304,"""4263cf7a6e8ea6dde40b05b94bdcfd05""","Thu, 10 Sep 2026 18:31:57 GMT",303059e2484bfa7d669e6a5c202259c181d634eefe293528be8580706da33741,"Thu, 10 Sep 2026 18:31:57 GMT",https://sanctionslistservice.ofac.treas.gov/api/download/CONS_ALT.CSV,https://wc2h-sls-prod-public-published.s3.us-gov-west-1.amazonaws.com/Published/12b71ad8-073b-481f-95e6-ee474a18aedd/2026-09-09/8077e100-a6c9-4d99-a7c9-1b3b3161482f/CONS_ALT.CSV,,,3371,,,,0,0,,
2026-09-14T17:29:39Z,ofac_cons,advanced_xml,unchanged,304,"""b324afa7b516c97b509e5d57e2e45f2d""","Thu, 10 Sep 2026 18:31:56 GMT",c0cdbcc3c7cb9c6bc4af5e1cff6110220aaa7628cb8216882a4feac5e71ab971,"Thu, 10 Sep 2026 18:31:57 GMT",https://sanctionslistservice.ofac.treas.gov/api/PublicationPreview/exports/CONS_ADVANCED.XML,https://wc2h-sls-prod-public-published.s3.us-gov-west-1.amazonaws.com/Published/12b71ad8-073b-481f-95e6-ee474a18aedd/2026-09-09/8077e100-a6c9-4d99-a7c9-1b3b3161482f/CONS_ADVANCED.XML,,,3371,,,,0,0,,
2026-09-14T18:35:12Z,ofac_sdn,classic_primary,unchanged,304,"""7b8d1e512b838d3b39d0e7758e004dbe""","Thu, 10 Sep 2026 18:31:57 GMT",4da825621635b7d3c36039be0e83fdb2619200616292b5204bcffda78be9c89d,"Thu, 10 Sep 2026 18:31:57 GMT",https://sanctionslistservice.ofac.treas.gov/api/download/SDN.CSV,https://wc2h-sls-prod-public-published.s3.us-gov-west-1.amazonaws.com/Published/12b71ad8-073b-481f-95e6-ee474a18aedd/2026-09-09/8077e100-a6c9-4d99-a7c9-1b3b3161482f/SDN.CSV,sdn.csv,,89529,,,,0,0,,
2026-09-14T18:35:12Z,ofac_sdn,classic_alias,unchanged,304,"""9c496f3e175aae90d469cc89bcf325e0""","Thu, 10 Sep 2026 18:31:57 GMT",84a188c3ca7648d49390a4985996f54e467929a2f47f5c2508bcd842731054a9,"Thu, 10 Sep 2026 18:31:57 GMT",https://sanctionslistservice.ofac.treas.gov/api/download/ALT.CSV,https://wc2h-sls-prod-public-published.s3.us-gov-west-1.amazonaws.com/Published/12b71ad8-073b-481f-95e6-ee474a18aedd/2026-09-09/8077e100-a6c9-4d99-a7c9-1b3b3161482f/ALT.CSV,,,89529,,,,0,0,,
2026-09-14T18:35:12Z,ofac_sdn,advanced_xml,unchanged,304,"""821bad80b6b9a1bb48635bfac6ce5310""","Thu, 10 Sep 2026 18:31:55 GMT",a1b8f07ec5b08700e006c2aaf7fd942d78123deab7bb07360bb3ee3ec733d0d9,"Thu, 10 Sep 2026 18:31:57 GMT",https://sanctionslistservice.ofac.treas.gov/api/PublicationPreview/exports/SDN_ADVANCED.XML,https://wc2h-sls-prod-public-published.s3.us-gov-west-1.amazonaws.com/Published/12b71ad8-073b-481f-95e6-ee474a18aedd/2026-09-09/8077e100-a6c9-4d99-a7c9-1b3b3161482f/SDN_ADVANCED.XML,,,89529,,,,0,0,,
2026-09-14T18:35:12Z,ofac_cons,classic_primary,unchanged,304,"""2a73fc2b7656b946311cfcc5f04073f8""","Thu, 10 Sep 2026 18:31:57 GMT",fa681487dfd865c189177b478a171178ab8e7133402342acc51f638a7bc121de,"Thu, 10 Sep 2026 18:31:57 GMT",https://sanctionslistservice.ofac.treas.gov/api/download/CONS_PRIM.CSV,https://wc2h-sls-prod-public-published.s3.us-gov-west-1.amazonaws.com/Published/12b71ad8-073b-481f-95e6-ee474a18aedd/2026-09-09/8077e100-a6c9-4d99-a7c9-1b3b3161482f/CONS_PRIM.CSV,cons_prim.csv,,3371,,,,0,0,,
2026-09-14T18:35:12Z,ofac_cons,classic_alias,unchanged,304,"""4263cf7a6e8ea6dde40b05b94bdcfd05""","Thu, 10 Sep 2026 18:31:57 GMT",303059e2484bfa7d669e6a5c202259c181d634eefe293528be8580706da33741,"Thu, 10 Sep 2026 18:31:57 GMT",https://sanctionslistservice.ofac.treas.gov/api/download/CONS_ALT.CSV,https://wc2h-sls-prod-public-published.s3.us-gov-west-1.amazonaws.com/Published/12b71ad8-073b-481f-95e6-ee474a18aedd/2026-09-09/8077e100-a6c9-4d99-a7c9-1b3b3161482f/CONS_ALT.CSV,,,3371,,,,0,0,,
2026-09-14T18:35:12Z,ofac_cons,advanced_xml,unchanged,304,"""b324afa7b516c97b509e5d57e2e45f2d""","Thu, 10 Sep 2026 18:31:56 GMT",c0cdbcc3c7cb9c6bc4af5e1cff6110220aaa7628cb8216882a4feac5e71ab971,"Thu, 10 Sep 2026 18:31:57 GMT",https://sanctionslistservice.ofac.treas.gov/api/PublicationPreview/exports/CONS_ADVANCED.XML,https://wc2h-sls-prod-public-published.s3.us-gov-west-1.amazonaws.com/Published/12b71ad8-073b-481f-95e6-ee474a18aedd/2026-09-09/8077e100-a6c9-4d99-a7c9-1b3b3161482f/CONS_ADVANCED.XML,,,3371,,,,0,0,,
2026-09-14T18:49:53Z,mof,index_page,fetched,200,"""a251-65b083d534fc0""","Wed, 09 Sep 2026 08:00:07 GMT",8f65e4c96118385ee2ccb99b7df9ece8e9036b97290e36fd2d61f77168580eac,令和8年9月10日,https://www.mof.go.jp/policy/international_policy/gaitame_kawase/gaitame/economic_sanctions/list.html,https://www.mof.go.jp/policy/international_policy/gaitame_kawase/gaitame/economic_sanctions/list.html,list.html,,,,,,0,0,,
2026-09-14T18:49:53Z,mof,list_file,unchanged,304,"""3225f7-65b083d71d440""","Wed, 09 Sep 2026 08:00:09 GMT",c46ccaf88a98ab9c4209c4032c91190fa740ac106767fe32331879d73de99d03,令和8年9月10日,https://www.mof.go.jp/policy/international_policy/gaitame_kawase/gaitame/economic_sanctions/shisantouketsu20260910.csv,https://www.mof.go.jp/policy/international_policy/gaitame_kawase/gaitame/economic_sanctions/shisantouketsu20260910.csv,shisantouketsu20260910.csv,,14743,,,,0,0,,
2026-09-14T18:49:53Z,meti,index_page,blocked,403,"W/""c3bb143a530e398af9a1c1a440f0189c""","Mon, 24 Aug 2026 07:11:49 GMT",,,https://www.meti.go.jp/policy/anpo/law09.html,https://www.meti.go.jp/policy/anpo/law09.html,,,,,,,1,0,HTTPError,403 Client Error: Forbidden for url: https://www.meti.go.jp/policy/anpo/law09.html
2026-09-14T19:31:08Z,ofac_sdn,classic_primary,fetched,200,"""f05f199ed0ece8c03dd3e59616a98c56""","Mon, 14 Sep 2026 18:35:48 GMT",1ac8e3cbbb07ba74d799e53297c97c814dd57630ce2700fcd27902e20183fa79,,https://sanctionslistservice.ofac.treas.gov/api/download/SDN.CSV,https://wc2h-sls-prod-public-published.s3.us-gov-west-1.amazonaws.com/Published/0ddbea01-d432-49b0-844a-df5fbd1e579e/2026-09-11/fcbc841e-fa83-4457-9acc-25d2cf56aaab/SDN.CSV,sdn.csv,,,,,,0,0,,
2026-09-14T19:31:08Z,ofac_sdn,classic_alias,fetched,200,"""bc3bb5c0276f13699ab0a1c16f73f3a9""","Mon, 14 Sep 2026 18:35:49 GMT",fa40fd1d5143e534477735ca01f03d3bec190dcbb549c1c9685361817c71852c,,https://sanctionslistservice.ofac.treas.gov/api/download/ALT.CSV,https://wc2h-sls-prod-public-published.s3.us-gov-west-1.amazonaws.com/Published/0ddbea01-d432-49b0-844a-df5fbd1e579e/2026-09-11/fcbc841e-fa83-4457-9acc-25d2cf56aaab/ALT.CSV,alt.csv,,,,,,0,0,,
2026-09-14T19:31:08Z,ofac_sdn,advanced_xml,fetched,200,"""6ae4860420a3e4ff11676b508679d863""","Mon, 14 Sep 2026 18:35:46 GMT",3154ed8f492f5645c4197da60abec0b22534c55ee87e20bf415a0ac7d58b8b2b,,https://sanctionslistservice.ofac.treas.gov/api/PublicationPreview/exports/SDN_ADVANCED.XML,https://wc2h-sls-prod-public-published.s3.us-gov-west-1.amazonaws.com/Published/0ddbea01-d432-49b0-844a-df5fbd1e579e/2026-09-11/fcbc841e-fa83-4457-9acc-25d2cf56aaab/SDN_ADVANCED.XML,sdn_advanced.xml,,,,,,0,0,,
2026-09-14T19:31:08Z,ofac_sdn,validated_snapshot,validated,200,"""6ae4860420a3e4ff11676b508679d863""","Mon, 14 Sep 2026 18:35:46 GMT",3154ed8f492f5645c4197da60abec0b22534c55ee87e20bf415a0ac7d58b8b2b,"Mon, 14 Sep 2026 18:35:46 GMT",https://sanctionslistservice.ofac.treas.gov/api/PublicationPreview/exports/SDN_ADVANCED.XML,https://wc2h-sls-prod-public-published.s3.us-gov-west-1.amazonaws.com/Published/0ddbea01-d432-49b0-844a-df5fbd1e579e/2026-09-11/fcbc841e-fa83-4457-9acc-25d2cf56aaab/SDN_ADVANCED.XML,sdn_advanced.xml,data/raw/ofac_sdn_advanced/20260914T193054Z__sdn_advanced.xml.gz,89529,,,,0,0,,
2026-09-14T19:31:08Z,ofac_cons,classic_primary,fetched,200,"""80380f3c66df3c970e311a0f0dd7eea6""","Mon, 14 Sep 2026 18:35:48 GMT",0a3b74f6eb28450a9993b42a234c1801471d4dcb41220f6a7b8e466575bc3889,,https://sanctionslistservice.ofac.treas.gov/api/download/CONS_PRIM.CSV,https://wc2h-sls-prod-public-published.s3.us-gov-west-1.amazonaws.com/Published/0ddbea01-d432-49b0-844a-df5fbd1e579e/2026-09-11/fcbc841e-fa83-4457-9acc-25d2cf56aaab/CONS_PRIM.CSV,cons_prim.csv,,,,,,0,0,,
2026-09-14T19:31:08Z,ofac_cons,classic_alias,fetched,200,"""fc2d781c5c00004bb5f02174eddc1ba2""","Mon, 14 Sep 2026 18:35:49 GMT",ee4e86b664c7a11aacd0fe227f35336cff3467602bb9607653bb4ce193811474,,https://sanctionslistservice.ofac.treas.gov/api/download/CONS_ALT.CSV,https://wc2h-sls-prod-public-published.s3.us-gov-west-1.amazonaws.com/Published/0ddbea01-d432-49b0-844a-df5fbd1e579e/2026-09-11/fcbc841e-fa83-4457-9acc-25d2cf56aaab/CONS_ALT.CSV,cons_alt.csv,,,,,,0,0,,
2026-09-14T19:31:08Z,ofac_cons,advanced_xml,fetched,200,"""a27e7477b51d72ea79ace3e20811fbeb""","Mon, 14 Sep 2026 18:35:48 GMT",43033832780a55ed4b3c28291184b60dc63242082c223dd83702a014d5825a65,,https://sanctionslistservice.ofac.treas.gov/api/PublicationPreview/exports/CONS_ADVANCED.XML,https://wc2h-sls-prod-public-published.s3.us-gov-west-1.amazonaws.com/Published/0ddbea01-d432-49b0-844a-df5fbd1e579e/2026-09-11/fcbc841e-fa83-4457-9acc-25d2cf56aaab/CONS_ADVANCED.XML,cons_advanced.xml,,,,,,0,0,,
2026-09-14T19:31:08Z,ofac_cons,validated_snapshot,validated,200,"""a27e7477b51d72ea79ace3e20811fbeb""","Mon, 14 Sep 2026 18:35:48 GMT",43033832780a55ed4b3c28291184b60dc63242082c223dd83702a014d5825a65,"Mon, 14 Sep 2026 18:35:48 GMT",https://sanctionslistservice.ofac.treas.gov/api/PublicationPreview/exports/CONS_ADVANCED.XML,https://wc2h-sls-prod-public-published.s3.us-gov-west-1.amazonaws.com/Published/0ddbea01-d432-49b0-844a-df5fbd1e579e/2026-09-11/fcbc841e-fa83-4457-9acc-25d2cf56aaab/CONS_ADVANCED.XML,cons_advanced.xml,data/raw/ofac_cons_advanced/20260914T193104Z__cons_advanced.xml.gz,3371,,,,0,0,,
2026-09-14T19:31:08Z,ofac,aggregate_merge,no_effective_change,,,,,,,,,,88280,0,0,0,0,0,,
2026-09-14T20:30:09Z,ofac_sdn,classic_primary,unchanged,304,"""f05f199ed0ece8c03dd3e59616a98c56""","Mon, 14 Sep 2026 18:35:48 GMT",1ac8e3cbbb07ba74d799e53297c97c814dd57630ce2700fcd27902e20183fa79,"Mon, 14 Sep 2026 18:35:46 GMT",https://sanctionslistservice.ofac.treas.gov/api/download/SDN.CSV,https://wc2h-sls-prod-public-published.s3.us-gov-west-1.amazonaws.com/Published/0ddbea01-d432-49b0-844a-df5fbd1e579e/2026-09-11/fcbc841e-fa83-4457-9acc-25d2cf56aaab/SDN.CSV,sdn.csv,,89529,,,,0,0,,
2026-09-14T20:30:09Z,ofac_sdn,classic_alias,unchanged,304,"""bc3bb5c0276f13699ab0a1c16f73f3a9""","Mon, 14 Sep 2026 18:35:49 GMT",fa40fd1d5143e534477735ca01f03d3bec190dcbb549c1c9685361817c71852c,"Mon, 14 Sep 2026 18:35:46 GMT",https://sanctionslistservice.ofac.treas.gov/api/download/ALT.CSV,https://wc2h-sls-prod-public-published.s3.us-gov-west-1.amazonaws.com/Published/0ddbea01-d432-49b0-844a-df5fbd1e579e/2026-09-11/fcbc841e-fa83-4457-9acc-25d2cf56aaab/ALT.CSV,,,89529,,,,0,0,,
2026-09-14T20:30:09Z,ofac_sdn,advanced_xml,unchanged,304,"""6ae4860420a3e4ff11676b508679d863""","Mon, 14 Sep 2026 18:35:46 GMT",3154ed8f492f5645c4197da60abec0b22534c55ee87e20bf415a0ac7d58b8b2b,"Mon, 14 Sep 2026 18:35:46 GMT",https://sanctionslistservice.ofac.treas.gov/api/PublicationPreview/exports/SDN_ADVANCED.XML,https://wc2h-sls-prod-public-published.s3.us-gov-west-1.amazonaws.com/Published/0ddbea01-d432-49b0-844a-df5fbd1e579e/2026-09-11/fcbc841e-fa83-4457-9acc-25d2cf56aaab/SDN_ADVANCED.XML,,,89529,,,,0,0,,
2026-09-14T20:30:09Z,ofac_cons,classic_primary,unchanged,304,"""80380f3c66df3c970e311a0f0dd7eea6""","Mon, 14 Sep 2026 18:35:48 GMT",0a3b74f6eb28450a9993b42a234c1801471d4dcb41220f6a7b8e466575bc3889,"Mon, 14 Sep 2026 18:35:48 GMT",https://sanctionslistservice.ofac.treas.gov/api/download/CONS_PRIM.CSV,https://wc2h-sls-prod-public-published.s3.us-gov-west-1.amazonaws.com/Published/0ddbea01-d432-49b0-844a-df5fbd1e579e/2026-09-11/fcbc841e-fa83-4457-9acc-25d2cf56aaab/CONS_PRIM.CSV,cons_prim.csv,,3371,,,,0,0,,
2026-09-14T20:30:09Z,ofac_cons,classic_alias,unchanged,304,"""fc2d781c5c00004bb5f02174eddc1ba2""","Mon, 14 Sep 2026 18:35:49 GMT",ee4e86b664c7a11aacd0fe227f35336cff3467602bb9607653bb4ce193811474,"Mon, 14 Sep 2026 18:35:48 GMT",https://sanctionslistservice.ofac.treas.gov/api/download/CONS_ALT.CSV,https://wc2h-sls-prod-public-published.s3.us-gov-west-1.amazonaws.com/Published/0ddbea01-d432-49b0-844a-df5fbd1e579e/2026-09-11/fcbc841e-fa83-4457-9acc-25d2cf56aaab/CONS_ALT.CSV,,,3371,,,,0,0,,
2026-09-14T20:30:09Z,ofac_cons,advanced_xml,unchanged,304,"""a27e7477b51d72ea79ace3e20811fbeb""","Mon, 14 Sep 2026 18:35:48 GMT",43033832780a55ed4b3c28291184b60dc63242082c223dd83702a014d5825a65,"Mon, 14 Sep 2026 18:35:48 GMT",https://sanctionslistservice.ofac.treas.gov/api/PublicationPreview/exports/CONS_ADVANCED.XML,https://wc2h-sls-prod-public-published.s3.us-gov-west-1.amazonaws.com/Published/0ddbea01-d432-49b0-844a-df5fbd1e579e/2026-09-11/fcbc841e-fa83-4457-9acc-25d2cf56aaab/CONS_ADVANCED.XML,,,3371,,,,0,0,,
2026-09-14T21:30:04Z,ofac_sdn,classic_primary,unchanged,304,"""f05f199ed0ece8c03dd3e59616a98c56""","Mon, 14 Sep 2026 18:35:48 GMT",1ac8e3cbbb07ba74d799e53297c97c814dd57630ce2700fcd27902e20183fa79,"Mon, 14 Sep 2026 18:35:46 GMT",https://sanctionslistservice.ofac.treas.gov/api/download/SDN.CSV,https://wc2h-sls-prod-public-published.s3.us-gov-west-1.amazonaws.com/Published/0ddbea01-d432-49b0-844a-df5fbd1e579e/2026-09-11/fcbc841e-fa83-4457-9acc-25d2cf56aaab/SDN.CSV,sdn.csv,,89529,,,,0,0,,
2026-09-14T21:30:04Z,ofac_sdn,classic_alias,unchanged,304,"""bc3bb5c0276f13699ab0a1c16f73f3a9""","Mon, 14 Sep 2026 18:35:49 GMT",fa40fd1d5143e534477735ca01f03d3bec190dcbb549c1c9685361817c71852c,"Mon, 14 Sep 2026 18:35:46 GMT",https://sanctionslistservice.ofac.treas.gov/api/download/ALT.CSV,https://wc2h-sls-prod-public-published.s3.us-gov-west-1.amazonaws.com/Published/0ddbea01-d432-49b0-844a-df5fbd1e579e/2026-09-11/fcbc841e-fa83-4457-9acc-25d2cf56aaab/ALT.CSV,,,89529,,,,0,0,,
2026-09-14T21:30:04Z,ofac_sdn,advanced_xml,unchanged,304,"""6ae4860420a3e4ff11676b508679d863""","Mon, 14 Sep 2026 18:35:46 GMT",3154ed8f492f5645c4197da60abec0b22534c55ee87e20bf415a0ac7d58b8b2b,"Mon, 14 Sep 2026 18:35:46 GMT",https://sanctionslistservice.ofac.treas.gov/api/PublicationPreview/exports/SDN_ADVANCED.XML,https://wc2h-sls-prod-public-published.s3.us-gov-west-1.amazonaws.com/Published/0ddbea01-d432-49b0-844a-df5fbd1e579e/2026-09-11/fcbc841e-fa83-4457-9acc-25d2cf56aaab/SDN_ADVANCED.XML,,,89529,,,,0,0,,
2026-09-14T21:30:04Z,ofac_cons,classic_primary,unchanged,304,"""80380f3c66df3c970e311a0f0dd7eea6""","Mon, 14 Sep 2026 18:35:48 GMT",0a3b74f6eb28450a9993b42a234c1801471d4dcb41220f6a7b8e466575bc3889,"Mon, 14 Sep 2026 18:35:48 GMT",https://sanctionslistservice.ofac.treas.gov/api/download/CONS_PRIM.CSV,https://wc2h-sls-prod-public-published.s3.us-gov-west-1.amazonaws.com/Published/0ddbea01-d432-49b0-844a-df5fbd1e579e/2026-09-11/fcbc841e-fa83-4457-9acc-25d2cf56aaab/CONS_PRIM.CSV,cons_prim.csv,,3371,,,,0,0,,
2026-09-14T21:30:04Z,ofac_cons,classic_alias,unchanged,304,"""fc2d781c5c00004bb5f02174eddc1ba2""","Mon, 14 Sep 2026 18:35:49 GMT",ee4e86b664c7a11aacd0fe227f35336cff3467602bb9607653bb4ce193811474,"Mon, 14 Sep 2026 18:35:48 GMT",https://sanctionslistservice.ofac.treas.gov/api/download/CONS_ALT.CSV,https://wc2h-sls-prod-public-published.s3.us-gov-west-1.amazonaws.com/Published/0ddbea01-d432-49b0-844a-df5fbd1e579e/2026-09-11/fcbc841e-fa83-4457-9acc-25d2cf56aaab/CONS_ALT.CSV,,,3371,,,,0,0,,
2026-09-14T21:30:04Z,ofac_cons,advanced_xml,unchanged,304,"""a27e7477b51d72ea79ace3e20811fbeb""","Mon, 14 Sep 2026 18:35:48 GMT",43033832780a55ed4b3c28291184b60dc63242082c223dd83702a014d5825a65,"Mon, 14 Sep 2026 18:35:48 GMT",https://sanctionslistservice.ofac.treas.gov/api/PublicationPreview/exports/CONS_ADVANCED.XML,https://wc2h-sls-prod-public-published.s3.us-gov-west-1.amazonaws.com/Published/0ddbea01-d432-49b0-844a-df5fbd1e579e/2026-09-11/fcbc841e-fa83-4457-9acc-25d2cf56aaab/CONS_ADVANCED.XML,,,3371,,,,0,0,,
2026-09-14T22:30:59Z,ofac_sdn,classic_primary,unchanged,304,"""f05f199ed0ece8c03dd3e59616a98c56""","Mon, 14 Sep 2026 18:35:48 GMT",1ac8e3cbbb07ba74d799e53297c97c814dd57630ce2700fcd27902e20183fa79,"Mon, 14 Sep 2026 18:35:46 GMT",https://sanctionslistservice.ofac.treas.gov/api/download/SDN.CSV,https://wc2h-sls-prod-public-published.s3.us-gov-west-1.amazonaws.com/Published/0ddbea01-d432-49b0-844a-df5fbd1e579e/2026-09-11/fcbc841e-fa83-4457-9acc-25d2cf56aaab/SDN.CSV,sdn.csv,,89529,,,,0,0,,
2026-09-14T22:30:59Z,ofac_sdn,classic_alias,unchanged,304,"""bc3bb5c0276f13699ab0a1c16f73f3a9""","Mon, 14 Sep 2026 18:35:49 GMT",fa40fd1d5143e534477735ca01f03d3bec190dcbb549c1c9685361817c71852c,"Mon, 14 Sep 2026 18:35:46 GMT",https://sanctionslistservice.ofac.treas.gov/api/download/ALT.CSV,https://wc2h-sls-prod-public-published.s3.us-gov-west-1.amazonaws.com/Published/0ddbea01-d432-49b0-844a-df5fbd1e579e/2026-09-11/fcbc841e-fa83-4457-9acc-25d2cf56aaab/ALT.CSV,,,89529,,,,0,0,,
2026-09-14T22:30:59Z,ofac_sdn,advanced_xml,unchanged,304,"""6ae4860420a3e4ff11676b508679d863""","Mon, 14 Sep 2026 18:35:46 GMT",3154ed8f492f5645c4197da60abec0b22534c55ee87e20bf415a0ac7d58b8b2b,"Mon, 14 Sep 2026 18:35:46 GMT",https://sanctionslistservice.ofac.treas.gov/api/PublicationPreview/exports/SDN_ADVANCED.XML,https://wc2h-sls-prod-public-published.s3.us-gov-west-1.amazonaws.com/Published/0ddbea01-d432-49b0-844a-df5fbd1e579e/2026-09-11/fcbc841e-fa83-4457-9acc-25d2cf56aaab/SDN_ADVANCED.XML,,,89529,,,,0,0,,
2026-09-14T22:30:59Z,ofac_cons,classic_primary,unchanged,304,"""80380f3c66df3c970e311a0f0dd7eea6""","Mon, 14 Sep 2026 18:35:48 GMT",0a3b74f6eb28450a9993b42a234c1801471d4dcb41220f6a7b8e466575bc3889,"Mon, 14 Sep 2026 18:35:48 GMT",https://sanctionslistservice.ofac.treas.gov/api/download/CONS_PRIM.CSV,https://wc2h-sls-prod-public-published.s3.us-gov-west-1.amazonaws.com/Published/0ddbea01-d432-49b0-844a-df5fbd1e579e/2026-09-11/fcbc841e-fa83-4457-9acc-25d2cf56aaab/CONS_PRIM.CSV,cons_prim.csv,,3371,,,,0,0,,
2026-09-14T22:30:59Z,ofac_cons,classic_alias,unchanged,304,"""fc2d781c5c00004bb5f02174eddc1ba2""","Mon, 14 Sep 2026 18:35:49 GMT",ee4e86b664c7a11aacd0fe227f35336cff3467602bb9607653bb4ce193811474,"Mon, 14 Sep 2026 18:35:48 GMT",https://sanctionslistservice.ofac.treas.gov/api/download/CONS_ALT.CSV,https://wc2h-sls-prod-public-published.s3.us-gov-west-1.amazonaws.com/Published/0ddbea01-d432-49b0-844a-df5fbd1e579e/2026-09-11/fcbc841e-fa83-4457-9acc-25d2cf56aaab/CONS_ALT.CSV,,,3371,,,,0,0,,
2026-09-14T22:30:59Z,ofac_cons,advanced_xml,unchanged,304,"""a27e7477b51d72ea79ace3e20811fbeb""","Mon, 14 Sep 2026 18:35:48 GMT",43033832780a55ed4b3c28291184b60dc63242082c223dd83702a014d5825a65,"Mon, 14 Sep 2026 18:35:48 GMT",https://sanctionslistservice.ofac.treas.gov/api/PublicationPreview/exports/CONS_ADVANCED.XML,https://wc2h-sls-prod-public-published.s3.us-gov-west-1.amazonaws.com/Published/0ddbea01-d432-49b0-844a-df5fbd1e579e/2026-09-11/fcbc841e-fa83-4457-9acc-25d2cf56aaab/CONS_ADVANCED.XML,,,3371,,,,0,0,,
2026-09-14T23:27:39Z,ofac_sdn,classic_primary,unchanged,304,"""f05f199ed0ece8c03dd3e59616a98c56""","Mon, 14 Sep 2026 18:35:48 GMT",1ac8e3cbbb07ba74d799e53297c97c814dd57630ce2700fcd27902e20183fa79,"Mon, 14 Sep 2026 18:35:46 GMT",https://sanctionslistservice.ofac.treas.gov/api/download/SDN.CSV,https://wc2h-sls-prod-public-published.s3.us-gov-west-1.amazonaws.com/Published/0ddbea01-d432-49b0-844a-df5fbd1e579e/2026-09-11/fcbc841e-fa83-4457-9acc-25d2cf56aaab/SDN.CSV,sdn.csv,,89529,,,,0,0,,
2026-09-14T23:27:39Z,ofac_sdn,classic_alias,unchanged,304,"""bc3bb5c0276f13699ab0a1c16f73f3a9""","Mon, 14 Sep 2026 18:35:49 GMT",fa40fd1d5143e534477735ca01f03d3bec190dcbb549c1c9685361817c71852c,"Mon, 14 Sep 2026 18:35:46 GMT",https://sanctionslistservice.ofac.treas.gov/api/download/ALT.CSV,https://wc2h-sls-prod-public-published.s3.us-gov-west-1.amazonaws.com/Published/0ddbea01-d432-49b0-844a-df5fbd1e579e/2026-09-11/fcbc841e-fa83-4457-9acc-25d2cf56aaab/ALT.CSV,,,89529,,,,0,0,,
2026-09-14T23:27:39Z,ofac_sdn,advanced_xml,unchanged,304,"""6ae4860420a3e4ff11676b508679d863""","Mon, 14 Sep 2026 18:35:46 GMT",3154ed8f492f5645c4197da60abec0b22534c55ee87e20bf415a0ac7d58b8b2b,"Mon, 14 Sep 2026 18:35:46 GMT",https://sanctionslistservice.ofac.treas.gov/api/PublicationPreview/exports/SDN_ADVANCED.XML,https://wc2h-sls-prod-public-published.s3.us-gov-west-1.amazonaws.com/Published/0ddbea01-d432-49b0-844a-df5fbd1e579e/2026-09-11/fcbc841e-fa83-4457-9acc-25d2cf56aaab/SDN_ADVANCED.XML,,,89529,,,,0,0,,
2026-09-14T23:27:39Z,ofac_cons,classic_primary,unchanged,304,"""80380f3c66df3c970e311a0f0dd7eea6""","Mon, 14 Sep 2026 18:35:48 GMT",0a3b74f6eb28450a9993b42a234c1801471d4dcb41220f6a7b8e466575bc3889,"Mon, 14 Sep 2026 18:35:48 GMT",https://sanctionslistservice.ofac.treas.gov/api/download/CONS_PRIM.CSV,https://wc2h-sls-prod-public-published.s3.us-gov-west-1.amazonaws.com/Published/0ddbea01-d432-49b0-844a-df5fbd1e579e/2026-09-11/fcbc841e-fa83-4457-9acc-25d2cf56aaab/CONS_PRIM.CSV,cons_prim.csv,,3371,,,,0,0,,
2026-09-14T23:27:39Z,ofac_cons,classic_alias,unchanged,304,"""fc2d781c5c00004bb5f02174eddc1ba2""","Mon, 14 Sep 2026 18:35:49 GMT",ee4e86b664c7a11aacd0fe227f35336cff3467602bb9607653bb4ce193811474,"Mon, 14 Sep 2026 18:35:48 GMT",https://sanctionslistservice.ofac.treas.gov/api/download/CONS_ALT.CSV,https://wc2h-sls-prod-public-published.s3.us-gov-west-1.amazonaws.com/Published/0ddbea01-d432-49b0-844a-df5fbd1e579e/2026-09-11/fcbc841e-fa83-4457-9acc-25d2cf56aaab/CONS_ALT.CSV,,,3371,,,,0,0,,
2026-09-14T23:27:39Z,ofac_cons,advanced_xml,unchanged,304,"""a27e7477b51d72ea79ace3e20811fbeb""","Mon, 14 Sep 2026 18:35:48 GMT",43033832780a55ed4b3c28291184b60dc63242082c223dd83702a014d5825a65,"Mon, 14 Sep 2026 18:35:48 GMT",https://sanctionslistservice.ofac.treas.gov/api/PublicationPreview/exports/CONS_ADVANCED.XML,https://wc2h-sls-prod-public-published.s3.us-gov-west-1.amazonaws.com/Published/0ddbea01-d432-49b0-844a-df5fbd1e579e/2026-09-11/fcbc841e-fa83-4457-9acc-25d2cf56aaab/CONS_ADVANCED.XML,,,3371,,,,0,0,,
2026-09-15T00:39:58Z,ofac_sdn,classic_primary,unchanged,304,"""f05f199ed0ece8c03dd3e59616a98c56""","Mon, 14 Sep 2026 18:35:48 GMT",1ac8e3cbbb07ba74d799e53297c97c814dd57630ce2700fcd27902e20183fa79,"Mon, 14 Sep 2026 18:35:46 GMT",https://sanctionslistservice.ofac.treas.gov/api/download/SDN.CSV,https://wc2h-sls-prod-public-published.s3.us-gov-west-1.amazonaws.com/Published/0ddbea01-d432-49b0-844a-df5fbd1e579e/2026-09-11/fcbc841e-fa83-4457-9acc-25d2cf56aaab/SDN.CSV,sdn.csv,,89529,,,,0,0,,
2026-09-15T00:39:58Z,ofac_sdn,classic_alias,unchanged,304,"""bc3bb5c0276f13699ab0a1c16f73f3a9""","Mon, 14 Sep 2026 18:35:49 GMT",fa40fd1d5143e534477735ca01f03d3bec190dcbb549c1c9685361817c71852c,"Mon, 14 Sep 2026 18:35:46 GMT",https://sanctionslistservice.ofac.treas.gov/api/download/ALT.CSV,https://wc2h-sls-prod-public-published.s3.us-gov-west-1.amazonaws.com/Published/0ddbea01-d432-49b0-844a-df5fbd1e579e/2026-09-11/fcbc841e-fa83-4457-9acc-25d2cf56aaab/ALT.CSV,,,89529,,,,0,0,,
2026-09-15T00:39:58Z,ofac_sdn,advanced_xml,unchanged,304,"""6ae4860420a3e4ff11676b508679d863""","Mon, 14 Sep 2026 18:35:46 GMT",3154ed8f492f5645c4197da60abec0b22534c55ee87e20bf415a0ac7d58b8b2b,"Mon, 14 Sep 2026 18:35:46 GMT",https://sanctionslistservice.ofac.treas.gov/api/PublicationPreview/exports/SDN_ADVANCED.XML,https://wc2h-sls-prod-public-published.s3.us-gov-west-1.amazonaws.com/Published/0ddbea01-d432-49b0-844a-df5fbd1e579e/2026-09-11/fcbc841e-fa83-4457-9acc-25d2cf56aaab/SDN_ADVANCED.XML,,,89529,,,,0,0,,
2026-09-15T00:39:58Z,ofac_cons,classic_primary,unchanged,304,"""80380f3c66df3c970e311a0f0dd7eea6""","Mon, 14 Sep 2026 18:35:48 GMT",0a3b74f6eb28450a9993b42a234c1801471d4dcb41220f6a7b8e466575bc3889,"Mon, 14 Sep 2026 18:35:48 GMT",https://sanctionslistservice.ofac.treas.gov/api/download/CONS_PRIM.CSV,https://wc2h-sls-prod-public-published.s3.us-gov-west-1.amazonaws.com/Published/0ddbea01-d432-49b0-844a-df5fbd1e579e/2026-09-11/fcbc841e-fa83-4457-9acc-25d2cf56aaab/CONS_PRIM.CSV,cons_prim.csv,,3371,,,,0,0,,
2026-09-15T00:39:58Z,ofac_cons,classic_alias,unchanged,304,"""fc2d781c5c00004bb5f02174eddc1ba2""","Mon, 14 Sep 2026 18:35:49 GMT",ee4e86b664c7a11aacd0fe227f35336cff3467602bb9607653bb4ce193811474,"Mon, 14 Sep 2026 18:35:48 GMT",https://sanctionslistservice.ofac.treas.gov/api/download/CONS_ALT.CSV,https://wc2h-sls-prod-public-published.s3.us-gov-west-1.amazonaws.com/Published/0ddbea01-d432-49b0-844a-df5fbd1e579e/2026-09-11/fcbc841e-fa83-4457-9acc-25d2cf56aaab/CONS_ALT.CSV,,,3371,,,,0,0,,
2026-09-15T00:39:58Z,ofac_cons,advanced_xml,unchanged,304,"""a27e7477b51d72ea79ace3e20811fbeb""","Mon, 14 Sep 2026 18:35:48 GMT",43033832780a55ed4b3c28291184b60dc63242082c223dd83702a014d5825a65,"Mon, 14 Sep 2026 18:35:48 GMT",https://sanctionslistservice.ofac.treas.gov/api/PublicationPreview/exports/CONS_ADVANCED.XML,https://wc2h-sls-prod-public-published.s3.us-gov-west-1.amazonaws.com/Published/0ddbea01-d432-49b0-844a-df5fbd1e579e/2026-09-11/fcbc841e-fa83-4457-9acc-25d2cf56aaab/CONS_ADVANCED.XML,,,3371,,,,0,0,,
2026-09-15T00:50:59Z,mof,index_page,fetched,200,"""a251-65b083d534fc0""","Wed, 09 Sep 2026 08:00:07 GMT",090057bbb28e4be3e5d9900a19c7fdf50525cf008631779283b4fa6419634a5c,令和8年9月10日,https://www.mof.go.jp/policy/international_policy/gaitame_kawase/gaitame/economic_sanctions/list.html,https://www.mof.go.jp/policy/international_policy/gaitame_kawase/gaitame/economic_sanctions/list.html,list.html,,,,,,0,0,,
2026-09-15T00:50:59Z,mof,list_file,unchanged,304,"""3225f7-65b083d71d440""","Wed, 09 Sep 2026 08:00:09 GMT",c46ccaf88a98ab9c4209c4032c91190fa740ac106767fe32331879d73de99d03,令和8年9月10日,https://www.mof.go.jp/policy/international_policy/gaitame_kawase/gaitame/economic_sanctions/shisantouketsu20260910.csv,https://www.mof.go.jp/policy/international_policy/gaitame_kawase/gaitame/economic_sanctions/shisantouketsu20260910.csv,shisantouketsu20260910.csv,,14743,,,,0,0,,
2026-09-15T00:50:59Z,meti,index_page,blocked,403,"W/""c3bb143a530e398af9a1c1a440f0189c""","Mon, 24 Aug 2026 07:11:49 GMT",,,https://www.meti.go.jp/policy/anpo/law09.html,https://www.meti.go.jp/policy/anpo/law09.html,,,,,,,1,0,HTTPError,403 Client Error: Forbidden for url: https://www.meti.go.jp/policy/anpo/law09.html
2026-09-15T01:33:17Z,ofac_sdn,classic_primary,unchanged,304,"""f05f199ed0ece8c03dd3e59616a98c56""","Mon, 14 Sep 2026 18:35:48 GMT",1ac8e3cbbb07ba74d799e53297c97c814dd57630ce2700fcd27902e20183fa79,"Mon, 14 Sep 2026 18:35:46 GMT",https://sanctionslistservice.ofac.treas.gov/api/download/SDN.CSV,https://wc2h-sls-prod-public-published.s3.us-gov-west-1.amazonaws.com/Published/0ddbea01-d432-49b0-844a-df5fbd1e579e/2026-09-11/fcbc841e-fa83-4457-9acc-25d2cf56aaab/SDN.CSV,sdn.csv,,89529,,,,0,0,,
2026-09-15T01:33:17Z,ofac_sdn,classic_alias,unchanged,304,"""bc3bb5c0276f13699ab0a1c16f73f3a9""","Mon, 14 Sep 2026 18:35:49 GMT",fa40fd1d5143e534477735ca01f03d3bec190dcbb549c1c9685361817c71852c,"Mon, 14 Sep 2026 18:35:46 GMT",https://sanctionslistservice.ofac.treas.gov/api/download/ALT.CSV,https://wc2h-sls-prod-public-published.s3.us-gov-west-1.amazonaws.com/Published/0ddbea01-d432-49b0-844a-df5fbd1e579e/2026-09-11/fcbc841e-fa83-4457-9acc-25d2cf56aaab/ALT.CSV,,,89529,,,,0,0,,
2026-09-15T01:33:17Z,ofac_sdn,advanced_xml,unchanged,304,"""6ae4860420a3e4ff11676b508679d863""","Mon, 14 Sep 2026 18:35:46 GMT",3154ed8f492f5645c4197da60abec0b22534c55ee87e20bf415a0ac7d58b8b2b,"Mon, 14 Sep 2026 18:35:46 GMT",https://sanctionslistservice.ofac.treas.gov/api/PublicationPreview/exports/SDN_ADVANCED.XML,https://wc2h-sls-prod-public-published.s3.us-gov-west-1.amazonaws.com/Published/0ddbea01-d432-49b0-844a-df5fbd1e579e/2026-09-11/fcbc841e-fa83-4457-9acc-25d2cf56aaab/SDN_ADVANCED.XML,,,89529,,,,0,0,,
2026-09-15T01:33:17Z,ofac_cons,classic_primary,unchanged,304,"""80380f3c66df3c970e311a0f0dd7eea6""","Mon, 14 Sep 2026 18:35:48 GMT",0a3b74f6eb28450a9993b42a234c1801471d4dcb41220f6a7b8e466575bc3889,"Mon, 14 Sep 2026 18:35:48 GMT",https://sanctionslistservice.ofac.treas.gov/api/download/CONS_PRIM.CSV,https://wc2h-sls-prod-public-published.s3.us-gov-west-1.amazonaws.com/Published/0ddbea01-d432-49b0-844a-df5fbd1e579e/2026-09-11/fcbc841e-fa83-4457-9acc-25d2cf56aaab/CONS_PRIM.CSV,cons_prim.csv,,3371,,,,0,0,,
2026-09-15T01:33:17Z,ofac_cons,classic_alias,unchanged,304,"""fc2d781c5c00004bb5f02174eddc1ba2""","Mon, 14 Sep 2026 18:35:49 GMT",ee4e86b664c7a11aacd0fe227f35336cff3467602bb9607653bb4ce193811474,"Mon, 14 Sep 2026 18:35:48 GMT",https://sanctionslistservice.ofac.treas.gov/api/download/CONS_ALT.CSV,https://wc2h-sls-prod-public-published.s3.us-gov-west-1.amazonaws.com/Published/0ddbea01-d432-49b0-844a-df5fbd1e579e/2026-09-11/fcbc841e-fa83-4457-9acc-25d2cf56aaab/CONS_ALT.CSV,,,3371,,,,0,0,,
2026-09-15T01:33:17Z,ofac_cons,advanced_xml,unchanged,304,"""a27e7477b51d72ea79ace3e20811fbeb""","Mon, 14 Sep 2026 18:35:48 GMT",43033832780a55ed4b3c28291184b60dc63242082c223dd83702a014d5825a65,"Mon, 14 Sep 2026 18:35:48 GMT",https://sanctionslistservice.ofac.treas.gov/api/PublicationPreview/exports/CONS_ADVANCED.XML,https://wc2h-sls-prod-public-published.s3.us-gov-west-1.amazonaws.com/Published/0ddbea01-d432-49b0-844a-df5fbd1e579e/2026-09-11/fcbc841e-fa83-4457-9acc-25d2cf56aaab/CONS_ADVANCED.XML,,,3371,,,,0,0,,
2026-09-15T02:32:48Z,ofac_sdn,classic_primary,unchanged,304,"""f05f199ed0ece8c03dd3e59616a98c56""","Mon, 14 Sep 2026 18:35:48 GMT",1ac8e3cbbb07ba74d799e53297c97c814dd57630ce2700fcd27902e20183fa79,"Mon, 14 Sep 2026 18:35:46 GMT",https://sanctionslistservice.ofac.treas.gov/api/download/SDN.CSV,https://wc2h-sls-prod-public-published.s3.us-gov-west-1.amazonaws.com/Published/0ddbea01-d432-49b0-844a-df5fbd1e579e/2026-09-11/fcbc841e-fa83-4457-9acc-25d2cf56aaab/SDN.CSV,sdn.csv,,89529,,,,0,0,,
2026-09-15T02:32:48Z,ofac_sdn,classic_alias,unchanged,304,"""bc3bb5c0276f13699ab0a1c16f73f3a9""","Mon, 14 Sep 2026 18:35:49 GMT",fa40fd1d5143e534477735ca01f03d3bec190dcbb549c1c9685361817c71852c,"Mon, 14 Sep 2026 18:35:46 GMT",https://sanctionslistservice.ofac.treas.gov/api/download/ALT.CSV,https://wc2h-sls-prod-public-published.s3.us-gov-west-1.amazonaws.com/Published/0ddbea01-d432-49b0-844a-df5fbd1e579e/2026-09-11/fcbc841e-fa83-4457-9acc-25d2cf56aaab/ALT.CSV,,,89529,,,,0,0,,
2026-09-15T02:32:48Z,ofac_sdn,advanced_xml,unchanged,304,"""6ae4860420a3e4ff11676b508679d863""","Mon, 14 Sep 2026 18:35:46 GMT",3154ed8f492f5645c4197da60abec0b22534c55ee87e20bf415a0ac7d58b8b2b,"Mon, 14 Sep 2026 18:35:46 GMT",https://sanctionslistservice.ofac.treas.gov/api/PublicationPreview/exports/SDN_ADVANCED.XML,https://wc2h-sls-prod-public-published.s3.us-gov-west-1.amazonaws.com/Published/0ddbea01-d432-49b0-844a-df5fbd1e579e/2026-09-11/fcbc841e-fa83-4457-9acc-25d2cf56aaab/SDN_ADVANCED.XML,,,89529,,,,0,0,,
2026-09-15T02:32:48Z,ofac_cons,classic_primary,unchanged,304,"""80380f3c66df3c970e311a0f0dd7eea6""","Mon, 14 Sep 2026 18:35:48 GMT",0a3b74f6eb28450a9993b42a234c1801471d4dcb41220f6a7b8e466575bc3889,"Mon, 14 Sep 2026 18:35:48 GMT",https://sanctionslistservice.ofac.treas.gov/api/download/CONS_PRIM.CSV,https://wc2h-sls-prod-public-published.s3.us-gov-west-1.amazonaws.com/Published/0ddbea01-d432-49b0-844a-df5fbd1e579e/2026-09-11/fcbc841e-fa83-4457-9acc-25d2cf56aaab/CONS_PRIM.CSV,cons_prim.csv,,3371,,,,0,0,,
2026-09-15T02:32:48Z,ofac_cons,classic_alias,unchanged,304,"""fc2d781c5c00004bb5f02174eddc1ba2""","Mon, 14 Sep 2026 18:35:49 GMT",ee4e86b664c7a11aacd0fe227f35336cff3467602bb9607653bb4ce193811474,"Mon, 14 Sep 2026 18:35:48 GMT",https://sanctionslistservice.ofac.treas.gov/api/download/CONS_ALT.CSV,https://wc2h-sls-prod-public-published.s3.us-gov-west-1.amazonaws.com/Published/0ddbea01-d432-49b0-844a-df5fbd1e579e/2026-09-11/fcbc841e-fa83-4457-9acc-25d2cf56aaab/CONS_ALT.CSV,,,3371,,,,0,0,,
2026-09-15T02:32:48Z,ofac_cons,advanced_xml,unchanged,304,"""a27e7477b51d72ea79ace3e20811fbeb""","Mon, 14 Sep 2026 18:35:48 GMT",43033832780a55ed4b3c28291184b60dc63242082c223dd83702a014d5825a65,"Mon, 14 Sep 2026 18:35:48 GMT",https://sanctionslistservice.ofac.treas.gov/api/PublicationPreview/exports/CONS_ADVANCED.XML,https://wc2h-sls-prod-public-published.s3.us-gov-west-1.amazonaws.com/Published/0ddbea01-d432-49b0-844a-df5fbd1e579e/2026-09-11/fcbc841e-fa83-4457-9acc-25d2cf56aaab/CONS_ADVANCED.XML,,,3371,,,,0,0,,
2026-09-15T03:08:54Z,meti_rss,METI_NEWS_RELEASE_RSS_SENSOR,fetch_error,,,,,2026-06-19T05:00:00Z,https://www.meti.go.jp/ml_index_release_atom.xml,,,,25,,,,1,0,ReadTimeout,"HTTPSConnectionPool(host='www.meti.go.jp', port=443): Read timed out. (read timeout=45)"
2026-09-15T03:23:59Z,meti_rss,METI_NEWS_RELEASE_RSS_SENSOR,stale,304,"W/""85de91fe47e2f3e3e025833da3ffffab""","Thu, 25 Jun 2026 20:29:34 GMT",ae1eb72bba8d18f20bc9a7bb38611e5f9c2db3d242163875b8b6b6a44fa6c9d0,2026-06-19T05:00:00Z,https://www.meti.go.jp/ml_index_release_atom.xml,https://www.meti.go.jp/ml_index_release_atom.xml,ml_index_release_atom.xml,,25,,,,0,0,FeedStaleError,"RSS最終entryが古すぎる: latest=2026-06-19T05:00:00Z, age=2110.4h, threshold=168h"
2026-09-15T03:33:02Z,ofac_sdn,classic_primary,unchanged,304,"""f05f199ed0ece8c03dd3e59616a98c56""","Mon, 14 Sep 2026 18:35:48 GMT",1ac8e3cbbb07ba74d799e53297c97c814dd57630ce2700fcd27902e20183fa79,"Mon, 14 Sep 2026 18:35:46 GMT",https://sanctionslistservice.ofac.treas.gov/api/download/SDN.CSV,https://wc2h-sls-prod-public-published.s3.us-gov-west-1.amazonaws.com/Published/0ddbea01-d432-49b0-844a-df5fbd1e579e/2026-09-11/fcbc841e-fa83-4457-9acc-25d2cf56aaab/SDN.CSV,sdn.csv,,89529,,,,0,0,,
2026-09-15T03:33:02Z,ofac_sdn,classic_alias,unchanged,304,"""bc3bb5c0276f13699ab0a1c16f73f3a9""","Mon, 14 Sep 2026 18:35:49 GMT",fa40fd1d5143e534477735ca01f03d3bec190dcbb549c1c9685361817c71852c,"Mon, 14 Sep 2026 18:35:46 GMT",https://sanctionslistservice.ofac.treas.gov/api/download/ALT.CSV,https://wc2h-sls-prod-public-published.s3.us-gov-west-1.amazonaws.com/Published/0ddbea01-d432-49b0-844a-df5fbd1e579e/2026-09-11/fcbc841e-fa83-4457-9acc-25d2cf56aaab/ALT.CSV,,,89529,,,,0,0,,
2026-09-15T03:33:02Z,ofac_sdn,advanced_xml,unchanged,304,"""6ae4860420a3e4ff11676b508679d863""","Mon, 14 Sep 2026 18:35:46 GMT",3154ed8f492f5645c4197da60abec0b22534c55ee87e20bf415a0ac7d58b8b2b,"Mon, 14 Sep 2026 18:35:46 GMT",https://sanctionslistservice.ofac.treas.gov/api/PublicationPreview/exports/SDN_ADVANCED.XML,https://wc2h-sls-prod-public-published.s3.us-gov-west-1.amazonaws.com/Published/0ddbea01-d432-49b0-844a-df5fbd1e579e/2026-09-11/fcbc841e-fa83-4457-9acc-25d2cf56aaab/SDN_ADVANCED.XML,,,89529,,,,0,0,,
2026-09-15T03:33:02Z,ofac_cons,classic_primary,unchanged,304,"""80380f3c66df3c970e311a0f0dd7eea6""","Mon, 14 Sep 2026 18:35:48 GMT",0a3b74f6eb28450a9993b42a234c1801471d4dcb41220f6a7b8e466575bc3889,"Mon, 14 Sep 2026 18:35:48 GMT",https://sanctionslistservice.ofac.treas.gov/api/download/CONS_PRIM.CSV,https://wc2h-sls-prod-public-published.s3.us-gov-west-1.amazonaws.com/Published/0ddbea01-d432-49b0-844a-df5fbd1e579e/2026-09-11/fcbc841e-fa83-4457-9acc-25d2cf56aaab/CONS_PRIM.CSV,cons_prim.csv,,3371,,,,0,0,,
2026-09-15T03:33:02Z,ofac_cons,classic_alias,unchanged,304,"""fc2d781c5c00004bb5f02174eddc1ba2""","Mon, 14 Sep 2026 18:35:49 GMT",ee4e86b664c7a11aacd0fe227f35336cff3467602bb9607653bb4ce193811474,"Mon, 14 Sep 2026 18:35:48 GMT",https://sanctionslistservice.ofac.treas.gov/api/download/CONS_ALT.CSV,https://wc2h-sls-prod-public-published.s3.us-gov-west-1.amazonaws.com/Published/0ddbea01-d432-49b0-844a-df5fbd1e579e/2026-09-11/fcbc841e-fa83-4457-9acc-25d2cf56aaab/CONS_ALT.CSV,,,3371,,,,0,0,,
2026-09-15T03:33:02Z,ofac_cons,advanced_xml,unchanged,304,"""a27e7477b51d72ea79ace3e20811fbeb""","Mon, 14 Sep 2026 18:35:48 GMT",43033832780a55ed4b3c28291184b60dc63242082c223dd83702a014d5825a65,"Mon, 14 Sep 2026 18:35:48 GMT",https://sanctionslistservice.ofac.treas.gov/api/PublicationPreview/exports/CONS_ADVANCED.XML,https://wc2h-sls-prod-public-published.s3.us-gov-west-1.amazonaws.com/Published/0ddbea01-d432-49b0-844a-df5fbd1e579e/2026-09-11/fcbc841e-fa83-4457-9acc-25d2cf56aaab/CONS_ADVANCED.XML,,,3371,,,,0,0,,
2026-09-15T04:32:44Z,ofac_sdn,classic_primary,unchanged,304,"""f05f199ed0ece8c03dd3e59616a98c56""","Mon, 14 Sep 2026 18:35:48 GMT",1ac8e3cbbb07ba74d799e53297c97c814dd57630ce2700fcd27902e20183fa79,"Mon, 14 Sep 2026 18:35:46 GMT",https://sanctionslistservice.ofac.treas.gov/api/download/SDN.CSV,https://wc2h-sls-prod-public-published.s3.us-gov-west-1.amazonaws.com/Published/0ddbea01-d432-49b0-844a-df5fbd1e579e/2026-09-11/fcbc841e-fa83-4457-9acc-25d2cf56aaab/SDN.CSV,sdn.csv,,89529,,,,0,0,,
2026-09-15T04:32:44Z,ofac_sdn,classic_alias,unchanged,304,"""bc3bb5c0276f13699ab0a1c16f73f3a9""","Mon, 14 Sep 2026 18:35:49 GMT",fa40fd1d5143e534477735ca01f03d3bec190dcbb549c1c9685361817c71852c,"Mon, 14 Sep 2026 18:35:46 GMT",https://sanctionslistservice.ofac.treas.gov/api/download/ALT.CSV,https://wc2h-sls-prod-public-published.s3.us-gov-west-1.amazonaws.com/Published/0ddbea01-d432-49b0-844a-df5fbd1e579e/2026-09-11/fcbc841e-fa83-4457-9acc-25d2cf56aaab/ALT.CSV,,,89529,,,,0,0,,
2026-09-15T04:32:44Z,ofac_sdn,advanced_xml,unchanged,304,"""6ae4860420a3e4ff11676b508679d863""","Mon, 14 Sep 2026 18:35:46 GMT",3154ed8f492f5645c4197da60abec0b22534c55ee87e20bf415a0ac7d58b8b2b,"Mon, 14 Sep 2026 18:35:46 GMT",https://sanctionslistservice.ofac.treas.gov/api/PublicationPreview/exports/SDN_ADVANCED.XML,https://wc2h-sls-prod-public-published.s3.us-gov-west-1.amazonaws.com/Published/0ddbea01-d432-49b0-844a-df5fbd1e579e/2026-09-11/fcbc841e-fa83-4457-9acc-25d2cf56aaab/SDN_ADVANCED.XML,,,89529,,,,0,0,,
2026-09-15T04:32:44Z,ofac_cons,classic_primary,unchanged,304,"""80380f3c66df3c970e311a0f0dd7eea6""","Mon, 14 Sep 2026 18:35:48 GMT",0a3b74f6eb28450a9993b42a234c1801471d4dcb41220f6a7b8e466575bc3889,"Mon, 14 Sep 2026 18:35:48 GMT",https://sanctionslistservice.ofac.treas.gov/api/download/CONS_PRIM.CSV,https://wc2h-sls-prod-public-published.s3.us-gov-west-1.amazonaws.com/Published/0ddbea01-d432-49b0-844a-df5fbd1e579e/2026-09-11/fcbc841e-fa83-4457-9acc-25d2cf56aaab/CONS_PRIM.CSV,cons_prim.csv,,3371,,,,0,0,,
2026-09-15T04:32:44Z,ofac_cons,classic_alias,unchanged,304,"""fc2d781c5c00004bb5f02174eddc1ba2""","Mon, 14 Sep 2026 18:35:49 GMT",ee4e86b664c7a11aacd0fe227f35336cff3467602bb9607653bb4ce193811474,"Mon, 14 Sep 2026 18:35:48 GMT",https://sanctionslistservice.ofac.treas.gov/api/download/CONS_ALT.CSV,https://wc2h-sls-prod-public-published.s3.us-gov-west-1.amazonaws.com/Published/0ddbea01-d432-49b0-844a-df5fbd1e579e/2026-09-11/fcbc841e-fa83-4457-9acc-25d2cf56aaab/CONS_ALT.CSV,,,3371,,,,0,0,,
2026-09-15T04:32:44Z,ofac_cons,advanced_xml,unchanged,304,"""a27e7477b51d72ea79ace3e20811fbeb""","Mon, 14 Sep 2026 18:35:48 GMT",43033832780a55ed4b3c28291184b60dc63242082c223dd83702a014d5825a65,"Mon, 14 Sep 2026 18:35:48 GMT",https://sanctionslistservice.ofac.treas.gov/api/PublicationPreview/exports/CONS_ADVANCED.XML,https://wc2h-sls-prod-public-published.s3.us-gov-west-1.amazonaws.com/Published/0ddbea01-d432-49b0-844a-df5fbd1e579e/2026-09-11/fcbc841e-fa83-4457-9acc-25d2cf56aaab/CONS_ADVANCED.XML,,,3371,,,,0,0,,
2026-09-15T05:31:31Z,ofac_sdn,classic_primary,unchanged,304,"""f05f199ed0ece8c03dd3e59616a98c56""","Mon, 14 Sep 2026 18:35:48 GMT",1ac8e3cbbb07ba74d799e53297c97c814dd57630ce2700fcd27902e20183fa79,"Mon, 14 Sep 2026 18:35:46 GMT",https://sanctionslistservice.ofac.treas.gov/api/download/SDN.CSV,https://wc2h-sls-prod-public-published.s3.us-gov-west-1.amazonaws.com/Published/0ddbea01-d432-49b0-844a-df5fbd1e579e/2026-09-11/fcbc841e-fa83-4457-9acc-25d2cf56aaab/SDN.CSV,sdn.csv,,89529,,,,0,0,,
2026-09-15T05:31:31Z,ofac_sdn,classic_alias,unchanged,304,"""bc3bb5c0276f13699ab0a1c16f73f3a9""","Mon, 14 Sep 2026 18:35:49 GMT",fa40fd1d5143e534477735ca01f03d3bec190dcbb549c1c9685361817c71852c,"Mon, 14 Sep 2026 18:35:46 GMT",https://sanctionslistservice.ofac.treas.gov/api/download/ALT.CSV,https://wc2h-sls-prod-public-published.s3.us-gov-west-1.amazonaws.com/Published/0ddbea01-d432-49b0-844a-df5fbd1e579e/2026-09-11/fcbc841e-fa83-4457-9acc-25d2cf56aaab/ALT.CSV,,,89529,,,,0,0,,
2026-09-15T05:31:31Z,ofac_sdn,advanced_xml,unchanged,304,"""6ae4860420a3e4ff11676b508679d863""","Mon, 14 Sep 2026 18:35:46 GMT",3154ed8f492f5645c4197da60abec0b22534c55ee87e20bf415a0ac7d58b8b2b,"Mon, 14 Sep 2026 18:35:46 GMT",https://sanctionslistservice.ofac.treas.gov/api/PublicationPreview/exports/SDN_ADVANCED.XML,https://wc2h-sls-prod-public-published.s3.us-gov-west-1.amazonaws.com/Published/0ddbea01-d432-49b0-844a-df5fbd1e579e/2026-09-11/fcbc841e-fa83-4457-9acc-25d2cf56aaab/SDN_ADVANCED.XML,,,89529,,,,0,0,,
2026-09-15T05:31:31Z,ofac_cons,classic_primary,unchanged,304,"""80380f3c66df3c970e311a0f0dd7eea6""","Mon, 14 Sep 2026 18:35:48 GMT",0a3b74f6eb28450a9993b42a234c1801471d4dcb41220f6a7b8e466575bc3889,"Mon, 14 Sep 2026 18:35:48 GMT",https://sanctionslistservice.ofac.treas.gov/api/download/CONS_PRIM.CSV,https://wc2h-sls-prod-public-published.s3.us-gov-west-1.amazonaws.com/Published/0ddbea01-d432-49b0-844a-df5fbd1e579e/2026-09-11/fcbc841e-fa83-4457-9acc-25d2cf56aaab/CONS_PRIM.CSV,cons_prim.csv,,3371,,,,0,0,,
2026-09-15T05:31:31Z,ofac_cons,classic_alias,unchanged,304,"""fc2d781c5c00004bb5f02174eddc1ba2""","Mon, 14 Sep 2026 18:35:49 GMT",ee4e86b664c7a11aacd0fe227f35336cff3467602bb9607653bb4ce193811474,"Mon, 14 Sep 2026 18:35:48 GMT",https://sanctionslistservice.ofac.treas.gov/api/download/CONS_ALT.CSV,https://wc2h-sls-prod-public-published.s3.us-gov-west-1.amazonaws.com/Published/0ddbea01-d432-49b0-844a-df5fbd1e579e/2026-09-11/fcbc841e-fa83-4457-9acc-25d2cf56aaab/CONS_ALT.CSV,,,3371,,,,0,0,,
2026-09-15T05:31:31Z,ofac_cons,advanced_xml,unchanged,304,"""a27e7477b51d72ea79ace3e20811fbeb""","Mon, 14 Sep 2026 18:35:48 GMT",43033832780a55ed4b3c28291184b60dc63242082c223dd83702a014d5825a65,"Mon, 14 Sep 2026 18:35:48 GMT",https://sanctionslistservice.ofac.treas.gov/api/PublicationPreview/exports/CONS_ADVANCED.XML,https://wc2h-sls-prod-public-published.s3.us-gov-west-1.amazonaws.com/Published/0ddbea01-d432-49b0-844a-df5fbd1e579e/2026-09-11/fcbc841e-fa83-4457-9acc-25d2cf56aaab/CONS_ADVANCED.XML,,,3371,,,,0,0,,
2026-09-15T06:38:23Z,ofac_sdn,classic_primary,unchanged,304,"""f05f199ed0ece8c03dd3e59616a98c56""","Mon, 14 Sep 2026 18:35:48 GMT",1ac8e3cbbb07ba74d799e53297c97c814dd57630ce2700fcd27902e20183fa79,"Mon, 14 Sep 2026 18:35:46 GMT",https://sanctionslistservice.ofac.treas.gov/api/download/SDN.CSV,https://wc2h-sls-prod-public-published.s3.us-gov-west-1.amazonaws.com/Published/0ddbea01-d432-49b0-844a-df5fbd1e579e/2026-09-11/fcbc841e-fa83-4457-9acc-25d2cf56aaab/SDN.CSV,sdn.csv,,89529,,,,0,0,,
2026-09-15T06:38:23Z,ofac_sdn,classic_alias,unchanged,304,"""bc3bb5c0276f13699ab0a1c16f73f3a9""","Mon, 14 Sep 2026 18:35:49 GMT",fa40fd1d5143e534477735ca01f03d3bec190dcbb549c1c9685361817c71852c,"Mon, 14 Sep 2026 18:35:46 GMT",https://sanctionslistservice.ofac.treas.gov/api/download/ALT.CSV,https://wc2h-sls-prod-public-published.s3.us-gov-west-1.amazonaws.com/Published/0ddbea01-d432-49b0-844a-df5fbd1e579e/2026-09-11/fcbc841e-fa83-4457-9acc-25d2cf56aaab/ALT.CSV,,,89529,,,,0,0,,
2026-09-15T06:38:23Z,ofac_sdn,advanced_xml,unchanged,304,"""6ae4860420a3e4ff11676b508679d863""","Mon, 14 Sep 2026 18:35:46 GMT",3154ed8f492f5645c4197da60abec0b22534c55ee87e20bf415a0ac7d58b8b2b,"Mon, 14 Sep 2026 18:35:46 GMT",https://sanctionslistservice.ofac.treas.gov/api/PublicationPreview/exports/SDN_ADVANCED.XML,https://wc2h-sls-prod-public-published.s3.us-gov-west-1.amazonaws.com/Published/0ddbea01-d432-49b0-844a-df5fbd1e579e/2026-09-11/fcbc841e-fa83-4457-9acc-25d2cf56aaab/SDN_ADVANCED.XML,,,89529,,,,0,0,,
2026-09-15T06:38:23Z,ofac_cons,classic_primary,unchanged,304,"""80380f3c66df3c970e311a0f0dd7eea6""","Mon, 14 Sep 2026 18:35:48 GMT",0a3b74f6eb28450a9993b42a234c1801471d4dcb41220f6a7b8e466575bc3889,"Mon, 14 Sep 2026 18:35:48 GMT",https://sanctionslistservice.ofac.treas.gov/api/download/CONS_PRIM.CSV,https://wc2h-sls-prod-public-published.s3.us-gov-west-1.amazonaws.com/Published/0ddbea01-d432-49b0-844a-df5fbd1e579e/2026-09-11/fcbc841e-fa83-4457-9acc-25d2cf56aaab/CONS_PRIM.CSV,cons_prim.csv,,3371,,,,0,0,,
2026-09-15T06:38:23Z,ofac_cons,classic_alias,unchanged,304,"""fc2d781c5c00004bb5f02174eddc1ba2""","Mon, 14 Sep 2026 18:35:49 GMT",ee4e86b664c7a11aacd0fe227f35336cff3467602bb9607653bb4ce193811474,"Mon, 14 Sep 2026 18:35:48 GMT",https://sanctionslistservice.ofac.treas.gov/api/download/CONS_ALT.CSV,https://wc2h-sls-prod-public-published.s3.us-gov-west-1.amazonaws.com/Published/0ddbea01-d432-49b0-844a-df5fbd1e579e/2026-09-11/fcbc841e-fa83-4457-9acc-25d2cf56aaab/CONS_ALT.CSV,,,3371,,,,0,0,,
2026-09-15T06:38:23Z,ofac_cons,advanced_xml,unchanged,304,"""a27e7477b51d72ea79ace3e20811fbeb""","Mon, 14 Sep 2026 18:35:48 GMT",43033832780a55ed4b3c28291184b60dc63242082c223dd83702a014d5825a65,"Mon, 14 Sep 2026 18:35:48 GMT",https://sanctionslistservice.ofac.treas.gov/api/PublicationPreview/exports/CONS_ADVANCED.XML,https://wc2h-sls-prod-public-published.s3.us-gov-west-1.amazonaws.com/Published/0ddbea01-d432-49b0-844a-df5fbd1e579e/2026-09-11/fcbc841e-fa83-4457-9acc-25d2cf56aaab/CONS_ADVANCED.XML,,,3371,,,,0,0,,
2026-09-15T06:51:35Z,mof,index_page,fetched,200,"""a251-65b083d534fc0""","Wed, 09 Sep 2026 08:00:07 GMT",c7c436aa03a7317570a398eb6890324d7e0c35ff09f35b8d94f86bfc613aa381,令和8年9月10日,https://www.mof.go.jp/policy/international_policy/gaitame_kawase/gaitame/economic_sanctions/list.html,https://www.mof.go.jp/policy/international_policy/gaitame_kawase/gaitame/economic_sanctions/list.html,list.html,,,,,,0,0,,
2026-09-15T06:51:35Z,mof,list_file,unchanged,304,"""3225f7-65b083d71d440""","Wed, 09 Sep 2026 08:00:09 GMT",c46ccaf88a98ab9c4209c4032c91190fa740ac106767fe32331879d73de99d03,令和8年9月10日,https://www.mof.go.jp/policy/international_policy/gaitame_kawase/gaitame/economic_sanctions/shisantouketsu20260910.csv,https://www.mof.go.jp/policy/international_policy/gaitame_kawase/gaitame/economic_sanctions/shisantouketsu20260910.csv,shisantouketsu20260910.csv,,14743,,,,0,0,,
2026-09-15T06:51:35Z,meti,index_page,blocked,403,"W/""c3bb143a530e398af9a1c1a440f0189c""","Mon, 24 Aug 2026 07:11:49 GMT",,,https://www.meti.go.jp/policy/anpo/law09.html,https://www.meti.go.jp/policy/anpo/law09.html,,,,,,,1,0,HTTPError,403 Client Error: Forbidden for url: https://www.meti.go.jp/policy/anpo/law09.html
2026-09-15T07:33:31Z,ofac_sdn,classic_primary,unchanged,304,"""f05f199ed0ece8c03dd3e59616a98c56""","Mon, 14 Sep 2026 18:35:48 GMT",1ac8e3cbbb07ba74d799e53297c97c814dd57630ce2700fcd27902e20183fa79,"Mon, 14 Sep 2026 18:35:46 GMT",https://sanctionslistservice.ofac.treas.gov/api/download/SDN.CSV,https://wc2h-sls-prod-public-published.s3.us-gov-west-1.amazonaws.com/Published/0ddbea01-d432-49b0-844a-df5fbd1e579e/2026-09-11/fcbc841e-fa83-4457-9acc-25d2cf56aaab/SDN.CSV,sdn.csv,,89529,,,,0,0,,
2026-09-15T07:33:31Z,ofac_sdn,classic_alias,unchanged,304,"""bc3bb5c0276f13699ab0a1c16f73f3a9""","Mon, 14 Sep 2026 18:35:49 GMT",fa40fd1d5143e534477735ca01f03d3bec190dcbb549c1c9685361817c71852c,"Mon, 14 Sep 2026 18:35:46 GMT",https://sanctionslistservice.ofac.treas.gov/api/download/ALT.CSV,https://wc2h-sls-prod-public-published.s3.us-gov-west-1.amazonaws.com/Published/0ddbea01-d432-49b0-844a-df5fbd1e579e/2026-09-11/fcbc841e-fa83-4457-9acc-25d2cf56aaab/ALT.CSV,,,89529,,,,0,0,,
2026-09-15T07:33:31Z,ofac_sdn,advanced_xml,unchanged,304,"""6ae4860420a3e4ff11676b508679d863""","Mon, 14 Sep 2026 18:35:46 GMT",3154ed8f492f5645c4197da60abec0b22534c55ee87e20bf415a0ac7d58b8b2b,"Mon, 14 Sep 2026 18:35:46 GMT",https://sanctionslistservice.ofac.treas.gov/api/PublicationPreview/exports/SDN_ADVANCED.XML,https://wc2h-sls-prod-public-published.s3.us-gov-west-1.amazonaws.com/Published/0ddbea01-d432-49b0-844a-df5fbd1e579e/2026-09-11/fcbc841e-fa83-4457-9acc-25d2cf56aaab/SDN_ADVANCED.XML,,,89529,,,,0,0,,
2026-09-15T07:33:31Z,ofac_cons,classic_primary,unchanged,304,"""80380f3c66df3c970e311a0f0dd7eea6""","Mon, 14 Sep 2026 18:35:48 GMT",0a3b74f6eb28450a9993b42a234c1801471d4dcb41220f6a7b8e466575bc3889,"Mon, 14 Sep 2026 18:35:48 GMT",https://sanctionslistservice.ofac.treas.gov/api/download/CONS_PRIM.CSV,https://wc2h-sls-prod-public-published.s3.us-gov-west-1.amazonaws.com/Published/0ddbea01-d432-49b0-844a-df5fbd1e579e/2026-09-11/fcbc841e-fa83-4457-9acc-25d2cf56aaab/CONS_PRIM.CSV,cons_prim.csv,,3371,,,,0,0,,
2026-09-15T07:33:31Z,ofac_cons,classic_alias,unchanged,304,"""fc2d781c5c00004bb5f02174eddc1ba2""","Mon, 14 Sep 2026 18:35:49 GMT",ee4e86b664c7a11aacd0fe227f35336cff3467602bb9607653bb4ce193811474,"Mon, 14 Sep 2026 18:35:48 GMT",https://sanctionslistservice.ofac.treas.gov/api/download/CONS_ALT.CSV,https://wc2h-sls-prod-public-published.s3.us-gov-west-1.amazonaws.com/Published/0ddbea01-d432-49b0-844a-df5fbd1e579e/2026-09-11/fcbc841e-fa83-4457-9acc-25d2cf56aaab/CONS_ALT.CSV,,,3371,,,,0,0,,
2026-09-15T07:33:31Z,ofac_cons,advanced_xml,unchanged,304,"""a27e7477b51d72ea79ace3e20811fbeb""","Mon, 14 Sep 2026 18:35:48 GMT",43033832780a55ed4b3c28291184b60dc63242082c223dd83702a014d5825a65,"Mon, 14 Sep 2026 18:35:48 GMT",https://sanctionslistservice.ofac.treas.gov/api/PublicationPreview/exports/CONS_ADVANCED.XML,https://wc2h-sls-prod-public-published.s3.us-gov-west-1.amazonaws.com/Published/0ddbea01-d432-49b0-844a-df5fbd1e579e/2026-09-11/fcbc841e-fa83-4457-9acc-25d2cf56aaab/CONS_ADVANCED.XML,,,3371,,,,0,0,,
2026-09-15T08:34:25Z,ofac_sdn,classic_primary,unchanged,304,"""f05f199ed0ece8c03dd3e59616a98c56""","Mon, 14 Sep 2026 18:35:48 GMT",1ac8e3cbbb07ba74d799e53297c97c814dd57630ce2700fcd27902e20183fa79,"Mon, 14 Sep 2026 18:35:46 GMT",https://sanctionslistservice.ofac.treas.gov/api/download/SDN.CSV,https://wc2h-sls-prod-public-published.s3.us-gov-west-1.amazonaws.com/Published/0ddbea01-d432-49b0-844a-df5fbd1e579e/2026-09-11/fcbc841e-fa83-4457-9acc-25d2cf56aaab/SDN.CSV,sdn.csv,,89529,,,,0,0,,
2026-09-15T08:34:25Z,ofac_sdn,classic_alias,unchanged,304,"""bc3bb5c0276f13699ab0a1c16f73f3a9""","Mon, 14 Sep 2026 18:35:49 GMT",fa40fd1d5143e534477735ca01f03d3bec190dcbb549c1c9685361817c71852c,"Mon, 14 Sep 2026 18:35:46 GMT",https://sanctionslistservice.ofac.treas.gov/api/download/ALT.CSV,https://wc2h-sls-prod-public-published.s3.us-gov-west-1.amazonaws.com/Published/0ddbea01-d432-49b0-844a-df5fbd1e579e/2026-09-11/fcbc841e-fa83-4457-9acc-25d2cf56aaab/ALT.CSV,,,89529,,,,0,0,,
2026-09-15T08:34:25Z,ofac_sdn,advanced_xml,unchanged,304,"""6ae4860420a3e4ff11676b508679d863""","Mon, 14 Sep 2026 18:35:46 GMT",3154ed8f492f5645c4197da60abec0b22534c55ee87e20bf415a0ac7d58b8b2b,"Mon, 14 Sep 2026 18:35:46 GMT",https://sanctionslistservice.ofac.treas.gov/api/PublicationPreview/exports/SDN_ADVANCED.XML,https://wc2h-sls-prod-public-published.s3.us-gov-west-1.amazonaws.com/Published/0ddbea01-d432-49b0-844a-df5fbd1e579e/2026-09-11/fcbc841e-fa83-4457-9acc-25d2cf56aaab/SDN_ADVANCED.XML,,,89529,,,,0,0,,
2026-09-15T08:34:25Z,ofac_cons,classic_primary,unchanged,304,"""80380f3c66df3c970e311a0f0dd7eea6""","Mon, 14 Sep 2026 18:35:48 GMT",0a3b74f6eb28450a9993b42a234c1801471d4dcb41220f6a7b8e466575bc3889,"Mon, 14 Sep 2026 18:35:48 GMT",https://sanctionslistservice.ofac.treas.gov/api/download/CONS_PRIM.CSV,https://wc2h-sls-prod-public-published.s3.us-gov-west-1.amazonaws.com/Published/0ddbea01-d432-49b0-844a-df5fbd1e579e/2026-09-11/fcbc841e-fa83-4457-9acc-25d2cf56aaab/CONS_PRIM.CSV,cons_prim.csv,,3371,,,,0,0,,
2026-09-15T08:34:25Z,ofac_cons,classic_alias,unchanged,304,"""fc2d781c5c00004bb5f02174eddc1ba2""","Mon, 14 Sep 2026 18:35:49 GMT",ee4e86b664c7a11aacd0fe227f35336cff3467602bb9607653bb4ce193811474,"Mon, 14 Sep 2026 18:35:48 GMT",https://sanctionslistservice.ofac.treas.gov/api/download/CONS_ALT.CSV,https://wc2h-sls-prod-public-published.s3.us-gov-west-1.amazonaws.com/Published/0ddbea01-d432-49b0-844a-df5fbd1e579e/2026-09-11/fcbc841e-fa83-4457-9acc-25d2cf56aaab/CONS_ALT.CSV,,,3371,,,,0,0,,
2026-09-15T08:34:25Z,ofac_cons,advanced_xml,unchanged,304,"""a27e7477b51d72ea79ace3e20811fbeb""","Mon, 14 Sep 2026 18:35:48 GMT",43033832780a55ed4b3c28291184b60dc63242082c223dd83702a014d5825a65,"Mon, 14 Sep 2026 18:35:48 GMT",https://sanctionslistservice.ofac.treas.gov/api/PublicationPreview/exports/CONS_ADVANCED.XML,https://wc2h-sls-prod-public-published.s3.us-gov-west-1.amazonaws.com/Published/0ddbea01-d432-49b0-844a-df5fbd1e579e/2026-09-11/fcbc841e-fa83-4457-9acc-25d2cf56aaab/CONS_ADVANCED.XML,,,3371,,,,0,0,,
2026-09-15T09:36:25Z,ofac_sdn,classic_primary,unchanged,304,"""f05f199ed0ece8c03dd3e59616a98c56""","Mon, 14 Sep 2026 18:35:48 GMT",1ac8e3cbbb07ba74d799e53297c97c814dd57630ce2700fcd27902e20183fa79,"Mon, 14 Sep 2026 18:35:46 GMT",https://sanctionslistservice.ofac.treas.gov/api/download/SDN.CSV,https://wc2h-sls-prod-public-published.s3.us-gov-west-1.amazonaws.com/Published/0ddbea01-d432-49b0-844a-df5fbd1e579e/2026-09-11/fcbc841e-fa83-4457-9acc-25d2cf56aaab/SDN.CSV,sdn.csv,,89529,,,,0,0,,
2026-09-15T09:36:25Z,ofac_sdn,classic_alias,unchanged,304,"""bc3bb5c0276f13699ab0a1c16f73f3a9""","Mon, 14 Sep 2026 18:35:49 GMT",fa40fd1d5143e534477735ca01f03d3bec190dcbb549c1c9685361817c71852c,"Mon, 14 Sep 2026 18:35:46 GMT",https://sanctionslistservice.ofac.treas.gov/api/download/ALT.CSV,https://wc2h-sls-prod-public-published.s3.us-gov-west-1.amazonaws.com/Published/0ddbea01-d432-49b0-844a-df5fbd1e579e/2026-09-11/fcbc841e-fa83-4457-9acc-25d2cf56aaab/ALT.CSV,,,89529,,,,0,0,,
2026-09-15T09:36:25Z,ofac_sdn,advanced_xml,unchanged,304,"""6ae4860420a3e4ff11676b508679d863""","Mon, 14 Sep 2026 18:35:46 GMT",3154ed8f492f5645c4197da60abec0b22534c55ee87e20bf415a0ac7d58b8b2b,"Mon, 14 Sep 2026 18:35:46 GMT",https://sanctionslistservice.ofac.treas.gov/api/PublicationPreview/exports/SDN_ADVANCED.XML,https://wc2h-sls-prod-public-published.s3.us-gov-west-1.amazonaws.com/Published/0ddbea01-d432-49b0-844a-df5fbd1e579e/2026-09-11/fcbc841e-fa83-4457-9acc-25d2cf56aaab/SDN_ADVANCED.XML,,,89529,,,,0,0,,
2026-09-15T09:36:25Z,ofac_cons,classic_primary,unchanged,304,"""80380f3c66df3c970e311a0f0dd7eea6""","Mon, 14 Sep 2026 18:35:48 GMT",0a3b74f6eb28450a9993b42a234c1801471d4dcb41220f6a7b8e466575bc3889,"Mon, 14 Sep 2026 18:35:48 GMT",https://sanctionslistservice.ofac.treas.gov/api/download/CONS_PRIM.CSV,https://wc2h-sls-prod-public-published.s3.us-gov-west-1.amazonaws.com/Published/0ddbea01-d432-49b0-844a-df5fbd1e579e/2026-09-11/fcbc841e-fa83-4457-9acc-25d2cf56aaab/CONS_PRIM.CSV,cons_prim.csv,,3371,,,,0,0,,
2026-09-15T09:36:25Z,ofac_cons,classic_alias,unchanged,304,"""fc2d781c5c00004bb5f02174eddc1ba2""","Mon, 14 Sep 2026 18:35:49 GMT",ee4e86b664c7a11aacd0fe227f35336cff3467602bb9607653bb4ce193811474,"Mon, 14 Sep 2026 18:35:48 GMT",https://sanctionslistservice.ofac.treas.gov/api/download/CONS_ALT.CSV,https://wc2h-sls-prod-public-published.s3.us-gov-west-1.amazonaws.com/Published/0ddbea01-d432-49b0-844a-df5fbd1e579e/2026-09-11/fcbc841e-fa83-4457-9acc-25d2cf56aaab/CONS_ALT.CSV,,,3371,,,,0,0,,
2026-09-15T09:36:25Z,ofac_cons,advanced_xml,unchanged,304,"""a27e7477b51d72ea79ace3e20811fbeb""","Mon, 14 Sep 2026 18:35:48 GMT",43033832780a55ed4b3c28291184b60dc63242082c223dd83702a014d5825a65,"Mon, 14 Sep 2026 18:35:48 GMT",https://sanctionslistservice.ofac.treas.gov/api/PublicationPreview/exports/CONS_ADVANCED.XML,https://wc2h-sls-prod-public-published.s3.us-gov-west-1.amazonaws.com/Published/0ddbea01-d432-49b0-844a-df5fbd1e579e/2026-09-11/fcbc841e-fa83-4457-9acc-25d2cf56aaab/CONS_ADVANCED.XML,,,3371,,,,0,0,,
2026-09-15T10:31:12Z,ofac_sdn,classic_primary,unchanged,304,"""f05f199ed0ece8c03dd3e59616a98c56""","Mon, 14 Sep 2026 18:35:48 GMT",1ac8e3cbbb07ba74d799e53297c97c814dd57630ce2700fcd27902e20183fa79,"Mon, 14 Sep 2026 18:35:46 GMT",https://sanctionslistservice.ofac.treas.gov/api/download/SDN.CSV,https://wc2h-sls-prod-public-published.s3.us-gov-west-1.amazonaws.com/Published/0ddbea01-d432-49b0-844a-df5fbd1e579e/2026-09-11/fcbc841e-fa83-4457-9acc-25d2cf56aaab/SDN.CSV,sdn.csv,,89529,,,,0,0,,
2026-09-15T10:31:12Z,ofac_sdn,classic_alias,unchanged,304,"""bc3bb5c0276f13699ab0a1c16f73f3a9""","Mon, 14 Sep 2026 18:35:49 GMT",fa40fd1d5143e534477735ca01f03d3bec190dcbb549c1c9685361817c71852c,"Mon, 14 Sep 2026 18:35:46 GMT",https://sanctionslistservice.ofac.treas.gov/api/download/ALT.CSV,https://wc2h-sls-prod-public-published.s3.us-gov-west-1.amazonaws.com/Published/0ddbea01-d432-49b0-844a-df5fbd1e579e/2026-09-11/fcbc841e-fa83-4457-9acc-25d2cf56aaab/ALT.CSV,,,89529,,,,0,0,,
2026-09-15T10:31:12Z,ofac_sdn,advanced_xml,unchanged,304,"""6ae4860420a3e4ff11676b508679d863""","Mon, 14 Sep 2026 18:35:46 GMT",3154ed8f492f5645c4197da60abec0b22534c55ee87e20bf415a0ac7d58b8b2b,"Mon, 14 Sep 2026 18:35:46 GMT",https://sanctionslistservice.ofac.treas.gov/api/PublicationPreview/exports/SDN_ADVANCED.XML,https://wc2h-sls-prod-public-published.s3.us-gov-west-1.amazonaws.com/Published/0ddbea01-d432-49b0-844a-df5fbd1e579e/2026-09-11/fcbc841e-fa83-4457-9acc-25d2cf56aaab/SDN_ADVANCED.XML,,,89529,,,,0,0,,
2026-09-15T10:31:12Z,ofac_cons,classic_primary,unchanged,304,"""80380f3c66df3c970e311a0f0dd7eea6""","Mon, 14 Sep 2026 18:35:48 GMT",0a3b74f6eb28450a9993b42a234c1801471d4dcb41220f6a7b8e466575bc3889,"Mon, 14 Sep 2026 18:35:48 GMT",https://sanctionslistservice.ofac.treas.gov/api/download/CONS_PRIM.CSV,https://wc2h-sls-prod-public-published.s3.us-gov-west-1.amazonaws.com/Published/0ddbea01-d432-49b0-844a-df5fbd1e579e/2026-09-11/fcbc841e-fa83-4457-9acc-25d2cf56aaab/CONS_PRIM.CSV,cons_prim.csv,,3371,,,,0,0,,
2026-09-15T10:31:12Z,ofac_cons,classic_alias,unchanged,304,"""fc2d781c5c00004bb5f02174eddc1ba2""","Mon, 14 Sep 2026 18:35:49 GMT",ee4e86b664c7a11aacd0fe227f35336cff3467602bb9607653bb4ce193811474,"Mon, 14 Sep 2026 18:35:48 GMT",https://sanctionslistservice.ofac.treas.gov/api/download/CONS_ALT.CSV,https://wc2h-sls-prod-public-published.s3.us-gov-west-1.amazonaws.com/Published/0ddbea01-d432-49b0-844a-df5fbd1e579e/2026-09-11/fcbc841e-fa83-4457-9acc-25d2cf56aaab/CONS_ALT.CSV,,,3371,,,,0,0,,
2026-09-15T10:31:12Z,ofac_cons,advanced_xml,unchanged,304,"""a27e7477b51d72ea79ace3e20811fbeb""","Mon, 14 Sep 2026 18:35:48 GMT",43033832780a55ed4b3c28291184b60dc63242082c223dd83702a014d5825a65,"Mon, 14 Sep 2026 18:35:48 GMT",https://sanctionslistservice.ofac.treas.gov/api/PublicationPreview/exports/CONS_ADVANCED.XML,https://wc2h-sls-prod-public-published.s3.us-gov-west-1.amazonaws.com/Published/0ddbea01-d432-49b0-844a-df5fbd1e579e/2026-09-11/fcbc841e-fa83-4457-9acc-25d2cf56aaab/CONS_ADVANCED.XML,,,3371,,,,0,0,,
2026-09-15T10:46:30Z,meti_html,METI_EXTERNAL_ECONOMY_PRESS_HTML,source_updated,200,"W/""c8932ff35a3b97b01592362539482273""","Tue, 15 Sep 2026 10:43:44 GMT",ced101fd8cc9d073e166cb491d146b8e4208936cf3fe569fe98e33403544c49e,,https://www.meti.go.jp/press/category_02.html,https://www.meti.go.jp/press/category_02.html,category_02.html,data/raw/meti_html/20260915T104630Z__category_02.html.gz,469,0,0,0,0,0,,
2026-09-15T11:30:21Z,ofac_sdn,classic_primary,unchanged,304,"""f05f199ed0ece8c03dd3e59616a98c56""","Mon, 14 Sep 2026 18:35:48 GMT",1ac8e3cbbb07ba74d799e53297c97c814dd57630ce2700fcd27902e20183fa79,"Mon, 14 Sep 2026 18:35:46 GMT",https://sanctionslistservice.ofac.treas.gov/api/download/SDN.CSV,https://wc2h-sls-prod-public-published.s3.us-gov-west-1.amazonaws.com/Published/0ddbea01-d432-49b0-844a-df5fbd1e579e/2026-09-11/fcbc841e-fa83-4457-9acc-25d2cf56aaab/SDN.CSV,sdn.csv,,89529,,,,0,0,,
2026-09-15T11:30:21Z,ofac_sdn,classic_alias,unchanged,304,"""bc3bb5c0276f13699ab0a1c16f73f3a9""","Mon, 14 Sep 2026 18:35:49 GMT",fa40fd1d5143e534477735ca01f03d3bec190dcbb549c1c9685361817c71852c,"Mon, 14 Sep 2026 18:35:46 GMT",https://sanctionslistservice.ofac.treas.gov/api/download/ALT.CSV,https://wc2h-sls-prod-public-published.s3.us-gov-west-1.amazonaws.com/Published/0ddbea01-d432-49b0-844a-df5fbd1e579e/2026-09-11/fcbc841e-fa83-4457-9acc-25d2cf56aaab/ALT.CSV,,,89529,,,,0,0,,
2026-09-15T11:30:21Z,ofac_sdn,advanced_xml,unchanged,304,"""6ae4860420a3e4ff11676b508679d863""","Mon, 14 Sep 2026 18:35:46 GMT",3154ed8f492f5645c4197da60abec0b22534c55ee87e20bf415a0ac7d58b8b2b,"Mon, 14 Sep 2026 18:35:46 GMT",https://sanctionslistservice.ofac.treas.gov/api/PublicationPreview/exports/SDN_ADVANCED.XML,https://wc2h-sls-prod-public-published.s3.us-gov-west-1.amazonaws.com/Published/0ddbea01-d432-49b0-844a-df5fbd1e579e/2026-09-11/fcbc841e-fa83-4457-9acc-25d2cf56aaab/SDN_ADVANCED.XML,,,89529,,,,0,0,,
2026-09-15T11:30:21Z,ofac_cons,classic_primary,unchanged,304,"""80380f3c66df3c970e311a0f0dd7eea6""","Mon, 14 Sep 2026 18:35:48 GMT",0a3b74f6eb28450a9993b42a234c1801471d4dcb41220f6a7b8e466575bc3889,"Mon, 14 Sep 2026 18:35:48 GMT",https://sanctionslistservice.ofac.treas.gov/api/download/CONS_PRIM.CSV,https://wc2h-sls-prod-public-published.s3.us-gov-west-1.amazonaws.com/Published/0ddbea01-d432-49b0-844a-df5fbd1e579e/2026-09-11/fcbc841e-fa83-4457-9acc-25d2cf56aaab/CONS_PRIM.CSV,cons_prim.csv,,3371,,,,0,0,,
2026-09-15T11:30:21Z,ofac_cons,classic_alias,unchanged,304,"""fc2d781c5c00004bb5f02174eddc1ba2""","Mon, 14 Sep 2026 18:35:49 GMT",ee4e86b664c7a11aacd0fe227f35336cff3467602bb9607653bb4ce193811474,"Mon, 14 Sep 2026 18:35:48 GMT",https://sanctionslistservice.ofac.treas.gov/api/download/CONS_ALT.CSV,https://wc2h-sls-prod-public-published.s3.us-gov-west-1.amazonaws.com/Published/0ddbea01-d432-49b0-844a-df5fbd1e579e/2026-09-11/fcbc841e-fa83-4457-9acc-25d2cf56aaab/CONS_ALT.CSV,,,3371,,,,0,0,,
2026-09-15T11:30:21Z,ofac_cons,advanced_xml,unchanged,304,"""a27e7477b51d72ea79ace3e20811fbeb""","Mon, 14 Sep 2026 18:35:48 GMT",43033832780a55ed4b3c28291184b60dc63242082c223dd83702a014d5825a65,"Mon, 14 Sep 2026 18:35:48 GMT",https://sanctionslistservice.ofac.treas.gov/api/PublicationPreview/exports/CONS_ADVANCED.XML,https://wc2h-sls-prod-public-published.s3.us-gov-west-1.amazonaws.com/Published/0ddbea01-d432-49b0-844a-df5fbd1e579e/2026-09-11/fcbc841e-fa83-4457-9acc-25d2cf56aaab/CONS_ADVANCED.XML,,,3371,,,,0,0,,
2026-09-15T12:36:36Z,ofac_sdn,classic_primary,unchanged,304,"""f05f199ed0ece8c03dd3e59616a98c56""","Mon, 14 Sep 2026 18:35:48 GMT",1ac8e3cbbb07ba74d799e53297c97c814dd57630ce2700fcd27902e20183fa79,"Mon, 14 Sep 2026 18:35:46 GMT",https://sanctionslistservice.ofac.treas.gov/api/download/SDN.CSV,https://wc2h-sls-prod-public-published.s3.us-gov-west-1.amazonaws.com/Published/0ddbea01-d432-49b0-844a-df5fbd1e579e/2026-09-11/fcbc841e-fa83-4457-9acc-25d2cf56aaab/SDN.CSV,sdn.csv,,89529,,,,0,0,,
2026-09-15T12:36:36Z,ofac_sdn,classic_alias,unchanged,304,"""bc3bb5c0276f13699ab0a1c16f73f3a9""","Mon, 14 Sep 2026 18:35:49 GMT",fa40fd1d5143e534477735ca01f03d3bec190dcbb549c1c9685361817c71852c,"Mon, 14 Sep 2026 18:35:46 GMT",https://sanctionslistservice.ofac.treas.gov/api/download/ALT.CSV,https://wc2h-sls-prod-public-published.s3.us-gov-west-1.amazonaws.com/Published/0ddbea01-d432-49b0-844a-df5fbd1e579e/2026-09-11/fcbc841e-fa83-4457-9acc-25d2cf56aaab/ALT.CSV,,,89529,,,,0,0,,
2026-09-15T12:36:36Z,ofac_sdn,advanced_xml,unchanged,304,"""6ae4860420a3e4ff11676b508679d863""","Mon, 14 Sep 2026 18:35:46 GMT",3154ed8f492f5645c4197da60abec0b22534c55ee87e20bf415a0ac7d58b8b2b,"Mon, 14 Sep 2026 18:35:46 GMT",https://sanctionslistservice.ofac.treas.gov/api/PublicationPreview/exports/SDN_ADVANCED.XML,https://wc2h-sls-prod-public-published.s3.us-gov-west-1.amazonaws.com/Published/0ddbea01-d432-49b0-844a-df5fbd1e579e/2026-09-11/fcbc841e-fa83-4457-9acc-25d2cf56aaab/SDN_ADVANCED.XML,,,89529,,,,0,0,,
2026-09-15T12:36:36Z,ofac_cons,classic_primary,unchanged,304,"""80380f3c66df3c970e311a0f0dd7eea6""","Mon, 14 Sep 2026 18:35:48 GMT",0a3b74f6eb28450a9993b42a234c1801471d4dcb41220f6a7b8e466575bc3889,"Mon, 14 Sep 2026 18:35:48 GMT",https://sanctionslistservice.ofac.treas.gov/api/download/CONS_PRIM.CSV,https://wc2h-sls-prod-public-published.s3.us-gov-west-1.amazonaws.com/Published/0ddbea01-d432-49b0-844a-df5fbd1e579e/2026-09-11/fcbc841e-fa83-4457-9acc-25d2cf56aaab/CONS_PRIM.CSV,cons_prim.csv,,3371,,,,0,0,,
2026-09-15T12:36:36Z,ofac_cons,classic_alias,unchanged,304,"""fc2d781c5c00004bb5f02174eddc1ba2""","Mon, 14 Sep 2026 18:35:49 GMT",ee4e86b664c7a11aacd0fe227f35336cff3467602bb9607653bb4ce193811474,"Mon, 14 Sep 2026 18:35:48 GMT",https://sanctionslistservice.ofac.treas.gov/api/download/CONS_ALT.CSV,https://wc2h-sls-prod-public-published.s3.us-gov-west-1.amazonaws.com/Published/0ddbea01-d432-49b0-844a-df5fbd1e579e/2026-09-11/fcbc841e-fa83-4457-9acc-25d2cf56aaab/CONS_ALT.CSV,,,3371,,,,0,0,,
2026-09-15T12:36:36Z,ofac_cons,advanced_xml,unchanged,304,"""a27e7477b51d72ea79ace3e20811fbeb""","Mon, 14 Sep 2026 18:35:48 GMT",43033832780a55ed4b3c28291184b60dc63242082c223dd83702a014d5825a65,"Mon, 14 Sep 2026 18:35:48 GMT",https://sanctionslistservice.ofac.treas.gov/api/PublicationPreview/exports/CONS_ADVANCED.XML,https://wc2h-sls-prod-public-published.s3.us-gov-west-1.amazonaws.com/Published/0ddbea01-d432-49b0-844a-df5fbd1e579e/2026-09-11/fcbc841e-fa83-4457-9acc-25d2cf56aaab/CONS_ADVANCED.XML,,,3371,,,,0,0,,
2026-09-15T12:50:20Z,mof,index_page,fetched,200,"""a251-65b083d534fc0""","Wed, 09 Sep 2026 08:00:07 GMT",97ad4b5fae1d8e9aaf9449915458e1a362b694ef4e2a29a0f2009c3a64e37c4d,令和8年9月10日,https://www.mof.go.jp/policy/international_policy/gaitame_kawase/gaitame/economic_sanctions/list.html,https://www.mof.go.jp/policy/international_policy/gaitame_kawase/gaitame/economic_sanctions/list.html,list.html,,,,,,0,0,,
2026-09-15T12:50:20Z,mof,list_file,unchanged,304,"""3225f7-65b083d71d440""","Wed, 09 Sep 2026 08:00:09 GMT",c46ccaf88a98ab9c4209c4032c91190fa740ac106767fe32331879d73de99d03,令和8年9月10日,https://www.mof.go.jp/policy/international_policy/gaitame_kawase/gaitame/economic_sanctions/shisantouketsu20260910.csv,https://www.mof.go.jp/policy/international_policy/gaitame_kawase/gaitame/economic_sanctions/shisantouketsu20260910.csv,shisantouketsu20260910.csv,,14743,,,,0,0,,
2026-09-15T12:50:20Z,meti,index_page,blocked,403,"W/""c3bb143a530e398af9a1c1a440f0189c""","Mon, 24 Aug 2026 07:11:49 GMT",,,https://www.meti.go.jp/policy/anpo/law09.html,https://www.meti.go.jp/policy/anpo/law09.html,,,,,,,1,0,HTTPError,403 Client Error: Forbidden for url: https://www.meti.go.jp/policy/anpo/law09.html
2026-09-15T13:32:09Z,ofac_sdn,classic_primary,unchanged,304,"""f05f199ed0ece8c03dd3e59616a98c56""","Mon, 14 Sep 2026 18:35:48 GMT",1ac8e3cbbb07ba74d799e53297c97c814dd57630ce2700fcd27902e20183fa79,"Mon, 14 Sep 2026 18:35:46 GMT",https://sanctionslistservice.ofac.treas.gov/api/download/SDN.CSV,https://wc2h-sls-prod-public-published.s3.us-gov-west-1.amazonaws.com/Published/0ddbea01-d432-49b0-844a-df5fbd1e579e/2026-09-11/fcbc841e-fa83-4457-9acc-25d2cf56aaab/SDN.CSV,sdn.csv,,89529,,,,0,0,,
2026-09-15T13:32:09Z,ofac_sdn,classic_alias,unchanged,304,"""bc3bb5c0276f13699ab0a1c16f73f3a9""","Mon, 14 Sep 2026 18:35:49 GMT",fa40fd1d5143e534477735ca01f03d3bec190dcbb549c1c9685361817c71852c,"Mon, 14 Sep 2026 18:35:46 GMT",https://sanctionslistservice.ofac.treas.gov/api/download/ALT.CSV,https://wc2h-sls-prod-public-published.s3.us-gov-west-1.amazonaws.com/Published/0ddbea01-d432-49b0-844a-df5fbd1e579e/2026-09-11/fcbc841e-fa83-4457-9acc-25d2cf56aaab/ALT.CSV,,,89529,,,,0,0,,
2026-09-15T13:32:09Z,ofac_sdn,advanced_xml,unchanged,304,"""6ae4860420a3e4ff11676b508679d863""","Mon, 14 Sep 2026 18:35:46 GMT",3154ed8f492f5645c4197da60abec0b22534c55ee87e20bf415a0ac7d58b8b2b,"Mon, 14 Sep 2026 18:35:46 GMT",https://sanctionslistservice.ofac.treas.gov/api/PublicationPreview/exports/SDN_ADVANCED.XML,https://wc2h-sls-prod-public-published.s3.us-gov-west-1.amazonaws.com/Published/0ddbea01-d432-49b0-844a-df5fbd1e579e/2026-09-11/fcbc841e-fa83-4457-9acc-25d2cf56aaab/SDN_ADVANCED.XML,,,89529,,,,0,0,,
2026-09-15T13:32:09Z,ofac_cons,classic_primary,unchanged,304,"""80380f3c66df3c970e311a0f0dd7eea6""","Mon, 14 Sep 2026 18:35:48 GMT",0a3b74f6eb28450a9993b42a234c1801471d4dcb41220f6a7b8e466575bc3889,"Mon, 14 Sep 2026 18:35:48 GMT",https://sanctionslistservice.ofac.treas.gov/api/download/CONS_PRIM.CSV,https://wc2h-sls-prod-public-published.s3.us-gov-west-1.amazonaws.com/Published/0ddbea01-d432-49b0-844a-df5fbd1e579e/2026-09-11/fcbc841e-fa83-4457-9acc-25d2cf56aaab/CONS_PRIM.CSV,cons_prim.csv,,3371,,,,0,0,,
2026-09-15T13:32:09Z,ofac_cons,classic_alias,unchanged,304,"""fc2d781c5c00004bb5f02174eddc1ba2""","Mon, 14 Sep 2026 18:35:49 GMT",ee4e86b664c7a11aacd0fe227f35336cff3467602bb9607653bb4ce193811474,"Mon, 14 Sep 2026 18:35:48 GMT",https://sanctionslistservice.ofac.treas.gov/api/download/CONS_ALT.CSV,https://wc2h-sls-prod-public-published.s3.us-gov-west-1.amazonaws.com/Published/0ddbea01-d432-49b0-844a-df5fbd1e579e/2026-09-11/fcbc841e-fa83-4457-9acc-25d2cf56aaab/CONS_ALT.CSV,,,3371,,,,0,0,,
2026-09-15T13:32:09Z,ofac_cons,advanced_xml,unchanged,304,"""a27e7477b51d72ea79ace3e20811fbeb""","Mon, 14 Sep 2026 18:35:48 GMT",43033832780a55ed4b3c28291184b60dc63242082c223dd83702a014d5825a65,"Mon, 14 Sep 2026 18:35:48 GMT",https://sanctionslistservice.ofac.treas.gov/api/PublicationPreview/exports/CONS_ADVANCED.XML,https://wc2h-sls-prod-public-published.s3.us-gov-west-1.amazonaws.com/Published/0ddbea01-d432-49b0-844a-df5fbd1e579e/2026-09-11/fcbc841e-fa83-4457-9acc-25d2cf56aaab/CONS_ADVANCED.XML,,,3371,,,,0,0,,
2026-09-15T14:30:56Z,ofac_sdn,classic_primary,unchanged,304,"""f05f199ed0ece8c03dd3e59616a98c56""","Mon, 14 Sep 2026 18:35:48 GMT",1ac8e3cbbb07ba74d799e53297c97c814dd57630ce2700fcd27902e20183fa79,"Mon, 14 Sep 2026 18:35:46 GMT",https://sanctionslistservice.ofac.treas.gov/api/download/SDN.CSV,https://wc2h-sls-prod-public-published.s3.us-gov-west-1.amazonaws.com/Published/0ddbea01-d432-49b0-844a-df5fbd1e579e/2026-09-11/fcbc841e-fa83-4457-9acc-25d2cf56aaab/SDN.CSV,sdn.csv,,89529,,,,0,0,,
2026-09-15T14:30:56Z,ofac_sdn,classic_alias,unchanged,304,"""bc3bb5c0276f13699ab0a1c16f73f3a9""","Mon, 14 Sep 2026 18:35:49 GMT",fa40fd1d5143e534477735ca01f03d3bec190dcbb549c1c9685361817c71852c,"Mon, 14 Sep 2026 18:35:46 GMT",https://sanctionslistservice.ofac.treas.gov/api/download/ALT.CSV,https://wc2h-sls-prod-public-published.s3.us-gov-west-1.amazonaws.com/Published/0ddbea01-d432-49b0-844a-df5fbd1e579e/2026-09-11/fcbc841e-fa83-4457-9acc-25d2cf56aaab/ALT.CSV,,,89529,,,,0,0,,
2026-09-15T14:30:56Z,ofac_sdn,advanced_xml,unchanged,304,"""6ae4860420a3e4ff11676b508679d863""","Mon, 14 Sep 2026 18:35:46 GMT",3154ed8f492f5645c4197da60abec0b22534c55ee87e20bf415a0ac7d58b8b2b,"Mon, 14 Sep 2026 18:35:46 GMT",https://sanctionslistservice.ofac.treas.gov/api/PublicationPreview/exports/SDN_ADVANCED.XML,https://wc2h-sls-prod-public-published.s3.us-gov-west-1.amazonaws.com/Published/0ddbea01-d432-49b0-844a-df5fbd1e579e/2026-09-11/fcbc841e-fa83-4457-9acc-25d2cf56aaab/SDN_ADVANCED.XML,,,89529,,,,0,0,,
2026-09-15T14:30:56Z,ofac_cons,classic_primary,unchanged,304,"""80380f3c66df3c970e311a0f0dd7eea6""","Mon, 14 Sep 2026 18:35:48 GMT",0a3b74f6eb28450a9993b42a234c1801471d4dcb41220f6a7b8e466575bc3889,"Mon, 14 Sep 2026 18:35:48 GMT",https://sanctionslistservice.ofac.treas.gov/api/download/CONS_PRIM.CSV,https://wc2h-sls-prod-public-published.s3.us-gov-west-1.amazonaws.com/Published/0ddbea01-d432-49b0-844a-df5fbd1e579e/2026-09-11/fcbc841e-fa83-4457-9acc-25d2cf56aaab/CONS_PRIM.CSV,cons_prim.csv,,3371,,,,0,0,,
2026-09-15T14:30:56Z,ofac_cons,classic_alias,unchanged,304,"""fc2d781c5c00004bb5f02174eddc1ba2""","Mon, 14 Sep 2026 18:35:49 GMT",ee4e86b664c7a11aacd0fe227f35336cff3467602bb9607653bb4ce193811474,"Mon, 14 Sep 2026 18:35:48 GMT",https://sanctionslistservice.ofac.treas.gov/api/download/CONS_ALT.CSV,https://wc2h-sls-prod-public-published.s3.us-gov-west-1.amazonaws.com/Published/0ddbea01-d432-49b0-844a-df5fbd1e579e/2026-09-11/fcbc841e-fa83-4457-9acc-25d2cf56aaab/CONS_ALT.CSV,,,3371,,,,0,0,,
2026-09-15T14:30:56Z,ofac_cons,advanced_xml,unchanged,304,"""a27e7477b51d72ea79ace3e20811fbeb""","Mon, 14 Sep 2026 18:35:48 GMT",43033832780a55ed4b3c28291184b60dc63242082c223dd83702a014d5825a65,"Mon, 14 Sep 2026 18:35:48 GMT",https://sanctionslistservice.ofac.treas.gov/api/PublicationPreview/exports/CONS_ADVANCED.XML,https://wc2h-sls-prod-public-published.s3.us-gov-west-1.amazonaws.com/Published/0ddbea01-d432-49b0-844a-df5fbd1e579e/2026-09-11/fcbc841e-fa83-4457-9acc-25d2cf56aaab/CONS_ADVANCED.XML,,,3371,,,,0,0,,
2026-09-15T15:30:10Z,ofac_sdn,classic_primary,unchanged,304,"""f05f199ed0ece8c03dd3e59616a98c56""","Mon, 14 Sep 2026 18:35:48 GMT",1ac8e3cbbb07ba74d799e53297c97c814dd57630ce2700fcd27902e20183fa79,"Mon, 14 Sep 2026 18:35:46 GMT",https://sanctionslistservice.ofac.treas.gov/api/download/SDN.CSV,https://wc2h-sls-prod-public-published.s3.us-gov-west-1.amazonaws.com/Published/0ddbea01-d432-49b0-844a-df5fbd1e579e/2026-09-11/fcbc841e-fa83-4457-9acc-25d2cf56aaab/SDN.CSV,sdn.csv,,89529,,,,0,0,,
2026-09-15T15:30:10Z,ofac_sdn,classic_alias,unchanged,304,"""bc3bb5c0276f13699ab0a1c16f73f3a9""","Mon, 14 Sep 2026 18:35:49 GMT",fa40fd1d5143e534477735ca01f03d3bec190dcbb549c1c9685361817c71852c,"Mon, 14 Sep 2026 18:35:46 GMT",https://sanctionslistservice.ofac.treas.gov/api/download/ALT.CSV,https://wc2h-sls-prod-public-published.s3.us-gov-west-1.amazonaws.com/Published/0ddbea01-d432-49b0-844a-df5fbd1e579e/2026-09-11/fcbc841e-fa83-4457-9acc-25d2cf56aaab/ALT.CSV,,,89529,,,,0,0,,
2026-09-15T15:30:10Z,ofac_sdn,advanced_xml,unchanged,304,"""6ae4860420a3e4ff11676b508679d863""","Mon, 14 Sep 2026 18:35:46 GMT",3154ed8f492f5645c4197da60abec0b22534c55ee87e20bf415a0ac7d58b8b2b,"Mon, 14 Sep 2026 18:35:46 GMT",https://sanctionslistservice.ofac.treas.gov/api/PublicationPreview/exports/SDN_ADVANCED.XML,https://wc2h-sls-prod-public-published.s3.us-gov-west-1.amazonaws.com/Published/0ddbea01-d432-49b0-844a-df5fbd1e579e/2026-09-11/fcbc841e-fa83-4457-9acc-25d2cf56aaab/SDN_ADVANCED.XML,,,89529,,,,0,0,,
2026-09-15T15:30:10Z,ofac_cons,classic_primary,unchanged,304,"""80380f3c66df3c970e311a0f0dd7eea6""","Mon, 14 Sep 2026 18:35:48 GMT",0a3b74f6eb28450a9993b42a234c1801471d4dcb41220f6a7b8e466575bc3889,"Mon, 14 Sep 2026 18:35:48 GMT",https://sanctionslistservice.ofac.treas.gov/api/download/CONS_PRIM.CSV,https://wc2h-sls-prod-public-published.s3.us-gov-west-1.amazonaws.com/Published/0ddbea01-d432-49b0-844a-df5fbd1e579e/2026-09-11/fcbc841e-fa83-4457-9acc-25d2cf56aaab/CONS_PRIM.CSV,cons_prim.csv,,3371,,,,0,0,,
2026-09-15T15:30:10Z,ofac_cons,classic_alias,unchanged,304,"""fc2d781c5c00004bb5f02174eddc1ba2""","Mon, 14 Sep 2026 18:35:49 GMT",ee4e86b664c7a11aacd0fe227f35336cff3467602bb9607653bb4ce193811474,"Mon, 14 Sep 2026 18:35:48 GMT",https://sanctionslistservice.ofac.treas.gov/api/download/CONS_ALT.CSV,https://wc2h-sls-prod-public-published.s3.us-gov-west-1.amazonaws.com/Published/0ddbea01-d432-49b0-844a-df5fbd1e579e/2026-09-11/fcbc841e-fa83-4457-9acc-25d2cf56aaab/CONS_ALT.CSV,,,3371,,,,0,0,,
2026-09-15T15:30:10Z,ofac_cons,advanced_xml,unchanged,304,"""a27e7477b51d72ea79ace3e20811fbeb""","Mon, 14 Sep 2026 18:35:48 GMT",43033832780a55ed4b3c28291184b60dc63242082c223dd83702a014d5825a65,"Mon, 14 Sep 2026 18:35:48 GMT",https://sanctionslistservice.ofac.treas.gov/api/PublicationPreview/exports/CONS_ADVANCED.XML,https://wc2h-sls-prod-public-published.s3.us-gov-west-1.amazonaws.com/Published/0ddbea01-d432-49b0-844a-df5fbd1e579e/2026-09-11/fcbc841e-fa83-4457-9acc-25d2cf56aaab/CONS_ADVANCED.XML,,,3371,,,,0,0,,
2026-09-15T16:31:22Z,ofac_sdn,classic_primary,unchanged,304,"""f05f199ed0ece8c03dd3e59616a98c56""","Mon, 14 Sep 2026 18:35:48 GMT",1ac8e3cbbb07ba74d799e53297c97c814dd57630ce2700fcd27902e20183fa79,"Mon, 14 Sep 2026 18:35:46 GMT",https://sanctionslistservice.ofac.treas.gov/api/download/SDN.CSV,https://wc2h-sls-prod-public-published.s3.us-gov-west-1.amazonaws.com/Published/0ddbea01-d432-49b0-844a-df5fbd1e579e/2026-09-11/fcbc841e-fa83-4457-9acc-25d2cf56aaab/SDN.CSV,sdn.csv,,89529,,,,0,0,,
2026-09-15T16:31:22Z,ofac_sdn,classic_alias,unchanged,304,"""bc3bb5c0276f13699ab0a1c16f73f3a9""","Mon, 14 Sep 2026 18:35:49 GMT",fa40fd1d5143e534477735ca01f03d3bec190dcbb549c1c9685361817c71852c,"Mon, 14 Sep 2026 18:35:46 GMT",https://sanctionslistservice.ofac.treas.gov/api/download/ALT.CSV,https://wc2h-sls-prod-public-published.s3.us-gov-west-1.amazonaws.com/Published/0ddbea01-d432-49b0-844a-df5fbd1e579e/2026-09-11/fcbc841e-fa83-4457-9acc-25d2cf56aaab/ALT.CSV,,,89529,,,,0,0,,
2026-09-15T16:31:22Z,ofac_sdn,advanced_xml,unchanged,304,"""6ae4860420a3e4ff11676b508679d863""","Mon, 14 Sep 2026 18:35:46 GMT",3154ed8f492f5645c4197da60abec0b22534c55ee87e20bf415a0ac7d58b8b2b,"Mon, 14 Sep 2026 18:35:46 GMT",https://sanctionslistservice.ofac.treas.gov/api/PublicationPreview/exports/SDN_ADVANCED.XML,https://wc2h-sls-prod-public-published.s3.us-gov-west-1.amazonaws.com/Published/0ddbea01-d432-49b0-844a-df5fbd1e579e/2026-09-11/fcbc841e-fa83-4457-9acc-25d2cf56aaab/SDN_ADVANCED.XML,,,89529,,,,0,0,,
2026-09-15T16:31:22Z,ofac_cons,classic_primary,unchanged,304,"""80380f3c66df3c970e311a0f0dd7eea6""","Mon, 14 Sep 2026 18:35:48 GMT",0a3b74f6eb28450a9993b42a234c1801471d4dcb41220f6a7b8e466575bc3889,"Mon, 14 Sep 2026 18:35:48 GMT",https://sanctionslistservice.ofac.treas.gov/api/download/CONS_PRIM.CSV,https://wc2h-sls-prod-public-published.s3.us-gov-west-1.amazonaws.com/Published/0ddbea01-d432-49b0-844a-df5fbd1e579e/2026-09-11/fcbc841e-fa83-4457-9acc-25d2cf56aaab/CONS_PRIM.CSV,cons_prim.csv,,3371,,,,0,0,,
2026-09-15T16:31:22Z,ofac_cons,classic_alias,unchanged,304,"""fc2d781c5c00004bb5f02174eddc1ba2""","Mon, 14 Sep 2026 18:35:49 GMT",ee4e86b664c7a11aacd0fe227f35336cff3467602bb9607653bb4ce193811474,"Mon, 14 Sep 2026 18:35:48 GMT",https://sanctionslistservice.ofac.treas.gov/api/download/CONS_ALT.CSV,https://wc2h-sls-prod-public-published.s3.us-gov-west-1.amazonaws.com/Published/0ddbea01-d432-49b0-844a-df5fbd1e579e/2026-09-11/fcbc841e-fa83-4457-9acc-25d2cf56aaab/CONS_ALT.CSV,,,3371,,,,0,0,,
2026-09-15T16:31:22Z,ofac_cons,advanced_xml,unchanged,304,"""a27e7477b51d72ea79ace3e20811fbeb""","Mon, 14 Sep 2026 18:35:48 GMT",43033832780a55ed4b3c28291184b60dc63242082c223dd83702a014d5825a65,"Mon, 14 Sep 2026 18:35:48 GMT",https://sanctionslistservice.ofac.treas.gov/api/PublicationPreview/exports/CONS_ADVANCED.XML,https://wc2h-sls-prod-public-published.s3.us-gov-west-1.amazonaws.com/Published/0ddbea01-d432-49b0-844a-df5fbd1e579e/2026-09-11/fcbc841e-fa83-4457-9acc-25d2cf56aaab/CONS_ADVANCED.XML,,,3371,,,,0,0,,
2026-09-15T17:28:30Z,ofac_sdn,classic_primary,unchanged,304,"""f05f199ed0ece8c03dd3e59616a98c56""","Mon, 14 Sep 2026 18:35:48 GMT",1ac8e3cbbb07ba74d799e53297c97c814dd57630ce2700fcd27902e20183fa79,"Mon, 14 Sep 2026 18:35:46 GMT",https://sanctionslistservice.ofac.treas.gov/api/download/SDN.CSV,https://wc2h-sls-prod-public-published.s3.us-gov-west-1.amazonaws.com/Published/0ddbea01-d432-49b0-844a-df5fbd1e579e/2026-09-11/fcbc841e-fa83-4457-9acc-25d2cf56aaab/SDN.CSV,sdn.csv,,89529,,,,0,0,,
2026-09-15T17:28:30Z,ofac_sdn,classic_alias,unchanged,304,"""bc3bb5c0276f13699ab0a1c16f73f3a9""","Mon, 14 Sep 2026 18:35:49 GMT",fa40fd1d5143e534477735ca01f03d3bec190dcbb549c1c9685361817c71852c,"Mon, 14 Sep 2026 18:35:46 GMT",https://sanctionslistservice.ofac.treas.gov/api/download/ALT.CSV,https://wc2h-sls-prod-public-published.s3.us-gov-west-1.amazonaws.com/Published/0ddbea01-d432-49b0-844a-df5fbd1e579e/2026-09-11/fcbc841e-fa83-4457-9acc-25d2cf56aaab/ALT.CSV,,,89529,,,,0,0,,
2026-09-15T17:28:30Z,ofac_sdn,advanced_xml,unchanged,304,"""6ae4860420a3e4ff11676b508679d863""","Mon, 14 Sep 2026 18:35:46 GMT",3154ed8f492f5645c4197da60abec0b22534c55ee87e20bf415a0ac7d58b8b2b,"Mon, 14 Sep 2026 18:35:46 GMT",https://sanctionslistservice.ofac.treas.gov/api/PublicationPreview/exports/SDN_ADVANCED.XML,https://wc2h-sls-prod-public-published.s3.us-gov-west-1.amazonaws.com/Published/0ddbea01-d432-49b0-844a-df5fbd1e579e/2026-09-11/fcbc841e-fa83-4457-9acc-25d2cf56aaab/SDN_ADVANCED.XML,,,89529,,,,0,0,,
2026-09-15T17:28:30Z,ofac_cons,classic_primary,unchanged,304,"""80380f3c66df3c970e311a0f0dd7eea6""","Mon, 14 Sep 2026 18:35:48 GMT",0a3b74f6eb28450a9993b42a234c1801471d4dcb41220f6a7b8e466575bc3889,"Mon, 14 Sep 2026 18:35:48 GMT",https://sanctionslistservice.ofac.treas.gov/api/download/CONS_PRIM.CSV,https://wc2h-sls-prod-public-published.s3.us-gov-west-1.amazonaws.com/Published/0ddbea01-d432-49b0-844a-df5fbd1e579e/2026-09-11/fcbc841e-fa83-4457-9acc-25d2cf56aaab/CONS_PRIM.CSV,cons_prim.csv,,3371,,,,0,0,,
2026-09-15T17:28:30Z,ofac_cons,classic_alias,unchanged,304,"""fc2d781c5c00004bb5f02174eddc1ba2""","Mon, 14 Sep 2026 18:35:49 GMT",ee4e86b664c7a11aacd0fe227f35336cff3467602bb9607653bb4ce193811474,"Mon, 14 Sep 2026 18:35:48 GMT",https://sanctionslistservice.ofac.treas.gov/api/download/CONS_ALT.CSV,https://wc2h-sls-prod-public-published.s3.us-gov-west-1.amazonaws.com/Published/0ddbea01-d432-49b0-844a-df5fbd1e579e/2026-09-11/fcbc841e-fa83-4457-9acc-25d2cf56aaab/CONS_ALT.CSV,,,3371,,,,0,0,,
2026-09-15T17:28:30Z,ofac_cons,advanced_xml,unchanged,304,"""a27e7477b51d72ea79ace3e20811fbeb""","Mon, 14 Sep 2026 18:35:48 GMT",43033832780a55ed4b3c28291184b60dc63242082c223dd83702a014d5825a65,"Mon, 14 Sep 2026 18:35:48 GMT",https://sanctionslistservice.ofac.treas.gov/api/PublicationPreview/exports/CONS_ADVANCED.XML,https://wc2h-sls-prod-public-published.s3.us-gov-west-1.amazonaws.com/Published/0ddbea01-d432-49b0-844a-df5fbd1e579e/2026-09-11/fcbc841e-fa83-4457-9acc-25d2cf56aaab/CONS_ADVANCED.XML,,,3371,,,,0,0,,
2026-09-15T18:32:22Z,ofac_sdn,classic_primary,unchanged,304,"""f05f199ed0ece8c03dd3e59616a98c56""","Mon, 14 Sep 2026 18:35:48 GMT",1ac8e3cbbb07ba74d799e53297c97c814dd57630ce2700fcd27902e20183fa79,"Mon, 14 Sep 2026 18:35:46 GMT",https://sanctionslistservice.ofac.treas.gov/api/download/SDN.CSV,https://wc2h-sls-prod-public-published.s3.us-gov-west-1.amazonaws.com/Published/0ddbea01-d432-49b0-844a-df5fbd1e579e/2026-09-11/fcbc841e-fa83-4457-9acc-25d2cf56aaab/SDN.CSV,sdn.csv,,89529,,,,0,0,,
2026-09-15T18:32:22Z,ofac_sdn,classic_alias,unchanged,304,"""bc3bb5c0276f13699ab0a1c16f73f3a9""","Mon, 14 Sep 2026 18:35:49 GMT",fa40fd1d5143e534477735ca01f03d3bec190dcbb549c1c9685361817c71852c,"Mon, 14 Sep 2026 18:35:46 GMT",https://sanctionslistservice.ofac.treas.gov/api/download/ALT.CSV,https://wc2h-sls-prod-public-published.s3.us-gov-west-1.amazonaws.com/Published/0ddbea01-d432-49b0-844a-df5fbd1e579e/2026-09-11/fcbc841e-fa83-4457-9acc-25d2cf56aaab/ALT.CSV,,,89529,,,,0,0,,
2026-09-15T18:32:22Z,ofac_sdn,advanced_xml,unchanged,304,"""6ae4860420a3e4ff11676b508679d863""","Mon, 14 Sep 2026 18:35:46 GMT",3154ed8f492f5645c4197da60abec0b22534c55ee87e20bf415a0ac7d58b8b2b,"Mon, 14 Sep 2026 18:35:46 GMT",https://sanctionslistservice.ofac.treas.gov/api/PublicationPreview/exports/SDN_ADVANCED.XML,https://wc2h-sls-prod-public-published.s3.us-gov-west-1.amazonaws.com/Published/0ddbea01-d432-49b0-844a-df5fbd1e579e/2026-09-11/fcbc841e-fa83-4457-9acc-25d2cf56aaab/SDN_ADVANCED.XML,,,89529,,,,0,0,,
2026-09-15T18:32:22Z,ofac_cons,classic_primary,unchanged,304,"""80380f3c66df3c970e311a0f0dd7eea6""","Mon, 14 Sep 2026 18:35:48 GMT",0a3b74f6eb28450a9993b42a234c1801471d4dcb41220f6a7b8e466575bc3889,"Mon, 14 Sep 2026 18:35:48 GMT",https://sanctionslistservice.ofac.treas.gov/api/download/CONS_PRIM.CSV,https://wc2h-sls-prod-public-published.s3.us-gov-west-1.amazonaws.com/Published/0ddbea01-d432-49b0-844a-df5fbd1e579e/2026-09-11/fcbc841e-fa83-4457-9acc-25d2cf56aaab/CONS_PRIM.CSV,cons_prim.csv,,3371,,,,0,0,,
2026-09-15T18:32:22Z,ofac_cons,classic_alias,unchanged,304,"""fc2d781c5c00004bb5f02174eddc1ba2""","Mon, 14 Sep 2026 18:35:49 GMT",ee4e86b664c7a11aacd0fe227f35336cff3467602bb9607653bb4ce193811474,"Mon, 14 Sep 2026 18:35:48 GMT",https://sanctionslistservice.ofac.treas.gov/api/download/CONS_ALT.CSV,https://wc2h-sls-prod-public-published.s3.us-gov-west-1.amazonaws.com/Published/0ddbea01-d432-49b0-844a-df5fbd1e579e/2026-09-11/fcbc841e-fa83-4457-9acc-25d2cf56aaab/CONS_ALT.CSV,,,3371,,,,0,0,,
2026-09-15T18:32:22Z,ofac_cons,advanced_xml,unchanged,304,"""a27e7477b51d72ea79ace3e20811fbeb""","Mon, 14 Sep 2026 18:35:48 GMT",43033832780a55ed4b3c28291184b60dc63242082c223dd83702a014d5825a65,"Mon, 14 Sep 2026 18:35:48 GMT",https://sanctionslistservice.ofac.treas.gov/api/PublicationPreview/exports/CONS_ADVANCED.XML,https://wc2h-sls-prod-public-published.s3.us-gov-west-1.amazonaws.com/Published/0ddbea01-d432-49b0-844a-df5fbd1e579e/2026-09-11/fcbc841e-fa83-4457-9acc-25d2cf56aaab/CONS_ADVANCED.XML,,,3371,,,,0,0,,
2026-09-15T18:47:32Z,mof,index_page,fetched,200,"""a251-65b083d534fc0""","Wed, 09 Sep 2026 08:00:07 GMT",e920a4c243fc3e31c2bd35af2f1de44b64d529732414e6274a0344b103e7c868,令和8年9月10日,https://www.mof.go.jp/policy/international_policy/gaitame_kawase/gaitame/economic_sanctions/list.html,https://www.mof.go.jp/policy/international_policy/gaitame_kawase/gaitame/economic_sanctions/list.html,list.html,,,,,,0,0,,
2026-09-15T18:47:32Z,mof,list_file,unchanged,304,"""3225f7-65b083d71d440""","Wed, 09 Sep 2026 08:00:09 GMT",c46ccaf88a98ab9c4209c4032c91190fa740ac106767fe32331879d73de99d03,令和8年9月10日,https://www.mof.go.jp/policy/international_policy/gaitame_kawase/gaitame/economic_sanctions/shisantouketsu20260910.csv,https://www.mof.go.jp/policy/international_policy/gaitame_kawase/gaitame/economic_sanctions/shisantouketsu20260910.csv,shisantouketsu20260910.csv,,14743,,,,0,0,,
2026-09-15T18:47:32Z,meti,index_page,blocked,403,"W/""c3bb143a530e398af9a1c1a440f0189c""","Mon, 24 Aug 2026 07:11:49 GMT",,,https://www.meti.go.jp/policy/anpo/law09.html,https://www.meti.go.jp/policy/anpo/law09.html,,,,,,,1,0,HTTPError,403 Client Error: Forbidden for url: https://www.meti.go.jp/policy/anpo/law09.html
2026-09-15T19:29:10Z,ofac_sdn,classic_primary,unchanged,304,"""f05f199ed0ece8c03dd3e59616a98c56""","Mon, 14 Sep 2026 18:35:48 GMT",1ac8e3cbbb07ba74d799e53297c97c814dd57630ce2700fcd27902e20183fa79,"Mon, 14 Sep 2026 18:35:46 GMT",https://sanctionslistservice.ofac.treas.gov/api/download/SDN.CSV,https://wc2h-sls-prod-public-published.s3.us-gov-west-1.amazonaws.com/Published/0ddbea01-d432-49b0-844a-df5fbd1e579e/2026-09-11/fcbc841e-fa83-4457-9acc-25d2cf56aaab/SDN.CSV,sdn.csv,,89529,,,,0,0,,
2026-09-15T19:29:10Z,ofac_sdn,classic_alias,unchanged,304,"""bc3bb5c0276f13699ab0a1c16f73f3a9""","Mon, 14 Sep 2026 18:35:49 GMT",fa40fd1d5143e534477735ca01f03d3bec190dcbb549c1c9685361817c71852c,"Mon, 14 Sep 2026 18:35:46 GMT",https://sanctionslistservice.ofac.treas.gov/api/download/ALT.CSV,https://wc2h-sls-prod-public-published.s3.us-gov-west-1.amazonaws.com/Published/0ddbea01-d432-49b0-844a-df5fbd1e579e/2026-09-11/fcbc841e-fa83-4457-9acc-25d2cf56aaab/ALT.CSV,,,89529,,,,0,0,,
2026-09-15T19:29:10Z,ofac_sdn,advanced_xml,unchanged,304,"""6ae4860420a3e4ff11676b508679d863""","Mon, 14 Sep 2026 18:35:46 GMT",3154ed8f492f5645c4197da60abec0b22534c55ee87e20bf415a0ac7d58b8b2b,"Mon, 14 Sep 2026 18:35:46 GMT",https://sanctionslistservice.ofac.treas.gov/api/PublicationPreview/exports/SDN_ADVANCED.XML,https://wc2h-sls-prod-public-published.s3.us-gov-west-1.amazonaws.com/Published/0ddbea01-d432-49b0-844a-df5fbd1e579e/2026-09-11/fcbc841e-fa83-4457-9acc-25d2cf56aaab/SDN_ADVANCED.XML,,,89529,,,,0,0,,
2026-09-15T19:29:10Z,ofac_cons,classic_primary,unchanged,304,"""80380f3c66df3c970e311a0f0dd7eea6""","Mon, 14 Sep 2026 18:35:48 GMT",0a3b74f6eb28450a9993b42a234c1801471d4dcb41220f6a7b8e466575bc3889,"Mon, 14 Sep 2026 18:35:48 GMT",https://sanctionslistservice.ofac.treas.gov/api/download/CONS_PRIM.CSV,https://wc2h-sls-prod-public-published.s3.us-gov-west-1.amazonaws.com/Published/0ddbea01-d432-49b0-844a-df5fbd1e579e/2026-09-11/fcbc841e-fa83-4457-9acc-25d2cf56aaab/CONS_PRIM.CSV,cons_prim.csv,,3371,,,,0,0,,
2026-09-15T19:29:10Z,ofac_cons,classic_alias,unchanged,304,"""fc2d781c5c00004bb5f02174eddc1ba2""","Mon, 14 Sep 2026 18:35:49 GMT",ee4e86b664c7a11aacd0fe227f35336cff3467602bb9607653bb4ce193811474,"Mon, 14 Sep 2026 18:35:48 GMT",https://sanctionslistservice.ofac.treas.gov/api/download/CONS_ALT.CSV,https://wc2h-sls-prod-public-published.s3.us-gov-west-1.amazonaws.com/Published/0ddbea01-d432-49b0-844a-df5fbd1e579e/2026-09-11/fcbc841e-fa83-4457-9acc-25d2cf56aaab/CONS_ALT.CSV,,,3371,,,,0,0,,
2026-09-15T19:29:10Z,ofac_cons,advanced_xml,unchanged,304,"""a27e7477b51d72ea79ace3e20811fbeb""","Mon, 14 Sep 2026 18:35:48 GMT",43033832780a55ed4b3c28291184b60dc63242082c223dd83702a014d5825a65,"Mon, 14 Sep 2026 18:35:48 GMT",https://sanctionslistservice.ofac.treas.gov/api/PublicationPreview/exports/CONS_ADVANCED.XML,https://wc2h-sls-prod-public-published.s3.us-gov-west-1.amazonaws.com/Published/0ddbea01-d432-49b0-844a-df5fbd1e579e/2026-09-11/fcbc841e-fa83-4457-9acc-25d2cf56aaab/CONS_ADVANCED.XML,,,3371,,,,0,0,,
2026-09-15T20:29:10Z,ofac_sdn,classic_primary,unchanged,304,"""f05f199ed0ece8c03dd3e59616a98c56""","Mon, 14 Sep 2026 18:35:48 GMT",1ac8e3cbbb07ba74d799e53297c97c814dd57630ce2700fcd27902e20183fa79,"Mon, 14 Sep 2026 18:35:46 GMT",https://sanctionslistservice.ofac.treas.gov/api/download/SDN.CSV,https://wc2h-sls-prod-public-published.s3.us-gov-west-1.amazonaws.com/Published/0ddbea01-d432-49b0-844a-df5fbd1e579e/2026-09-11/fcbc841e-fa83-4457-9acc-25d2cf56aaab/SDN.CSV,sdn.csv,,89529,,,,0,0,,
2026-09-15T20:29:10Z,ofac_sdn,classic_alias,unchanged,304,"""bc3bb5c0276f13699ab0a1c16f73f3a9""","Mon, 14 Sep 2026 18:35:49 GMT",fa40fd1d5143e534477735ca01f03d3bec190dcbb549c1c9685361817c71852c,"Mon, 14 Sep 2026 18:35:46 GMT",https://sanctionslistservice.ofac.treas.gov/api/download/ALT.CSV,https://wc2h-sls-prod-public-published.s3.us-gov-west-1.amazonaws.com/Published/0ddbea01-d432-49b0-844a-df5fbd1e579e/2026-09-11/fcbc841e-fa83-4457-9acc-25d2cf56aaab/ALT.CSV,,,89529,,,,0,0,,
2026-09-15T20:29:10Z,ofac_sdn,advanced_xml,unchanged,304,"""6ae4860420a3e4ff11676b508679d863""","Mon, 14 Sep 2026 18:35:46 GMT",3154ed8f492f5645c4197da60abec0b22534c55ee87e20bf415a0ac7d58b8b2b,"Mon, 14 Sep 2026 18:35:46 GMT",https://sanctionslistservice.ofac.treas.gov/api/PublicationPreview/exports/SDN_ADVANCED.XML,https://wc2h-sls-prod-public-published.s3.us-gov-west-1.amazonaws.com/Published/0ddbea01-d432-49b0-844a-df5fbd1e579e/2026-09-11/fcbc841e-fa83-4457-9acc-25d2cf56aaab/SDN_ADVANCED.XML,,,89529,,,,0,0,,
2026-09-15T20:29:10Z,ofac_cons,classic_primary,unchanged,304,"""80380f3c66df3c970e311a0f0dd7eea6""","Mon, 14 Sep 2026 18:35:48 GMT",0a3b74f6eb28450a9993b42a234c1801471d4dcb41220f6a7b8e466575bc3889,"Mon, 14 Sep 2026 18:35:48 GMT",https://sanctionslistservice.ofac.treas.gov/api/download/CONS_PRIM.CSV,https://wc2h-sls-prod-public-published.s3.us-gov-west-1.amazonaws.com/Published/0ddbea01-d432-49b0-844a-df5fbd1e579e/2026-09-11/fcbc841e-fa83-4457-9acc-25d2cf56aaab/CONS_PRIM.CSV,cons_prim.csv,,3371,,,,0,0,,
2026-09-15T20:29:10Z,ofac_cons,classic_alias,unchanged,304,"""fc2d781c5c00004bb5f02174eddc1ba2""","Mon, 14 Sep 2026 18:35:49 GMT",ee4e86b664c7a11aacd0fe227f35336cff3467602bb9607653bb4ce193811474,"Mon, 14 Sep 2026 18:35:48 GMT",https://sanctionslistservice.ofac.treas.gov/api/download/CONS_ALT.CSV,https://wc2h-sls-prod-public-published.s3.us-gov-west-1.amazonaws.com/Published/0ddbea01-d432-49b0-844a-df5fbd1e579e/2026-09-11/fcbc841e-fa83-4457-9acc-25d2cf56aaab/CONS_ALT.CSV,,,3371,,,,0,0,,
2026-09-15T20:29:10Z,ofac_cons,advanced_xml,unchanged,304,"""a27e7477b51d72ea79ace3e20811fbeb""","Mon, 14 Sep 2026 18:35:48 GMT",43033832780a55ed4b3c28291184b60dc63242082c223dd83702a014d5825a65,"Mon, 14 Sep 2026 18:35:48 GMT",https://sanctionslistservice.ofac.treas.gov/api/PublicationPreview/exports/CONS_ADVANCED.XML,https://wc2h-sls-prod-public-published.s3.us-gov-west-1.amazonaws.com/Published/0ddbea01-d432-49b0-844a-df5fbd1e579e/2026-09-11/fcbc841e-fa83-4457-9acc-25d2cf56aaab/CONS_ADVANCED.XML,,,3371,,,,0,0,,
2026-09-15T21:28:29Z,ofac_sdn,classic_primary,unchanged,304,"""f05f199ed0ece8c03dd3e59616a98c56""","Mon, 14 Sep 2026 18:35:48 GMT",1ac8e3cbbb07ba74d799e53297c97c814dd57630ce2700fcd27902e20183fa79,"Mon, 14 Sep 2026 18:35:46 GMT",https://sanctionslistservice.ofac.treas.gov/api/download/SDN.CSV,https://wc2h-sls-prod-public-published.s3.us-gov-west-1.amazonaws.com/Published/0ddbea01-d432-49b0-844a-df5fbd1e579e/2026-09-11/fcbc841e-fa83-4457-9acc-25d2cf56aaab/SDN.CSV,sdn.csv,,89529,,,,0,0,,
2026-09-15T21:28:29Z,ofac_sdn,classic_alias,unchanged,304,"""bc3bb5c0276f13699ab0a1c16f73f3a9""","Mon, 14 Sep 2026 18:35:49 GMT",fa40fd1d5143e534477735ca01f03d3bec190dcbb549c1c9685361817c71852c,"Mon, 14 Sep 2026 18:35:46 GMT",https://sanctionslistservice.ofac.treas.gov/api/download/ALT.CSV,https://wc2h-sls-prod-public-published.s3.us-gov-west-1.amazonaws.com/Published/0ddbea01-d432-49b0-844a-df5fbd1e579e/2026-09-11/fcbc841e-fa83-4457-9acc-25d2cf56aaab/ALT.CSV,,,89529,,,,0,0,,
2026-09-15T21:28:29Z,ofac_sdn,advanced_xml,unchanged,304,"""6ae4860420a3e4ff11676b508679d863""","Mon, 14 Sep 2026 18:35:46 GMT",3154ed8f492f5645c4197da60abec0b22534c55ee87e20bf415a0ac7d58b8b2b,"Mon, 14 Sep 2026 18:35:46 GMT",https://sanctionslistservice.ofac.treas.gov/api/PublicationPreview/exports/SDN_ADVANCED.XML,https://wc2h-sls-prod-public-published.s3.us-gov-west-1.amazonaws.com/Published/0ddbea01-d432-49b0-844a-df5fbd1e579e/2026-09-11/fcbc841e-fa83-4457-9acc-25d2cf56aaab/SDN_ADVANCED.XML,,,89529,,,,0,0,,
2026-09-15T21:28:29Z,ofac_cons,classic_primary,unchanged,304,"""80380f3c66df3c970e311a0f0dd7eea6""","Mon, 14 Sep 2026 18:35:48 GMT",0a3b74f6eb28450a9993b42a234c1801471d4dcb41220f6a7b8e466575bc3889,"Mon, 14 Sep 2026 18:35:48 GMT",https://sanctionslistservice.ofac.treas.gov/api/download/CONS_PRIM.CSV,https://wc2h-sls-prod-public-published.s3.us-gov-west-1.amazonaws.com/Published/0ddbea01-d432-49b0-844a-df5fbd1e579e/2026-09-11/fcbc841e-fa83-4457-9acc-25d2cf56aaab/CONS_PRIM.CSV,cons_prim.csv,,3371,,,,0,0,,
2026-09-15T21:28:29Z,ofac_cons,classic_alias,unchanged,304,"""fc2d781c5c00004bb5f02174eddc1ba2""","Mon, 14 Sep 2026 18:35:49 GMT",ee4e86b664c7a11aacd0fe227f35336cff3467602bb9607653bb4ce193811474,"Mon, 14 Sep 2026 18:35:48 GMT",https://sanctionslistservice.ofac.treas.gov/api/download/CONS_ALT.CSV,https://wc2h-sls-prod-public-published.s3.us-gov-west-1.amazonaws.com/Published/0ddbea01-d432-49b0-844a-df5fbd1e579e/2026-09-11/fcbc841e-fa83-4457-9acc-25d2cf56aaab/CONS_ALT.CSV,,,3371,,,,0,0,,
2026-09-15T21:28:29Z,ofac_cons,advanced_xml,unchanged,304,"""a27e7477b51d72ea79ace3e20811fbeb""","Mon, 14 Sep 2026 18:35:48 GMT",43033832780a55ed4b3c28291184b60dc63242082c223dd83702a014d5825a65,"Mon, 14 Sep 2026 18:35:48 GMT",https://sanctionslistservice.ofac.treas.gov/api/PublicationPreview/exports/CONS_ADVANCED.XML,https://wc2h-sls-prod-public-published.s3.us-gov-west-1.amazonaws.com/Published/0ddbea01-d432-49b0-844a-df5fbd1e579e/2026-09-11/fcbc841e-fa83-4457-9acc-25d2cf56aaab/CONS_ADVANCED.XML,,,3371,,,,0,0,,
2026-09-15T22:29:35Z,ofac_sdn,classic_primary,unchanged,304,"""f05f199ed0ece8c03dd3e59616a98c56""","Mon, 14 Sep 2026 18:35:48 GMT",1ac8e3cbbb07ba74d799e53297c97c814dd57630ce2700fcd27902e20183fa79,"Mon, 14 Sep 2026 18:35:46 GMT",https://sanctionslistservice.ofac.treas.gov/api/download/SDN.CSV,https://wc2h-sls-prod-public-published.s3.us-gov-west-1.amazonaws.com/Published/0ddbea01-d432-49b0-844a-df5fbd1e579e/2026-09-11/fcbc841e-fa83-4457-9acc-25d2cf56aaab/SDN.CSV,sdn.csv,,89529,,,,0,0,,
2026-09-15T22:29:35Z,ofac_sdn,classic_alias,unchanged,304,"""bc3bb5c0276f13699ab0a1c16f73f3a9""","Mon, 14 Sep 2026 18:35:49 GMT",fa40fd1d5143e534477735ca01f03d3bec190dcbb549c1c9685361817c71852c,"Mon, 14 Sep 2026 18:35:46 GMT",https://sanctionslistservice.ofac.treas.gov/api/download/ALT.CSV,https://wc2h-sls-prod-public-published.s3.us-gov-west-1.amazonaws.com/Published/0ddbea01-d432-49b0-844a-df5fbd1e579e/2026-09-11/fcbc841e-fa83-4457-9acc-25d2cf56aaab/ALT.CSV,,,89529,,,,0,0,,
2026-09-15T22:29:35Z,ofac_sdn,advanced_xml,unchanged,304,"""6ae4860420a3e4ff11676b508679d863""","Mon, 14 Sep 2026 18:35:46 GMT",3154ed8f492f5645c4197da60abec0b22534c55ee87e20bf415a0ac7d58b8b2b,"Mon, 14 Sep 2026 18:35:46 GMT",https://sanctionslistservice.ofac.treas.gov/api/PublicationPreview/exports/SDN_ADVANCED.XML,https://wc2h-sls-prod-public-published.s3.us-gov-west-1.amazonaws.com/Published/0ddbea01-d432-49b0-844a-df5fbd1e579e/2026-09-11/fcbc841e-fa83-4457-9acc-25d2cf56aaab/SDN_ADVANCED.XML,,,89529,,,,0,0,,
2026-09-15T22:29:35Z,ofac_cons,classic_primary,unchanged,304,"""80380f3c66df3c970e311a0f0dd7eea6""","Mon, 14 Sep 2026 18:35:48 GMT",0a3b74f6eb28450a9993b42a234c1801471d4dcb41220f6a7b8e466575bc3889,"Mon, 14 Sep 2026 18:35:48 GMT",https://sanctionslistservice.ofac.treas.gov/api/download/CONS_PRIM.CSV,https://wc2h-sls-prod-public-published.s3.us-gov-west-1.amazonaws.com/Published/0ddbea01-d432-49b0-844a-df5fbd1e579e/2026-09-11/fcbc841e-fa83-4457-9acc-25d2cf56aaab/CONS_PRIM.CSV,cons_prim.csv,,3371,,,,0,0,,
2026-09-15T22:29:35Z,ofac_cons,classic_alias,unchanged,304,"""fc2d781c5c00004bb5f02174eddc1ba2""","Mon, 14 Sep 2026 18:35:49 GMT",ee4e86b664c7a11aacd0fe227f35336cff3467602bb9607653bb4ce193811474,"Mon, 14 Sep 2026 18:35:48 GMT",https://sanctionslistservice.ofac.treas.gov/api/download/CONS_ALT.CSV,https://wc2h-sls-prod-public-published.s3.us-gov-west-1.amazonaws.com/Published/0ddbea01-d432-49b0-844a-df5fbd1e579e/2026-09-11/fcbc841e-fa83-4457-9acc-25d2cf56aaab/CONS_ALT.CSV,,,3371,,,,0,0,,
2026-09-15T22:29:35Z,ofac_cons,advanced_xml,unchanged,304,"""a27e7477b51d72ea79ace3e20811fbeb""","Mon, 14 Sep 2026 18:35:48 GMT",43033832780a55ed4b3c28291184b60dc63242082c223dd83702a014d5825a65,"Mon, 14 Sep 2026 18:35:48 GMT",https://sanctionslistservice.ofac.treas.gov/api/PublicationPreview/exports/CONS_ADVANCED.XML,https://wc2h-sls-prod-public-published.s3.us-gov-west-1.amazonaws.com/Published/0ddbea01-d432-49b0-844a-df5fbd1e579e/2026-09-11/fcbc841e-fa83-4457-9acc-25d2cf56aaab/CONS_ADVANCED.XML,,,3371,,,,0,0,,
2026-09-15T23:28:25Z,ofac_sdn,classic_primary,unchanged,304,"""f05f199ed0ece8c03dd3e59616a98c56""","Mon, 14 Sep 2026 18:35:48 GMT",1ac8e3cbbb07ba74d799e53297c97c814dd57630ce2700fcd27902e20183fa79,"Mon, 14 Sep 2026 18:35:46 GMT",https://sanctionslistservice.ofac.treas.gov/api/download/SDN.CSV,https://wc2h-sls-prod-public-published.s3.us-gov-west-1.amazonaws.com/Published/0ddbea01-d432-49b0-844a-df5fbd1e579e/2026-09-11/fcbc841e-fa83-4457-9acc-25d2cf56aaab/SDN.CSV,sdn.csv,,89529,,,,0,0,,
2026-09-15T23:28:25Z,ofac_sdn,classic_alias,unchanged,304,"""bc3bb5c0276f13699ab0a1c16f73f3a9""","Mon, 14 Sep 2026 18:35:49 GMT",fa40fd1d5143e534477735ca01f03d3bec190dcbb549c1c9685361817c71852c,"Mon, 14 Sep 2026 18:35:46 GMT",https://sanctionslistservice.ofac.treas.gov/api/download/ALT.CSV,https://wc2h-sls-prod-public-published.s3.us-gov-west-1.amazonaws.com/Published/0ddbea01-d432-49b0-844a-df5fbd1e579e/2026-09-11/fcbc841e-fa83-4457-9acc-25d2cf56aaab/ALT.CSV,,,89529,,,,0,0,,
2026-09-15T23:28:25Z,ofac_sdn,advanced_xml,unchanged,304,"""6ae4860420a3e4ff11676b508679d863""","Mon, 14 Sep 2026 18:35:46 GMT",3154ed8f492f5645c4197da60abec0b22534c55ee87e20bf415a0ac7d58b8b2b,"Mon, 14 Sep 2026 18:35:46 GMT",https://sanctionslistservice.ofac.treas.gov/api/PublicationPreview/exports/SDN_ADVANCED.XML,https://wc2h-sls-prod-public-published.s3.us-gov-west-1.amazonaws.com/Published/0ddbea01-d432-49b0-844a-df5fbd1e579e/2026-09-11/fcbc841e-fa83-4457-9acc-25d2cf56aaab/SDN_ADVANCED.XML,,,89529,,,,0,0,,
2026-09-15T23:28:25Z,ofac_cons,classic_primary,unchanged,304,"""80380f3c66df3c970e311a0f0dd7eea6""","Mon, 14 Sep 2026 18:35:48 GMT",0a3b74f6eb28450a9993b42a234c1801471d4dcb41220f6a7b8e466575bc3889,"Mon, 14 Sep 2026 18:35:48 GMT",https://sanctionslistservice.ofac.treas.gov/api/download/CONS_PRIM.CSV,https://wc2h-sls-prod-public-published.s3.us-gov-west-1.amazonaws.com/Published/0ddbea01-d432-49b0-844a-df5fbd1e579e/2026-09-11/fcbc841e-fa83-4457-9acc-25d2cf56aaab/CONS_PRIM.CSV,cons_prim.csv,,3371,,,,0,0,,
2026-09-15T23:28:25Z,ofac_cons,classic_alias,unchanged,304,"""fc2d781c5c00004bb5f02174eddc1ba2""","Mon, 14 Sep 2026 18:35:49 GMT",ee4e86b664c7a11aacd0fe227f35336cff3467602bb9607653bb4ce193811474,"Mon, 14 Sep 2026 18:35:48 GMT",https://sanctionslistservice.ofac.treas.gov/api/download/CONS_ALT.CSV,https://wc2h-sls-prod-public-published.s3.us-gov-west-1.amazonaws.com/Published/0ddbea01-d432-49b0-844a-df5fbd1e579e/2026-09-11/fcbc841e-fa83-4457-9acc-25d2cf56aaab/CONS_ALT.CSV,,,3371,,,,0,0,,
2026-09-15T23:28:25Z,ofac_cons,advanced_xml,unchanged,304,"""a27e7477b51d72ea79ace3e20811fbeb""","Mon, 14 Sep 2026 18:35:48 GMT",43033832780a55ed4b3c28291184b60dc63242082c223dd83702a014d5825a65,"Mon, 14 Sep 2026 18:35:48 GMT",https://sanctionslistservice.ofac.treas.gov/api/PublicationPreview/exports/CONS_ADVANCED.XML,https://wc2h-sls-prod-public-published.s3.us-gov-west-1.amazonaws.com/Published/0ddbea01-d432-49b0-844a-df5fbd1e579e/2026-09-11/fcbc841e-fa83-4457-9acc-25d2cf56aaab/CONS_ADVANCED.XML,,,3371,,,,0,0,,
2026-09-16T00:36:58Z,ofac_sdn,classic_primary,unchanged,304,"""f05f199ed0ece8c03dd3e59616a98c56""","Mon, 14 Sep 2026 18:35:48 GMT",1ac8e3cbbb07ba74d799e53297c97c814dd57630ce2700fcd27902e20183fa79,"Mon, 14 Sep 2026 18:35:46 GMT",https://sanctionslistservice.ofac.treas.gov/api/download/SDN.CSV,https://wc2h-sls-prod-public-published.s3.us-gov-west-1.amazonaws.com/Published/0ddbea01-d432-49b0-844a-df5fbd1e579e/2026-09-11/fcbc841e-fa83-4457-9acc-25d2cf56aaab/SDN.CSV,sdn.csv,,89529,,,,0,0,,
2026-09-16T00:36:58Z,ofac_sdn,classic_alias,unchanged,304,"""bc3bb5c0276f13699ab0a1c16f73f3a9""","Mon, 14 Sep 2026 18:35:49 GMT",fa40fd1d5143e534477735ca01f03d3bec190dcbb549c1c9685361817c71852c,"Mon, 14 Sep 2026 18:35:46 GMT",https://sanctionslistservice.ofac.treas.gov/api/download/ALT.CSV,https://wc2h-sls-prod-public-published.s3.us-gov-west-1.amazonaws.com/Published/0ddbea01-d432-49b0-844a-df5fbd1e579e/2026-09-11/fcbc841e-fa83-4457-9acc-25d2cf56aaab/ALT.CSV,,,89529,,,,0,0,,
2026-09-16T00:36:58Z,ofac_sdn,advanced_xml,unchanged,304,"""6ae4860420a3e4ff11676b508679d863""","Mon, 14 Sep 2026 18:35:46 GMT",3154ed8f492f5645c4197da60abec0b22534c55ee87e20bf415a0ac7d58b8b2b,"Mon, 14 Sep 2026 18:35:46 GMT",https://sanctionslistservice.ofac.treas.gov/api/PublicationPreview/exports/SDN_ADVANCED.XML,https://wc2h-sls-prod-public-published.s3.us-gov-west-1.amazonaws.com/Published/0ddbea01-d432-49b0-844a-df5fbd1e579e/2026-09-11/fcbc841e-fa83-4457-9acc-25d2cf56aaab/SDN_ADVANCED.XML,,,89529,,,,0,0,,
2026-09-16T00:36:58Z,ofac_cons,classic_primary,unchanged,304,"""80380f3c66df3c970e311a0f0dd7eea6""","Mon, 14 Sep 2026 18:35:48 GMT",0a3b74f6eb28450a9993b42a234c1801471d4dcb41220f6a7b8e466575bc3889,"Mon, 14 Sep 2026 18:35:48 GMT",https://sanctionslistservice.ofac.treas.gov/api/download/CONS_PRIM.CSV,https://wc2h-sls-prod-public-published.s3.us-gov-west-1.amazonaws.com/Published/0ddbea01-d432-49b0-844a-df5fbd1e579e/2026-09-11/fcbc841e-fa83-4457-9acc-25d2cf56aaab/CONS_PRIM.CSV,cons_prim.csv,,3371,,,,0,0,,
2026-09-16T00:36:58Z,ofac_cons,classic_alias,unchanged,304,"""fc2d781c5c00004bb5f02174eddc1ba2""","Mon, 14 Sep 2026 18:35:49 GMT",ee4e86b664c7a11aacd0fe227f35336cff3467602bb9607653bb4ce193811474,"Mon, 14 Sep 2026 18:35:48 GMT",https://sanctionslistservice.ofac.treas.gov/api/download/CONS_ALT.CSV,https://wc2h-sls-prod-public-published.s3.us-gov-west-1.amazonaws.com/Published/0ddbea01-d432-49b0-844a-df5fbd1e579e/2026-09-11/fcbc841e-fa83-4457-9acc-25d2cf56aaab/CONS_ALT.CSV,,,3371,,,,0,0,,
2026-09-16T00:36:58Z,ofac_cons,advanced_xml,unchanged,304,"""a27e7477b51d72ea79ace3e20811fbeb""","Mon, 14 Sep 2026 18:35:48 GMT",43033832780a55ed4b3c28291184b60dc63242082c223dd83702a014d5825a65,"Mon, 14 Sep 2026 18:35:48 GMT",https://sanctionslistservice.ofac.treas.gov/api/PublicationPreview/exports/CONS_ADVANCED.XML,https://wc2h-sls-prod-public-published.s3.us-gov-west-1.amazonaws.com/Published/0ddbea01-d432-49b0-844a-df5fbd1e579e/2026-09-11/fcbc841e-fa83-4457-9acc-25d2cf56aaab/CONS_ADVANCED.XML,,,3371,,,,0,0,,
2026-09-16T00:49:28Z,mof,index_page,fetched,200,"""a251-65b083d534fc0""","Wed, 09 Sep 2026 08:00:07 GMT",10378f19701bf4dd4594609848440cfa9218b34003ea30ee93a801b4269682f8,令和8年9月10日,https://www.mof.go.jp/policy/international_policy/gaitame_kawase/gaitame/economic_sanctions/list.html,https://www.mof.go.jp/policy/international_policy/gaitame_kawase/gaitame/economic_sanctions/list.html,list.html,,,,,,0,0,,
2026-09-16T00:49:28Z,mof,list_file,unchanged,304,"""3225f7-65b083d71d440""","Wed, 09 Sep 2026 08:00:09 GMT",c46ccaf88a98ab9c4209c4032c91190fa740ac106767fe32331879d73de99d03,令和8年9月10日,https://www.mof.go.jp/policy/international_policy/gaitame_kawase/gaitame/economic_sanctions/shisantouketsu20260910.csv,https://www.mof.go.jp/policy/international_policy/gaitame_kawase/gaitame/economic_sanctions/shisantouketsu20260910.csv,shisantouketsu20260910.csv,,14743,,,,0,0,,
2026-09-16T00:49:28Z,meti,index_page,blocked,403,"W/""c3bb143a530e398af9a1c1a440f0189c""","Mon, 24 Aug 2026 07:11:49 GMT",,,https://www.meti.go.jp/policy/anpo/law09.html,https://www.meti.go.jp/policy/anpo/law09.html,,,,,,,1,0,HTTPError,403 Client Error: Forbidden for url: https://www.meti.go.jp/policy/anpo/law09.html
2026-09-16T01:28:51Z,ofac_sdn,classic_primary,unchanged,304,"""f05f199ed0ece8c03dd3e59616a98c56""","Mon, 14 Sep 2026 18:35:48 GMT",1ac8e3cbbb07ba74d799e53297c97c814dd57630ce2700fcd27902e20183fa79,"Mon, 14 Sep 2026 18:35:46 GMT",https://sanctionslistservice.ofac.treas.gov/api/download/SDN.CSV,https://wc2h-sls-prod-public-published.s3.us-gov-west-1.amazonaws.com/Published/0ddbea01-d432-49b0-844a-df5fbd1e579e/2026-09-11/fcbc841e-fa83-4457-9acc-25d2cf56aaab/SDN.CSV,sdn.csv,,89529,,,,0,0,,
2026-09-16T01:28:51Z,ofac_sdn,classic_alias,unchanged,304,"""bc3bb5c0276f13699ab0a1c16f73f3a9""","Mon, 14 Sep 2026 18:35:49 GMT",fa40fd1d5143e534477735ca01f03d3bec190dcbb549c1c9685361817c71852c,"Mon, 14 Sep 2026 18:35:46 GMT",https://sanctionslistservice.ofac.treas.gov/api/download/ALT.CSV,https://wc2h-sls-prod-public-published.s3.us-gov-west-1.amazonaws.com/Published/0ddbea01-d432-49b0-844a-df5fbd1e579e/2026-09-11/fcbc841e-fa83-4457-9acc-25d2cf56aaab/ALT.CSV,,,89529,,,,0,0,,
2026-09-16T01:28:51Z,ofac_sdn,advanced_xml,unchanged,304,"""6ae4860420a3e4ff11676b508679d863""","Mon, 14 Sep 2026 18:35:46 GMT",3154ed8f492f5645c4197da60abec0b22534c55ee87e20bf415a0ac7d58b8b2b,"Mon, 14 Sep 2026 18:35:46 GMT",https://sanctionslistservice.ofac.treas.gov/api/PublicationPreview/exports/SDN_ADVANCED.XML,https://wc2h-sls-prod-public-published.s3.us-gov-west-1.amazonaws.com/Published/0ddbea01-d432-49b0-844a-df5fbd1e579e/2026-09-11/fcbc841e-fa83-4457-9acc-25d2cf56aaab/SDN_ADVANCED.XML,,,89529,,,,0,0,,
2026-09-16T01:28:51Z,ofac_cons,classic_primary,unchanged,304,"""80380f3c66df3c970e311a0f0dd7eea6""","Mon, 14 Sep 2026 18:35:48 GMT",0a3b74f6eb28450a9993b42a234c1801471d4dcb41220f6a7b8e466575bc3889,"Mon, 14 Sep 2026 18:35:48 GMT",https://sanctionslistservice.ofac.treas.gov/api/download/CONS_PRIM.CSV,https://wc2h-sls-prod-public-published.s3.us-gov-west-1.amazonaws.com/Published/0ddbea01-d432-49b0-844a-df5fbd1e579e/2026-09-11/fcbc841e-fa83-4457-9acc-25d2cf56aaab/CONS_PRIM.CSV,cons_prim.csv,,3371,,,,0,0,,
2026-09-16T01:28:51Z,ofac_cons,classic_alias,unchanged,304,"""fc2d781c5c00004bb5f02174eddc1ba2""","Mon, 14 Sep 2026 18:35:49 GMT",ee4e86b664c7a11aacd0fe227f35336cff3467602bb9607653bb4ce193811474,"Mon, 14 Sep 2026 18:35:48 GMT",https://sanctionslistservice.ofac.treas.gov/api/download/CONS_ALT.CSV,https://wc2h-sls-prod-public-published.s3.us-gov-west-1.amazonaws.com/Published/0ddbea01-d432-49b0-844a-df5fbd1e579e/2026-09-11/fcbc841e-fa83-4457-9acc-25d2cf56aaab/CONS_ALT.CSV,,,3371,,,,0,0,,
2026-09-16T01:28:51Z,ofac_cons,advanced_xml,unchanged,304,"""a27e7477b51d72ea79ace3e20811fbeb""","Mon, 14 Sep 2026 18:35:48 GMT",43033832780a55ed4b3c28291184b60dc63242082c223dd83702a014d5825a65,"Mon, 14 Sep 2026 18:35:48 GMT",https://sanctionslistservice.ofac.treas.gov/api/PublicationPreview/exports/CONS_ADVANCED.XML,https://wc2h-sls-prod-public-published.s3.us-gov-west-1.amazonaws.com/Published/0ddbea01-d432-49b0-844a-df5fbd1e579e/2026-09-11/fcbc841e-fa83-4457-9acc-25d2cf56aaab/CONS_ADVANCED.XML,,,3371,,,,0,0,,
2026-09-16T02:30:58Z,ofac_sdn,classic_primary,unchanged,304,"""f05f199ed0ece8c03dd3e59616a98c56""","Mon, 14 Sep 2026 18:35:48 GMT",1ac8e3cbbb07ba74d799e53297c97c814dd57630ce2700fcd27902e20183fa79,"Mon, 14 Sep 2026 18:35:46 GMT",https://sanctionslistservice.ofac.treas.gov/api/download/SDN.CSV,https://wc2h-sls-prod-public-published.s3.us-gov-west-1.amazonaws.com/Published/0ddbea01-d432-49b0-844a-df5fbd1e579e/2026-09-11/fcbc841e-fa83-4457-9acc-25d2cf56aaab/SDN.CSV,sdn.csv,,89529,,,,0,0,,
2026-09-16T02:30:58Z,ofac_sdn,classic_alias,unchanged,304,"""bc3bb5c0276f13699ab0a1c16f73f3a9""","Mon, 14 Sep 2026 18:35:49 GMT",fa40fd1d5143e534477735ca01f03d3bec190dcbb549c1c9685361817c71852c,"Mon, 14 Sep 2026 18:35:46 GMT",https://sanctionslistservice.ofac.treas.gov/api/download/ALT.CSV,https://wc2h-sls-prod-public-published.s3.us-gov-west-1.amazonaws.com/Published/0ddbea01-d432-49b0-844a-df5fbd1e579e/2026-09-11/fcbc841e-fa83-4457-9acc-25d2cf56aaab/ALT.CSV,,,89529,,,,0,0,,
2026-09-16T02:30:58Z,ofac_sdn,advanced_xml,unchanged,304,"""6ae4860420a3e4ff11676b508679d863""","Mon, 14 Sep 2026 18:35:46 GMT",3154ed8f492f5645c4197da60abec0b22534c55ee87e20bf415a0ac7d58b8b2b,"Mon, 14 Sep 2026 18:35:46 GMT",https://sanctionslistservice.ofac.treas.gov/api/PublicationPreview/exports/SDN_ADVANCED.XML,https://wc2h-sls-prod-public-published.s3.us-gov-west-1.amazonaws.com/Published/0ddbea01-d432-49b0-844a-df5fbd1e579e/2026-09-11/fcbc841e-fa83-4457-9acc-25d2cf56aaab/SDN_ADVANCED.XML,,,89529,,,,0,0,,
2026-09-16T02:30:58Z,ofac_cons,classic_primary,unchanged,304,"""80380f3c66df3c970e311a0f0dd7eea6""","Mon, 14 Sep 2026 18:35:48 GMT",0a3b74f6eb28450a9993b42a234c1801471d4dcb41220f6a7b8e466575bc3889,"Mon, 14 Sep 2026 18:35:48 GMT",https://sanctionslistservice.ofac.treas.gov/api/download/CONS_PRIM.CSV,https://wc2h-sls-prod-public-published.s3.us-gov-west-1.amazonaws.com/Published/0ddbea01-d432-49b0-844a-df5fbd1e579e/2026-09-11/fcbc841e-fa83-4457-9acc-25d2cf56aaab/CONS_PRIM.CSV,cons_prim.csv,,3371,,,,0,0,,
2026-09-16T02:30:58Z,ofac_cons,classic_alias,unchanged,304,"""fc2d781c5c00004bb5f02174eddc1ba2""","Mon, 14 Sep 2026 18:35:49 GMT",ee4e86b664c7a11aacd0fe227f35336cff3467602bb9607653bb4ce193811474,"Mon, 14 Sep 2026 18:35:48 GMT",https://sanctionslistservice.ofac.treas.gov/api/download/CONS_ALT.CSV,https://wc2h-sls-prod-public-published.s3.us-gov-west-1.amazonaws.com/Published/0ddbea01-d432-49b0-844a-df5fbd1e579e/2026-09-11/fcbc841e-fa83-4457-9acc-25d2cf56aaab/CONS_ALT.CSV,,,3371,,,,0,0,,
2026-09-16T02:30:58Z,ofac_cons,advanced_xml,unchanged,304,"""a27e7477b51d72ea79ace3e20811fbeb""","Mon, 14 Sep 2026 18:35:48 GMT",43033832780a55ed4b3c28291184b60dc63242082c223dd83702a014d5825a65,"Mon, 14 Sep 2026 18:35:48 GMT",https://sanctionslistservice.ofac.treas.gov/api/PublicationPreview/exports/CONS_ADVANCED.XML,https://wc2h-sls-prod-public-published.s3.us-gov-west-1.amazonaws.com/Published/0ddbea01-d432-49b0-844a-df5fbd1e579e/2026-09-11/fcbc841e-fa83-4457-9acc-25d2cf56aaab/CONS_ADVANCED.XML,,,3371,,,,0,0,,
2026-09-16T03:31:07Z,ofac_sdn,classic_primary,unchanged,304,"""f05f199ed0ece8c03dd3e59616a98c56""","Mon, 14 Sep 2026 18:35:48 GMT",1ac8e3cbbb07ba74d799e53297c97c814dd57630ce2700fcd27902e20183fa79,"Mon, 14 Sep 2026 18:35:46 GMT",https://sanctionslistservice.ofac.treas.gov/api/download/SDN.CSV,https://wc2h-sls-prod-public-published.s3.us-gov-west-1.amazonaws.com/Published/0ddbea01-d432-49b0-844a-df5fbd1e579e/2026-09-11/fcbc841e-fa83-4457-9acc-25d2cf56aaab/SDN.CSV,sdn.csv,,89529,,,,0,0,,
2026-09-16T03:31:07Z,ofac_sdn,classic_alias,unchanged,304,"""bc3bb5c0276f13699ab0a1c16f73f3a9""","Mon, 14 Sep 2026 18:35:49 GMT",fa40fd1d5143e534477735ca01f03d3bec190dcbb549c1c9685361817c71852c,"Mon, 14 Sep 2026 18:35:46 GMT",https://sanctionslistservice.ofac.treas.gov/api/download/ALT.CSV,https://wc2h-sls-prod-public-published.s3.us-gov-west-1.amazonaws.com/Published/0ddbea01-d432-49b0-844a-df5fbd1e579e/2026-09-11/fcbc841e-fa83-4457-9acc-25d2cf56aaab/ALT.CSV,,,89529,,,,0,0,,
2026-09-16T03:31:07Z,ofac_sdn,advanced_xml,unchanged,304,"""6ae4860420a3e4ff11676b508679d863""","Mon, 14 Sep 2026 18:35:46 GMT",3154ed8f492f5645c4197da60abec0b22534c55ee87e20bf415a0ac7d58b8b2b,"Mon, 14 Sep 2026 18:35:46 GMT",https://sanctionslistservice.ofac.treas.gov/api/PublicationPreview/exports/SDN_ADVANCED.XML,https://wc2h-sls-prod-public-published.s3.us-gov-west-1.amazonaws.com/Published/0ddbea01-d432-49b0-844a-df5fbd1e579e/2026-09-11/fcbc841e-fa83-4457-9acc-25d2cf56aaab/SDN_ADVANCED.XML,,,89529,,,,0,0,,
2026-09-16T03:31:07Z,ofac_cons,classic_primary,unchanged,304,"""80380f3c66df3c970e311a0f0dd7eea6""","Mon, 14 Sep 2026 18:35:48 GMT",0a3b74f6eb28450a9993b42a234c1801471d4dcb41220f6a7b8e466575bc3889,"Mon, 14 Sep 2026 18:35:48 GMT",https://sanctionslistservice.ofac.treas.gov/api/download/CONS_PRIM.CSV,https://wc2h-sls-prod-public-published.s3.us-gov-west-1.amazonaws.com/Published/0ddbea01-d432-49b0-844a-df5fbd1e579e/2026-09-11/fcbc841e-fa83-4457-9acc-25d2cf56aaab/CONS_PRIM.CSV,cons_prim.csv,,3371,,,,0,0,,
2026-09-16T03:31:07Z,ofac_cons,classic_alias,unchanged,304,"""fc2d781c5c00004bb5f02174eddc1ba2""","Mon, 14 Sep 2026 18:35:49 GMT",ee4e86b664c7a11aacd0fe227f35336cff3467602bb9607653bb4ce193811474,"Mon, 14 Sep 2026 18:35:48 GMT",https://sanctionslistservice.ofac.treas.gov/api/download/CONS_ALT.CSV,https://wc2h-sls-prod-public-published.s3.us-gov-west-1.amazonaws.com/Published/0ddbea01-d432-49b0-844a-df5fbd1e579e/2026-09-11/fcbc841e-fa83-4457-9acc-25d2cf56aaab/CONS_ALT.CSV,,,3371,,,,0,0,,
2026-09-16T03:31:07Z,ofac_cons,advanced_xml,unchanged,304,"""a27e7477b51d72ea79ace3e20811fbeb""","Mon, 14 Sep 2026 18:35:48 GMT",43033832780a55ed4b3c28291184b60dc63242082c223dd83702a014d5825a65,"Mon, 14 Sep 2026 18:35:48 GMT",https://sanctionslistservice.ofac.treas.gov/api/PublicationPreview/exports/CONS_ADVANCED.XML,https://wc2h-sls-prod-public-published.s3.us-gov-west-1.amazonaws.com/Published/0ddbea01-d432-49b0-844a-df5fbd1e579e/2026-09-11/fcbc841e-fa83-4457-9acc-25d2cf56aaab/CONS_ADVANCED.XML,,,3371,,,,0,0,,
2026-09-16T05:30:41Z,ofac_sdn,classic_primary,unchanged,304,"""f05f199ed0ece8c03dd3e59616a98c56""","Mon, 14 Sep 2026 18:35:48 GMT",1ac8e3cbbb07ba74d799e53297c97c814dd57630ce2700fcd27902e20183fa79,"Mon, 14 Sep 2026 18:35:46 GMT",https://sanctionslistservice.ofac.treas.gov/api/download/SDN.CSV,https://wc2h-sls-prod-public-published.s3.us-gov-west-1.amazonaws.com/Published/0ddbea01-d432-49b0-844a-df5fbd1e579e/2026-09-11/fcbc841e-fa83-4457-9acc-25d2cf56aaab/SDN.CSV,sdn.csv,,89529,,,,0,0,,
2026-09-16T05:30:41Z,ofac_sdn,classic_alias,unchanged,304,"""bc3bb5c0276f13699ab0a1c16f73f3a9""","Mon, 14 Sep 2026 18:35:49 GMT",fa40fd1d5143e534477735ca01f03d3bec190dcbb549c1c9685361817c71852c,"Mon, 14 Sep 2026 18:35:46 GMT",https://sanctionslistservice.ofac.treas.gov/api/download/ALT.CSV,https://wc2h-sls-prod-public-published.s3.us-gov-west-1.amazonaws.com/Published/0ddbea01-d432-49b0-844a-df5fbd1e579e/2026-09-11/fcbc841e-fa83-4457-9acc-25d2cf56aaab/ALT.CSV,,,89529,,,,0,0,,
2026-09-16T05:30:41Z,ofac_sdn,advanced_xml,unchanged,304,"""6ae4860420a3e4ff11676b508679d863""","Mon, 14 Sep 2026 18:35:46 GMT",3154ed8f492f5645c4197da60abec0b22534c55ee87e20bf415a0ac7d58b8b2b,"Mon, 14 Sep 2026 18:35:46 GMT",https://sanctionslistservice.ofac.treas.gov/api/PublicationPreview/exports/SDN_ADVANCED.XML,https://wc2h-sls-prod-public-published.s3.us-gov-west-1.amazonaws.com/Published/0ddbea01-d432-49b0-844a-df5fbd1e579e/2026-09-11/fcbc841e-fa83-4457-9acc-25d2cf56aaab/SDN_ADVANCED.XML,,,89529,,,,0,0,,
2026-09-16T05:30:41Z,ofac_cons,classic_primary,unchanged,304,"""80380f3c66df3c970e311a0f0dd7eea6""","Mon, 14 Sep 2026 18:35:48 GMT",0a3b74f6eb28450a9993b42a234c1801471d4dcb41220f6a7b8e466575bc3889,"Mon, 14 Sep 2026 18:35:48 GMT",https://sanctionslistservice.ofac.treas.gov/api/download/CONS_PRIM.CSV,https://wc2h-sls-prod-public-published.s3.us-gov-west-1.amazonaws.com/Published/0ddbea01-d432-49b0-844a-df5fbd1e579e/2026-09-11/fcbc841e-fa83-4457-9acc-25d2cf56aaab/CONS_PRIM.CSV,cons_prim.csv,,3371,,,,0,0,,
2026-09-16T05:30:41Z,ofac_cons,classic_alias,unchanged,304,"""fc2d781c5c00004bb5f02174eddc1ba2""","Mon, 14 Sep 2026 18:35:49 GMT",ee4e86b664c7a11aacd0fe227f35336cff3467602bb9607653bb4ce193811474,"Mon, 14 Sep 2026 18:35:48 GMT",https://sanctionslistservice.ofac.treas.gov/api/download/CONS_ALT.CSV,https://wc2h-sls-prod-public-published.s3.us-gov-west-1.amazonaws.com/Published/0ddbea01-d432-49b0-844a-df5fbd1e579e/2026-09-11/fcbc841e-fa83-4457-9acc-25d2cf56aaab/CONS_ALT.CSV,,,3371,,,,0,0,,
2026-09-16T05:30:41Z,ofac_cons,advanced_xml,unchanged,304,"""a27e7477b51d72ea79ace3e20811fbeb""","Mon, 14 Sep 2026 18:35:48 GMT",43033832780a55ed4b3c28291184b60dc63242082c223dd83702a014d5825a65,"Mon, 14 Sep 2026 18:35:48 GMT",https://sanctionslistservice.ofac.treas.gov/api/PublicationPreview/exports/CONS_ADVANCED.XML,https://wc2h-sls-prod-public-published.s3.us-gov-west-1.amazonaws.com/Published/0ddbea01-d432-49b0-844a-df5fbd1e579e/2026-09-11/fcbc841e-fa83-4457-9acc-25d2cf56aaab/CONS_ADVANCED.XML,,,3371,,,,0,0,,
2026-09-16T06:37:38Z,ofac_sdn,classic_primary,unchanged,304,"""f05f199ed0ece8c03dd3e59616a98c56""","Mon, 14 Sep 2026 18:35:48 GMT",1ac8e3cbbb07ba74d799e53297c97c814dd57630ce2700fcd27902e20183fa79,"Mon, 14 Sep 2026 18:35:46 GMT",https://sanctionslistservice.ofac.treas.gov/api/download/SDN.CSV,https://wc2h-sls-prod-public-published.s3.us-gov-west-1.amazonaws.com/Published/0ddbea01-d432-49b0-844a-df5fbd1e579e/2026-09-11/fcbc841e-fa83-4457-9acc-25d2cf56aaab/SDN.CSV,sdn.csv,,89529,,,,0,0,,
2026-09-16T06:37:38Z,ofac_sdn,classic_alias,unchanged,304,"""bc3bb5c0276f13699ab0a1c16f73f3a9""","Mon, 14 Sep 2026 18:35:49 GMT",fa40fd1d5143e534477735ca01f03d3bec190dcbb549c1c9685361817c71852c,"Mon, 14 Sep 2026 18:35:46 GMT",https://sanctionslistservice.ofac.treas.gov/api/download/ALT.CSV,https://wc2h-sls-prod-public-published.s3.us-gov-west-1.amazonaws.com/Published/0ddbea01-d432-49b0-844a-df5fbd1e579e/2026-09-11/fcbc841e-fa83-4457-9acc-25d2cf56aaab/ALT.CSV,,,89529,,,,0,0,,
2026-09-16T06:37:38Z,ofac_sdn,advanced_xml,unchanged,304,"""6ae4860420a3e4ff11676b508679d863""","Mon, 14 Sep 2026 18:35:46 GMT",3154ed8f492f5645c4197da60abec0b22534c55ee87e20bf415a0ac7d58b8b2b,"Mon, 14 Sep 2026 18:35:46 GMT",https://sanctionslistservice.ofac.treas.gov/api/PublicationPreview/exports/SDN_ADVANCED.XML,https://wc2h-sls-prod-public-published.s3.us-gov-west-1.amazonaws.com/Published/0ddbea01-d432-49b0-844a-df5fbd1e579e/2026-09-11/fcbc841e-fa83-4457-9acc-25d2cf56aaab/SDN_ADVANCED.XML,,,89529,,,,0,0,,
2026-09-16T06:37:38Z,ofac_cons,classic_primary,unchanged,304,"""80380f3c66df3c970e311a0f0dd7eea6""","Mon, 14 Sep 2026 18:35:48 GMT",0a3b74f6eb28450a9993b42a234c1801471d4dcb41220f6a7b8e466575bc3889,"Mon, 14 Sep 2026 18:35:48 GMT",https://sanctionslistservice.ofac.treas.gov/api/download/CONS_PRIM.CSV,https://wc2h-sls-prod-public-published.s3.us-gov-west-1.amazonaws.com/Published/0ddbea01-d432-49b0-844a-df5fbd1e579e/2026-09-11/fcbc841e-fa83-4457-9acc-25d2cf56aaab/CONS_PRIM.CSV,cons_prim.csv,,3371,,,,0,0,,
2026-09-16T06:37:38Z,ofac_cons,classic_alias,unchanged,304,"""fc2d781c5c00004bb5f02174eddc1ba2""","Mon, 14 Sep 2026 18:35:49 GMT",ee4e86b664c7a11aacd0fe227f35336cff3467602bb9607653bb4ce193811474,"Mon, 14 Sep 2026 18:35:48 GMT",https://sanctionslistservice.ofac.treas.gov/api/download/CONS_ALT.CSV,https://wc2h-sls-prod-public-published.s3.us-gov-west-1.amazonaws.com/Published/0ddbea01-d432-49b0-844a-df5fbd1e579e/2026-09-11/fcbc841e-fa83-4457-9acc-25d2cf56aaab/CONS_ALT.CSV,,,3371,,,,0,0,,
2026-09-16T06:37:38Z,ofac_cons,advanced_xml,unchanged,304,"""a27e7477b51d72ea79ace3e20811fbeb""","Mon, 14 Sep 2026 18:35:48 GMT",43033832780a55ed4b3c28291184b60dc63242082c223dd83702a014d5825a65,"Mon, 14 Sep 2026 18:35:48 GMT",https://sanctionslistservice.ofac.treas.gov/api/PublicationPreview/exports/CONS_ADVANCED.XML,https://wc2h-sls-prod-public-published.s3.us-gov-west-1.amazonaws.com/Published/0ddbea01-d432-49b0-844a-df5fbd1e579e/2026-09-11/fcbc841e-fa83-4457-9acc-25d2cf56aaab/CONS_ADVANCED.XML,,,3371,,,,0,0,,
2026-09-16T06:50:46Z,mof,index_page,fetched,200,"""a251-65b083d534fc0""","Wed, 09 Sep 2026 08:00:07 GMT",3d4dc35c5500729cd6d1d97236e6ecc1a00170ad4f01393e489c1f83abe83de6,令和8年9月10日,https://www.mof.go.jp/policy/international_policy/gaitame_kawase/gaitame/economic_sanctions/list.html,https://www.mof.go.jp/policy/international_policy/gaitame_kawase/gaitame/economic_sanctions/list.html,list.html,,,,,,0,0,,
2026-09-16T06:50:46Z,mof,list_file,unchanged,304,"""3225f7-65b083d71d440""","Wed, 09 Sep 2026 08:00:09 GMT",c46ccaf88a98ab9c4209c4032c91190fa740ac106767fe32331879d73de99d03,令和8年9月10日,https://www.mof.go.jp/policy/international_policy/gaitame_kawase/gaitame/economic_sanctions/shisantouketsu20260910.csv,https://www.mof.go.jp/policy/international_policy/gaitame_kawase/gaitame/economic_sanctions/shisantouketsu20260910.csv,shisantouketsu20260910.csv,,14743,,,,0,0,,
2026-09-16T06:50:46Z,meti,index_page,blocked,403,"W/""c3bb143a530e398af9a1c1a440f0189c""","Mon, 24 Aug 2026 07:11:49 GMT",,,https://www.meti.go.jp/policy/anpo/law09.html,https://www.meti.go.jp/policy/anpo/law09.html,,,,,,,1,0,HTTPError,403 Client Error: Forbidden for url: https://www.meti.go.jp/policy/anpo/law09.html
2026-09-16T07:31:44Z,ofac_sdn,classic_primary,unchanged,304,"""f05f199ed0ece8c03dd3e59616a98c56""","Mon, 14 Sep 2026 18:35:48 GMT",1ac8e3cbbb07ba74d799e53297c97c814dd57630ce2700fcd27902e20183fa79,"Mon, 14 Sep 2026 18:35:46 GMT",https://sanctionslistservice.ofac.treas.gov/api/download/SDN.CSV,https://wc2h-sls-prod-public-published.s3.us-gov-west-1.amazonaws.com/Published/0ddbea01-d432-49b0-844a-df5fbd1e579e/2026-09-11/fcbc841e-fa83-4457-9acc-25d2cf56aaab/SDN.CSV,sdn.csv,,89529,,,,0,0,,
2026-09-16T07:31:44Z,ofac_sdn,classic_alias,unchanged,304,"""bc3bb5c0276f13699ab0a1c16f73f3a9""","Mon, 14 Sep 2026 18:35:49 GMT",fa40fd1d5143e534477735ca01f03d3bec190dcbb549c1c9685361817c71852c,"Mon, 14 Sep 2026 18:35:46 GMT",https://sanctionslistservice.ofac.treas.gov/api/download/ALT.CSV,https://wc2h-sls-prod-public-published.s3.us-gov-west-1.amazonaws.com/Published/0ddbea01-d432-49b0-844a-df5fbd1e579e/2026-09-11/fcbc841e-fa83-4457-9acc-25d2cf56aaab/ALT.CSV,,,89529,,,,0,0,,
2026-09-16T07:31:44Z,ofac_sdn,advanced_xml,unchanged,304,"""6ae4860420a3e4ff11676b508679d863""","Mon, 14 Sep 2026 18:35:46 GMT",3154ed8f492f5645c4197da60abec0b22534c55ee87e20bf415a0ac7d58b8b2b,"Mon, 14 Sep 2026 18:35:46 GMT",https://sanctionslistservice.ofac.treas.gov/api/PublicationPreview/exports/SDN_ADVANCED.XML,https://wc2h-sls-prod-public-published.s3.us-gov-west-1.amazonaws.com/Published/0ddbea01-d432-49b0-844a-df5fbd1e579e/2026-09-11/fcbc841e-fa83-4457-9acc-25d2cf56aaab/SDN_ADVANCED.XML,,,89529,,,,0,0,,
2026-09-16T07:31:44Z,ofac_cons,classic_primary,unchanged,304,"""80380f3c66df3c970e311a0f0dd7eea6""","Mon, 14 Sep 2026 18:35:48 GMT",0a3b74f6eb28450a9993b42a234c1801471d4dcb41220f6a7b8e466575bc3889,"Mon, 14 Sep 2026 18:35:48 GMT",https://sanctionslistservice.ofac.treas.gov/api/download/CONS_PRIM.CSV,https://wc2h-sls-prod-public-published.s3.us-gov-west-1.amazonaws.com/Published/0ddbea01-d432-49b0-844a-df5fbd1e579e/2026-09-11/fcbc841e-fa83-4457-9acc-25d2cf56aaab/CONS_PRIM.CSV,cons_prim.csv,,3371,,,,0,0,,
2026-09-16T07:31:44Z,ofac_cons,classic_alias,unchanged,304,"""fc2d781c5c00004bb5f02174eddc1ba2""","Mon, 14 Sep 2026 18:35:49 GMT",ee4e86b664c7a11aacd0fe227f35336cff3467602bb9607653bb4ce193811474,"Mon, 14 Sep 2026 18:35:48 GMT",https://sanctionslistservice.ofac.treas.gov/api/download/CONS_ALT.CSV,https://wc2h-sls-prod-public-published.s3.us-gov-west-1.amazonaws.com/Published/0ddbea01-d432-49b0-844a-df5fbd1e579e/2026-09-11/fcbc841e-fa83-4457-9acc-25d2cf56aaab/CONS_ALT.CSV,,,3371,,,,0,0,,
2026-09-16T07:31:44Z,ofac_cons,advanced_xml,unchanged,304,"""a27e7477b51d72ea79ace3e20811fbeb""","Mon, 14 Sep 2026 18:35:48 GMT",43033832780a55ed4b3c28291184b60dc63242082c223dd83702a014d5825a65,"Mon, 14 Sep 2026 18:35:48 GMT",https://sanctionslistservice.ofac.treas.gov/api/PublicationPreview/exports/CONS_ADVANCED.XML,https://wc2h-sls-prod-public-published.s3.us-gov-west-1.amazonaws.com/Published/0ddbea01-d432-49b0-844a-df5fbd1e579e/2026-09-11/fcbc841e-fa83-4457-9acc-25d2cf56aaab/CONS_ADVANCED.XML,,,3371,,,,0,0,,
2026-09-16T08:32:59Z,ofac_sdn,classic_primary,unchanged,304,"""f05f199ed0ece8c03dd3e59616a98c56""","Mon, 14 Sep 2026 18:35:48 GMT",1ac8e3cbbb07ba74d799e53297c97c814dd57630ce2700fcd27902e20183fa79,"Mon, 14 Sep 2026 18:35:46 GMT",https://sanctionslistservice.ofac.treas.gov/api/download/SDN.CSV,https://wc2h-sls-prod-public-published.s3.us-gov-west-1.amazonaws.com/Published/0ddbea01-d432-49b0-844a-df5fbd1e579e/2026-09-11/fcbc841e-fa83-4457-9acc-25d2cf56aaab/SDN.CSV,sdn.csv,,89529,,,,0,0,,
2026-09-16T08:32:59Z,ofac_sdn,classic_alias,unchanged,304,"""bc3bb5c0276f13699ab0a1c16f73f3a9""","Mon, 14 Sep 2026 18:35:49 GMT",fa40fd1d5143e534477735ca01f03d3bec190dcbb549c1c9685361817c71852c,"Mon, 14 Sep 2026 18:35:46 GMT",https://sanctionslistservice.ofac.treas.gov/api/download/ALT.CSV,https://wc2h-sls-prod-public-published.s3.us-gov-west-1.amazonaws.com/Published/0ddbea01-d432-49b0-844a-df5fbd1e579e/2026-09-11/fcbc841e-fa83-4457-9acc-25d2cf56aaab/ALT.CSV,,,89529,,,,0,0,,
2026-09-16T08:32:59Z,ofac_sdn,advanced_xml,unchanged,304,"""6ae4860420a3e4ff11676b508679d863""","Mon, 14 Sep 2026 18:35:46 GMT",3154ed8f492f5645c4197da60abec0b22534c55ee87e20bf415a0ac7d58b8b2b,"Mon, 14 Sep 2026 18:35:46 GMT",https://sanctionslistservice.ofac.treas.gov/api/PublicationPreview/exports/SDN_ADVANCED.XML,https://wc2h-sls-prod-public-published.s3.us-gov-west-1.amazonaws.com/Published/0ddbea01-d432-49b0-844a-df5fbd1e579e/2026-09-11/fcbc841e-fa83-4457-9acc-25d2cf56aaab/SDN_ADVANCED.XML,,,89529,,,,0,0,,
2026-09-16T08:32:59Z,ofac_cons,classic_primary,unchanged,304,"""80380f3c66df3c970e311a0f0dd7eea6""","Mon, 14 Sep 2026 18:35:48 GMT",0a3b74f6eb28450a9993b42a234c1801471d4dcb41220f6a7b8e466575bc3889,"Mon, 14 Sep 2026 18:35:48 GMT",https://sanctionslistservice.ofac.treas.gov/api/download/CONS_PRIM.CSV,https://wc2h-sls-prod-public-published.s3.us-gov-west-1.amazonaws.com/Published/0ddbea01-d432-49b0-844a-df5fbd1e579e/2026-09-11/fcbc841e-fa83-4457-9acc-25d2cf56aaab/CONS_PRIM.CSV,cons_prim.csv,,3371,,,,0,0,,
2026-09-16T08:32:59Z,ofac_cons,classic_alias,unchanged,304,"""fc2d781c5c00004bb5f02174eddc1ba2""","Mon, 14 Sep 2026 18:35:49 GMT",ee4e86b664c7a11aacd0fe227f35336cff3467602bb9607653bb4ce193811474,"Mon, 14 Sep 2026 18:35:48 GMT",https://sanctionslistservice.ofac.treas.gov/api/download/CONS_ALT.CSV,https://wc2h-sls-prod-public-published.s3.us-gov-west-1.amazonaws.com/Published/0ddbea01-d432-49b0-844a-df5fbd1e579e/2026-09-11/fcbc841e-fa83-4457-9acc-25d2cf56aaab/CONS_ALT.CSV,,,3371,,,,0,0,,
2026-09-16T08:32:59Z,ofac_cons,advanced_xml,unchanged,304,"""a27e7477b51d72ea79ace3e20811fbeb""","Mon, 14 Sep 2026 18:35:48 GMT",43033832780a55ed4b3c28291184b60dc63242082c223dd83702a014d5825a65,"Mon, 14 Sep 2026 18:35:48 GMT",https://sanctionslistservice.ofac.treas.gov/api/PublicationPreview/exports/CONS_ADVANCED.XML,https://wc2h-sls-prod-public-published.s3.us-gov-west-1.amazonaws.com/Published/0ddbea01-d432-49b0-844a-df5fbd1e579e/2026-09-11/fcbc841e-fa83-4457-9acc-25d2cf56aaab/CONS_ADVANCED.XML,,,3371,,,,0,0,,
2026-09-16T09:31:07Z,ofac_sdn,classic_primary,unchanged,304,"""f05f199ed0ece8c03dd3e59616a98c56""","Mon, 14 Sep 2026 18:35:48 GMT",1ac8e3cbbb07ba74d799e53297c97c814dd57630ce2700fcd27902e20183fa79,"Mon, 14 Sep 2026 18:35:46 GMT",https://sanctionslistservice.ofac.treas.gov/api/download/SDN.CSV,https://wc2h-sls-prod-public-published.s3.us-gov-west-1.amazonaws.com/Published/0ddbea01-d432-49b0-844a-df5fbd1e579e/2026-09-11/fcbc841e-fa83-4457-9acc-25d2cf56aaab/SDN.CSV,sdn.csv,,89529,,,,0,0,,
2026-09-16T09:31:07Z,ofac_sdn,classic_alias,unchanged,304,"""bc3bb5c0276f13699ab0a1c16f73f3a9""","Mon, 14 Sep 2026 18:35:49 GMT",fa40fd1d5143e534477735ca01f03d3bec190dcbb549c1c9685361817c71852c,"Mon, 14 Sep 2026 18:35:46 GMT",https://sanctionslistservice.ofac.treas.gov/api/download/ALT.CSV,https://wc2h-sls-prod-public-published.s3.us-gov-west-1.amazonaws.com/Published/0ddbea01-d432-49b0-844a-df5fbd1e579e/2026-09-11/fcbc841e-fa83-4457-9acc-25d2cf56aaab/ALT.CSV,,,89529,,,,0,0,,
2026-09-16T09:31:07Z,ofac_sdn,advanced_xml,unchanged,304,"""6ae4860420a3e4ff11676b508679d863""","Mon, 14 Sep 2026 18:35:46 GMT",3154ed8f492f5645c4197da60abec0b22534c55ee87e20bf415a0ac7d58b8b2b,"Mon, 14 Sep 2026 18:35:46 GMT",https://sanctionslistservice.ofac.treas.gov/api/PublicationPreview/exports/SDN_ADVANCED.XML,https://wc2h-sls-prod-public-published.s3.us-gov-west-1.amazonaws.com/Published/0ddbea01-d432-49b0-844a-df5fbd1e579e/2026-09-11/fcbc841e-fa83-4457-9acc-25d2cf56aaab/SDN_ADVANCED.XML,,,89529,,,,0,0,,
2026-09-16T09:31:07Z,ofac_cons,classic_primary,unchanged,304,"""80380f3c66df3c970e311a0f0dd7eea6""","Mon, 14 Sep 2026 18:35:48 GMT",0a3b74f6eb28450a9993b42a234c1801471d4dcb41220f6a7b8e466575bc3889,"Mon, 14 Sep 2026 18:35:48 GMT",https://sanctionslistservice.ofac.treas.gov/api/download/CONS_PRIM.CSV,https://wc2h-sls-prod-public-published.s3.us-gov-west-1.amazonaws.com/Published/0ddbea01-d432-49b0-844a-df5fbd1e579e/2026-09-11/fcbc841e-fa83-4457-9acc-25d2cf56aaab/CONS_PRIM.CSV,cons_prim.csv,,3371,,,,0,0,,
2026-09-16T09:31:07Z,ofac_cons,classic_alias,unchanged,304,"""fc2d781c5c00004bb5f02174eddc1ba2""","Mon, 14 Sep 2026 18:35:49 GMT",ee4e86b664c7a11aacd0fe227f35336cff3467602bb9607653bb4ce193811474,"Mon, 14 Sep 2026 18:35:48 GMT",https://sanctionslistservice.ofac.treas.gov/api/download/CONS_ALT.CSV,https://wc2h-sls-prod-public-published.s3.us-gov-west-1.amazonaws.com/Published/0ddbea01-d432-49b0-844a-df5fbd1e579e/2026-09-11/fcbc841e-fa83-4457-9acc-25d2cf56aaab/CONS_ALT.CSV,,,3371,,,,0,0,,
2026-09-16T09:31:07Z,ofac_cons,advanced_xml,unchanged,304,"""a27e7477b51d72ea79ace3e20811fbeb""","Mon, 14 Sep 2026 18:35:48 GMT",43033832780a55ed4b3c28291184b60dc63242082c223dd83702a014d5825a65,"Mon, 14 Sep 2026 18:35:48 GMT",https://sanctionslistservice.ofac.treas.gov/api/PublicationPreview/exports/CONS_ADVANCED.XML,https://wc2h-sls-prod-public-published.s3.us-gov-west-1.amazonaws.com/Published/0ddbea01-d432-49b0-844a-df5fbd1e579e/2026-09-11/fcbc841e-fa83-4457-9acc-25d2cf56aaab/CONS_ADVANCED.XML,,,3371,,,,0,0,,
2026-09-16T10:31:36Z,ofac_sdn,classic_primary,unchanged,304,"""f05f199ed0ece8c03dd3e59616a98c56""","Mon, 14 Sep 2026 18:35:48 GMT",1ac8e3cbbb07ba74d799e53297c97c814dd57630ce2700fcd27902e20183fa79,"Mon, 14 Sep 2026 18:35:46 GMT",https://sanctionslistservice.ofac.treas.gov/api/download/SDN.CSV,https://wc2h-sls-prod-public-published.s3.us-gov-west-1.amazonaws.com/Published/0ddbea01-d432-49b0-844a-df5fbd1e579e/2026-09-11/fcbc841e-fa83-4457-9acc-25d2cf56aaab/SDN.CSV,sdn.csv,,89529,,,,0,0,,
2026-09-16T10:31:36Z,ofac_sdn,classic_alias,unchanged,304,"""bc3bb5c0276f13699ab0a1c16f73f3a9""","Mon, 14 Sep 2026 18:35:49 GMT",fa40fd1d5143e534477735ca01f03d3bec190dcbb549c1c9685361817c71852c,"Mon, 14 Sep 2026 18:35:46 GMT",https://sanctionslistservice.ofac.treas.gov/api/download/ALT.CSV,https://wc2h-sls-prod-public-published.s3.us-gov-west-1.amazonaws.com/Published/0ddbea01-d432-49b0-844a-df5fbd1e579e/2026-09-11/fcbc841e-fa83-4457-9acc-25d2cf56aaab/ALT.CSV,,,89529,,,,0,0,,
2026-09-16T10:31:36Z,ofac_sdn,advanced_xml,unchanged,304,"""6ae4860420a3e4ff11676b508679d863""","Mon, 14 Sep 2026 18:35:46 GMT",3154ed8f492f5645c4197da60abec0b22534c55ee87e20bf415a0ac7d58b8b2b,"Mon, 14 Sep 2026 18:35:46 GMT",https://sanctionslistservice.ofac.treas.gov/api/PublicationPreview/exports/SDN_ADVANCED.XML,https://wc2h-sls-prod-public-published.s3.us-gov-west-1.amazonaws.com/Published/0ddbea01-d432-49b0-844a-df5fbd1e579e/2026-09-11/fcbc841e-fa83-4457-9acc-25d2cf56aaab/SDN_ADVANCED.XML,,,89529,,,,0,0,,
2026-09-16T10:31:36Z,ofac_cons,classic_primary,unchanged,304,"""80380f3c66df3c970e311a0f0dd7eea6""","Mon, 14 Sep 2026 18:35:48 GMT",0a3b74f6eb28450a9993b42a234c1801471d4dcb41220f6a7b8e466575bc3889,"Mon, 14 Sep 2026 18:35:48 GMT",https://sanctionslistservice.ofac.treas.gov/api/download/CONS_PRIM.CSV,https://wc2h-sls-prod-public-published.s3.us-gov-west-1.amazonaws.com/Published/0ddbea01-d432-49b0-844a-df5fbd1e579e/2026-09-11/fcbc841e-fa83-4457-9acc-25d2cf56aaab/CONS_PRIM.CSV,cons_prim.csv,,3371,,,,0,0,,
2026-09-16T10:31:36Z,ofac_cons,classic_alias,unchanged,304,"""fc2d781c5c00004bb5f02174eddc1ba2""","Mon, 14 Sep 2026 18:35:49 GMT",ee4e86b664c7a11aacd0fe227f35336cff3467602bb9607653bb4ce193811474,"Mon, 14 Sep 2026 18:35:48 GMT",https://sanctionslistservice.ofac.treas.gov/api/download/CONS_ALT.CSV,https://wc2h-sls-prod-public-published.s3.us-gov-west-1.amazonaws.com/Published/0ddbea01-d432-49b0-844a-df5fbd1e579e/2026-09-11/fcbc841e-fa83-4457-9acc-25d2cf56aaab/CONS_ALT.CSV,,,3371,,,,0,0,,
2026-09-16T10:31:36Z,ofac_cons,advanced_xml,unchanged,304,"""a27e7477b51d72ea79ace3e20811fbeb""","Mon, 14 Sep 2026 18:35:48 GMT",43033832780a55ed4b3c28291184b60dc63242082c223dd83702a014d5825a65,"Mon, 14 Sep 2026 18:35:48 GMT",https://sanctionslistservice.ofac.treas.gov/api/PublicationPreview/exports/CONS_ADVANCED.XML,https://wc2h-sls-prod-public-published.s3.us-gov-west-1.amazonaws.com/Published/0ddbea01-d432-49b0-844a-df5fbd1e579e/2026-09-11/fcbc841e-fa83-4457-9acc-25d2cf56aaab/CONS_ADVANCED.XML,,,3371,,,,0,0,,
2026-09-16T11:30:40Z,ofac_sdn,classic_primary,unchanged,304,"""f05f199ed0ece8c03dd3e59616a98c56""","Mon, 14 Sep 2026 18:35:48 GMT",1ac8e3cbbb07ba74d799e53297c97c814dd57630ce2700fcd27902e20183fa79,"Mon, 14 Sep 2026 18:35:46 GMT",https://sanctionslistservice.ofac.treas.gov/api/download/SDN.CSV,https://wc2h-sls-prod-public-published.s3.us-gov-west-1.amazonaws.com/Published/0ddbea01-d432-49b0-844a-df5fbd1e579e/2026-09-11/fcbc841e-fa83-4457-9acc-25d2cf56aaab/SDN.CSV,sdn.csv,,89529,,,,0,0,,
2026-09-16T11:30:40Z,ofac_sdn,classic_alias,unchanged,304,"""bc3bb5c0276f13699ab0a1c16f73f3a9""","Mon, 14 Sep 2026 18:35:49 GMT",fa40fd1d5143e534477735ca01f03d3bec190dcbb549c1c9685361817c71852c,"Mon, 14 Sep 2026 18:35:46 GMT",https://sanctionslistservice.ofac.treas.gov/api/download/ALT.CSV,https://wc2h-sls-prod-public-published.s3.us-gov-west-1.amazonaws.com/Published/0ddbea01-d432-49b0-844a-df5fbd1e579e/2026-09-11/fcbc841e-fa83-4457-9acc-25d2cf56aaab/ALT.CSV,,,89529,,,,0,0,,
2026-09-16T11:30:40Z,ofac_sdn,advanced_xml,unchanged,304,"""6ae4860420a3e4ff11676b508679d863""","Mon, 14 Sep 2026 18:35:46 GMT",3154ed8f492f5645c4197da60abec0b22534c55ee87e20bf415a0ac7d58b8b2b,"Mon, 14 Sep 2026 18:35:46 GMT",https://sanctionslistservice.ofac.treas.gov/api/PublicationPreview/exports/SDN_ADVANCED.XML,https://wc2h-sls-prod-public-published.s3.us-gov-west-1.amazonaws.com/Published/0ddbea01-d432-49b0-844a-df5fbd1e579e/2026-09-11/fcbc841e-fa83-4457-9acc-25d2cf56aaab/SDN_ADVANCED.XML,,,89529,,,,0,0,,
2026-09-16T11:30:40Z,ofac_cons,classic_primary,unchanged,304,"""80380f3c66df3c970e311a0f0dd7eea6""","Mon, 14 Sep 2026 18:35:48 GMT",0a3b74f6eb28450a9993b42a234c1801471d4dcb41220f6a7b8e466575bc3889,"Mon, 14 Sep 2026 18:35:48 GMT",https://sanctionslistservice.ofac.treas.gov/api/download/CONS_PRIM.CSV,https://wc2h-sls-prod-public-published.s3.us-gov-west-1.amazonaws.com/Published/0ddbea01-d432-49b0-844a-df5fbd1e579e/2026-09-11/fcbc841e-fa83-4457-9acc-25d2cf56aaab/CONS_PRIM.CSV,cons_prim.csv,,3371,,,,0,0,,
2026-09-16T11:30:40Z,ofac_cons,classic_alias,unchanged,304,"""fc2d781c5c00004bb5f02174eddc1ba2""","Mon, 14 Sep 2026 18:35:49 GMT",ee4e86b664c7a11aacd0fe227f35336cff3467602bb9607653bb4ce193811474,"Mon, 14 Sep 2026 18:35:48 GMT",https://sanctionslistservice.ofac.treas.gov/api/download/CONS_ALT.CSV,https://wc2h-sls-prod-public-published.s3.us-gov-west-1.amazonaws.com/Published/0ddbea01-d432-49b0-844a-df5fbd1e579e/2026-09-11/fcbc841e-fa83-4457-9acc-25d2cf56aaab/CONS_ALT.CSV,,,3371,,,,0,0,,
2026-09-16T11:30:40Z,ofac_cons,advanced_xml,unchanged,304,"""a27e7477b51d72ea79ace3e20811fbeb""","Mon, 14 Sep 2026 18:35:48 GMT",43033832780a55ed4b3c28291184b60dc63242082c223dd83702a014d5825a65,"Mon, 14 Sep 2026 18:35:48 GMT",https://sanctionslistservice.ofac.treas.gov/api/PublicationPreview/exports/CONS_ADVANCED.XML,https://wc2h-sls-prod-public-published.s3.us-gov-west-1.amazonaws.com/Published/0ddbea01-d432-49b0-844a-df5fbd1e579e/2026-09-11/fcbc841e-fa83-4457-9acc-25d2cf56aaab/CONS_ADVANCED.XML,,,3371,,,,0,0,,
2026-09-16T12:37:25Z,ofac_sdn,classic_primary,unchanged,304,"""f05f199ed0ece8c03dd3e59616a98c56""","Mon, 14 Sep 2026 18:35:48 GMT",1ac8e3cbbb07ba74d799e53297c97c814dd57630ce2700fcd27902e20183fa79,"Mon, 14 Sep 2026 18:35:46 GMT",https://sanctionslistservice.ofac.treas.gov/api/download/SDN.CSV,https://wc2h-sls-prod-public-published.s3.us-gov-west-1.amazonaws.com/Published/0ddbea01-d432-49b0-844a-df5fbd1e579e/2026-09-11/fcbc841e-fa83-4457-9acc-25d2cf56aaab/SDN.CSV,sdn.csv,,89529,,,,0,0,,
2026-09-16T12:37:25Z,ofac_sdn,classic_alias,unchanged,304,"""bc3bb5c0276f13699ab0a1c16f73f3a9""","Mon, 14 Sep 2026 18:35:49 GMT",fa40fd1d5143e534477735ca01f03d3bec190dcbb549c1c9685361817c71852c,"Mon, 14 Sep 2026 18:35:46 GMT",https://sanctionslistservice.ofac.treas.gov/api/download/ALT.CSV,https://wc2h-sls-prod-public-published.s3.us-gov-west-1.amazonaws.com/Published/0ddbea01-d432-49b0-844a-df5fbd1e579e/2026-09-11/fcbc841e-fa83-4457-9acc-25d2cf56aaab/ALT.CSV,,,89529,,,,0,0,,
2026-09-16T12:37:25Z,ofac_sdn,advanced_xml,unchanged,304,"""6ae4860420a3e4ff11676b508679d863""","Mon, 14 Sep 2026 18:35:46 GMT",3154ed8f492f5645c4197da60abec0b22534c55ee87e20bf415a0ac7d58b8b2b,"Mon, 14 Sep 2026 18:35:46 GMT",https://sanctionslistservice.ofac.treas.gov/api/PublicationPreview/exports/SDN_ADVANCED.XML,https://wc2h-sls-prod-public-published.s3.us-gov-west-1.amazonaws.com/Published/0ddbea01-d432-49b0-844a-df5fbd1e579e/2026-09-11/fcbc841e-fa83-4457-9acc-25d2cf56aaab/SDN_ADVANCED.XML,,,89529,,,,0,0,,
2026-09-16T12:37:25Z,ofac_cons,classic_primary,unchanged,304,"""80380f3c66df3c970e311a0f0dd7eea6""","Mon, 14 Sep 2026 18:35:48 GMT",0a3b74f6eb28450a9993b42a234c1801471d4dcb41220f6a7b8e466575bc3889,"Mon, 14 Sep 2026 18:35:48 GMT",https://sanctionslistservice.ofac.treas.gov/api/download/CONS_PRIM.CSV,https://wc2h-sls-prod-public-published.s3.us-gov-west-1.amazonaws.com/Published/0ddbea01-d432-49b0-844a-df5fbd1e579e/2026-09-11/fcbc841e-fa83-4457-9acc-25d2cf56aaab/CONS_PRIM.CSV,cons_prim.csv,,3371,,,,0,0,,
2026-09-16T12:37:25Z,ofac_cons,classic_alias,unchanged,304,"""fc2d781c5c00004bb5f02174eddc1ba2""","Mon, 14 Sep 2026 18:35:49 GMT",ee4e86b664c7a11aacd0fe227f35336cff3467602bb9607653bb4ce193811474,"Mon, 14 Sep 2026 18:35:48 GMT",https://sanctionslistservice.ofac.treas.gov/api/download/CONS_ALT.CSV,https://wc2h-sls-prod-public-published.s3.us-gov-west-1.amazonaws.com/Published/0ddbea01-d432-49b0-844a-df5fbd1e579e/2026-09-11/fcbc841e-fa83-4457-9acc-25d2cf56aaab/CONS_ALT.CSV,,,3371,,,,0,0,,
2026-09-16T12:37:25Z,ofac_cons,advanced_xml,unchanged,304,"""a27e7477b51d72ea79ace3e20811fbeb""","Mon, 14 Sep 2026 18:35:48 GMT",43033832780a55ed4b3c28291184b60dc63242082c223dd83702a014d5825a65,"Mon, 14 Sep 2026 18:35:48 GMT",https://sanctionslistservice.ofac.treas.gov/api/PublicationPreview/exports/CONS_ADVANCED.XML,https://wc2h-sls-prod-public-published.s3.us-gov-west-1.amazonaws.com/Published/0ddbea01-d432-49b0-844a-df5fbd1e579e/2026-09-11/fcbc841e-fa83-4457-9acc-25d2cf56aaab/CONS_ADVANCED.XML,,,3371,,,,0,0,,
2026-09-16T12:51:17Z,mof,index_page,fetched,200,"""a251-65b083d534fc0""","Wed, 09 Sep 2026 08:00:07 GMT",b08013111bf8981237c8de62827a0bd4751d33fb20c7758cfaa5ecf4e7f960e4,令和8年9月10日,https://www.mof.go.jp/policy/international_policy/gaitame_kawase/gaitame/economic_sanctions/list.html,https://www.mof.go.jp/policy/international_policy/gaitame_kawase/gaitame/economic_sanctions/list.html,list.html,,,,,,0,0,,
2026-09-16T12:51:17Z,mof,list_file,unchanged,304,"""3225f7-65b083d71d440""","Wed, 09 Sep 2026 08:00:09 GMT",c46ccaf88a98ab9c4209c4032c91190fa740ac106767fe32331879d73de99d03,令和8年9月10日,https://www.mof.go.jp/policy/international_policy/gaitame_kawase/gaitame/economic_sanctions/shisantouketsu20260910.csv,https://www.mof.go.jp/policy/international_policy/gaitame_kawase/gaitame/economic_sanctions/shisantouketsu20260910.csv,shisantouketsu20260910.csv,,14743,,,,0,0,,
2026-09-16T12:51:17Z,meti,index_page,blocked,403,"W/""c3bb143a530e398af9a1c1a440f0189c""","Mon, 24 Aug 2026 07:11:49 GMT",,,https://www.meti.go.jp/policy/anpo/law09.html,https://www.meti.go.jp/policy/anpo/law09.html,,,,,,,1,0,HTTPError,403 Client Error: Forbidden for url: https://www.meti.go.jp/policy/anpo/law09.html
2026-09-16T13:32:26Z,ofac_sdn,classic_primary,unchanged,304,"""f05f199ed0ece8c03dd3e59616a98c56""","Mon, 14 Sep 2026 18:35:48 GMT",1ac8e3cbbb07ba74d799e53297c97c814dd57630ce2700fcd27902e20183fa79,"Mon, 14 Sep 2026 18:35:46 GMT",https://sanctionslistservice.ofac.treas.gov/api/download/SDN.CSV,https://wc2h-sls-prod-public-published.s3.us-gov-west-1.amazonaws.com/Published/0ddbea01-d432-49b0-844a-df5fbd1e579e/2026-09-11/fcbc841e-fa83-4457-9acc-25d2cf56aaab/SDN.CSV,sdn.csv,,89529,,,,0,0,,
2026-09-16T13:32:26Z,ofac_sdn,classic_alias,unchanged,304,"""bc3bb5c0276f13699ab0a1c16f73f3a9""","Mon, 14 Sep 2026 18:35:49 GMT",fa40fd1d5143e534477735ca01f03d3bec190dcbb549c1c9685361817c71852c,"Mon, 14 Sep 2026 18:35:46 GMT",https://sanctionslistservice.ofac.treas.gov/api/download/ALT.CSV,https://wc2h-sls-prod-public-published.s3.us-gov-west-1.amazonaws.com/Published/0ddbea01-d432-49b0-844a-df5fbd1e579e/2026-09-11/fcbc841e-fa83-4457-9acc-25d2cf56aaab/ALT.CSV,,,89529,,,,0,0,,
2026-09-16T13:32:26Z,ofac_sdn,advanced_xml,unchanged,304,"""6ae4860420a3e4ff11676b508679d863""","Mon, 14 Sep 2026 18:35:46 GMT",3154ed8f492f5645c4197da60abec0b22534c55ee87e20bf415a0ac7d58b8b2b,"Mon, 14 Sep 2026 18:35:46 GMT",https://sanctionslistservice.ofac.treas.gov/api/PublicationPreview/exports/SDN_ADVANCED.XML,https://wc2h-sls-prod-public-published.s3.us-gov-west-1.amazonaws.com/Published/0ddbea01-d432-49b0-844a-df5fbd1e579e/2026-09-11/fcbc841e-fa83-4457-9acc-25d2cf56aaab/SDN_ADVANCED.XML,,,89529,,,,0,0,,
2026-09-16T13:32:26Z,ofac_cons,classic_primary,unchanged,304,"""80380f3c66df3c970e311a0f0dd7eea6""","Mon, 14 Sep 2026 18:35:48 GMT",0a3b74f6eb28450a9993b42a234c1801471d4dcb41220f6a7b8e466575bc3889,"Mon, 14 Sep 2026 18:35:48 GMT",https://sanctionslistservice.ofac.treas.gov/api/download/CONS_PRIM.CSV,https://wc2h-sls-prod-public-published.s3.us-gov-west-1.amazonaws.com/Published/0ddbea01-d432-49b0-844a-df5fbd1e579e/2026-09-11/fcbc841e-fa83-4457-9acc-25d2cf56aaab/CONS_PRIM.CSV,cons_prim.csv,,3371,,,,0,0,,
2026-09-16T13:32:26Z,ofac_cons,classic_alias,unchanged,304,"""fc2d781c5c00004bb5f02174eddc1ba2""","Mon, 14 Sep 2026 18:35:49 GMT",ee4e86b664c7a11aacd0fe227f35336cff3467602bb9607653bb4ce193811474,"Mon, 14 Sep 2026 18:35:48 GMT",https://sanctionslistservice.ofac.treas.gov/api/download/CONS_ALT.CSV,https://wc2h-sls-prod-public-published.s3.us-gov-west-1.amazonaws.com/Published/0ddbea01-d432-49b0-844a-df5fbd1e579e/2026-09-11/fcbc841e-fa83-4457-9acc-25d2cf56aaab/CONS_ALT.CSV,,,3371,,,,0,0,,
2026-09-16T13:32:26Z,ofac_cons,advanced_xml,unchanged,304,"""a27e7477b51d72ea79ace3e20811fbeb""","Mon, 14 Sep 2026 18:35:48 GMT",43033832780a55ed4b3c28291184b60dc63242082c223dd83702a014d5825a65,"Mon, 14 Sep 2026 18:35:48 GMT",https://sanctionslistservice.ofac.treas.gov/api/PublicationPreview/exports/CONS_ADVANCED.XML,https://wc2h-sls-prod-public-published.s3.us-gov-west-1.amazonaws.com/Published/0ddbea01-d432-49b0-844a-df5fbd1e579e/2026-09-11/fcbc841e-fa83-4457-9acc-25d2cf56aaab/CONS_ADVANCED.XML,,,3371,,,,0,0,,
2026-09-16T18:48:24Z,mof,index_page,fetched,200,"""a251-65b083d534fc0""","Wed, 09 Sep 2026 08:00:07 GMT",82f4107a94be630cffe24008e4c9dedee86bec521c246464d711897ab2a6a510,令和8年9月10日,https://www.mof.go.jp/policy/international_policy/gaitame_kawase/gaitame/economic_sanctions/list.html,https://www.mof.go.jp/policy/international_policy/gaitame_kawase/gaitame/economic_sanctions/list.html,list.html,,,,,,0,0,,
2026-09-16T18:48:24Z,mof,list_file,unchanged,304,"""3225f7-65b083d71d440""","Wed, 09 Sep 2026 08:00:09 GMT",c46ccaf88a98ab9c4209c4032c91190fa740ac106767fe32331879d73de99d03,令和8年9月10日,https://www.mof.go.jp/policy/international_policy/gaitame_kawase/gaitame/economic_sanctions/shisantouketsu20260910.csv,https://www.mof.go.jp/policy/international_policy/gaitame_kawase/gaitame/economic_sanctions/shisantouketsu20260910.csv,shisantouketsu20260910.csv,,14743,,,,0,0,,
2026-09-16T18:48:24Z,meti,index_page,blocked,403,"W/""c3bb143a530e398af9a1c1a440f0189c""","Mon, 24 Aug 2026 07:11:49 GMT",,,https://www.meti.go.jp/policy/anpo/law09.html,https://www.meti.go.jp/policy/anpo/law09.html,,,,,,,1,0,HTTPError,403 Client Error: Forbidden for url: https://www.meti.go.jp/policy/anpo/law09.html
2026-09-17T00:50:23Z,mof,index_page,fetched,200,"""a251-65b083d534fc0""","Wed, 09 Sep 2026 08:00:07 GMT",e471fae6e287aef3f638ee202fb95d792cfc9ed46075b6dce517acba7cb2e821,令和8年9月10日,https://www.mof.go.jp/policy/international_policy/gaitame_kawase/gaitame/economic_sanctions/list.html,https://www.mof.go.jp/policy/international_policy/gaitame_kawase/gaitame/economic_sanctions/list.html,list.html,,,,,,0,0,,
2026-09-17T00:50:23Z,mof,list_file,unchanged,304,"""3225f7-65b083d71d440""","Wed, 09 Sep 2026 08:00:09 GMT",c46ccaf88a98ab9c4209c4032c91190fa740ac106767fe32331879d73de99d03,令和8年9月10日,https://www.mof.go.jp/policy/international_policy/gaitame_kawase/gaitame/economic_sanctions/shisantouketsu20260910.csv,https://www.mof.go.jp/policy/international_policy/gaitame_kawase/gaitame/economic_sanctions/shisantouketsu20260910.csv,shisantouketsu20260910.csv,,14743,,,,0,0,,
2026-09-17T00:50:23Z,meti,index_page,blocked,403,"W/""c3bb143a530e398af9a1c1a440f0189c""","Mon, 24 Aug 2026 07:11:49 GMT",,,https://www.meti.go.jp/policy/anpo/law09.html,https://www.meti.go.jp/policy/anpo/law09.html,,,,,,,1,0,HTTPError,403 Client Error: Forbidden for url: https://www.meti.go.jp/policy/anpo/law09.html
2026-09-17T01:58:51Z,ofac_sdn,classic_primary,fetched,200,"""962c2a9c35ead5c484b0695680fb61ea""","Wed, 16 Sep 2026 14:03:32 GMT",f4424647eb39496c234a1586ef1af11f9d202813aaac732f3ceeaba21bed0884,,https://sanctionslistservice.ofac.treas.gov/api/download/SDN.CSV,https://wc2h-sls-prod-public-published.s3.us-gov-west-1.amazonaws.com/Published/b2c014fc-2da0-445e-b154-0e9cebee623c/2026-09-15/8fad8400-ad57-46b5-a8a9-9882be8a46f3/SDN.CSV,sdn.csv,,,,,,0,0,,
2026-09-17T01:58:51Z,ofac_sdn,classic_alias,fetched,200,"""51f3a799963720051427fb71977c06ed""","Wed, 16 Sep 2026 14:03:32 GMT",fa40fd1d5143e534477735ca01f03d3bec190dcbb549c1c9685361817c71852c,,https://sanctionslistservice.ofac.treas.gov/api/download/ALT.CSV,https://wc2h-sls-prod-public-published.s3.us-gov-west-1.amazonaws.com/Published/b2c014fc-2da0-445e-b154-0e9cebee623c/2026-09-15/8fad8400-ad57-46b5-a8a9-9882be8a46f3/ALT.CSV,alt.csv,,,,,,0,0,,
2026-09-17T01:58:51Z,ofac_sdn,advanced_xml,fetched,200,"""41159c144211b087ebfc6aa415308ef6""","Wed, 16 Sep 2026 14:03:30 GMT",8f81d70e91b4481bd04ac0acebb896d9743095170250dda89c0704f579fab6b3,,https://sanctionslistservice.ofac.treas.gov/api/PublicationPreview/exports/SDN_ADVANCED.XML,https://wc2h-sls-prod-public-published.s3.us-gov-west-1.amazonaws.com/Published/b2c014fc-2da0-445e-b154-0e9cebee623c/2026-09-15/8fad8400-ad57-46b5-a8a9-9882be8a46f3/SDN_ADVANCED.XML,sdn_advanced.xml,,,,,,0,0,,
2026-09-17T01:58:51Z,ofac_sdn,validated_snapshot,validated,200,"""41159c144211b087ebfc6aa415308ef6""","Wed, 16 Sep 2026 14:03:30 GMT",8f81d70e91b4481bd04ac0acebb896d9743095170250dda89c0704f579fab6b3,"Wed, 16 Sep 2026 14:03:30 GMT",https://sanctionslistservice.ofac.treas.gov/api/PublicationPreview/exports/SDN_ADVANCED.XML,https://wc2h-sls-prod-public-published.s3.us-gov-west-1.amazonaws.com/Published/b2c014fc-2da0-445e-b154-0e9cebee623c/2026-09-15/8fad8400-ad57-46b5-a8a9-9882be8a46f3/SDN_ADVANCED.XML,sdn_advanced.xml,data/raw/ofac_sdn_advanced/20260917T015833Z__sdn_advanced.xml.gz,89523,,,,0,0,,
2026-09-17T01:58:51Z,ofac_cons,classic_primary,unchanged,200,"""7f41ad7857f6dbea19d5d1f8db8f096e""","Wed, 16 Sep 2026 14:03:32 GMT",0a3b74f6eb28450a9993b42a234c1801471d4dcb41220f6a7b8e466575bc3889,"Mon, 14 Sep 2026 18:35:48 GMT",https://sanctionslistservice.ofac.treas.gov/api/download/CONS_PRIM.CSV,https://wc2h-sls-prod-public-published.s3.us-gov-west-1.amazonaws.com/Published/b2c014fc-2da0-445e-b154-0e9cebee623c/2026-09-15/8fad8400-ad57-46b5-a8a9-9882be8a46f3/CONS_PRIM.CSV,cons_prim.csv,,3371,,,,0,0,,
2026-09-17T01:58:51Z,ofac_cons,classic_alias,unchanged,200,"""45451ce8674c00510670d1e9ad593632""","Wed, 16 Sep 2026 14:03:32 GMT",ee4e86b664c7a11aacd0fe227f35336cff3467602bb9607653bb4ce193811474,"Mon, 14 Sep 2026 18:35:48 GMT",https://sanctionslistservice.ofac.treas.gov/api/download/CONS_ALT.CSV,https://wc2h-sls-prod-public-published.s3.us-gov-west-1.amazonaws.com/Published/b2c014fc-2da0-445e-b154-0e9cebee623c/2026-09-15/8fad8400-ad57-46b5-a8a9-9882be8a46f3/CONS_ALT.CSV,cons_alt.csv,,3371,,,,0,0,,
2026-09-17T01:58:51Z,ofac_cons,advanced_xml,unchanged,200,"""3890e05c7f9aef8d4c6e825db8efa657""","Wed, 16 Sep 2026 14:03:31 GMT",43033832780a55ed4b3c28291184b60dc63242082c223dd83702a014d5825a65,"Mon, 14 Sep 2026 18:35:48 GMT",https://sanctionslistservice.ofac.treas.gov/api/PublicationPreview/exports/CONS_ADVANCED.XML,https://wc2h-sls-prod-public-published.s3.us-gov-west-1.amazonaws.com/Published/b2c014fc-2da0-445e-b154-0e9cebee623c/2026-09-15/8fad8400-ad57-46b5-a8a9-9882be8a46f3/CONS_ADVANCED.XML,cons_advanced.xml,,3371,,,,0,0,,
2026-09-17T01:58:51Z,ofac,party_removal_approval,approval_validated,,,,8f81d70e91b4481bd04ac0acebb896d9743095170250dda89c0704f579fab6b3,,https://ofac.treasury.gov/recent-actions/20260916,,,,3,,3,,0,0,,
2026-09-17T01:58:51Z,ofac,aggregate_merge,changed,,,,,,,,,,88274,0,5,0,0,0,,
2026-09-17T02:31:09Z,ofac_sdn,classic_primary,unchanged,304,"""962c2a9c35ead5c484b0695680fb61ea""","Wed, 16 Sep 2026 14:03:32 GMT",f4424647eb39496c234a1586ef1af11f9d202813aaac732f3ceeaba21bed0884,"Wed, 16 Sep 2026 14:03:30 GMT",https://sanctionslistservice.ofac.treas.gov/api/download/SDN.CSV,https://wc2h-sls-prod-public-published.s3.us-gov-west-1.amazonaws.com/Published/b2c014fc-2da0-445e-b154-0e9cebee623c/2026-09-15/8fad8400-ad57-46b5-a8a9-9882be8a46f3/SDN.CSV,sdn.csv,,89523,,,,0,0,,
2026-09-17T02:31:09Z,ofac_sdn,classic_alias,unchanged,304,"""51f3a799963720051427fb71977c06ed""","Wed, 16 Sep 2026 14:03:32 GMT",fa40fd1d5143e534477735ca01f03d3bec190dcbb549c1c9685361817c71852c,"Wed, 16 Sep 2026 14:03:30 GMT",https://sanctionslistservice.ofac.treas.gov/api/download/ALT.CSV,https://wc2h-sls-prod-public-published.s3.us-gov-west-1.amazonaws.com/Published/b2c014fc-2da0-445e-b154-0e9cebee623c/2026-09-15/8fad8400-ad57-46b5-a8a9-9882be8a46f3/ALT.CSV,,,89523,,,,0,0,,
2026-09-17T02:31:09Z,ofac_sdn,advanced_xml,unchanged,304,"""41159c144211b087ebfc6aa415308ef6""","Wed, 16 Sep 2026 14:03:30 GMT",8f81d70e91b4481bd04ac0acebb896d9743095170250dda89c0704f579fab6b3,"Wed, 16 Sep 2026 14:03:30 GMT",https://sanctionslistservice.ofac.treas.gov/api/PublicationPreview/exports/SDN_ADVANCED.XML,https://wc2h-sls-prod-public-published.s3.us-gov-west-1.amazonaws.com/Published/b2c014fc-2da0-445e-b154-0e9cebee623c/2026-09-15/8fad8400-ad57-46b5-a8a9-9882be8a46f3/SDN_ADVANCED.XML,,,89523,,,,0,0,,
2026-09-17T02:31:09Z,ofac_cons,classic_primary,unchanged,304,"""7f41ad7857f6dbea19d5d1f8db8f096e""","Wed, 16 Sep 2026 14:03:32 GMT",0a3b74f6eb28450a9993b42a234c1801471d4dcb41220f6a7b8e466575bc3889,"Mon, 14 Sep 2026 18:35:48 GMT",https://sanctionslistservice.ofac.treas.gov/api/download/CONS_PRIM.CSV,https://wc2h-sls-prod-public-published.s3.us-gov-west-1.amazonaws.com/Published/b2c014fc-2da0-445e-b154-0e9cebee623c/2026-09-15/8fad8400-ad57-46b5-a8a9-9882be8a46f3/CONS_PRIM.CSV,cons_prim.csv,,3371,,,,0,0,,
2026-09-17T02:31:09Z,ofac_cons,classic_alias,unchanged,304,"""45451ce8674c00510670d1e9ad593632""","Wed, 16 Sep 2026 14:03:32 GMT",ee4e86b664c7a11aacd0fe227f35336cff3467602bb9607653bb4ce193811474,"Mon, 14 Sep 2026 18:35:48 GMT",https://sanctionslistservice.ofac.treas.gov/api/download/CONS_ALT.CSV,https://wc2h-sls-prod-public-published.s3.us-gov-west-1.amazonaws.com/Published/b2c014fc-2da0-445e-b154-0e9cebee623c/2026-09-15/8fad8400-ad57-46b5-a8a9-9882be8a46f3/CONS_ALT.CSV,cons_alt.csv,,3371,,,,0,0,,
2026-09-17T02:31:09Z,ofac_cons,advanced_xml,unchanged,304,"""3890e05c7f9aef8d4c6e825db8efa657""","Wed, 16 Sep 2026 14:03:31 GMT",43033832780a55ed4b3c28291184b60dc63242082c223dd83702a014d5825a65,"Mon, 14 Sep 2026 18:35:48 GMT",https://sanctionslistservice.ofac.treas.gov/api/PublicationPreview/exports/CONS_ADVANCED.XML,https://wc2h-sls-prod-public-published.s3.us-gov-west-1.amazonaws.com/Published/b2c014fc-2da0-445e-b154-0e9cebee623c/2026-09-15/8fad8400-ad57-46b5-a8a9-9882be8a46f3/CONS_ADVANCED.XML,cons_advanced.xml,,3371,,,,0,0,,
2026-09-17T03:31:26Z,ofac_sdn,classic_primary,unchanged,304,"""962c2a9c35ead5c484b0695680fb61ea""","Wed, 16 Sep 2026 14:03:32 GMT",f4424647eb39496c234a1586ef1af11f9d202813aaac732f3ceeaba21bed0884,"Wed, 16 Sep 2026 14:03:30 GMT",https://sanctionslistservice.ofac.treas.gov/api/download/SDN.CSV,https://wc2h-sls-prod-public-published.s3.us-gov-west-1.amazonaws.com/Published/b2c014fc-2da0-445e-b154-0e9cebee623c/2026-09-15/8fad8400-ad57-46b5-a8a9-9882be8a46f3/SDN.CSV,sdn.csv,,89523,,,,0,0,,
2026-09-17T03:31:26Z,ofac_sdn,classic_alias,unchanged,304,"""51f3a799963720051427fb71977c06ed""","Wed, 16 Sep 2026 14:03:32 GMT",fa40fd1d5143e534477735ca01f03d3bec190dcbb549c1c9685361817c71852c,"Wed, 16 Sep 2026 14:03:30 GMT",https://sanctionslistservice.ofac.treas.gov/api/download/ALT.CSV,https://wc2h-sls-prod-public-published.s3.us-gov-west-1.amazonaws.com/Published/b2c014fc-2da0-445e-b154-0e9cebee623c/2026-09-15/8fad8400-ad57-46b5-a8a9-9882be8a46f3/ALT.CSV,,,89523,,,,0,0,,
2026-09-17T03:31:26Z,ofac_sdn,advanced_xml,unchanged,304,"""41159c144211b087ebfc6aa415308ef6""","Wed, 16 Sep 2026 14:03:30 GMT",8f81d70e91b4481bd04ac0acebb896d9743095170250dda89c0704f579fab6b3,"Wed, 16 Sep 2026 14:03:30 GMT",https://sanctionslistservice.ofac.treas.gov/api/PublicationPreview/exports/SDN_ADVANCED.XML,https://wc2h-sls-prod-public-published.s3.us-gov-west-1.amazonaws.com/Published/b2c014fc-2da0-445e-b154-0e9cebee623c/2026-09-15/8fad8400-ad57-46b5-a8a9-9882be8a46f3/SDN_ADVANCED.XML,,,89523,,,,0,0,,
2026-09-17T03:31:26Z,ofac_cons,classic_primary,unchanged,304,"""7f41ad7857f6dbea19d5d1f8db8f096e""","Wed, 16 Sep 2026 14:03:32 GMT",0a3b74f6eb28450a9993b42a234c1801471d4dcb41220f6a7b8e466575bc3889,"Mon, 14 Sep 2026 18:35:48 GMT",https://sanctionslistservice.ofac.treas.gov/api/download/CONS_PRIM.CSV,https://wc2h-sls-prod-public-published.s3.us-gov-west-1.amazonaws.com/Published/b2c014fc-2da0-445e-b154-0e9cebee623c/2026-09-15/8fad8400-ad57-46b5-a8a9-9882be8a46f3/CONS_PRIM.CSV,cons_prim.csv,,3371,,,,0,0,,
2026-09-17T03:31:26Z,ofac_cons,classic_alias,unchanged,304,"""45451ce8674c00510670d1e9ad593632""","Wed, 16 Sep 2026 14:03:32 GMT",ee4e86b664c7a11aacd0fe227f35336cff3467602bb9607653bb4ce193811474,"Mon, 14 Sep 2026 18:35:48 GMT",https://sanctionslistservice.ofac.treas.gov/api/download/CONS_ALT.CSV,https://wc2h-sls-prod-public-published.s3.us-gov-west-1.amazonaws.com/Published/b2c014fc-2da0-445e-b154-0e9cebee623c/2026-09-15/8fad8400-ad57-46b5-a8a9-9882be8a46f3/CONS_ALT.CSV,cons_alt.csv,,3371,,,,0,0,,
2026-09-17T03:31:26Z,ofac_cons,advanced_xml,unchanged,304,"""3890e05c7f9aef8d4c6e825db8efa657""","Wed, 16 Sep 2026 14:03:31 GMT",43033832780a55ed4b3c28291184b60dc63242082c223dd83702a014d5825a65,"Mon, 14 Sep 2026 18:35:48 GMT",https://sanctionslistservice.ofac.treas.gov/api/PublicationPreview/exports/CONS_ADVANCED.XML,https://wc2h-sls-prod-public-published.s3.us-gov-west-1.amazonaws.com/Published/b2c014fc-2da0-445e-b154-0e9cebee623c/2026-09-15/8fad8400-ad57-46b5-a8a9-9882be8a46f3/CONS_ADVANCED.XML,cons_advanced.xml,,3371,,,,0,0,,
2026-09-17T04:31:29Z,ofac_sdn,classic_primary,unchanged,304,"""962c2a9c35ead5c484b0695680fb61ea""","Wed, 16 Sep 2026 14:03:32 GMT",f4424647eb39496c234a1586ef1af11f9d202813aaac732f3ceeaba21bed0884,"Wed, 16 Sep 2026 14:03:30 GMT",https://sanctionslistservice.ofac.treas.gov/api/download/SDN.CSV,https://wc2h-sls-prod-public-published.s3.us-gov-west-1.amazonaws.com/Published/b2c014fc-2da0-445e-b154-0e9cebee623c/2026-09-15/8fad8400-ad57-46b5-a8a9-9882be8a46f3/SDN.CSV,sdn.csv,,89523,,,,0,0,,
2026-09-17T04:31:29Z,ofac_sdn,classic_alias,unchanged,304,"""51f3a799963720051427fb71977c06ed""","Wed, 16 Sep 2026 14:03:32 GMT",fa40fd1d5143e534477735ca01f03d3bec190dcbb549c1c9685361817c71852c,"Wed, 16 Sep 2026 14:03:30 GMT",https://sanctionslistservice.ofac.treas.gov/api/download/ALT.CSV,https://wc2h-sls-prod-public-published.s3.us-gov-west-1.amazonaws.com/Published/b2c014fc-2da0-445e-b154-0e9cebee623c/2026-09-15/8fad8400-ad57-46b5-a8a9-9882be8a46f3/ALT.CSV,,,89523,,,,0,0,,
2026-09-17T04:31:29Z,ofac_sdn,advanced_xml,unchanged,304,"""41159c144211b087ebfc6aa415308ef6""","Wed, 16 Sep 2026 14:03:30 GMT",8f81d70e91b4481bd04ac0acebb896d9743095170250dda89c0704f579fab6b3,"Wed, 16 Sep 2026 14:03:30 GMT",https://sanctionslistservice.ofac.treas.gov/api/PublicationPreview/exports/SDN_ADVANCED.XML,https://wc2h-sls-prod-public-published.s3.us-gov-west-1.amazonaws.com/Published/b2c014fc-2da0-445e-b154-0e9cebee623c/2026-09-15/8fad8400-ad57-46b5-a8a9-9882be8a46f3/SDN_ADVANCED.XML,,,89523,,,,0,0,,
2026-09-17T04:31:29Z,ofac_cons,classic_primary,unchanged,304,"""7f41ad7857f6dbea19d5d1f8db8f096e""","Wed, 16 Sep 2026 14:03:32 GMT",0a3b74f6eb28450a9993b42a234c1801471d4dcb41220f6a7b8e466575bc3889,"Mon, 14 Sep 2026 18:35:48 GMT",https://sanctionslistservice.ofac.treas.gov/api/download/CONS_PRIM.CSV,https://wc2h-sls-prod-public-published.s3.us-gov-west-1.amazonaws.com/Published/b2c014fc-2da0-445e-b154-0e9cebee623c/2026-09-15/8fad8400-ad57-46b5-a8a9-9882be8a46f3/CONS_PRIM.CSV,cons_prim.csv,,3371,,,,0,0,,
2026-09-17T04:31:29Z,ofac_cons,classic_alias,unchanged,304,"""45451ce8674c00510670d1e9ad593632""","Wed, 16 Sep 2026 14:03:32 GMT",ee4e86b664c7a11aacd0fe227f35336cff3467602bb9607653bb4ce193811474,"Mon, 14 Sep 2026 18:35:48 GMT",https://sanctionslistservice.ofac.treas.gov/api/download/CONS_ALT.CSV,https://wc2h-sls-prod-public-published.s3.us-gov-west-1.amazonaws.com/Published/b2c014fc-2da0-445e-b154-0e9cebee623c/2026-09-15/8fad8400-ad57-46b5-a8a9-9882be8a46f3/CONS_ALT.CSV,cons_alt.csv,,3371,,,,0,0,,
2026-09-17T04:31:29Z,ofac_cons,advanced_xml,unchanged,304,"""3890e05c7f9aef8d4c6e825db8efa657""","Wed, 16 Sep 2026 14:03:31 GMT",43033832780a55ed4b3c28291184b60dc63242082c223dd83702a014d5825a65,"Mon, 14 Sep 2026 18:35:48 GMT",https://sanctionslistservice.ofac.treas.gov/api/PublicationPreview/exports/CONS_ADVANCED.XML,https://wc2h-sls-prod-public-published.s3.us-gov-west-1.amazonaws.com/Published/b2c014fc-2da0-445e-b154-0e9cebee623c/2026-09-15/8fad8400-ad57-46b5-a8a9-9882be8a46f3/CONS_ADVANCED.XML,cons_advanced.xml,,3371,,,,0,0,,
2026-09-17T05:30:23Z,ofac_sdn,classic_primary,unchanged,304,"""962c2a9c35ead5c484b0695680fb61ea""","Wed, 16 Sep 2026 14:03:32 GMT",f4424647eb39496c234a1586ef1af11f9d202813aaac732f3ceeaba21bed0884,"Wed, 16 Sep 2026 14:03:30 GMT",https://sanctionslistservice.ofac.treas.gov/api/download/SDN.CSV,https://wc2h-sls-prod-public-published.s3.us-gov-west-1.amazonaws.com/Published/b2c014fc-2da0-445e-b154-0e9cebee623c/2026-09-15/8fad8400-ad57-46b5-a8a9-9882be8a46f3/SDN.CSV,sdn.csv,,89523,,,,0,0,,
2026-09-17T05:30:23Z,ofac_sdn,classic_alias,unchanged,304,"""51f3a799963720051427fb71977c06ed""","Wed, 16 Sep 2026 14:03:32 GMT",fa40fd1d5143e534477735ca01f03d3bec190dcbb549c1c9685361817c71852c,"Wed, 16 Sep 2026 14:03:30 GMT",https://sanctionslistservice.ofac.treas.gov/api/download/ALT.CSV,https://wc2h-sls-prod-public-published.s3.us-gov-west-1.amazonaws.com/Published/b2c014fc-2da0-445e-b154-0e9cebee623c/2026-09-15/8fad8400-ad57-46b5-a8a9-9882be8a46f3/ALT.CSV,,,89523,,,,0,0,,
2026-09-17T05:30:23Z,ofac_sdn,advanced_xml,unchanged,304,"""41159c144211b087ebfc6aa415308ef6""","Wed, 16 Sep 2026 14:03:30 GMT",8f81d70e91b4481bd04ac0acebb896d9743095170250dda89c0704f579fab6b3,"Wed, 16 Sep 2026 14:03:30 GMT",https://sanctionslistservice.ofac.treas.gov/api/PublicationPreview/exports/SDN_ADVANCED.XML,https://wc2h-sls-prod-public-published.s3.us-gov-west-1.amazonaws.com/Published/b2c014fc-2da0-445e-b154-0e9cebee623c/2026-09-15/8fad8400-ad57-46b5-a8a9-9882be8a46f3/SDN_ADVANCED.XML,,,89523,,,,0,0,,
2026-09-17T05:30:23Z,ofac_cons,classic_primary,unchanged,304,"""7f41ad7857f6dbea19d5d1f8db8f096e""","Wed, 16 Sep 2026 14:03:32 GMT",0a3b74f6eb28450a9993b42a234c1801471d4dcb41220f6a7b8e466575bc3889,"Mon, 14 Sep 2026 18:35:48 GMT",https://sanctionslistservice.ofac.treas.gov/api/download/CONS_PRIM.CSV,https://wc2h-sls-prod-public-published.s3.us-gov-west-1.amazonaws.com/Published/b2c014fc-2da0-445e-b154-0e9cebee623c/2026-09-15/8fad8400-ad57-46b5-a8a9-9882be8a46f3/CONS_PRIM.CSV,cons_prim.csv,,3371,,,,0,0,,
2026-09-17T05:30:23Z,ofac_cons,classic_alias,unchanged,304,"""45451ce8674c00510670d1e9ad593632""","Wed, 16 Sep 2026 14:03:32 GMT",ee4e86b664c7a11aacd0fe227f35336cff3467602bb9607653bb4ce193811474,"Mon, 14 Sep 2026 18:35:48 GMT",https://sanctionslistservice.ofac.treas.gov/api/download/CONS_ALT.CSV,https://wc2h-sls-prod-public-published.s3.us-gov-west-1.amazonaws.com/Published/b2c014fc-2da0-445e-b154-0e9cebee623c/2026-09-15/8fad8400-ad57-46b5-a8a9-9882be8a46f3/CONS_ALT.CSV,cons_alt.csv,,3371,,,,0,0,,
2026-09-17T05:30:23Z,ofac_cons,advanced_xml,unchanged,304,"""3890e05c7f9aef8d4c6e825db8efa657""","Wed, 16 Sep 2026 14:03:31 GMT",43033832780a55ed4b3c28291184b60dc63242082c223dd83702a014d5825a65,"Mon, 14 Sep 2026 18:35:48 GMT",https://sanctionslistservice.ofac.treas.gov/api/PublicationPreview/exports/CONS_ADVANCED.XML,https://wc2h-sls-prod-public-published.s3.us-gov-west-1.amazonaws.com/Published/b2c014fc-2da0-445e-b154-0e9cebee623c/2026-09-15/8fad8400-ad57-46b5-a8a9-9882be8a46f3/CONS_ADVANCED.XML,cons_advanced.xml,,3371,,,,0,0,,
2026-09-17T06:37:43Z,ofac_sdn,classic_primary,unchanged,304,"""962c2a9c35ead5c484b0695680fb61ea""","Wed, 16 Sep 2026 14:03:32 GMT",f4424647eb39496c234a1586ef1af11f9d202813aaac732f3ceeaba21bed0884,"Wed, 16 Sep 2026 14:03:30 GMT",https://sanctionslistservice.ofac.treas.gov/api/download/SDN.CSV,https://wc2h-sls-prod-public-published.s3.us-gov-west-1.amazonaws.com/Published/b2c014fc-2da0-445e-b154-0e9cebee623c/2026-09-15/8fad8400-ad57-46b5-a8a9-9882be8a46f3/SDN.CSV,sdn.csv,,89523,,,,0,0,,
2026-09-17T06:37:43Z,ofac_sdn,classic_alias,unchanged,304,"""51f3a799963720051427fb71977c06ed""","Wed, 16 Sep 2026 14:03:32 GMT",fa40fd1d5143e534477735ca01f03d3bec190dcbb549c1c9685361817c71852c,"Wed, 16 Sep 2026 14:03:30 GMT",https://sanctionslistservice.ofac.treas.gov/api/download/ALT.CSV,https://wc2h-sls-prod-public-published.s3.us-gov-west-1.amazonaws.com/Published/b2c014fc-2da0-445e-b154-0e9cebee623c/2026-09-15/8fad8400-ad57-46b5-a8a9-9882be8a46f3/ALT.CSV,,,89523,,,,0,0,,
2026-09-17T06:37:43Z,ofac_sdn,advanced_xml,unchanged,304,"""41159c144211b087ebfc6aa415308ef6""","Wed, 16 Sep 2026 14:03:30 GMT",8f81d70e91b4481bd04ac0acebb896d9743095170250dda89c0704f579fab6b3,"Wed, 16 Sep 2026 14:03:30 GMT",https://sanctionslistservice.ofac.treas.gov/api/PublicationPreview/exports/SDN_ADVANCED.XML,https://wc2h-sls-prod-public-published.s3.us-gov-west-1.amazonaws.com/Published/b2c014fc-2da0-445e-b154-0e9cebee623c/2026-09-15/8fad8400-ad57-46b5-a8a9-9882be8a46f3/SDN_ADVANCED.XML,,,89523,,,,0,0,,
2026-09-17T06:37:43Z,ofac_cons,classic_primary,unchanged,304,"""7f41ad7857f6dbea19d5d1f8db8f096e""","Wed, 16 Sep 2026 14:03:32 GMT",0a3b74f6eb28450a9993b42a234c1801471d4dcb41220f6a7b8e466575bc3889,"Mon, 14 Sep 2026 18:35:48 GMT",https://sanctionslistservice.ofac.treas.gov/api/download/CONS_PRIM.CSV,https://wc2h-sls-prod-public-published.s3.us-gov-west-1.amazonaws.com/Published/b2c014fc-2da0-445e-b154-0e9cebee623c/2026-09-15/8fad8400-ad57-46b5-a8a9-9882be8a46f3/CONS_PRIM.CSV,cons_prim.csv,,3371,,,,0,0,,
2026-09-17T06:37:43Z,ofac_cons,classic_alias,unchanged,304,"""45451ce8674c00510670d1e9ad593632""","Wed, 16 Sep 2026 14:03:32 GMT",ee4e86b664c7a11aacd0fe227f35336cff3467602bb9607653bb4ce193811474,"Mon, 14 Sep 2026 18:35:48 GMT",https://sanctionslistservice.ofac.treas.gov/api/download/CONS_ALT.CSV,https://wc2h-sls-prod-public-published.s3.us-gov-west-1.amazonaws.com/Published/b2c014fc-2da0-445e-b154-0e9cebee623c/2026-09-15/8fad8400-ad57-46b5-a8a9-9882be8a46f3/CONS_ALT.CSV,cons_alt.csv,,3371,,,,0,0,,
2026-09-17T06:37:43Z,ofac_cons,advanced_xml,unchanged,304,"""3890e05c7f9aef8d4c6e825db8efa657""","Wed, 16 Sep 2026 14:03:31 GMT",43033832780a55ed4b3c28291184b60dc63242082c223dd83702a014d5825a65,"Mon, 14 Sep 2026 18:35:48 GMT",https://sanctionslistservice.ofac.treas.gov/api/PublicationPreview/exports/CONS_ADVANCED.XML,https://wc2h-sls-prod-public-published.s3.us-gov-west-1.amazonaws.com/Published/b2c014fc-2da0-445e-b154-0e9cebee623c/2026-09-15/8fad8400-ad57-46b5-a8a9-9882be8a46f3/CONS_ADVANCED.XML,cons_advanced.xml,,3371,,,,0,0,,
2026-09-17T06:50:53Z,mof,index_page,fetched,200,"""a251-65b083d534fc0""","Wed, 09 Sep 2026 08:00:07 GMT",79bdefca24a17c03d00fa11d2e7ec56c6db0315211c5c1077b15b8b9bed5a61d,令和8年9月10日,https://www.mof.go.jp/policy/international_policy/gaitame_kawase/gaitame/economic_sanctions/list.html,https://www.mof.go.jp/policy/international_policy/gaitame_kawase/gaitame/economic_sanctions/list.html,list.html,,,,,,0,0,,
2026-09-17T06:50:53Z,mof,list_file,unchanged,304,"""3225f7-65b083d71d440""","Wed, 09 Sep 2026 08:00:09 GMT",c46ccaf88a98ab9c4209c4032c91190fa740ac106767fe32331879d73de99d03,令和8年9月10日,https://www.mof.go.jp/policy/international_policy/gaitame_kawase/gaitame/economic_sanctions/shisantouketsu20260910.csv,https://www.mof.go.jp/policy/international_policy/gaitame_kawase/gaitame/economic_sanctions/shisantouketsu20260910.csv,shisantouketsu20260910.csv,,14743,,,,0,0,,
2026-09-17T06:50:53Z,meti,index_page,blocked,403,"W/""c3bb143a530e398af9a1c1a440f0189c""","Mon, 24 Aug 2026 07:11:49 GMT",,,https://www.meti.go.jp/policy/anpo/law09.html,https://www.meti.go.jp/policy/anpo/law09.html,,,,,,,1,0,HTTPError,403 Client Error: Forbidden for url: https://www.meti.go.jp/policy/anpo/law09.html
2026-09-17T07:32:05Z,ofac_sdn,classic_primary,unchanged,304,"""962c2a9c35ead5c484b0695680fb61ea""","Wed, 16 Sep 2026 14:03:32 GMT",f4424647eb39496c234a1586ef1af11f9d202813aaac732f3ceeaba21bed0884,"Wed, 16 Sep 2026 14:03:30 GMT",https://sanctionslistservice.ofac.treas.gov/api/download/SDN.CSV,https://wc2h-sls-prod-public-published.s3.us-gov-west-1.amazonaws.com/Published/b2c014fc-2da0-445e-b154-0e9cebee623c/2026-09-15/8fad8400-ad57-46b5-a8a9-9882be8a46f3/SDN.CSV,sdn.csv,,89523,,,,0,0,,
2026-09-17T07:32:05Z,ofac_sdn,classic_alias,unchanged,304,"""51f3a799963720051427fb71977c06ed""","Wed, 16 Sep 2026 14:03:32 GMT",fa40fd1d5143e534477735ca01f03d3bec190dcbb549c1c9685361817c71852c,"Wed, 16 Sep 2026 14:03:30 GMT",https://sanctionslistservice.ofac.treas.gov/api/download/ALT.CSV,https://wc2h-sls-prod-public-published.s3.us-gov-west-1.amazonaws.com/Published/b2c014fc-2da0-445e-b154-0e9cebee623c/2026-09-15/8fad8400-ad57-46b5-a8a9-9882be8a46f3/ALT.CSV,,,89523,,,,0,0,,
2026-09-17T07:32:05Z,ofac_sdn,advanced_xml,unchanged,304,"""41159c144211b087ebfc6aa415308ef6""","Wed, 16 Sep 2026 14:03:30 GMT",8f81d70e91b4481bd04ac0acebb896d9743095170250dda89c0704f579fab6b3,"Wed, 16 Sep 2026 14:03:30 GMT",https://sanctionslistservice.ofac.treas.gov/api/PublicationPreview/exports/SDN_ADVANCED.XML,https://wc2h-sls-prod-public-published.s3.us-gov-west-1.amazonaws.com/Published/b2c014fc-2da0-445e-b154-0e9cebee623c/2026-09-15/8fad8400-ad57-46b5-a8a9-9882be8a46f3/SDN_ADVANCED.XML,,,89523,,,,0,0,,
2026-09-17T07:32:05Z,ofac_cons,classic_primary,unchanged,304,"""7f41ad7857f6dbea19d5d1f8db8f096e""","Wed, 16 Sep 2026 14:03:32 GMT",0a3b74f6eb28450a9993b42a234c1801471d4dcb41220f6a7b8e466575bc3889,"Mon, 14 Sep 2026 18:35:48 GMT",https://sanctionslistservice.ofac.treas.gov/api/download/CONS_PRIM.CSV,https://wc2h-sls-prod-public-published.s3.us-gov-west-1.amazonaws.com/Published/b2c014fc-2da0-445e-b154-0e9cebee623c/2026-09-15/8fad8400-ad57-46b5-a8a9-9882be8a46f3/CONS_PRIM.CSV,cons_prim.csv,,3371,,,,0,0,,
2026-09-17T07:32:05Z,ofac_cons,classic_alias,unchanged,304,"""45451ce8674c00510670d1e9ad593632""","Wed, 16 Sep 2026 14:03:32 GMT",ee4e86b664c7a11aacd0fe227f35336cff3467602bb9607653bb4ce193811474,"Mon, 14 Sep 2026 18:35:48 GMT",https://sanctionslistservice.ofac.treas.gov/api/download/CONS_ALT.CSV,https://wc2h-sls-prod-public-published.s3.us-gov-west-1.amazonaws.com/Published/b2c014fc-2da0-445e-b154-0e9cebee623c/2026-09-15/8fad8400-ad57-46b5-a8a9-9882be8a46f3/CONS_ALT.CSV,cons_alt.csv,,3371,,,,0,0,,
2026-09-17T07:32:05Z,ofac_cons,advanced_xml,unchanged,304,"""3890e05c7f9aef8d4c6e825db8efa657""","Wed, 16 Sep 2026 14:03:31 GMT",43033832780a55ed4b3c28291184b60dc63242082c223dd83702a014d5825a65,"Mon, 14 Sep 2026 18:35:48 GMT",https://sanctionslistservice.ofac.treas.gov/api/PublicationPreview/exports/CONS_ADVANCED.XML,https://wc2h-sls-prod-public-published.s3.us-gov-west-1.amazonaws.com/Published/b2c014fc-2da0-445e-b154-0e9cebee623c/2026-09-15/8fad8400-ad57-46b5-a8a9-9882be8a46f3/CONS_ADVANCED.XML,cons_advanced.xml,,3371,,,,0,0,,
2026-09-17T08:33:36Z,ofac_sdn,classic_primary,unchanged,304,"""962c2a9c35ead5c484b0695680fb61ea""","Wed, 16 Sep 2026 14:03:32 GMT",f4424647eb39496c234a1586ef1af11f9d202813aaac732f3ceeaba21bed0884,"Wed, 16 Sep 2026 14:03:30 GMT",https://sanctionslistservice.ofac.treas.gov/api/download/SDN.CSV,https://wc2h-sls-prod-public-published.s3.us-gov-west-1.amazonaws.com/Published/b2c014fc-2da0-445e-b154-0e9cebee623c/2026-09-15/8fad8400-ad57-46b5-a8a9-9882be8a46f3/SDN.CSV,sdn.csv,,89523,,,,0,0,,
2026-09-17T08:33:36Z,ofac_sdn,classic_alias,unchanged,304,"""51f3a799963720051427fb71977c06ed""","Wed, 16 Sep 2026 14:03:32 GMT",fa40fd1d5143e534477735ca01f03d3bec190dcbb549c1c9685361817c71852c,"Wed, 16 Sep 2026 14:03:30 GMT",https://sanctionslistservice.ofac.treas.gov/api/download/ALT.CSV,https://wc2h-sls-prod-public-published.s3.us-gov-west-1.amazonaws.com/Published/b2c014fc-2da0-445e-b154-0e9cebee623c/2026-09-15/8fad8400-ad57-46b5-a8a9-9882be8a46f3/ALT.CSV,,,89523,,,,0,0,,
2026-09-17T08:33:36Z,ofac_sdn,advanced_xml,unchanged,304,"""41159c144211b087ebfc6aa415308ef6""","Wed, 16 Sep 2026 14:03:30 GMT",8f81d70e91b4481bd04ac0acebb896d9743095170250dda89c0704f579fab6b3,"Wed, 16 Sep 2026 14:03:30 GMT",https://sanctionslistservice.ofac.treas.gov/api/PublicationPreview/exports/SDN_ADVANCED.XML,https://wc2h-sls-prod-public-published.s3.us-gov-west-1.amazonaws.com/Published/b2c014fc-2da0-445e-b154-0e9cebee623c/2026-09-15/8fad8400-ad57-46b5-a8a9-9882be8a46f3/SDN_ADVANCED.XML,,,89523,,,,0,0,,
2026-09-17T08:33:36Z,ofac_cons,classic_primary,unchanged,304,"""7f41ad7857f6dbea19d5d1f8db8f096e""","Wed, 16 Sep 2026 14:03:32 GMT",0a3b74f6eb28450a9993b42a234c1801471d4dcb41220f6a7b8e466575bc3889,"Mon, 14 Sep 2026 18:35:48 GMT",https://sanctionslistservice.ofac.treas.gov/api/download/CONS_PRIM.CSV,https://wc2h-sls-prod-public-published.s3.us-gov-west-1.amazonaws.com/Published/b2c014fc-2da0-445e-b154-0e9cebee623c/2026-09-15/8fad8400-ad57-46b5-a8a9-9882be8a46f3/CONS_PRIM.CSV,cons_prim.csv,,3371,,,,0,0,,
2026-09-17T08:33:36Z,ofac_cons,classic_alias,unchanged,304,"""45451ce8674c00510670d1e9ad593632""","Wed, 16 Sep 2026 14:03:32 GMT",ee4e86b664c7a11aacd0fe227f35336cff3467602bb9607653bb4ce193811474,"Mon, 14 Sep 2026 18:35:48 GMT",https://sanctionslistservice.ofac.treas.gov/api/download/CONS_ALT.CSV,https://wc2h-sls-prod-public-published.s3.us-gov-west-1.amazonaws.com/Published/b2c014fc-2da0-445e-b154-0e9cebee623c/2026-09-15/8fad8400-ad57-46b5-a8a9-9882be8a46f3/CONS_ALT.CSV,cons_alt.csv,,3371,,,,0,0,,
2026-09-17T08:33:36Z,ofac_cons,advanced_xml,unchanged,304,"""3890e05c7f9aef8d4c6e825db8efa657""","Wed, 16 Sep 2026 14:03:31 GMT",43033832780a55ed4b3c28291184b60dc63242082c223dd83702a014d5825a65,"Mon, 14 Sep 2026 18:35:48 GMT",https://sanctionslistservice.ofac.treas.gov/api/PublicationPreview/exports/CONS_ADVANCED.XML,https://wc2h-sls-prod-public-published.s3.us-gov-west-1.amazonaws.com/Published/b2c014fc-2da0-445e-b154-0e9cebee623c/2026-09-15/8fad8400-ad57-46b5-a8a9-9882be8a46f3/CONS_ADVANCED.XML,cons_advanced.xml,,3371,,,,0,0,,
2026-09-17T09:32:45Z,ofac_sdn,classic_primary,unchanged,304,"""962c2a9c35ead5c484b0695680fb61ea""","Wed, 16 Sep 2026 14:03:32 GMT",f4424647eb39496c234a1586ef1af11f9d202813aaac732f3ceeaba21bed0884,"Wed, 16 Sep 2026 14:03:30 GMT",https://sanctionslistservice.ofac.treas.gov/api/download/SDN.CSV,https://wc2h-sls-prod-public-published.s3.us-gov-west-1.amazonaws.com/Published/b2c014fc-2da0-445e-b154-0e9cebee623c/2026-09-15/8fad8400-ad57-46b5-a8a9-9882be8a46f3/SDN.CSV,sdn.csv,,89523,,,,0,0,,
2026-09-17T09:32:45Z,ofac_sdn,classic_alias,unchanged,304,"""51f3a799963720051427fb71977c06ed""","Wed, 16 Sep 2026 14:03:32 GMT",fa40fd1d5143e534477735ca01f03d3bec190dcbb549c1c9685361817c71852c,"Wed, 16 Sep 2026 14:03:30 GMT",https://sanctionslistservice.ofac.treas.gov/api/download/ALT.CSV,https://wc2h-sls-prod-public-published.s3.us-gov-west-1.amazonaws.com/Published/b2c014fc-2da0-445e-b154-0e9cebee623c/2026-09-15/8fad8400-ad57-46b5-a8a9-9882be8a46f3/ALT.CSV,,,89523,,,,0,0,,
2026-09-17T09:32:45Z,ofac_sdn,advanced_xml,unchanged,304,"""41159c144211b087ebfc6aa415308ef6""","Wed, 16 Sep 2026 14:03:30 GMT",8f81d70e91b4481bd04ac0acebb896d9743095170250dda89c0704f579fab6b3,"Wed, 16 Sep 2026 14:03:30 GMT",https://sanctionslistservice.ofac.treas.gov/api/PublicationPreview/exports/SDN_ADVANCED.XML,https://wc2h-sls-prod-public-published.s3.us-gov-west-1.amazonaws.com/Published/b2c014fc-2da0-445e-b154-0e9cebee623c/2026-09-15/8fad8400-ad57-46b5-a8a9-9882be8a46f3/SDN_ADVANCED.XML,,,89523,,,,0,0,,
2026-09-17T09:32:45Z,ofac_cons,classic_primary,unchanged,304,"""7f41ad7857f6dbea19d5d1f8db8f096e""","Wed, 16 Sep 2026 14:03:32 GMT",0a3b74f6eb28450a9993b42a234c1801471d4dcb41220f6a7b8e466575bc3889,"Mon, 14 Sep 2026 18:35:48 GMT",https://sanctionslistservice.ofac.treas.gov/api/download/CONS_PRIM.CSV,https://wc2h-sls-prod-public-published.s3.us-gov-west-1.amazonaws.com/Published/b2c014fc-2da0-445e-b154-0e9cebee623c/2026-09-15/8fad8400-ad57-46b5-a8a9-9882be8a46f3/CONS_PRIM.CSV,cons_prim.csv,,3371,,,,0,0,,
2026-09-17T09:32:45Z,ofac_cons,classic_alias,unchanged,304,"""45451ce8674c00510670d1e9ad593632""","Wed, 16 Sep 2026 14:03:32 GMT",ee4e86b664c7a11aacd0fe227f35336cff3467602bb9607653bb4ce193811474,"Mon, 14 Sep 2026 18:35:48 GMT",https://sanctionslistservice.ofac.treas.gov/api/download/CONS_ALT.CSV,https://wc2h-sls-prod-public-published.s3.us-gov-west-1.amazonaws.com/Published/b2c014fc-2da0-445e-b154-0e9cebee623c/2026-09-15/8fad8400-ad57-46b5-a8a9-9882be8a46f3/CONS_ALT.CSV,cons_alt.csv,,3371,,,,0,0,,
2026-09-17T09:32:45Z,ofac_cons,advanced_xml,unchanged,304,"""3890e05c7f9aef8d4c6e825db8efa657""","Wed, 16 Sep 2026 14:03:31 GMT",43033832780a55ed4b3c28291184b60dc63242082c223dd83702a014d5825a65,"Mon, 14 Sep 2026 18:35:48 GMT",https://sanctionslistservice.ofac.treas.gov/api/PublicationPreview/exports/CONS_ADVANCED.XML,https://wc2h-sls-prod-public-published.s3.us-gov-west-1.amazonaws.com/Published/b2c014fc-2da0-445e-b154-0e9cebee623c/2026-09-15/8fad8400-ad57-46b5-a8a9-9882be8a46f3/CONS_ADVANCED.XML,cons_advanced.xml,,3371,,,,0,0,,
2026-09-17T10:30:50Z,ofac_sdn,classic_primary,unchanged,304,"""962c2a9c35ead5c484b0695680fb61ea""","Wed, 16 Sep 2026 14:03:32 GMT",f4424647eb39496c234a1586ef1af11f9d202813aaac732f3ceeaba21bed0884,"Wed, 16 Sep 2026 14:03:30 GMT",https://sanctionslistservice.ofac.treas.gov/api/download/SDN.CSV,https://wc2h-sls-prod-public-published.s3.us-gov-west-1.amazonaws.com/Published/b2c014fc-2da0-445e-b154-0e9cebee623c/2026-09-15/8fad8400-ad57-46b5-a8a9-9882be8a46f3/SDN.CSV,sdn.csv,,89523,,,,0,0,,
2026-09-17T10:30:50Z,ofac_sdn,classic_alias,unchanged,304,"""51f3a799963720051427fb71977c06ed""","Wed, 16 Sep 2026 14:03:32 GMT",fa40fd1d5143e534477735ca01f03d3bec190dcbb549c1c9685361817c71852c,"Wed, 16 Sep 2026 14:03:30 GMT",https://sanctionslistservice.ofac.treas.gov/api/download/ALT.CSV,https://wc2h-sls-prod-public-published.s3.us-gov-west-1.amazonaws.com/Published/b2c014fc-2da0-445e-b154-0e9cebee623c/2026-09-15/8fad8400-ad57-46b5-a8a9-9882be8a46f3/ALT.CSV,,,89523,,,,0,0,,
2026-09-17T10:30:50Z,ofac_sdn,advanced_xml,unchanged,304,"""41159c144211b087ebfc6aa415308ef6""","Wed, 16 Sep 2026 14:03:30 GMT",8f81d70e91b4481bd04ac0acebb896d9743095170250dda89c0704f579fab6b3,"Wed, 16 Sep 2026 14:03:30 GMT",https://sanctionslistservice.ofac.treas.gov/api/PublicationPreview/exports/SDN_ADVANCED.XML,https://wc2h-sls-prod-public-published.s3.us-gov-west-1.amazonaws.com/Published/b2c014fc-2da0-445e-b154-0e9cebee623c/2026-09-15/8fad8400-ad57-46b5-a8a9-9882be8a46f3/SDN_ADVANCED.XML,,,89523,,,,0,0,,
2026-09-17T10:30:50Z,ofac_cons,classic_primary,unchanged,304,"""7f41ad7857f6dbea19d5d1f8db8f096e""","Wed, 16 Sep 2026 14:03:32 GMT",0a3b74f6eb28450a9993b42a234c1801471d4dcb41220f6a7b8e466575bc3889,"Mon, 14 Sep 2026 18:35:48 GMT",https://sanctionslistservice.ofac.treas.gov/api/download/CONS_PRIM.CSV,https://wc2h-sls-prod-public-published.s3.us-gov-west-1.amazonaws.com/Published/b2c014fc-2da0-445e-b154-0e9cebee623c/2026-09-15/8fad8400-ad57-46b5-a8a9-9882be8a46f3/CONS_PRIM.CSV,cons_prim.csv,,3371,,,,0,0,,
2026-09-17T10:30:50Z,ofac_cons,classic_alias,unchanged,304,"""45451ce8674c00510670d1e9ad593632""","Wed, 16 Sep 2026 14:03:32 GMT",ee4e86b664c7a11aacd0fe227f35336cff3467602bb9607653bb4ce193811474,"Mon, 14 Sep 2026 18:35:48 GMT",https://sanctionslistservice.ofac.treas.gov/api/download/CONS_ALT.CSV,https://wc2h-sls-prod-public-published.s3.us-gov-west-1.amazonaws.com/Published/b2c014fc-2da0-445e-b154-0e9cebee623c/2026-09-15/8fad8400-ad57-46b5-a8a9-9882be8a46f3/CONS_ALT.CSV,cons_alt.csv,,3371,,,,0,0,,
2026-09-17T10:30:50Z,ofac_cons,advanced_xml,unchanged,304,"""3890e05c7f9aef8d4c6e825db8efa657""","Wed, 16 Sep 2026 14:03:31 GMT",43033832780a55ed4b3c28291184b60dc63242082c223dd83702a014d5825a65,"Mon, 14 Sep 2026 18:35:48 GMT",https://sanctionslistservice.ofac.treas.gov/api/PublicationPreview/exports/CONS_ADVANCED.XML,https://wc2h-sls-prod-public-published.s3.us-gov-west-1.amazonaws.com/Published/b2c014fc-2da0-445e-b154-0e9cebee623c/2026-09-15/8fad8400-ad57-46b5-a8a9-9882be8a46f3/CONS_ADVANCED.XML,cons_advanced.xml,,3371,,,,0,0,,
2026-09-17T11:29:48Z,ofac_sdn,classic_primary,unchanged,304,"""962c2a9c35ead5c484b0695680fb61ea""","Wed, 16 Sep 2026 14:03:32 GMT",f4424647eb39496c234a1586ef1af11f9d202813aaac732f3ceeaba21bed0884,"Wed, 16 Sep 2026 14:03:30 GMT",https://sanctionslistservice.ofac.treas.gov/api/download/SDN.CSV,https://wc2h-sls-prod-public-published.s3.us-gov-west-1.amazonaws.com/Published/b2c014fc-2da0-445e-b154-0e9cebee623c/2026-09-15/8fad8400-ad57-46b5-a8a9-9882be8a46f3/SDN.CSV,sdn.csv,,89523,,,,0,0,,
2026-09-17T11:29:48Z,ofac_sdn,classic_alias,unchanged,304,"""51f3a799963720051427fb71977c06ed""","Wed, 16 Sep 2026 14:03:32 GMT",fa40fd1d5143e534477735ca01f03d3bec190dcbb549c1c9685361817c71852c,"Wed, 16 Sep 2026 14:03:30 GMT",https://sanctionslistservice.ofac.treas.gov/api/download/ALT.CSV,https://wc2h-sls-prod-public-published.s3.us-gov-west-1.amazonaws.com/Published/b2c014fc-2da0-445e-b154-0e9cebee623c/2026-09-15/8fad8400-ad57-46b5-a8a9-9882be8a46f3/ALT.CSV,,,89523,,,,0,0,,
2026-09-17T11:29:48Z,ofac_sdn,advanced_xml,unchanged,304,"""41159c144211b087ebfc6aa415308ef6""","Wed, 16 Sep 2026 14:03:30 GMT",8f81d70e91b4481bd04ac0acebb896d9743095170250dda89c0704f579fab6b3,"Wed, 16 Sep 2026 14:03:30 GMT",https://sanctionslistservice.ofac.treas.gov/api/PublicationPreview/exports/SDN_ADVANCED.XML,https://wc2h-sls-prod-public-published.s3.us-gov-west-1.amazonaws.com/Published/b2c014fc-2da0-445e-b154-0e9cebee623c/2026-09-15/8fad8400-ad57-46b5-a8a9-9882be8a46f3/SDN_ADVANCED.XML,,,89523,,,,0,0,,
2026-09-17T11:29:48Z,ofac_cons,classic_primary,unchanged,304,"""7f41ad7857f6dbea19d5d1f8db8f096e""","Wed, 16 Sep 2026 14:03:32 GMT",0a3b74f6eb28450a9993b42a234c1801471d4dcb41220f6a7b8e466575bc3889,"Mon, 14 Sep 2026 18:35:48 GMT",https://sanctionslistservice.ofac.treas.gov/api/download/CONS_PRIM.CSV,https://wc2h-sls-prod-public-published.s3.us-gov-west-1.amazonaws.com/Published/b2c014fc-2da0-445e-b154-0e9cebee623c/2026-09-15/8fad8400-ad57-46b5-a8a9-9882be8a46f3/CONS_PRIM.CSV,cons_prim.csv,,3371,,,,0,0,,
2026-09-17T11:29:48Z,ofac_cons,classic_alias,unchanged,304,"""45451ce8674c00510670d1e9ad593632""","Wed, 16 Sep 2026 14:03:32 GMT",ee4e86b664c7a11aacd0fe227f35336cff3467602bb9607653bb4ce193811474,"Mon, 14 Sep 2026 18:35:48 GMT",https://sanctionslistservice.ofac.treas.gov/api/download/CONS_ALT.CSV,https://wc2h-sls-prod-public-published.s3.us-gov-west-1.amazonaws.com/Published/b2c014fc-2da0-445e-b154-0e9cebee623c/2026-09-15/8fad8400-ad57-46b5-a8a9-9882be8a46f3/CONS_ALT.CSV,cons_alt.csv,,3371,,,,0,0,,
2026-09-17T11:29:48Z,ofac_cons,advanced_xml,unchanged,304,"""3890e05c7f9aef8d4c6e825db8efa657""","Wed, 16 Sep 2026 14:03:31 GMT",43033832780a55ed4b3c28291184b60dc63242082c223dd83702a014d5825a65,"Mon, 14 Sep 2026 18:35:48 GMT",https://sanctionslistservice.ofac.treas.gov/api/PublicationPreview/exports/CONS_ADVANCED.XML,https://wc2h-sls-prod-public-published.s3.us-gov-west-1.amazonaws.com/Published/b2c014fc-2da0-445e-b154-0e9cebee623c/2026-09-15/8fad8400-ad57-46b5-a8a9-9882be8a46f3/CONS_ADVANCED.XML,cons_advanced.xml,,3371,,,,0,0,,
2026-09-17T12:36:34Z,ofac_sdn,classic_primary,unchanged,304,"""962c2a9c35ead5c484b0695680fb61ea""","Wed, 16 Sep 2026 14:03:32 GMT",f4424647eb39496c234a1586ef1af11f9d202813aaac732f3ceeaba21bed0884,"Wed, 16 Sep 2026 14:03:30 GMT",https://sanctionslistservice.ofac.treas.gov/api/download/SDN.CSV,https://wc2h-sls-prod-public-published.s3.us-gov-west-1.amazonaws.com/Published/b2c014fc-2da0-445e-b154-0e9cebee623c/2026-09-15/8fad8400-ad57-46b5-a8a9-9882be8a46f3/SDN.CSV,sdn.csv,,89523,,,,0,0,,
2026-09-17T12:36:34Z,ofac_sdn,classic_alias,unchanged,304,"""51f3a799963720051427fb71977c06ed""","Wed, 16 Sep 2026 14:03:32 GMT",fa40fd1d5143e534477735ca01f03d3bec190dcbb549c1c9685361817c71852c,"Wed, 16 Sep 2026 14:03:30 GMT",https://sanctionslistservice.ofac.treas.gov/api/download/ALT.CSV,https://wc2h-sls-prod-public-published.s3.us-gov-west-1.amazonaws.com/Published/b2c014fc-2da0-445e-b154-0e9cebee623c/2026-09-15/8fad8400-ad57-46b5-a8a9-9882be8a46f3/ALT.CSV,,,89523,,,,0,0,,
2026-09-17T12:36:34Z,ofac_sdn,advanced_xml,unchanged,304,"""41159c144211b087ebfc6aa415308ef6""","Wed, 16 Sep 2026 14:03:30 GMT",8f81d70e91b4481bd04ac0acebb896d9743095170250dda89c0704f579fab6b3,"Wed, 16 Sep 2026 14:03:30 GMT",https://sanctionslistservice.ofac.treas.gov/api/PublicationPreview/exports/SDN_ADVANCED.XML,https://wc2h-sls-prod-public-published.s3.us-gov-west-1.amazonaws.com/Published/b2c014fc-2da0-445e-b154-0e9cebee623c/2026-09-15/8fad8400-ad57-46b5-a8a9-9882be8a46f3/SDN_ADVANCED.XML,,,89523,,,,0,0,,
2026-09-17T12:36:34Z,ofac_cons,classic_primary,unchanged,304,"""7f41ad7857f6dbea19d5d1f8db8f096e""","Wed, 16 Sep 2026 14:03:32 GMT",0a3b74f6eb28450a9993b42a234c1801471d4dcb41220f6a7b8e466575bc3889,"Mon, 14 Sep 2026 18:35:48 GMT",https://sanctionslistservice.ofac.treas.gov/api/download/CONS_PRIM.CSV,https://wc2h-sls-prod-public-published.s3.us-gov-west-1.amazonaws.com/Published/b2c014fc-2da0-445e-b154-0e9cebee623c/2026-09-15/8fad8400-ad57-46b5-a8a9-9882be8a46f3/CONS_PRIM.CSV,cons_prim.csv,,3371,,,,0,0,,
2026-09-17T12:36:34Z,ofac_cons,classic_alias,unchanged,304,"""45451ce8674c00510670d1e9ad593632""","Wed, 16 Sep 2026 14:03:32 GMT",ee4e86b664c7a11aacd0fe227f35336cff3467602bb9607653bb4ce193811474,"Mon, 14 Sep 2026 18:35:48 GMT",https://sanctionslistservice.ofac.treas.gov/api/download/CONS_ALT.CSV,https://wc2h-sls-prod-public-published.s3.us-gov-west-1.amazonaws.com/Published/b2c014fc-2da0-445e-b154-0e9cebee623c/2026-09-15/8fad8400-ad57-46b5-a8a9-9882be8a46f3/CONS_ALT.CSV,cons_alt.csv,,3371,,,,0,0,,
2026-09-17T12:36:34Z,ofac_cons,advanced_xml,unchanged,304,"""3890e05c7f9aef8d4c6e825db8efa657""","Wed, 16 Sep 2026 14:03:31 GMT",43033832780a55ed4b3c28291184b60dc63242082c223dd83702a014d5825a65,"Mon, 14 Sep 2026 18:35:48 GMT",https://sanctionslistservice.ofac.treas.gov/api/PublicationPreview/exports/CONS_ADVANCED.XML,https://wc2h-sls-prod-public-published.s3.us-gov-west-1.amazonaws.com/Published/b2c014fc-2da0-445e-b154-0e9cebee623c/2026-09-15/8fad8400-ad57-46b5-a8a9-9882be8a46f3/CONS_ADVANCED.XML,cons_advanced.xml,,3371,,,,0,0,,
2026-09-17T12:50:04Z,mof,index_page,fetched,200,"""a251-65b083d534fc0""","Wed, 09 Sep 2026 08:00:07 GMT",a6890ab1e817c37fdaa6e85b4f53c56061117340a98d3c82b6b0d6b81fec62b0,令和8年9月10日,https://www.mof.go.jp/policy/international_policy/gaitame_kawase/gaitame/economic_sanctions/list.html,https://www.mof.go.jp/policy/international_policy/gaitame_kawase/gaitame/economic_sanctions/list.html,list.html,,,,,,0,0,,
2026-09-17T12:50:04Z,mof,list_file,unchanged,304,"""3225f7-65b083d71d440""","Wed, 09 Sep 2026 08:00:09 GMT",c46ccaf88a98ab9c4209c4032c91190fa740ac106767fe32331879d73de99d03,令和8年9月10日,https://www.mof.go.jp/policy/international_policy/gaitame_kawase/gaitame/economic_sanctions/shisantouketsu20260910.csv,https://www.mof.go.jp/policy/international_policy/gaitame_kawase/gaitame/economic_sanctions/shisantouketsu20260910.csv,shisantouketsu20260910.csv,,14743,,,,0,0,,
2026-09-17T12:50:04Z,meti,index_page,blocked,403,"W/""c3bb143a530e398af9a1c1a440f0189c""","Mon, 24 Aug 2026 07:11:49 GMT",,,https://www.meti.go.jp/policy/anpo/law09.html,https://www.meti.go.jp/policy/anpo/law09.html,,,,,,,1,0,HTTPError,403 Client Error: Forbidden for url: https://www.meti.go.jp/policy/anpo/law09.html
2026-09-17T13:31:23Z,ofac_sdn,classic_primary,unchanged,304,"""962c2a9c35ead5c484b0695680fb61ea""","Wed, 16 Sep 2026 14:03:32 GMT",f4424647eb39496c234a1586ef1af11f9d202813aaac732f3ceeaba21bed0884,"Wed, 16 Sep 2026 14:03:30 GMT",https://sanctionslistservice.ofac.treas.gov/api/download/SDN.CSV,https://wc2h-sls-prod-public-published.s3.us-gov-west-1.amazonaws.com/Published/b2c014fc-2da0-445e-b154-0e9cebee623c/2026-09-15/8fad8400-ad57-46b5-a8a9-9882be8a46f3/SDN.CSV,sdn.csv,,89523,,,,0,0,,
2026-09-17T13:31:23Z,ofac_sdn,classic_alias,unchanged,304,"""51f3a799963720051427fb71977c06ed""","Wed, 16 Sep 2026 14:03:32 GMT",fa40fd1d5143e534477735ca01f03d3bec190dcbb549c1c9685361817c71852c,"Wed, 16 Sep 2026 14:03:30 GMT",https://sanctionslistservice.ofac.treas.gov/api/download/ALT.CSV,https://wc2h-sls-prod-public-published.s3.us-gov-west-1.amazonaws.com/Published/b2c014fc-2da0-445e-b154-0e9cebee623c/2026-09-15/8fad8400-ad57-46b5-a8a9-9882be8a46f3/ALT.CSV,,,89523,,,,0,0,,
2026-09-17T13:31:23Z,ofac_sdn,advanced_xml,unchanged,304,"""41159c144211b087ebfc6aa415308ef6""","Wed, 16 Sep 2026 14:03:30 GMT",8f81d70e91b4481bd04ac0acebb896d9743095170250dda89c0704f579fab6b3,"Wed, 16 Sep 2026 14:03:30 GMT",https://sanctionslistservice.ofac.treas.gov/api/PublicationPreview/exports/SDN_ADVANCED.XML,https://wc2h-sls-prod-public-published.s3.us-gov-west-1.amazonaws.com/Published/b2c014fc-2da0-445e-b154-0e9cebee623c/2026-09-15/8fad8400-ad57-46b5-a8a9-9882be8a46f3/SDN_ADVANCED.XML,,,89523,,,,0,0,,
2026-09-17T13:31:23Z,ofac_cons,classic_primary,unchanged,304,"""7f41ad7857f6dbea19d5d1f8db8f096e""","Wed, 16 Sep 2026 14:03:32 GMT",0a3b74f6eb28450a9993b42a234c1801471d4dcb41220f6a7b8e466575bc3889,"Mon, 14 Sep 2026 18:35:48 GMT",https://sanctionslistservice.ofac.treas.gov/api/download/CONS_PRIM.CSV,https://wc2h-sls-prod-public-published.s3.us-gov-west-1.amazonaws.com/Published/b2c014fc-2da0-445e-b154-0e9cebee623c/2026-09-15/8fad8400-ad57-46b5-a8a9-9882be8a46f3/CONS_PRIM.CSV,cons_prim.csv,,3371,,,,0,0,,
2026-09-17T13:31:23Z,ofac_cons,classic_alias,unchanged,304,"""45451ce8674c00510670d1e9ad593632""","Wed, 16 Sep 2026 14:03:32 GMT",ee4e86b664c7a11aacd0fe227f35336cff3467602bb9607653bb4ce193811474,"Mon, 14 Sep 2026 18:35:48 GMT",https://sanctionslistservice.ofac.treas.gov/api/download/CONS_ALT.CSV,https://wc2h-sls-prod-public-published.s3.us-gov-west-1.amazonaws.com/Published/b2c014fc-2da0-445e-b154-0e9cebee623c/2026-09-15/8fad8400-ad57-46b5-a8a9-9882be8a46f3/CONS_ALT.CSV,cons_alt.csv,,3371,,,,0,0,,
2026-09-17T13:31:23Z,ofac_cons,advanced_xml,unchanged,304,"""3890e05c7f9aef8d4c6e825db8efa657""","Wed, 16 Sep 2026 14:03:31 GMT",43033832780a55ed4b3c28291184b60dc63242082c223dd83702a014d5825a65,"Mon, 14 Sep 2026 18:35:48 GMT",https://sanctionslistservice.ofac.treas.gov/api/PublicationPreview/exports/CONS_ADVANCED.XML,https://wc2h-sls-prod-public-published.s3.us-gov-west-1.amazonaws.com/Published/b2c014fc-2da0-445e-b154-0e9cebee623c/2026-09-15/8fad8400-ad57-46b5-a8a9-9882be8a46f3/CONS_ADVANCED.XML,cons_advanced.xml,,3371,,,,0,0,,
2026-09-17T14:32:10Z,ofac_sdn,classic_primary,unchanged,304,"""962c2a9c35ead5c484b0695680fb61ea""","Wed, 16 Sep 2026 14:03:32 GMT",f4424647eb39496c234a1586ef1af11f9d202813aaac732f3ceeaba21bed0884,"Wed, 16 Sep 2026 14:03:30 GMT",https://sanctionslistservice.ofac.treas.gov/api/download/SDN.CSV,https://wc2h-sls-prod-public-published.s3.us-gov-west-1.amazonaws.com/Published/b2c014fc-2da0-445e-b154-0e9cebee623c/2026-09-15/8fad8400-ad57-46b5-a8a9-9882be8a46f3/SDN.CSV,sdn.csv,,89523,,,,0,0,,
2026-09-17T14:32:10Z,ofac_sdn,classic_alias,unchanged,304,"""51f3a799963720051427fb71977c06ed""","Wed, 16 Sep 2026 14:03:32 GMT",fa40fd1d5143e534477735ca01f03d3bec190dcbb549c1c9685361817c71852c,"Wed, 16 Sep 2026 14:03:30 GMT",https://sanctionslistservice.ofac.treas.gov/api/download/ALT.CSV,https://wc2h-sls-prod-public-published.s3.us-gov-west-1.amazonaws.com/Published/b2c014fc-2da0-445e-b154-0e9cebee623c/2026-09-15/8fad8400-ad57-46b5-a8a9-9882be8a46f3/ALT.CSV,,,89523,,,,0,0,,
2026-09-17T14:32:10Z,ofac_sdn,advanced_xml,unchanged,304,"""41159c144211b087ebfc6aa415308ef6""","Wed, 16 Sep 2026 14:03:30 GMT",8f81d70e91b4481bd04ac0acebb896d9743095170250dda89c0704f579fab6b3,"Wed, 16 Sep 2026 14:03:30 GMT",https://sanctionslistservice.ofac.treas.gov/api/PublicationPreview/exports/SDN_ADVANCED.XML,https://wc2h-sls-prod-public-published.s3.us-gov-west-1.amazonaws.com/Published/b2c014fc-2da0-445e-b154-0e9cebee623c/2026-09-15/8fad8400-ad57-46b5-a8a9-9882be8a46f3/SDN_ADVANCED.XML,,,89523,,,,0,0,,
2026-09-17T14:32:10Z,ofac_cons,classic_primary,unchanged,304,"""7f41ad7857f6dbea19d5d1f8db8f096e""","Wed, 16 Sep 2026 14:03:32 GMT",0a3b74f6eb28450a9993b42a234c1801471d4dcb41220f6a7b8e466575bc3889,"Mon, 14 Sep 2026 18:35:48 GMT",https://sanctionslistservice.ofac.treas.gov/api/download/CONS_PRIM.CSV,https://wc2h-sls-prod-public-published.s3.us-gov-west-1.amazonaws.com/Published/b2c014fc-2da0-445e-b154-0e9cebee623c/2026-09-15/8fad8400-ad57-46b5-a8a9-9882be8a46f3/CONS_PRIM.CSV,cons_prim.csv,,3371,,,,0,0,,
2026-09-17T14:32:10Z,ofac_cons,classic_alias,unchanged,304,"""45451ce8674c00510670d1e9ad593632""","Wed, 16 Sep 2026 14:03:32 GMT",ee4e86b664c7a11aacd0fe227f35336cff3467602bb9607653bb4ce193811474,"Mon, 14 Sep 2026 18:35:48 GMT",https://sanctionslistservice.ofac.treas.gov/api/download/CONS_ALT.CSV,https://wc2h-sls-prod-public-published.s3.us-gov-west-1.amazonaws.com/Published/b2c014fc-2da0-445e-b154-0e9cebee623c/2026-09-15/8fad8400-ad57-46b5-a8a9-9882be8a46f3/CONS_ALT.CSV,cons_alt.csv,,3371,,,,0,0,,
2026-09-17T14:32:10Z,ofac_cons,advanced_xml,unchanged,304,"""3890e05c7f9aef8d4c6e825db8efa657""","Wed, 16 Sep 2026 14:03:31 GMT",43033832780a55ed4b3c28291184b60dc63242082c223dd83702a014d5825a65,"Mon, 14 Sep 2026 18:35:48 GMT",https://sanctionslistservice.ofac.treas.gov/api/PublicationPreview/exports/CONS_ADVANCED.XML,https://wc2h-sls-prod-public-published.s3.us-gov-west-1.amazonaws.com/Published/b2c014fc-2da0-445e-b154-0e9cebee623c/2026-09-15/8fad8400-ad57-46b5-a8a9-9882be8a46f3/CONS_ADVANCED.XML,cons_advanced.xml,,3371,,,,0,0,,
2026-09-17T15:30:20Z,ofac_sdn,classic_primary,unchanged,304,"""962c2a9c35ead5c484b0695680fb61ea""","Wed, 16 Sep 2026 14:03:32 GMT",f4424647eb39496c234a1586ef1af11f9d202813aaac732f3ceeaba21bed0884,"Wed, 16 Sep 2026 14:03:30 GMT",https://sanctionslistservice.ofac.treas.gov/api/download/SDN.CSV,https://wc2h-sls-prod-public-published.s3.us-gov-west-1.amazonaws.com/Published/b2c014fc-2da0-445e-b154-0e9cebee623c/2026-09-15/8fad8400-ad57-46b5-a8a9-9882be8a46f3/SDN.CSV,sdn.csv,,89523,,,,0,0,,
2026-09-17T15:30:20Z,ofac_sdn,classic_alias,unchanged,304,"""51f3a799963720051427fb71977c06ed""","Wed, 16 Sep 2026 14:03:32 GMT",fa40fd1d5143e534477735ca01f03d3bec190dcbb549c1c9685361817c71852c,"Wed, 16 Sep 2026 14:03:30 GMT",https://sanctionslistservice.ofac.treas.gov/api/download/ALT.CSV,https://wc2h-sls-prod-public-published.s3.us-gov-west-1.amazonaws.com/Published/b2c014fc-2da0-445e-b154-0e9cebee623c/2026-09-15/8fad8400-ad57-46b5-a8a9-9882be8a46f3/ALT.CSV,,,89523,,,,0,0,,
2026-09-17T15:30:20Z,ofac_sdn,advanced_xml,unchanged,304,"""41159c144211b087ebfc6aa415308ef6""","Wed, 16 Sep 2026 14:03:30 GMT",8f81d70e91b4481bd04ac0acebb896d9743095170250dda89c0704f579fab6b3,"Wed, 16 Sep 2026 14:03:30 GMT",https://sanctionslistservice.ofac.treas.gov/api/PublicationPreview/exports/SDN_ADVANCED.XML,https://wc2h-sls-prod-public-published.s3.us-gov-west-1.amazonaws.com/Published/b2c014fc-2da0-445e-b154-0e9cebee623c/2026-09-15/8fad8400-ad57-46b5-a8a9-9882be8a46f3/SDN_ADVANCED.XML,,,89523,,,,0,0,,
2026-09-17T15:30:20Z,ofac_cons,classic_primary,unchanged,304,"""7f41ad7857f6dbea19d5d1f8db8f096e""","Wed, 16 Sep 2026 14:03:32 GMT",0a3b74f6eb28450a9993b42a234c1801471d4dcb41220f6a7b8e466575bc3889,"Mon, 14 Sep 2026 18:35:48 GMT",https://sanctionslistservice.ofac.treas.gov/api/download/CONS_PRIM.CSV,https://wc2h-sls-prod-public-published.s3.us-gov-west-1.amazonaws.com/Published/b2c014fc-2da0-445e-b154-0e9cebee623c/2026-09-15/8fad8400-ad57-46b5-a8a9-9882be8a46f3/CONS_PRIM.CSV,cons_prim.csv,,3371,,,,0,0,,
2026-09-17T15:30:20Z,ofac_cons,classic_alias,unchanged,304,"""45451ce8674c00510670d1e9ad593632""","Wed, 16 Sep 2026 14:03:32 GMT",ee4e86b664c7a11aacd0fe227f35336cff3467602bb9607653bb4ce193811474,"Mon, 14 Sep 2026 18:35:48 GMT",https://sanctionslistservice.ofac.treas.gov/api/download/CONS_ALT.CSV,https://wc2h-sls-prod-public-published.s3.us-gov-west-1.amazonaws.com/Published/b2c014fc-2da0-445e-b154-0e9cebee623c/2026-09-15/8fad8400-ad57-46b5-a8a9-9882be8a46f3/CONS_ALT.CSV,cons_alt.csv,,3371,,,,0,0,,
2026-09-17T15:30:20Z,ofac_cons,advanced_xml,unchanged,304,"""3890e05c7f9aef8d4c6e825db8efa657""","Wed, 16 Sep 2026 14:03:31 GMT",43033832780a55ed4b3c28291184b60dc63242082c223dd83702a014d5825a65,"Mon, 14 Sep 2026 18:35:48 GMT",https://sanctionslistservice.ofac.treas.gov/api/PublicationPreview/exports/CONS_ADVANCED.XML,https://wc2h-sls-prod-public-published.s3.us-gov-west-1.amazonaws.com/Published/b2c014fc-2da0-445e-b154-0e9cebee623c/2026-09-15/8fad8400-ad57-46b5-a8a9-9882be8a46f3/CONS_ADVANCED.XML,cons_advanced.xml,,3371,,,,0,0,,
2026-09-17T16:31:01Z,ofac_sdn,classic_primary,unchanged,304,"""962c2a9c35ead5c484b0695680fb61ea""","Wed, 16 Sep 2026 14:03:32 GMT",f4424647eb39496c234a1586ef1af11f9d202813aaac732f3ceeaba21bed0884,"Wed, 16 Sep 2026 14:03:30 GMT",https://sanctionslistservice.ofac.treas.gov/api/download/SDN.CSV,https://wc2h-sls-prod-public-published.s3.us-gov-west-1.amazonaws.com/Published/b2c014fc-2da0-445e-b154-0e9cebee623c/2026-09-15/8fad8400-ad57-46b5-a8a9-9882be8a46f3/SDN.CSV,sdn.csv,,89523,,,,0,0,,
2026-09-17T16:31:01Z,ofac_sdn,classic_alias,unchanged,304,"""51f3a799963720051427fb71977c06ed""","Wed, 16 Sep 2026 14:03:32 GMT",fa40fd1d5143e534477735ca01f03d3bec190dcbb549c1c9685361817c71852c,"Wed, 16 Sep 2026 14:03:30 GMT",https://sanctionslistservice.ofac.treas.gov/api/download/ALT.CSV,https://wc2h-sls-prod-public-published.s3.us-gov-west-1.amazonaws.com/Published/b2c014fc-2da0-445e-b154-0e9cebee623c/2026-09-15/8fad8400-ad57-46b5-a8a9-9882be8a46f3/ALT.CSV,,,89523,,,,0,0,,
2026-09-17T16:31:01Z,ofac_sdn,advanced_xml,unchanged,304,"""41159c144211b087ebfc6aa415308ef6""","Wed, 16 Sep 2026 14:03:30 GMT",8f81d70e91b4481bd04ac0acebb896d9743095170250dda89c0704f579fab6b3,"Wed, 16 Sep 2026 14:03:30 GMT",https://sanctionslistservice.ofac.treas.gov/api/PublicationPreview/exports/SDN_ADVANCED.XML,https://wc2h-sls-prod-public-published.s3.us-gov-west-1.amazonaws.com/Published/b2c014fc-2da0-445e-b154-0e9cebee623c/2026-09-15/8fad8400-ad57-46b5-a8a9-9882be8a46f3/SDN_ADVANCED.XML,,,89523,,,,0,0,,
2026-09-17T16:31:01Z,ofac_cons,classic_primary,unchanged,304,"""7f41ad7857f6dbea19d5d1f8db8f096e""","Wed, 16 Sep 2026 14:03:32 GMT",0a3b74f6eb28450a9993b42a234c1801471d4dcb41220f6a7b8e466575bc3889,"Mon, 14 Sep 2026 18:35:48 GMT",https://sanctionslistservice.ofac.treas.gov/api/download/CONS_PRIM.CSV,https://wc2h-sls-prod-public-published.s3.us-gov-west-1.amazonaws.com/Published/b2c014fc-2da0-445e-b154-0e9cebee623c/2026-09-15/8fad8400-ad57-46b5-a8a9-9882be8a46f3/CONS_PRIM.CSV,cons_prim.csv,,3371,,,,0,0,,
2026-09-17T16:31:01Z,ofac_cons,classic_alias,unchanged,304,"""45451ce8674c00510670d1e9ad593632""","Wed, 16 Sep 2026 14:03:32 GMT",ee4e86b664c7a11aacd0fe227f35336cff3467602bb9607653bb4ce193811474,"Mon, 14 Sep 2026 18:35:48 GMT",https://sanctionslistservice.ofac.treas.gov/api/download/CONS_ALT.CSV,https://wc2h-sls-prod-public-published.s3.us-gov-west-1.amazonaws.com/Published/b2c014fc-2da0-445e-b154-0e9cebee623c/2026-09-15/8fad8400-ad57-46b5-a8a9-9882be8a46f3/CONS_ALT.CSV,cons_alt.csv,,3371,,,,0,0,,
2026-09-17T16:31:01Z,ofac_cons,advanced_xml,unchanged,304,"""3890e05c7f9aef8d4c6e825db8efa657""","Wed, 16 Sep 2026 14:03:31 GMT",43033832780a55ed4b3c28291184b60dc63242082c223dd83702a014d5825a65,"Mon, 14 Sep 2026 18:35:48 GMT",https://sanctionslistservice.ofac.treas.gov/api/PublicationPreview/exports/CONS_ADVANCED.XML,https://wc2h-sls-prod-public-published.s3.us-gov-west-1.amazonaws.com/Published/b2c014fc-2da0-445e-b154-0e9cebee623c/2026-09-15/8fad8400-ad57-46b5-a8a9-9882be8a46f3/CONS_ADVANCED.XML,cons_advanced.xml,,3371,,,,0,0,,
2026-09-17T17:28:20Z,ofac_sdn,classic_primary,unchanged,304,"""962c2a9c35ead5c484b0695680fb61ea""","Wed, 16 Sep 2026 14:03:32 GMT",f4424647eb39496c234a1586ef1af11f9d202813aaac732f3ceeaba21bed0884,"Wed, 16 Sep 2026 14:03:30 GMT",https://sanctionslistservice.ofac.treas.gov/api/download/SDN.CSV,https://wc2h-sls-prod-public-published.s3.us-gov-west-1.amazonaws.com/Published/b2c014fc-2da0-445e-b154-0e9cebee623c/2026-09-15/8fad8400-ad57-46b5-a8a9-9882be8a46f3/SDN.CSV,sdn.csv,,89523,,,,0,0,,
2026-09-17T17:28:20Z,ofac_sdn,classic_alias,unchanged,304,"""51f3a799963720051427fb71977c06ed""","Wed, 16 Sep 2026 14:03:32 GMT",fa40fd1d5143e534477735ca01f03d3bec190dcbb549c1c9685361817c71852c,"Wed, 16 Sep 2026 14:03:30 GMT",https://sanctionslistservice.ofac.treas.gov/api/download/ALT.CSV,https://wc2h-sls-prod-public-published.s3.us-gov-west-1.amazonaws.com/Published/b2c014fc-2da0-445e-b154-0e9cebee623c/2026-09-15/8fad8400-ad57-46b5-a8a9-9882be8a46f3/ALT.CSV,,,89523,,,,0,0,,
2026-09-17T17:28:20Z,ofac_sdn,advanced_xml,unchanged,304,"""41159c144211b087ebfc6aa415308ef6""","Wed, 16 Sep 2026 14:03:30 GMT",8f81d70e91b4481bd04ac0acebb896d9743095170250dda89c0704f579fab6b3,"Wed, 16 Sep 2026 14:03:30 GMT",https://sanctionslistservice.ofac.treas.gov/api/PublicationPreview/exports/SDN_ADVANCED.XML,https://wc2h-sls-prod-public-published.s3.us-gov-west-1.amazonaws.com/Published/b2c014fc-2da0-445e-b154-0e9cebee623c/2026-09-15/8fad8400-ad57-46b5-a8a9-9882be8a46f3/SDN_ADVANCED.XML,,,89523,,,,0,0,,
2026-09-17T17:28:20Z,ofac_cons,classic_primary,unchanged,304,"""7f41ad7857f6dbea19d5d1f8db8f096e""","Wed, 16 Sep 2026 14:03:32 GMT",0a3b74f6eb28450a9993b42a234c1801471d4dcb41220f6a7b8e466575bc3889,"Mon, 14 Sep 2026 18:35:48 GMT",https://sanctionslistservice.ofac.treas.gov/api/download/CONS_PRIM.CSV,https://wc2h-sls-prod-public-published.s3.us-gov-west-1.amazonaws.com/Published/b2c014fc-2da0-445e-b154-0e9cebee623c/2026-09-15/8fad8400-ad57-46b5-a8a9-9882be8a46f3/CONS_PRIM.CSV,cons_prim.csv,,3371,,,,0,0,,
2026-09-17T17:28:20Z,ofac_cons,classic_alias,unchanged,304,"""45451ce8674c00510670d1e9ad593632""","Wed, 16 Sep 2026 14:03:32 GMT",ee4e86b664c7a11aacd0fe227f35336cff3467602bb9607653bb4ce193811474,"Mon, 14 Sep 2026 18:35:48 GMT",https://sanctionslistservice.ofac.treas.gov/api/download/CONS_ALT.CSV,https://wc2h-sls-prod-public-published.s3.us-gov-west-1.amazonaws.com/Published/b2c014fc-2da0-445e-b154-0e9cebee623c/2026-09-15/8fad8400-ad57-46b5-a8a9-9882be8a46f3/CONS_ALT.CSV,cons_alt.csv,,3371,,,,0,0,,
2026-09-17T17:28:20Z,ofac_cons,advanced_xml,unchanged,304,"""3890e05c7f9aef8d4c6e825db8efa657""","Wed, 16 Sep 2026 14:03:31 GMT",43033832780a55ed4b3c28291184b60dc63242082c223dd83702a014d5825a65,"Mon, 14 Sep 2026 18:35:48 GMT",https://sanctionslistservice.ofac.treas.gov/api/PublicationPreview/exports/CONS_ADVANCED.XML,https://wc2h-sls-prod-public-published.s3.us-gov-west-1.amazonaws.com/Published/b2c014fc-2da0-445e-b154-0e9cebee623c/2026-09-15/8fad8400-ad57-46b5-a8a9-9882be8a46f3/CONS_ADVANCED.XML,cons_advanced.xml,,3371,,,,0,0,,
2026-09-17T18:48:19Z,mof,index_page,fetched,200,"""a251-65b083d534fc0""","Wed, 09 Sep 2026 08:00:07 GMT",8a71b1ea647fea7d909e655bf4caa2092bf7d47b350bf6b96c892896bd5833ce,令和8年9月10日,https://www.mof.go.jp/policy/international_policy/gaitame_kawase/gaitame/economic_sanctions/list.html,https://www.mof.go.jp/policy/international_policy/gaitame_kawase/gaitame/economic_sanctions/list.html,list.html,,,,,,0,0,,
2026-09-17T18:48:19Z,mof,list_file,unchanged,304,"""3225f7-65b083d71d440""","Wed, 09 Sep 2026 08:00:09 GMT",c46ccaf88a98ab9c4209c4032c91190fa740ac106767fe32331879d73de99d03,令和8年9月10日,https://www.mof.go.jp/policy/international_policy/gaitame_kawase/gaitame/economic_sanctions/shisantouketsu20260910.csv,https://www.mof.go.jp/policy/international_policy/gaitame_kawase/gaitame/economic_sanctions/shisantouketsu20260910.csv,shisantouketsu20260910.csv,,14743,,,,0,0,,
2026-09-17T18:48:19Z,meti,index_page,blocked,403,"W/""c3bb143a530e398af9a1c1a440f0189c""","Mon, 24 Aug 2026 07:11:49 GMT",,,https://www.meti.go.jp/policy/anpo/law09.html,https://www.meti.go.jp/policy/anpo/law09.html,,,,,,,1,0,HTTPError,403 Client Error: Forbidden for url: https://www.meti.go.jp/policy/anpo/law09.html
2026-09-18T00:48:55Z,mof,index_page,fetched,200,"""a251-65b083d534fc0""","Wed, 09 Sep 2026 08:00:07 GMT",9a47ad0bc6c3a18624fef0d9f73dc18429812814cbd4e46d83fee55343551d4a,令和8年9月10日,https://www.mof.go.jp/policy/international_policy/gaitame_kawase/gaitame/economic_sanctions/list.html,https://www.mof.go.jp/policy/international_policy/gaitame_kawase/gaitame/economic_sanctions/list.html,list.html,,,,,,0,0,,
2026-09-18T00:48:55Z,mof,list_file,unchanged,304,"""3225f7-65b083d71d440""","Wed, 09 Sep 2026 08:00:09 GMT",c46ccaf88a98ab9c4209c4032c91190fa740ac106767fe32331879d73de99d03,令和8年9月10日,https://www.mof.go.jp/policy/international_policy/gaitame_kawase/gaitame/economic_sanctions/shisantouketsu20260910.csv,https://www.mof.go.jp/policy/international_policy/gaitame_kawase/gaitame/economic_sanctions/shisantouketsu20260910.csv,shisantouketsu20260910.csv,,14743,,,,0,0,,
2026-09-18T00:48:55Z,meti,index_page,blocked,403,"W/""c3bb143a530e398af9a1c1a440f0189c""","Mon, 24 Aug 2026 07:11:49 GMT",,,https://www.meti.go.jp/policy/anpo/law09.html,https://www.meti.go.jp/policy/anpo/law09.html,,,,,,,1,0,HTTPError,403 Client Error: Forbidden for url: https://www.meti.go.jp/policy/anpo/law09.html
2026-09-18T01:21:46Z,ofac_sdn,classic_primary,fetched,200,"""8e209461a2510ee3dd1b8225bd258721""","Thu, 17 Sep 2026 17:33:05 GMT",01df2c64828bd5471d0e512c5d609d45f80ea13972d3397491b90e375899e09b,,https://sanctionslistservice.ofac.treas.gov/api/download/SDN.CSV,https://wc2h-sls-prod-public-published.s3.us-gov-west-1.amazonaws.com/Published/068dbfdf-4087-459b-8fc3-6581361d24a0/2026-09-16/c8c1c0ee-d1cc-4292-a406-549f3d6cd9f8/SDN.CSV,sdn.csv,,,,,,0,0,,
2026-09-18T01:21:46Z,ofac_sdn,classic_alias,fetched,200,"""937a8a14fa944ca776a3280b90fd38a9""","Thu, 17 Sep 2026 17:33:06 GMT",5aa36573f317e3c34fc342f78c6bb29a3cad28e476bf48396b1e9fab6ed4730c,,https://sanctionslistservice.ofac.treas.gov/api/download/ALT.CSV,https://wc2h-sls-prod-public-published.s3.us-gov-west-1.amazonaws.com/Published/068dbfdf-4087-459b-8fc3-6581361d24a0/2026-09-16/c8c1c0ee-d1cc-4292-a406-549f3d6cd9f8/ALT.CSV,alt.csv,,,,,,0,0,,
2026-09-18T01:21:46Z,ofac_sdn,advanced_xml,fetched,200,"""98475f0fcc3c5b895e336e3c6a6de27f""","Thu, 17 Sep 2026 17:33:04 GMT",a092172349e389c768852b3600295f0296da017f756575954ef0efbcdb49b745,,https://sanctionslistservice.ofac.treas.gov/api/PublicationPreview/exports/SDN_ADVANCED.XML,https://wc2h-sls-prod-public-published.s3.us-gov-west-1.amazonaws.com/Published/068dbfdf-4087-459b-8fc3-6581361d24a0/2026-09-16/c8c1c0ee-d1cc-4292-a406-549f3d6cd9f8/SDN_ADVANCED.XML,sdn_advanced.xml,,,,,,0,0,,
2026-09-18T01:21:46Z,ofac_sdn,validated_snapshot,validated,200,"""98475f0fcc3c5b895e336e3c6a6de27f""","Thu, 17 Sep 2026 17:33:04 GMT",a092172349e389c768852b3600295f0296da017f756575954ef0efbcdb49b745,"Thu, 17 Sep 2026 17:33:04 GMT",https://sanctionslistservice.ofac.treas.gov/api/PublicationPreview/exports/SDN_ADVANCED.XML,https://wc2h-sls-prod-public-published.s3.us-gov-west-1.amazonaws.com/Published/068dbfdf-4087-459b-8fc3-6581361d24a0/2026-09-16/c8c1c0ee-d1cc-4292-a406-549f3d6cd9f8/SDN_ADVANCED.XML,sdn_advanced.xml,data/raw/ofac_sdn_advanced/20260918T012129Z__sdn_advanced.xml.gz,89581,,,,0,0,,
2026-09-18T01:21:46Z,ofac_cons,classic_primary,unchanged,200,"""cc15476d4bcf2b8462c6470ff581e57f""","Thu, 17 Sep 2026 17:33:05 GMT",0a3b74f6eb28450a9993b42a234c1801471d4dcb41220f6a7b8e466575bc3889,"Mon, 14 Sep 2026 18:35:48 GMT",https://sanctionslistservice.ofac.treas.gov/api/download/CONS_PRIM.CSV,https://wc2h-sls-prod-public-published.s3.us-gov-west-1.amazonaws.com/Published/068dbfdf-4087-459b-8fc3-6581361d24a0/2026-09-16/c8c1c0ee-d1cc-4292-a406-549f3d6cd9f8/CONS_PRIM.CSV,cons_prim.csv,,3371,,,,0,0,,
2026-09-18T01:21:46Z,ofac_cons,classic_alias,unchanged,200,"""8d6cf7c1e514f736d84de0c426b97c93""","Thu, 17 Sep 2026 17:33:06 GMT",ee4e86b664c7a11aacd0fe227f35336cff3467602bb9607653bb4ce193811474,"Mon, 14 Sep 2026 18:35:48 GMT",https://sanctionslistservice.ofac.treas.gov/api/download/CONS_ALT.CSV,https://wc2h-sls-prod-public-published.s3.us-gov-west-1.amazonaws.com/Published/068dbfdf-4087-459b-8fc3-6581361d24a0/2026-09-16/c8c1c0ee-d1cc-4292-a406-549f3d6cd9f8/CONS_ALT.CSV,cons_alt.csv,,3371,,,,0,0,,
2026-09-18T01:21:46Z,ofac_cons,advanced_xml,unchanged,200,"""67aed9e280a31497858f7f3c445749ac""","Thu, 17 Sep 2026 17:33:05 GMT",43033832780a55ed4b3c28291184b60dc63242082c223dd83702a014d5825a65,"Mon, 14 Sep 2026 18:35:48 GMT",https://sanctionslistservice.ofac.treas.gov/api/PublicationPreview/exports/CONS_ADVANCED.XML,https://wc2h-sls-prod-public-published.s3.us-gov-west-1.amazonaws.com/Published/068dbfdf-4087-459b-8fc3-6581361d24a0/2026-09-16/c8c1c0ee-d1cc-4292-a406-549f3d6cd9f8/CONS_ADVANCED.XML,cons_advanced.xml,,3371,,,,0,0,,
2026-09-18T01:21:46Z,ofac,party_removal_approval,approval_validated,,,,a092172349e389c768852b3600295f0296da017f756575954ef0efbcdb49b745,,https://sanctionslistservice.ofac.treas.gov/api/PublicationPreview/exports/SDN_ADVANCED.XML,,,,2,,2,,0,0,,
2026-09-18T01:21:46Z,ofac,aggregate_merge,changed,,,,,,,,,,88323,39,8,0,0,0,,
2026-09-18T01:28:24Z,ofac_sdn,classic_primary,unchanged,304,"""8e209461a2510ee3dd1b8225bd258721""","Thu, 17 Sep 2026 17:33:05 GMT",01df2c64828bd5471d0e512c5d609d45f80ea13972d3397491b90e375899e09b,"Thu, 17 Sep 2026 17:33:04 GMT",https://sanctionslistservice.ofac.treas.gov/api/download/SDN.CSV,https://wc2h-sls-prod-public-published.s3.us-gov-west-1.amazonaws.com/Published/068dbfdf-4087-459b-8fc3-6581361d24a0/2026-09-16/c8c1c0ee-d1cc-4292-a406-549f3d6cd9f8/SDN.CSV,sdn.csv,,89581,,,,0,0,,
2026-09-18T01:28:24Z,ofac_sdn,classic_alias,unchanged,304,"""937a8a14fa944ca776a3280b90fd38a9""","Thu, 17 Sep 2026 17:33:06 GMT",5aa36573f317e3c34fc342f78c6bb29a3cad28e476bf48396b1e9fab6ed4730c,"Thu, 17 Sep 2026 17:33:04 GMT",https://sanctionslistservice.ofac.treas.gov/api/download/ALT.CSV,https://wc2h-sls-prod-public-published.s3.us-gov-west-1.amazonaws.com/Published/068dbfdf-4087-459b-8fc3-6581361d24a0/2026-09-16/c8c1c0ee-d1cc-4292-a406-549f3d6cd9f8/ALT.CSV,,,89581,,,,0,0,,
2026-09-18T01:28:24Z,ofac_sdn,advanced_xml,unchanged,304,"""98475f0fcc3c5b895e336e3c6a6de27f""","Thu, 17 Sep 2026 17:33:04 GMT",a092172349e389c768852b3600295f0296da017f756575954ef0efbcdb49b745,"Thu, 17 Sep 2026 17:33:04 GMT",https://sanctionslistservice.ofac.treas.gov/api/PublicationPreview/exports/SDN_ADVANCED.XML,https://wc2h-sls-prod-public-published.s3.us-gov-west-1.amazonaws.com/Published/068dbfdf-4087-459b-8fc3-6581361d24a0/2026-09-16/c8c1c0ee-d1cc-4292-a406-549f3d6cd9f8/SDN_ADVANCED.XML,,,89581,,,,0,0,,
2026-09-18T01:28:24Z,ofac_cons,classic_primary,unchanged,304,"""cc15476d4bcf2b8462c6470ff581e57f""","Thu, 17 Sep 2026 17:33:05 GMT",0a3b74f6eb28450a9993b42a234c1801471d4dcb41220f6a7b8e466575bc3889,"Mon, 14 Sep 2026 18:35:48 GMT",https://sanctionslistservice.ofac.treas.gov/api/download/CONS_PRIM.CSV,https://wc2h-sls-prod-public-published.s3.us-gov-west-1.amazonaws.com/Published/068dbfdf-4087-459b-8fc3-6581361d24a0/2026-09-16/c8c1c0ee-d1cc-4292-a406-549f3d6cd9f8/CONS_PRIM.CSV,cons_prim.csv,,3371,,,,0,0,,
2026-09-18T01:28:24Z,ofac_cons,classic_alias,unchanged,304,"""8d6cf7c1e514f736d84de0c426b97c93""","Thu, 17 Sep 2026 17:33:06 GMT",ee4e86b664c7a11aacd0fe227f35336cff3467602bb9607653bb4ce193811474,"Mon, 14 Sep 2026 18:35:48 GMT",https://sanctionslistservice.ofac.treas.gov/api/download/CONS_ALT.CSV,https://wc2h-sls-prod-public-published.s3.us-gov-west-1.amazonaws.com/Published/068dbfdf-4087-459b-8fc3-6581361d24a0/2026-09-16/c8c1c0ee-d1cc-4292-a406-549f3d6cd9f8/CONS_ALT.CSV,cons_alt.csv,,3371,,,,0,0,,
2026-09-18T01:28:24Z,ofac_cons,advanced_xml,unchanged,304,"""67aed9e280a31497858f7f3c445749ac""","Thu, 17 Sep 2026 17:33:05 GMT",43033832780a55ed4b3c28291184b60dc63242082c223dd83702a014d5825a65,"Mon, 14 Sep 2026 18:35:48 GMT",https://sanctionslistservice.ofac.treas.gov/api/PublicationPreview/exports/CONS_ADVANCED.XML,https://wc2h-sls-prod-public-published.s3.us-gov-west-1.amazonaws.com/Published/068dbfdf-4087-459b-8fc3-6581361d24a0/2026-09-16/c8c1c0ee-d1cc-4292-a406-549f3d6cd9f8/CONS_ADVANCED.XML,cons_advanced.xml,,3371,,,,0,0,,
2026-09-18T02:31:25Z,ofac_sdn,classic_primary,unchanged,304,"""8e209461a2510ee3dd1b8225bd258721""","Thu, 17 Sep 2026 17:33:05 GMT",01df2c64828bd5471d0e512c5d609d45f80ea13972d3397491b90e375899e09b,"Thu, 17 Sep 2026 17:33:04 GMT",https://sanctionslistservice.ofac.treas.gov/api/download/SDN.CSV,https://wc2h-sls-prod-public-published.s3.us-gov-west-1.amazonaws.com/Published/068dbfdf-4087-459b-8fc3-6581361d24a0/2026-09-16/c8c1c0ee-d1cc-4292-a406-549f3d6cd9f8/SDN.CSV,sdn.csv,,89581,,,,0,0,,
2026-09-18T02:31:25Z,ofac_sdn,classic_alias,unchanged,304,"""937a8a14fa944ca776a3280b90fd38a9""","Thu, 17 Sep 2026 17:33:06 GMT",5aa36573f317e3c34fc342f78c6bb29a3cad28e476bf48396b1e9fab6ed4730c,"Thu, 17 Sep 2026 17:33:04 GMT",https://sanctionslistservice.ofac.treas.gov/api/download/ALT.CSV,https://wc2h-sls-prod-public-published.s3.us-gov-west-1.amazonaws.com/Published/068dbfdf-4087-459b-8fc3-6581361d24a0/2026-09-16/c8c1c0ee-d1cc-4292-a406-549f3d6cd9f8/ALT.CSV,,,89581,,,,0,0,,
2026-09-18T02:31:25Z,ofac_sdn,advanced_xml,unchanged,304,"""98475f0fcc3c5b895e336e3c6a6de27f""","Thu, 17 Sep 2026 17:33:04 GMT",a092172349e389c768852b3600295f0296da017f756575954ef0efbcdb49b745,"Thu, 17 Sep 2026 17:33:04 GMT",https://sanctionslistservice.ofac.treas.gov/api/PublicationPreview/exports/SDN_ADVANCED.XML,https://wc2h-sls-prod-public-published.s3.us-gov-west-1.amazonaws.com/Published/068dbfdf-4087-459b-8fc3-6581361d24a0/2026-09-16/c8c1c0ee-d1cc-4292-a406-549f3d6cd9f8/SDN_ADVANCED.XML,,,89581,,,,0,0,,
2026-09-18T02:31:25Z,ofac_cons,classic_primary,unchanged,304,"""cc15476d4bcf2b8462c6470ff581e57f""","Thu, 17 Sep 2026 17:33:05 GMT",0a3b74f6eb28450a9993b42a234c1801471d4dcb41220f6a7b8e466575bc3889,"Mon, 14 Sep 2026 18:35:48 GMT",https://sanctionslistservice.ofac.treas.gov/api/download/CONS_PRIM.CSV,https://wc2h-sls-prod-public-published.s3.us-gov-west-1.amazonaws.com/Published/068dbfdf-4087-459b-8fc3-6581361d24a0/2026-09-16/c8c1c0ee-d1cc-4292-a406-549f3d6cd9f8/CONS_PRIM.CSV,cons_prim.csv,,3371,,,,0,0,,
2026-09-18T02:31:25Z,ofac_cons,classic_alias,unchanged,304,"""8d6cf7c1e514f736d84de0c426b97c93""","Thu, 17 Sep 2026 17:33:06 GMT",ee4e86b664c7a11aacd0fe227f35336cff3467602bb9607653bb4ce193811474,"Mon, 14 Sep 2026 18:35:48 GMT",https://sanctionslistservice.ofac.treas.gov/api/download/CONS_ALT.CSV,https://wc2h-sls-prod-public-published.s3.us-gov-west-1.amazonaws.com/Published/068dbfdf-4087-459b-8fc3-6581361d24a0/2026-09-16/c8c1c0ee-d1cc-4292-a406-549f3d6cd9f8/CONS_ALT.CSV,cons_alt.csv,,3371,,,,0,0,,
2026-09-18T02:31:25Z,ofac_cons,advanced_xml,unchanged,304,"""67aed9e280a31497858f7f3c445749ac""","Thu, 17 Sep 2026 17:33:05 GMT",43033832780a55ed4b3c28291184b60dc63242082c223dd83702a014d5825a65,"Mon, 14 Sep 2026 18:35:48 GMT",https://sanctionslistservice.ofac.treas.gov/api/PublicationPreview/exports/CONS_ADVANCED.XML,https://wc2h-sls-prod-public-published.s3.us-gov-west-1.amazonaws.com/Published/068dbfdf-4087-459b-8fc3-6581361d24a0/2026-09-16/c8c1c0ee-d1cc-4292-a406-549f3d6cd9f8/CONS_ADVANCED.XML,cons_advanced.xml,,3371,,,,0,0,,
2026-09-18T03:30:06Z,ofac_sdn,classic_primary,unchanged,304,"""8e209461a2510ee3dd1b8225bd258721""","Thu, 17 Sep 2026 17:33:05 GMT",01df2c64828bd5471d0e512c5d609d45f80ea13972d3397491b90e375899e09b,"Thu, 17 Sep 2026 17:33:04 GMT",https://sanctionslistservice.ofac.treas.gov/api/download/SDN.CSV,https://wc2h-sls-prod-public-published.s3.us-gov-west-1.amazonaws.com/Published/068dbfdf-4087-459b-8fc3-6581361d24a0/2026-09-16/c8c1c0ee-d1cc-4292-a406-549f3d6cd9f8/SDN.CSV,sdn.csv,,89581,,,,0,0,,
2026-09-18T03:30:06Z,ofac_sdn,classic_alias,unchanged,304,"""937a8a14fa944ca776a3280b90fd38a9""","Thu, 17 Sep 2026 17:33:06 GMT",5aa36573f317e3c34fc342f78c6bb29a3cad28e476bf48396b1e9fab6ed4730c,"Thu, 17 Sep 2026 17:33:04 GMT",https://sanctionslistservice.ofac.treas.gov/api/download/ALT.CSV,https://wc2h-sls-prod-public-published.s3.us-gov-west-1.amazonaws.com/Published/068dbfdf-4087-459b-8fc3-6581361d24a0/2026-09-16/c8c1c0ee-d1cc-4292-a406-549f3d6cd9f8/ALT.CSV,,,89581,,,,0,0,,
2026-09-18T03:30:06Z,ofac_sdn,advanced_xml,unchanged,304,"""98475f0fcc3c5b895e336e3c6a6de27f""","Thu, 17 Sep 2026 17:33:04 GMT",a092172349e389c768852b3600295f0296da017f756575954ef0efbcdb49b745,"Thu, 17 Sep 2026 17:33:04 GMT",https://sanctionslistservice.ofac.treas.gov/api/PublicationPreview/exports/SDN_ADVANCED.XML,https://wc2h-sls-prod-public-published.s3.us-gov-west-1.amazonaws.com/Published/068dbfdf-4087-459b-8fc3-6581361d24a0/2026-09-16/c8c1c0ee-d1cc-4292-a406-549f3d6cd9f8/SDN_ADVANCED.XML,,,89581,,,,0,0,,
2026-09-18T03:30:06Z,ofac_cons,classic_primary,unchanged,304,"""cc15476d4bcf2b8462c6470ff581e57f""","Thu, 17 Sep 2026 17:33:05 GMT",0a3b74f6eb28450a9993b42a234c1801471d4dcb41220f6a7b8e466575bc3889,"Mon, 14 Sep 2026 18:35:48 GMT",https://sanctionslistservice.ofac.treas.gov/api/download/CONS_PRIM.CSV,https://wc2h-sls-prod-public-published.s3.us-gov-west-1.amazonaws.com/Published/068dbfdf-4087-459b-8fc3-6581361d24a0/2026-09-16/c8c1c0ee-d1cc-4292-a406-549f3d6cd9f8/CONS_PRIM.CSV,cons_prim.csv,,3371,,,,0,0,,
2026-09-18T03:30:06Z,ofac_cons,classic_alias,unchanged,304,"""8d6cf7c1e514f736d84de0c426b97c93""","Thu, 17 Sep 2026 17:33:06 GMT",ee4e86b664c7a11aacd0fe227f35336cff3467602bb9607653bb4ce193811474,"Mon, 14 Sep 2026 18:35:48 GMT",https://sanctionslistservice.ofac.treas.gov/api/download/CONS_ALT.CSV,https://wc2h-sls-prod-public-published.s3.us-gov-west-1.amazonaws.com/Published/068dbfdf-4087-459b-8fc3-6581361d24a0/2026-09-16/c8c1c0ee-d1cc-4292-a406-549f3d6cd9f8/CONS_ALT.CSV,cons_alt.csv,,3371,,,,0,0,,
2026-09-18T03:30:06Z,ofac_cons,advanced_xml,unchanged,304,"""67aed9e280a31497858f7f3c445749ac""","Thu, 17 Sep 2026 17:33:05 GMT",43033832780a55ed4b3c28291184b60dc63242082c223dd83702a014d5825a65,"Mon, 14 Sep 2026 18:35:48 GMT",https://sanctionslistservice.ofac.treas.gov/api/PublicationPreview/exports/CONS_ADVANCED.XML,https://wc2h-sls-prod-public-published.s3.us-gov-west-1.amazonaws.com/Published/068dbfdf-4087-459b-8fc3-6581361d24a0/2026-09-16/c8c1c0ee-d1cc-4292-a406-549f3d6cd9f8/CONS_ADVANCED.XML,cons_advanced.xml,,3371,,,,0,0,,
2026-09-18T04:30:15Z,ofac_sdn,classic_primary,unchanged,304,"""8e209461a2510ee3dd1b8225bd258721""","Thu, 17 Sep 2026 17:33:05 GMT",01df2c64828bd5471d0e512c5d609d45f80ea13972d3397491b90e375899e09b,"Thu, 17 Sep 2026 17:33:04 GMT",https://sanctionslistservice.ofac.treas.gov/api/download/SDN.CSV,https://wc2h-sls-prod-public-published.s3.us-gov-west-1.amazonaws.com/Published/068dbfdf-4087-459b-8fc3-6581361d24a0/2026-09-16/c8c1c0ee-d1cc-4292-a406-549f3d6cd9f8/SDN.CSV,sdn.csv,,89581,,,,0,0,,
2026-09-18T04:30:15Z,ofac_sdn,classic_alias,unchanged,304,"""937a8a14fa944ca776a3280b90fd38a9""","Thu, 17 Sep 2026 17:33:06 GMT",5aa36573f317e3c34fc342f78c6bb29a3cad28e476bf48396b1e9fab6ed4730c,"Thu, 17 Sep 2026 17:33:04 GMT",https://sanctionslistservice.ofac.treas.gov/api/download/ALT.CSV,https://wc2h-sls-prod-public-published.s3.us-gov-west-1.amazonaws.com/Published/068dbfdf-4087-459b-8fc3-6581361d24a0/2026-09-16/c8c1c0ee-d1cc-4292-a406-549f3d6cd9f8/ALT.CSV,,,89581,,,,0,0,,
2026-09-18T04:30:15Z,ofac_sdn,advanced_xml,unchanged,304,"""98475f0fcc3c5b895e336e3c6a6de27f""","Thu, 17 Sep 2026 17:33:04 GMT",a092172349e389c768852b3600295f0296da017f756575954ef0efbcdb49b745,"Thu, 17 Sep 2026 17:33:04 GMT",https://sanctionslistservice.ofac.treas.gov/api/PublicationPreview/exports/SDN_ADVANCED.XML,https://wc2h-sls-prod-public-published.s3.us-gov-west-1.amazonaws.com/Published/068dbfdf-4087-459b-8fc3-6581361d24a0/2026-09-16/c8c1c0ee-d1cc-4292-a406-549f3d6cd9f8/SDN_ADVANCED.XML,,,89581,,,,0,0,,
2026-09-18T04:30:15Z,ofac_cons,classic_primary,unchanged,304,"""cc15476d4bcf2b8462c6470ff581e57f""","Thu, 17 Sep 2026 17:33:05 GMT",0a3b74f6eb28450a9993b42a234c1801471d4dcb41220f6a7b8e466575bc3889,"Mon, 14 Sep 2026 18:35:48 GMT",https://sanctionslistservice.ofac.treas.gov/api/download/CONS_PRIM.CSV,https://wc2h-sls-prod-public-published.s3.us-gov-west-1.amazonaws.com/Published/068dbfdf-4087-459b-8fc3-6581361d24a0/2026-09-16/c8c1c0ee-d1cc-4292-a406-549f3d6cd9f8/CONS_PRIM.CSV,cons_prim.csv,,3371,,,,0,0,,
2026-09-18T04:30:15Z,ofac_cons,classic_alias,unchanged,304,"""8d6cf7c1e514f736d84de0c426b97c93""","Thu, 17 Sep 2026 17:33:06 GMT",ee4e86b664c7a11aacd0fe227f35336cff3467602bb9607653bb4ce193811474,"Mon, 14 Sep 2026 18:35:48 GMT",https://sanctionslistservice.ofac.treas.gov/api/download/CONS_ALT.CSV,https://wc2h-sls-prod-public-published.s3.us-gov-west-1.amazonaws.com/Published/068dbfdf-4087-459b-8fc3-6581361d24a0/2026-09-16/c8c1c0ee-d1cc-4292-a406-549f3d6cd9f8/CONS_ALT.CSV,cons_alt.csv,,3371,,,,0,0,,
2026-09-18T04:30:15Z,ofac_cons,advanced_xml,unchanged,304,"""67aed9e280a31497858f7f3c445749ac""","Thu, 17 Sep 2026 17:33:05 GMT",43033832780a55ed4b3c28291184b60dc63242082c223dd83702a014d5825a65,"Mon, 14 Sep 2026 18:35:48 GMT",https://sanctionslistservice.ofac.treas.gov/api/PublicationPreview/exports/CONS_ADVANCED.XML,https://wc2h-sls-prod-public-published.s3.us-gov-west-1.amazonaws.com/Published/068dbfdf-4087-459b-8fc3-6581361d24a0/2026-09-16/c8c1c0ee-d1cc-4292-a406-549f3d6cd9f8/CONS_ADVANCED.XML,cons_advanced.xml,,3371,,,,0,0,,
2026-09-18T05:28:57Z,ofac_sdn,classic_primary,unchanged,304,"""8e209461a2510ee3dd1b8225bd258721""","Thu, 17 Sep 2026 17:33:05 GMT",01df2c64828bd5471d0e512c5d609d45f80ea13972d3397491b90e375899e09b,"Thu, 17 Sep 2026 17:33:04 GMT",https://sanctionslistservice.ofac.treas.gov/api/download/SDN.CSV,https://wc2h-sls-prod-public-published.s3.us-gov-west-1.amazonaws.com/Published/068dbfdf-4087-459b-8fc3-6581361d24a0/2026-09-16/c8c1c0ee-d1cc-4292-a406-549f3d6cd9f8/SDN.CSV,sdn.csv,,89581,,,,0,0,,
2026-09-18T05:28:57Z,ofac_sdn,classic_alias,unchanged,304,"""937a8a14fa944ca776a3280b90fd38a9""","Thu, 17 Sep 2026 17:33:06 GMT",5aa36573f317e3c34fc342f78c6bb29a3cad28e476bf48396b1e9fab6ed4730c,"Thu, 17 Sep 2026 17:33:04 GMT",https://sanctionslistservice.ofac.treas.gov/api/download/ALT.CSV,https://wc2h-sls-prod-public-published.s3.us-gov-west-1.amazonaws.com/Published/068dbfdf-4087-459b-8fc3-6581361d24a0/2026-09-16/c8c1c0ee-d1cc-4292-a406-549f3d6cd9f8/ALT.CSV,,,89581,,,,0,0,,
2026-09-18T05:28:57Z,ofac_sdn,advanced_xml,unchanged,304,"""98475f0fcc3c5b895e336e3c6a6de27f""","Thu, 17 Sep 2026 17:33:04 GMT",a092172349e389c768852b3600295f0296da017f756575954ef0efbcdb49b745,"Thu, 17 Sep 2026 17:33:04 GMT",https://sanctionslistservice.ofac.treas.gov/api/PublicationPreview/exports/SDN_ADVANCED.XML,https://wc2h-sls-prod-public-published.s3.us-gov-west-1.amazonaws.com/Published/068dbfdf-4087-459b-8fc3-6581361d24a0/2026-09-16/c8c1c0ee-d1cc-4292-a406-549f3d6cd9f8/SDN_ADVANCED.XML,,,89581,,,,0,0,,
2026-09-18T05:28:57Z,ofac_cons,classic_primary,unchanged,304,"""cc15476d4bcf2b8462c6470ff581e57f""","Thu, 17 Sep 2026 17:33:05 GMT",0a3b74f6eb28450a9993b42a234c1801471d4dcb41220f6a7b8e466575bc3889,"Mon, 14 Sep 2026 18:35:48 GMT",https://sanctionslistservice.ofac.treas.gov/api/download/CONS_PRIM.CSV,https://wc2h-sls-prod-public-published.s3.us-gov-west-1.amazonaws.com/Published/068dbfdf-4087-459b-8fc3-6581361d24a0/2026-09-16/c8c1c0ee-d1cc-4292-a406-549f3d6cd9f8/CONS_PRIM.CSV,cons_prim.csv,,3371,,,,0,0,,
2026-09-18T05:28:57Z,ofac_cons,classic_alias,unchanged,304,"""8d6cf7c1e514f736d84de0c426b97c93""","Thu, 17 Sep 2026 17:33:06 GMT",ee4e86b664c7a11aacd0fe227f35336cff3467602bb9607653bb4ce193811474,"Mon, 14 Sep 2026 18:35:48 GMT",https://sanctionslistservice.ofac.treas.gov/api/download/CONS_ALT.CSV,https://wc2h-sls-prod-public-published.s3.us-gov-west-1.amazonaws.com/Published/068dbfdf-4087-459b-8fc3-6581361d24a0/2026-09-16/c8c1c0ee-d1cc-4292-a406-549f3d6cd9f8/CONS_ALT.CSV,cons_alt.csv,,3371,,,,0,0,,
2026-09-18T05:28:57Z,ofac_cons,advanced_xml,unchanged,304,"""67aed9e280a31497858f7f3c445749ac""","Thu, 17 Sep 2026 17:33:05 GMT",43033832780a55ed4b3c28291184b60dc63242082c223dd83702a014d5825a65,"Mon, 14 Sep 2026 18:35:48 GMT",https://sanctionslistservice.ofac.treas.gov/api/PublicationPreview/exports/CONS_ADVANCED.XML,https://wc2h-sls-prod-public-published.s3.us-gov-west-1.amazonaws.com/Published/068dbfdf-4087-459b-8fc3-6581361d24a0/2026-09-16/c8c1c0ee-d1cc-4292-a406-549f3d6cd9f8/CONS_ADVANCED.XML,cons_advanced.xml,,3371,,,,0,0,,
2026-09-18T06:35:45Z,ofac_sdn,classic_primary,unchanged,304,"""8e209461a2510ee3dd1b8225bd258721""","Thu, 17 Sep 2026 17:33:05 GMT",01df2c64828bd5471d0e512c5d609d45f80ea13972d3397491b90e375899e09b,"Thu, 17 Sep 2026 17:33:04 GMT",https://sanctionslistservice.ofac.treas.gov/api/download/SDN.CSV,https://wc2h-sls-prod-public-published.s3.us-gov-west-1.amazonaws.com/Published/068dbfdf-4087-459b-8fc3-6581361d24a0/2026-09-16/c8c1c0ee-d1cc-4292-a406-549f3d6cd9f8/SDN.CSV,sdn.csv,,89581,,,,0,0,,
2026-09-18T06:35:45Z,ofac_sdn,classic_alias,unchanged,304,"""937a8a14fa944ca776a3280b90fd38a9""","Thu, 17 Sep 2026 17:33:06 GMT",5aa36573f317e3c34fc342f78c6bb29a3cad28e476bf48396b1e9fab6ed4730c,"Thu, 17 Sep 2026 17:33:04 GMT",https://sanctionslistservice.ofac.treas.gov/api/download/ALT.CSV,https://wc2h-sls-prod-public-published.s3.us-gov-west-1.amazonaws.com/Published/068dbfdf-4087-459b-8fc3-6581361d24a0/2026-09-16/c8c1c0ee-d1cc-4292-a406-549f3d6cd9f8/ALT.CSV,,,89581,,,,0,0,,
2026-09-18T06:35:45Z,ofac_sdn,advanced_xml,unchanged,304,"""98475f0fcc3c5b895e336e3c6a6de27f""","Thu, 17 Sep 2026 17:33:04 GMT",a092172349e389c768852b3600295f0296da017f756575954ef0efbcdb49b745,"Thu, 17 Sep 2026 17:33:04 GMT",https://sanctionslistservice.ofac.treas.gov/api/PublicationPreview/exports/SDN_ADVANCED.XML,https://wc2h-sls-prod-public-published.s3.us-gov-west-1.amazonaws.com/Published/068dbfdf-4087-459b-8fc3-6581361d24a0/2026-09-16/c8c1c0ee-d1cc-4292-a406-549f3d6cd9f8/SDN_ADVANCED.XML,,,89581,,,,0,0,,
2026-09-18T06:35:45Z,ofac_cons,classic_primary,unchanged,304,"""cc15476d4bcf2b8462c6470ff581e57f""","Thu, 17 Sep 2026 17:33:05 GMT",0a3b74f6eb28450a9993b42a234c1801471d4dcb41220f6a7b8e466575bc3889,"Mon, 14 Sep 2026 18:35:48 GMT",https://sanctionslistservice.ofac.treas.gov/api/download/CONS_PRIM.CSV,https://wc2h-sls-prod-public-published.s3.us-gov-west-1.amazonaws.com/Published/068dbfdf-4087-459b-8fc3-6581361d24a0/2026-09-16/c8c1c0ee-d1cc-4292-a406-549f3d6cd9f8/CONS_PRIM.CSV,cons_prim.csv,,3371,,,,0,0,,
2026-09-18T06:35:45Z,ofac_cons,classic_alias,unchanged,304,"""8d6cf7c1e514f736d84de0c426b97c93""","Thu, 17 Sep 2026 17:33:06 GMT",ee4e86b664c7a11aacd0fe227f35336cff3467602bb9607653bb4ce193811474,"Mon, 14 Sep 2026 18:35:48 GMT",https://sanctionslistservice.ofac.treas.gov/api/download/CONS_ALT.CSV,https://wc2h-sls-prod-public-published.s3.us-gov-west-1.amazonaws.com/Published/068dbfdf-4087-459b-8fc3-6581361d24a0/2026-09-16/c8c1c0ee-d1cc-4292-a406-549f3d6cd9f8/CONS_ALT.CSV,cons_alt.csv,,3371,,,,0,0,,
2026-09-18T06:35:45Z,ofac_cons,advanced_xml,unchanged,304,"""67aed9e280a31497858f7f3c445749ac""","Thu, 17 Sep 2026 17:33:05 GMT",43033832780a55ed4b3c28291184b60dc63242082c223dd83702a014d5825a65,"Mon, 14 Sep 2026 18:35:48 GMT",https://sanctionslistservice.ofac.treas.gov/api/PublicationPreview/exports/CONS_ADVANCED.XML,https://wc2h-sls-prod-public-published.s3.us-gov-west-1.amazonaws.com/Published/068dbfdf-4087-459b-8fc3-6581361d24a0/2026-09-16/c8c1c0ee-d1cc-4292-a406-549f3d6cd9f8/CONS_ADVANCED.XML,cons_advanced.xml,,3371,,,,0,0,,
2026-09-18T06:49:17Z,mof,index_page,fetched,200,"""a251-65b083d534fc0""","Wed, 09 Sep 2026 08:00:07 GMT",e8a4a43b9ba09d8a917f056de727996ce9c9e31950bde8b1a5f8c52c8e2bb9c7,令和8年9月10日,https://www.mof.go.jp/policy/international_policy/gaitame_kawase/gaitame/economic_sanctions/list.html,https://www.mof.go.jp/policy/international_policy/gaitame_kawase/gaitame/economic_sanctions/list.html,list.html,,,,,,0,0,,
2026-09-18T06:49:17Z,mof,list_file,unchanged,304,"""3225f7-65b083d71d440""","Wed, 09 Sep 2026 08:00:09 GMT",c46ccaf88a98ab9c4209c4032c91190fa740ac106767fe32331879d73de99d03,令和8年9月10日,https://www.mof.go.jp/policy/international_policy/gaitame_kawase/gaitame/economic_sanctions/shisantouketsu20260910.csv,https://www.mof.go.jp/policy/international_policy/gaitame_kawase/gaitame/economic_sanctions/shisantouketsu20260910.csv,shisantouketsu20260910.csv,,14743,,,,0,0,,
2026-09-18T06:49:17Z,meti,index_page,blocked,403,"W/""c3bb143a530e398af9a1c1a440f0189c""","Mon, 24 Aug 2026 07:11:49 GMT",,,https://www.meti.go.jp/policy/anpo/law09.html,https://www.meti.go.jp/policy/anpo/law09.html,,,,,,,1,0,HTTPError,403 Client Error: Forbidden for url: https://www.meti.go.jp/policy/anpo/law09.html
2026-09-18T07:30:03Z,ofac_sdn,classic_primary,unchanged,304,"""8e209461a2510ee3dd1b8225bd258721""","Thu, 17 Sep 2026 17:33:05 GMT",01df2c64828bd5471d0e512c5d609d45f80ea13972d3397491b90e375899e09b,"Thu, 17 Sep 2026 17:33:04 GMT",https://sanctionslistservice.ofac.treas.gov/api/download/SDN.CSV,https://wc2h-sls-prod-public-published.s3.us-gov-west-1.amazonaws.com/Published/068dbfdf-4087-459b-8fc3-6581361d24a0/2026-09-16/c8c1c0ee-d1cc-4292-a406-549f3d6cd9f8/SDN.CSV,sdn.csv,,89581,,,,0,0,,
2026-09-18T07:30:03Z,ofac_sdn,classic_alias,unchanged,304,"""937a8a14fa944ca776a3280b90fd38a9""","Thu, 17 Sep 2026 17:33:06 GMT",5aa36573f317e3c34fc342f78c6bb29a3cad28e476bf48396b1e9fab6ed4730c,"Thu, 17 Sep 2026 17:33:04 GMT",https://sanctionslistservice.ofac.treas.gov/api/download/ALT.CSV,https://wc2h-sls-prod-public-published.s3.us-gov-west-1.amazonaws.com/Published/068dbfdf-4087-459b-8fc3-6581361d24a0/2026-09-16/c8c1c0ee-d1cc-4292-a406-549f3d6cd9f8/ALT.CSV,,,89581,,,,0,0,,
2026-09-18T07:30:03Z,ofac_sdn,advanced_xml,unchanged,304,"""98475f0fcc3c5b895e336e3c6a6de27f""","Thu, 17 Sep 2026 17:33:04 GMT",a092172349e389c768852b3600295f0296da017f756575954ef0efbcdb49b745,"Thu, 17 Sep 2026 17:33:04 GMT",https://sanctionslistservice.ofac.treas.gov/api/PublicationPreview/exports/SDN_ADVANCED.XML,https://wc2h-sls-prod-public-published.s3.us-gov-west-1.amazonaws.com/Published/068dbfdf-4087-459b-8fc3-6581361d24a0/2026-09-16/c8c1c0ee-d1cc-4292-a406-549f3d6cd9f8/SDN_ADVANCED.XML,,,89581,,,,0,0,,
2026-09-18T07:30:03Z,ofac_cons,classic_primary,unchanged,304,"""cc15476d4bcf2b8462c6470ff581e57f""","Thu, 17 Sep 2026 17:33:05 GMT",0a3b74f6eb28450a9993b42a234c1801471d4dcb41220f6a7b8e466575bc3889,"Mon, 14 Sep 2026 18:35:48 GMT",https://sanctionslistservice.ofac.treas.gov/api/download/CONS_PRIM.CSV,https://wc2h-sls-prod-public-published.s3.us-gov-west-1.amazonaws.com/Published/068dbfdf-4087-459b-8fc3-6581361d24a0/2026-09-16/c8c1c0ee-d1cc-4292-a406-549f3d6cd9f8/CONS_PRIM.CSV,cons_prim.csv,,3371,,,,0,0,,
2026-09-18T07:30:03Z,ofac_cons,classic_alias,unchanged,304,"""8d6cf7c1e514f736d84de0c426b97c93""","Thu, 17 Sep 2026 17:33:06 GMT",ee4e86b664c7a11aacd0fe227f35336cff3467602bb9607653bb4ce193811474,"Mon, 14 Sep 2026 18:35:48 GMT",https://sanctionslistservice.ofac.treas.gov/api/download/CONS_ALT.CSV,https://wc2h-sls-prod-public-published.s3.us-gov-west-1.amazonaws.com/Published/068dbfdf-4087-459b-8fc3-6581361d24a0/2026-09-16/c8c1c0ee-d1cc-4292-a406-549f3d6cd9f8/CONS_ALT.CSV,cons_alt.csv,,3371,,,,0,0,,
2026-09-18T07:30:03Z,ofac_cons,advanced_xml,unchanged,304,"""67aed9e280a31497858f7f3c445749ac""","Thu, 17 Sep 2026 17:33:05 GMT",43033832780a55ed4b3c28291184b60dc63242082c223dd83702a014d5825a65,"Mon, 14 Sep 2026 18:35:48 GMT",https://sanctionslistservice.ofac.treas.gov/api/PublicationPreview/exports/CONS_ADVANCED.XML,https://wc2h-sls-prod-public-published.s3.us-gov-west-1.amazonaws.com/Published/068dbfdf-4087-459b-8fc3-6581361d24a0/2026-09-16/c8c1c0ee-d1cc-4292-a406-549f3d6cd9f8/CONS_ADVANCED.XML,cons_advanced.xml,,3371,,,,0,0,,
2026-09-18T08:31:24Z,ofac_sdn,classic_primary,unchanged,304,"""8e209461a2510ee3dd1b8225bd258721""","Thu, 17 Sep 2026 17:33:05 GMT",01df2c64828bd5471d0e512c5d609d45f80ea13972d3397491b90e375899e09b,"Thu, 17 Sep 2026 17:33:04 GMT",https://sanctionslistservice.ofac.treas.gov/api/download/SDN.CSV,https://wc2h-sls-prod-public-published.s3.us-gov-west-1.amazonaws.com/Published/068dbfdf-4087-459b-8fc3-6581361d24a0/2026-09-16/c8c1c0ee-d1cc-4292-a406-549f3d6cd9f8/SDN.CSV,sdn.csv,,89581,,,,0,0,,
2026-09-18T08:31:24Z,ofac_sdn,classic_alias,unchanged,304,"""937a8a14fa944ca776a3280b90fd38a9""","Thu, 17 Sep 2026 17:33:06 GMT",5aa36573f317e3c34fc342f78c6bb29a3cad28e476bf48396b1e9fab6ed4730c,"Thu, 17 Sep 2026 17:33:04 GMT",https://sanctionslistservice.ofac.treas.gov/api/download/ALT.CSV,https://wc2h-sls-prod-public-published.s3.us-gov-west-1.amazonaws.com/Published/068dbfdf-4087-459b-8fc3-6581361d24a0/2026-09-16/c8c1c0ee-d1cc-4292-a406-549f3d6cd9f8/ALT.CSV,,,89581,,,,0,0,,
2026-09-18T08:31:24Z,ofac_sdn,advanced_xml,unchanged,304,"""98475f0fcc3c5b895e336e3c6a6de27f""","Thu, 17 Sep 2026 17:33:04 GMT",a092172349e389c768852b3600295f0296da017f756575954ef0efbcdb49b745,"Thu, 17 Sep 2026 17:33:04 GMT",https://sanctionslistservice.ofac.treas.gov/api/PublicationPreview/exports/SDN_ADVANCED.XML,https://wc2h-sls-prod-public-published.s3.us-gov-west-1.amazonaws.com/Published/068dbfdf-4087-459b-8fc3-6581361d24a0/2026-09-16/c8c1c0ee-d1cc-4292-a406-549f3d6cd9f8/SDN_ADVANCED.XML,,,89581,,,,0,0,,
2026-09-18T08:31:24Z,ofac_cons,classic_primary,unchanged,304,"""cc15476d4bcf2b8462c6470ff581e57f""","Thu, 17 Sep 2026 17:33:05 GMT",0a3b74f6eb28450a9993b42a234c1801471d4dcb41220f6a7b8e466575bc3889,"Mon, 14 Sep 2026 18:35:48 GMT",https://sanctionslistservice.ofac.treas.gov/api/download/CONS_PRIM.CSV,https://wc2h-sls-prod-public-published.s3.us-gov-west-1.amazonaws.com/Published/068dbfdf-4087-459b-8fc3-6581361d24a0/2026-09-16/c8c1c0ee-d1cc-4292-a406-549f3d6cd9f8/CONS_PRIM.CSV,cons_prim.csv,,3371,,,,0,0,,
2026-09-18T08:31:24Z,ofac_cons,classic_alias,unchanged,304,"""8d6cf7c1e514f736d84de0c426b97c93""","Thu, 17 Sep 2026 17:33:06 GMT",ee4e86b664c7a11aacd0fe227f35336cff3467602bb9607653bb4ce193811474,"Mon, 14 Sep 2026 18:35:48 GMT",https://sanctionslistservice.ofac.treas.gov/api/download/CONS_ALT.CSV,https://wc2h-sls-prod-public-published.s3.us-gov-west-1.amazonaws.com/Published/068dbfdf-4087-459b-8fc3-6581361d24a0/2026-09-16/c8c1c0ee-d1cc-4292-a406-549f3d6cd9f8/CONS_ALT.CSV,cons_alt.csv,,3371,,,,0,0,,
2026-09-18T08:31:24Z,ofac_cons,advanced_xml,unchanged,304,"""67aed9e280a31497858f7f3c445749ac""","Thu, 17 Sep 2026 17:33:05 GMT",43033832780a55ed4b3c28291184b60dc63242082c223dd83702a014d5825a65,"Mon, 14 Sep 2026 18:35:48 GMT",https://sanctionslistservice.ofac.treas.gov/api/PublicationPreview/exports/CONS_ADVANCED.XML,https://wc2h-sls-prod-public-published.s3.us-gov-west-1.amazonaws.com/Published/068dbfdf-4087-459b-8fc3-6581361d24a0/2026-09-16/c8c1c0ee-d1cc-4292-a406-549f3d6cd9f8/CONS_ADVANCED.XML,cons_advanced.xml,,3371,,,,0,0,,
2026-09-18T09:30:27Z,ofac_sdn,classic_primary,unchanged,304,"""8e209461a2510ee3dd1b8225bd258721""","Thu, 17 Sep 2026 17:33:05 GMT",01df2c64828bd5471d0e512c5d609d45f80ea13972d3397491b90e375899e09b,"Thu, 17 Sep 2026 17:33:04 GMT",https://sanctionslistservice.ofac.treas.gov/api/download/SDN.CSV,https://wc2h-sls-prod-public-published.s3.us-gov-west-1.amazonaws.com/Published/068dbfdf-4087-459b-8fc3-6581361d24a0/2026-09-16/c8c1c0ee-d1cc-4292-a406-549f3d6cd9f8/SDN.CSV,sdn.csv,,89581,,,,0,0,,
2026-09-18T09:30:27Z,ofac_sdn,classic_alias,unchanged,304,"""937a8a14fa944ca776a3280b90fd38a9""","Thu, 17 Sep 2026 17:33:06 GMT",5aa36573f317e3c34fc342f78c6bb29a3cad28e476bf48396b1e9fab6ed4730c,"Thu, 17 Sep 2026 17:33:04 GMT",https://sanctionslistservice.ofac.treas.gov/api/download/ALT.CSV,https://wc2h-sls-prod-public-published.s3.us-gov-west-1.amazonaws.com/Published/068dbfdf-4087-459b-8fc3-6581361d24a0/2026-09-16/c8c1c0ee-d1cc-4292-a406-549f3d6cd9f8/ALT.CSV,,,89581,,,,0,0,,
2026-09-18T09:30:27Z,ofac_sdn,advanced_xml,unchanged,304,"""98475f0fcc3c5b895e336e3c6a6de27f""","Thu, 17 Sep 2026 17:33:04 GMT",a092172349e389c768852b3600295f0296da017f756575954ef0efbcdb49b745,"Thu, 17 Sep 2026 17:33:04 GMT",https://sanctionslistservice.ofac.treas.gov/api/PublicationPreview/exports/SDN_ADVANCED.XML,https://wc2h-sls-prod-public-published.s3.us-gov-west-1.amazonaws.com/Published/068dbfdf-4087-459b-8fc3-6581361d24a0/2026-09-16/c8c1c0ee-d1cc-4292-a406-549f3d6cd9f8/SDN_ADVANCED.XML,,,89581,,,,0,0,,
2026-09-18T09:30:27Z,ofac_cons,classic_primary,unchanged,304,"""cc15476d4bcf2b8462c6470ff581e57f""","Thu, 17 Sep 2026 17:33:05 GMT",0a3b74f6eb28450a9993b42a234c1801471d4dcb41220f6a7b8e466575bc3889,"Mon, 14 Sep 2026 18:35:48 GMT",https://sanctionslistservice.ofac.treas.gov/api/download/CONS_PRIM.CSV,https://wc2h-sls-prod-public-published.s3.us-gov-west-1.amazonaws.com/Published/068dbfdf-4087-459b-8fc3-6581361d24a0/2026-09-16/c8c1c0ee-d1cc-4292-a406-549f3d6cd9f8/CONS_PRIM.CSV,cons_prim.csv,,3371,,,,0,0,,
2026-09-18T09:30:27Z,ofac_cons,classic_alias,unchanged,304,"""8d6cf7c1e514f736d84de0c426b97c93""","Thu, 17 Sep 2026 17:33:06 GMT",ee4e86b664c7a11aacd0fe227f35336cff3467602bb9607653bb4ce193811474,"Mon, 14 Sep 2026 18:35:48 GMT",https://sanctionslistservice.ofac.treas.gov/api/download/CONS_ALT.CSV,https://wc2h-sls-prod-public-published.s3.us-gov-west-1.amazonaws.com/Published/068dbfdf-4087-459b-8fc3-6581361d24a0/2026-09-16/c8c1c0ee-d1cc-4292-a406-549f3d6cd9f8/CONS_ALT.CSV,cons_alt.csv,,3371,,,,0,0,,
2026-09-18T09:30:27Z,ofac_cons,advanced_xml,unchanged,304,"""67aed9e280a31497858f7f3c445749ac""","Thu, 17 Sep 2026 17:33:05 GMT",43033832780a55ed4b3c28291184b60dc63242082c223dd83702a014d5825a65,"Mon, 14 Sep 2026 18:35:48 GMT",https://sanctionslistservice.ofac.treas.gov/api/PublicationPreview/exports/CONS_ADVANCED.XML,https://wc2h-sls-prod-public-published.s3.us-gov-west-1.amazonaws.com/Published/068dbfdf-4087-459b-8fc3-6581361d24a0/2026-09-16/c8c1c0ee-d1cc-4292-a406-549f3d6cd9f8/CONS_ADVANCED.XML,cons_advanced.xml,,3371,,,,0,0,,
2026-09-18T10:30:05Z,ofac_sdn,classic_primary,unchanged,304,"""8e209461a2510ee3dd1b8225bd258721""","Thu, 17 Sep 2026 17:33:05 GMT",01df2c64828bd5471d0e512c5d609d45f80ea13972d3397491b90e375899e09b,"Thu, 17 Sep 2026 17:33:04 GMT",https://sanctionslistservice.ofac.treas.gov/api/download/SDN.CSV,https://wc2h-sls-prod-public-published.s3.us-gov-west-1.amazonaws.com/Published/068dbfdf-4087-459b-8fc3-6581361d24a0/2026-09-16/c8c1c0ee-d1cc-4292-a406-549f3d6cd9f8/SDN.CSV,sdn.csv,,89581,,,,0,0,,
2026-09-18T10:30:05Z,ofac_sdn,classic_alias,unchanged,304,"""937a8a14fa944ca776a3280b90fd38a9""","Thu, 17 Sep 2026 17:33:06 GMT",5aa36573f317e3c34fc342f78c6bb29a3cad28e476bf48396b1e9fab6ed4730c,"Thu, 17 Sep 2026 17:33:04 GMT",https://sanctionslistservice.ofac.treas.gov/api/download/ALT.CSV,https://wc2h-sls-prod-public-published.s3.us-gov-west-1.amazonaws.com/Published/068dbfdf-4087-459b-8fc3-6581361d24a0/2026-09-16/c8c1c0ee-d1cc-4292-a406-549f3d6cd9f8/ALT.CSV,,,89581,,,,0,0,,
2026-09-18T10:30:05Z,ofac_sdn,advanced_xml,unchanged,304,"""98475f0fcc3c5b895e336e3c6a6de27f""","Thu, 17 Sep 2026 17:33:04 GMT",a092172349e389c768852b3600295f0296da017f756575954ef0efbcdb49b745,"Thu, 17 Sep 2026 17:33:04 GMT",https://sanctionslistservice.ofac.treas.gov/api/PublicationPreview/exports/SDN_ADVANCED.XML,https://wc2h-sls-prod-public-published.s3.us-gov-west-1.amazonaws.com/Published/068dbfdf-4087-459b-8fc3-6581361d24a0/2026-09-16/c8c1c0ee-d1cc-4292-a406-549f3d6cd9f8/SDN_ADVANCED.XML,,,89581,,,,0,0,,
2026-09-18T10:30:05Z,ofac_cons,classic_primary,unchanged,304,"""cc15476d4bcf2b8462c6470ff581e57f""","Thu, 17 Sep 2026 17:33:05 GMT",0a3b74f6eb28450a9993b42a234c1801471d4dcb41220f6a7b8e466575bc3889,"Mon, 14 Sep 2026 18:35:48 GMT",https://sanctionslistservice.ofac.treas.gov/api/download/CONS_PRIM.CSV,https://wc2h-sls-prod-public-published.s3.us-gov-west-1.amazonaws.com/Published/068dbfdf-4087-459b-8fc3-6581361d24a0/2026-09-16/c8c1c0ee-d1cc-4292-a406-549f3d6cd9f8/CONS_PRIM.CSV,cons_prim.csv,,3371,,,,0,0,,
2026-09-18T10:30:05Z,ofac_cons,classic_alias,unchanged,304,"""8d6cf7c1e514f736d84de0c426b97c93""","Thu, 17 Sep 2026 17:33:06 GMT",ee4e86b664c7a11aacd0fe227f35336cff3467602bb9607653bb4ce193811474,"Mon, 14 Sep 2026 18:35:48 GMT",https://sanctionslistservice.ofac.treas.gov/api/download/CONS_ALT.CSV,https://wc2h-sls-prod-public-published.s3.us-gov-west-1.amazonaws.com/Published/068dbfdf-4087-459b-8fc3-6581361d24a0/2026-09-16/c8c1c0ee-d1cc-4292-a406-549f3d6cd9f8/CONS_ALT.CSV,cons_alt.csv,,3371,,,,0,0,,
2026-09-18T10:30:05Z,ofac_cons,advanced_xml,unchanged,304,"""67aed9e280a31497858f7f3c445749ac""","Thu, 17 Sep 2026 17:33:05 GMT",43033832780a55ed4b3c28291184b60dc63242082c223dd83702a014d5825a65,"Mon, 14 Sep 2026 18:35:48 GMT",https://sanctionslistservice.ofac.treas.gov/api/PublicationPreview/exports/CONS_ADVANCED.XML,https://wc2h-sls-prod-public-published.s3.us-gov-west-1.amazonaws.com/Published/068dbfdf-4087-459b-8fc3-6581361d24a0/2026-09-16/c8c1c0ee-d1cc-4292-a406-549f3d6cd9f8/CONS_ADVANCED.XML,cons_advanced.xml,,3371,,,,0,0,,
2026-09-18T11:28:55Z,ofac_sdn,classic_primary,unchanged,304,"""8e209461a2510ee3dd1b8225bd258721""","Thu, 17 Sep 2026 17:33:05 GMT",01df2c64828bd5471d0e512c5d609d45f80ea13972d3397491b90e375899e09b,"Thu, 17 Sep 2026 17:33:04 GMT",https://sanctionslistservice.ofac.treas.gov/api/download/SDN.CSV,https://wc2h-sls-prod-public-published.s3.us-gov-west-1.amazonaws.com/Published/068dbfdf-4087-459b-8fc3-6581361d24a0/2026-09-16/c8c1c0ee-d1cc-4292-a406-549f3d6cd9f8/SDN.CSV,sdn.csv,,89581,,,,0,0,,
2026-09-18T11:28:55Z,ofac_sdn,classic_alias,unchanged,304,"""937a8a14fa944ca776a3280b90fd38a9""","Thu, 17 Sep 2026 17:33:06 GMT",5aa36573f317e3c34fc342f78c6bb29a3cad28e476bf48396b1e9fab6ed4730c,"Thu, 17 Sep 2026 17:33:04 GMT",https://sanctionslistservice.ofac.treas.gov/api/download/ALT.CSV,https://wc2h-sls-prod-public-published.s3.us-gov-west-1.amazonaws.com/Published/068dbfdf-4087-459b-8fc3-6581361d24a0/2026-09-16/c8c1c0ee-d1cc-4292-a406-549f3d6cd9f8/ALT.CSV,,,89581,,,,0,0,,
2026-09-18T11:28:55Z,ofac_sdn,advanced_xml,unchanged,304,"""98475f0fcc3c5b895e336e3c6a6de27f""","Thu, 17 Sep 2026 17:33:04 GMT",a092172349e389c768852b3600295f0296da017f756575954ef0efbcdb49b745,"Thu, 17 Sep 2026 17:33:04 GMT",https://sanctionslistservice.ofac.treas.gov/api/PublicationPreview/exports/SDN_ADVANCED.XML,https://wc2h-sls-prod-public-published.s3.us-gov-west-1.amazonaws.com/Published/068dbfdf-4087-459b-8fc3-6581361d24a0/2026-09-16/c8c1c0ee-d1cc-4292-a406-549f3d6cd9f8/SDN_ADVANCED.XML,,,89581,,,,0,0,,
2026-09-18T11:28:55Z,ofac_cons,classic_primary,unchanged,304,"""cc15476d4bcf2b8462c6470ff581e57f""","Thu, 17 Sep 2026 17:33:05 GMT",0a3b74f6eb28450a9993b42a234c1801471d4dcb41220f6a7b8e466575bc3889,"Mon, 14 Sep 2026 18:35:48 GMT",https://sanctionslistservice.ofac.treas.gov/api/download/CONS_PRIM.CSV,https://wc2h-sls-prod-public-published.s3.us-gov-west-1.amazonaws.com/Published/068dbfdf-4087-459b-8fc3-6581361d24a0/2026-09-16/c8c1c0ee-d1cc-4292-a406-549f3d6cd9f8/CONS_PRIM.CSV,cons_prim.csv,,3371,,,,0,0,,
2026-09-18T11:28:55Z,ofac_cons,classic_alias,unchanged,304,"""8d6cf7c1e514f736d84de0c426b97c93""","Thu, 17 Sep 2026 17:33:06 GMT",ee4e86b664c7a11aacd0fe227f35336cff3467602bb9607653bb4ce193811474,"Mon, 14 Sep 2026 18:35:48 GMT",https://sanctionslistservice.ofac.treas.gov/api/download/CONS_ALT.CSV,https://wc2h-sls-prod-public-published.s3.us-gov-west-1.amazonaws.com/Published/068dbfdf-4087-459b-8fc3-6581361d24a0/2026-09-16/c8c1c0ee-d1cc-4292-a406-549f3d6cd9f8/CONS_ALT.CSV,cons_alt.csv,,3371,,,,0,0,,
2026-09-18T11:28:55Z,ofac_cons,advanced_xml,unchanged,304,"""67aed9e280a31497858f7f3c445749ac""","Thu, 17 Sep 2026 17:33:05 GMT",43033832780a55ed4b3c28291184b60dc63242082c223dd83702a014d5825a65,"Mon, 14 Sep 2026 18:35:48 GMT",https://sanctionslistservice.ofac.treas.gov/api/PublicationPreview/exports/CONS_ADVANCED.XML,https://wc2h-sls-prod-public-published.s3.us-gov-west-1.amazonaws.com/Published/068dbfdf-4087-459b-8fc3-6581361d24a0/2026-09-16/c8c1c0ee-d1cc-4292-a406-549f3d6cd9f8/CONS_ADVANCED.XML,cons_advanced.xml,,3371,,,,0,0,,
2026-09-18T12:34:57Z,ofac_sdn,classic_primary,unchanged,304,"""8e209461a2510ee3dd1b8225bd258721""","Thu, 17 Sep 2026 17:33:05 GMT",01df2c64828bd5471d0e512c5d609d45f80ea13972d3397491b90e375899e09b,"Thu, 17 Sep 2026 17:33:04 GMT",https://sanctionslistservice.ofac.treas.gov/api/download/SDN.CSV,https://wc2h-sls-prod-public-published.s3.us-gov-west-1.amazonaws.com/Published/068dbfdf-4087-459b-8fc3-6581361d24a0/2026-09-16/c8c1c0ee-d1cc-4292-a406-549f3d6cd9f8/SDN.CSV,sdn.csv,,89581,,,,0,0,,
2026-09-18T12:34:57Z,ofac_sdn,classic_alias,unchanged,304,"""937a8a14fa944ca776a3280b90fd38a9""","Thu, 17 Sep 2026 17:33:06 GMT",5aa36573f317e3c34fc342f78c6bb29a3cad28e476bf48396b1e9fab6ed4730c,"Thu, 17 Sep 2026 17:33:04 GMT",https://sanctionslistservice.ofac.treas.gov/api/download/ALT.CSV,https://wc2h-sls-prod-public-published.s3.us-gov-west-1.amazonaws.com/Published/068dbfdf-4087-459b-8fc3-6581361d24a0/2026-09-16/c8c1c0ee-d1cc-4292-a406-549f3d6cd9f8/ALT.CSV,,,89581,,,,0,0,,
2026-09-18T12:34:57Z,ofac_sdn,advanced_xml,unchanged,304,"""98475f0fcc3c5b895e336e3c6a6de27f""","Thu, 17 Sep 2026 17:33:04 GMT",a092172349e389c768852b3600295f0296da017f756575954ef0efbcdb49b745,"Thu, 17 Sep 2026 17:33:04 GMT",https://sanctionslistservice.ofac.treas.gov/api/PublicationPreview/exports/SDN_ADVANCED.XML,https://wc2h-sls-prod-public-published.s3.us-gov-west-1.amazonaws.com/Published/068dbfdf-4087-459b-8fc3-6581361d24a0/2026-09-16/c8c1c0ee-d1cc-4292-a406-549f3d6cd9f8/SDN_ADVANCED.XML,,,89581,,,,0,0,,
2026-09-18T12:34:57Z,ofac_cons,classic_primary,unchanged,304,"""cc15476d4bcf2b8462c6470ff581e57f""","Thu, 17 Sep 2026 17:33:05 GMT",0a3b74f6eb28450a9993b42a234c1801471d4dcb41220f6a7b8e466575bc3889,"Mon, 14 Sep 2026 18:35:48 GMT",https://sanctionslistservice.ofac.treas.gov/api/download/CONS_PRIM.CSV,https://wc2h-sls-prod-public-published.s3.us-gov-west-1.amazonaws.com/Published/068dbfdf-4087-459b-8fc3-6581361d24a0/2026-09-16/c8c1c0ee-d1cc-4292-a406-549f3d6cd9f8/CONS_PRIM.CSV,cons_prim.csv,,3371,,,,0,0,,
2026-09-18T12:34:57Z,ofac_cons,classic_alias,unchanged,304,"""8d6cf7c1e514f736d84de0c426b97c93""","Thu, 17 Sep 2026 17:33:06 GMT",ee4e86b664c7a11aacd0fe227f35336cff3467602bb9607653bb4ce193811474,"Mon, 14 Sep 2026 18:35:48 GMT",https://sanctionslistservice.ofac.treas.gov/api/download/CONS_ALT.CSV,https://wc2h-sls-prod-public-published.s3.us-gov-west-1.amazonaws.com/Published/068dbfdf-4087-459b-8fc3-6581361d24a0/2026-09-16/c8c1c0ee-d1cc-4292-a406-549f3d6cd9f8/CONS_ALT.CSV,cons_alt.csv,,3371,,,,0,0,,
2026-09-18T12:34:57Z,ofac_cons,advanced_xml,unchanged,304,"""67aed9e280a31497858f7f3c445749ac""","Thu, 17 Sep 2026 17:33:05 GMT",43033832780a55ed4b3c28291184b60dc63242082c223dd83702a014d5825a65,"Mon, 14 Sep 2026 18:35:48 GMT",https://sanctionslistservice.ofac.treas.gov/api/PublicationPreview/exports/CONS_ADVANCED.XML,https://wc2h-sls-prod-public-published.s3.us-gov-west-1.amazonaws.com/Published/068dbfdf-4087-459b-8fc3-6581361d24a0/2026-09-16/c8c1c0ee-d1cc-4292-a406-549f3d6cd9f8/CONS_ADVANCED.XML,cons_advanced.xml,,3371,,,,0,0,,
2026-09-18T12:49:09Z,mof,index_page,fetched,200,"""a251-65b083d534fc0""","Wed, 09 Sep 2026 08:00:07 GMT",6c96111cb1b5dd9a7c6818613eb82bae2204a2c55b45dd4183b63a451eac9d45,令和8年9月10日,https://www.mof.go.jp/policy/international_policy/gaitame_kawase/gaitame/economic_sanctions/list.html,https://www.mof.go.jp/policy/international_policy/gaitame_kawase/gaitame/economic_sanctions/list.html,list.html,,,,,,0,0,,
2026-09-18T12:49:09Z,mof,list_file,unchanged,304,"""3225f7-65b083d71d440""","Wed, 09 Sep 2026 08:00:09 GMT",c46ccaf88a98ab9c4209c4032c91190fa740ac106767fe32331879d73de99d03,令和8年9月10日,https://www.mof.go.jp/policy/international_policy/gaitame_kawase/gaitame/economic_sanctions/shisantouketsu20260910.csv,https://www.mof.go.jp/policy/international_policy/gaitame_kawase/gaitame/economic_sanctions/shisantouketsu20260910.csv,shisantouketsu20260910.csv,,14743,,,,0,0,,
2026-09-18T12:49:09Z,meti,index_page,blocked,403,"W/""c3bb143a530e398af9a1c1a440f0189c""","Mon, 24 Aug 2026 07:11:49 GMT",,,https://www.meti.go.jp/policy/anpo/law09.html,https://www.meti.go.jp/policy/anpo/law09.html,,,,,,,1,0,HTTPError,403 Client Error: Forbidden for url: https://www.meti.go.jp/policy/anpo/law09.html
2026-09-18T13:29:44Z,ofac_sdn,classic_primary,unchanged,304,"""8e209461a2510ee3dd1b8225bd258721""","Thu, 17 Sep 2026 17:33:05 GMT",01df2c64828bd5471d0e512c5d609d45f80ea13972d3397491b90e375899e09b,"Thu, 17 Sep 2026 17:33:04 GMT",https://sanctionslistservice.ofac.treas.gov/api/download/SDN.CSV,https://wc2h-sls-prod-public-published.s3.us-gov-west-1.amazonaws.com/Published/068dbfdf-4087-459b-8fc3-6581361d24a0/2026-09-16/c8c1c0ee-d1cc-4292-a406-549f3d6cd9f8/SDN.CSV,sdn.csv,,89581,,,,0,0,,
2026-09-18T13:29:44Z,ofac_sdn,classic_alias,unchanged,304,"""937a8a14fa944ca776a3280b90fd38a9""","Thu, 17 Sep 2026 17:33:06 GMT",5aa36573f317e3c34fc342f78c6bb29a3cad28e476bf48396b1e9fab6ed4730c,"Thu, 17 Sep 2026 17:33:04 GMT",https://sanctionslistservice.ofac.treas.gov/api/download/ALT.CSV,https://wc2h-sls-prod-public-published.s3.us-gov-west-1.amazonaws.com/Published/068dbfdf-4087-459b-8fc3-6581361d24a0/2026-09-16/c8c1c0ee-d1cc-4292-a406-549f3d6cd9f8/ALT.CSV,,,89581,,,,0,0,,
2026-09-18T13:29:44Z,ofac_sdn,advanced_xml,unchanged,304,"""98475f0fcc3c5b895e336e3c6a6de27f""","Thu, 17 Sep 2026 17:33:04 GMT",a092172349e389c768852b3600295f0296da017f756575954ef0efbcdb49b745,"Thu, 17 Sep 2026 17:33:04 GMT",https://sanctionslistservice.ofac.treas.gov/api/PublicationPreview/exports/SDN_ADVANCED.XML,https://wc2h-sls-prod-public-published.s3.us-gov-west-1.amazonaws.com/Published/068dbfdf-4087-459b-8fc3-6581361d24a0/2026-09-16/c8c1c0ee-d1cc-4292-a406-549f3d6cd9f8/SDN_ADVANCED.XML,,,89581,,,,0,0,,
2026-09-18T13:29:44Z,ofac_cons,classic_primary,unchanged,304,"""cc15476d4bcf2b8462c6470ff581e57f""","Thu, 17 Sep 2026 17:33:05 GMT",0a3b74f6eb28450a9993b42a234c1801471d4dcb41220f6a7b8e466575bc3889,"Mon, 14 Sep 2026 18:35:48 GMT",https://sanctionslistservice.ofac.treas.gov/api/download/CONS_PRIM.CSV,https://wc2h-sls-prod-public-published.s3.us-gov-west-1.amazonaws.com/Published/068dbfdf-4087-459b-8fc3-6581361d24a0/2026-09-16/c8c1c0ee-d1cc-4292-a406-549f3d6cd9f8/CONS_PRIM.CSV,cons_prim.csv,,3371,,,,0,0,,
2026-09-18T13:29:44Z,ofac_cons,classic_alias,unchanged,304,"""8d6cf7c1e514f736d84de0c426b97c93""","Thu, 17 Sep 2026 17:33:06 GMT",ee4e86b664c7a11aacd0fe227f35336cff3467602bb9607653bb4ce193811474,"Mon, 14 Sep 2026 18:35:48 GMT",https://sanctionslistservice.ofac.treas.gov/api/download/CONS_ALT.CSV,https://wc2h-sls-prod-public-published.s3.us-gov-west-1.amazonaws.com/Published/068dbfdf-4087-459b-8fc3-6581361d24a0/2026-09-16/c8c1c0ee-d1cc-4292-a406-549f3d6cd9f8/CONS_ALT.CSV,cons_alt.csv,,3371,,,,0,0,,
2026-09-18T13:29:44Z,ofac_cons,advanced_xml,unchanged,304,"""67aed9e280a31497858f7f3c445749ac""","Thu, 17 Sep 2026 17:33:05 GMT",43033832780a55ed4b3c28291184b60dc63242082c223dd83702a014d5825a65,"Mon, 14 Sep 2026 18:35:48 GMT",https://sanctionslistservice.ofac.treas.gov/api/PublicationPreview/exports/CONS_ADVANCED.XML,https://wc2h-sls-prod-public-published.s3.us-gov-west-1.amazonaws.com/Published/068dbfdf-4087-459b-8fc3-6581361d24a0/2026-09-16/c8c1c0ee-d1cc-4292-a406-549f3d6cd9f8/CONS_ADVANCED.XML,cons_advanced.xml,,3371,,,,0,0,,
2026-09-18T18:44:52Z,mof,index_page,fetched,200,"""a251-65b083d534fc0""","Wed, 09 Sep 2026 08:00:07 GMT",e7f6c998220b4c750571b8f77ca7a21113c19c8bee328cf2e2022a5461f77e5d,令和8年9月10日,https://www.mof.go.jp/policy/international_policy/gaitame_kawase/gaitame/economic_sanctions/list.html,https://www.mof.go.jp/policy/international_policy/gaitame_kawase/gaitame/economic_sanctions/list.html,list.html,,,,,,0,0,,
2026-09-18T18:44:52Z,mof,list_file,unchanged,304,"""3225f7-65b083d71d440""","Wed, 09 Sep 2026 08:00:09 GMT",c46ccaf88a98ab9c4209c4032c91190fa740ac106767fe32331879d73de99d03,令和8年9月10日,https://www.mof.go.jp/policy/international_policy/gaitame_kawase/gaitame/economic_sanctions/shisantouketsu20260910.csv,https://www.mof.go.jp/policy/international_policy/gaitame_kawase/gaitame/economic_sanctions/shisantouketsu20260910.csv,shisantouketsu20260910.csv,,14743,,,,0,0,,
2026-09-18T18:44:52Z,meti,index_page,blocked,403,"W/""c3bb143a530e398af9a1c1a440f0189c""","Mon, 24 Aug 2026 07:11:49 GMT",,,https://www.meti.go.jp/policy/anpo/law09.html,https://www.meti.go.jp/policy/anpo/law09.html,,,,,,,1,0,HTTPError,403 Client Error: Forbidden for url: https://www.meti.go.jp/policy/anpo/law09.html
2026-09-19T00:47:58Z,mof,index_page,fetched,200,"""a251-65b083d534fc0""","Wed, 09 Sep 2026 08:00:07 GMT",94e8557e957ee5ce5ebe508853f9d70935ef95ec6553346447067fd9acf45b99,令和8年9月10日,https://www.mof.go.jp/policy/international_policy/gaitame_kawase/gaitame/economic_sanctions/list.html,https://www.mof.go.jp/policy/international_policy/gaitame_kawase/gaitame/economic_sanctions/list.html,list.html,,,,,,0,0,,
2026-09-19T00:47:58Z,mof,list_file,unchanged,304,"""3225f7-65b083d71d440""","Wed, 09 Sep 2026 08:00:09 GMT",c46ccaf88a98ab9c4209c4032c91190fa740ac106767fe32331879d73de99d03,令和8年9月10日,https://www.mof.go.jp/policy/international_policy/gaitame_kawase/gaitame/economic_sanctions/shisantouketsu20260910.csv,https://www.mof.go.jp/policy/international_policy/gaitame_kawase/gaitame/economic_sanctions/shisantouketsu20260910.csv,shisantouketsu20260910.csv,,14743,,,,0,0,,
2026-09-19T00:47:58Z,meti,index_page,blocked,403,"W/""c3bb143a530e398af9a1c1a440f0189c""","Mon, 24 Aug 2026 07:11:49 GMT",,,https://www.meti.go.jp/policy/anpo/law09.html,https://www.meti.go.jp/policy/anpo/law09.html,,,,,,,1,0,HTTPError,403 Client Error: Forbidden for url: https://www.meti.go.jp/policy/anpo/law09.html
2026-09-19T06:47:08Z,mof,index_page,fetched,200,"""a251-65b083d534fc0""","Wed, 09 Sep 2026 08:00:07 GMT",c47362cefa778a491bd4f6da4701b26deca15e0050654cc71c91125a213097bc,令和8年9月10日,https://www.mof.go.jp/policy/international_policy/gaitame_kawase/gaitame/economic_sanctions/list.html,https://www.mof.go.jp/policy/international_policy/gaitame_kawase/gaitame/economic_sanctions/list.html,list.html,,,,,,0,0,,
2026-09-19T06:47:08Z,mof,list_file,unchanged,304,"""3225f7-65b083d71d440""","Wed, 09 Sep 2026 08:00:09 GMT",c46ccaf88a98ab9c4209c4032c91190fa740ac106767fe32331879d73de99d03,令和8年9月10日,https://www.mof.go.jp/policy/international_policy/gaitame_kawase/gaitame/economic_sanctions/shisantouketsu20260910.csv,https://www.mof.go.jp/policy/international_policy/gaitame_kawase/gaitame/economic_sanctions/shisantouketsu20260910.csv,shisantouketsu20260910.csv,,14743,,,,0,0,,
2026-09-19T06:47:08Z,meti,index_page,blocked,403,"W/""c3bb143a530e398af9a1c1a440f0189c""","Mon, 24 Aug 2026 07:11:49 GMT",,,https://www.meti.go.jp/policy/anpo/law09.html,https://www.meti.go.jp/policy/anpo/law09.html,,,,,,,1,0,HTTPError,403 Client Error: Forbidden for url: https://www.meti.go.jp/policy/anpo/law09.html
2026-09-19T12:46:37Z,mof,index_page,fetched,200,"""a251-65b083d534fc0""","Wed, 09 Sep 2026 08:00:07 GMT",902279f90b18b033f9c42bebce8b9333c9058d2d53ee87403f9f50aae20fe882,令和8年9月10日,https://www.mof.go.jp/policy/international_policy/gaitame_kawase/gaitame/economic_sanctions/list.html,https://www.mof.go.jp/policy/international_policy/gaitame_kawase/gaitame/economic_sanctions/list.html,list.html,,,,,,0,0,,
2026-09-19T12:46:37Z,mof,list_file,unchanged,304,"""3225f7-65b083d71d440""","Wed, 09 Sep 2026 08:00:09 GMT",c46ccaf88a98ab9c4209c4032c91190fa740ac106767fe32331879d73de99d03,令和8年9月10日,https://www.mof.go.jp/policy/international_policy/gaitame_kawase/gaitame/economic_sanctions/shisantouketsu20260910.csv,https://www.mof.go.jp/policy/international_policy/gaitame_kawase/gaitame/economic_sanctions/shisantouketsu20260910.csv,shisantouketsu20260910.csv,,14743,,,,0,0,,
2026-09-19T12:46:37Z,meti,index_page,blocked,403,"W/""c3bb143a530e398af9a1c1a440f0189c""","Mon, 24 Aug 2026 07:11:49 GMT",,,https://www.meti.go.jp/policy/anpo/law09.html,https://www.meti.go.jp/policy/anpo/law09.html,,,,,,,1,0,HTTPError,403 Client Error: Forbidden for url: https://www.meti.go.jp/policy/anpo/law09.html
2026-09-19T18:44:31Z,mof,index_page,fetched,200,"""a251-65b083d534fc0""","Wed, 09 Sep 2026 08:00:07 GMT",54a9579bfc511c7b2f1713e5baef47535a42d8bab43936bc202d201c7d168b98,令和8年9月10日,https://www.mof.go.jp/policy/international_policy/gaitame_kawase/gaitame/economic_sanctions/list.html,https://www.mof.go.jp/policy/international_policy/gaitame_kawase/gaitame/economic_sanctions/list.html,list.html,,,,,,0,0,,
2026-09-19T18:44:31Z,mof,list_file,unchanged,304,"""3225f7-65b083d71d440""","Wed, 09 Sep 2026 08:00:09 GMT",c46ccaf88a98ab9c4209c4032c91190fa740ac106767fe32331879d73de99d03,令和8年9月10日,https://www.mof.go.jp/policy/international_policy/gaitame_kawase/gaitame/economic_sanctions/shisantouketsu20260910.csv,https://www.mof.go.jp/policy/international_policy/gaitame_kawase/gaitame/economic_sanctions/shisantouketsu20260910.csv,shisantouketsu20260910.csv,,14743,,,,0,0,,
2026-09-19T18:44:31Z,meti,index_page,blocked,403,"W/""c3bb143a530e398af9a1c1a440f0189c""","Mon, 24 Aug 2026 07:11:49 GMT",,,https://www.meti.go.jp/policy/anpo/law09.html,https://www.meti.go.jp/policy/anpo/law09.html,,,,,,,1,0,HTTPError,403 Client Error: Forbidden for url: https://www.meti.go.jp/policy/anpo/law09.html
2026-09-20T00:49:26Z,mof,index_page,fetched,200,"""a251-65b083d534fc0""","Wed, 09 Sep 2026 08:00:07 GMT",d472f7a66a54f61d0d4317c00f4b44b4f61c678410c62a1244224b75bb39cd89,令和8年9月10日,https://www.mof.go.jp/policy/international_policy/gaitame_kawase/gaitame/economic_sanctions/list.html,https://www.mof.go.jp/policy/international_policy/gaitame_kawase/gaitame/economic_sanctions/list.html,list.html,,,,,,0,0,,
2026-09-20T00:49:26Z,mof,list_file,unchanged,304,"""3225f7-65b083d71d440""","Wed, 09 Sep 2026 08:00:09 GMT",c46ccaf88a98ab9c4209c4032c91190fa740ac106767fe32331879d73de99d03,令和8年9月10日,https://www.mof.go.jp/policy/international_policy/gaitame_kawase/gaitame/economic_sanctions/shisantouketsu20260910.csv,https://www.mof.go.jp/policy/international_policy/gaitame_kawase/gaitame/economic_sanctions/shisantouketsu20260910.csv,shisantouketsu20260910.csv,,14743,,,,0,0,,
2026-09-20T00:49:26Z,meti,index_page,blocked,403,"W/""c3bb143a530e398af9a1c1a440f0189c""","Mon, 24 Aug 2026 07:11:49 GMT",,,https://www.meti.go.jp/policy/anpo/law09.html,https://www.meti.go.jp/policy/anpo/law09.html,,,,,,,1,0,HTTPError,403 Client Error: Forbidden for url: https://www.meti.go.jp/policy/anpo/law09.html
2026-09-20T06:47:47Z,mof,index_page,fetched,200,"""a251-65b083d534fc0""","Wed, 09 Sep 2026 08:00:07 GMT",faabd998d582480d87e406d6cb872a225029421bce17b751a0d7be67213ff1ae,令和8年9月10日,https://www.mof.go.jp/policy/international_policy/gaitame_kawase/gaitame/economic_sanctions/list.html,https://www.mof.go.jp/policy/international_policy/gaitame_kawase/gaitame/economic_sanctions/list.html,list.html,,,,,,0,0,,
2026-09-20T06:47:47Z,mof,list_file,unchanged,304,"""3225f7-65b083d71d440""","Wed, 09 Sep 2026 08:00:09 GMT",c46ccaf88a98ab9c4209c4032c91190fa740ac106767fe32331879d73de99d03,令和8年9月10日,https://www.mof.go.jp/policy/international_policy/gaitame_kawase/gaitame/economic_sanctions/shisantouketsu20260910.csv,https://www.mof.go.jp/policy/international_policy/gaitame_kawase/gaitame/economic_sanctions/shisantouketsu20260910.csv,shisantouketsu20260910.csv,,14743,,,,0,0,,
2026-09-20T06:47:47Z,meti,index_page,blocked,403,"W/""c3bb143a530e398af9a1c1a440f0189c""","Mon, 24 Aug 2026 07:11:49 GMT",,,https://www.meti.go.jp/policy/anpo/law09.html,https://www.meti.go.jp/policy/anpo/law09.html,,,,,,,1,0,HTTPError,403 Client Error: Forbidden for url: https://www.meti.go.jp/policy/anpo/law09.html
2026-09-20T12:47:31Z,mof,index_page,fetched,200,"""a251-65b083d534fc0""","Wed, 09 Sep 2026 08:00:07 GMT",186ce65d0fafd474c64143df7d75cff3c1f598c0d62ff259d4d5942fb89c5c4a,令和8年9月10日,https://www.mof.go.jp/policy/international_policy/gaitame_kawase/gaitame/economic_sanctions/list.html,https://www.mof.go.jp/policy/international_policy/gaitame_kawase/gaitame/economic_sanctions/list.html,list.html,,,,,,0,0,,
2026-09-20T12:47:31Z,mof,list_file,unchanged,304,"""3225f7-65b083d71d440""","Wed, 09 Sep 2026 08:00:09 GMT",c46ccaf88a98ab9c4209c4032c91190fa740ac106767fe32331879d73de99d03,令和8年9月10日,https://www.mof.go.jp/policy/international_policy/gaitame_kawase/gaitame/economic_sanctions/shisantouketsu20260910.csv,https://www.mof.go.jp/policy/international_policy/gaitame_kawase/gaitame/economic_sanctions/shisantouketsu20260910.csv,shisantouketsu20260910.csv,,14743,,,,0,0,,
2026-09-20T12:47:31Z,meti,index_page,blocked,403,"W/""c3bb143a530e398af9a1c1a440f0189c""","Mon, 24 Aug 2026 07:11:49 GMT",,,https://www.meti.go.jp/policy/anpo/law09.html,https://www.meti.go.jp/policy/anpo/law09.html,,,,,,,1,0,HTTPError,403 Client Error: Forbidden for url: https://www.meti.go.jp/policy/anpo/law09.html
2026-09-20T18:44:38Z,mof,index_page,fetched,200,"""a251-65b083d534fc0""","Wed, 09 Sep 2026 08:00:07 GMT",5213a4911ef2d829e172ef241f8b0f73b733c66460f10218d7483cb13fa49c29,令和8年9月10日,https://www.mof.go.jp/policy/international_policy/gaitame_kawase/gaitame/economic_sanctions/list.html,https://www.mof.go.jp/policy/international_policy/gaitame_kawase/gaitame/economic_sanctions/list.html,list.html,,,,,,0,0,,
2026-09-20T18:44:38Z,mof,list_file,unchanged,304,"""3225f7-65b083d71d440""","Wed, 09 Sep 2026 08:00:09 GMT",c46ccaf88a98ab9c4209c4032c91190fa740ac106767fe32331879d73de99d03,令和8年9月10日,https://www.mof.go.jp/policy/international_policy/gaitame_kawase/gaitame/economic_sanctions/shisantouketsu20260910.csv,https://www.mof.go.jp/policy/international_policy/gaitame_kawase/gaitame/economic_sanctions/shisantouketsu20260910.csv,shisantouketsu20260910.csv,,14743,,,,0,0,,
2026-09-20T18:44:38Z,meti,index_page,blocked,403,"W/""c3bb143a530e398af9a1c1a440f0189c""","Mon, 24 Aug 2026 07:11:49 GMT",,,https://www.meti.go.jp/policy/anpo/law09.html,https://www.meti.go.jp/policy/anpo/law09.html,,,,,,,1,0,HTTPError,403 Client Error: Forbidden for url: https://www.meti.go.jp/policy/anpo/law09.html
2026-09-21T00:49:47Z,mof,index_page,fetched,200,"""a251-65b083d534fc0""","Wed, 09 Sep 2026 08:00:07 GMT",f86a2acb2331fdc96a2ddd3e15f098b2a2f47f1088297d755cbb18fbbc9077ca,令和8年9月10日,https://www.mof.go.jp/policy/international_policy/gaitame_kawase/gaitame/economic_sanctions/list.html,https://www.mof.go.jp/policy/international_policy/gaitame_kawase/gaitame/economic_sanctions/list.html,list.html,,,,,,0,0,,
2026-09-21T00:49:47Z,mof,list_file,unchanged,304,"""3225f7-65b083d71d440""","Wed, 09 Sep 2026 08:00:09 GMT",c46ccaf88a98ab9c4209c4032c91190fa740ac106767fe32331879d73de99d03,令和8年9月10日,https://www.mof.go.jp/policy/international_policy/gaitame_kawase/gaitame/economic_sanctions/shisantouketsu20260910.csv,https://www.mof.go.jp/policy/international_policy/gaitame_kawase/gaitame/economic_sanctions/shisantouketsu20260910.csv,shisantouketsu20260910.csv,,14743,,,,0,0,,
2026-09-21T00:49:47Z,meti,index_page,blocked,403,"W/""c3bb143a530e398af9a1c1a440f0189c""","Mon, 24 Aug 2026 07:11:49 GMT",,,https://www.meti.go.jp/policy/anpo/law09.html,https://www.meti.go.jp/policy/anpo/law09.html,,,,,,,1,0,HTTPError,403 Client Error: Forbidden for url: https://www.meti.go.jp/policy/anpo/law09.html
2026-09-21T06:51:29Z,mof,index_page,fetched,200,"""a251-65b083d534fc0""","Wed, 09 Sep 2026 08:00:07 GMT",150bb878acbf753a4106e43c19d50c16eb44be949ef3f6b1b456136fc498dd24,令和8年9月10日,https://www.mof.go.jp/policy/international_policy/gaitame_kawase/gaitame/economic_sanctions/list.html,https://www.mof.go.jp/policy/international_policy/gaitame_kawase/gaitame/economic_sanctions/list.html,list.html,,,,,,0,0,,
2026-09-21T06:51:29Z,mof,list_file,unchanged,304,"""3225f7-65b083d71d440""","Wed, 09 Sep 2026 08:00:09 GMT",c46ccaf88a98ab9c4209c4032c91190fa740ac106767fe32331879d73de99d03,令和8年9月10日,https://www.mof.go.jp/policy/international_policy/gaitame_kawase/gaitame/economic_sanctions/shisantouketsu20260910.csv,https://www.mof.go.jp/policy/international_policy/gaitame_kawase/gaitame/economic_sanctions/shisantouketsu20260910.csv,shisantouketsu20260910.csv,,14743,,,,0,0,,
2026-09-21T06:51:29Z,meti,index_page,blocked,403,"W/""c3bb143a530e398af9a1c1a440f0189c""","Mon, 24 Aug 2026 07:11:49 GMT",,,https://www.meti.go.jp/policy/anpo/law09.html,https://www.meti.go.jp/policy/anpo/law09.html,,,,,,,1,0,HTTPError,403 Client Error: Forbidden for url: https://www.meti.go.jp/policy/anpo/law09.html
2026-09-21T12:46:53Z,mof,index_page,fetched,200,"""a251-65b083d534fc0""","Wed, 09 Sep 2026 08:00:07 GMT",71f1c77cf65cebf843c33a7f81ed92ed415328d78186c8a836fb59a8f7b483e5,令和8年9月10日,https://www.mof.go.jp/policy/international_policy/gaitame_kawase/gaitame/economic_sanctions/list.html,https://www.mof.go.jp/policy/international_policy/gaitame_kawase/gaitame/economic_sanctions/list.html,list.html,,,,,,0,0,,
2026-09-21T12:46:53Z,mof,list_file,unchanged,304,"""3225f7-65b083d71d440""","Wed, 09 Sep 2026 08:00:09 GMT",c46ccaf88a98ab9c4209c4032c91190fa740ac106767fe32331879d73de99d03,令和8年9月10日,https://www.mof.go.jp/policy/international_policy/gaitame_kawase/gaitame/economic_sanctions/shisantouketsu20260910.csv,https://www.mof.go.jp/policy/international_policy/gaitame_kawase/gaitame/economic_sanctions/shisantouketsu20260910.csv,shisantouketsu20260910.csv,,14743,,,,0,0,,
2026-09-21T12:46:53Z,meti,index_page,blocked,403,"W/""c3bb143a530e398af9a1c1a440f0189c""","Mon, 24 Aug 2026 07:11:49 GMT",,,https://www.meti.go.jp/policy/anpo/law09.html,https://www.meti.go.jp/policy/anpo/law09.html,,,,,,,1,0,HTTPError,403 Client Error: Forbidden for url: https://www.meti.go.jp/policy/anpo/law09.html
2026-09-21T18:48:23Z,mof,index_page,fetched,200,"""a251-65b083d534fc0""","Wed, 09 Sep 2026 08:00:07 GMT",ba8a40496bdb46d0ed13ca2cbfeac83bb8057e871fbc29757db4ae92fc784d1b,令和8年9月10日,https://www.mof.go.jp/policy/international_policy/gaitame_kawase/gaitame/economic_sanctions/list.html,https://www.mof.go.jp/policy/international_policy/gaitame_kawase/gaitame/economic_sanctions/list.html,list.html,,,,,,0,0,,
2026-09-21T18:48:23Z,mof,list_file,unchanged,304,"""3225f7-65b083d71d440""","Wed, 09 Sep 2026 08:00:09 GMT",c46ccaf88a98ab9c4209c4032c91190fa740ac106767fe32331879d73de99d03,令和8年9月10日,https://www.mof.go.jp/policy/international_policy/gaitame_kawase/gaitame/economic_sanctions/shisantouketsu20260910.csv,https://www.mof.go.jp/policy/international_policy/gaitame_kawase/gaitame/economic_sanctions/shisantouketsu20260910.csv,shisantouketsu20260910.csv,,14743,,,,0,0,,
2026-09-21T18:48:23Z,meti,index_page,blocked,403,"W/""c3bb143a530e398af9a1c1a440f0189c""","Mon, 24 Aug 2026 07:11:49 GMT",,,https://www.meti.go.jp/policy/anpo/law09.html,https://www.meti.go.jp/policy/anpo/law09.html,,,,,,,1,0,HTTPError,403 Client Error: Forbidden for url: https://www.meti.go.jp/policy/anpo/law09.html
2026-09-22T00:49:01Z,mof,index_page,fetched,200,"""a251-65b083d534fc0""","Wed, 09 Sep 2026 08:00:07 GMT",a75dcc8f48587ec0702fc0d58fde99f866e87027d8adef77e0ebbeb259947c17,令和8年9月10日,https://www.mof.go.jp/policy/international_policy/gaitame_kawase/gaitame/economic_sanctions/list.html,https://www.mof.go.jp/policy/international_policy/gaitame_kawase/gaitame/economic_sanctions/list.html,list.html,,,,,,0,0,,
2026-09-22T00:49:01Z,mof,list_file,unchanged,304,"""3225f7-65b083d71d440""","Wed, 09 Sep 2026 08:00:09 GMT",c46ccaf88a98ab9c4209c4032c91190fa740ac106767fe32331879d73de99d03,令和8年9月10日,https://www.mof.go.jp/policy/international_policy/gaitame_kawase/gaitame/economic_sanctions/shisantouketsu20260910.csv,https://www.mof.go.jp/policy/international_policy/gaitame_kawase/gaitame/economic_sanctions/shisantouketsu20260910.csv,shisantouketsu20260910.csv,,14743,,,,0,0,,
2026-09-22T00:49:01Z,meti,index_page,blocked,403,"W/""c3bb143a530e398af9a1c1a440f0189c""","Mon, 24 Aug 2026 07:11:49 GMT",,,https://www.meti.go.jp/policy/anpo/law09.html,https://www.meti.go.jp/policy/anpo/law09.html,,,,,,,1,0,HTTPError,403 Client Error: Forbidden for url: https://www.meti.go.jp/policy/anpo/law09.html
2026-09-22T06:50:07Z,mof,index_page,fetched,200,"""a251-65b083d534fc0""","Wed, 09 Sep 2026 08:00:07 GMT",03d341a6c5a12b8cde482a077a9702fbe12762afcf8a66622fdc77299e47a410,令和8年9月10日,https://www.mof.go.jp/policy/international_policy/gaitame_kawase/gaitame/economic_sanctions/list.html,https://www.mof.go.jp/policy/international_policy/gaitame_kawase/gaitame/economic_sanctions/list.html,list.html,,,,,,0,0,,
2026-09-22T06:50:07Z,mof,list_file,unchanged,304,"""3225f7-65b083d71d440""","Wed, 09 Sep 2026 08:00:09 GMT",c46ccaf88a98ab9c4209c4032c91190fa740ac106767fe32331879d73de99d03,令和8年9月10日,https://www.mof.go.jp/policy/international_policy/gaitame_kawase/gaitame/economic_sanctions/shisantouketsu20260910.csv,https://www.mof.go.jp/policy/international_policy/gaitame_kawase/gaitame/economic_sanctions/shisantouketsu20260910.csv,shisantouketsu20260910.csv,,14743,,,,0,0,,
2026-09-22T06:50:07Z,meti,index_page,blocked,403,"W/""c3bb143a530e398af9a1c1a440f0189c""","Mon, 24 Aug 2026 07:11:49 GMT",,,https://www.meti.go.jp/policy/anpo/law09.html,https://www.meti.go.jp/policy/anpo/law09.html,,,,,,,1,0,HTTPError,403 Client Error: Forbidden for url: https://www.meti.go.jp/policy/anpo/law09.html
2026-09-22T12:49:30Z,mof,index_page,fetched,200,"""a251-65b083d534fc0""","Wed, 09 Sep 2026 08:00:07 GMT",1c2caae6f2762c04b242cb568da249ee469ab3ae458ca0c56e539739007ca15a,令和8年9月10日,https://www.mof.go.jp/policy/international_policy/gaitame_kawase/gaitame/economic_sanctions/list.html,https://www.mof.go.jp/policy/international_policy/gaitame_kawase/gaitame/economic_sanctions/list.html,list.html,,,,,,0,0,,
2026-09-22T12:49:30Z,mof,list_file,unchanged,304,"""3225f7-65b083d71d440""","Wed, 09 Sep 2026 08:00:09 GMT",c46ccaf88a98ab9c4209c4032c91190fa740ac106767fe32331879d73de99d03,令和8年9月10日,https://www.mof.go.jp/policy/international_policy/gaitame_kawase/gaitame/economic_sanctions/shisantouketsu20260910.csv,https://www.mof.go.jp/policy/international_policy/gaitame_kawase/gaitame/economic_sanctions/shisantouketsu20260910.csv,shisantouketsu20260910.csv,,14743,,,,0,0,,
2026-09-22T12:49:30Z,meti,index_page,blocked,403,"W/""c3bb143a530e398af9a1c1a440f0189c""","Mon, 24 Aug 2026 07:11:49 GMT",,,https://www.meti.go.jp/policy/anpo/law09.html,https://www.meti.go.jp/policy/anpo/law09.html,,,,,,,1,0,HTTPError,403 Client Error: Forbidden for url: https://www.meti.go.jp/policy/anpo/law09.html
2026-09-22T18:46:51Z,mof,index_page,fetched,200,"""a251-65b083d534fc0""","Wed, 09 Sep 2026 08:00:07 GMT",4e12ecd61d49503064676b7807bd381b0cf500c4b288c2b2c744f64397fed0b5,令和8年9月10日,https://www.mof.go.jp/policy/international_policy/gaitame_kawase/gaitame/economic_sanctions/list.html,https://www.mof.go.jp/policy/international_policy/gaitame_kawase/gaitame/economic_sanctions/list.html,list.html,,,,,,0,0,,
2026-09-22T18:46:51Z,mof,list_file,unchanged,304,"""3225f7-65b083d71d440""","Wed, 09 Sep 2026 08:00:09 GMT",c46ccaf88a98ab9c4209c4032c91190fa740ac106767fe32331879d73de99d03,令和8年9月10日,https://www.mof.go.jp/policy/international_policy/gaitame_kawase/gaitame/economic_sanctions/shisantouketsu20260910.csv,https://www.mof.go.jp/policy/international_policy/gaitame_kawase/gaitame/economic_sanctions/shisantouketsu20260910.csv,shisantouketsu20260910.csv,,14743,,,,0,0,,
2026-09-22T18:46:51Z,meti,index_page,blocked,403,"W/""c3bb143a530e398af9a1c1a440f0189c""","Mon, 24 Aug 2026 07:11:49 GMT",,,https://www.meti.go.jp/policy/anpo/law09.html,https://www.meti.go.jp/policy/anpo/law09.html,,,,,,,1,0,HTTPError,403 Client Error: Forbidden for url: https://www.meti.go.jp/policy/anpo/law09.html
2026-09-23T00:48:33Z,mof,index_page,fetched,200,"""a251-65b083d534fc0""","Wed, 09 Sep 2026 08:00:07 GMT",7f7995fa12631e4bc3d0b2280f683310614cdb2e8820f2ba4fb7caa98cf29ca2,令和8年9月10日,https://www.mof.go.jp/policy/international_policy/gaitame_kawase/gaitame/economic_sanctions/list.html,https://www.mof.go.jp/policy/international_policy/gaitame_kawase/gaitame/economic_sanctions/list.html,list.html,,,,,,0,0,,
2026-09-23T00:48:33Z,mof,list_file,unchanged,304,"""3225f7-65b083d71d440""","Wed, 09 Sep 2026 08:00:09 GMT",c46ccaf88a98ab9c4209c4032c91190fa740ac106767fe32331879d73de99d03,令和8年9月10日,https://www.mof.go.jp/policy/international_policy/gaitame_kawase/gaitame/economic_sanctions/shisantouketsu20260910.csv,https://www.mof.go.jp/policy/international_policy/gaitame_kawase/gaitame/economic_sanctions/shisantouketsu20260910.csv,shisantouketsu20260910.csv,,14743,,,,0,0,,
2026-09-23T00:48:33Z,meti,index_page,blocked,403,"W/""c3bb143a530e398af9a1c1a440f0189c""","Mon, 24 Aug 2026 07:11:49 GMT",,,https://www.meti.go.jp/policy/anpo/law09.html,https://www.meti.go.jp/policy/anpo/law09.html,,,,,,,1,0,HTTPError,403 Client Error: Forbidden for url: https://www.meti.go.jp/policy/anpo/law09.html
2026-09-23T06:50:00Z,mof,index_page,fetched,200,"""a251-65b083d534fc0""","Wed, 09 Sep 2026 08:00:07 GMT",480963484bbe261fa6fe0c0fc59b7e805cbabac0d05ad354be4ab6e153a4b02f,令和8年9月10日,https://www.mof.go.jp/policy/international_policy/gaitame_kawase/gaitame/economic_sanctions/list.html,https://www.mof.go.jp/policy/international_policy/gaitame_kawase/gaitame/economic_sanctions/list.html,list.html,,,,,,0,0,,
2026-09-23T06:50:00Z,mof,list_file,unchanged,304,"""3225f7-65b083d71d440""","Wed, 09 Sep 2026 08:00:09 GMT",c46ccaf88a98ab9c4209c4032c91190fa740ac106767fe32331879d73de99d03,令和8年9月10日,https://www.mof.go.jp/policy/international_policy/gaitame_kawase/gaitame/economic_sanctions/shisantouketsu20260910.csv,https://www.mof.go.jp/policy/international_policy/gaitame_kawase/gaitame/economic_sanctions/shisantouketsu20260910.csv,shisantouketsu20260910.csv,,14743,,,,0,0,,
2026-09-23T06:50:00Z,meti,index_page,blocked,403,"W/""c3bb143a530e398af9a1c1a440f0189c""","Mon, 24 Aug 2026 07:11:49 GMT",,,https://www.meti.go.jp/policy/anpo/law09.html,https://www.meti.go.jp/policy/anpo/law09.html,,,,,,,1,0,HTTPError,403 Client Error: Forbidden for url: https://www.meti.go.jp/policy/anpo/law09.html
2026-09-23T12:49:56Z,mof,index_page,fetched,200,"""a251-65b083d534fc0""","Wed, 09 Sep 2026 08:00:07 GMT",6ff54d0ca3d4804261cd52a8f53559088a81ce4bd61b70ad154502becb549280,令和8年9月10日,https://www.mof.go.jp/policy/international_policy/gaitame_kawase/gaitame/economic_sanctions/list.html,https://www.mof.go.jp/policy/international_policy/gaitame_kawase/gaitame/economic_sanctions/list.html,list.html,,,,,,0,0,,
2026-09-23T12:49:56Z,mof,list_file,unchanged,304,"""3225f7-65b083d71d440""","Wed, 09 Sep 2026 08:00:09 GMT",c46ccaf88a98ab9c4209c4032c91190fa740ac106767fe32331879d73de99d03,令和8年9月10日,https://www.mof.go.jp/policy/international_policy/gaitame_kawase/gaitame/economic_sanctions/shisantouketsu20260910.csv,https://www.mof.go.jp/policy/international_policy/gaitame_kawase/gaitame/economic_sanctions/shisantouketsu20260910.csv,shisantouketsu20260910.csv,,14743,,,,0,0,,
2026-09-23T12:49:56Z,meti,index_page,blocked,403,"W/""c3bb143a530e398af9a1c1a440f0189c""","Mon, 24 Aug 2026 07:11:49 GMT",,,https://www.meti.go.jp/policy/anpo/law09.html,https://www.meti.go.jp/policy/anpo/law09.html,,,,,,,1,0,HTTPError,403 Client Error: Forbidden for url: https://www.meti.go.jp/policy/anpo/law09.html
